ISO-10303-21;
HEADER;
FILE_DESCRIPTION(('Open CASCADE Model'),'2;1');
FILE_NAME('Open CASCADE Shape Model','2026-10-03T06:42:18',('Author'),(
    'Open CASCADE'),'Open CASCADE STEP processor 7.9','Open CASCADE 7.9'
  ,'Unknown');
FILE_SCHEMA(('AUTOMOTIVE_DESIGN { 1 0 10303 214 1 1 1 1 }'));
ENDSEC;
DATA;
#1 = APPLICATION_PROTOCOL_DEFINITION('international standard',
  'automotive_design',2000,#2);
#2 = APPLICATION_CONTEXT(
  'core data for automotive mechanical design processes');
#3 = SHAPE_DEFINITION_REPRESENTATION(#4,#10);
#4 = PRODUCT_DEFINITION_SHAPE('','',#5);
#5 = PRODUCT_DEFINITION('design','',#6,#9);
#6 = PRODUCT_DEFINITION_FORMATION('','',#7);
#7 = PRODUCT('Open CASCADE STEP translator 7.9 3',
  'Open CASCADE STEP translator 7.9 3','',(#8));
#8 = PRODUCT_CONTEXT('',#2,'mechanical');
#9 = PRODUCT_DEFINITION_CONTEXT('part definition',#2,'design');
#10 = ADVANCED_BREP_SHAPE_REPRESENTATION('',(#11,#15),#2384);
#11 = AXIS2_PLACEMENT_3D('',#12,#13,#14);
#12 = CARTESIAN_POINT('',(0.,0.,0.));
#13 = DIRECTION('',(0.,0.,1.));
#14 = DIRECTION('',(1.,0.,-0.));
#15 = MANIFOLD_SOLID_BREP('',#16);
#16 = CLOSED_SHELL('',(#17,#342,#591,#874,#1130,#1185,#1240,#1295,#1350,
    #1404,#1459,#1514,#1569,#1871,#1899,#1931,#1963,#2013,#2063,#2067,
    #2071,#2075,#2079,#2114,#2118,#2122,#2130,#2138,#2147,#2182,#2237,
    #2292,#2327,#2357));
#17 = ADVANCED_FACE('',(#18,#105),#32,.T.);
#18 = FACE_BOUND('',#19,.F.);
#19 = EDGE_LOOP('',(#20,#50,#77,#78));
#20 = ORIENTED_EDGE('',*,*,#21,.T.);
#21 = EDGE_CURVE('',#22,#24,#26,.T.);
#22 = VERTEX_POINT('',#23);
#23 = CARTESIAN_POINT('',(31.,0.,65.));
#24 = VERTEX_POINT('',#25);
#25 = CARTESIAN_POINT('',(31.,0.,5.));
#26 = SEAM_CURVE('',#27,(#31,#43),.PCURVE_S1.);
#27 = LINE('',#28,#29);
#28 = CARTESIAN_POINT('',(31.,0.,65.));
#29 = VECTOR('',#30,1.);
#30 = DIRECTION('',(0.,0.,-1.));
#31 = PCURVE('',#32,#37);
#32 = CYLINDRICAL_SURFACE('',#33,31.);
#33 = AXIS2_PLACEMENT_3D('',#34,#35,#36);
#34 = CARTESIAN_POINT('',(0.,0.,5.));
#35 = DIRECTION('',(-0.,-0.,-1.));
#36 = DIRECTION('',(1.,0.,0.));
#37 = DEFINITIONAL_REPRESENTATION('',(#38),#42);
#38 = LINE('',#39,#40);
#39 = CARTESIAN_POINT('',(-6.28318530718,-60.));
#40 = VECTOR('',#41,1.);
#41 = DIRECTION('',(0.,1.));
#42 = ( GEOMETRIC_REPRESENTATION_CONTEXT(2) 
PARAMETRIC_REPRESENTATION_CONTEXT() REPRESENTATION_CONTEXT('2D SPACE',''
  ) );
#43 = PCURVE('',#32,#44);
#44 = DEFINITIONAL_REPRESENTATION('',(#45),#49);
#45 = LINE('',#46,#47);
#46 = CARTESIAN_POINT('',(-0.,-60.));
#47 = VECTOR('',#48,1.);
#48 = DIRECTION('',(0.,1.));
#49 = ( GEOMETRIC_REPRESENTATION_CONTEXT(2) 
PARAMETRIC_REPRESENTATION_CONTEXT() REPRESENTATION_CONTEXT('2D SPACE',''
  ) );
#50 = ORIENTED_EDGE('',*,*,#51,.F.);
#51 = EDGE_CURVE('',#24,#24,#52,.T.);
#52 = SURFACE_CURVE('',#53,(#58,#65),.PCURVE_S1.);
#53 = CIRCLE('',#54,31.);
#54 = AXIS2_PLACEMENT_3D('',#55,#56,#57);
#55 = CARTESIAN_POINT('',(0.,0.,5.));
#56 = DIRECTION('',(0.,0.,1.));
#57 = DIRECTION('',(1.,0.,0.));
#58 = PCURVE('',#32,#59);
#59 = DEFINITIONAL_REPRESENTATION('',(#60),#64);
#60 = LINE('',#61,#62);
#61 = CARTESIAN_POINT('',(-0.,0.));
#62 = VECTOR('',#63,1.);
#63 = DIRECTION('',(-1.,0.));
#64 = ( GEOMETRIC_REPRESENTATION_CONTEXT(2) 
PARAMETRIC_REPRESENTATION_CONTEXT() REPRESENTATION_CONTEXT('2D SPACE',''
  ) );
#65 = PCURVE('',#66,#71);
#66 = PLANE('',#67);
#67 = AXIS2_PLACEMENT_3D('',#68,#69,#70);
#68 = CARTESIAN_POINT('',(-1.411551104557E-15,1.557633849995E-15,5.));
#69 = DIRECTION('',(0.,0.,1.));
#70 = DIRECTION('',(1.,0.,-0.));
#71 = DEFINITIONAL_REPRESENTATION('',(#72),#76);
#72 = CIRCLE('',#73,31.);
#73 = AXIS2_PLACEMENT_2D('',#74,#75);
#74 = CARTESIAN_POINT('',(1.411551104557E-15,-1.557633849995E-15));
#75 = DIRECTION('',(1.,0.));
#76 = ( GEOMETRIC_REPRESENTATION_CONTEXT(2) 
PARAMETRIC_REPRESENTATION_CONTEXT() REPRESENTATION_CONTEXT('2D SPACE',''
  ) );
#77 = ORIENTED_EDGE('',*,*,#21,.F.);
#78 = ORIENTED_EDGE('',*,*,#79,.T.);
#79 = EDGE_CURVE('',#22,#22,#80,.T.);
#80 = SURFACE_CURVE('',#81,(#86,#93),.PCURVE_S1.);
#81 = CIRCLE('',#82,31.);
#82 = AXIS2_PLACEMENT_3D('',#83,#84,#85);
#83 = CARTESIAN_POINT('',(0.,0.,65.));
#84 = DIRECTION('',(0.,0.,1.));
#85 = DIRECTION('',(1.,0.,0.));
#86 = PCURVE('',#32,#87);
#87 = DEFINITIONAL_REPRESENTATION('',(#88),#92);
#88 = LINE('',#89,#90);
#89 = CARTESIAN_POINT('',(-0.,-60.));
#90 = VECTOR('',#91,1.);
#91 = DIRECTION('',(-1.,0.));
#92 = ( GEOMETRIC_REPRESENTATION_CONTEXT(2) 
PARAMETRIC_REPRESENTATION_CONTEXT() REPRESENTATION_CONTEXT('2D SPACE',''
  ) );
#93 = PCURVE('',#94,#99);
#94 = PLANE('',#95);
#95 = AXIS2_PLACEMENT_3D('',#96,#97,#98);
#96 = CARTESIAN_POINT('',(-1.411551104557E-15,1.557633849995E-15,65.));
#97 = DIRECTION('',(0.,0.,1.));
#98 = DIRECTION('',(1.,0.,-0.));
#99 = DEFINITIONAL_REPRESENTATION('',(#100),#104);
#100 = CIRCLE('',#101,31.);
#101 = AXIS2_PLACEMENT_2D('',#102,#103);
#102 = CARTESIAN_POINT('',(1.411551104557E-15,-1.557633849995E-15));
#103 = DIRECTION('',(1.,0.));
#104 = ( GEOMETRIC_REPRESENTATION_CONTEXT(2) 
PARAMETRIC_REPRESENTATION_CONTEXT() REPRESENTATION_CONTEXT('2D SPACE',''
  ) );
#105 = FACE_BOUND('',#106,.F.);
#106 = EDGE_LOOP('',(#107));
#107 = ORIENTED_EDGE('',*,*,#108,.T.);
#108 = EDGE_CURVE('',#109,#109,#111,.T.);
#109 = VERTEX_POINT('',#110);
#110 = CARTESIAN_POINT('',(23.,20.784609690827,14.));
#111 = SURFACE_CURVE('',#112,(#185,#261),.PCURVE_S1.);
#112 = B_SPLINE_CURVE_WITH_KNOTS('',8,(#113,#114,#115,#116,#117,#118,
    #119,#120,#121,#122,#123,#124,#125,#126,#127,#128,#129,#130,#131,
    #132,#133,#134,#135,#136,#137,#138,#139,#140,#141,#142,#143,#144,
    #145,#146,#147,#148,#149,#150,#151,#152,#153,#154,#155,#156,#157,
    #158,#159,#160,#161,#162,#163,#164,#165,#166,#167,#168,#169,#170,
    #171,#172,#173,#174,#175,#176,#177,#178,#179,#180,#181,#182,#183,
    #184),.UNSPECIFIED.,.T.,.F.,(9,7,7,7,7,7,7,7,7,7,9),(0.,
    0.136485479488,0.221413407767,0.294791012881,0.395682509837,
    0.500123318668,0.6045641275,0.705455624455,0.795189235747,
    0.863757350608,1.),.UNSPECIFIED.);
#113 = CARTESIAN_POINT('',(23.,20.784609690827,14.));
#114 = CARTESIAN_POINT('',(23.,20.784609690827,14.602220597755));
#115 = CARTESIAN_POINT('',(23.043725329528,20.736223423662,
    15.203451625365));
#116 = CARTESIAN_POINT('',(23.130924188784,20.639731479999,
    15.800174554856));
#117 = CARTESIAN_POINT('',(23.261638844541,20.493936650519,
    16.388652032054));
#118 = CARTESIAN_POINT('',(23.43601563769,20.296422310623,
    16.964225656543));
#119 = CARTESIAN_POINT('',(23.654019409728,20.043610661099,
    17.520799128079));
#120 = CARTESIAN_POINT('',(23.915013087352,19.730848969376,
    18.050101324239));
#121 = CARTESIAN_POINT('',(24.405175692648,19.117481536336,
    18.845364276314));
#122 = CARTESIAN_POINT('',(24.610409734543,18.85530509767,
    19.137359401315));
#123 = CARTESIAN_POINT('',(24.831918706387,18.565427508343,
    19.41166227537));
#124 = CARTESIAN_POINT('',(25.068252196976,18.247391023531,
    19.663517767569));
#125 = CARTESIAN_POINT('',(25.31749974494,17.90109357709,19.88806206945)
  );
#126 = CARTESIAN_POINT('',(25.577347289506,17.526859840454,
    20.080297830152));
#127 = CARTESIAN_POINT('',(25.845146294684,17.125565048568,
    20.235044947123));
#128 = CARTESIAN_POINT('',(26.353736899427,16.330097234827,
    20.443481112304));
#129 = CARTESIAN_POINT('',(26.591520895516,15.94507988786,
    20.507344064613));
#130 = CARTESIAN_POINT('',(26.827271801675,15.548581213169,
    20.534903580082));
#131 = CARTESIAN_POINT('',(27.057132175423,15.146032236221,
    20.524458196635));
#132 = CARTESIAN_POINT('',(27.277744955611,14.743305863455,
    20.476109527891));
#133 = CARTESIAN_POINT('',(27.486404618779,14.346477191491,
    20.39174502033));
#134 = CARTESIAN_POINT('',(27.681090584699,13.961533399214,
    20.275047374561));
#135 = CARTESIAN_POINT('',(28.106934452577,13.088785804408,
    19.934191277834));
#136 = CARTESIAN_POINT('',(28.324793659878,12.615720110827,
    19.685828144935));
#137 = CARTESIAN_POINT('',(28.515866169397,12.177849956584,
    19.395891527482));
#138 = CARTESIAN_POINT('',(28.682494166125,11.776963086039,
    19.072317897993));
#139 = CARTESIAN_POINT('',(28.827048432752,11.413915407917,
    18.721838781845));
#140 = CARTESIAN_POINT('',(28.951735358473,11.088872589083,
    18.350189953743));
#141 = CARTESIAN_POINT('',(29.05853455526,10.801503665217,
    17.962242520186));
#142 = CARTESIAN_POINT('',(29.242993111739,10.291906667266,
    17.147842605847));
#143 = CARTESIAN_POINT('',(29.319853750973,10.071335104989,
    16.71893172848));
#144 = CARTESIAN_POINT('',(29.381590367309,9.888716926467,16.27900059224
    ));
#145 = CARTESIAN_POINT('',(29.429616443603,9.743386028861,
    15.830937737177));
#146 = CARTESIAN_POINT('',(29.464964884879,9.634771416542,
    15.377092522628));
#147 = CARTESIAN_POINT('',(29.488314762528,9.562465790797,
    14.919464442777));
#148 = CARTESIAN_POINT('',(29.5,9.526279441629,14.459857552001));
#149 = CARTESIAN_POINT('',(29.5,9.526279441629,13.540142447999));
#150 = CARTESIAN_POINT('',(29.488314762528,9.562465790797,
    13.080535557223));
#151 = CARTESIAN_POINT('',(29.464964884879,9.634771416542,
    12.622907477373));
#152 = CARTESIAN_POINT('',(29.429616443603,9.743386028861,
    12.169062262823));
#153 = CARTESIAN_POINT('',(29.381590367309,9.888716926467,11.72099940776
    ));
#154 = CARTESIAN_POINT('',(29.319853750973,10.071335104989,
    11.28106827152));
#155 = CARTESIAN_POINT('',(29.242993111739,10.291906667266,
    10.852157394153));
#156 = CARTESIAN_POINT('',(29.05853455526,10.801503665216,
    10.037757479814));
#157 = CARTESIAN_POINT('',(28.951735358473,11.088872589084,
    9.649810046256));
#158 = CARTESIAN_POINT('',(28.827048432752,11.413915407916,
    9.278161218156));
#159 = CARTESIAN_POINT('',(28.682494166125,11.776963086039,
    8.927682102007));
#160 = CARTESIAN_POINT('',(28.515866169397,12.177849956585,
    8.604108472517));
#161 = CARTESIAN_POINT('',(28.324793659878,12.615720110826,
    8.314171855066));
#162 = CARTESIAN_POINT('',(28.106934452576,13.088785804408,
    8.065808722166));
#163 = CARTESIAN_POINT('',(27.641123058319,14.043445022579,
    7.692961616374));
#164 = CARTESIAN_POINT('',(27.39889732501,14.518855347302,7.557602618215
    ));
#165 = CARTESIAN_POINT('',(27.136300392461,15.010073531029,
    7.472433293674));
#166 = CARTESIAN_POINT('',(26.8572651942,15.506049289588,7.443391321716)
  );
#167 = CARTESIAN_POINT('',(26.567255186786,15.995688739062,
    7.472433293673));
#168 = CARTESIAN_POINT('',(26.273146227136,16.468713445496,
    7.557602618216));
#169 = CARTESIAN_POINT('',(25.982541675364,16.916192246346,
    7.692961616374));
#170 = CARTESIAN_POINT('',(25.489385106722,17.647584512342,
    8.002586833014));
#171 = CARTESIAN_POINT('',(25.28167319047,17.946011157822,8.160495481012
    ));
#172 = CARTESIAN_POINT('',(25.081094752826,18.225865819279,
    8.339316239685));
#173 = CARTESIAN_POINT('',(24.888732907502,18.487175554118,
    8.536377721375));
#174 = CARTESIAN_POINT('',(24.705502819091,18.730140944189,
    8.749194967314));
#175 = CARTESIAN_POINT('',(24.532145226946,18.955093810885,
    8.975447028997));
#176 = CARTESIAN_POINT('',(24.369229063121,19.162463531375,9.21295723252
    ));
#177 = CARTESIAN_POINT('',(23.915013091135,19.730848964643,
    9.949898669624));
#178 = CARTESIAN_POINT('',(23.65401940089,20.043610672043,
    10.479200892142));
#179 = CARTESIAN_POINT('',(23.436015644186,20.296422302677,
    11.035774319988));
#180 = CARTESIAN_POINT('',(23.261638847198,20.493936647203,
    11.611347968793));
#181 = CARTESIAN_POINT('',(23.130924182157,20.639731488113,
    12.199825468561));
#182 = CARTESIAN_POINT('',(23.04372533254,20.736223419993,
    12.796548352548));
#183 = CARTESIAN_POINT('',(23.,20.784609690827,13.39777940962));
#184 = CARTESIAN_POINT('',(23.,20.784609690827,14.));
#185 = PCURVE('',#32,#186);
#186 = DEFINITIONAL_REPRESENTATION('',(#187),#260);
#187 = B_SPLINE_CURVE_WITH_KNOTS('',8,(#188,#189,#190,#191,#192,#193,
    #194,#195,#196,#197,#198,#199,#200,#201,#202,#203,#204,#205,#206,
    #207,#208,#209,#210,#211,#212,#213,#214,#215,#216,#217,#218,#219,
    #220,#221,#222,#223,#224,#225,#226,#227,#228,#229,#230,#231,#232,
    #233,#234,#235,#236,#237,#238,#239,#240,#241,#242,#243,#244,#245,
    #246,#247,#248,#249,#250,#251,#252,#253,#254,#255,#256,#257,#258,
    #259),.UNSPECIFIED.,.T.,.F.,(9,7,7,7,7,7,7,7,7,7,9),(0.,
    0.136485479488,0.221413407767,0.294791012881,0.395682509837,
    0.500123318668,0.6045641275,0.705455624455,0.795189235747,
    0.863757350608,1.),.UNSPECIFIED.);
#188 = CARTESIAN_POINT('',(-0.73484380924,-9.));
#189 = CARTESIAN_POINT('',(-0.73484380924,-9.602220597755));
#190 = CARTESIAN_POINT('',(-0.732740068118,-10.20345162536));
#191 = CARTESIAN_POINT('',(-0.728544728335,-10.80017455485));
#192 = CARTESIAN_POINT('',(-0.722228278358,-11.38865203205));
#193 = CARTESIAN_POINT('',(-0.713729612952,-11.96422565654));
#194 = CARTESIAN_POINT('',(-0.702962789031,-12.52079912807));
#195 = CARTESIAN_POINT('',(-0.689825276835,-13.05010132423));
#196 = CARTESIAN_POINT('',(-0.664497478163,-13.84536427631));
#197 = CARTESIAN_POINT('',(-0.653757625216,-14.13735940131));
#198 = CARTESIAN_POINT('',(-0.641990507797,-14.41166227537));
#199 = CARTESIAN_POINT('',(-0.62921127324,-14.66351776756));
#200 = CARTESIAN_POINT('',(-0.615451325201,-14.88806206945));
#201 = CARTESIAN_POINT('',(-0.600758498827,-15.08029783015));
#202 = CARTESIAN_POINT('',(-0.585198741666,-15.23504494712));
#203 = CARTESIAN_POINT('',(-0.554742047073,-15.4434811123));
#204 = CARTESIAN_POINT('',(-0.540146217141,-15.50734406461));
#205 = CARTESIAN_POINT('',(-0.525269394143,-15.53490358008));
#206 = CARTESIAN_POINT('',(-0.510320689884,-15.52445819663));
#207 = CARTESIAN_POINT('',(-0.49551241077,-15.47610952789));
#208 = CARTESIAN_POINT('',(-0.481052784612,-15.39174502033));
#209 = CARTESIAN_POINT('',(-0.467138885451,-15.27504737456));
#210 = CARTESIAN_POINT('',(-0.435813142877,-14.93419127783));
#211 = CARTESIAN_POINT('',(-0.419016697864,-14.68582814493));
#212 = CARTESIAN_POINT('',(-0.403610414231,-14.39589152748));
#213 = CARTESIAN_POINT('',(-0.389609614593,-14.07231789799));
#214 = CARTESIAN_POINT('',(-0.37700635024,-13.72183878184));
#215 = CARTESIAN_POINT('',(-0.365777187275,-13.35018995374));
#216 = CARTESIAN_POINT('',(-0.355888093036,-12.96224252018));
#217 = CARTESIAN_POINT('',(-0.338405708282,-12.14784260584));
#218 = CARTESIAN_POINT('',(-0.330871422639,-11.71893172848));
#219 = CARTESIAN_POINT('',(-0.324653345252,-11.27900059224));
#220 = CARTESIAN_POINT('',(-0.31971600576,-10.83093773717));
#221 = CARTESIAN_POINT('',(-0.316031433031,-10.37709252262));
#222 = CARTESIAN_POINT('',(-0.3135804003,-9.919464442777));
#223 = CARTESIAN_POINT('',(-0.312353741957,-9.459857552001));
#224 = CARTESIAN_POINT('',(-0.312353741957,-8.540142447999));
#225 = CARTESIAN_POINT('',(-0.3135804003,-8.080535557223));
#226 = CARTESIAN_POINT('',(-0.316031433031,-7.622907477373));
#227 = CARTESIAN_POINT('',(-0.31971600576,-7.169062262823));
#228 = CARTESIAN_POINT('',(-0.324653345252,-6.72099940776));
#229 = CARTESIAN_POINT('',(-0.330871422639,-6.28106827152));
#230 = CARTESIAN_POINT('',(-0.338405708282,-5.852157394153));
#231 = CARTESIAN_POINT('',(-0.355888093036,-5.037757479814));
#232 = CARTESIAN_POINT('',(-0.365777187275,-4.649810046256));
#233 = CARTESIAN_POINT('',(-0.37700635024,-4.278161218156));
#234 = CARTESIAN_POINT('',(-0.389609614593,-3.927682102007));
#235 = CARTESIAN_POINT('',(-0.403610414231,-3.604108472517));
#236 = CARTESIAN_POINT('',(-0.419016697864,-3.314171855066));
#237 = CARTESIAN_POINT('',(-0.435813142877,-3.065808722166));
#238 = CARTESIAN_POINT('',(-0.470078959354,-2.692961616374));
#239 = CARTESIAN_POINT('',(-0.487288061711,-2.557602618213));
#240 = CARTESIAN_POINT('',(-0.505250029289,-2.472433293679));
#241 = CARTESIAN_POINT('',(-0.523598775599,-2.443391321709));
#242 = CARTESIAN_POINT('',(-0.541947521906,-2.472433293678));
#243 = CARTESIAN_POINT('',(-0.559909489485,-2.557602618214));
#244 = CARTESIAN_POINT('',(-0.577118591843,-2.692961616374));
#245 = CARTESIAN_POINT('',(-0.605574118747,-3.002586833014));
#246 = CARTESIAN_POINT('',(-0.617301762931,-3.160495481012));
#247 = CARTESIAN_POINT('',(-0.628406896898,-3.339316239685));
#248 = CARTESIAN_POINT('',(-0.638872378296,-3.536377721375));
#249 = CARTESIAN_POINT('',(-0.648687737133,-3.749194967314));
#250 = CARTESIAN_POINT('',(-0.657848386324,-3.975447028997));
#251 = CARTESIAN_POINT('',(-0.66635492095,-4.21295723252));
#252 = CARTESIAN_POINT('',(-0.68982527664,-4.949898669624));
#253 = CARTESIAN_POINT('',(-0.702962789484,-5.479200892142));
#254 = CARTESIAN_POINT('',(-0.713729612621,-6.035774319988));
#255 = CARTESIAN_POINT('',(-0.722228278221,-6.611347968793));
#256 = CARTESIAN_POINT('',(-0.728544728673,-7.199825468561));
#257 = CARTESIAN_POINT('',(-0.732740067965,-7.796548352548));
#258 = CARTESIAN_POINT('',(-0.73484380924,-8.39777940962));
#259 = CARTESIAN_POINT('',(-0.73484380924,-9.));
#260 = ( GEOMETRIC_REPRESENTATION_CONTEXT(2) 
PARAMETRIC_REPRESENTATION_CONTEXT() REPRESENTATION_CONTEXT('2D SPACE',''
  ) );
#261 = PCURVE('',#262,#267);
#262 = CYLINDRICAL_SURFACE('',#263,6.5);
#263 = AXIS2_PLACEMENT_3D('',#264,#265,#266);
#264 = CARTESIAN_POINT('',(22.516660498395,13.,14.));
#265 = DIRECTION('',(0.866025403784,0.5,0.));
#266 = DIRECTION('',(-0.5,0.866025403784,0.));
#267 = DEFINITIONAL_REPRESENTATION('',(#268),#341);
#268 = B_SPLINE_CURVE_WITH_KNOTS('',8,(#269,#270,#271,#272,#273,#274,
    #275,#276,#277,#278,#279,#280,#281,#282,#283,#284,#285,#286,#287,
    #288,#289,#290,#291,#292,#293,#294,#295,#296,#297,#298,#299,#300,
    #301,#302,#303,#304,#305,#306,#307,#308,#309,#310,#311,#312,#313,
    #314,#315,#316,#317,#318,#319,#320,#321,#322,#323,#324,#325,#326,
    #327,#328,#329,#330,#331,#332,#333,#334,#335,#336,#337,#338,#339,
    #340),.UNSPECIFIED.,.F.,.F.,(9,7,7,7,7,7,7,7,7,7,9),(0.,
    0.136485479488,0.221413407767,0.294791012881,0.395682509837,
    0.500123318668,0.6045641275,0.705455624455,0.795189235747,
    0.863757350608,1.),.UNSPECIFIED.);
#269 = CARTESIAN_POINT('',(0.,4.310889132455));
#270 = CARTESIAN_POINT('',(9.264932273153E-02,4.310889132455));
#271 = CARTESIAN_POINT('',(0.185146207377,4.324563245034));
#272 = CARTESIAN_POINT('',(0.278162339343,4.351833700499));
#273 = CARTESIAN_POINT('',(0.372315247192,4.392138498291));
#274 = CARTESIAN_POINT('',(0.468220445803,4.44439606104));
#275 = CARTESIAN_POINT('',(0.566519079749,4.506787040984));
#276 = CARTESIAN_POINT('',(0.667922488462,4.576433350173));
#277 = CARTESIAN_POINT('',(0.838895551846,4.694242901823));
#278 = CARTESIAN_POINT('',(0.906469437861,4.740892576493));
#279 = CARTESIAN_POINT('',(0.975976964921,4.787786178613));
#280 = CARTESIAN_POINT('',(1.047400593513,4.833438742822));
#281 = CARTESIAN_POINT('',(1.120760845725,4.876144727969));
#282 = CARTESIAN_POINT('',(1.196117537917,4.914062434356));
#283 = CARTESIAN_POINT('',(1.273576452774,4.945335780006));
#284 = CARTESIAN_POINT('',(1.422183731786,4.988054256969));
#285 = CARTESIAN_POINT('',(1.492253111288,5.001472564712));
#286 = CARTESIAN_POINT('',(1.562956371561,5.007389501065));
#287 = CARTESIAN_POINT('',(1.633810723077,5.005179935581));
#288 = CARTESIAN_POINT('',(1.704359243635,4.99487302124));
#289 = CARTESIAN_POINT('',(1.774130673695,4.977163254306));
#290 = CARTESIAN_POINT('',(1.842596928738,4.953294350414));
#291 = CARTESIAN_POINT('',(2.000590778543,4.885712160639));
#292 = CARTESIAN_POINT('',(2.088537165459,4.83785092182));
#293 = CARTESIAN_POINT('',(2.173404736043,4.784389491907));
#294 = CARTESIAN_POINT('',(2.255524930882,4.728250134783));
#295 = CARTESIAN_POINT('',(2.33517580883,4.671913962846));
#296 = CARTESIAN_POINT('',(2.41259937297,4.617374598623));
#297 = CARTESIAN_POINT('',(2.488007437936,4.566180954211));
#298 = CARTESIAN_POINT('',(2.637794368539,4.471128251093));
#299 = CARTESIAN_POINT('',(2.712335264332,4.427405736082));
#300 = CARTESIAN_POINT('',(2.785557980187,4.389562124911));
#301 = CARTESIAN_POINT('',(2.857754089182,4.358488478223));
#302 = CARTESIAN_POINT('',(2.929193249626,4.334793820193));
#303 = CARTESIAN_POINT('',(3.000136210921,4.318862594539));
#304 = CARTESIAN_POINT('',(3.070845337897,4.310889132455));
#305 = CARTESIAN_POINT('',(3.212339969282,4.310889132455));
#306 = CARTESIAN_POINT('',(3.283049096258,4.318862594539));
#307 = CARTESIAN_POINT('',(3.353992057554,4.334793820193));
#308 = CARTESIAN_POINT('',(3.425431217997,4.358488478223));
#309 = CARTESIAN_POINT('',(3.497627326993,4.389562124911));
#310 = CARTESIAN_POINT('',(3.570850042847,4.427405736082));
#311 = CARTESIAN_POINT('',(3.64539093864,4.471128251093));
#312 = CARTESIAN_POINT('',(3.795177869243,4.566180954211));
#313 = CARTESIAN_POINT('',(3.87058593421,4.617374598624));
#314 = CARTESIAN_POINT('',(3.948009498349,4.671913962846));
#315 = CARTESIAN_POINT('',(4.027660376298,4.728250134783));
#316 = CARTESIAN_POINT('',(4.109780571137,4.784389491907));
#317 = CARTESIAN_POINT('',(4.194648141721,4.83785092182));
#318 = CARTESIAN_POINT('',(4.282594528636,4.885712160639));
#319 = CARTESIAN_POINT('',(4.455416872724,4.959637268926));
#320 = CARTESIAN_POINT('',(4.539655660009,4.987568792791));
#321 = CARTESIAN_POINT('',(4.625616702154,5.005762270113));
#322 = CARTESIAN_POINT('',(4.712388980388,5.012098579145));
#323 = CARTESIAN_POINT('',(4.799161258611,5.005762270113));
#324 = CARTESIAN_POINT('',(4.885122300762,4.98756879279));
#325 = CARTESIAN_POINT('',(4.969361088046,4.959637268926));
#326 = CARTESIAN_POINT('',(5.11287877907,4.898247285437));
#327 = CARTESIAN_POINT('',(5.173520994962,4.867576812034));
#328 = CARTESIAN_POINT('',(5.232745042809,4.833798120311));
#329 = CARTESIAN_POINT('',(5.290630784781,4.797862742961));
#330 = CARTESIAN_POINT('',(5.347241333783,4.760663526696));
#331 = CARTESIAN_POINT('',(5.4026273593,4.723007881307));
#332 = CARTESIAN_POINT('',(5.45682825848,4.685603204992));
#333 = CARTESIAN_POINT('',(5.615262817398,4.576433351082));
#334 = CARTESIAN_POINT('',(5.716666231362,4.506787038802));
#335 = CARTESIAN_POINT('',(5.814964857214,4.444396062693));
#336 = CARTESIAN_POINT('',(5.910870059857,4.392138498934));
#337 = CARTESIAN_POINT('',(6.005022972006,4.351833698816));
#338 = CARTESIAN_POINT('',(6.098039096158,4.324563245808));
#339 = CARTESIAN_POINT('',(6.190535985583,4.310889132455));
#340 = CARTESIAN_POINT('',(6.28318530718,4.310889132455));
#341 = ( GEOMETRIC_REPRESENTATION_CONTEXT(2) 
PARAMETRIC_REPRESENTATION_CONTEXT() REPRESENTATION_CONTEXT('2D SPACE',''
  ) );
#342 = ADVANCED_FACE('',(#343,#346,#381,#416,#451,#486,#521,#556),#94,
  .T.);
#343 = FACE_BOUND('',#344,.T.);
#344 = EDGE_LOOP('',(#345));
#345 = ORIENTED_EDGE('',*,*,#79,.T.);
#346 = FACE_BOUND('',#347,.T.);
#347 = EDGE_LOOP('',(#348));
#348 = ORIENTED_EDGE('',*,*,#349,.T.);
#349 = EDGE_CURVE('',#350,#350,#352,.T.);
#350 = VERTEX_POINT('',#351);
#351 = CARTESIAN_POINT('',(1.3,-23.5,65.));
#352 = SURFACE_CURVE('',#353,(#358,#369),.PCURVE_S1.);
#353 = CIRCLE('',#354,1.3);
#354 = AXIS2_PLACEMENT_3D('',#355,#356,#357);
#355 = CARTESIAN_POINT('',(-4.316879966994E-15,-23.5,65.));
#356 = DIRECTION('',(0.,0.,-1.));
#357 = DIRECTION('',(1.,0.,0.));
#358 = PCURVE('',#94,#359);
#359 = DEFINITIONAL_REPRESENTATION('',(#360),#368);
#360 = ( BOUNDED_CURVE() B_SPLINE_CURVE(2,(#361,#362,#363,#364,#365,#366
,#367),.UNSPECIFIED.,.T.,.F.) B_SPLINE_CURVE_WITH_KNOTS((1,2,2,2,2,1),(
    -2.094395102393,0.,2.094395102393,4.188790204786,6.28318530718,
8.377580409573),.UNSPECIFIED.) CURVE() GEOMETRIC_REPRESENTATION_ITEM() 
RATIONAL_B_SPLINE_CURVE((1.,0.5,1.,0.5,1.,0.5,1.)) REPRESENTATION_ITEM(
  '') );
#361 = CARTESIAN_POINT('',(1.3,-23.5));
#362 = CARTESIAN_POINT('',(1.3,-25.75166604984));
#363 = CARTESIAN_POINT('',(-0.65,-24.62583302492));
#364 = CARTESIAN_POINT('',(-2.6,-23.5));
#365 = CARTESIAN_POINT('',(-0.65,-22.37416697508));
#366 = CARTESIAN_POINT('',(1.3,-21.24833395016));
#367 = CARTESIAN_POINT('',(1.3,-23.5));
#368 = ( GEOMETRIC_REPRESENTATION_CONTEXT(2) 
PARAMETRIC_REPRESENTATION_CONTEXT() REPRESENTATION_CONTEXT('2D SPACE',''
  ) );
#369 = PCURVE('',#370,#375);
#370 = CYLINDRICAL_SURFACE('',#371,1.3);
#371 = AXIS2_PLACEMENT_3D('',#372,#373,#374);
#372 = CARTESIAN_POINT('',(-4.316879966994E-15,-23.5,59.));
#373 = DIRECTION('',(-0.,-0.,-1.));
#374 = DIRECTION('',(1.,0.,0.));
#375 = DEFINITIONAL_REPRESENTATION('',(#376),#380);
#376 = LINE('',#377,#378);
#377 = CARTESIAN_POINT('',(-6.28318530718,-6.));
#378 = VECTOR('',#379,1.);
#379 = DIRECTION('',(1.,-0.));
#380 = ( GEOMETRIC_REPRESENTATION_CONTEXT(2) 
PARAMETRIC_REPRESENTATION_CONTEXT() REPRESENTATION_CONTEXT('2D SPACE',''
  ) );
#381 = FACE_BOUND('',#382,.T.);
#382 = EDGE_LOOP('',(#383));
#383 = ORIENTED_EDGE('',*,*,#384,.T.);
#384 = EDGE_CURVE('',#385,#385,#387,.T.);
#385 = VERTEX_POINT('',#386);
#386 = CARTESIAN_POINT('',(-19.05159698893,-11.75,65.));
#387 = SURFACE_CURVE('',#388,(#393,#404),.PCURVE_S1.);
#388 = CIRCLE('',#389,1.3);
#389 = AXIS2_PLACEMENT_3D('',#390,#391,#392);
#390 = CARTESIAN_POINT('',(-20.35159698893,-11.75,65.));
#391 = DIRECTION('',(0.,0.,-1.));
#392 = DIRECTION('',(1.,0.,0.));
#393 = PCURVE('',#94,#394);
#394 = DEFINITIONAL_REPRESENTATION('',(#395),#403);
#395 = ( BOUNDED_CURVE() B_SPLINE_CURVE(2,(#396,#397,#398,#399,#400,#401
,#402),.UNSPECIFIED.,.T.,.F.) B_SPLINE_CURVE_WITH_KNOTS((1,2,2,2,2,1),(
    -2.094395102393,0.,2.094395102393,4.188790204786,6.28318530718,
8.377580409573),.UNSPECIFIED.) CURVE() GEOMETRIC_REPRESENTATION_ITEM() 
RATIONAL_B_SPLINE_CURVE((1.,0.5,1.,0.5,1.,0.5,1.)) REPRESENTATION_ITEM(
  '') );
#396 = CARTESIAN_POINT('',(-19.05159698893,-11.75));
#397 = CARTESIAN_POINT('',(-19.05159698893,-14.00166604984));
#398 = CARTESIAN_POINT('',(-21.00159698893,-12.87583302492));
#399 = CARTESIAN_POINT('',(-22.95159698893,-11.75));
#400 = CARTESIAN_POINT('',(-21.00159698893,-10.62416697508));
#401 = CARTESIAN_POINT('',(-19.05159698893,-9.49833395016));
#402 = CARTESIAN_POINT('',(-19.05159698893,-11.75));
#403 = ( GEOMETRIC_REPRESENTATION_CONTEXT(2) 
PARAMETRIC_REPRESENTATION_CONTEXT() REPRESENTATION_CONTEXT('2D SPACE',''
  ) );
#404 = PCURVE('',#405,#410);
#405 = CYLINDRICAL_SURFACE('',#406,1.3);
#406 = AXIS2_PLACEMENT_3D('',#407,#408,#409);
#407 = CARTESIAN_POINT('',(-20.35159698893,-11.75,59.));
#408 = DIRECTION('',(-0.,-0.,-1.));
#409 = DIRECTION('',(1.,0.,0.));
#410 = DEFINITIONAL_REPRESENTATION('',(#411),#415);
#411 = LINE('',#412,#413);
#412 = CARTESIAN_POINT('',(-6.28318530718,-6.));
#413 = VECTOR('',#414,1.);
#414 = DIRECTION('',(1.,-0.));
#415 = ( GEOMETRIC_REPRESENTATION_CONTEXT(2) 
PARAMETRIC_REPRESENTATION_CONTEXT() REPRESENTATION_CONTEXT('2D SPACE',''
  ) );
#416 = FACE_BOUND('',#417,.T.);
#417 = EDGE_LOOP('',(#418));
#418 = ORIENTED_EDGE('',*,*,#419,.T.);
#419 = EDGE_CURVE('',#420,#420,#422,.T.);
#420 = VERTEX_POINT('',#421);
#421 = CARTESIAN_POINT('',(21.651596988934,-11.75,65.));
#422 = SURFACE_CURVE('',#423,(#428,#439),.PCURVE_S1.);
#423 = CIRCLE('',#424,1.3);
#424 = AXIS2_PLACEMENT_3D('',#425,#426,#427);
#425 = CARTESIAN_POINT('',(20.351596988934,-11.75,65.));
#426 = DIRECTION('',(0.,0.,-1.));
#427 = DIRECTION('',(1.,0.,0.));
#428 = PCURVE('',#94,#429);
#429 = DEFINITIONAL_REPRESENTATION('',(#430),#438);
#430 = ( BOUNDED_CURVE() B_SPLINE_CURVE(2,(#431,#432,#433,#434,#435,#436
,#437),.UNSPECIFIED.,.T.,.F.) B_SPLINE_CURVE_WITH_KNOTS((1,2,2,2,2,1),(
    -2.094395102393,0.,2.094395102393,4.188790204786,6.28318530718,
8.377580409573),.UNSPECIFIED.) CURVE() GEOMETRIC_REPRESENTATION_ITEM() 
RATIONAL_B_SPLINE_CURVE((1.,0.5,1.,0.5,1.,0.5,1.)) REPRESENTATION_ITEM(
  '') );
#431 = CARTESIAN_POINT('',(21.651596988934,-11.75));
#432 = CARTESIAN_POINT('',(21.651596988934,-14.00166604984));
#433 = CARTESIAN_POINT('',(19.701596988934,-12.87583302492));
#434 = CARTESIAN_POINT('',(17.751596988934,-11.75));
#435 = CARTESIAN_POINT('',(19.701596988934,-10.62416697508));
#436 = CARTESIAN_POINT('',(21.651596988934,-9.49833395016));
#437 = CARTESIAN_POINT('',(21.651596988934,-11.75));
#438 = ( GEOMETRIC_REPRESENTATION_CONTEXT(2) 
PARAMETRIC_REPRESENTATION_CONTEXT() REPRESENTATION_CONTEXT('2D SPACE',''
  ) );
#439 = PCURVE('',#440,#445);
#440 = CYLINDRICAL_SURFACE('',#441,1.3);
#441 = AXIS2_PLACEMENT_3D('',#442,#443,#444);
#442 = CARTESIAN_POINT('',(20.351596988934,-11.75,59.));
#443 = DIRECTION('',(-0.,-0.,-1.));
#444 = DIRECTION('',(1.,0.,0.));
#445 = DEFINITIONAL_REPRESENTATION('',(#446),#450);
#446 = LINE('',#447,#448);
#447 = CARTESIAN_POINT('',(-6.28318530718,-6.));
#448 = VECTOR('',#449,1.);
#449 = DIRECTION('',(1.,-0.));
#450 = ( GEOMETRIC_REPRESENTATION_CONTEXT(2) 
PARAMETRIC_REPRESENTATION_CONTEXT() REPRESENTATION_CONTEXT('2D SPACE',''
  ) );
#451 = FACE_BOUND('',#452,.T.);
#452 = EDGE_LOOP('',(#453));
#453 = ORIENTED_EDGE('',*,*,#454,.T.);
#454 = EDGE_CURVE('',#455,#455,#457,.T.);
#455 = VERTEX_POINT('',#456);
#456 = CARTESIAN_POINT('',(-19.05159698893,11.75,65.));
#457 = SURFACE_CURVE('',#458,(#463,#474),.PCURVE_S1.);
#458 = CIRCLE('',#459,1.3);
#459 = AXIS2_PLACEMENT_3D('',#460,#461,#462);
#460 = CARTESIAN_POINT('',(-20.35159698893,11.75,65.));
#461 = DIRECTION('',(0.,0.,-1.));
#462 = DIRECTION('',(1.,0.,0.));
#463 = PCURVE('',#94,#464);
#464 = DEFINITIONAL_REPRESENTATION('',(#465),#473);
#465 = ( BOUNDED_CURVE() B_SPLINE_CURVE(2,(#466,#467,#468,#469,#470,#471
,#472),.UNSPECIFIED.,.T.,.F.) B_SPLINE_CURVE_WITH_KNOTS((1,2,2,2,2,1),(
    -2.094395102393,0.,2.094395102393,4.188790204786,6.28318530718,
8.377580409573),.UNSPECIFIED.) CURVE() GEOMETRIC_REPRESENTATION_ITEM() 
RATIONAL_B_SPLINE_CURVE((1.,0.5,1.,0.5,1.,0.5,1.)) REPRESENTATION_ITEM(
  '') );
#466 = CARTESIAN_POINT('',(-19.05159698893,11.75));
#467 = CARTESIAN_POINT('',(-19.05159698893,9.49833395016));
#468 = CARTESIAN_POINT('',(-21.00159698893,10.62416697508));
#469 = CARTESIAN_POINT('',(-22.95159698893,11.75));
#470 = CARTESIAN_POINT('',(-21.00159698893,12.87583302492));
#471 = CARTESIAN_POINT('',(-19.05159698893,14.00166604984));
#472 = CARTESIAN_POINT('',(-19.05159698893,11.75));
#473 = ( GEOMETRIC_REPRESENTATION_CONTEXT(2) 
PARAMETRIC_REPRESENTATION_CONTEXT() REPRESENTATION_CONTEXT('2D SPACE',''
  ) );
#474 = PCURVE('',#475,#480);
#475 = CYLINDRICAL_SURFACE('',#476,1.3);
#476 = AXIS2_PLACEMENT_3D('',#477,#478,#479);
#477 = CARTESIAN_POINT('',(-20.35159698893,11.75,59.));
#478 = DIRECTION('',(-0.,-0.,-1.));
#479 = DIRECTION('',(1.,0.,0.));
#480 = DEFINITIONAL_REPRESENTATION('',(#481),#485);
#481 = LINE('',#482,#483);
#482 = CARTESIAN_POINT('',(-6.28318530718,-6.));
#483 = VECTOR('',#484,1.);
#484 = DIRECTION('',(1.,-0.));
#485 = ( GEOMETRIC_REPRESENTATION_CONTEXT(2) 
PARAMETRIC_REPRESENTATION_CONTEXT() REPRESENTATION_CONTEXT('2D SPACE',''
  ) );
#486 = FACE_BOUND('',#487,.T.);
#487 = EDGE_LOOP('',(#488));
#488 = ORIENTED_EDGE('',*,*,#489,.T.);
#489 = EDGE_CURVE('',#490,#490,#492,.T.);
#490 = VERTEX_POINT('',#491);
#491 = CARTESIAN_POINT('',(21.,0.,65.));
#492 = SURFACE_CURVE('',#493,(#498,#509),.PCURVE_S1.);
#493 = CIRCLE('',#494,21.);
#494 = AXIS2_PLACEMENT_3D('',#495,#496,#497);
#495 = CARTESIAN_POINT('',(0.,0.,65.));
#496 = DIRECTION('',(0.,0.,-1.));
#497 = DIRECTION('',(1.,0.,0.));
#498 = PCURVE('',#94,#499);
#499 = DEFINITIONAL_REPRESENTATION('',(#500),#508);
#500 = ( BOUNDED_CURVE() B_SPLINE_CURVE(2,(#501,#502,#503,#504,#505,#506
,#507),.UNSPECIFIED.,.T.,.F.) B_SPLINE_CURVE_WITH_KNOTS((1,2,2,2,2,1),(
    -2.094395102393,0.,2.094395102393,4.188790204786,6.28318530718,
8.377580409573),.UNSPECIFIED.) CURVE() GEOMETRIC_REPRESENTATION_ITEM() 
RATIONAL_B_SPLINE_CURVE((1.,0.5,1.,0.5,1.,0.5,1.)) REPRESENTATION_ITEM(
  '') );
#501 = CARTESIAN_POINT('',(21.,-1.557633849995E-15));
#502 = CARTESIAN_POINT('',(21.,-36.37306695894));
#503 = CARTESIAN_POINT('',(-10.5,-18.18653347947));
#504 = CARTESIAN_POINT('',(-42.,-6.701150406414E-15));
#505 = CARTESIAN_POINT('',(-10.5,18.186533479473));
#506 = CARTESIAN_POINT('',(21.,36.373066958946));
#507 = CARTESIAN_POINT('',(21.,-1.557633849995E-15));
#508 = ( GEOMETRIC_REPRESENTATION_CONTEXT(2) 
PARAMETRIC_REPRESENTATION_CONTEXT() REPRESENTATION_CONTEXT('2D SPACE',''
  ) );
#509 = PCURVE('',#510,#515);
#510 = CYLINDRICAL_SURFACE('',#511,21.);
#511 = AXIS2_PLACEMENT_3D('',#512,#513,#514);
#512 = CARTESIAN_POINT('',(0.,0.,58.));
#513 = DIRECTION('',(-0.,-0.,-1.));
#514 = DIRECTION('',(1.,0.,0.));
#515 = DEFINITIONAL_REPRESENTATION('',(#516),#520);
#516 = LINE('',#517,#518);
#517 = CARTESIAN_POINT('',(-6.28318530718,-7.));
#518 = VECTOR('',#519,1.);
#519 = DIRECTION('',(1.,-0.));
#520 = ( GEOMETRIC_REPRESENTATION_CONTEXT(2) 
PARAMETRIC_REPRESENTATION_CONTEXT() REPRESENTATION_CONTEXT('2D SPACE',''
  ) );
#521 = FACE_BOUND('',#522,.T.);
#522 = EDGE_LOOP('',(#523));
#523 = ORIENTED_EDGE('',*,*,#524,.T.);
#524 = EDGE_CURVE('',#525,#525,#527,.T.);
#525 = VERTEX_POINT('',#526);
#526 = CARTESIAN_POINT('',(21.651596988934,11.75,65.));
#527 = SURFACE_CURVE('',#528,(#533,#544),.PCURVE_S1.);
#528 = CIRCLE('',#529,1.3);
#529 = AXIS2_PLACEMENT_3D('',#530,#531,#532);
#530 = CARTESIAN_POINT('',(20.351596988934,11.75,65.));
#531 = DIRECTION('',(0.,0.,-1.));
#532 = DIRECTION('',(1.,0.,0.));
#533 = PCURVE('',#94,#534);
#534 = DEFINITIONAL_REPRESENTATION('',(#535),#543);
#535 = ( BOUNDED_CURVE() B_SPLINE_CURVE(2,(#536,#537,#538,#539,#540,#541
,#542),.UNSPECIFIED.,.T.,.F.) B_SPLINE_CURVE_WITH_KNOTS((1,2,2,2,2,1),(
    -2.094395102393,0.,2.094395102393,4.188790204786,6.28318530718,
8.377580409573),.UNSPECIFIED.) CURVE() GEOMETRIC_REPRESENTATION_ITEM() 
RATIONAL_B_SPLINE_CURVE((1.,0.5,1.,0.5,1.,0.5,1.)) REPRESENTATION_ITEM(
  '') );
#536 = CARTESIAN_POINT('',(21.651596988934,11.75));
#537 = CARTESIAN_POINT('',(21.651596988934,9.49833395016));
#538 = CARTESIAN_POINT('',(19.701596988934,10.62416697508));
#539 = CARTESIAN_POINT('',(17.751596988934,11.75));
#540 = CARTESIAN_POINT('',(19.701596988934,12.87583302492));
#541 = CARTESIAN_POINT('',(21.651596988934,14.00166604984));
#542 = CARTESIAN_POINT('',(21.651596988934,11.75));
#543 = ( GEOMETRIC_REPRESENTATION_CONTEXT(2) 
PARAMETRIC_REPRESENTATION_CONTEXT() REPRESENTATION_CONTEXT('2D SPACE',''
  ) );
#544 = PCURVE('',#545,#550);
#545 = CYLINDRICAL_SURFACE('',#546,1.3);
#546 = AXIS2_PLACEMENT_3D('',#547,#548,#549);
#547 = CARTESIAN_POINT('',(20.351596988934,11.75,59.));
#548 = DIRECTION('',(-0.,-0.,-1.));
#549 = DIRECTION('',(1.,0.,0.));
#550 = DEFINITIONAL_REPRESENTATION('',(#551),#555);
#551 = LINE('',#552,#553);
#552 = CARTESIAN_POINT('',(-6.28318530718,-6.));
#553 = VECTOR('',#554,1.);
#554 = DIRECTION('',(1.,-0.));
#555 = ( GEOMETRIC_REPRESENTATION_CONTEXT(2) 
PARAMETRIC_REPRESENTATION_CONTEXT() REPRESENTATION_CONTEXT('2D SPACE',''
  ) );
#556 = FACE_BOUND('',#557,.T.);
#557 = EDGE_LOOP('',(#558));
#558 = ORIENTED_EDGE('',*,*,#559,.T.);
#559 = EDGE_CURVE('',#560,#560,#562,.T.);
#560 = VERTEX_POINT('',#561);
#561 = CARTESIAN_POINT('',(1.3,23.5,65.));
#562 = SURFACE_CURVE('',#563,(#568,#579),.PCURVE_S1.);
#563 = CIRCLE('',#564,1.3);
#564 = AXIS2_PLACEMENT_3D('',#565,#566,#567);
#565 = CARTESIAN_POINT('',(1.438959988998E-15,23.5,65.));
#566 = DIRECTION('',(0.,0.,-1.));
#567 = DIRECTION('',(1.,0.,0.));
#568 = PCURVE('',#94,#569);
#569 = DEFINITIONAL_REPRESENTATION('',(#570),#578);
#570 = ( BOUNDED_CURVE() B_SPLINE_CURVE(2,(#571,#572,#573,#574,#575,#576
,#577),.UNSPECIFIED.,.T.,.F.) B_SPLINE_CURVE_WITH_KNOTS((1,2,2,2,2,1),(
    -2.094395102393,0.,2.094395102393,4.188790204786,6.28318530718,
8.377580409573),.UNSPECIFIED.) CURVE() GEOMETRIC_REPRESENTATION_ITEM() 
RATIONAL_B_SPLINE_CURVE((1.,0.5,1.,0.5,1.,0.5,1.)) REPRESENTATION_ITEM(
  '') );
#571 = CARTESIAN_POINT('',(1.3,23.5));
#572 = CARTESIAN_POINT('',(1.3,21.24833395016));
#573 = CARTESIAN_POINT('',(-0.65,22.37416697508));
#574 = CARTESIAN_POINT('',(-2.6,23.5));
#575 = CARTESIAN_POINT('',(-0.65,24.62583302492));
#576 = CARTESIAN_POINT('',(1.3,25.75166604984));
#577 = CARTESIAN_POINT('',(1.3,23.5));
#578 = ( GEOMETRIC_REPRESENTATION_CONTEXT(2) 
PARAMETRIC_REPRESENTATION_CONTEXT() REPRESENTATION_CONTEXT('2D SPACE',''
  ) );
#579 = PCURVE('',#580,#585);
#580 = CYLINDRICAL_SURFACE('',#581,1.3);
#581 = AXIS2_PLACEMENT_3D('',#582,#583,#584);
#582 = CARTESIAN_POINT('',(1.438959988998E-15,23.5,59.));
#583 = DIRECTION('',(-0.,-0.,-1.));
#584 = DIRECTION('',(1.,0.,0.));
#585 = DEFINITIONAL_REPRESENTATION('',(#586),#590);
#586 = LINE('',#587,#588);
#587 = CARTESIAN_POINT('',(-6.28318530718,-6.));
#588 = VECTOR('',#589,1.);
#589 = DIRECTION('',(1.,-0.));
#590 = ( GEOMETRIC_REPRESENTATION_CONTEXT(2) 
PARAMETRIC_REPRESENTATION_CONTEXT() REPRESENTATION_CONTEXT('2D SPACE',''
  ) );
#591 = ADVANCED_FACE('',(#592,#595,#630,#804,#839),#66,.F.);
#592 = FACE_BOUND('',#593,.F.);
#593 = EDGE_LOOP('',(#594));
#594 = ORIENTED_EDGE('',*,*,#51,.T.);
#595 = FACE_BOUND('',#596,.F.);
#596 = EDGE_LOOP('',(#597));
#597 = ORIENTED_EDGE('',*,*,#598,.T.);
#598 = EDGE_CURVE('',#599,#599,#601,.T.);
#599 = VERTEX_POINT('',#600);
#600 = CARTESIAN_POINT('',(-11.2,-21.65063509461,5.));
#601 = SURFACE_CURVE('',#602,(#607,#618),.PCURVE_S1.);
#602 = CIRCLE('',#603,1.3);
#603 = AXIS2_PLACEMENT_3D('',#604,#605,#606);
#604 = CARTESIAN_POINT('',(-12.5,-21.65063509461,5.));
#605 = DIRECTION('',(0.,0.,-1.));
#606 = DIRECTION('',(1.,0.,0.));
#607 = PCURVE('',#66,#608);
#608 = DEFINITIONAL_REPRESENTATION('',(#609),#617);
#609 = ( BOUNDED_CURVE() B_SPLINE_CURVE(2,(#610,#611,#612,#613,#614,#615
,#616),.UNSPECIFIED.,.T.,.F.) B_SPLINE_CURVE_WITH_KNOTS((1,2,2,2,2,1),(
    -2.094395102393,0.,2.094395102393,4.188790204786,6.28318530718,
8.377580409573),.UNSPECIFIED.) CURVE() GEOMETRIC_REPRESENTATION_ITEM() 
RATIONAL_B_SPLINE_CURVE((1.,0.5,1.,0.5,1.,0.5,1.)) REPRESENTATION_ITEM(
  '') );
#610 = CARTESIAN_POINT('',(-11.2,-21.65063509461));
#611 = CARTESIAN_POINT('',(-11.2,-23.90230114445));
#612 = CARTESIAN_POINT('',(-13.15,-22.77646811953));
#613 = CARTESIAN_POINT('',(-15.1,-21.65063509461));
#614 = CARTESIAN_POINT('',(-13.15,-20.52480206969));
#615 = CARTESIAN_POINT('',(-11.2,-19.39896904477));
#616 = CARTESIAN_POINT('',(-11.2,-21.65063509461));
#617 = ( GEOMETRIC_REPRESENTATION_CONTEXT(2) 
PARAMETRIC_REPRESENTATION_CONTEXT() REPRESENTATION_CONTEXT('2D SPACE',''
  ) );
#618 = PCURVE('',#619,#624);
#619 = CYLINDRICAL_SURFACE('',#620,1.3);
#620 = AXIS2_PLACEMENT_3D('',#621,#622,#623);
#621 = CARTESIAN_POINT('',(-12.5,-21.65063509461,4.));
#622 = DIRECTION('',(-0.,-0.,-1.));
#623 = DIRECTION('',(1.,0.,0.));
#624 = DEFINITIONAL_REPRESENTATION('',(#625),#629);
#625 = LINE('',#626,#627);
#626 = CARTESIAN_POINT('',(-6.28318530718,-1.));
#627 = VECTOR('',#628,1.);
#628 = DIRECTION('',(1.,-0.));
#629 = ( GEOMETRIC_REPRESENTATION_CONTEXT(2) 
PARAMETRIC_REPRESENTATION_CONTEXT() REPRESENTATION_CONTEXT('2D SPACE',''
  ) );
#630 = FACE_BOUND('',#631,.F.);
#631 = EDGE_LOOP('',(#632,#663,#692,#716,#749,#773));
#632 = ORIENTED_EDGE('',*,*,#633,.F.);
#633 = EDGE_CURVE('',#634,#636,#638,.T.);
#634 = VERTEX_POINT('',#635);
#635 = CARTESIAN_POINT('',(27.935,1.906770830488,5.));
#636 = VERTEX_POINT('',#637);
#637 = CARTESIAN_POINT('',(-12.3161880216,25.145805069962,5.));
#638 = SURFACE_CURVE('',#639,(#644,#651),.PCURVE_S1.);
#639 = CIRCLE('',#640,28.);
#640 = AXIS2_PLACEMENT_3D('',#641,#642,#643);
#641 = CARTESIAN_POINT('',(1.471511085026E-13,2.292073341162E-15,5.));
#642 = DIRECTION('',(0.,0.,1.));
#643 = DIRECTION('',(1.,0.,0.));
#644 = PCURVE('',#66,#645);
#645 = DEFINITIONAL_REPRESENTATION('',(#646),#650);
#646 = CIRCLE('',#647,28.);
#647 = AXIS2_PLACEMENT_2D('',#648,#649);
#648 = CARTESIAN_POINT('',(1.485626596071E-13,7.344394911669E-16));
#649 = DIRECTION('',(1.,0.));
#650 = ( GEOMETRIC_REPRESENTATION_CONTEXT(2) 
PARAMETRIC_REPRESENTATION_CONTEXT() REPRESENTATION_CONTEXT('2D SPACE',''
  ) );
#651 = PCURVE('',#652,#657);
#652 = CYLINDRICAL_SURFACE('',#653,28.);
#653 = AXIS2_PLACEMENT_3D('',#654,#655,#656);
#654 = CARTESIAN_POINT('',(1.471511085026E-13,2.292073341162E-15,5.));
#655 = DIRECTION('',(-0.,-0.,-1.));
#656 = DIRECTION('',(1.,0.,0.));
#657 = DEFINITIONAL_REPRESENTATION('',(#658),#662);
#658 = LINE('',#659,#660);
#659 = CARTESIAN_POINT('',(-0.,0.));
#660 = VECTOR('',#661,1.);
#661 = DIRECTION('',(-1.,0.));
#662 = ( GEOMETRIC_REPRESENTATION_CONTEXT(2) 
PARAMETRIC_REPRESENTATION_CONTEXT() REPRESENTATION_CONTEXT('2D SPACE',''
  ) );
#663 = ORIENTED_EDGE('',*,*,#664,.T.);
#664 = EDGE_CURVE('',#634,#665,#667,.T.);
#665 = VERTEX_POINT('',#666);
#666 = CARTESIAN_POINT('',(27.935,-1.906770830488,5.));
#667 = SURFACE_CURVE('',#668,(#673,#680),.PCURVE_S1.);
#668 = CIRCLE('',#669,3.5);
#669 = AXIS2_PLACEMENT_3D('',#670,#671,#672);
#670 = CARTESIAN_POINT('',(25.,0.,5.));
#671 = DIRECTION('',(0.,0.,1.));
#672 = DIRECTION('',(1.,0.,0.));
#673 = PCURVE('',#66,#674);
#674 = DEFINITIONAL_REPRESENTATION('',(#675),#679);
#675 = CIRCLE('',#676,3.5);
#676 = AXIS2_PLACEMENT_2D('',#677,#678);
#677 = CARTESIAN_POINT('',(25.,-1.557633849995E-15));
#678 = DIRECTION('',(1.,0.));
#679 = ( GEOMETRIC_REPRESENTATION_CONTEXT(2) 
PARAMETRIC_REPRESENTATION_CONTEXT() REPRESENTATION_CONTEXT('2D SPACE',''
  ) );
#680 = PCURVE('',#681,#686);
#681 = CYLINDRICAL_SURFACE('',#682,3.5);
#682 = AXIS2_PLACEMENT_3D('',#683,#684,#685);
#683 = CARTESIAN_POINT('',(25.,0.,5.));
#684 = DIRECTION('',(-0.,-0.,-1.));
#685 = DIRECTION('',(1.,0.,0.));
#686 = DEFINITIONAL_REPRESENTATION('',(#687),#691);
#687 = LINE('',#688,#689);
#688 = CARTESIAN_POINT('',(-0.,0.));
#689 = VECTOR('',#690,1.);
#690 = DIRECTION('',(-1.,0.));
#691 = ( GEOMETRIC_REPRESENTATION_CONTEXT(2) 
PARAMETRIC_REPRESENTATION_CONTEXT() REPRESENTATION_CONTEXT('2D SPACE',''
  ) );
#692 = ORIENTED_EDGE('',*,*,#693,.F.);
#693 = EDGE_CURVE('',#694,#665,#696,.T.);
#694 = VERTEX_POINT('',#695);
#695 = CARTESIAN_POINT('',(-12.3161880216,-25.14580506996,5.));
#696 = SURFACE_CURVE('',#697,(#702,#709),.PCURVE_S1.);
#697 = CIRCLE('',#698,28.);
#698 = AXIS2_PLACEMENT_3D('',#699,#700,#701);
#699 = CARTESIAN_POINT('',(1.471511085026E-13,2.292073341162E-15,5.));
#700 = DIRECTION('',(0.,0.,1.));
#701 = DIRECTION('',(1.,0.,0.));
#702 = PCURVE('',#66,#703);
#703 = DEFINITIONAL_REPRESENTATION('',(#704),#708);
#704 = CIRCLE('',#705,28.);
#705 = AXIS2_PLACEMENT_2D('',#706,#707);
#706 = CARTESIAN_POINT('',(1.485626596071E-13,7.344394911669E-16));
#707 = DIRECTION('',(1.,0.));
#708 = ( GEOMETRIC_REPRESENTATION_CONTEXT(2) 
PARAMETRIC_REPRESENTATION_CONTEXT() REPRESENTATION_CONTEXT('2D SPACE',''
  ) );
#709 = PCURVE('',#652,#710);
#710 = DEFINITIONAL_REPRESENTATION('',(#711),#715);
#711 = LINE('',#712,#713);
#712 = CARTESIAN_POINT('',(-0.,0.));
#713 = VECTOR('',#714,1.);
#714 = DIRECTION('',(-1.,0.));
#715 = ( GEOMETRIC_REPRESENTATION_CONTEXT(2) 
PARAMETRIC_REPRESENTATION_CONTEXT() REPRESENTATION_CONTEXT('2D SPACE',''
  ) );
#716 = ORIENTED_EDGE('',*,*,#717,.F.);
#717 = EDGE_CURVE('',#718,#694,#720,.T.);
#718 = VERTEX_POINT('',#719);
#719 = CARTESIAN_POINT('',(-15.61881197839,-23.23903423947,5.));
#720 = SURFACE_CURVE('',#721,(#726,#737),.PCURVE_S1.);
#721 = CIRCLE('',#722,3.5);
#722 = AXIS2_PLACEMENT_3D('',#723,#724,#725);
#723 = CARTESIAN_POINT('',(-12.5,-21.65063509461,5.));
#724 = DIRECTION('',(-0.,0.,-1.));
#725 = DIRECTION('',(-0.891089136685,-0.453828327104,0.));
#726 = PCURVE('',#66,#727);
#727 = DEFINITIONAL_REPRESENTATION('',(#728),#736);
#728 = ( BOUNDED_CURVE() B_SPLINE_CURVE(2,(#729,#730,#731,#732,#733,#734
,#735),.UNSPECIFIED.,.T.,.F.) B_SPLINE_CURVE_WITH_KNOTS((1,2,2,2,2,1),(
    -2.094395102393,0.,2.094395102393,4.188790204786,6.28318530718,
8.377580409573),.UNSPECIFIED.) CURVE() GEOMETRIC_REPRESENTATION_ITEM() 
RATIONAL_B_SPLINE_CURVE((1.,0.5,1.,0.5,1.,0.5,1.)) REPRESENTATION_ITEM(
  '') );
#729 = CARTESIAN_POINT('',(-15.61881197839,-23.23903423947));
#730 = CARTESIAN_POINT('',(-18.37,-17.83709343363));
#731 = CARTESIAN_POINT('',(-12.3161880216,-18.15546511926));
#732 = CARTESIAN_POINT('',(-6.262376043204,-18.47383680488));
#733 = CARTESIAN_POINT('',(-9.565,-23.55740592509));
#734 = CARTESIAN_POINT('',(-12.86762395679,-28.64097504531));
#735 = CARTESIAN_POINT('',(-15.61881197839,-23.23903423947));
#736 = ( GEOMETRIC_REPRESENTATION_CONTEXT(2) 
PARAMETRIC_REPRESENTATION_CONTEXT() REPRESENTATION_CONTEXT('2D SPACE',''
  ) );
#737 = PCURVE('',#738,#743);
#738 = CYLINDRICAL_SURFACE('',#739,3.5);
#739 = AXIS2_PLACEMENT_3D('',#740,#741,#742);
#740 = CARTESIAN_POINT('',(-12.5,-21.65063509461,5.));
#741 = DIRECTION('',(-0.,-0.,-1.));
#742 = DIRECTION('',(1.,0.,0.));
#743 = DEFINITIONAL_REPRESENTATION('',(#744),#748);
#744 = LINE('',#745,#746);
#745 = CARTESIAN_POINT('',(-9.895834856642,0.));
#746 = VECTOR('',#747,1.);
#747 = DIRECTION('',(1.,-0.));
#748 = ( GEOMETRIC_REPRESENTATION_CONTEXT(2) 
PARAMETRIC_REPRESENTATION_CONTEXT() REPRESENTATION_CONTEXT('2D SPACE',''
  ) );
#749 = ORIENTED_EDGE('',*,*,#750,.F.);
#750 = EDGE_CURVE('',#751,#718,#753,.T.);
#751 = VERTEX_POINT('',#752);
#752 = CARTESIAN_POINT('',(-15.61881197839,23.239034239474,5.));
#753 = SURFACE_CURVE('',#754,(#759,#766),.PCURVE_S1.);
#754 = CIRCLE('',#755,28.);
#755 = AXIS2_PLACEMENT_3D('',#756,#757,#758);
#756 = CARTESIAN_POINT('',(1.471511085026E-13,2.292073341162E-15,5.));
#757 = DIRECTION('',(0.,0.,1.));
#758 = DIRECTION('',(1.,0.,0.));
#759 = PCURVE('',#66,#760);
#760 = DEFINITIONAL_REPRESENTATION('',(#761),#765);
#761 = CIRCLE('',#762,28.);
#762 = AXIS2_PLACEMENT_2D('',#763,#764);
#763 = CARTESIAN_POINT('',(1.485626596071E-13,7.344394911669E-16));
#764 = DIRECTION('',(1.,0.));
#765 = ( GEOMETRIC_REPRESENTATION_CONTEXT(2) 
PARAMETRIC_REPRESENTATION_CONTEXT() REPRESENTATION_CONTEXT('2D SPACE',''
  ) );
#766 = PCURVE('',#652,#767);
#767 = DEFINITIONAL_REPRESENTATION('',(#768),#772);
#768 = LINE('',#769,#770);
#769 = CARTESIAN_POINT('',(-0.,0.));
#770 = VECTOR('',#771,1.);
#771 = DIRECTION('',(-1.,0.));
#772 = ( GEOMETRIC_REPRESENTATION_CONTEXT(2) 
PARAMETRIC_REPRESENTATION_CONTEXT() REPRESENTATION_CONTEXT('2D SPACE',''
  ) );
#773 = ORIENTED_EDGE('',*,*,#774,.F.);
#774 = EDGE_CURVE('',#636,#751,#775,.T.);
#775 = SURFACE_CURVE('',#776,(#781,#792),.PCURVE_S1.);
#776 = CIRCLE('',#777,3.5);
#777 = AXIS2_PLACEMENT_3D('',#778,#779,#780);
#778 = CARTESIAN_POINT('',(-12.5,21.650635094611,5.));
#779 = DIRECTION('',(0.,0.,-1.));
#780 = DIRECTION('',(5.251770811363E-02,0.998619992958,0.));
#781 = PCURVE('',#66,#782);
#782 = DEFINITIONAL_REPRESENTATION('',(#783),#791);
#783 = ( BOUNDED_CURVE() B_SPLINE_CURVE(2,(#784,#785,#786,#787,#788,#789
,#790),.UNSPECIFIED.,.T.,.F.) B_SPLINE_CURVE_WITH_KNOTS((1,2,2,2,2,1),(
    -2.094395102393,0.,2.094395102393,4.188790204786,6.28318530718,
8.377580409573),.UNSPECIFIED.) CURVE() GEOMETRIC_REPRESENTATION_ITEM() 
RATIONAL_B_SPLINE_CURVE((1.,0.5,1.,0.5,1.,0.5,1.)) REPRESENTATION_ITEM(
  '') );
#784 = CARTESIAN_POINT('',(-12.3161880216,25.145805069962));
#785 = CARTESIAN_POINT('',(-6.262376043205,24.827433384338));
#786 = CARTESIAN_POINT('',(-9.565,19.743864264123));
#787 = CARTESIAN_POINT('',(-12.86762395679,14.660295143908));
#788 = CARTESIAN_POINT('',(-15.61881197839,20.062235949748));
#789 = CARTESIAN_POINT('',(-18.37,25.464176755587));
#790 = CARTESIAN_POINT('',(-12.3161880216,25.145805069962));
#791 = ( GEOMETRIC_REPRESENTATION_CONTEXT(2) 
PARAMETRIC_REPRESENTATION_CONTEXT() REPRESENTATION_CONTEXT('2D SPACE',''
  ) );
#792 = PCURVE('',#793,#798);
#793 = CYLINDRICAL_SURFACE('',#794,3.5);
#794 = AXIS2_PLACEMENT_3D('',#795,#796,#797);
#795 = CARTESIAN_POINT('',(-12.5,21.650635094611,5.));
#796 = DIRECTION('',(-0.,-0.,-1.));
#797 = DIRECTION('',(1.,0.,0.));
#798 = DEFINITIONAL_REPRESENTATION('',(#799),#803);
#799 = LINE('',#800,#801);
#800 = CARTESIAN_POINT('',(-7.801439754249,0.));
#801 = VECTOR('',#802,1.);
#802 = DIRECTION('',(1.,-0.));
#803 = ( GEOMETRIC_REPRESENTATION_CONTEXT(2) 
PARAMETRIC_REPRESENTATION_CONTEXT() REPRESENTATION_CONTEXT('2D SPACE',''
  ) );
#804 = FACE_BOUND('',#805,.F.);
#805 = EDGE_LOOP('',(#806));
#806 = ORIENTED_EDGE('',*,*,#807,.T.);
#807 = EDGE_CURVE('',#808,#808,#810,.T.);
#808 = VERTEX_POINT('',#809);
#809 = CARTESIAN_POINT('',(-11.2,21.650635094611,5.));
#810 = SURFACE_CURVE('',#811,(#816,#827),.PCURVE_S1.);
#811 = CIRCLE('',#812,1.3);
#812 = AXIS2_PLACEMENT_3D('',#813,#814,#815);
#813 = CARTESIAN_POINT('',(-12.5,21.650635094611,5.));
#814 = DIRECTION('',(0.,0.,-1.));
#815 = DIRECTION('',(1.,0.,0.));
#816 = PCURVE('',#66,#817);
#817 = DEFINITIONAL_REPRESENTATION('',(#818),#826);
#818 = ( BOUNDED_CURVE() B_SPLINE_CURVE(2,(#819,#820,#821,#822,#823,#824
,#825),.UNSPECIFIED.,.T.,.F.) B_SPLINE_CURVE_WITH_KNOTS((1,2,2,2,2,1),(
    -2.094395102393,0.,2.094395102393,4.188790204786,6.28318530718,
8.377580409573),.UNSPECIFIED.) CURVE() GEOMETRIC_REPRESENTATION_ITEM() 
RATIONAL_B_SPLINE_CURVE((1.,0.5,1.,0.5,1.,0.5,1.)) REPRESENTATION_ITEM(
  '') );
#819 = CARTESIAN_POINT('',(-11.2,21.650635094611));
#820 = CARTESIAN_POINT('',(-11.2,19.398969044771));
#821 = CARTESIAN_POINT('',(-13.15,20.524802069691));
#822 = CARTESIAN_POINT('',(-15.1,21.650635094611));
#823 = CARTESIAN_POINT('',(-13.15,22.776468119531));
#824 = CARTESIAN_POINT('',(-11.2,23.902301144451));
#825 = CARTESIAN_POINT('',(-11.2,21.650635094611));
#826 = ( GEOMETRIC_REPRESENTATION_CONTEXT(2) 
PARAMETRIC_REPRESENTATION_CONTEXT() REPRESENTATION_CONTEXT('2D SPACE',''
  ) );
#827 = PCURVE('',#828,#833);
#828 = CYLINDRICAL_SURFACE('',#829,1.3);
#829 = AXIS2_PLACEMENT_3D('',#830,#831,#832);
#830 = CARTESIAN_POINT('',(-12.5,21.650635094611,4.));
#831 = DIRECTION('',(-0.,-0.,-1.));
#832 = DIRECTION('',(1.,0.,0.));
#833 = DEFINITIONAL_REPRESENTATION('',(#834),#838);
#834 = LINE('',#835,#836);
#835 = CARTESIAN_POINT('',(-6.28318530718,-1.));
#836 = VECTOR('',#837,1.);
#837 = DIRECTION('',(1.,-0.));
#838 = ( GEOMETRIC_REPRESENTATION_CONTEXT(2) 
PARAMETRIC_REPRESENTATION_CONTEXT() REPRESENTATION_CONTEXT('2D SPACE',''
  ) );
#839 = FACE_BOUND('',#840,.F.);
#840 = EDGE_LOOP('',(#841));
#841 = ORIENTED_EDGE('',*,*,#842,.T.);
#842 = EDGE_CURVE('',#843,#843,#845,.T.);
#843 = VERTEX_POINT('',#844);
#844 = CARTESIAN_POINT('',(26.3,0.,5.));
#845 = SURFACE_CURVE('',#846,(#851,#862),.PCURVE_S1.);
#846 = CIRCLE('',#847,1.3);
#847 = AXIS2_PLACEMENT_3D('',#848,#849,#850);
#848 = CARTESIAN_POINT('',(25.,0.,5.));
#849 = DIRECTION('',(0.,0.,-1.));
#850 = DIRECTION('',(1.,0.,0.));
#851 = PCURVE('',#66,#852);
#852 = DEFINITIONAL_REPRESENTATION('',(#853),#861);
#853 = ( BOUNDED_CURVE() B_SPLINE_CURVE(2,(#854,#855,#856,#857,#858,#859
,#860),.UNSPECIFIED.,.T.,.F.) B_SPLINE_CURVE_WITH_KNOTS((1,2,2,2,2,1),(
    -2.094395102393,0.,2.094395102393,4.188790204786,6.28318530718,
8.377580409573),.UNSPECIFIED.) CURVE() GEOMETRIC_REPRESENTATION_ITEM() 
RATIONAL_B_SPLINE_CURVE((1.,0.5,1.,0.5,1.,0.5,1.)) REPRESENTATION_ITEM(
  '') );
#854 = CARTESIAN_POINT('',(26.3,-1.557633849995E-15));
#855 = CARTESIAN_POINT('',(26.3,-2.25166604984));
#856 = CARTESIAN_POINT('',(24.35,-1.12583302492));
#857 = CARTESIAN_POINT('',(22.4,-1.876042017773E-15));
#858 = CARTESIAN_POINT('',(24.35,1.12583302492));
#859 = CARTESIAN_POINT('',(26.3,2.25166604984));
#860 = CARTESIAN_POINT('',(26.3,-1.557633849995E-15));
#861 = ( GEOMETRIC_REPRESENTATION_CONTEXT(2) 
PARAMETRIC_REPRESENTATION_CONTEXT() REPRESENTATION_CONTEXT('2D SPACE',''
  ) );
#862 = PCURVE('',#863,#868);
#863 = CYLINDRICAL_SURFACE('',#864,1.3);
#864 = AXIS2_PLACEMENT_3D('',#865,#866,#867);
#865 = CARTESIAN_POINT('',(25.,0.,4.));
#866 = DIRECTION('',(-0.,-0.,-1.));
#867 = DIRECTION('',(1.,0.,0.));
#868 = DEFINITIONAL_REPRESENTATION('',(#869),#873);
#869 = LINE('',#870,#871);
#870 = CARTESIAN_POINT('',(-6.28318530718,-1.));
#871 = VECTOR('',#872,1.);
#872 = DIRECTION('',(1.,-0.));
#873 = ( GEOMETRIC_REPRESENTATION_CONTEXT(2) 
PARAMETRIC_REPRESENTATION_CONTEXT() REPRESENTATION_CONTEXT('2D SPACE',''
  ) );
#874 = ADVANCED_FACE('',(#875),#262,.F.);
#875 = FACE_BOUND('',#876,.F.);
#876 = EDGE_LOOP('',(#877,#878,#901,#1129));
#877 = ORIENTED_EDGE('',*,*,#108,.F.);
#878 = ORIENTED_EDGE('',*,*,#879,.F.);
#879 = EDGE_CURVE('',#880,#109,#882,.T.);
#880 = VERTEX_POINT('',#881);
#881 = CARTESIAN_POINT('',(20.336277790275,19.246708955995,14.));
#882 = SEAM_CURVE('',#883,(#887,#894),.PCURVE_S1.);
#883 = LINE('',#884,#885);
#884 = CARTESIAN_POINT('',(19.266660498395,18.629165124599,14.));
#885 = VECTOR('',#886,1.);
#886 = DIRECTION('',(0.866025403784,0.5,0.));
#887 = PCURVE('',#262,#888);
#888 = DEFINITIONAL_REPRESENTATION('',(#889),#893);
#889 = LINE('',#890,#891);
#890 = CARTESIAN_POINT('',(6.28318530718,-0.));
#891 = VECTOR('',#892,1.);
#892 = DIRECTION('',(0.,1.));
#893 = ( GEOMETRIC_REPRESENTATION_CONTEXT(2) 
PARAMETRIC_REPRESENTATION_CONTEXT() REPRESENTATION_CONTEXT('2D SPACE',''
  ) );
#894 = PCURVE('',#262,#895);
#895 = DEFINITIONAL_REPRESENTATION('',(#896),#900);
#896 = LINE('',#897,#898);
#897 = CARTESIAN_POINT('',(0.,-0.));
#898 = VECTOR('',#899,1.);
#899 = DIRECTION('',(0.,1.));
#900 = ( GEOMETRIC_REPRESENTATION_CONTEXT(2) 
PARAMETRIC_REPRESENTATION_CONTEXT() REPRESENTATION_CONTEXT('2D SPACE',''
  ) );
#901 = ORIENTED_EDGE('',*,*,#902,.T.);
#902 = EDGE_CURVE('',#880,#880,#903,.T.);
#903 = SURFACE_CURVE('',#904,(#977,#1053),.PCURVE_S1.);
#904 = B_SPLINE_CURVE_WITH_KNOTS('',8,(#905,#906,#907,#908,#909,#910,
    #911,#912,#913,#914,#915,#916,#917,#918,#919,#920,#921,#922,#923,
    #924,#925,#926,#927,#928,#929,#930,#931,#932,#933,#934,#935,#936,
    #937,#938,#939,#940,#941,#942,#943,#944,#945,#946,#947,#948,#949,
    #950,#951,#952,#953,#954,#955,#956,#957,#958,#959,#960,#961,#962,
    #963,#964,#965,#966,#967,#968,#969,#970,#971,#972,#973,#974,#975,
    #976),.UNSPECIFIED.,.T.,.F.,(9,7,7,7,7,7,7,7,7,7,9),(0.,
    0.108425317112,0.205191800174,0.29483641058,0.391602893642,
    0.500028210754,0.608453527866,0.705220010928,0.794864621334,
    0.887515835219,1.),.UNSPECIFIED.);
#905 = CARTESIAN_POINT('',(20.336277790275,19.246708955995,14.));
#906 = CARTESIAN_POINT('',(20.336277790275,19.246708955995,
    14.478317129518));
#907 = CARTESIAN_POINT('',(20.36470496273,19.216672514962,
    14.956314510259));
#908 = CARTESIAN_POINT('',(20.421494581678,19.156667948858,
    15.432031450715));
#909 = CARTESIAN_POINT('',(20.506603534596,19.066243388703,
    15.903419191754));
#910 = CARTESIAN_POINT('',(20.619976852563,18.944466979959,
    16.368196672174));
#911 = CARTESIAN_POINT('',(20.761481006356,18.789945351665,
    16.823668699834));
#912 = CARTESIAN_POINT('',(20.930808804015,18.600831950725,
    17.266497780155));
#913 = CARTESIAN_POINT('',(21.302777673074,18.173142684962,
    18.072544970379));
#914 = CARTESIAN_POINT('',(21.500507001405,17.941349535927,
    18.440565119687));
#915 = CARTESIAN_POINT('',(21.720144816866,17.677749368344,
    18.792731136944));
#916 = CARTESIAN_POINT('',(21.960858657227,17.380599486113,
    19.124608692783));
#917 = CARTESIAN_POINT('',(22.221306836033,17.048200067113,
    19.431013089289));
#918 = CARTESIAN_POINT('',(22.499528899371,16.679024490461,
    19.705900125541));
#919 = CARTESIAN_POINT('',(22.792860359955,16.271963628783,
    19.942193321134));
#920 = CARTESIAN_POINT('',(23.380537081799,15.41429437837,
    20.306925583087));
#921 = CARTESIAN_POINT('',(23.673726833343,14.968354783024,
    20.442337348198));
#922 = CARTESIAN_POINT('',(23.969605253145,14.496193239364,
    20.527582936601));
#923 = CARTESIAN_POINT('',(24.26031917897,14.006701808612,
    20.556656519377));
#924 = CARTESIAN_POINT('',(24.538874230034,13.510190448219,20.5275829366
    ));
#925 = CARTESIAN_POINT('',(24.799838911627,13.01787144842,
    20.442337348198));
#926 = CARTESIAN_POINT('',(25.03943905398,12.540991877777,
    20.306925583086));
#927 = CARTESIAN_POINT('',(25.48836405196,11.603214282241,
    19.942193321134));
#928 = CARTESIAN_POINT('',(25.694223368768,11.145651354807,
    19.705900125541));
#929 = CARTESIAN_POINT('',(25.874827764935,10.720116191738,
    19.43101308929));
#930 = CARTESIAN_POINT('',(26.03247001659,10.328361743021,
    19.124608692783));
#931 = CARTESIAN_POINT('',(26.169452443153,9.97132250111,18.792731136943
    ));
#932 = CARTESIAN_POINT('',(26.287917976991,9.649310489499,
    18.440565119688));
#933 = CARTESIAN_POINT('',(26.389792068313,9.362175293573,
    18.072544970378));
#934 = CARTESIAN_POINT('',(26.574197402861,8.826196170669,
    17.266497780154));
#935 = CARTESIAN_POINT('',(26.653310513441,8.584997295861,
    16.823668699836));
#936 = CARTESIAN_POINT('',(26.716378092082,8.385190289787,
    16.368196672171));
#937 = CARTESIAN_POINT('',(26.765152896652,8.226117911944,
    15.903419191754));
#938 = CARTESIAN_POINT('',(26.800908386413,8.107199116551,
    15.432031450717));
#939 = CARTESIAN_POINT('',(26.824479055529,8.028015580818,
    14.956314510257));
#940 = CARTESIAN_POINT('',(26.836277790275,7.988378706798,
    14.478317129519));
#941 = CARTESIAN_POINT('',(26.836277790275,7.988378706798,
    13.521682870481));
#942 = CARTESIAN_POINT('',(26.824479055528,8.028015580818,
    13.043685489742));
#943 = CARTESIAN_POINT('',(26.800908386414,8.10719911655,12.567968549284
    ));
#944 = CARTESIAN_POINT('',(26.765152896652,8.226117911944,
    12.096580808246));
#945 = CARTESIAN_POINT('',(26.716378092081,8.385190289787,
    11.631803327827));
#946 = CARTESIAN_POINT('',(26.653310513441,8.58499729586,11.176331300165
    ));
#947 = CARTESIAN_POINT('',(26.574197402861,8.826196170669,
    10.733502219846));
#948 = CARTESIAN_POINT('',(26.389792068313,9.362175293573,9.927455029621
    ));
#949 = CARTESIAN_POINT('',(26.287917976991,9.649310489499,9.559434880313
    ));
#950 = CARTESIAN_POINT('',(26.169452443153,9.97132250111,9.207268863056)
  );
#951 = CARTESIAN_POINT('',(26.03247001659,10.328361743022,8.875391307217
    ));
#952 = CARTESIAN_POINT('',(25.874827764936,10.720116191738,
    8.568986910711));
#953 = CARTESIAN_POINT('',(25.694223368768,11.145651354807,
    8.294099874459));
#954 = CARTESIAN_POINT('',(25.48836405196,11.603214282241,8.057806678866
    ));
#955 = CARTESIAN_POINT('',(25.03943905398,12.540991877775,7.693074416914
    ));
#956 = CARTESIAN_POINT('',(24.799838911628,13.017871448419,7.5576626518)
  );
#957 = CARTESIAN_POINT('',(24.538874230028,13.510190448226,
    7.472417063404));
#958 = CARTESIAN_POINT('',(24.260319178978,14.006701808603,
    7.443343480617));
#959 = CARTESIAN_POINT('',(23.96960525314,14.496193239369,7.472417063404
    ));
#960 = CARTESIAN_POINT('',(23.673726833347,14.96835478302,7.557662651799
    ));
#961 = CARTESIAN_POINT('',(23.380537081798,15.414294378372,
    7.693074416914));
#962 = CARTESIAN_POINT('',(22.805834093732,16.253029456117,
    8.049754736207));
#963 = CARTESIAN_POINT('',(22.524428105194,16.644437069406,
    8.274131261028));
#964 = CARTESIAN_POINT('',(22.256700817555,17.001146091937,
    8.534282595199));
#965 = CARTESIAN_POINT('',(22.005053568137,17.324047505431,
    8.823939442833));
#966 = CARTESIAN_POINT('',(21.771295476651,17.614409322237,
    9.137681135808));
#967 = CARTESIAN_POINT('',(21.556703330266,17.873676126803,
    9.470798619376));
#968 = CARTESIAN_POINT('',(21.362101317456,18.103359188584,
    9.819207487182));
#969 = CARTESIAN_POINT('',(20.976455426547,18.549742529706,
    10.616686280727));
#970 = CARTESIAN_POINT('',(20.794170127393,18.754204415475,
    11.073241679686));
#971 = CARTESIAN_POINT('',(20.641799996706,18.921011510189,
    11.544081959236));
#972 = CARTESIAN_POINT('',(20.519712767168,19.05231225437,
    12.025364250146));
#973 = CARTESIAN_POINT('',(20.428060012226,19.149730849189,
    12.514029600697));
#974 = CARTESIAN_POINT('',(20.36689893738,19.214354336796,
    13.007521968826));
#975 = CARTESIAN_POINT('',(20.336277790275,19.246708955995,
    13.503567240828));
#976 = CARTESIAN_POINT('',(20.336277790275,19.246708955995,14.));
#977 = PCURVE('',#262,#978);
#978 = DEFINITIONAL_REPRESENTATION('',(#979),#1052);
#979 = B_SPLINE_CURVE_WITH_KNOTS('',8,(#980,#981,#982,#983,#984,#985,
    #986,#987,#988,#989,#990,#991,#992,#993,#994,#995,#996,#997,#998,
    #999,#1000,#1001,#1002,#1003,#1004,#1005,#1006,#1007,#1008,#1009,
    #1010,#1011,#1012,#1013,#1014,#1015,#1016,#1017,#1018,#1019,#1020,
    #1021,#1022,#1023,#1024,#1025,#1026,#1027,#1028,#1029,#1030,#1031,
    #1032,#1033,#1034,#1035,#1036,#1037,#1038,#1039,#1040,#1041,#1042,
    #1043,#1044,#1045,#1046,#1047,#1048,#1049,#1050,#1051),
  .UNSPECIFIED.,.F.,.F.,(9,7,7,7,7,7,7,7,7,7,9),(0.,0.108425317112,
    0.205191800174,0.29483641058,0.391602893642,0.500028210754,
    0.608453527866,0.705220010928,0.794864621334,0.887515835219,1.),
  .UNSPECIFIED.);
#980 = CARTESIAN_POINT('',(0.,1.235087662793));
#981 = CARTESIAN_POINT('',(7.358725069511E-02,1.235087662793));
#982 = CARTESIAN_POINT('',(0.147125271852,1.24468809578));
#983 = CARTESIAN_POINT('',(0.220919835153,1.263867065409));
#984 = CARTESIAN_POINT('',(0.29525910136,1.292361300647));
#985 = CARTESIAN_POINT('',(0.370435235623,1.329657269746));
#986 = CARTESIAN_POINT('',(0.446751355874,1.374942647525));
#987 = CARTESIAN_POINT('',(0.524531641988,1.427028121395));
#988 = CARTESIAN_POINT('',(0.675211704106,1.535317978535));
#989 = CARTESIAN_POINT('',(0.747991414961,1.590660025425));
#990 = CARTESIAN_POINT('',(0.822675720012,1.649071869455));
#991 = CARTESIAN_POINT('',(0.899455208209,1.708961229134));
#992 = CARTESIAN_POINT('',(0.97854694329,1.76831625885));
#993 = CARTESIAN_POINT('',(1.060200110269,1.824675845268));
#994 = CARTESIAN_POINT('',(1.1447109876,1.875177911024));
#995 = CARTESIAN_POINT('',(1.313771933751,1.955286256147));
#996 = CARTESIAN_POINT('',(1.398007556488,1.986226231441));
#997 = CARTESIAN_POINT('',(1.483990807686,2.006383687589));
#998 = CARTESIAN_POINT('',(1.570796326793,2.013403617216));
#999 = CARTESIAN_POINT('',(1.657601845906,2.006383687588));
#1000 = CARTESIAN_POINT('',(1.743585097101,1.986226231442));
#1001 = CARTESIAN_POINT('',(1.827820719839,1.955286256147));
#1002 = CARTESIAN_POINT('',(1.99688166599,1.875177911024));
#1003 = CARTESIAN_POINT('',(2.081392543321,1.824675845268));
#1004 = CARTESIAN_POINT('',(2.1630457103,1.76831625885));
#1005 = CARTESIAN_POINT('',(2.242137445381,1.708961229134));
#1006 = CARTESIAN_POINT('',(2.318916933578,1.649071869455));
#1007 = CARTESIAN_POINT('',(2.393601238628,1.590660025426));
#1008 = CARTESIAN_POINT('',(2.466380949484,1.535317978535));
#1009 = CARTESIAN_POINT('',(2.617061011602,1.427028121395));
#1010 = CARTESIAN_POINT('',(2.694841297715,1.374942647525));
#1011 = CARTESIAN_POINT('',(2.771157417967,1.329657269746));
#1012 = CARTESIAN_POINT('',(2.84633355223,1.292361300647));
#1013 = CARTESIAN_POINT('',(2.920672818436,1.263867065409));
#1014 = CARTESIAN_POINT('',(2.994467381738,1.24468809578));
#1015 = CARTESIAN_POINT('',(3.068005402895,1.235087662793));
#1016 = CARTESIAN_POINT('',(3.215179904285,1.235087662793));
#1017 = CARTESIAN_POINT('',(3.288717925442,1.24468809578));
#1018 = CARTESIAN_POINT('',(3.362512488743,1.263867065409));
#1019 = CARTESIAN_POINT('',(3.43685175495,1.292361300647));
#1020 = CARTESIAN_POINT('',(3.512027889213,1.329657269746));
#1021 = CARTESIAN_POINT('',(3.588344009464,1.374942647525));
#1022 = CARTESIAN_POINT('',(3.666124295578,1.427028121395));
#1023 = CARTESIAN_POINT('',(3.816804357695,1.535317978535));
#1024 = CARTESIAN_POINT('',(3.889584068551,1.590660025425));
#1025 = CARTESIAN_POINT('',(3.964268373601,1.649071869455));
#1026 = CARTESIAN_POINT('',(4.041047861799,1.708961229134));
#1027 = CARTESIAN_POINT('',(4.12013959688,1.76831625885));
#1028 = CARTESIAN_POINT('',(4.201792763859,1.824675845268));
#1029 = CARTESIAN_POINT('',(4.286303641189,1.875177911024));
#1030 = CARTESIAN_POINT('',(4.455364587341,1.955286256147));
#1031 = CARTESIAN_POINT('',(4.539600210078,1.986226231442));
#1032 = CARTESIAN_POINT('',(4.625583461275,2.006383687588));
#1033 = CARTESIAN_POINT('',(4.712388980384,2.013403617216));
#1034 = CARTESIAN_POINT('',(4.799194499495,2.006383687588));
#1035 = CARTESIAN_POINT('',(4.885177750691,1.986226231442));
#1036 = CARTESIAN_POINT('',(4.969413373429,1.955286256147));
#1037 = CARTESIAN_POINT('',(5.134742077642,1.876946407723));
#1038 = CARTESIAN_POINT('',(5.215811762353,1.828945479517));
#1039 = CARTESIAN_POINT('',(5.294258356737,1.775441358401));
#1040 = CARTESIAN_POINT('',(5.370337574214,1.71895915436));
#1041 = CARTESIAN_POINT('',(5.444263598309,1.661699617196));
#1042 = CARTESIAN_POINT('',(5.516221424443,1.605490769257));
#1043 = CARTESIAN_POINT('',(5.586371805134,1.551802013425));
#1044 = CARTESIAN_POINT('',(5.738023805047,1.441014545595));
#1045 = CARTESIAN_POINT('',(5.819102612856,1.385381788676));
#1046 = CARTESIAN_POINT('',(5.898533951531,1.33682893208));
#1047 = CARTESIAN_POINT('',(5.976684320912,1.296748661913));
#1048 = CARTESIAN_POINT('',(6.05389549616,1.266084345215));
#1049 = CARTESIAN_POINT('',(6.130496431999,1.245429044479));
#1050 = CARTESIAN_POINT('',(6.206811036538,1.235087662793));
#1051 = CARTESIAN_POINT('',(6.28318530718,1.235087662793));
#1052 = ( GEOMETRIC_REPRESENTATION_CONTEXT(2) 
PARAMETRIC_REPRESENTATION_CONTEXT() REPRESENTATION_CONTEXT('2D SPACE',''
  ) );
#1053 = PCURVE('',#652,#1054);
#1054 = DEFINITIONAL_REPRESENTATION('',(#1055),#1128);
#1055 = B_SPLINE_CURVE_WITH_KNOTS('',8,(#1056,#1057,#1058,#1059,#1060,
    #1061,#1062,#1063,#1064,#1065,#1066,#1067,#1068,#1069,#1070,#1071,
    #1072,#1073,#1074,#1075,#1076,#1077,#1078,#1079,#1080,#1081,#1082,
    #1083,#1084,#1085,#1086,#1087,#1088,#1089,#1090,#1091,#1092,#1093,
    #1094,#1095,#1096,#1097,#1098,#1099,#1100,#1101,#1102,#1103,#1104,
    #1105,#1106,#1107,#1108,#1109,#1110,#1111,#1112,#1113,#1114,#1115,
    #1116,#1117,#1118,#1119,#1120,#1121,#1122,#1123,#1124,#1125,#1126,
    #1127),.UNSPECIFIED.,.T.,.F.,(9,7,7,7,7,7,7,7,7,7,9),(0.,
    0.108425317112,0.205191800174,0.29483641058,0.391602893642,
    0.500028210754,0.608453527866,0.705220010928,0.794864621334,
    0.887515835219,1.),.UNSPECIFIED.);
#1056 = CARTESIAN_POINT('',(-0.757878921842,-9.));
#1057 = CARTESIAN_POINT('',(-0.757878921842,-9.478317129518));
#1058 = CARTESIAN_POINT('',(-0.756401934256,-9.956314510259));
#1059 = CARTESIAN_POINT('',(-0.753451314913,-10.43203145071));
#1060 = CARTESIAN_POINT('',(-0.749016415618,-10.90341919175));
#1061 = CARTESIAN_POINT('',(-0.743074390475,-11.36819667217));
#1062 = CARTESIAN_POINT('',(-0.735591980328,-11.82366869983));
#1063 = CARTESIAN_POINT('',(-0.726527135548,-12.26649778015));
#1064 = CARTESIAN_POINT('',(-0.706283752036,-13.07254497037));
#1065 = CARTESIAN_POINT('',(-0.695403108087,-13.44056511968));
#1066 = CARTESIAN_POINT('',(-0.683150542747,-13.79273113694));
#1067 = CARTESIAN_POINT('',(-0.669495656919,-14.12460869278));
#1068 = CARTESIAN_POINT('',(-0.654418682257,-14.43101308928));
#1069 = CARTESIAN_POINT('',(-0.637914716835,-14.70590012554));
#1070 = CARTESIAN_POINT('',(-0.620000507203,-14.94219332113));
#1071 = CARTESIAN_POINT('',(-0.582868632582,-15.30692558308));
#1072 = CARTESIAN_POINT('',(-0.563811851822,-15.44233734819));
#1073 = CARTESIAN_POINT('',(-0.543919552945,-15.52758293659));
#1074 = CARTESIAN_POINT('',(-0.523598775598,-15.55665651938));
#1075 = CARTESIAN_POINT('',(-0.503277998251,-15.52758293659));
#1076 = CARTESIAN_POINT('',(-0.483385699374,-15.4423373482));
#1077 = CARTESIAN_POINT('',(-0.464328918615,-15.30692558308));
#1078 = CARTESIAN_POINT('',(-0.427197043994,-14.94219332113));
#1079 = CARTESIAN_POINT('',(-0.409282834361,-14.70590012554));
#1080 = CARTESIAN_POINT('',(-0.39277886894,-14.43101308928));
#1081 = CARTESIAN_POINT('',(-0.377701894278,-14.12460869278));
#1082 = CARTESIAN_POINT('',(-0.36404700845,-13.79273113694));
#1083 = CARTESIAN_POINT('',(-0.351794443109,-13.44056511968));
#1084 = CARTESIAN_POINT('',(-0.34091379916,-13.07254497037));
#1085 = CARTESIAN_POINT('',(-0.320670415648,-12.26649778015));
#1086 = CARTESIAN_POINT('',(-0.311605570869,-11.82366869983));
#1087 = CARTESIAN_POINT('',(-0.304123160722,-11.36819667217));
#1088 = CARTESIAN_POINT('',(-0.298181135578,-10.90341919175));
#1089 = CARTESIAN_POINT('',(-0.293746236284,-10.43203145071));
#1090 = CARTESIAN_POINT('',(-0.290795616941,-9.956314510257));
#1091 = CARTESIAN_POINT('',(-0.289318629355,-9.478317129519));
#1092 = CARTESIAN_POINT('',(-0.289318629355,-8.521682870481));
#1093 = CARTESIAN_POINT('',(-0.290795616941,-8.043685489743));
#1094 = CARTESIAN_POINT('',(-0.293746236284,-7.567968549283));
#1095 = CARTESIAN_POINT('',(-0.298181135578,-7.096580808246));
#1096 = CARTESIAN_POINT('',(-0.304123160722,-6.631803327828));
#1097 = CARTESIAN_POINT('',(-0.311605570869,-6.176331300165));
#1098 = CARTESIAN_POINT('',(-0.320670415648,-5.733502219846));
#1099 = CARTESIAN_POINT('',(-0.34091379916,-4.927455029621));
#1100 = CARTESIAN_POINT('',(-0.351794443109,-4.559434880313));
#1101 = CARTESIAN_POINT('',(-0.36404700845,-4.207268863056));
#1102 = CARTESIAN_POINT('',(-0.377701894278,-3.875391307217));
#1103 = CARTESIAN_POINT('',(-0.39277886894,-3.568986910711));
#1104 = CARTESIAN_POINT('',(-0.409282834361,-3.294099874459));
#1105 = CARTESIAN_POINT('',(-0.427197043994,-3.057806678866));
#1106 = CARTESIAN_POINT('',(-0.464328918615,-2.693074416914));
#1107 = CARTESIAN_POINT('',(-0.483385699374,-2.5576626518));
#1108 = CARTESIAN_POINT('',(-0.503277998251,-2.472417063402));
#1109 = CARTESIAN_POINT('',(-0.523598775598,-2.443343480619));
#1110 = CARTESIAN_POINT('',(-0.543919552946,-2.472417063402));
#1111 = CARTESIAN_POINT('',(-0.563811851822,-2.5576626518));
#1112 = CARTESIAN_POINT('',(-0.582868632582,-2.693074416914));
#1113 = CARTESIAN_POINT('',(-0.61918077241,-3.049754736207));
#1114 = CARTESIAN_POINT('',(-0.636393071211,-3.274131261028));
#1115 = CARTESIAN_POINT('',(-0.652316552812,-3.5342825952));
#1116 = CARTESIAN_POINT('',(-0.666933095531,-3.823939442833));
#1117 = CARTESIAN_POINT('',(-0.680243459043,-4.137681135808));
#1118 = CARTESIAN_POINT('',(-0.692261887113,-4.470798619376));
#1119 = CARTESIAN_POINT('',(-0.703012771471,-4.819207487182));
#1120 = CARTESIAN_POINT('',(-0.724080593208,-5.616686280727));
#1121 = CARTESIAN_POINT('',(-0.733862290147,-6.073241679686));
#1122 = CARTESIAN_POINT('',(-0.741930230281,-6.544081959236));
#1123 = CARTESIAN_POINT('',(-0.748333231972,-7.025364250146));
#1124 = CARTESIAN_POINT('',(-0.753110194503,-7.514029600697));
#1125 = CARTESIAN_POINT('',(-0.756287942294,-8.007521968826));
#1126 = CARTESIAN_POINT('',(-0.757878921842,-8.503567240828));
#1127 = CARTESIAN_POINT('',(-0.757878921842,-9.));
#1128 = ( GEOMETRIC_REPRESENTATION_CONTEXT(2) 
PARAMETRIC_REPRESENTATION_CONTEXT() REPRESENTATION_CONTEXT('2D SPACE',''
  ) );
#1129 = ORIENTED_EDGE('',*,*,#879,.T.);
#1130 = ADVANCED_FACE('',(#1131),#370,.F.);
#1131 = FACE_BOUND('',#1132,.T.);
#1132 = EDGE_LOOP('',(#1133,#1162,#1183,#1184));
#1133 = ORIENTED_EDGE('',*,*,#1134,.F.);
#1134 = EDGE_CURVE('',#1135,#1135,#1137,.T.);
#1135 = VERTEX_POINT('',#1136);
#1136 = CARTESIAN_POINT('',(1.3,-23.5,59.));
#1137 = SURFACE_CURVE('',#1138,(#1143,#1150),.PCURVE_S1.);
#1138 = CIRCLE('',#1139,1.3);
#1139 = AXIS2_PLACEMENT_3D('',#1140,#1141,#1142);
#1140 = CARTESIAN_POINT('',(-4.316879966994E-15,-23.5,59.));
#1141 = DIRECTION('',(0.,0.,1.));
#1142 = DIRECTION('',(1.,0.,0.));
#1143 = PCURVE('',#370,#1144);
#1144 = DEFINITIONAL_REPRESENTATION('',(#1145),#1149);
#1145 = LINE('',#1146,#1147);
#1146 = CARTESIAN_POINT('',(-0.,0.));
#1147 = VECTOR('',#1148,1.);
#1148 = DIRECTION('',(-1.,0.));
#1149 = ( GEOMETRIC_REPRESENTATION_CONTEXT(2) 
PARAMETRIC_REPRESENTATION_CONTEXT() REPRESENTATION_CONTEXT('2D SPACE',''
  ) );
#1150 = PCURVE('',#1151,#1156);
#1151 = PLANE('',#1152);
#1152 = AXIS2_PLACEMENT_3D('',#1153,#1154,#1155);
#1153 = CARTESIAN_POINT('',(-4.382622281059E-15,-23.5,59.));
#1154 = DIRECTION('',(0.,0.,1.));
#1155 = DIRECTION('',(1.,0.,-0.));
#1156 = DEFINITIONAL_REPRESENTATION('',(#1157),#1161);
#1157 = CIRCLE('',#1158,1.3);
#1158 = AXIS2_PLACEMENT_2D('',#1159,#1160);
#1159 = CARTESIAN_POINT('',(6.57423140644E-17,0.));
#1160 = DIRECTION('',(1.,0.));
#1161 = ( GEOMETRIC_REPRESENTATION_CONTEXT(2) 
PARAMETRIC_REPRESENTATION_CONTEXT() REPRESENTATION_CONTEXT('2D SPACE',''
  ) );
#1162 = ORIENTED_EDGE('',*,*,#1163,.T.);
#1163 = EDGE_CURVE('',#1135,#350,#1164,.T.);
#1164 = SEAM_CURVE('',#1165,(#1169,#1176),.PCURVE_S1.);
#1165 = LINE('',#1166,#1167);
#1166 = CARTESIAN_POINT('',(1.3,-23.5,59.));
#1167 = VECTOR('',#1168,1.);
#1168 = DIRECTION('',(0.,0.,1.));
#1169 = PCURVE('',#370,#1170);
#1170 = DEFINITIONAL_REPRESENTATION('',(#1171),#1175);
#1171 = LINE('',#1172,#1173);
#1172 = CARTESIAN_POINT('',(-6.28318530718,0.));
#1173 = VECTOR('',#1174,1.);
#1174 = DIRECTION('',(-0.,-1.));
#1175 = ( GEOMETRIC_REPRESENTATION_CONTEXT(2) 
PARAMETRIC_REPRESENTATION_CONTEXT() REPRESENTATION_CONTEXT('2D SPACE',''
  ) );
#1176 = PCURVE('',#370,#1177);
#1177 = DEFINITIONAL_REPRESENTATION('',(#1178),#1182);
#1178 = LINE('',#1179,#1180);
#1179 = CARTESIAN_POINT('',(-0.,0.));
#1180 = VECTOR('',#1181,1.);
#1181 = DIRECTION('',(-0.,-1.));
#1182 = ( GEOMETRIC_REPRESENTATION_CONTEXT(2) 
PARAMETRIC_REPRESENTATION_CONTEXT() REPRESENTATION_CONTEXT('2D SPACE',''
  ) );
#1183 = ORIENTED_EDGE('',*,*,#349,.F.);
#1184 = ORIENTED_EDGE('',*,*,#1163,.F.);
#1185 = ADVANCED_FACE('',(#1186),#405,.F.);
#1186 = FACE_BOUND('',#1187,.T.);
#1187 = EDGE_LOOP('',(#1188,#1217,#1238,#1239));
#1188 = ORIENTED_EDGE('',*,*,#1189,.F.);
#1189 = EDGE_CURVE('',#1190,#1190,#1192,.T.);
#1190 = VERTEX_POINT('',#1191);
#1191 = CARTESIAN_POINT('',(-19.05159698893,-11.75,59.));
#1192 = SURFACE_CURVE('',#1193,(#1198,#1205),.PCURVE_S1.);
#1193 = CIRCLE('',#1194,1.3);
#1194 = AXIS2_PLACEMENT_3D('',#1195,#1196,#1197);
#1195 = CARTESIAN_POINT('',(-20.35159698893,-11.75,59.));
#1196 = DIRECTION('',(0.,0.,1.));
#1197 = DIRECTION('',(1.,0.,0.));
#1198 = PCURVE('',#405,#1199);
#1199 = DEFINITIONAL_REPRESENTATION('',(#1200),#1204);
#1200 = LINE('',#1201,#1202);
#1201 = CARTESIAN_POINT('',(-0.,0.));
#1202 = VECTOR('',#1203,1.);
#1203 = DIRECTION('',(-1.,0.));
#1204 = ( GEOMETRIC_REPRESENTATION_CONTEXT(2) 
PARAMETRIC_REPRESENTATION_CONTEXT() REPRESENTATION_CONTEXT('2D SPACE',''
  ) );
#1205 = PCURVE('',#1206,#1211);
#1206 = PLANE('',#1207);
#1207 = AXIS2_PLACEMENT_3D('',#1208,#1209,#1210);
#1208 = CARTESIAN_POINT('',(-20.35159698893,-11.75,59.));
#1209 = DIRECTION('',(0.,0.,1.));
#1210 = DIRECTION('',(1.,0.,-0.));
#1211 = DEFINITIONAL_REPRESENTATION('',(#1212),#1216);
#1212 = CIRCLE('',#1213,1.3);
#1213 = AXIS2_PLACEMENT_2D('',#1214,#1215);
#1214 = CARTESIAN_POINT('',(0.,0.));
#1215 = DIRECTION('',(1.,0.));
#1216 = ( GEOMETRIC_REPRESENTATION_CONTEXT(2) 
PARAMETRIC_REPRESENTATION_CONTEXT() REPRESENTATION_CONTEXT('2D SPACE',''
  ) );
#1217 = ORIENTED_EDGE('',*,*,#1218,.T.);
#1218 = EDGE_CURVE('',#1190,#385,#1219,.T.);
#1219 = SEAM_CURVE('',#1220,(#1224,#1231),.PCURVE_S1.);
#1220 = LINE('',#1221,#1222);
#1221 = CARTESIAN_POINT('',(-19.05159698893,-11.75,59.));
#1222 = VECTOR('',#1223,1.);
#1223 = DIRECTION('',(0.,0.,1.));
#1224 = PCURVE('',#405,#1225);
#1225 = DEFINITIONAL_REPRESENTATION('',(#1226),#1230);
#1226 = LINE('',#1227,#1228);
#1227 = CARTESIAN_POINT('',(-6.28318530718,0.));
#1228 = VECTOR('',#1229,1.);
#1229 = DIRECTION('',(-0.,-1.));
#1230 = ( GEOMETRIC_REPRESENTATION_CONTEXT(2) 
PARAMETRIC_REPRESENTATION_CONTEXT() REPRESENTATION_CONTEXT('2D SPACE',''
  ) );
#1231 = PCURVE('',#405,#1232);
#1232 = DEFINITIONAL_REPRESENTATION('',(#1233),#1237);
#1233 = LINE('',#1234,#1235);
#1234 = CARTESIAN_POINT('',(-0.,0.));
#1235 = VECTOR('',#1236,1.);
#1236 = DIRECTION('',(-0.,-1.));
#1237 = ( GEOMETRIC_REPRESENTATION_CONTEXT(2) 
PARAMETRIC_REPRESENTATION_CONTEXT() REPRESENTATION_CONTEXT('2D SPACE',''
  ) );
#1238 = ORIENTED_EDGE('',*,*,#384,.F.);
#1239 = ORIENTED_EDGE('',*,*,#1218,.F.);
#1240 = ADVANCED_FACE('',(#1241),#440,.F.);
#1241 = FACE_BOUND('',#1242,.T.);
#1242 = EDGE_LOOP('',(#1243,#1272,#1293,#1294));
#1243 = ORIENTED_EDGE('',*,*,#1244,.F.);
#1244 = EDGE_CURVE('',#1245,#1245,#1247,.T.);
#1245 = VERTEX_POINT('',#1246);
#1246 = CARTESIAN_POINT('',(21.651596988934,-11.75,59.));
#1247 = SURFACE_CURVE('',#1248,(#1253,#1260),.PCURVE_S1.);
#1248 = CIRCLE('',#1249,1.3);
#1249 = AXIS2_PLACEMENT_3D('',#1250,#1251,#1252);
#1250 = CARTESIAN_POINT('',(20.351596988934,-11.75,59.));
#1251 = DIRECTION('',(0.,0.,1.));
#1252 = DIRECTION('',(1.,0.,0.));
#1253 = PCURVE('',#440,#1254);
#1254 = DEFINITIONAL_REPRESENTATION('',(#1255),#1259);
#1255 = LINE('',#1256,#1257);
#1256 = CARTESIAN_POINT('',(-0.,0.));
#1257 = VECTOR('',#1258,1.);
#1258 = DIRECTION('',(-1.,0.));
#1259 = ( GEOMETRIC_REPRESENTATION_CONTEXT(2) 
PARAMETRIC_REPRESENTATION_CONTEXT() REPRESENTATION_CONTEXT('2D SPACE',''
  ) );
#1260 = PCURVE('',#1261,#1266);
#1261 = PLANE('',#1262);
#1262 = AXIS2_PLACEMENT_3D('',#1263,#1264,#1265);
#1263 = CARTESIAN_POINT('',(20.351596988934,-11.75,59.));
#1264 = DIRECTION('',(0.,0.,1.));
#1265 = DIRECTION('',(1.,0.,-0.));
#1266 = DEFINITIONAL_REPRESENTATION('',(#1267),#1271);
#1267 = CIRCLE('',#1268,1.3);
#1268 = AXIS2_PLACEMENT_2D('',#1269,#1270);
#1269 = CARTESIAN_POINT('',(0.,0.));
#1270 = DIRECTION('',(1.,0.));
#1271 = ( GEOMETRIC_REPRESENTATION_CONTEXT(2) 
PARAMETRIC_REPRESENTATION_CONTEXT() REPRESENTATION_CONTEXT('2D SPACE',''
  ) );
#1272 = ORIENTED_EDGE('',*,*,#1273,.T.);
#1273 = EDGE_CURVE('',#1245,#420,#1274,.T.);
#1274 = SEAM_CURVE('',#1275,(#1279,#1286),.PCURVE_S1.);
#1275 = LINE('',#1276,#1277);
#1276 = CARTESIAN_POINT('',(21.651596988934,-11.75,59.));
#1277 = VECTOR('',#1278,1.);
#1278 = DIRECTION('',(0.,0.,1.));
#1279 = PCURVE('',#440,#1280);
#1280 = DEFINITIONAL_REPRESENTATION('',(#1281),#1285);
#1281 = LINE('',#1282,#1283);
#1282 = CARTESIAN_POINT('',(-6.28318530718,0.));
#1283 = VECTOR('',#1284,1.);
#1284 = DIRECTION('',(-0.,-1.));
#1285 = ( GEOMETRIC_REPRESENTATION_CONTEXT(2) 
PARAMETRIC_REPRESENTATION_CONTEXT() REPRESENTATION_CONTEXT('2D SPACE',''
  ) );
#1286 = PCURVE('',#440,#1287);
#1287 = DEFINITIONAL_REPRESENTATION('',(#1288),#1292);
#1288 = LINE('',#1289,#1290);
#1289 = CARTESIAN_POINT('',(-0.,0.));
#1290 = VECTOR('',#1291,1.);
#1291 = DIRECTION('',(-0.,-1.));
#1292 = ( GEOMETRIC_REPRESENTATION_CONTEXT(2) 
PARAMETRIC_REPRESENTATION_CONTEXT() REPRESENTATION_CONTEXT('2D SPACE',''
  ) );
#1293 = ORIENTED_EDGE('',*,*,#419,.F.);
#1294 = ORIENTED_EDGE('',*,*,#1273,.F.);
#1295 = ADVANCED_FACE('',(#1296),#475,.F.);
#1296 = FACE_BOUND('',#1297,.T.);
#1297 = EDGE_LOOP('',(#1298,#1327,#1348,#1349));
#1298 = ORIENTED_EDGE('',*,*,#1299,.F.);
#1299 = EDGE_CURVE('',#1300,#1300,#1302,.T.);
#1300 = VERTEX_POINT('',#1301);
#1301 = CARTESIAN_POINT('',(-19.05159698893,11.75,59.));
#1302 = SURFACE_CURVE('',#1303,(#1308,#1315),.PCURVE_S1.);
#1303 = CIRCLE('',#1304,1.3);
#1304 = AXIS2_PLACEMENT_3D('',#1305,#1306,#1307);
#1305 = CARTESIAN_POINT('',(-20.35159698893,11.75,59.));
#1306 = DIRECTION('',(0.,0.,1.));
#1307 = DIRECTION('',(1.,0.,0.));
#1308 = PCURVE('',#475,#1309);
#1309 = DEFINITIONAL_REPRESENTATION('',(#1310),#1314);
#1310 = LINE('',#1311,#1312);
#1311 = CARTESIAN_POINT('',(-0.,0.));
#1312 = VECTOR('',#1313,1.);
#1313 = DIRECTION('',(-1.,0.));
#1314 = ( GEOMETRIC_REPRESENTATION_CONTEXT(2) 
PARAMETRIC_REPRESENTATION_CONTEXT() REPRESENTATION_CONTEXT('2D SPACE',''
  ) );
#1315 = PCURVE('',#1316,#1321);
#1316 = PLANE('',#1317);
#1317 = AXIS2_PLACEMENT_3D('',#1318,#1319,#1320);
#1318 = CARTESIAN_POINT('',(-20.35159698893,11.75,59.));
#1319 = DIRECTION('',(0.,0.,1.));
#1320 = DIRECTION('',(1.,0.,-0.));
#1321 = DEFINITIONAL_REPRESENTATION('',(#1322),#1326);
#1322 = CIRCLE('',#1323,1.3);
#1323 = AXIS2_PLACEMENT_2D('',#1324,#1325);
#1324 = CARTESIAN_POINT('',(0.,0.));
#1325 = DIRECTION('',(1.,0.));
#1326 = ( GEOMETRIC_REPRESENTATION_CONTEXT(2) 
PARAMETRIC_REPRESENTATION_CONTEXT() REPRESENTATION_CONTEXT('2D SPACE',''
  ) );
#1327 = ORIENTED_EDGE('',*,*,#1328,.T.);
#1328 = EDGE_CURVE('',#1300,#455,#1329,.T.);
#1329 = SEAM_CURVE('',#1330,(#1334,#1341),.PCURVE_S1.);
#1330 = LINE('',#1331,#1332);
#1331 = CARTESIAN_POINT('',(-19.05159698893,11.75,59.));
#1332 = VECTOR('',#1333,1.);
#1333 = DIRECTION('',(0.,0.,1.));
#1334 = PCURVE('',#475,#1335);
#1335 = DEFINITIONAL_REPRESENTATION('',(#1336),#1340);
#1336 = LINE('',#1337,#1338);
#1337 = CARTESIAN_POINT('',(-6.28318530718,0.));
#1338 = VECTOR('',#1339,1.);
#1339 = DIRECTION('',(-0.,-1.));
#1340 = ( GEOMETRIC_REPRESENTATION_CONTEXT(2) 
PARAMETRIC_REPRESENTATION_CONTEXT() REPRESENTATION_CONTEXT('2D SPACE',''
  ) );
#1341 = PCURVE('',#475,#1342);
#1342 = DEFINITIONAL_REPRESENTATION('',(#1343),#1347);
#1343 = LINE('',#1344,#1345);
#1344 = CARTESIAN_POINT('',(-0.,0.));
#1345 = VECTOR('',#1346,1.);
#1346 = DIRECTION('',(-0.,-1.));
#1347 = ( GEOMETRIC_REPRESENTATION_CONTEXT(2) 
PARAMETRIC_REPRESENTATION_CONTEXT() REPRESENTATION_CONTEXT('2D SPACE',''
  ) );
#1348 = ORIENTED_EDGE('',*,*,#454,.F.);
#1349 = ORIENTED_EDGE('',*,*,#1328,.F.);
#1350 = ADVANCED_FACE('',(#1351),#510,.F.);
#1351 = FACE_BOUND('',#1352,.T.);
#1352 = EDGE_LOOP('',(#1353,#1354,#1377,#1403));
#1353 = ORIENTED_EDGE('',*,*,#489,.F.);
#1354 = ORIENTED_EDGE('',*,*,#1355,.T.);
#1355 = EDGE_CURVE('',#490,#1356,#1358,.T.);
#1356 = VERTEX_POINT('',#1357);
#1357 = CARTESIAN_POINT('',(21.,0.,58.));
#1358 = SEAM_CURVE('',#1359,(#1363,#1370),.PCURVE_S1.);
#1359 = LINE('',#1360,#1361);
#1360 = CARTESIAN_POINT('',(21.,0.,65.));
#1361 = VECTOR('',#1362,1.);
#1362 = DIRECTION('',(0.,0.,-1.));
#1363 = PCURVE('',#510,#1364);
#1364 = DEFINITIONAL_REPRESENTATION('',(#1365),#1369);
#1365 = LINE('',#1366,#1367);
#1366 = CARTESIAN_POINT('',(-6.28318530718,-7.));
#1367 = VECTOR('',#1368,1.);
#1368 = DIRECTION('',(0.,1.));
#1369 = ( GEOMETRIC_REPRESENTATION_CONTEXT(2) 
PARAMETRIC_REPRESENTATION_CONTEXT() REPRESENTATION_CONTEXT('2D SPACE',''
  ) );
#1370 = PCURVE('',#510,#1371);
#1371 = DEFINITIONAL_REPRESENTATION('',(#1372),#1376);
#1372 = LINE('',#1373,#1374);
#1373 = CARTESIAN_POINT('',(-0.,-7.));
#1374 = VECTOR('',#1375,1.);
#1375 = DIRECTION('',(0.,1.));
#1376 = ( GEOMETRIC_REPRESENTATION_CONTEXT(2) 
PARAMETRIC_REPRESENTATION_CONTEXT() REPRESENTATION_CONTEXT('2D SPACE',''
  ) );
#1377 = ORIENTED_EDGE('',*,*,#1378,.F.);
#1378 = EDGE_CURVE('',#1356,#1356,#1379,.T.);
#1379 = SURFACE_CURVE('',#1380,(#1385,#1391),.PCURVE_S1.);
#1380 = CIRCLE('',#1381,21.);
#1381 = AXIS2_PLACEMENT_3D('',#1382,#1383,#1384);
#1382 = CARTESIAN_POINT('',(0.,0.,58.));
#1383 = DIRECTION('',(0.,0.,1.));
#1384 = DIRECTION('',(1.,0.,0.));
#1385 = PCURVE('',#510,#1386);
#1386 = DEFINITIONAL_REPRESENTATION('',(#1387),#1390);
#1387 = B_SPLINE_CURVE_WITH_KNOTS('',1,(#1388,#1389),.UNSPECIFIED.,.F.,
  .F.,(2,2),(0.,6.28318530718),.PIECEWISE_BEZIER_KNOTS.);
#1388 = CARTESIAN_POINT('',(0.,0.));
#1389 = CARTESIAN_POINT('',(-6.28318530718,0.));
#1390 = ( GEOMETRIC_REPRESENTATION_CONTEXT(2) 
PARAMETRIC_REPRESENTATION_CONTEXT() REPRESENTATION_CONTEXT('2D SPACE',''
  ) );
#1391 = PCURVE('',#1392,#1397);
#1392 = PLANE('',#1393);
#1393 = AXIS2_PLACEMENT_3D('',#1394,#1395,#1396);
#1394 = CARTESIAN_POINT('',(-1.041859148601E-15,1.846063891983E-16,58.)
  );
#1395 = DIRECTION('',(0.,0.,1.));
#1396 = DIRECTION('',(1.,0.,-0.));
#1397 = DEFINITIONAL_REPRESENTATION('',(#1398),#1402);
#1398 = CIRCLE('',#1399,21.);
#1399 = AXIS2_PLACEMENT_2D('',#1400,#1401);
#1400 = CARTESIAN_POINT('',(1.041859148601E-15,-1.846063891983E-16));
#1401 = DIRECTION('',(1.,0.));
#1402 = ( GEOMETRIC_REPRESENTATION_CONTEXT(2) 
PARAMETRIC_REPRESENTATION_CONTEXT() REPRESENTATION_CONTEXT('2D SPACE',''
  ) );
#1403 = ORIENTED_EDGE('',*,*,#1355,.F.);
#1404 = ADVANCED_FACE('',(#1405),#545,.F.);
#1405 = FACE_BOUND('',#1406,.T.);
#1406 = EDGE_LOOP('',(#1407,#1436,#1457,#1458));
#1407 = ORIENTED_EDGE('',*,*,#1408,.F.);
#1408 = EDGE_CURVE('',#1409,#1409,#1411,.T.);
#1409 = VERTEX_POINT('',#1410);
#1410 = CARTESIAN_POINT('',(21.651596988934,11.75,59.));
#1411 = SURFACE_CURVE('',#1412,(#1417,#1424),.PCURVE_S1.);
#1412 = CIRCLE('',#1413,1.3);
#1413 = AXIS2_PLACEMENT_3D('',#1414,#1415,#1416);
#1414 = CARTESIAN_POINT('',(20.351596988934,11.75,59.));
#1415 = DIRECTION('',(0.,0.,1.));
#1416 = DIRECTION('',(1.,0.,0.));
#1417 = PCURVE('',#545,#1418);
#1418 = DEFINITIONAL_REPRESENTATION('',(#1419),#1423);
#1419 = LINE('',#1420,#1421);
#1420 = CARTESIAN_POINT('',(-0.,0.));
#1421 = VECTOR('',#1422,1.);
#1422 = DIRECTION('',(-1.,0.));
#1423 = ( GEOMETRIC_REPRESENTATION_CONTEXT(2) 
PARAMETRIC_REPRESENTATION_CONTEXT() REPRESENTATION_CONTEXT('2D SPACE',''
  ) );
#1424 = PCURVE('',#1425,#1430);
#1425 = PLANE('',#1426);
#1426 = AXIS2_PLACEMENT_3D('',#1427,#1428,#1429);
#1427 = CARTESIAN_POINT('',(20.351596988934,11.75,59.));
#1428 = DIRECTION('',(0.,0.,1.));
#1429 = DIRECTION('',(1.,0.,-0.));
#1430 = DEFINITIONAL_REPRESENTATION('',(#1431),#1435);
#1431 = CIRCLE('',#1432,1.3);
#1432 = AXIS2_PLACEMENT_2D('',#1433,#1434);
#1433 = CARTESIAN_POINT('',(0.,0.));
#1434 = DIRECTION('',(1.,0.));
#1435 = ( GEOMETRIC_REPRESENTATION_CONTEXT(2) 
PARAMETRIC_REPRESENTATION_CONTEXT() REPRESENTATION_CONTEXT('2D SPACE',''
  ) );
#1436 = ORIENTED_EDGE('',*,*,#1437,.T.);
#1437 = EDGE_CURVE('',#1409,#525,#1438,.T.);
#1438 = SEAM_CURVE('',#1439,(#1443,#1450),.PCURVE_S1.);
#1439 = LINE('',#1440,#1441);
#1440 = CARTESIAN_POINT('',(21.651596988934,11.75,59.));
#1441 = VECTOR('',#1442,1.);
#1442 = DIRECTION('',(0.,0.,1.));
#1443 = PCURVE('',#545,#1444);
#1444 = DEFINITIONAL_REPRESENTATION('',(#1445),#1449);
#1445 = LINE('',#1446,#1447);
#1446 = CARTESIAN_POINT('',(-6.28318530718,0.));
#1447 = VECTOR('',#1448,1.);
#1448 = DIRECTION('',(-0.,-1.));
#1449 = ( GEOMETRIC_REPRESENTATION_CONTEXT(2) 
PARAMETRIC_REPRESENTATION_CONTEXT() REPRESENTATION_CONTEXT('2D SPACE',''
  ) );
#1450 = PCURVE('',#545,#1451);
#1451 = DEFINITIONAL_REPRESENTATION('',(#1452),#1456);
#1452 = LINE('',#1453,#1454);
#1453 = CARTESIAN_POINT('',(-0.,0.));
#1454 = VECTOR('',#1455,1.);
#1455 = DIRECTION('',(-0.,-1.));
#1456 = ( GEOMETRIC_REPRESENTATION_CONTEXT(2) 
PARAMETRIC_REPRESENTATION_CONTEXT() REPRESENTATION_CONTEXT('2D SPACE',''
  ) );
#1457 = ORIENTED_EDGE('',*,*,#524,.F.);
#1458 = ORIENTED_EDGE('',*,*,#1437,.F.);
#1459 = ADVANCED_FACE('',(#1460),#580,.F.);
#1460 = FACE_BOUND('',#1461,.T.);
#1461 = EDGE_LOOP('',(#1462,#1491,#1512,#1513));
#1462 = ORIENTED_EDGE('',*,*,#1463,.F.);
#1463 = EDGE_CURVE('',#1464,#1464,#1466,.T.);
#1464 = VERTEX_POINT('',#1465);
#1465 = CARTESIAN_POINT('',(1.3,23.5,59.));
#1466 = SURFACE_CURVE('',#1467,(#1472,#1479),.PCURVE_S1.);
#1467 = CIRCLE('',#1468,1.3);
#1468 = AXIS2_PLACEMENT_3D('',#1469,#1470,#1471);
#1469 = CARTESIAN_POINT('',(1.438959988998E-15,23.5,59.));
#1470 = DIRECTION('',(0.,0.,1.));
#1471 = DIRECTION('',(1.,0.,0.));
#1472 = PCURVE('',#580,#1473);
#1473 = DEFINITIONAL_REPRESENTATION('',(#1474),#1478);
#1474 = LINE('',#1475,#1476);
#1475 = CARTESIAN_POINT('',(-0.,0.));
#1476 = VECTOR('',#1477,1.);
#1477 = DIRECTION('',(-1.,0.));
#1478 = ( GEOMETRIC_REPRESENTATION_CONTEXT(2) 
PARAMETRIC_REPRESENTATION_CONTEXT() REPRESENTATION_CONTEXT('2D SPACE',''
  ) );
#1479 = PCURVE('',#1480,#1485);
#1480 = PLANE('',#1481);
#1481 = AXIS2_PLACEMENT_3D('',#1482,#1483,#1484);
#1482 = CARTESIAN_POINT('',(1.373217674934E-15,23.5,59.));
#1483 = DIRECTION('',(0.,0.,1.));
#1484 = DIRECTION('',(1.,0.,-0.));
#1485 = DEFINITIONAL_REPRESENTATION('',(#1486),#1490);
#1486 = CIRCLE('',#1487,1.3);
#1487 = AXIS2_PLACEMENT_2D('',#1488,#1489);
#1488 = CARTESIAN_POINT('',(6.57423140644E-17,0.));
#1489 = DIRECTION('',(1.,0.));
#1490 = ( GEOMETRIC_REPRESENTATION_CONTEXT(2) 
PARAMETRIC_REPRESENTATION_CONTEXT() REPRESENTATION_CONTEXT('2D SPACE',''
  ) );
#1491 = ORIENTED_EDGE('',*,*,#1492,.T.);
#1492 = EDGE_CURVE('',#1464,#560,#1493,.T.);
#1493 = SEAM_CURVE('',#1494,(#1498,#1505),.PCURVE_S1.);
#1494 = LINE('',#1495,#1496);
#1495 = CARTESIAN_POINT('',(1.3,23.5,59.));
#1496 = VECTOR('',#1497,1.);
#1497 = DIRECTION('',(0.,0.,1.));
#1498 = PCURVE('',#580,#1499);
#1499 = DEFINITIONAL_REPRESENTATION('',(#1500),#1504);
#1500 = LINE('',#1501,#1502);
#1501 = CARTESIAN_POINT('',(-6.28318530718,0.));
#1502 = VECTOR('',#1503,1.);
#1503 = DIRECTION('',(-0.,-1.));
#1504 = ( GEOMETRIC_REPRESENTATION_CONTEXT(2) 
PARAMETRIC_REPRESENTATION_CONTEXT() REPRESENTATION_CONTEXT('2D SPACE',''
  ) );
#1505 = PCURVE('',#580,#1506);
#1506 = DEFINITIONAL_REPRESENTATION('',(#1507),#1511);
#1507 = LINE('',#1508,#1509);
#1508 = CARTESIAN_POINT('',(-0.,0.));
#1509 = VECTOR('',#1510,1.);
#1510 = DIRECTION('',(-0.,-1.));
#1511 = ( GEOMETRIC_REPRESENTATION_CONTEXT(2) 
PARAMETRIC_REPRESENTATION_CONTEXT() REPRESENTATION_CONTEXT('2D SPACE',''
  ) );
#1512 = ORIENTED_EDGE('',*,*,#559,.F.);
#1513 = ORIENTED_EDGE('',*,*,#1492,.F.);
#1514 = ADVANCED_FACE('',(#1515),#619,.F.);
#1515 = FACE_BOUND('',#1516,.T.);
#1516 = EDGE_LOOP('',(#1517,#1518,#1541,#1568));
#1517 = ORIENTED_EDGE('',*,*,#598,.T.);
#1518 = ORIENTED_EDGE('',*,*,#1519,.T.);
#1519 = EDGE_CURVE('',#599,#1520,#1522,.T.);
#1520 = VERTEX_POINT('',#1521);
#1521 = CARTESIAN_POINT('',(-11.2,-21.65063509461,13.));
#1522 = SEAM_CURVE('',#1523,(#1527,#1534),.PCURVE_S1.);
#1523 = LINE('',#1524,#1525);
#1524 = CARTESIAN_POINT('',(-11.2,-21.65063509461,4.));
#1525 = VECTOR('',#1526,1.);
#1526 = DIRECTION('',(0.,0.,1.));
#1527 = PCURVE('',#619,#1528);
#1528 = DEFINITIONAL_REPRESENTATION('',(#1529),#1533);
#1529 = LINE('',#1530,#1531);
#1530 = CARTESIAN_POINT('',(-6.28318530718,0.));
#1531 = VECTOR('',#1532,1.);
#1532 = DIRECTION('',(-0.,-1.));
#1533 = ( GEOMETRIC_REPRESENTATION_CONTEXT(2) 
PARAMETRIC_REPRESENTATION_CONTEXT() REPRESENTATION_CONTEXT('2D SPACE',''
  ) );
#1534 = PCURVE('',#619,#1535);
#1535 = DEFINITIONAL_REPRESENTATION('',(#1536),#1540);
#1536 = LINE('',#1537,#1538);
#1537 = CARTESIAN_POINT('',(-0.,0.));
#1538 = VECTOR('',#1539,1.);
#1539 = DIRECTION('',(-0.,-1.));
#1540 = ( GEOMETRIC_REPRESENTATION_CONTEXT(2) 
PARAMETRIC_REPRESENTATION_CONTEXT() REPRESENTATION_CONTEXT('2D SPACE',''
  ) );
#1541 = ORIENTED_EDGE('',*,*,#1542,.T.);
#1542 = EDGE_CURVE('',#1520,#1520,#1543,.T.);
#1543 = SURFACE_CURVE('',#1544,(#1549,#1556),.PCURVE_S1.);
#1544 = CIRCLE('',#1545,1.3);
#1545 = AXIS2_PLACEMENT_3D('',#1546,#1547,#1548);
#1546 = CARTESIAN_POINT('',(-12.5,-21.65063509461,13.));
#1547 = DIRECTION('',(0.,0.,1.));
#1548 = DIRECTION('',(1.,0.,0.));
#1549 = PCURVE('',#619,#1550);
#1550 = DEFINITIONAL_REPRESENTATION('',(#1551),#1555);
#1551 = LINE('',#1552,#1553);
#1552 = CARTESIAN_POINT('',(-0.,-9.));
#1553 = VECTOR('',#1554,1.);
#1554 = DIRECTION('',(-1.,0.));
#1555 = ( GEOMETRIC_REPRESENTATION_CONTEXT(2) 
PARAMETRIC_REPRESENTATION_CONTEXT() REPRESENTATION_CONTEXT('2D SPACE',''
  ) );
#1556 = PCURVE('',#1557,#1562);
#1557 = PLANE('',#1558);
#1558 = AXIS2_PLACEMENT_3D('',#1559,#1560,#1561);
#1559 = CARTESIAN_POINT('',(-12.5,-21.65063509461,13.));
#1560 = DIRECTION('',(0.,0.,1.));
#1561 = DIRECTION('',(1.,0.,-0.));
#1562 = DEFINITIONAL_REPRESENTATION('',(#1563),#1567);
#1563 = CIRCLE('',#1564,1.3);
#1564 = AXIS2_PLACEMENT_2D('',#1565,#1566);
#1565 = CARTESIAN_POINT('',(0.,0.));
#1566 = DIRECTION('',(1.,0.));
#1567 = ( GEOMETRIC_REPRESENTATION_CONTEXT(2) 
PARAMETRIC_REPRESENTATION_CONTEXT() REPRESENTATION_CONTEXT('2D SPACE',''
  ) );
#1568 = ORIENTED_EDGE('',*,*,#1519,.F.);
#1569 = ADVANCED_FACE('',(#1570,#1868),#652,.F.);
#1570 = FACE_BOUND('',#1571,.T.);
#1571 = EDGE_LOOP('',(#1572,#1573,#1594,#1627,#1650,#1677,#1678,#1706,
    #1725,#1726,#1747,#1775,#1794,#1795,#1816,#1849));
#1572 = ORIENTED_EDGE('',*,*,#633,.F.);
#1573 = ORIENTED_EDGE('',*,*,#1574,.F.);
#1574 = EDGE_CURVE('',#1575,#634,#1577,.T.);
#1575 = VERTEX_POINT('',#1576);
#1576 = CARTESIAN_POINT('',(27.935,1.906770830488,13.));
#1577 = SURFACE_CURVE('',#1578,(#1582,#1588),.PCURVE_S1.);
#1578 = LINE('',#1579,#1580);
#1579 = CARTESIAN_POINT('',(27.935,1.906770830488,5.));
#1580 = VECTOR('',#1581,1.);
#1581 = DIRECTION('',(-0.,-0.,-1.));
#1582 = PCURVE('',#652,#1583);
#1583 = DEFINITIONAL_REPRESENTATION('',(#1584),#1587);
#1584 = B_SPLINE_CURVE_WITH_KNOTS('',1,(#1585,#1586),.UNSPECIFIED.,.F.,
  .F.,(2,2),(-8.0000006,5.999999999062E-07),.PIECEWISE_BEZIER_KNOTS.);
#1585 = CARTESIAN_POINT('',(-6.815170283453E-02,-8.0000006));
#1586 = CARTESIAN_POINT('',(-6.815170283453E-02,5.999999999062E-07));
#1587 = ( GEOMETRIC_REPRESENTATION_CONTEXT(2) 
PARAMETRIC_REPRESENTATION_CONTEXT() REPRESENTATION_CONTEXT('2D SPACE',''
  ) );
#1588 = PCURVE('',#681,#1589);
#1589 = DEFINITIONAL_REPRESENTATION('',(#1590),#1593);
#1590 = B_SPLINE_CURVE_WITH_KNOTS('',1,(#1591,#1592),.UNSPECIFIED.,.F.,
  .F.,(2,2),(-8.0000006,5.999999999062E-07),.PIECEWISE_BEZIER_KNOTS.);
#1591 = CARTESIAN_POINT('',(-0.576140655324,-8.0000006));
#1592 = CARTESIAN_POINT('',(-0.576140655324,5.999999999062E-07));
#1593 = ( GEOMETRIC_REPRESENTATION_CONTEXT(2) 
PARAMETRIC_REPRESENTATION_CONTEXT() REPRESENTATION_CONTEXT('2D SPACE',''
  ) );
#1594 = ORIENTED_EDGE('',*,*,#1595,.T.);
#1595 = EDGE_CURVE('',#1575,#1596,#1598,.T.);
#1596 = VERTEX_POINT('',#1597);
#1597 = CARTESIAN_POINT('',(28.,2.292073341162E-15,13.));
#1598 = SURFACE_CURVE('',#1599,(#1604,#1611),.PCURVE_S1.);
#1599 = CIRCLE('',#1600,28.);
#1600 = AXIS2_PLACEMENT_3D('',#1601,#1602,#1603);
#1601 = CARTESIAN_POINT('',(1.471511085026E-13,2.292073341162E-15,13.));
#1602 = DIRECTION('',(0.,0.,-1.));
#1603 = DIRECTION('',(1.,0.,0.));
#1604 = PCURVE('',#652,#1605);
#1605 = DEFINITIONAL_REPRESENTATION('',(#1606),#1610);
#1606 = LINE('',#1607,#1608);
#1607 = CARTESIAN_POINT('',(-6.28318530718,-8.));
#1608 = VECTOR('',#1609,1.);
#1609 = DIRECTION('',(1.,-0.));
#1610 = ( GEOMETRIC_REPRESENTATION_CONTEXT(2) 
PARAMETRIC_REPRESENTATION_CONTEXT() REPRESENTATION_CONTEXT('2D SPACE',''
  ) );
#1611 = PCURVE('',#1612,#1617);
#1612 = PLANE('',#1613);
#1613 = AXIS2_PLACEMENT_3D('',#1614,#1615,#1616);
#1614 = CARTESIAN_POINT('',(25.,2.47821720825E-16,13.));
#1615 = DIRECTION('',(0.,0.,1.));
#1616 = DIRECTION('',(1.,0.,-0.));
#1617 = DEFINITIONAL_REPRESENTATION('',(#1618),#1626);
#1618 = ( BOUNDED_CURVE() B_SPLINE_CURVE(2,(#1619,#1620,#1621,#1622,
#1623,#1624,#1625),.UNSPECIFIED.,.T.,.F.) B_SPLINE_CURVE_WITH_KNOTS((1,2
    ,2,2,2,1),(-2.094395102393,0.,2.094395102393,4.188790204786,
6.28318530718,8.377580409573),.UNSPECIFIED.) CURVE() 
GEOMETRIC_REPRESENTATION_ITEM() RATIONAL_B_SPLINE_CURVE((1.,0.5,1.,0.5,
1.,0.5,1.)) REPRESENTATION_ITEM('') );
#1619 = CARTESIAN_POINT('',(3.,2.044251620337E-15));
#1620 = CARTESIAN_POINT('',(3.,-48.49742261192));
#1621 = CARTESIAN_POINT('',(-39.,-24.24871130596));
#1622 = CARTESIAN_POINT('',(-81.,-4.813770454889E-15));
#1623 = CARTESIAN_POINT('',(-39.,24.248711305964));
#1624 = CARTESIAN_POINT('',(3.,48.497422611929));
#1625 = CARTESIAN_POINT('',(3.,2.044251620337E-15));
#1626 = ( GEOMETRIC_REPRESENTATION_CONTEXT(2) 
PARAMETRIC_REPRESENTATION_CONTEXT() REPRESENTATION_CONTEXT('2D SPACE',''
  ) );
#1627 = ORIENTED_EDGE('',*,*,#1628,.T.);
#1628 = EDGE_CURVE('',#1596,#1629,#1631,.T.);
#1629 = VERTEX_POINT('',#1630);
#1630 = CARTESIAN_POINT('',(28.,2.292073341162E-15,59.));
#1631 = SEAM_CURVE('',#1632,(#1636,#1643),.PCURVE_S1.);
#1632 = LINE('',#1633,#1634);
#1633 = CARTESIAN_POINT('',(28.,2.292073341162E-15,5.));
#1634 = VECTOR('',#1635,1.);
#1635 = DIRECTION('',(0.,0.,1.));
#1636 = PCURVE('',#652,#1637);
#1637 = DEFINITIONAL_REPRESENTATION('',(#1638),#1642);
#1638 = LINE('',#1639,#1640);
#1639 = CARTESIAN_POINT('',(-6.28318530718,0.));
#1640 = VECTOR('',#1641,1.);
#1641 = DIRECTION('',(-0.,-1.));
#1642 = ( GEOMETRIC_REPRESENTATION_CONTEXT(2) 
PARAMETRIC_REPRESENTATION_CONTEXT() REPRESENTATION_CONTEXT('2D SPACE',''
  ) );
#1643 = PCURVE('',#652,#1644);
#1644 = DEFINITIONAL_REPRESENTATION('',(#1645),#1649);
#1645 = LINE('',#1646,#1647);
#1646 = CARTESIAN_POINT('',(-0.,0.));
#1647 = VECTOR('',#1648,1.);
#1648 = DIRECTION('',(-0.,-1.));
#1649 = ( GEOMETRIC_REPRESENTATION_CONTEXT(2) 
PARAMETRIC_REPRESENTATION_CONTEXT() REPRESENTATION_CONTEXT('2D SPACE',''
  ) );
#1650 = ORIENTED_EDGE('',*,*,#1651,.T.);
#1651 = EDGE_CURVE('',#1629,#1629,#1652,.T.);
#1652 = SURFACE_CURVE('',#1653,(#1658,#1665),.PCURVE_S1.);
#1653 = CIRCLE('',#1654,28.);
#1654 = AXIS2_PLACEMENT_3D('',#1655,#1656,#1657);
#1655 = CARTESIAN_POINT('',(1.471511085026E-13,2.292073341162E-15,59.));
#1656 = DIRECTION('',(0.,0.,1.));
#1657 = DIRECTION('',(1.,0.,0.));
#1658 = PCURVE('',#652,#1659);
#1659 = DEFINITIONAL_REPRESENTATION('',(#1660),#1664);
#1660 = LINE('',#1661,#1662);
#1661 = CARTESIAN_POINT('',(-0.,-54.));
#1662 = VECTOR('',#1663,1.);
#1663 = DIRECTION('',(-1.,0.));
#1664 = ( GEOMETRIC_REPRESENTATION_CONTEXT(2) 
PARAMETRIC_REPRESENTATION_CONTEXT() REPRESENTATION_CONTEXT('2D SPACE',''
  ) );
#1665 = PCURVE('',#1666,#1671);
#1666 = PLANE('',#1667);
#1667 = AXIS2_PLACEMENT_3D('',#1668,#1669,#1670);
#1668 = CARTESIAN_POINT('',(-1.411551104557E-15,1.557633849995E-15,59.)
  );
#1669 = DIRECTION('',(0.,0.,1.));
#1670 = DIRECTION('',(1.,0.,-0.));
#1671 = DEFINITIONAL_REPRESENTATION('',(#1672),#1676);
#1672 = CIRCLE('',#1673,28.);
#1673 = AXIS2_PLACEMENT_2D('',#1674,#1675);
#1674 = CARTESIAN_POINT('',(1.485626596071E-13,7.344394911669E-16));
#1675 = DIRECTION('',(1.,0.));
#1676 = ( GEOMETRIC_REPRESENTATION_CONTEXT(2) 
PARAMETRIC_REPRESENTATION_CONTEXT() REPRESENTATION_CONTEXT('2D SPACE',''
  ) );
#1677 = ORIENTED_EDGE('',*,*,#1628,.F.);
#1678 = ORIENTED_EDGE('',*,*,#1679,.T.);
#1679 = EDGE_CURVE('',#1596,#1680,#1682,.T.);
#1680 = VERTEX_POINT('',#1681);
#1681 = CARTESIAN_POINT('',(27.935,-1.906770830488,13.));
#1682 = SURFACE_CURVE('',#1683,(#1688,#1695),.PCURVE_S1.);
#1683 = CIRCLE('',#1684,28.);
#1684 = AXIS2_PLACEMENT_3D('',#1685,#1686,#1687);
#1685 = CARTESIAN_POINT('',(1.471511085026E-13,2.292073341162E-15,13.));
#1686 = DIRECTION('',(0.,0.,-1.));
#1687 = DIRECTION('',(1.,0.,0.));
#1688 = PCURVE('',#652,#1689);
#1689 = DEFINITIONAL_REPRESENTATION('',(#1690),#1694);
#1690 = LINE('',#1691,#1692);
#1691 = CARTESIAN_POINT('',(-6.28318530718,-8.));
#1692 = VECTOR('',#1693,1.);
#1693 = DIRECTION('',(1.,-0.));
#1694 = ( GEOMETRIC_REPRESENTATION_CONTEXT(2) 
PARAMETRIC_REPRESENTATION_CONTEXT() REPRESENTATION_CONTEXT('2D SPACE',''
  ) );
#1695 = PCURVE('',#1612,#1696);
#1696 = DEFINITIONAL_REPRESENTATION('',(#1697),#1705);
#1697 = ( BOUNDED_CURVE() B_SPLINE_CURVE(2,(#1698,#1699,#1700,#1701,
#1702,#1703,#1704),.UNSPECIFIED.,.T.,.F.) B_SPLINE_CURVE_WITH_KNOTS((1,2
    ,2,2,2,1),(-2.094395102393,0.,2.094395102393,4.188790204786,
6.28318530718,8.377580409573),.UNSPECIFIED.) CURVE() 
GEOMETRIC_REPRESENTATION_ITEM() RATIONAL_B_SPLINE_CURVE((1.,0.5,1.,0.5,
1.,0.5,1.)) REPRESENTATION_ITEM('') );
#1698 = CARTESIAN_POINT('',(3.,2.044251620337E-15));
#1699 = CARTESIAN_POINT('',(3.,-48.49742261192));
#1700 = CARTESIAN_POINT('',(-39.,-24.24871130596));
#1701 = CARTESIAN_POINT('',(-81.,-4.813770454889E-15));
#1702 = CARTESIAN_POINT('',(-39.,24.248711305964));
#1703 = CARTESIAN_POINT('',(3.,48.497422611929));
#1704 = CARTESIAN_POINT('',(3.,2.044251620337E-15));
#1705 = ( GEOMETRIC_REPRESENTATION_CONTEXT(2) 
PARAMETRIC_REPRESENTATION_CONTEXT() REPRESENTATION_CONTEXT('2D SPACE',''
  ) );
#1706 = ORIENTED_EDGE('',*,*,#1707,.T.);
#1707 = EDGE_CURVE('',#1680,#665,#1708,.T.);
#1708 = SURFACE_CURVE('',#1709,(#1713,#1719),.PCURVE_S1.);
#1709 = LINE('',#1710,#1711);
#1710 = CARTESIAN_POINT('',(27.935,-1.906770830488,5.));
#1711 = VECTOR('',#1712,1.);
#1712 = DIRECTION('',(-0.,-0.,-1.));
#1713 = PCURVE('',#652,#1714);
#1714 = DEFINITIONAL_REPRESENTATION('',(#1715),#1718);
#1715 = B_SPLINE_CURVE_WITH_KNOTS('',1,(#1716,#1717),.UNSPECIFIED.,.F.,
  .F.,(2,2),(-8.0000006,5.999999999062E-07),.PIECEWISE_BEZIER_KNOTS.);
#1716 = CARTESIAN_POINT('',(-6.215033604345,-8.0000006));
#1717 = CARTESIAN_POINT('',(-6.215033604345,5.999999999062E-07));
#1718 = ( GEOMETRIC_REPRESENTATION_CONTEXT(2) 
PARAMETRIC_REPRESENTATION_CONTEXT() REPRESENTATION_CONTEXT('2D SPACE',''
  ) );
#1719 = PCURVE('',#681,#1720);
#1720 = DEFINITIONAL_REPRESENTATION('',(#1721),#1724);
#1721 = B_SPLINE_CURVE_WITH_KNOTS('',1,(#1722,#1723),.UNSPECIFIED.,.F.,
  .F.,(2,2),(-8.0000006,5.999999999062E-07),.PIECEWISE_BEZIER_KNOTS.);
#1722 = CARTESIAN_POINT('',(-5.707044651855,-8.0000006));
#1723 = CARTESIAN_POINT('',(-5.707044651855,5.999999999062E-07));
#1724 = ( GEOMETRIC_REPRESENTATION_CONTEXT(2) 
PARAMETRIC_REPRESENTATION_CONTEXT() REPRESENTATION_CONTEXT('2D SPACE',''
  ) );
#1725 = ORIENTED_EDGE('',*,*,#693,.F.);
#1726 = ORIENTED_EDGE('',*,*,#1727,.F.);
#1727 = EDGE_CURVE('',#1728,#694,#1730,.T.);
#1728 = VERTEX_POINT('',#1729);
#1729 = CARTESIAN_POINT('',(-12.3161880216,-25.14580506996,13.));
#1730 = SURFACE_CURVE('',#1731,(#1735,#1741),.PCURVE_S1.);
#1731 = LINE('',#1732,#1733);
#1732 = CARTESIAN_POINT('',(-12.3161880216,-25.14580506996,5.));
#1733 = VECTOR('',#1734,1.);
#1734 = DIRECTION('',(-0.,-0.,-1.));
#1735 = PCURVE('',#652,#1736);
#1736 = DEFINITIONAL_REPRESENTATION('',(#1737),#1740);
#1737 = B_SPLINE_CURVE_WITH_KNOTS('',1,(#1738,#1739),.UNSPECIFIED.,.F.,
  .F.,(2,2),(-8.0000006,5.999999999062E-07),.PIECEWISE_BEZIER_KNOTS.);
#1738 = CARTESIAN_POINT('',(-4.256941907621,-8.0000006));
#1739 = CARTESIAN_POINT('',(-4.256941907621,5.999999999062E-07));
#1740 = ( GEOMETRIC_REPRESENTATION_CONTEXT(2) 
PARAMETRIC_REPRESENTATION_CONTEXT() REPRESENTATION_CONTEXT('2D SPACE',''
  ) );
#1741 = PCURVE('',#738,#1742);
#1742 = DEFINITIONAL_REPRESENTATION('',(#1743),#1746);
#1743 = B_SPLINE_CURVE_WITH_KNOTS('',1,(#1744,#1745),.UNSPECIFIED.,.F.,
  .F.,(2,2),(-8.,0.),.PIECEWISE_BEZIER_KNOTS.);
#1744 = CARTESIAN_POINT('',(-4.764930860111,-8.));
#1745 = CARTESIAN_POINT('',(-4.764930860111,0.));
#1746 = ( GEOMETRIC_REPRESENTATION_CONTEXT(2) 
PARAMETRIC_REPRESENTATION_CONTEXT() REPRESENTATION_CONTEXT('2D SPACE',''
  ) );
#1747 = ORIENTED_EDGE('',*,*,#1748,.T.);
#1748 = EDGE_CURVE('',#1728,#1749,#1751,.T.);
#1749 = VERTEX_POINT('',#1750);
#1750 = CARTESIAN_POINT('',(-15.61881197839,-23.23903423947,13.));
#1751 = SURFACE_CURVE('',#1752,(#1757,#1764),.PCURVE_S1.);
#1752 = CIRCLE('',#1753,28.);
#1753 = AXIS2_PLACEMENT_3D('',#1754,#1755,#1756);
#1754 = CARTESIAN_POINT('',(1.471511085026E-13,2.292073341162E-15,13.));
#1755 = DIRECTION('',(0.,0.,-1.));
#1756 = DIRECTION('',(1.,0.,0.));
#1757 = PCURVE('',#652,#1758);
#1758 = DEFINITIONAL_REPRESENTATION('',(#1759),#1763);
#1759 = LINE('',#1760,#1761);
#1760 = CARTESIAN_POINT('',(-6.28318530718,-8.));
#1761 = VECTOR('',#1762,1.);
#1762 = DIRECTION('',(1.,-0.));
#1763 = ( GEOMETRIC_REPRESENTATION_CONTEXT(2) 
PARAMETRIC_REPRESENTATION_CONTEXT() REPRESENTATION_CONTEXT('2D SPACE',''
  ) );
#1764 = PCURVE('',#1557,#1765);
#1765 = DEFINITIONAL_REPRESENTATION('',(#1766),#1774);
#1766 = ( BOUNDED_CURVE() B_SPLINE_CURVE(2,(#1767,#1768,#1769,#1770,
#1771,#1772,#1773),.UNSPECIFIED.,.T.,.F.) B_SPLINE_CURVE_WITH_KNOTS((1,2
    ,2,2,2,1),(-2.094395102393,0.,2.094395102393,4.188790204786,
6.28318530718,8.377580409573),.UNSPECIFIED.) CURVE() 
GEOMETRIC_REPRESENTATION_ITEM() RATIONAL_B_SPLINE_CURVE((1.,0.5,1.,0.5,
1.,0.5,1.)) REPRESENTATION_ITEM('') );
#1767 = CARTESIAN_POINT('',(40.5,21.650635094611));
#1768 = CARTESIAN_POINT('',(40.5,-26.84678751731));
#1769 = CARTESIAN_POINT('',(-1.5,-2.598076211353));
#1770 = CARTESIAN_POINT('',(-43.5,21.650635094611));
#1771 = CARTESIAN_POINT('',(-1.5,45.899346400575));
#1772 = CARTESIAN_POINT('',(40.5,70.14805770654));
#1773 = CARTESIAN_POINT('',(40.5,21.650635094611));
#1774 = ( GEOMETRIC_REPRESENTATION_CONTEXT(2) 
PARAMETRIC_REPRESENTATION_CONTEXT() REPRESENTATION_CONTEXT('2D SPACE',''
  ) );
#1775 = ORIENTED_EDGE('',*,*,#1776,.T.);
#1776 = EDGE_CURVE('',#1749,#718,#1777,.T.);
#1777 = SURFACE_CURVE('',#1778,(#1782,#1788),.PCURVE_S1.);
#1778 = LINE('',#1779,#1780);
#1779 = CARTESIAN_POINT('',(-15.61881197839,-23.23903423947,5.));
#1780 = VECTOR('',#1781,1.);
#1781 = DIRECTION('',(-0.,-0.,-1.));
#1782 = PCURVE('',#652,#1783);
#1783 = DEFINITIONAL_REPRESENTATION('',(#1784),#1787);
#1784 = B_SPLINE_CURVE_WITH_KNOTS('',1,(#1785,#1786),.UNSPECIFIED.,.F.,
  .F.,(2,2),(-8.0000006,5.999999999062E-07),.PIECEWISE_BEZIER_KNOTS.);
#1785 = CARTESIAN_POINT('',(-4.120638501952,-8.0000006));
#1786 = CARTESIAN_POINT('',(-4.120638501952,5.999999999062E-07));
#1787 = ( GEOMETRIC_REPRESENTATION_CONTEXT(2) 
PARAMETRIC_REPRESENTATION_CONTEXT() REPRESENTATION_CONTEXT('2D SPACE',''
  ) );
#1788 = PCURVE('',#738,#1789);
#1789 = DEFINITIONAL_REPRESENTATION('',(#1790),#1793);
#1790 = B_SPLINE_CURVE_WITH_KNOTS('',1,(#1791,#1792),.UNSPECIFIED.,.F.,
  .F.,(2,2),(-8.,0.),.PIECEWISE_BEZIER_KNOTS.);
#1791 = CARTESIAN_POINT('',(-9.895834856642,-8.));
#1792 = CARTESIAN_POINT('',(-9.895834856642,0.));
#1793 = ( GEOMETRIC_REPRESENTATION_CONTEXT(2) 
PARAMETRIC_REPRESENTATION_CONTEXT() REPRESENTATION_CONTEXT('2D SPACE',''
  ) );
#1794 = ORIENTED_EDGE('',*,*,#750,.F.);
#1795 = ORIENTED_EDGE('',*,*,#1796,.F.);
#1796 = EDGE_CURVE('',#1797,#751,#1799,.T.);
#1797 = VERTEX_POINT('',#1798);
#1798 = CARTESIAN_POINT('',(-15.61881197839,23.239034239474,13.));
#1799 = SURFACE_CURVE('',#1800,(#1804,#1810),.PCURVE_S1.);
#1800 = LINE('',#1801,#1802);
#1801 = CARTESIAN_POINT('',(-15.61881197839,23.239034239474,5.));
#1802 = VECTOR('',#1803,1.);
#1803 = DIRECTION('',(-0.,-0.,-1.));
#1804 = PCURVE('',#652,#1805);
#1805 = DEFINITIONAL_REPRESENTATION('',(#1806),#1809);
#1806 = B_SPLINE_CURVE_WITH_KNOTS('',1,(#1807,#1808),.UNSPECIFIED.,.F.,
  .F.,(2,2),(-8.0000006,5.999999999062E-07),.PIECEWISE_BEZIER_KNOTS.);
#1807 = CARTESIAN_POINT('',(-2.162546805228,-8.0000006));
#1808 = CARTESIAN_POINT('',(-2.162546805228,5.999999999062E-07));
#1809 = ( GEOMETRIC_REPRESENTATION_CONTEXT(2) 
PARAMETRIC_REPRESENTATION_CONTEXT() REPRESENTATION_CONTEXT('2D SPACE',''
  ) );
#1810 = PCURVE('',#793,#1811);
#1811 = DEFINITIONAL_REPRESENTATION('',(#1812),#1815);
#1812 = B_SPLINE_CURVE_WITH_KNOTS('',1,(#1813,#1814),.UNSPECIFIED.,.F.,
  .F.,(2,2),(-8.,-0.),.PIECEWISE_BEZIER_KNOTS.);
#1813 = CARTESIAN_POINT('',(-2.670535757718,-8.));
#1814 = CARTESIAN_POINT('',(-2.670535757718,0.));
#1815 = ( GEOMETRIC_REPRESENTATION_CONTEXT(2) 
PARAMETRIC_REPRESENTATION_CONTEXT() REPRESENTATION_CONTEXT('2D SPACE',''
  ) );
#1816 = ORIENTED_EDGE('',*,*,#1817,.T.);
#1817 = EDGE_CURVE('',#1797,#1818,#1820,.T.);
#1818 = VERTEX_POINT('',#1819);
#1819 = CARTESIAN_POINT('',(-12.3161880216,25.145805069962,13.));
#1820 = SURFACE_CURVE('',#1821,(#1826,#1833),.PCURVE_S1.);
#1821 = CIRCLE('',#1822,28.);
#1822 = AXIS2_PLACEMENT_3D('',#1823,#1824,#1825);
#1823 = CARTESIAN_POINT('',(1.471511085026E-13,2.292073341162E-15,13.));
#1824 = DIRECTION('',(0.,0.,-1.));
#1825 = DIRECTION('',(1.,0.,0.));
#1826 = PCURVE('',#652,#1827);
#1827 = DEFINITIONAL_REPRESENTATION('',(#1828),#1832);
#1828 = LINE('',#1829,#1830);
#1829 = CARTESIAN_POINT('',(-6.28318530718,-8.));
#1830 = VECTOR('',#1831,1.);
#1831 = DIRECTION('',(1.,-0.));
#1832 = ( GEOMETRIC_REPRESENTATION_CONTEXT(2) 
PARAMETRIC_REPRESENTATION_CONTEXT() REPRESENTATION_CONTEXT('2D SPACE',''
  ) );
#1833 = PCURVE('',#1834,#1839);
#1834 = PLANE('',#1835);
#1835 = AXIS2_PLACEMENT_3D('',#1836,#1837,#1838);
#1836 = CARTESIAN_POINT('',(-12.5,21.650635094611,13.));
#1837 = DIRECTION('',(0.,0.,1.));
#1838 = DIRECTION('',(1.,0.,-0.));
#1839 = DEFINITIONAL_REPRESENTATION('',(#1840),#1848);
#1840 = ( BOUNDED_CURVE() B_SPLINE_CURVE(2,(#1841,#1842,#1843,#1844,
#1845,#1846,#1847),.UNSPECIFIED.,.T.,.F.) B_SPLINE_CURVE_WITH_KNOTS((1,2
    ,2,2,2,1),(-2.094395102393,0.,2.094395102393,4.188790204786,
6.28318530718,8.377580409573),.UNSPECIFIED.) CURVE() 
GEOMETRIC_REPRESENTATION_ITEM() RATIONAL_B_SPLINE_CURVE((1.,0.5,1.,0.5,
1.,0.5,1.)) REPRESENTATION_ITEM('') );
#1841 = CARTESIAN_POINT('',(40.5,-21.65063509461));
#1842 = CARTESIAN_POINT('',(40.5,-70.14805770654));
#1843 = CARTESIAN_POINT('',(-1.5,-45.89934640057));
#1844 = CARTESIAN_POINT('',(-43.5,-21.65063509461));
#1845 = CARTESIAN_POINT('',(-1.5,2.598076211353));
#1846 = CARTESIAN_POINT('',(40.5,26.846787517318));
#1847 = CARTESIAN_POINT('',(40.5,-21.65063509461));
#1848 = ( GEOMETRIC_REPRESENTATION_CONTEXT(2) 
PARAMETRIC_REPRESENTATION_CONTEXT() REPRESENTATION_CONTEXT('2D SPACE',''
  ) );
#1849 = ORIENTED_EDGE('',*,*,#1850,.T.);
#1850 = EDGE_CURVE('',#1818,#636,#1851,.T.);
#1851 = SURFACE_CURVE('',#1852,(#1856,#1862),.PCURVE_S1.);
#1852 = LINE('',#1853,#1854);
#1853 = CARTESIAN_POINT('',(-12.3161880216,25.145805069962,5.));
#1854 = VECTOR('',#1855,1.);
#1855 = DIRECTION('',(-0.,-0.,-1.));
#1856 = PCURVE('',#652,#1857);
#1857 = DEFINITIONAL_REPRESENTATION('',(#1858),#1861);
#1858 = B_SPLINE_CURVE_WITH_KNOTS('',1,(#1859,#1860),.UNSPECIFIED.,.F.,
  .F.,(2,2),(-8.0000006,5.999999999062E-07),.PIECEWISE_BEZIER_KNOTS.);
#1859 = CARTESIAN_POINT('',(-2.026243399559,-8.0000006));
#1860 = CARTESIAN_POINT('',(-2.026243399559,5.999999999062E-07));
#1861 = ( GEOMETRIC_REPRESENTATION_CONTEXT(2) 
PARAMETRIC_REPRESENTATION_CONTEXT() REPRESENTATION_CONTEXT('2D SPACE',''
  ) );
#1862 = PCURVE('',#793,#1863);
#1863 = DEFINITIONAL_REPRESENTATION('',(#1864),#1867);
#1864 = B_SPLINE_CURVE_WITH_KNOTS('',1,(#1865,#1866),.UNSPECIFIED.,.F.,
  .F.,(2,2),(-8.,0.),.PIECEWISE_BEZIER_KNOTS.);
#1865 = CARTESIAN_POINT('',(-7.801439754248,-8.));
#1866 = CARTESIAN_POINT('',(-7.801439754248,0.));
#1867 = ( GEOMETRIC_REPRESENTATION_CONTEXT(2) 
PARAMETRIC_REPRESENTATION_CONTEXT() REPRESENTATION_CONTEXT('2D SPACE',''
  ) );
#1868 = FACE_BOUND('',#1869,.T.);
#1869 = EDGE_LOOP('',(#1870));
#1870 = ORIENTED_EDGE('',*,*,#902,.T.);
#1871 = ADVANCED_FACE('',(#1872),#681,.T.);
#1872 = FACE_BOUND('',#1873,.F.);
#1873 = EDGE_LOOP('',(#1874,#1875,#1876,#1898));
#1874 = ORIENTED_EDGE('',*,*,#664,.F.);
#1875 = ORIENTED_EDGE('',*,*,#1574,.F.);
#1876 = ORIENTED_EDGE('',*,*,#1877,.T.);
#1877 = EDGE_CURVE('',#1575,#1680,#1878,.T.);
#1878 = SURFACE_CURVE('',#1879,(#1884,#1891),.PCURVE_S1.);
#1879 = CIRCLE('',#1880,3.5);
#1880 = AXIS2_PLACEMENT_3D('',#1881,#1882,#1883);
#1881 = CARTESIAN_POINT('',(25.,0.,13.));
#1882 = DIRECTION('',(0.,0.,1.));
#1883 = DIRECTION('',(1.,0.,0.));
#1884 = PCURVE('',#681,#1885);
#1885 = DEFINITIONAL_REPRESENTATION('',(#1886),#1890);
#1886 = LINE('',#1887,#1888);
#1887 = CARTESIAN_POINT('',(-0.,-8.));
#1888 = VECTOR('',#1889,1.);
#1889 = DIRECTION('',(-1.,0.));
#1890 = ( GEOMETRIC_REPRESENTATION_CONTEXT(2) 
PARAMETRIC_REPRESENTATION_CONTEXT() REPRESENTATION_CONTEXT('2D SPACE',''
  ) );
#1891 = PCURVE('',#1612,#1892);
#1892 = DEFINITIONAL_REPRESENTATION('',(#1893),#1897);
#1893 = CIRCLE('',#1894,3.5);
#1894 = AXIS2_PLACEMENT_2D('',#1895,#1896);
#1895 = CARTESIAN_POINT('',(0.,-2.47821720825E-16));
#1896 = DIRECTION('',(1.,0.));
#1897 = ( GEOMETRIC_REPRESENTATION_CONTEXT(2) 
PARAMETRIC_REPRESENTATION_CONTEXT() REPRESENTATION_CONTEXT('2D SPACE',''
  ) );
#1898 = ORIENTED_EDGE('',*,*,#1707,.T.);
#1899 = ADVANCED_FACE('',(#1900),#793,.T.);
#1900 = FACE_BOUND('',#1901,.F.);
#1901 = EDGE_LOOP('',(#1902,#1903,#1904,#1930));
#1902 = ORIENTED_EDGE('',*,*,#774,.T.);
#1903 = ORIENTED_EDGE('',*,*,#1796,.F.);
#1904 = ORIENTED_EDGE('',*,*,#1905,.F.);
#1905 = EDGE_CURVE('',#1818,#1797,#1906,.T.);
#1906 = SURFACE_CURVE('',#1907,(#1912,#1919),.PCURVE_S1.);
#1907 = CIRCLE('',#1908,3.5);
#1908 = AXIS2_PLACEMENT_3D('',#1909,#1910,#1911);
#1909 = CARTESIAN_POINT('',(-12.5,21.650635094611,13.));
#1910 = DIRECTION('',(0.,0.,-1.));
#1911 = DIRECTION('',(5.251770811369E-02,0.998619992958,0.));
#1912 = PCURVE('',#793,#1913);
#1913 = DEFINITIONAL_REPRESENTATION('',(#1914),#1918);
#1914 = LINE('',#1915,#1916);
#1915 = CARTESIAN_POINT('',(-7.801439754248,-8.));
#1916 = VECTOR('',#1917,1.);
#1917 = DIRECTION('',(1.,-0.));
#1918 = ( GEOMETRIC_REPRESENTATION_CONTEXT(2) 
PARAMETRIC_REPRESENTATION_CONTEXT() REPRESENTATION_CONTEXT('2D SPACE',''
  ) );
#1919 = PCURVE('',#1834,#1920);
#1920 = DEFINITIONAL_REPRESENTATION('',(#1921),#1929);
#1921 = ( BOUNDED_CURVE() B_SPLINE_CURVE(2,(#1922,#1923,#1924,#1925,
#1926,#1927,#1928),.UNSPECIFIED.,.T.,.F.) B_SPLINE_CURVE_WITH_KNOTS((1,2
    ,2,2,2,1),(-2.094395102393,0.,2.094395102393,4.188790204786,
6.28318530718,8.377580409573),.UNSPECIFIED.) CURVE() 
GEOMETRIC_REPRESENTATION_ITEM() RATIONAL_B_SPLINE_CURVE((1.,0.5,1.,0.5,
1.,0.5,1.)) REPRESENTATION_ITEM('') );
#1922 = CARTESIAN_POINT('',(0.183811978398,3.495169975351));
#1923 = CARTESIAN_POINT('',(6.237623956796,3.176798289726));
#1924 = CARTESIAN_POINT('',(2.935,-1.906770830488));
#1925 = CARTESIAN_POINT('',(-0.367623956796,-6.990339950703));
#1926 = CARTESIAN_POINT('',(-3.118811978398,-1.588399144863));
#1927 = CARTESIAN_POINT('',(-5.87,3.813541660976));
#1928 = CARTESIAN_POINT('',(0.183811978398,3.495169975351));
#1929 = ( GEOMETRIC_REPRESENTATION_CONTEXT(2) 
PARAMETRIC_REPRESENTATION_CONTEXT() REPRESENTATION_CONTEXT('2D SPACE',''
  ) );
#1930 = ORIENTED_EDGE('',*,*,#1850,.T.);
#1931 = ADVANCED_FACE('',(#1932),#738,.T.);
#1932 = FACE_BOUND('',#1933,.F.);
#1933 = EDGE_LOOP('',(#1934,#1935,#1936,#1962));
#1934 = ORIENTED_EDGE('',*,*,#717,.T.);
#1935 = ORIENTED_EDGE('',*,*,#1727,.F.);
#1936 = ORIENTED_EDGE('',*,*,#1937,.F.);
#1937 = EDGE_CURVE('',#1749,#1728,#1938,.T.);
#1938 = SURFACE_CURVE('',#1939,(#1944,#1951),.PCURVE_S1.);
#1939 = CIRCLE('',#1940,3.5);
#1940 = AXIS2_PLACEMENT_3D('',#1941,#1942,#1943);
#1941 = CARTESIAN_POINT('',(-12.5,-21.65063509461,13.));
#1942 = DIRECTION('',(-0.,0.,-1.));
#1943 = DIRECTION('',(-0.891089136685,-0.453828327104,0.));
#1944 = PCURVE('',#738,#1945);
#1945 = DEFINITIONAL_REPRESENTATION('',(#1946),#1950);
#1946 = LINE('',#1947,#1948);
#1947 = CARTESIAN_POINT('',(-9.895834856642,-8.));
#1948 = VECTOR('',#1949,1.);
#1949 = DIRECTION('',(1.,-0.));
#1950 = ( GEOMETRIC_REPRESENTATION_CONTEXT(2) 
PARAMETRIC_REPRESENTATION_CONTEXT() REPRESENTATION_CONTEXT('2D SPACE',''
  ) );
#1951 = PCURVE('',#1557,#1952);
#1952 = DEFINITIONAL_REPRESENTATION('',(#1953),#1961);
#1953 = ( BOUNDED_CURVE() B_SPLINE_CURVE(2,(#1954,#1955,#1956,#1957,
#1958,#1959,#1960),.UNSPECIFIED.,.T.,.F.) B_SPLINE_CURVE_WITH_KNOTS((1,2
    ,2,2,2,1),(-2.094395102393,0.,2.094395102393,4.188790204786,
6.28318530718,8.377580409573),.UNSPECIFIED.) CURVE() 
GEOMETRIC_REPRESENTATION_ITEM() RATIONAL_B_SPLINE_CURVE((1.,0.5,1.,0.5,
1.,0.5,1.)) REPRESENTATION_ITEM('') );
#1954 = CARTESIAN_POINT('',(-3.118811978398,-1.588399144863));
#1955 = CARTESIAN_POINT('',(-5.87,3.813541660976));
#1956 = CARTESIAN_POINT('',(0.183811978398,3.495169975351));
#1957 = CARTESIAN_POINT('',(6.237623956796,3.176798289726));
#1958 = CARTESIAN_POINT('',(2.935,-1.906770830488));
#1959 = CARTESIAN_POINT('',(-0.367623956796,-6.990339950703));
#1960 = CARTESIAN_POINT('',(-3.118811978398,-1.588399144863));
#1961 = ( GEOMETRIC_REPRESENTATION_CONTEXT(2) 
PARAMETRIC_REPRESENTATION_CONTEXT() REPRESENTATION_CONTEXT('2D SPACE',''
  ) );
#1962 = ORIENTED_EDGE('',*,*,#1776,.T.);
#1963 = ADVANCED_FACE('',(#1964),#828,.F.);
#1964 = FACE_BOUND('',#1965,.T.);
#1965 = EDGE_LOOP('',(#1966,#1967,#1990,#2012));
#1966 = ORIENTED_EDGE('',*,*,#807,.T.);
#1967 = ORIENTED_EDGE('',*,*,#1968,.T.);
#1968 = EDGE_CURVE('',#808,#1969,#1971,.T.);
#1969 = VERTEX_POINT('',#1970);
#1970 = CARTESIAN_POINT('',(-11.2,21.650635094611,13.));
#1971 = SEAM_CURVE('',#1972,(#1976,#1983),.PCURVE_S1.);
#1972 = LINE('',#1973,#1974);
#1973 = CARTESIAN_POINT('',(-11.2,21.650635094611,4.));
#1974 = VECTOR('',#1975,1.);
#1975 = DIRECTION('',(0.,0.,1.));
#1976 = PCURVE('',#828,#1977);
#1977 = DEFINITIONAL_REPRESENTATION('',(#1978),#1982);
#1978 = LINE('',#1979,#1980);
#1979 = CARTESIAN_POINT('',(-6.28318530718,0.));
#1980 = VECTOR('',#1981,1.);
#1981 = DIRECTION('',(-0.,-1.));
#1982 = ( GEOMETRIC_REPRESENTATION_CONTEXT(2) 
PARAMETRIC_REPRESENTATION_CONTEXT() REPRESENTATION_CONTEXT('2D SPACE',''
  ) );
#1983 = PCURVE('',#828,#1984);
#1984 = DEFINITIONAL_REPRESENTATION('',(#1985),#1989);
#1985 = LINE('',#1986,#1987);
#1986 = CARTESIAN_POINT('',(-0.,0.));
#1987 = VECTOR('',#1988,1.);
#1988 = DIRECTION('',(-0.,-1.));
#1989 = ( GEOMETRIC_REPRESENTATION_CONTEXT(2) 
PARAMETRIC_REPRESENTATION_CONTEXT() REPRESENTATION_CONTEXT('2D SPACE',''
  ) );
#1990 = ORIENTED_EDGE('',*,*,#1991,.T.);
#1991 = EDGE_CURVE('',#1969,#1969,#1992,.T.);
#1992 = SURFACE_CURVE('',#1993,(#1998,#2005),.PCURVE_S1.);
#1993 = CIRCLE('',#1994,1.3);
#1994 = AXIS2_PLACEMENT_3D('',#1995,#1996,#1997);
#1995 = CARTESIAN_POINT('',(-12.5,21.650635094611,13.));
#1996 = DIRECTION('',(0.,0.,1.));
#1997 = DIRECTION('',(1.,0.,0.));
#1998 = PCURVE('',#828,#1999);
#1999 = DEFINITIONAL_REPRESENTATION('',(#2000),#2004);
#2000 = LINE('',#2001,#2002);
#2001 = CARTESIAN_POINT('',(-0.,-9.));
#2002 = VECTOR('',#2003,1.);
#2003 = DIRECTION('',(-1.,0.));
#2004 = ( GEOMETRIC_REPRESENTATION_CONTEXT(2) 
PARAMETRIC_REPRESENTATION_CONTEXT() REPRESENTATION_CONTEXT('2D SPACE',''
  ) );
#2005 = PCURVE('',#1834,#2006);
#2006 = DEFINITIONAL_REPRESENTATION('',(#2007),#2011);
#2007 = CIRCLE('',#2008,1.3);
#2008 = AXIS2_PLACEMENT_2D('',#2009,#2010);
#2009 = CARTESIAN_POINT('',(0.,0.));
#2010 = DIRECTION('',(1.,0.));
#2011 = ( GEOMETRIC_REPRESENTATION_CONTEXT(2) 
PARAMETRIC_REPRESENTATION_CONTEXT() REPRESENTATION_CONTEXT('2D SPACE',''
  ) );
#2012 = ORIENTED_EDGE('',*,*,#1968,.F.);
#2013 = ADVANCED_FACE('',(#2014),#863,.F.);
#2014 = FACE_BOUND('',#2015,.T.);
#2015 = EDGE_LOOP('',(#2016,#2017,#2040,#2062));
#2016 = ORIENTED_EDGE('',*,*,#842,.T.);
#2017 = ORIENTED_EDGE('',*,*,#2018,.T.);
#2018 = EDGE_CURVE('',#843,#2019,#2021,.T.);
#2019 = VERTEX_POINT('',#2020);
#2020 = CARTESIAN_POINT('',(26.3,0.,13.));
#2021 = SEAM_CURVE('',#2022,(#2026,#2033),.PCURVE_S1.);
#2022 = LINE('',#2023,#2024);
#2023 = CARTESIAN_POINT('',(26.3,0.,4.));
#2024 = VECTOR('',#2025,1.);
#2025 = DIRECTION('',(0.,0.,1.));
#2026 = PCURVE('',#863,#2027);
#2027 = DEFINITIONAL_REPRESENTATION('',(#2028),#2032);
#2028 = LINE('',#2029,#2030);
#2029 = CARTESIAN_POINT('',(-6.28318530718,0.));
#2030 = VECTOR('',#2031,1.);
#2031 = DIRECTION('',(-0.,-1.));
#2032 = ( GEOMETRIC_REPRESENTATION_CONTEXT(2) 
PARAMETRIC_REPRESENTATION_CONTEXT() REPRESENTATION_CONTEXT('2D SPACE',''
  ) );
#2033 = PCURVE('',#863,#2034);
#2034 = DEFINITIONAL_REPRESENTATION('',(#2035),#2039);
#2035 = LINE('',#2036,#2037);
#2036 = CARTESIAN_POINT('',(-0.,0.));
#2037 = VECTOR('',#2038,1.);
#2038 = DIRECTION('',(-0.,-1.));
#2039 = ( GEOMETRIC_REPRESENTATION_CONTEXT(2) 
PARAMETRIC_REPRESENTATION_CONTEXT() REPRESENTATION_CONTEXT('2D SPACE',''
  ) );
#2040 = ORIENTED_EDGE('',*,*,#2041,.T.);
#2041 = EDGE_CURVE('',#2019,#2019,#2042,.T.);
#2042 = SURFACE_CURVE('',#2043,(#2048,#2055),.PCURVE_S1.);
#2043 = CIRCLE('',#2044,1.3);
#2044 = AXIS2_PLACEMENT_3D('',#2045,#2046,#2047);
#2045 = CARTESIAN_POINT('',(25.,0.,13.));
#2046 = DIRECTION('',(0.,0.,1.));
#2047 = DIRECTION('',(1.,0.,0.));
#2048 = PCURVE('',#863,#2049);
#2049 = DEFINITIONAL_REPRESENTATION('',(#2050),#2054);
#2050 = LINE('',#2051,#2052);
#2051 = CARTESIAN_POINT('',(-0.,-9.));
#2052 = VECTOR('',#2053,1.);
#2053 = DIRECTION('',(-1.,0.));
#2054 = ( GEOMETRIC_REPRESENTATION_CONTEXT(2) 
PARAMETRIC_REPRESENTATION_CONTEXT() REPRESENTATION_CONTEXT('2D SPACE',''
  ) );
#2055 = PCURVE('',#1612,#2056);
#2056 = DEFINITIONAL_REPRESENTATION('',(#2057),#2061);
#2057 = CIRCLE('',#2058,1.3);
#2058 = AXIS2_PLACEMENT_2D('',#2059,#2060);
#2059 = CARTESIAN_POINT('',(0.,-2.47821720825E-16));
#2060 = DIRECTION('',(1.,0.));
#2061 = ( GEOMETRIC_REPRESENTATION_CONTEXT(2) 
PARAMETRIC_REPRESENTATION_CONTEXT() REPRESENTATION_CONTEXT('2D SPACE',''
  ) );
#2062 = ORIENTED_EDGE('',*,*,#2018,.F.);
#2063 = ADVANCED_FACE('',(#2064),#1151,.T.);
#2064 = FACE_BOUND('',#2065,.T.);
#2065 = EDGE_LOOP('',(#2066));
#2066 = ORIENTED_EDGE('',*,*,#1134,.T.);
#2067 = ADVANCED_FACE('',(#2068),#1206,.T.);
#2068 = FACE_BOUND('',#2069,.T.);
#2069 = EDGE_LOOP('',(#2070));
#2070 = ORIENTED_EDGE('',*,*,#1189,.T.);
#2071 = ADVANCED_FACE('',(#2072),#1261,.T.);
#2072 = FACE_BOUND('',#2073,.T.);
#2073 = EDGE_LOOP('',(#2074));
#2074 = ORIENTED_EDGE('',*,*,#1244,.T.);
#2075 = ADVANCED_FACE('',(#2076),#1316,.T.);
#2076 = FACE_BOUND('',#2077,.T.);
#2077 = EDGE_LOOP('',(#2078));
#2078 = ORIENTED_EDGE('',*,*,#1299,.T.);
#2079 = ADVANCED_FACE('',(#2080,#2083),#1392,.T.);
#2080 = FACE_BOUND('',#2081,.T.);
#2081 = EDGE_LOOP('',(#2082));
#2082 = ORIENTED_EDGE('',*,*,#1378,.T.);
#2083 = FACE_BOUND('',#2084,.T.);
#2084 = EDGE_LOOP('',(#2085));
#2085 = ORIENTED_EDGE('',*,*,#2086,.F.);
#2086 = EDGE_CURVE('',#2087,#2087,#2089,.T.);
#2087 = VERTEX_POINT('',#2088);
#2088 = CARTESIAN_POINT('',(18.,5.075305255429E-16,58.));
#2089 = SURFACE_CURVE('',#2090,(#2095,#2102),.PCURVE_S1.);
#2090 = CIRCLE('',#2091,18.);
#2091 = AXIS2_PLACEMENT_3D('',#2092,#2093,#2094);
#2092 = CARTESIAN_POINT('',(9.981433669011E-14,5.075305255429E-16,58.));
#2093 = DIRECTION('',(0.,0.,1.));
#2094 = DIRECTION('',(1.,0.,0.));
#2095 = PCURVE('',#1392,#2096);
#2096 = DEFINITIONAL_REPRESENTATION('',(#2097),#2101);
#2097 = CIRCLE('',#2098,18.);
#2098 = AXIS2_PLACEMENT_2D('',#2099,#2100);
#2099 = CARTESIAN_POINT('',(1.008561958387E-13,3.229241363446E-16));
#2100 = DIRECTION('',(1.,0.));
#2101 = ( GEOMETRIC_REPRESENTATION_CONTEXT(2) 
PARAMETRIC_REPRESENTATION_CONTEXT() REPRESENTATION_CONTEXT('2D SPACE',''
  ) );
#2102 = PCURVE('',#2103,#2108);
#2103 = CYLINDRICAL_SURFACE('',#2104,18.);
#2104 = AXIS2_PLACEMENT_3D('',#2105,#2106,#2107);
#2105 = CARTESIAN_POINT('',(9.981433669011E-14,5.075305255429E-16,52.));
#2106 = DIRECTION('',(-0.,-0.,-1.));
#2107 = DIRECTION('',(1.,0.,0.));
#2108 = DEFINITIONAL_REPRESENTATION('',(#2109),#2113);
#2109 = LINE('',#2110,#2111);
#2110 = CARTESIAN_POINT('',(-0.,-6.));
#2111 = VECTOR('',#2112,1.);
#2112 = DIRECTION('',(-1.,0.));
#2113 = ( GEOMETRIC_REPRESENTATION_CONTEXT(2) 
PARAMETRIC_REPRESENTATION_CONTEXT() REPRESENTATION_CONTEXT('2D SPACE',''
  ) );
#2114 = ADVANCED_FACE('',(#2115),#1425,.T.);
#2115 = FACE_BOUND('',#2116,.T.);
#2116 = EDGE_LOOP('',(#2117));
#2117 = ORIENTED_EDGE('',*,*,#1408,.T.);
#2118 = ADVANCED_FACE('',(#2119),#1480,.T.);
#2119 = FACE_BOUND('',#2120,.T.);
#2120 = EDGE_LOOP('',(#2121));
#2121 = ORIENTED_EDGE('',*,*,#1463,.T.);
#2122 = ADVANCED_FACE('',(#2123,#2127),#1557,.T.);
#2123 = FACE_BOUND('',#2124,.T.);
#2124 = EDGE_LOOP('',(#2125,#2126));
#2125 = ORIENTED_EDGE('',*,*,#1748,.F.);
#2126 = ORIENTED_EDGE('',*,*,#1937,.F.);
#2127 = FACE_BOUND('',#2128,.T.);
#2128 = EDGE_LOOP('',(#2129));
#2129 = ORIENTED_EDGE('',*,*,#1542,.F.);
#2130 = ADVANCED_FACE('',(#2131,#2135),#1834,.T.);
#2131 = FACE_BOUND('',#2132,.T.);
#2132 = EDGE_LOOP('',(#2133,#2134));
#2133 = ORIENTED_EDGE('',*,*,#1817,.F.);
#2134 = ORIENTED_EDGE('',*,*,#1905,.F.);
#2135 = FACE_BOUND('',#2136,.T.);
#2136 = EDGE_LOOP('',(#2137));
#2137 = ORIENTED_EDGE('',*,*,#1991,.F.);
#2138 = ADVANCED_FACE('',(#2139,#2144),#1612,.T.);
#2139 = FACE_BOUND('',#2140,.T.);
#2140 = EDGE_LOOP('',(#2141,#2142,#2143));
#2141 = ORIENTED_EDGE('',*,*,#1595,.F.);
#2142 = ORIENTED_EDGE('',*,*,#1877,.T.);
#2143 = ORIENTED_EDGE('',*,*,#1679,.F.);
#2144 = FACE_BOUND('',#2145,.T.);
#2145 = EDGE_LOOP('',(#2146));
#2146 = ORIENTED_EDGE('',*,*,#2041,.F.);
#2147 = ADVANCED_FACE('',(#2148,#2151),#1666,.F.);
#2148 = FACE_BOUND('',#2149,.F.);
#2149 = EDGE_LOOP('',(#2150));
#2150 = ORIENTED_EDGE('',*,*,#1651,.T.);
#2151 = FACE_BOUND('',#2152,.F.);
#2152 = EDGE_LOOP('',(#2153));
#2153 = ORIENTED_EDGE('',*,*,#2154,.F.);
#2154 = EDGE_CURVE('',#2155,#2155,#2157,.T.);
#2155 = VERTEX_POINT('',#2156);
#2156 = CARTESIAN_POINT('',(25.,0.,59.));
#2157 = SURFACE_CURVE('',#2158,(#2163,#2170),.PCURVE_S1.);
#2158 = CIRCLE('',#2159,25.);
#2159 = AXIS2_PLACEMENT_3D('',#2160,#2161,#2162);
#2160 = CARTESIAN_POINT('',(0.,0.,59.));
#2161 = DIRECTION('',(0.,0.,1.));
#2162 = DIRECTION('',(1.,0.,0.));
#2163 = PCURVE('',#1666,#2164);
#2164 = DEFINITIONAL_REPRESENTATION('',(#2165),#2169);
#2165 = CIRCLE('',#2166,25.);
#2166 = AXIS2_PLACEMENT_2D('',#2167,#2168);
#2167 = CARTESIAN_POINT('',(1.411551104557E-15,-1.557633849995E-15));
#2168 = DIRECTION('',(1.,0.));
#2169 = ( GEOMETRIC_REPRESENTATION_CONTEXT(2) 
PARAMETRIC_REPRESENTATION_CONTEXT() REPRESENTATION_CONTEXT('2D SPACE',''
  ) );
#2170 = PCURVE('',#2171,#2176);
#2171 = CYLINDRICAL_SURFACE('',#2172,25.);
#2172 = AXIS2_PLACEMENT_3D('',#2173,#2174,#2175);
#2173 = CARTESIAN_POINT('',(0.,0.,45.));
#2174 = DIRECTION('',(-0.,-0.,-1.));
#2175 = DIRECTION('',(1.,0.,0.));
#2176 = DEFINITIONAL_REPRESENTATION('',(#2177),#2181);
#2177 = LINE('',#2178,#2179);
#2178 = CARTESIAN_POINT('',(-0.,-14.));
#2179 = VECTOR('',#2180,1.);
#2180 = DIRECTION('',(-1.,0.));
#2181 = ( GEOMETRIC_REPRESENTATION_CONTEXT(2) 
PARAMETRIC_REPRESENTATION_CONTEXT() REPRESENTATION_CONTEXT('2D SPACE',''
  ) );
#2182 = ADVANCED_FACE('',(#2183),#2103,.F.);
#2183 = FACE_BOUND('',#2184,.T.);
#2184 = EDGE_LOOP('',(#2185,#2208,#2209,#2210));
#2185 = ORIENTED_EDGE('',*,*,#2186,.T.);
#2186 = EDGE_CURVE('',#2187,#2087,#2189,.T.);
#2187 = VERTEX_POINT('',#2188);
#2188 = CARTESIAN_POINT('',(18.,5.075305255429E-16,52.));
#2189 = SEAM_CURVE('',#2190,(#2194,#2201),.PCURVE_S1.);
#2190 = LINE('',#2191,#2192);
#2191 = CARTESIAN_POINT('',(18.,5.075305255429E-16,52.));
#2192 = VECTOR('',#2193,1.);
#2193 = DIRECTION('',(0.,0.,1.));
#2194 = PCURVE('',#2103,#2195);
#2195 = DEFINITIONAL_REPRESENTATION('',(#2196),#2200);
#2196 = LINE('',#2197,#2198);
#2197 = CARTESIAN_POINT('',(-0.,0.));
#2198 = VECTOR('',#2199,1.);
#2199 = DIRECTION('',(-0.,-1.));
#2200 = ( GEOMETRIC_REPRESENTATION_CONTEXT(2) 
PARAMETRIC_REPRESENTATION_CONTEXT() REPRESENTATION_CONTEXT('2D SPACE',''
  ) );
#2201 = PCURVE('',#2103,#2202);
#2202 = DEFINITIONAL_REPRESENTATION('',(#2203),#2207);
#2203 = LINE('',#2204,#2205);
#2204 = CARTESIAN_POINT('',(-6.28318530718,0.));
#2205 = VECTOR('',#2206,1.);
#2206 = DIRECTION('',(-0.,-1.));
#2207 = ( GEOMETRIC_REPRESENTATION_CONTEXT(2) 
PARAMETRIC_REPRESENTATION_CONTEXT() REPRESENTATION_CONTEXT('2D SPACE',''
  ) );
#2208 = ORIENTED_EDGE('',*,*,#2086,.T.);
#2209 = ORIENTED_EDGE('',*,*,#2186,.F.);
#2210 = ORIENTED_EDGE('',*,*,#2211,.F.);
#2211 = EDGE_CURVE('',#2187,#2187,#2212,.T.);
#2212 = SURFACE_CURVE('',#2213,(#2218,#2225),.PCURVE_S1.);
#2213 = CIRCLE('',#2214,18.);
#2214 = AXIS2_PLACEMENT_3D('',#2215,#2216,#2217);
#2215 = CARTESIAN_POINT('',(9.981433669011E-14,5.075305255429E-16,52.));
#2216 = DIRECTION('',(0.,0.,1.));
#2217 = DIRECTION('',(1.,0.,0.));
#2218 = PCURVE('',#2103,#2219);
#2219 = DEFINITIONAL_REPRESENTATION('',(#2220),#2224);
#2220 = LINE('',#2221,#2222);
#2221 = CARTESIAN_POINT('',(-0.,0.));
#2222 = VECTOR('',#2223,1.);
#2223 = DIRECTION('',(-1.,0.));
#2224 = ( GEOMETRIC_REPRESENTATION_CONTEXT(2) 
PARAMETRIC_REPRESENTATION_CONTEXT() REPRESENTATION_CONTEXT('2D SPACE',''
  ) );
#2225 = PCURVE('',#2226,#2231);
#2226 = PLANE('',#2227);
#2227 = AXIS2_PLACEMENT_3D('',#2228,#2229,#2230);
#2228 = CARTESIAN_POINT('',(-1.041859148601E-15,1.846063891983E-16,52.)
  );
#2229 = DIRECTION('',(0.,0.,1.));
#2230 = DIRECTION('',(1.,0.,-0.));
#2231 = DEFINITIONAL_REPRESENTATION('',(#2232),#2236);
#2232 = CIRCLE('',#2233,18.);
#2233 = AXIS2_PLACEMENT_2D('',#2234,#2235);
#2234 = CARTESIAN_POINT('',(1.008561958387E-13,3.229241363446E-16));
#2235 = DIRECTION('',(1.,0.));
#2236 = ( GEOMETRIC_REPRESENTATION_CONTEXT(2) 
PARAMETRIC_REPRESENTATION_CONTEXT() REPRESENTATION_CONTEXT('2D SPACE',''
  ) );
#2237 = ADVANCED_FACE('',(#2238),#2171,.T.);
#2238 = FACE_BOUND('',#2239,.F.);
#2239 = EDGE_LOOP('',(#2240,#2263,#2264,#2265));
#2240 = ORIENTED_EDGE('',*,*,#2241,.T.);
#2241 = EDGE_CURVE('',#2242,#2155,#2244,.T.);
#2242 = VERTEX_POINT('',#2243);
#2243 = CARTESIAN_POINT('',(25.,0.,45.));
#2244 = SEAM_CURVE('',#2245,(#2249,#2256),.PCURVE_S1.);
#2245 = LINE('',#2246,#2247);
#2246 = CARTESIAN_POINT('',(25.,0.,45.));
#2247 = VECTOR('',#2248,1.);
#2248 = DIRECTION('',(0.,0.,1.));
#2249 = PCURVE('',#2171,#2250);
#2250 = DEFINITIONAL_REPRESENTATION('',(#2251),#2255);
#2251 = LINE('',#2252,#2253);
#2252 = CARTESIAN_POINT('',(-0.,0.));
#2253 = VECTOR('',#2254,1.);
#2254 = DIRECTION('',(-0.,-1.));
#2255 = ( GEOMETRIC_REPRESENTATION_CONTEXT(2) 
PARAMETRIC_REPRESENTATION_CONTEXT() REPRESENTATION_CONTEXT('2D SPACE',''
  ) );
#2256 = PCURVE('',#2171,#2257);
#2257 = DEFINITIONAL_REPRESENTATION('',(#2258),#2262);
#2258 = LINE('',#2259,#2260);
#2259 = CARTESIAN_POINT('',(-6.28318530718,0.));
#2260 = VECTOR('',#2261,1.);
#2261 = DIRECTION('',(-0.,-1.));
#2262 = ( GEOMETRIC_REPRESENTATION_CONTEXT(2) 
PARAMETRIC_REPRESENTATION_CONTEXT() REPRESENTATION_CONTEXT('2D SPACE',''
  ) );
#2263 = ORIENTED_EDGE('',*,*,#2154,.T.);
#2264 = ORIENTED_EDGE('',*,*,#2241,.F.);
#2265 = ORIENTED_EDGE('',*,*,#2266,.F.);
#2266 = EDGE_CURVE('',#2242,#2242,#2267,.T.);
#2267 = SURFACE_CURVE('',#2268,(#2273,#2280),.PCURVE_S1.);
#2268 = CIRCLE('',#2269,25.);
#2269 = AXIS2_PLACEMENT_3D('',#2270,#2271,#2272);
#2270 = CARTESIAN_POINT('',(0.,0.,45.));
#2271 = DIRECTION('',(0.,0.,1.));
#2272 = DIRECTION('',(1.,0.,0.));
#2273 = PCURVE('',#2171,#2274);
#2274 = DEFINITIONAL_REPRESENTATION('',(#2275),#2279);
#2275 = LINE('',#2276,#2277);
#2276 = CARTESIAN_POINT('',(-0.,0.));
#2277 = VECTOR('',#2278,1.);
#2278 = DIRECTION('',(-1.,0.));
#2279 = ( GEOMETRIC_REPRESENTATION_CONTEXT(2) 
PARAMETRIC_REPRESENTATION_CONTEXT() REPRESENTATION_CONTEXT('2D SPACE',''
  ) );
#2280 = PCURVE('',#2281,#2286);
#2281 = PLANE('',#2282);
#2282 = AXIS2_PLACEMENT_3D('',#2283,#2284,#2285);
#2283 = CARTESIAN_POINT('',(-8.751616848252E-16,1.604946055186E-15,45.)
  );
#2284 = DIRECTION('',(0.,0.,1.));
#2285 = DIRECTION('',(1.,0.,-0.));
#2286 = DEFINITIONAL_REPRESENTATION('',(#2287),#2291);
#2287 = CIRCLE('',#2288,25.);
#2288 = AXIS2_PLACEMENT_2D('',#2289,#2290);
#2289 = CARTESIAN_POINT('',(8.751616848252E-16,-1.604946055186E-15));
#2290 = DIRECTION('',(1.,0.));
#2291 = ( GEOMETRIC_REPRESENTATION_CONTEXT(2) 
PARAMETRIC_REPRESENTATION_CONTEXT() REPRESENTATION_CONTEXT('2D SPACE',''
  ) );
#2292 = ADVANCED_FACE('',(#2293,#2324),#2226,.F.);
#2293 = FACE_BOUND('',#2294,.F.);
#2294 = EDGE_LOOP('',(#2295));
#2295 = ORIENTED_EDGE('',*,*,#2296,.T.);
#2296 = EDGE_CURVE('',#2297,#2297,#2299,.T.);
#2297 = VERTEX_POINT('',#2298);
#2298 = CARTESIAN_POINT('',(21.,0.,52.));
#2299 = SURFACE_CURVE('',#2300,(#2305,#2312),.PCURVE_S1.);
#2300 = CIRCLE('',#2301,21.);
#2301 = AXIS2_PLACEMENT_3D('',#2302,#2303,#2304);
#2302 = CARTESIAN_POINT('',(0.,0.,52.));
#2303 = DIRECTION('',(0.,0.,1.));
#2304 = DIRECTION('',(1.,0.,0.));
#2305 = PCURVE('',#2226,#2306);
#2306 = DEFINITIONAL_REPRESENTATION('',(#2307),#2311);
#2307 = CIRCLE('',#2308,21.);
#2308 = AXIS2_PLACEMENT_2D('',#2309,#2310);
#2309 = CARTESIAN_POINT('',(1.041859148601E-15,-1.846063891983E-16));
#2310 = DIRECTION('',(1.,0.));
#2311 = ( GEOMETRIC_REPRESENTATION_CONTEXT(2) 
PARAMETRIC_REPRESENTATION_CONTEXT() REPRESENTATION_CONTEXT('2D SPACE',''
  ) );
#2312 = PCURVE('',#2313,#2318);
#2313 = CYLINDRICAL_SURFACE('',#2314,21.);
#2314 = AXIS2_PLACEMENT_3D('',#2315,#2316,#2317);
#2315 = CARTESIAN_POINT('',(1.188027454191E-13,8.526512829121E-16,45.));
#2316 = DIRECTION('',(-0.,-0.,-1.));
#2317 = DIRECTION('',(1.,0.,0.));
#2318 = DEFINITIONAL_REPRESENTATION('',(#2319),#2323);
#2319 = LINE('',#2320,#2321);
#2320 = CARTESIAN_POINT('',(-0.,-7.));
#2321 = VECTOR('',#2322,1.);
#2322 = DIRECTION('',(-1.,0.));
#2323 = ( GEOMETRIC_REPRESENTATION_CONTEXT(2) 
PARAMETRIC_REPRESENTATION_CONTEXT() REPRESENTATION_CONTEXT('2D SPACE',''
  ) );
#2324 = FACE_BOUND('',#2325,.F.);
#2325 = EDGE_LOOP('',(#2326));
#2326 = ORIENTED_EDGE('',*,*,#2211,.F.);
#2327 = ADVANCED_FACE('',(#2328,#2331),#2281,.F.);
#2328 = FACE_BOUND('',#2329,.F.);
#2329 = EDGE_LOOP('',(#2330));
#2330 = ORIENTED_EDGE('',*,*,#2266,.T.);
#2331 = FACE_BOUND('',#2332,.F.);
#2332 = EDGE_LOOP('',(#2333));
#2333 = ORIENTED_EDGE('',*,*,#2334,.F.);
#2334 = EDGE_CURVE('',#2335,#2335,#2337,.T.);
#2335 = VERTEX_POINT('',#2336);
#2336 = CARTESIAN_POINT('',(21.,8.526512829121E-16,45.));
#2337 = SURFACE_CURVE('',#2338,(#2343,#2350),.PCURVE_S1.);
#2338 = CIRCLE('',#2339,21.);
#2339 = AXIS2_PLACEMENT_3D('',#2340,#2341,#2342);
#2340 = CARTESIAN_POINT('',(1.188027454191E-13,8.526512829121E-16,45.));
#2341 = DIRECTION('',(0.,0.,1.));
#2342 = DIRECTION('',(1.,0.,0.));
#2343 = PCURVE('',#2281,#2344);
#2344 = DEFINITIONAL_REPRESENTATION('',(#2345),#2349);
#2345 = CIRCLE('',#2346,21.);
#2346 = AXIS2_PLACEMENT_2D('',#2347,#2348);
#2347 = CARTESIAN_POINT('',(1.196779071039E-13,-7.522947722741E-16));
#2348 = DIRECTION('',(1.,0.));
#2349 = ( GEOMETRIC_REPRESENTATION_CONTEXT(2) 
PARAMETRIC_REPRESENTATION_CONTEXT() REPRESENTATION_CONTEXT('2D SPACE',''
  ) );
#2350 = PCURVE('',#2313,#2351);
#2351 = DEFINITIONAL_REPRESENTATION('',(#2352),#2356);
#2352 = LINE('',#2353,#2354);
#2353 = CARTESIAN_POINT('',(-0.,0.));
#2354 = VECTOR('',#2355,1.);
#2355 = DIRECTION('',(-1.,0.));
#2356 = ( GEOMETRIC_REPRESENTATION_CONTEXT(2) 
PARAMETRIC_REPRESENTATION_CONTEXT() REPRESENTATION_CONTEXT('2D SPACE',''
  ) );
#2357 = ADVANCED_FACE('',(#2358),#2313,.F.);
#2358 = FACE_BOUND('',#2359,.T.);
#2359 = EDGE_LOOP('',(#2360,#2361,#2382,#2383));
#2360 = ORIENTED_EDGE('',*,*,#2334,.F.);
#2361 = ORIENTED_EDGE('',*,*,#2362,.T.);
#2362 = EDGE_CURVE('',#2335,#2297,#2363,.T.);
#2363 = SEAM_CURVE('',#2364,(#2368,#2375),.PCURVE_S1.);
#2364 = LINE('',#2365,#2366);
#2365 = CARTESIAN_POINT('',(21.,8.526512829121E-16,45.));
#2366 = VECTOR('',#2367,1.);
#2367 = DIRECTION('',(0.,0.,1.));
#2368 = PCURVE('',#2313,#2369);
#2369 = DEFINITIONAL_REPRESENTATION('',(#2370),#2374);
#2370 = LINE('',#2371,#2372);
#2371 = CARTESIAN_POINT('',(-6.28318530718,0.));
#2372 = VECTOR('',#2373,1.);
#2373 = DIRECTION('',(-0.,-1.));
#2374 = ( GEOMETRIC_REPRESENTATION_CONTEXT(2) 
PARAMETRIC_REPRESENTATION_CONTEXT() REPRESENTATION_CONTEXT('2D SPACE',''
  ) );
#2375 = PCURVE('',#2313,#2376);
#2376 = DEFINITIONAL_REPRESENTATION('',(#2377),#2381);
#2377 = LINE('',#2378,#2379);
#2378 = CARTESIAN_POINT('',(-0.,0.));
#2379 = VECTOR('',#2380,1.);
#2380 = DIRECTION('',(-0.,-1.));
#2381 = ( GEOMETRIC_REPRESENTATION_CONTEXT(2) 
PARAMETRIC_REPRESENTATION_CONTEXT() REPRESENTATION_CONTEXT('2D SPACE',''
  ) );
#2382 = ORIENTED_EDGE('',*,*,#2296,.T.);
#2383 = ORIENTED_EDGE('',*,*,#2362,.F.);
#2384 = ( GEOMETRIC_REPRESENTATION_CONTEXT(3) 
GLOBAL_UNCERTAINTY_ASSIGNED_CONTEXT((#2388)) 
GLOBAL_UNIT_ASSIGNED_CONTEXT((#2385,#2386,#2387)) REPRESENTATION_CONTEXT
('Context #1','3D Context with UNIT and UNCERTAINTY') );
#2385 = ( LENGTH_UNIT() NAMED_UNIT(*) SI_UNIT(.MILLI.,.METRE.) );
#2386 = ( NAMED_UNIT(*) PLANE_ANGLE_UNIT() SI_UNIT($,.RADIAN.) );
#2387 = ( NAMED_UNIT(*) SI_UNIT($,.STERADIAN.) SOLID_ANGLE_UNIT() );
#2388 = UNCERTAINTY_MEASURE_WITH_UNIT(LENGTH_MEASURE(1.E-07),#2385,
  'distance_accuracy_value','confusion accuracy');
#2389 = PRODUCT_RELATED_PRODUCT_CATEGORY('part',$,(#7));
ENDSEC;
END-ISO-10303-21;
