ISO-10303-21;
HEADER;
FILE_DESCRIPTION(('Open CASCADE Model'),'2;1');
FILE_NAME('Open CASCADE Shape Model','2026-10-03T05:02:03',('Author'),(
    'Open CASCADE'),'Open CASCADE STEP processor 7.9','Open CASCADE 7.9'
  ,'Unknown');
FILE_SCHEMA(('AUTOMOTIVE_DESIGN { 1 0 10303 214 1 1 1 1 }'));
ENDSEC;
DATA;
#1 = APPLICATION_PROTOCOL_DEFINITION('international standard',
  'automotive_design',2000,#2);
#2 = APPLICATION_CONTEXT(
  'core data for automotive mechanical design processes');
#3 = SHAPE_DEFINITION_REPRESENTATION(#4,#10);
#4 = PRODUCT_DEFINITION_SHAPE('','',#5);
#5 = PRODUCT_DEFINITION('design','',#6,#9);
#6 = PRODUCT_DEFINITION_FORMATION('','',#7);
#7 = PRODUCT('Open CASCADE STEP translator 7.9 15',
  'Open CASCADE STEP translator 7.9 15','',(#8));
#8 = PRODUCT_CONTEXT('',#2,'mechanical');
#9 = PRODUCT_DEFINITION_CONTEXT('part definition',#2,'design');
#10 = ADVANCED_BREP_SHAPE_REPRESENTATION('',(#11,#15),#2253);
#11 = AXIS2_PLACEMENT_3D('',#12,#13,#14);
#12 = CARTESIAN_POINT('',(0.,0.,0.));
#13 = DIRECTION('',(0.,0.,1.));
#14 = DIRECTION('',(1.,0.,-0.));
#15 = MANIFOLD_SOLID_BREP('',#16);
#16 = CLOSED_SHELL('',(#17,#863,#1711,#1921,#2104,#2244));
#17 = ADVANCED_FACE('',(#18),#95,.F.);
#18 = FACE_BOUND('',#19,.F.);
#19 = EDGE_LOOP('',(#20,#462,#547,#765));
#20 = ORIENTED_EDGE('',*,*,#21,.F.);
#21 = EDGE_CURVE('',#22,#24,#26,.T.);
#22 = VERTEX_POINT('',#23);
#23 = CARTESIAN_POINT('',(-3.23766907871,3.406973703087,-4.5));
#24 = VERTEX_POINT('',#25);
#25 = CARTESIAN_POINT('',(4.487270106589,-1.397997784088,4.5));
#26 = SURFACE_CURVE('',#27,(#94,#234),.PCURVE_S1.);
#27 = B_SPLINE_CURVE_WITH_KNOTS('',9,(#28,#29,#30,#31,#32,#33,#34,#35,
    #36,#37,#38,#39,#40,#41,#42,#43,#44,#45,#46,#47,#48,#49,#50,#51,#52,
    #53,#54,#55,#56,#57,#58,#59,#60,#61,#62,#63,#64,#65,#66,#67,#68,#69,
    #70,#71,#72,#73,#74,#75,#76,#77,#78,#79,#80,#81,#82,#83,#84,#85,#86,
    #87,#88,#89,#90,#91,#92,#93),.UNSPECIFIED.,.F.,.F.,(10,8,8,8,8,8,8,8
    ,10),(0.,4.72095462366,9.441909247319,14.162863870979,
    18.883818494638,23.604773118298,28.325727741957,33.046682365617,
    37.767636989277),.UNSPECIFIED.);
#28 = CARTESIAN_POINT('',(4.7,2.6645352591E-15,-7.945562887856));
#29 = CARTESIAN_POINT('',(4.700004011974,2.289055575832,-7.750750988273)
  );
#30 = CARTESIAN_POINT('',(3.445582154525,4.578508582987,-7.555932634437)
  );
#31 = CARTESIAN_POINT('',(0.938454013472,6.079532046227,-7.361132272632)
  );
#32 = CARTESIAN_POINT('',(-2.253980364342,6.021700162377,-7.166297737746
    ));
#33 = CARTESIAN_POINT('',(-4.970085602561,4.079105482978,-6.971509679596
    ));
#34 = CARTESIAN_POINT('',(-6.056572970591,1.076752014625,-6.776675512317
    ));
#35 = CARTESIAN_POINT('',(-5.446370757375,-1.780994784381,
    -6.581874583065));
#36 = CARTESIAN_POINT('',(-3.685181992094,-3.707989580055,
    -6.387056776486));
#37 = CARTESIAN_POINT('',(0.647247380962,-5.187569405441,-5.997432209436
    ));
#38 = CARTESIAN_POINT('',(3.219248286924,-4.740382469845,-5.802614457442
    ));
#39 = CARTESIAN_POINT('',(5.449986441658,-2.852902122525,-5.607813340055
    ));
#40 = CARTESIAN_POINT('',(6.427002687244,0.186901379341,-5.412979572326)
  );
#41 = CARTESIAN_POINT('',(5.46645915998,3.385067910096,-5.21819088623));
#42 = CARTESIAN_POINT('',(2.976359585213,5.383562864487,-5.023357125766)
  );
#43 = CARTESIAN_POINT('',(7.476326516002E-02,5.729686662892,
    -4.828555997216));
#44 = CARTESIAN_POINT('',(-2.318010212273,4.68578504038,-4.633738255979)
  );
#45 = CARTESIAN_POINT('',(-5.118363863885,1.064028595575,-4.244113673845
    ));
#46 = CARTESIAN_POINT('',(-5.526405635385,-1.514472310914,
    -4.049295933667));
#47 = CARTESIAN_POINT('',(-4.461155081148,-4.235504433652,
    -3.854494801454));
#48 = CARTESIAN_POINT('',(-1.900236202696,-6.142507495928,
    -3.659661048769));
#49 = CARTESIAN_POINT('',(1.436736631511,-6.267108437659,-3.464872350395
    ));
#50 = CARTESIAN_POINT('',(4.132745895632,-4.556520264065,-3.27003859787)
  );
#51 = CARTESIAN_POINT('',(5.398046277046,-1.922497123379,-3.075237465419
    ));
#52 = CARTESIAN_POINT('',(5.183471934536,0.679243321642,-2.880419725461)
  );
#53 = CARTESIAN_POINT('',(2.661104438736,4.499814292233,-2.490795143031)
  );
#54 = CARTESIAN_POINT('',(0.352849052185,5.719290442776,-2.295977403086)
  );
#55 = CARTESIAN_POINT('',(-2.566434005112,5.590600948694,-2.101176270581
    ));
#56 = CARTESIAN_POINT('',(-5.198748909676,3.783425132836,-1.906342518192
    ));
#57 = CARTESIAN_POINT('',(-6.395121183225,0.665796792434,-1.711553819577
    ));
#58 = CARTESIAN_POINT('',(-5.647638484017,-2.438369354698,
    -1.516720067207));
#59 = CARTESIAN_POINT('',(-3.563893111284,-4.487044092626,-1.32191893468
    ));
#60 = CARTESIAN_POINT('',(-1.032425431793,-5.124826876494,
    -1.127101194747));
#61 = CARTESIAN_POINT('',(3.398308411978,-3.972569122807,-0.737476612311
    ));
#62 = CARTESIAN_POINT('',(5.298334940996,-2.182299813386,-0.54265887237)
  );
#63 = CARTESIAN_POINT('',(6.12001849902,0.621913210812,-0.34785773986));
#64 = CARTESIAN_POINT('',(5.260546409029,3.697018723251,-0.153023987476)
  );
#65 = CARTESIAN_POINT('',(2.696871542413,5.836758021425,
    4.176471114184E-02));
#66 = CARTESIAN_POINT('',(-0.482287377462,6.132606659622,0.236598463512)
  );
#67 = CARTESIAN_POINT('',(-3.094456200646,4.8227833893,0.431399596036));
#68 = CARTESIAN_POINT('',(-4.516144126167,2.633285973437,0.626217335973)
  );
#69 = CARTESIAN_POINT('',(-4.857665696257,-1.932068705285,1.015841918403
    ));
#70 = CARTESIAN_POINT('',(-3.777528583783,-4.308719464117,1.21065965837)
  );
#71 = CARTESIAN_POINT('',(-1.389356317906,-5.992586377638,1.4054607908)
  );
#72 = CARTESIAN_POINT('',(1.798494714452,-6.173063479574,1.600294543346)
  );
#73 = CARTESIAN_POINT('',(4.651946983081,-4.438496319904,1.795083241717)
  );
#74 = CARTESIAN_POINT('',(5.959374101085,-1.525557564895,1.989916994386)
  );
#75 = CARTESIAN_POINT('',(5.564053714177,1.369746348344,2.184718126617)
  );
#76 = CARTESIAN_POINT('',(3.951521057971,3.422752418411,2.379535866787)
  );
#77 = CARTESIAN_POINT('',(-0.258463826113,5.221398466516,2.76916044892)
  );
#78 = CARTESIAN_POINT('',(-2.856657511901,4.967322566657,2.963978190173)
  );
#79 = CARTESIAN_POINT('',(-5.221981633675,3.251508933089,3.158779318683)
  );
#80 = CARTESIAN_POINT('',(-6.423037649802,0.293058239273,3.353613079228)
  );
#81 = CARTESIAN_POINT('',(-5.703745947205,-2.967851542453,3.548401765253
    ));
#82 = CARTESIAN_POINT('',(-3.369667362124,-5.146533508535,3.743235533003
    ));
#83 = CARTESIAN_POINT('',(-0.50197573196,-5.708144996532,3.938036650384)
  );
#84 = CARTESIAN_POINT('',(1.962003369834,-4.845647071838,4.13285440238)
  );
#85 = CARTESIAN_POINT('',(5.024728675984,-1.442881488822,4.522478969426)
  );
#86 = CARTESIAN_POINT('',(5.623983638109,1.097996158755,4.717296776022)
  );
#87 = CARTESIAN_POINT('',(4.764683032198,3.890911534198,4.912097705235)
  );
#88 = CARTESIAN_POINT('',(2.353158536618,5.98364011581,5.106931872577));
#89 = CARTESIAN_POINT('',(-0.965223366351,6.356823036747,5.301719930487)
  );
#90 = CARTESIAN_POINT('',(-3.781324399526,4.85211796852,5.496554468523)
  );
#91 = CARTESIAN_POINT('',(-5.239593172048,2.319821166451,5.69135479008)
  );
#92 = CARTESIAN_POINT('',(-5.219698280987,-0.290675951985,5.886173510304
    ));
#93 = CARTESIAN_POINT('',(-4.104532549638,-2.289720647426,6.080985080798
    ));
#94 = PCURVE('',#95,#228);
#95 = B_SPLINE_SURFACE_WITH_KNOTS('',1,9,(
    (#96,#97,#98,#99,#100,#101,#102,#103,#104,#105,#106,#107,#108,#109
      ,#110,#111,#112,#113,#114,#115,#116,#117,#118,#119,#120,#121,#122
      ,#123,#124,#125,#126,#127,#128,#129,#130,#131,#132,#133,#134,#135
      ,#136,#137,#138,#139,#140,#141,#142,#143,#144,#145,#146,#147,#148
      ,#149,#150,#151,#152,#153,#154,#155,#156,#157,#158,#159,#160,#161)
    ,(#162,#163,#164,#165,#166,#167,#168,#169,#170,#171,#172,#173,#174
      ,#175,#176,#177,#178,#179,#180,#181,#182,#183,#184,#185,#186,#187
      ,#188,#189,#190,#191,#192,#193,#194,#195,#196,#197,#198,#199,#200
      ,#201,#202,#203,#204,#205,#206,#207,#208,#209,#210,#211,#212,#213
      ,#214,#215,#216,#217,#218,#219,#220,#221,#222,#223,#224,#225,#226
      ,#227)),.UNSPECIFIED.,.F.,.F.,.F.,(2,2),(10,8,8,8,8,8,8,8,10),(0.,
    2.19982200049),(0.,4.72095462366,9.441909247319,14.162863870979,
    18.883818494638,23.604773118298,28.325727741957,33.046682365617,
    37.767636989277),.UNSPECIFIED.);
#96 = CARTESIAN_POINT('',(4.7,2.6645352591E-15,-7.945562887856));
#97 = CARTESIAN_POINT('',(4.700004011974,2.289055575832,-7.750750988273)
  );
#98 = CARTESIAN_POINT('',(3.445582154525,4.578508582987,-7.555932634437)
  );
#99 = CARTESIAN_POINT('',(0.938454013472,6.079532046227,-7.361132272632)
  );
#100 = CARTESIAN_POINT('',(-2.253980364342,6.021700162377,
    -7.166297737746));
#101 = CARTESIAN_POINT('',(-4.970085602561,4.079105482978,
    -6.971509679596));
#102 = CARTESIAN_POINT('',(-6.056572970591,1.076752014625,
    -6.776675512317));
#103 = CARTESIAN_POINT('',(-5.446370757375,-1.780994784381,
    -6.581874583065));
#104 = CARTESIAN_POINT('',(-3.685181992094,-3.707989580055,
    -6.387056776486));
#105 = CARTESIAN_POINT('',(0.647247380962,-5.187569405441,
    -5.997432209436));
#106 = CARTESIAN_POINT('',(3.219248286924,-4.740382469845,
    -5.802614457442));
#107 = CARTESIAN_POINT('',(5.449986441658,-2.852902122525,
    -5.607813340055));
#108 = CARTESIAN_POINT('',(6.427002687244,0.186901379341,-5.412979572326
    ));
#109 = CARTESIAN_POINT('',(5.466459159975,3.385067910079,-5.218190886259
    ));
#110 = CARTESIAN_POINT('',(2.976359585213,5.383562864488,-5.023357125765
    ));
#111 = CARTESIAN_POINT('',(7.476326516E-02,5.729686662892,
    -4.828555997216));
#112 = CARTESIAN_POINT('',(-2.318010212273,4.68578504038,-4.633738255979
    ));
#113 = CARTESIAN_POINT('',(-5.118363863885,1.064028595575,
    -4.244113673845));
#114 = CARTESIAN_POINT('',(-5.526405635385,-1.514472310914,
    -4.049295933667));
#115 = CARTESIAN_POINT('',(-4.461155081148,-4.235504433652,
    -3.854494801454));
#116 = CARTESIAN_POINT('',(-1.900236202696,-6.142507495928,
    -3.659661048769));
#117 = CARTESIAN_POINT('',(1.436736631511,-6.267108437659,
    -3.464872350395));
#118 = CARTESIAN_POINT('',(4.132745895632,-4.556520264065,-3.27003859787
    ));
#119 = CARTESIAN_POINT('',(5.398046277046,-1.922497123379,
    -3.075237465419));
#120 = CARTESIAN_POINT('',(5.183471934536,0.679243321642,-2.880419725461
    ));
#121 = CARTESIAN_POINT('',(2.661104438736,4.499814292233,-2.490795143031
    ));
#122 = CARTESIAN_POINT('',(0.352849052185,5.719290442776,-2.295977403086
    ));
#123 = CARTESIAN_POINT('',(-2.566434005112,5.590600948694,
    -2.101176270581));
#124 = CARTESIAN_POINT('',(-5.198748909676,3.783425132836,
    -1.906342518192));
#125 = CARTESIAN_POINT('',(-6.395121183225,0.665796792434,
    -1.711553819577));
#126 = CARTESIAN_POINT('',(-5.647638484017,-2.438369354698,
    -1.516720067207));
#127 = CARTESIAN_POINT('',(-3.563893111284,-4.487044092626,
    -1.32191893468));
#128 = CARTESIAN_POINT('',(-1.032425431793,-5.124826876494,
    -1.127101194747));
#129 = CARTESIAN_POINT('',(3.398308411978,-3.972569122807,
    -0.737476612311));
#130 = CARTESIAN_POINT('',(5.298334940996,-2.182299813386,-0.54265887237
    ));
#131 = CARTESIAN_POINT('',(6.12001849902,0.621913210812,-0.34785773986)
  );
#132 = CARTESIAN_POINT('',(5.260546409029,3.697018723251,-0.153023987476
    ));
#133 = CARTESIAN_POINT('',(2.696871542413,5.836758021425,
    4.176471114184E-02));
#134 = CARTESIAN_POINT('',(-0.482287377462,6.132606659622,0.236598463512
    ));
#135 = CARTESIAN_POINT('',(-3.094456200646,4.8227833893,0.431399596036)
  );
#136 = CARTESIAN_POINT('',(-4.516144126167,2.633285973437,0.626217335973
    ));
#137 = CARTESIAN_POINT('',(-4.857665696257,-1.932068705285,
    1.015841918403));
#138 = CARTESIAN_POINT('',(-3.777528583783,-4.308719464117,1.21065965837
    ));
#139 = CARTESIAN_POINT('',(-1.389356317906,-5.992586377638,1.4054607908)
  );
#140 = CARTESIAN_POINT('',(1.798494714452,-6.173063479574,1.600294543346
    ));
#141 = CARTESIAN_POINT('',(4.651946983081,-4.438496319904,1.795083241717
    ));
#142 = CARTESIAN_POINT('',(5.959374101085,-1.525557564895,1.989916994386
    ));
#143 = CARTESIAN_POINT('',(5.564053714177,1.369746348344,2.184718126617)
  );
#144 = CARTESIAN_POINT('',(3.951521057971,3.422752418411,2.379535866787)
  );
#145 = CARTESIAN_POINT('',(-0.258463826113,5.221398466516,2.76916044892)
  );
#146 = CARTESIAN_POINT('',(-2.856657511901,4.967322566657,2.963978190173
    ));
#147 = CARTESIAN_POINT('',(-5.221981633675,3.251508933089,3.158779318683
    ));
#148 = CARTESIAN_POINT('',(-6.423037649802,0.293058239273,3.353613079228
    ));
#149 = CARTESIAN_POINT('',(-5.703745947205,-2.967851542453,
    3.548401765253));
#150 = CARTESIAN_POINT('',(-3.369667362124,-5.146533508535,
    3.743235533003));
#151 = CARTESIAN_POINT('',(-0.50197573196,-5.708144996532,3.938036650384
    ));
#152 = CARTESIAN_POINT('',(1.962003369834,-4.845647071838,4.13285440238)
  );
#153 = CARTESIAN_POINT('',(5.024728675984,-1.442881488822,4.522478969426
    ));
#154 = CARTESIAN_POINT('',(5.623983638109,1.097996158755,4.717296776021)
  );
#155 = CARTESIAN_POINT('',(4.764683032198,3.890911534198,4.912097705236)
  );
#156 = CARTESIAN_POINT('',(2.353158536614,5.983640115808,5.106931872564)
  );
#157 = CARTESIAN_POINT('',(-0.965223366308,6.356823036761,5.301719930675
    ));
#158 = CARTESIAN_POINT('',(-3.781324400678,4.852117968536,5.49655446558)
  );
#159 = CARTESIAN_POINT('',(-5.239593149947,2.319821164191,5.691354827379
    ));
#160 = CARTESIAN_POINT('',(-5.219698543867,-0.290675919168,
    5.886173181218));
#161 = CARTESIAN_POINT('',(-4.104532549638,-2.289720647426,
    6.080985080798));
#162 = CARTESIAN_POINT('',(6.8,-1.7763568394E-15,-7.290416466177));
#163 = CARTESIAN_POINT('',(6.800001200337,3.31182052875,-7.095595673112)
  );
#164 = CARTESIAN_POINT('',(4.985110643313,6.62423817114,-6.900813605591)
  );
#165 = CARTESIAN_POINT('',(1.357737026091,8.795899290978,-6.70592358578)
  );
#166 = CARTESIAN_POINT('',(-3.261041670641,8.71225466012,-6.511238604732
    ));
#167 = CARTESIAN_POINT('',(-7.190797294734,5.901695623311,-6.31627476278
    ));
#168 = CARTESIAN_POINT('',(-8.762675441664,1.557833458958,
    -6.121587576195));
#169 = CARTESIAN_POINT('',(-7.879866650488,-2.576744078952,
    -5.926700960947));
#170 = CARTESIAN_POINT('',(-5.331749543368,-5.364754748246,
    -5.731915609941));
#171 = CARTESIAN_POINT('',(0.936440049519,-7.505414672251,
    -5.342278631107));
#172 = CARTESIAN_POINT('',(4.657644093041,-6.858440918837,
    -5.147492952544));
#173 = CARTESIAN_POINT('',(7.885076639384,-4.127573495247,
    -4.952607466209));
#174 = CARTESIAN_POINT('',(9.298637871253,0.270375070089,-4.757917882237
    ));
#175 = CARTESIAN_POINT('',(7.908941342722,4.897573743519,-4.56295780777)
  );
#176 = CARTESIAN_POINT('',(4.306194679867,7.78896725755,-4.368268180484)
  );
#177 = CARTESIAN_POINT('',(0.108185242978,8.289765078451,-4.173382761016
    ));
#178 = CARTESIAN_POINT('',(-3.353721566254,6.779432005326,
    -3.978597017958));
#179 = CARTESIAN_POINT('',(-7.405286811351,1.539446838231,
    -3.588960129631));
#180 = CARTESIAN_POINT('',(-7.995667777585,-2.1911543138,-3.394174380151
    ));
#181 = CARTESIAN_POINT('',(-6.454405881739,-6.12796386589,
    -3.199288982824));
#182 = CARTESIAN_POINT('',(-2.74931004631,-8.887016559197,
    -3.004599308504));
#183 = CARTESIAN_POINT('',(2.0787029106,-9.067335655952,-2.809639307968)
  );
#184 = CARTESIAN_POINT('',(5.979284504257,-6.592380478843,-2.6149496328)
  );
#185 = CARTESIAN_POINT('',(7.80993911064,-2.781503226504,-2.420064236783
    ));
#186 = CARTESIAN_POINT('',(7.499491236303,0.982739972194,-2.225278486039
    ));
#187 = CARTESIAN_POINT('',(3.850107889448,6.510363935072,-1.835641599486
    ));
#188 = CARTESIAN_POINT('',(0.510507798447,8.274735175373,-1.640855848615
    ));
#189 = CARTESIAN_POINT('',(-3.713148666636,8.088499453426,
    -1.445970453035));
#190 = CARTESIAN_POINT('',(-7.521569053821,5.473917063982,
    -1.251280776943));
#191 = CARTESIAN_POINT('',(-9.252550488856,0.963271061645,
    -1.056320777855));
#192 = CARTESIAN_POINT('',(-8.171018911823,-3.52785678623,
    -0.861631101751));
#193 = CARTESIAN_POINT('',(-5.156287884355,-6.491887580996,
    -0.666745706192));
#194 = CARTESIAN_POINT('',(-1.49371718983,-7.414644672079,
    -0.471959955298));
#195 = CARTESIAN_POINT('',(4.916696371142,-5.747544355765,
    -8.232306877936E-02));
#196 = CARTESIAN_POINT('',(7.665691355147,-3.157378102548,0.112462682118
    ));
#197 = CARTESIAN_POINT('',(8.854470124353,0.899808449372,0.307348077667)
  );
#198 = CARTESIAN_POINT('',(7.611019219245,5.348846183902,0.502037753786)
  );
#199 = CARTESIAN_POINT('',(3.901859025939,8.444707089576,0.696997752861)
  );
#200 = CARTESIAN_POINT('',(-0.697791066891,8.872677791314,0.891687428959
    ));
#201 = CARTESIAN_POINT('',(-4.477074394919,6.977658201219,1.086572824538
    ));
#202 = CARTESIAN_POINT('',(-6.53399872912,3.809856593654,1.281358575409)
  );
#203 = CARTESIAN_POINT('',(-7.028108075001,-2.79532935692,1.670995461963
    ));
#204 = CARTESIAN_POINT('',(-5.465373161274,-6.233903804405,
    1.865781212707));
#205 = CARTESIAN_POINT('',(-2.010106457191,-8.670107753636,
    2.060666608723));
#206 = CARTESIAN_POINT('',(2.60204206566,-8.931245497904,2.255356283891)
  );
#207 = CARTESIAN_POINT('',(6.730509717339,-6.42166805665,2.45031628443)
  );
#208 = CARTESIAN_POINT('',(8.622049435881,-2.207167209272,2.645005958742
    ));
#209 = CARTESIAN_POINT('',(8.050130046446,1.981745529447,2.839891356078)
  );
#210 = CARTESIAN_POINT('',(5.717091505954,4.952071422162,3.034677105552)
  );
#211 = CARTESIAN_POINT('',(-0.373945084653,7.554358635995,3.424313993886
    ));
#212 = CARTESIAN_POINT('',(-4.13304349251,7.186780358001,3.61909973692)
  );
#213 = CARTESIAN_POINT('',(-7.555199598841,4.704280550522,3.813985156448
    ));
#214 = CARTESIAN_POINT('',(-9.292898577678,0.42403416254,4.008674783634)
  );
#215 = CARTESIAN_POINT('',(-8.2522519639,-4.293939839816,4.203634858227)
  );
#216 = CARTESIAN_POINT('',(-4.875234516555,-7.446033298251,
    4.398324442077));
#217 = CARTESIAN_POINT('',(-0.72628023376,-8.258597105323,4.593209928498
    ));
#218 = CARTESIAN_POINT('',(2.838647935078,-7.010722115887,4.78799560702)
  );
#219 = CARTESIAN_POINT('',(7.269814578914,-2.087573986368,5.177632585872
    ));
#220 = CARTESIAN_POINT('',(8.136844471751,1.58859167242,5.372417936847)
  );
#221 = CARTESIAN_POINT('',(6.893553206654,5.629406567789,5.567304552165)
  );
#222 = CARTESIAN_POINT('',(3.40459992724,8.657162963162,5.761991738634)
  );
#223 = CARTESIAN_POINT('',(-1.396510172308,9.197137704841,5.956955580738
    ));
#224 = CARTESIAN_POINT('',(-5.470848446195,7.020052423938,6.151640561627
    ));
#225 = CARTESIAN_POINT('',(-7.580685414703,3.356355726685,6.346530581568
    ));
#226 = CARTESIAN_POINT('',(-7.551905287463,-0.420557872378,
    6.541312649008));
#227 = CARTESIAN_POINT('',(-5.938471840978,-3.312786693285,
    6.736133442109));
#228 = DEFINITIONAL_REPRESENTATION('',(#229),#233);
#229 = LINE('',#230,#231);
#230 = CARTESIAN_POINT('',(-3.225529577606E-15,-1.88639179395E-16));
#231 = VECTOR('',#232,1.);
#232 = DIRECTION('',(1.291131932061E-18,1.));
#233 = ( GEOMETRIC_REPRESENTATION_CONTEXT(2) 
PARAMETRIC_REPRESENTATION_CONTEXT() REPRESENTATION_CONTEXT('2D SPACE',''
  ) );
#234 = PCURVE('',#235,#368);
#235 = B_SPLINE_SURFACE_WITH_KNOTS('',1,9,(
    (#236,#237,#238,#239,#240,#241,#242,#243,#244,#245,#246,#247,#248
      ,#249,#250,#251,#252,#253,#254,#255,#256,#257,#258,#259,#260,#261
      ,#262,#263,#264,#265,#266,#267,#268,#269,#270,#271,#272,#273,#274
      ,#275,#276,#277,#278,#279,#280,#281,#282,#283,#284,#285,#286,#287
      ,#288,#289,#290,#291,#292,#293,#294,#295,#296,#297,#298,#299,#300
      ,#301)
    ,(#302,#303,#304,#305,#306,#307,#308,#309,#310,#311,#312,#313,#314
      ,#315,#316,#317,#318,#319,#320,#321,#322,#323,#324,#325,#326,#327
      ,#328,#329,#330,#331,#332,#333,#334,#335,#336,#337,#338,#339,#340
      ,#341,#342,#343,#344,#345,#346,#347,#348,#349,#350,#351,#352,#353
      ,#354,#355,#356,#357,#358,#359,#360,#361,#362,#363,#364,#365,#366
      ,#367)),.UNSPECIFIED.,.F.,.F.,.F.,(2,2),(10,8,8,8,8,8,8,8,10),(0.,
    1.864577529968),(0.,4.72095462366,9.441909247319,14.162863870979,
    18.883818494638,23.604773118298,28.325727741957,33.046682365617,
    37.767636989277),.UNSPECIFIED.);
#236 = CARTESIAN_POINT('',(4.7,0.,-6.080985357888));
#237 = CARTESIAN_POINT('',(4.699995985583,2.289055067115,-5.886173458305
    ));
#238 = CARTESIAN_POINT('',(3.445602612495,4.578506002614,-5.691355104468
    ));
#239 = CARTESIAN_POINT('',(0.938419738532,6.079540898137,-5.496554742674
    ));
#240 = CARTESIAN_POINT('',(-2.253947734712,6.021674163316,
    -5.301720207751));
#241 = CARTESIAN_POINT('',(-4.970100333685,4.079141044147,
    -5.106932149667));
#242 = CARTESIAN_POINT('',(-6.056571625764,1.07671873797,-4.912097982314
    ));
#243 = CARTESIAN_POINT('',(-5.446365744059,-1.780976046148,
    -4.717297053114));
#244 = CARTESIAN_POINT('',(-3.68518308944,-3.707994180294,
    -4.522479246515));
#245 = CARTESIAN_POINT('',(0.647249008906,-5.187563153774,
    -4.132854679469));
#246 = CARTESIAN_POINT('',(3.219239924241,-4.74039884562,-3.938036927471
    ));
#247 = CARTESIAN_POINT('',(5.45000511073,-2.852874990754,-3.743235810099
    ));
#248 = CARTESIAN_POINT('',(6.426968251532,0.186881124001,-3.548402042328
    ));
#249 = CARTESIAN_POINT('',(5.46649706069,3.385068761314,-3.353613356331)
  );
#250 = CARTESIAN_POINT('',(2.976327941288,5.383573222752,-3.158779595762
    ));
#251 = CARTESIAN_POINT('',(7.47792699118E-02,5.729675527546,
    -2.963978467266));
#252 = CARTESIAN_POINT('',(-2.318014191057,4.685787627642,
    -2.769160726007));
#253 = CARTESIAN_POINT('',(-5.11835848335,1.064025004913,-2.379536143878
    ));
#254 = CARTESIAN_POINT('',(-5.526418416121,-1.514459062344,
    -2.184718403696));
#255 = CARTESIAN_POINT('',(-4.461135454334,-4.235530917472,
    -1.989917271498));
#256 = CARTESIAN_POINT('',(-1.900244227953,-6.142468318279,
    -1.795083518772));
#257 = CARTESIAN_POINT('',(1.436725178053,-6.267144610993,
    -1.600294820468));
#258 = CARTESIAN_POINT('',(4.132765930408,-4.556493648661,
    -1.405461067867));
#259 = CARTESIAN_POINT('',(5.398030564651,-1.922508677076,
    -1.210659935468));
#260 = CARTESIAN_POINT('',(5.183475669232,0.679246251966,-1.015842195489
    ));
#261 = CARTESIAN_POINT('',(2.661099301669,4.499810360302,-0.626217613064
    ));
#262 = CARTESIAN_POINT('',(0.352865720587,5.719298256745,-0.431399873114
    ));
#263 = CARTESIAN_POINT('',(-2.566465411089,5.590590933349,
    -0.236598740626));
#264 = CARTESIAN_POINT('',(-5.198709240542,3.783420066674,
    -4.176498819402E-02));
#265 = CARTESIAN_POINT('',(-6.395151713971,0.665819321298,0.15302371035)
  );
#266 = CARTESIAN_POINT('',(-5.647619771722,-2.438396915676,
    0.347857462796));
#267 = CARTESIAN_POINT('',(-3.563898967003,-4.487025489573,0.54265859527
    ));
#268 = CARTESIAN_POINT('',(-1.03242386571,-5.124831357783,0.737476335225
    ));
#269 = CARTESIAN_POINT('',(3.398306351268,-3.972562990689,1.127100917656
    ));
#270 = CARTESIAN_POINT('',(5.298336948669,-2.182318112632,1.321918657601
    ));
#271 = CARTESIAN_POINT('',(6.120019171064,0.621946168203,1.516719790095)
  );
#272 = CARTESIAN_POINT('',(5.260528794285,3.696982820242,1.711553542522)
  );
#273 = CARTESIAN_POINT('',(2.696902729359,5.836779632782,1.906342241069)
  );
#274 = CARTESIAN_POINT('',(-0.482319506942,6.132597858784,2.101175993515
    ));
#275 = CARTESIAN_POINT('',(-3.094436703419,4.822782918565,2.295977125986
    ));
#276 = CARTESIAN_POINT('',(-4.516148873116,2.633285939674,2.490794865945
    ));
#277 = CARTESIAN_POINT('',(-4.857659227201,-1.932068736955,
    2.880419448369));
#278 = CARTESIAN_POINT('',(-3.777546549989,-4.30871545008,3.075237188341
    ));
#279 = CARTESIAN_POINT('',(-1.389325346017,-5.992597664773,
    3.270038320756));
#280 = CARTESIAN_POINT('',(1.79846643038,-6.173035207109,3.464872073343)
  );
#281 = CARTESIAN_POINT('',(4.651957356345,-4.438532817274,3.659660771644
    ));
#282 = CARTESIAN_POINT('',(5.959376155411,-1.525524315777,3.85449452439)
  );
#283 = CARTESIAN_POINT('',(5.56404696827,1.369728049957,4.049295656567)
  );
#284 = CARTESIAN_POINT('',(3.951522559622,3.422756921244,4.244113396759)
  );
#285 = CARTESIAN_POINT('',(-0.258465945653,5.221392355452,4.633737978886
    ));
#286 = CARTESIAN_POINT('',(-2.85664791297,4.967338268197,4.828555720144)
  );
#287 = CARTESIAN_POINT('',(-5.22200230879,3.251483279616,5.023356848638)
  );
#288 = CARTESIAN_POINT('',(-6.42300178262,0.293075852769,5.218190609226)
  );
#289 = CARTESIAN_POINT('',(-5.703783798056,-2.967849542069,5.41297929518
    ));
#290 = CARTESIAN_POINT('',(-3.369636605666,-5.146546221976,
    5.607813063006));
#291 = CARTESIAN_POINT('',(-0.501990829077,-5.708132677969,
    5.802614180334));
#292 = CARTESIAN_POINT('',(1.962007118264,-4.845649962818,5.997431932352
    ));
#293 = CARTESIAN_POINT('',(5.024723635378,-1.4428774773,6.387056499393)
  );
#294 = CARTESIAN_POINT('',(5.623995084308,1.097981834569,6.581874305994)
  );
#295 = CARTESIAN_POINT('',(4.764666249234,3.890939824371,6.77667523519)
  );
#296 = CARTESIAN_POINT('',(2.35316213407,5.983599690834,6.971509402564)
  );
#297 = CARTESIAN_POINT('',(-0.965207183044,6.356859308985,7.166297460597
    ));
#298 = CARTESIAN_POINT('',(-3.781348635224,4.852091762278,7.361131995588
    ));
#299 = CARTESIAN_POINT('',(-5.239574621053,2.319832534238,7.555932357325
    ));
#300 = CARTESIAN_POINT('',(-5.219703888604,-0.290679278657,
    7.750750711193));
#301 = CARTESIAN_POINT('',(-4.104531045643,-2.28971980842,7.945562610765
    ));
#302 = CARTESIAN_POINT('',(4.7,0.,-7.945562887856));
#303 = CARTESIAN_POINT('',(4.700004011974,2.289055575832,-7.750750988273
    ));
#304 = CARTESIAN_POINT('',(3.445582154525,4.578508582987,-7.555932634437
    ));
#305 = CARTESIAN_POINT('',(0.938454013472,6.079532046227,-7.361132272632
    ));
#306 = CARTESIAN_POINT('',(-2.253980364342,6.021700162377,
    -7.166297737746));
#307 = CARTESIAN_POINT('',(-4.970085602561,4.079105482978,
    -6.971509679596));
#308 = CARTESIAN_POINT('',(-6.056572970591,1.076752014625,
    -6.776675512317));
#309 = CARTESIAN_POINT('',(-5.446370757375,-1.780994784381,
    -6.581874583065));
#310 = CARTESIAN_POINT('',(-3.685181992094,-3.707989580055,
    -6.387056776486));
#311 = CARTESIAN_POINT('',(0.647247380962,-5.187569405441,
    -5.997432209436));
#312 = CARTESIAN_POINT('',(3.219248286924,-4.740382469845,
    -5.802614457442));
#313 = CARTESIAN_POINT('',(5.449986441658,-2.852902122525,
    -5.607813340055));
#314 = CARTESIAN_POINT('',(6.427002687243,0.186901379341,-5.412979572326
    ));
#315 = CARTESIAN_POINT('',(5.466459159975,3.385067910079,-5.218190886259
    ));
#316 = CARTESIAN_POINT('',(2.976359585213,5.383562864488,-5.023357125765
    ));
#317 = CARTESIAN_POINT('',(7.476326516007E-02,5.729686662892,
    -4.828555997216));
#318 = CARTESIAN_POINT('',(-2.318010212273,4.68578504038,-4.633738255979
    ));
#319 = CARTESIAN_POINT('',(-5.118363863885,1.064028595575,
    -4.244113673845));
#320 = CARTESIAN_POINT('',(-5.526405635385,-1.514472310914,
    -4.049295933667));
#321 = CARTESIAN_POINT('',(-4.461155081148,-4.235504433652,
    -3.854494801454));
#322 = CARTESIAN_POINT('',(-1.900236202696,-6.142507495928,
    -3.659661048769));
#323 = CARTESIAN_POINT('',(1.436736631511,-6.267108437659,
    -3.464872350395));
#324 = CARTESIAN_POINT('',(4.132745895632,-4.556520264065,-3.27003859787
    ));
#325 = CARTESIAN_POINT('',(5.398046277046,-1.922497123379,
    -3.075237465419));
#326 = CARTESIAN_POINT('',(5.183471934536,0.679243321642,-2.880419725461
    ));
#327 = CARTESIAN_POINT('',(2.661104438736,4.499814292233,-2.490795143031
    ));
#328 = CARTESIAN_POINT('',(0.352849052185,5.719290442776,-2.295977403086
    ));
#329 = CARTESIAN_POINT('',(-2.566434005112,5.590600948693,
    -2.101176270581));
#330 = CARTESIAN_POINT('',(-5.198748909677,3.783425132836,
    -1.906342518192));
#331 = CARTESIAN_POINT('',(-6.395121183225,0.665796792434,
    -1.711553819577));
#332 = CARTESIAN_POINT('',(-5.647638484017,-2.438369354698,
    -1.516720067207));
#333 = CARTESIAN_POINT('',(-3.563893111284,-4.487044092626,
    -1.32191893468));
#334 = CARTESIAN_POINT('',(-1.032425431793,-5.124826876494,
    -1.127101194747));
#335 = CARTESIAN_POINT('',(3.398308411978,-3.972569122807,
    -0.737476612311));
#336 = CARTESIAN_POINT('',(5.298334940996,-2.182299813386,-0.54265887237
    ));
#337 = CARTESIAN_POINT('',(6.12001849902,0.621913210812,-0.34785773986)
  );
#338 = CARTESIAN_POINT('',(5.260546409029,3.697018723251,-0.153023987476
    ));
#339 = CARTESIAN_POINT('',(2.696871542413,5.836758021425,
    4.176471114184E-02));
#340 = CARTESIAN_POINT('',(-0.482287377463,6.132606659622,0.236598463512
    ));
#341 = CARTESIAN_POINT('',(-3.094456200646,4.8227833893,0.431399596036)
  );
#342 = CARTESIAN_POINT('',(-4.516144126167,2.633285973437,0.626217335973
    ));
#343 = CARTESIAN_POINT('',(-4.857665696257,-1.932068705285,
    1.015841918403));
#344 = CARTESIAN_POINT('',(-3.777528583782,-4.308719464117,1.21065965837
    ));
#345 = CARTESIAN_POINT('',(-1.389356317906,-5.992586377638,1.4054607908)
  );
#346 = CARTESIAN_POINT('',(1.798494714453,-6.173063479574,1.600294543346
    ));
#347 = CARTESIAN_POINT('',(4.651946983081,-4.438496319903,1.795083241716
    ));
#348 = CARTESIAN_POINT('',(5.959374101085,-1.525557564895,1.989916994386
    ));
#349 = CARTESIAN_POINT('',(5.564053714177,1.369746348344,2.184718126617)
  );
#350 = CARTESIAN_POINT('',(3.951521057971,3.422752418411,2.379535866787)
  );
#351 = CARTESIAN_POINT('',(-0.258463826113,5.221398466516,2.76916044892)
  );
#352 = CARTESIAN_POINT('',(-2.856657511901,4.967322566657,2.963978190173
    ));
#353 = CARTESIAN_POINT('',(-5.221981633675,3.251508933089,3.158779318683
    ));
#354 = CARTESIAN_POINT('',(-6.423037649802,0.293058239273,3.353613079228
    ));
#355 = CARTESIAN_POINT('',(-5.703745947205,-2.967851542453,
    3.548401765253));
#356 = CARTESIAN_POINT('',(-3.369667362124,-5.146533508535,
    3.743235533003));
#357 = CARTESIAN_POINT('',(-0.50197573196,-5.708144996532,3.938036650384
    ));
#358 = CARTESIAN_POINT('',(1.962003369834,-4.845647071838,4.13285440238)
  );
#359 = CARTESIAN_POINT('',(5.024728675984,-1.442881488822,4.522478969426
    ));
#360 = CARTESIAN_POINT('',(5.623983638109,1.097996158755,4.717296776021)
  );
#361 = CARTESIAN_POINT('',(4.764683032198,3.890911534198,4.912097705236)
  );
#362 = CARTESIAN_POINT('',(2.353158536614,5.983640115808,5.106931872564)
  );
#363 = CARTESIAN_POINT('',(-0.965223366308,6.356823036761,5.301719930675
    ));
#364 = CARTESIAN_POINT('',(-3.781324400678,4.852117968536,5.49655446558)
  );
#365 = CARTESIAN_POINT('',(-5.239593149947,2.319821164191,5.691354827379
    ));
#366 = CARTESIAN_POINT('',(-5.219698543867,-0.290675919168,
    5.886173181218));
#367 = CARTESIAN_POINT('',(-4.104532549638,-2.289720647426,
    6.080985080798));
#368 = DEFINITIONAL_REPRESENTATION('',(#369),#461);
#369 = B_SPLINE_CURVE_WITH_KNOTS('',3,(#370,#371,#372,#373,#374,#375,
    #376,#377,#378,#379,#380,#381,#382,#383,#384,#385,#386,#387,#388,
    #389,#390,#391,#392,#393,#394,#395,#396,#397,#398,#399,#400,#401,
    #402,#403,#404,#405,#406,#407,#408,#409,#410,#411,#412,#413,#414,
    #415,#416,#417,#418,#419,#420,#421,#422,#423,#424,#425,#426,#427,
    #428,#429,#430,#431,#432,#433,#434,#435,#436,#437,#438,#439,#440,
    #441,#442,#443,#444,#445,#446,#447,#448,#449,#450,#451,#452,#453,
    #454,#455,#456,#457,#458,#459,#460),.UNSPECIFIED.,.F.,.F.,(4,1,1,1,1
    ,1,1,1,1,1,1,1,1,1,1,1,1,1,1,1,1,1,1,1,1,1,1,1,1,1,1,1,1,1,1,1,1,1,1
    ,1,1,1,1,1,1,1,1,1,1,1,1,1,1,1,1,1,1,1,1,1,1,1,1,1,1,1,1,1,1,1,1,1,1
    ,1,1,1,1,1,1,1,1,1,1,1,1,1,1,1,4),(0.,0.42917769306,0.85835538612,
    1.28753307918,1.71671077224,2.1458884653,2.57506615836,3.00424385142
    ,3.43342154448,3.86259923754,4.2917769306,4.72095462366,
    5.15013231672,5.579310009779,6.008487702839,6.437665395899,
    6.866843088959,7.296020782019,7.725198475079,8.154376168139,
    8.583553861199,9.012731554259,9.441909247319,9.871086940379,
    10.300264633439,10.729442326499,11.158620019559,11.587797712619,
    12.016975405679,12.446153098739,12.875330791799,13.304508484859,
    13.733686177919,14.162863870979,14.592041564039,15.021219257099,
    15.450396950159,15.879574643219,16.308752336279,16.737930029338,
    17.167107722398,17.596285415458,18.025463108518,18.454640801578,
    18.883818494638,19.312996187698,19.742173880758,20.171351573818,
    20.600529266878,21.029706959938,21.458884652998,21.888062346058,
    22.317240039118,22.746417732178,23.175595425238,23.604773118298,
    24.033950811358,24.463128504418,24.892306197478,25.321483890538,
    25.750661583598,26.179839276658,26.609016969718,27.038194662778,
    27.467372355837,27.896550048897,28.325727741957,28.754905435017,
    29.184083128077,29.613260821137,30.042438514197,30.471616207257,
    30.900793900317,31.329971593377,31.759149286437,32.188326979497,
    32.617504672557,33.046682365617,33.475860058677,33.905037751737,
    34.334215444797,34.763393137857,35.192570830917,35.621748523977,
    36.050926217037,36.480103910097,36.909281603157,37.338459296217,
    37.767636989277),.QUASI_UNIFORM_KNOTS.);
#370 = CARTESIAN_POINT('',(1.864577529968,0.));
#371 = CARTESIAN_POINT('',(1.864577529968,0.14305923102));
#372 = CARTESIAN_POINT('',(1.864577529968,0.42917769306));
#373 = CARTESIAN_POINT('',(1.864577529968,0.85835538612));
#374 = CARTESIAN_POINT('',(1.864577529968,1.28753307918));
#375 = CARTESIAN_POINT('',(1.864577529968,1.71671077224));
#376 = CARTESIAN_POINT('',(1.864577529968,2.1458884653));
#377 = CARTESIAN_POINT('',(1.864577529968,2.57506615836));
#378 = CARTESIAN_POINT('',(1.864577529968,3.00424385142));
#379 = CARTESIAN_POINT('',(1.864577529968,3.43342154448));
#380 = CARTESIAN_POINT('',(1.864577529968,3.86259923754));
#381 = CARTESIAN_POINT('',(1.864577529968,4.2917769306));
#382 = CARTESIAN_POINT('',(1.864577529968,4.72095462366));
#383 = CARTESIAN_POINT('',(1.864577529968,5.15013231672));
#384 = CARTESIAN_POINT('',(1.864577529968,5.579310009779));
#385 = CARTESIAN_POINT('',(1.864577529967,6.00848770284));
#386 = CARTESIAN_POINT('',(1.864577529965,6.4376653959));
#387 = CARTESIAN_POINT('',(1.864577529962,6.86684308896));
#388 = CARTESIAN_POINT('',(1.864577529961,7.29602078202));
#389 = CARTESIAN_POINT('',(1.864577529962,7.72519847508));
#390 = CARTESIAN_POINT('',(1.864577529965,8.154376168139));
#391 = CARTESIAN_POINT('',(1.864577529967,8.583553861199));
#392 = CARTESIAN_POINT('',(1.864577529968,9.012731554259));
#393 = CARTESIAN_POINT('',(1.864577529968,9.441909247319));
#394 = CARTESIAN_POINT('',(1.864577529968,9.871086940379));
#395 = CARTESIAN_POINT('',(1.864577529968,10.300264633439));
#396 = CARTESIAN_POINT('',(1.864577529968,10.729442326499));
#397 = CARTESIAN_POINT('',(1.864577529968,11.158620019559));
#398 = CARTESIAN_POINT('',(1.864577529968,11.587797712619));
#399 = CARTESIAN_POINT('',(1.864577529968,12.016975405679));
#400 = CARTESIAN_POINT('',(1.864577529968,12.446153098739));
#401 = CARTESIAN_POINT('',(1.864577529968,12.875330791799));
#402 = CARTESIAN_POINT('',(1.864577529968,13.304508484859));
#403 = CARTESIAN_POINT('',(1.864577529968,13.733686177919));
#404 = CARTESIAN_POINT('',(1.864577529968,14.162863870979));
#405 = CARTESIAN_POINT('',(1.864577529968,14.592041564039));
#406 = CARTESIAN_POINT('',(1.864577529968,15.021219257099));
#407 = CARTESIAN_POINT('',(1.864577529968,15.450396950159));
#408 = CARTESIAN_POINT('',(1.864577529968,15.879574643219));
#409 = CARTESIAN_POINT('',(1.864577529968,16.308752336278));
#410 = CARTESIAN_POINT('',(1.864577529968,16.737930029338));
#411 = CARTESIAN_POINT('',(1.864577529968,17.167107722398));
#412 = CARTESIAN_POINT('',(1.864577529968,17.596285415458));
#413 = CARTESIAN_POINT('',(1.864577529968,18.025463108518));
#414 = CARTESIAN_POINT('',(1.864577529968,18.454640801578));
#415 = CARTESIAN_POINT('',(1.864577529968,18.883818494638));
#416 = CARTESIAN_POINT('',(1.864577529968,19.312996187698));
#417 = CARTESIAN_POINT('',(1.864577529968,19.742173880758));
#418 = CARTESIAN_POINT('',(1.864577529968,20.171351573818));
#419 = CARTESIAN_POINT('',(1.864577529968,20.600529266878));
#420 = CARTESIAN_POINT('',(1.864577529968,21.029706959938));
#421 = CARTESIAN_POINT('',(1.864577529968,21.458884652998));
#422 = CARTESIAN_POINT('',(1.864577529968,21.888062346058));
#423 = CARTESIAN_POINT('',(1.864577529968,22.317240039118));
#424 = CARTESIAN_POINT('',(1.864577529968,22.746417732178));
#425 = CARTESIAN_POINT('',(1.864577529968,23.175595425238));
#426 = CARTESIAN_POINT('',(1.864577529968,23.604773118298));
#427 = CARTESIAN_POINT('',(1.864577529968,24.033950811358));
#428 = CARTESIAN_POINT('',(1.864577529968,24.463128504418));
#429 = CARTESIAN_POINT('',(1.864577529968,24.892306197478));
#430 = CARTESIAN_POINT('',(1.864577529968,25.321483890538));
#431 = CARTESIAN_POINT('',(1.864577529968,25.750661583598));
#432 = CARTESIAN_POINT('',(1.864577529968,26.179839276658));
#433 = CARTESIAN_POINT('',(1.864577529968,26.609016969718));
#434 = CARTESIAN_POINT('',(1.864577529968,27.038194662778));
#435 = CARTESIAN_POINT('',(1.864577529968,27.467372355837));
#436 = CARTESIAN_POINT('',(1.864577529968,27.896550048897));
#437 = CARTESIAN_POINT('',(1.864577529968,28.325727741957));
#438 = CARTESIAN_POINT('',(1.864577529968,28.754905435017));
#439 = CARTESIAN_POINT('',(1.864577529968,29.184083128077));
#440 = CARTESIAN_POINT('',(1.864577529968,29.613260821137));
#441 = CARTESIAN_POINT('',(1.864577529968,30.042438514197));
#442 = CARTESIAN_POINT('',(1.864577529968,30.471616207257));
#443 = CARTESIAN_POINT('',(1.864577529968,30.900793900317));
#444 = CARTESIAN_POINT('',(1.864577529968,31.329971593377));
#445 = CARTESIAN_POINT('',(1.864577529968,31.759149286437));
#446 = CARTESIAN_POINT('',(1.864577529968,32.188326979497));
#447 = CARTESIAN_POINT('',(1.864577529968,32.617504672557));
#448 = CARTESIAN_POINT('',(1.864577529968,33.046682365617));
#449 = CARTESIAN_POINT('',(1.864577529968,33.475860058677));
#450 = CARTESIAN_POINT('',(1.864577529968,33.905037751737));
#451 = CARTESIAN_POINT('',(1.864577529968,34.334215444797));
#452 = CARTESIAN_POINT('',(1.864577529861,34.763393137842));
#453 = CARTESIAN_POINT('',(1.864577528825,35.192570830693));
#454 = CARTESIAN_POINT('',(1.86457752392,35.621748522795));
#455 = CARTESIAN_POINT('',(1.864577509367,36.050926213465));
#456 = CARTESIAN_POINT('',(1.864577477178,36.480103904042));
#457 = CARTESIAN_POINT('',(1.864577430458,36.90928159825));
#458 = CARTESIAN_POINT('',(1.864577388045,37.338459303952));
#459 = CARTESIAN_POINT('',(1.864577455152,37.624577764369));
#460 = CARTESIAN_POINT('',(1.864577529968,37.767636989277));
#461 = ( GEOMETRIC_REPRESENTATION_CONTEXT(2) 
PARAMETRIC_REPRESENTATION_CONTEXT() REPRESENTATION_CONTEXT('2D SPACE',''
  ) );
#462 = ORIENTED_EDGE('',*,*,#463,.F.);
#463 = EDGE_CURVE('',#464,#22,#466,.T.);
#464 = VERTEX_POINT('',#465);
#465 = CARTESIAN_POINT('',(5.232103539857,4.343400153239,-4.5));
#466 = SURFACE_CURVE('',#467,(#490,#516),.PCURVE_S1.);
#467 = B_SPLINE_CURVE_WITH_KNOTS('',6,(#468,#469,#470,#471,#472,#473,
    #474,#475,#476,#477,#478,#479,#480,#481,#482,#483,#484,#485,#486,
    #487,#488,#489),.UNSPECIFIED.,.F.,.F.,(7,5,5,5,7),(0.,0.34751758411,
    0.61602597308,0.828196663461,1.),.UNSPECIFIED.);
#468 = CARTESIAN_POINT('',(5.232103539857,4.343400153239,-4.5));
#469 = CARTESIAN_POINT('',(4.796686976843,4.703927680807,-4.5));
#470 = CARTESIAN_POINT('',(4.325086533771,5.019996089692,-4.5));
#471 = CARTESIAN_POINT('',(3.82232077086,5.285913352682,-4.5));
#472 = CARTESIAN_POINT('',(3.294532027815,5.496715507339,-4.5));
#473 = CARTESIAN_POINT('',(2.748986282179,5.648172608627,-4.5));
#474 = CARTESIAN_POINT('',(1.765722763589,5.806359191059,-4.5));
#475 = CARTESIAN_POINT('',(1.331644110773,5.838172109701,-4.5));
#476 = CARTESIAN_POINT('',(0.896061851775,5.831505982244,-4.5));
#477 = CARTESIAN_POINT('',(0.463309357734,5.785554708447,-4.5));
#478 = CARTESIAN_POINT('',(3.805185582228E-02,5.700090067494,-4.5));
#479 = CARTESIAN_POINT('',(-0.70093392075,5.4774404735,-4.5));
#480 = CARTESIAN_POINT('',(-1.019357986668,5.354865109657,-4.5));
#481 = CARTESIAN_POINT('',(-1.327558176088,5.208289467141,-4.5));
#482 = CARTESIAN_POINT('',(-1.623014742973,5.038330671075,-4.5));
#483 = CARTESIAN_POINT('',(-1.903165062429,4.845954084044,-4.5));
#484 = CARTESIAN_POINT('',(-2.377853270606,4.45978276198,-4.5));
#485 = CARTESIAN_POINT('',(-2.578543463446,4.273217249625,-4.5));
#486 = CARTESIAN_POINT('',(-2.766176123684,4.07362420725,-4.5));
#487 = CARTESIAN_POINT('',(-2.939417116896,3.861931218068,-4.5));
#488 = CARTESIAN_POINT('',(-3.096982823386,3.639264874402,-4.5));
#489 = CARTESIAN_POINT('',(-3.23766907871,3.406973703087,-4.5));
#490 = PCURVE('',#95,#491);
#491 = DEFINITIONAL_REPRESENTATION('',(#492),#515);
#492 = B_SPLINE_CURVE_WITH_KNOTS('',6,(#493,#494,#495,#496,#497,#498,
    #499,#500,#501,#502,#503,#504,#505,#506,#507,#508,#509,#510,#511,
    #512,#513,#514),.UNSPECIFIED.,.F.,.F.,(7,5,5,5,7),(0.,0.34751758411,
    0.61602597308,0.828196663461,1.),.UNSPECIFIED.);
#493 = CARTESIAN_POINT('',(2.19982200049,7.513423750908));
#494 = CARTESIAN_POINT('',(2.090099235113,7.60141053908));
#495 = CARTESIAN_POINT('',(1.978512259917,7.69089228616));
#496 = CARTESIAN_POINT('',(1.86498085071,7.781933309286));
#497 = CARTESIAN_POINT('',(1.749375606913,7.874637335533));
#498 = CARTESIAN_POINT('',(1.631526860964,7.969140376185));
#499 = CARTESIAN_POINT('',(1.418367581988,8.140072938073));
#500 = CARTESIAN_POINT('',(1.324014948252,8.215734341711));
#501 = CARTESIAN_POINT('',(1.228152757246,8.292606224392));
#502 = CARTESIAN_POINT('',(1.130690945372,8.370760817027));
#503 = CARTESIAN_POINT('',(1.031518751774,8.450286971646));
#504 = CARTESIAN_POINT('',(0.850720955206,8.59526872353));
#505 = CARTESIAN_POINT('',(0.769775772603,8.660178681771));
#506 = CARTESIAN_POINT('',(0.687636750537,8.726046005499));
#507 = CARTESIAN_POINT('',(0.604239642579,8.792922221288));
#508 = CARTESIAN_POINT('',(0.519508793379,8.860867977645));
#509 = CARTESIAN_POINT('',(0.363610707221,8.985882778664));
#510 = CARTESIAN_POINT('',(0.292928312959,9.042563032416));
#511 = CARTESIAN_POINT('',(0.221277029423,9.100020217483));
#512 = CARTESIAN_POINT('',(0.148608845088,9.158292797852));
#513 = CARTESIAN_POINT('',(7.486957882457E-02,9.217424222652));
#514 = CARTESIAN_POINT('',(0.,9.277462095601));
#515 = ( GEOMETRIC_REPRESENTATION_CONTEXT(2) 
PARAMETRIC_REPRESENTATION_CONTEXT() REPRESENTATION_CONTEXT('2D SPACE',''
  ) );
#516 = PCURVE('',#517,#522);
#517 = PLANE('',#518);
#518 = AXIS2_PLACEMENT_3D('',#519,#520,#521);
#519 = CARTESIAN_POINT('',(-3.746411322026E-16,4.512848766126E-16,-4.5)
  );
#520 = DIRECTION('',(0.,0.,1.));
#521 = DIRECTION('',(1.,0.,-0.));
#522 = DEFINITIONAL_REPRESENTATION('',(#523),#546);
#523 = B_SPLINE_CURVE_WITH_KNOTS('',6,(#524,#525,#526,#527,#528,#529,
    #530,#531,#532,#533,#534,#535,#536,#537,#538,#539,#540,#541,#542,
    #543,#544,#545),.UNSPECIFIED.,.F.,.F.,(7,5,5,5,7),(0.,0.34751758411,
    0.61602597308,0.828196663461,1.),.UNSPECIFIED.);
#524 = CARTESIAN_POINT('',(5.232103539857,4.343400153239));
#525 = CARTESIAN_POINT('',(4.796686976843,4.703927680807));
#526 = CARTESIAN_POINT('',(4.325086533771,5.019996089692));
#527 = CARTESIAN_POINT('',(3.82232077086,5.285913352682));
#528 = CARTESIAN_POINT('',(3.294532027815,5.496715507339));
#529 = CARTESIAN_POINT('',(2.748986282179,5.648172608627));
#530 = CARTESIAN_POINT('',(1.765722763589,5.806359191059));
#531 = CARTESIAN_POINT('',(1.331644110773,5.838172109701));
#532 = CARTESIAN_POINT('',(0.896061851775,5.831505982244));
#533 = CARTESIAN_POINT('',(0.463309357734,5.785554708447));
#534 = CARTESIAN_POINT('',(3.805185582228E-02,5.700090067494));
#535 = CARTESIAN_POINT('',(-0.70093392075,5.4774404735));
#536 = CARTESIAN_POINT('',(-1.019357986668,5.354865109657));
#537 = CARTESIAN_POINT('',(-1.327558176088,5.208289467141));
#538 = CARTESIAN_POINT('',(-1.623014742973,5.038330671075));
#539 = CARTESIAN_POINT('',(-1.903165062429,4.845954084044));
#540 = CARTESIAN_POINT('',(-2.377853270606,4.45978276198));
#541 = CARTESIAN_POINT('',(-2.578543463446,4.273217249625));
#542 = CARTESIAN_POINT('',(-2.766176123684,4.07362420725));
#543 = CARTESIAN_POINT('',(-2.939417116896,3.861931218068));
#544 = CARTESIAN_POINT('',(-3.096982823386,3.639264874402));
#545 = CARTESIAN_POINT('',(-3.23766907871,3.406973703087));
#546 = ( GEOMETRIC_REPRESENTATION_CONTEXT(2) 
PARAMETRIC_REPRESENTATION_CONTEXT() REPRESENTATION_CONTEXT('2D SPACE',''
  ) );
#547 = ORIENTED_EDGE('',*,*,#548,.T.);
#548 = EDGE_CURVE('',#464,#549,#551,.T.);
#549 = VERTEX_POINT('',#550);
#550 = CARTESIAN_POINT('',(-2.4532222794,-6.342060932126,4.5));
#551 = SURFACE_CURVE('',#552,(#619,#626),.PCURVE_S1.);
#552 = B_SPLINE_CURVE_WITH_KNOTS('',9,(#553,#554,#555,#556,#557,#558,
    #559,#560,#561,#562,#563,#564,#565,#566,#567,#568,#569,#570,#571,
    #572,#573,#574,#575,#576,#577,#578,#579,#580,#581,#582,#583,#584,
    #585,#586,#587,#588,#589,#590,#591,#592,#593,#594,#595,#596,#597,
    #598,#599,#600,#601,#602,#603,#604,#605,#606,#607,#608,#609,#610,
    #611,#612,#613,#614,#615,#616,#617,#618),.UNSPECIFIED.,.F.,.F.,(10,8
    ,8,8,8,8,8,8,10),(0.,4.72095462366,9.441909247319,14.162863870979,
    18.883818494638,23.604773118298,28.325727741957,33.046682365617,
    37.767636989277),.UNSPECIFIED.);
#553 = CARTESIAN_POINT('',(6.8,-1.7763568394E-15,-7.290416466177));
#554 = CARTESIAN_POINT('',(6.800001200337,3.31182052875,-7.095595673112)
  );
#555 = CARTESIAN_POINT('',(4.985110643313,6.62423817114,-6.900813605591)
  );
#556 = CARTESIAN_POINT('',(1.357737026091,8.795899290978,-6.70592358578)
  );
#557 = CARTESIAN_POINT('',(-3.261041670641,8.71225466012,-6.511238604732
    ));
#558 = CARTESIAN_POINT('',(-7.190797294734,5.901695623311,-6.31627476278
    ));
#559 = CARTESIAN_POINT('',(-8.762675441664,1.557833458958,
    -6.121587576195));
#560 = CARTESIAN_POINT('',(-7.879866650488,-2.576744078952,
    -5.926700960947));
#561 = CARTESIAN_POINT('',(-5.331749543368,-5.364754748246,
    -5.731915609941));
#562 = CARTESIAN_POINT('',(0.936440049519,-7.505414672251,
    -5.342278631107));
#563 = CARTESIAN_POINT('',(4.657644093041,-6.858440918837,
    -5.147492952544));
#564 = CARTESIAN_POINT('',(7.885076639384,-4.127573495247,
    -4.952607466209));
#565 = CARTESIAN_POINT('',(9.298637871253,0.270375070089,-4.757917882237
    ));
#566 = CARTESIAN_POINT('',(7.908941342722,4.897573743519,-4.56295780777)
  );
#567 = CARTESIAN_POINT('',(4.306194679867,7.78896725755,-4.368268180484)
  );
#568 = CARTESIAN_POINT('',(0.108185242978,8.289765078451,-4.173382761016
    ));
#569 = CARTESIAN_POINT('',(-3.353721566254,6.779432005326,
    -3.978597017958));
#570 = CARTESIAN_POINT('',(-7.405286811351,1.539446838231,
    -3.588960129631));
#571 = CARTESIAN_POINT('',(-7.995667777585,-2.1911543138,-3.394174380151
    ));
#572 = CARTESIAN_POINT('',(-6.454405881739,-6.12796386589,
    -3.199288982824));
#573 = CARTESIAN_POINT('',(-2.74931004631,-8.887016559197,
    -3.004599308504));
#574 = CARTESIAN_POINT('',(2.0787029106,-9.067335655952,-2.809639307968)
  );
#575 = CARTESIAN_POINT('',(5.979284504257,-6.592380478843,-2.6149496328)
  );
#576 = CARTESIAN_POINT('',(7.80993911064,-2.781503226504,-2.420064236783
    ));
#577 = CARTESIAN_POINT('',(7.499491236303,0.982739972194,-2.225278486039
    ));
#578 = CARTESIAN_POINT('',(3.850107889448,6.510363935072,-1.835641599486
    ));
#579 = CARTESIAN_POINT('',(0.510507798447,8.274735175373,-1.640855848615
    ));
#580 = CARTESIAN_POINT('',(-3.713148666636,8.088499453426,
    -1.445970453035));
#581 = CARTESIAN_POINT('',(-7.521569053821,5.473917063982,
    -1.251280776943));
#582 = CARTESIAN_POINT('',(-9.252550488856,0.963271061645,
    -1.056320777855));
#583 = CARTESIAN_POINT('',(-8.171018911823,-3.52785678623,
    -0.861631101751));
#584 = CARTESIAN_POINT('',(-5.156287884355,-6.491887580996,
    -0.666745706192));
#585 = CARTESIAN_POINT('',(-1.49371718983,-7.414644672079,
    -0.471959955298));
#586 = CARTESIAN_POINT('',(4.916696371142,-5.747544355765,
    -8.232306877936E-02));
#587 = CARTESIAN_POINT('',(7.665691355147,-3.157378102548,0.112462682118
    ));
#588 = CARTESIAN_POINT('',(8.854470124353,0.899808449372,0.307348077667)
  );
#589 = CARTESIAN_POINT('',(7.611019219245,5.348846183902,0.502037753786)
  );
#590 = CARTESIAN_POINT('',(3.901859025939,8.444707089576,0.696997752861)
  );
#591 = CARTESIAN_POINT('',(-0.697791066891,8.872677791314,0.891687428959
    ));
#592 = CARTESIAN_POINT('',(-4.477074394919,6.977658201219,1.086572824538
    ));
#593 = CARTESIAN_POINT('',(-6.53399872912,3.809856593654,1.281358575409)
  );
#594 = CARTESIAN_POINT('',(-7.028108075001,-2.79532935692,1.670995461963
    ));
#595 = CARTESIAN_POINT('',(-5.465373161274,-6.233903804405,
    1.865781212707));
#596 = CARTESIAN_POINT('',(-2.010106457191,-8.670107753636,
    2.060666608723));
#597 = CARTESIAN_POINT('',(2.60204206566,-8.931245497904,2.255356283891)
  );
#598 = CARTESIAN_POINT('',(6.730509717339,-6.42166805665,2.45031628443)
  );
#599 = CARTESIAN_POINT('',(8.622049435881,-2.207167209272,2.645005958742
    ));
#600 = CARTESIAN_POINT('',(8.050130046446,1.981745529447,2.839891356078)
  );
#601 = CARTESIAN_POINT('',(5.717091505954,4.952071422162,3.034677105552)
  );
#602 = CARTESIAN_POINT('',(-0.373945084653,7.554358635995,3.424313993886
    ));
#603 = CARTESIAN_POINT('',(-4.13304349251,7.186780358001,3.61909973692)
  );
#604 = CARTESIAN_POINT('',(-7.555199598841,4.704280550522,3.813985156448
    ));
#605 = CARTESIAN_POINT('',(-9.292898577678,0.42403416254,4.008674783634)
  );
#606 = CARTESIAN_POINT('',(-8.2522519639,-4.293939839816,4.203634858227)
  );
#607 = CARTESIAN_POINT('',(-4.875234516555,-7.446033298251,
    4.398324442077));
#608 = CARTESIAN_POINT('',(-0.72628023376,-8.258597105323,4.593209928498
    ));
#609 = CARTESIAN_POINT('',(2.838647935078,-7.010722115887,4.78799560702)
  );
#610 = CARTESIAN_POINT('',(7.269814578914,-2.087573986368,5.177632585872
    ));
#611 = CARTESIAN_POINT('',(8.136844471751,1.58859167242,5.372417936847)
  );
#612 = CARTESIAN_POINT('',(6.893553206654,5.629406567789,5.567304552165)
  );
#613 = CARTESIAN_POINT('',(3.40459992724,8.657162963162,5.761991738634)
  );
#614 = CARTESIAN_POINT('',(-1.396510172308,9.197137704841,5.956955580738
    ));
#615 = CARTESIAN_POINT('',(-5.470848446195,7.020052423938,6.151640561627
    ));
#616 = CARTESIAN_POINT('',(-7.580685414703,3.356355726685,6.346530581568
    ));
#617 = CARTESIAN_POINT('',(-7.551905287463,-0.420557872378,
    6.541312649008));
#618 = CARTESIAN_POINT('',(-5.938471840978,-3.312786693285,
    6.736133442109));
#619 = PCURVE('',#95,#620);
#620 = DEFINITIONAL_REPRESENTATION('',(#621),#625);
#621 = LINE('',#622,#623);
#622 = CARTESIAN_POINT('',(2.19982200049,0.));
#623 = VECTOR('',#624,1.);
#624 = DIRECTION('',(0.,1.));
#625 = ( GEOMETRIC_REPRESENTATION_CONTEXT(2) 
PARAMETRIC_REPRESENTATION_CONTEXT() REPRESENTATION_CONTEXT('2D SPACE',''
  ) );
#626 = PCURVE('',#627,#760);
#627 = B_SPLINE_SURFACE_WITH_KNOTS('',1,9,(
    (#628,#629,#630,#631,#632,#633,#634,#635,#636,#637,#638,#639,#640
      ,#641,#642,#643,#644,#645,#646,#647,#648,#649,#650,#651,#652,#653
      ,#654,#655,#656,#657,#658,#659,#660,#661,#662,#663,#664,#665,#666
      ,#667,#668,#669,#670,#671,#672,#673,#674,#675,#676,#677,#678,#679
      ,#680,#681,#682,#683,#684,#685,#686,#687,#688,#689,#690,#691,#692
      ,#693)
    ,(#694,#695,#696,#697,#698,#699,#700,#701,#702,#703,#704,#705,#706
      ,#707,#708,#709,#710,#711,#712,#713,#714,#715,#716,#717,#718,#719
      ,#720,#721,#722,#723,#724,#725,#726,#727,#728,#729,#730,#731,#732
      ,#733,#734,#735,#736,#737,#738,#739,#740,#741,#742,#743,#744,#745
      ,#746,#747,#748,#749,#750,#751,#752,#753,#754,#755,#756,#757,#758
      ,#759)),.UNSPECIFIED.,.F.,.F.,.F.,(2,2),(10,8,8,8,8,8,8,8,10),(0.,
    0.55428468661),(0.,4.72095462366,9.441909247319,14.162863870979,
    18.883818494638,23.604773118298,28.325727741957,33.046682365617,
    37.767636989277),.UNSPECIFIED.);
#628 = CARTESIAN_POINT('',(6.8,-1.7763568394E-15,-7.290416466177));
#629 = CARTESIAN_POINT('',(6.800001200337,3.31182052875,-7.095595673112)
  );
#630 = CARTESIAN_POINT('',(4.985110643313,6.624238171141,-6.900813605591
    ));
#631 = CARTESIAN_POINT('',(1.357737026091,8.795899290977,-6.70592358578)
  );
#632 = CARTESIAN_POINT('',(-3.261041670641,8.712254660121,
    -6.511238604732));
#633 = CARTESIAN_POINT('',(-7.190797294734,5.901695623311,-6.31627476278
    ));
#634 = CARTESIAN_POINT('',(-8.762675441664,1.557833458958,
    -6.121587576196));
#635 = CARTESIAN_POINT('',(-7.879866650488,-2.576744078952,
    -5.926700960947));
#636 = CARTESIAN_POINT('',(-5.331749543368,-5.364754748246,
    -5.731915609941));
#637 = CARTESIAN_POINT('',(0.936440049519,-7.505414672251,
    -5.342278631107));
#638 = CARTESIAN_POINT('',(4.657644093041,-6.858440918837,
    -5.147492952544));
#639 = CARTESIAN_POINT('',(7.885076639385,-4.127573495247,
    -4.952607466209));
#640 = CARTESIAN_POINT('',(9.298637871253,0.270375070089,-4.757917882237
    ));
#641 = CARTESIAN_POINT('',(7.908941342722,4.897573743519,-4.56295780777)
  );
#642 = CARTESIAN_POINT('',(4.306194679867,7.78896725755,-4.368268180484)
  );
#643 = CARTESIAN_POINT('',(0.108185242978,8.289765078451,-4.173382761016
    ));
#644 = CARTESIAN_POINT('',(-3.353721566254,6.779432005326,
    -3.978597017958));
#645 = CARTESIAN_POINT('',(-7.405286811351,1.539446838231,
    -3.588960129631));
#646 = CARTESIAN_POINT('',(-7.995667777585,-2.1911543138,-3.394174380151
    ));
#647 = CARTESIAN_POINT('',(-6.454405881738,-6.12796386589,
    -3.199288982824));
#648 = CARTESIAN_POINT('',(-2.749310046311,-8.887016559197,
    -3.004599308504));
#649 = CARTESIAN_POINT('',(2.0787029106,-9.067335655952,-2.809639307968)
  );
#650 = CARTESIAN_POINT('',(5.979284504256,-6.592380478842,-2.6149496328)
  );
#651 = CARTESIAN_POINT('',(7.80993911064,-2.781503226504,-2.420064236784
    ));
#652 = CARTESIAN_POINT('',(7.499491236303,0.982739972195,-2.225278486039
    ));
#653 = CARTESIAN_POINT('',(3.850107889448,6.510363935072,-1.835641599486
    ));
#654 = CARTESIAN_POINT('',(0.510507798447,8.274735175373,-1.640855848615
    ));
#655 = CARTESIAN_POINT('',(-3.713148666636,8.088499453426,
    -1.445970453035));
#656 = CARTESIAN_POINT('',(-7.521569053821,5.473917063982,
    -1.251280776943));
#657 = CARTESIAN_POINT('',(-9.252550488857,0.963271061645,
    -1.056320777855));
#658 = CARTESIAN_POINT('',(-8.171018911823,-3.52785678623,
    -0.861631101751));
#659 = CARTESIAN_POINT('',(-5.156287884355,-6.491887580996,
    -0.666745706192));
#660 = CARTESIAN_POINT('',(-1.49371718983,-7.414644672079,
    -0.471959955298));
#661 = CARTESIAN_POINT('',(4.916696371142,-5.747544355765,
    -8.232306877937E-02));
#662 = CARTESIAN_POINT('',(7.665691355147,-3.157378102548,0.112462682118
    ));
#663 = CARTESIAN_POINT('',(8.854470124353,0.899808449372,0.307348077667)
  );
#664 = CARTESIAN_POINT('',(7.611019219245,5.348846183902,0.502037753786)
  );
#665 = CARTESIAN_POINT('',(3.901859025939,8.444707089576,0.696997752861)
  );
#666 = CARTESIAN_POINT('',(-0.697791066891,8.872677791314,0.891687428959
    ));
#667 = CARTESIAN_POINT('',(-4.477074394919,6.977658201219,1.086572824538
    ));
#668 = CARTESIAN_POINT('',(-6.53399872912,3.809856593654,1.281358575409)
  );
#669 = CARTESIAN_POINT('',(-7.028108075001,-2.79532935692,1.670995461963
    ));
#670 = CARTESIAN_POINT('',(-5.465373161274,-6.233903804405,
    1.865781212707));
#671 = CARTESIAN_POINT('',(-2.010106457191,-8.670107753637,
    2.060666608723));
#672 = CARTESIAN_POINT('',(2.60204206566,-8.931245497903,2.255356283891)
  );
#673 = CARTESIAN_POINT('',(6.730509717339,-6.42166805665,2.45031628443)
  );
#674 = CARTESIAN_POINT('',(8.622049435881,-2.207167209272,2.645005958742
    ));
#675 = CARTESIAN_POINT('',(8.050130046446,1.981745529447,2.839891356078)
  );
#676 = CARTESIAN_POINT('',(5.717091505954,4.952071422162,3.034677105552)
  );
#677 = CARTESIAN_POINT('',(-0.373945084653,7.554358635995,3.424313993886
    ));
#678 = CARTESIAN_POINT('',(-4.13304349251,7.186780358002,3.61909973692)
  );
#679 = CARTESIAN_POINT('',(-7.555199598842,4.704280550522,3.813985156448
    ));
#680 = CARTESIAN_POINT('',(-9.292898577678,0.42403416254,4.008674783634)
  );
#681 = CARTESIAN_POINT('',(-8.2522519639,-4.293939839817,4.203634858227)
  );
#682 = CARTESIAN_POINT('',(-4.875234516555,-7.446033298251,
    4.398324442077));
#683 = CARTESIAN_POINT('',(-0.72628023376,-8.258597105323,4.593209928498
    ));
#684 = CARTESIAN_POINT('',(2.838647935078,-7.010722115887,4.78799560702)
  );
#685 = CARTESIAN_POINT('',(7.269814578914,-2.087573986368,5.177632585872
    ));
#686 = CARTESIAN_POINT('',(8.136844471751,1.58859167242,5.372417936847)
  );
#687 = CARTESIAN_POINT('',(6.893553206654,5.629406567789,5.567304552165)
  );
#688 = CARTESIAN_POINT('',(3.40459992724,8.657162963162,5.761991738634)
  );
#689 = CARTESIAN_POINT('',(-1.396510172308,9.197137704841,5.956955580738
    ));
#690 = CARTESIAN_POINT('',(-5.470848446195,7.020052423938,6.151640561626
    ));
#691 = CARTESIAN_POINT('',(-7.580685414703,3.356355726685,6.346530581568
    ));
#692 = CARTESIAN_POINT('',(-7.551905287463,-0.420557872378,
    6.541312649008));
#693 = CARTESIAN_POINT('',(-5.938471840978,-3.312786693285,
    6.736133442109));
#694 = CARTESIAN_POINT('',(6.8,2.6645352591E-15,-6.736131779567));
#695 = CARTESIAN_POINT('',(6.799998814324,3.311820377523,-6.541310986502
    ));
#696 = CARTESIAN_POINT('',(4.985116724873,6.624237404071,-6.346528918981
    ));
#697 = CARTESIAN_POINT('',(1.357726837148,8.795901922393,-6.151638899173
    ));
#698 = CARTESIAN_POINT('',(-3.261031970802,8.712246931356,
    -5.956953918114));
#699 = CARTESIAN_POINT('',(-7.190801673868,5.901706194613,
    -5.761990076182));
#700 = CARTESIAN_POINT('',(-8.762675041886,1.557823566776,
    -5.567302889575));
#701 = CARTESIAN_POINT('',(-7.879865160175,-2.57673850862,
    -5.372416274342));
#702 = CARTESIAN_POINT('',(-5.331749869577,-5.364756115764,
    -5.17763092333));
#703 = CARTESIAN_POINT('',(0.936440533459,-7.505412813812,
    -4.787993944497));
#704 = CARTESIAN_POINT('',(4.657641607058,-6.858445786879,
    -4.593208265933));
#705 = CARTESIAN_POINT('',(7.885082189157,-4.12756542976,-4.398322779602
    ));
#706 = CARTESIAN_POINT('',(9.298627634517,0.270369048765,-4.203633195619
    ));
#707 = CARTESIAN_POINT('',(7.908952609503,4.897573996567,-4.008673121172
    ));
#708 = CARTESIAN_POINT('',(4.306185273048,7.78897033676,-3.813983493864)
  );
#709 = CARTESIAN_POINT('',(0.108190000726,8.289761768236,-3.619098074411
    ));
#710 = CARTESIAN_POINT('',(-3.353722749031,6.779432774444,
    -3.424312331347));
#711 = CARTESIAN_POINT('',(-7.405285211875,1.539445770831,
    -3.034675443021));
#712 = CARTESIAN_POINT('',(-7.995671576926,-2.191150375386,
    -2.83988969354));
#713 = CARTESIAN_POINT('',(-6.454400047257,-6.127971738759,
    -2.645004296218));
#714 = CARTESIAN_POINT('',(-2.749312431986,-8.887004912821,
    -2.450314621885));
#715 = CARTESIAN_POINT('',(2.07869950582,-9.067346409232,-2.255354621371
    ));
#716 = CARTESIAN_POINT('',(5.979290460012,-6.592372566857,-2.06066494618
    ));
#717 = CARTESIAN_POINT('',(7.809934439801,-2.781506661082,
    -1.865779550179));
#718 = CARTESIAN_POINT('',(7.49949234652,0.982740843295,-1.670993799428)
  );
#719 = CARTESIAN_POINT('',(3.850106362348,6.510362766224,-1.281356912877
    ));
#720 = CARTESIAN_POINT('',(0.510512753478,8.274737498238,-1.086571162004
    ));
#721 = CARTESIAN_POINT('',(-3.713158002719,8.088496476156,
    -0.891685766428));
#722 = CARTESIAN_POINT('',(-7.521557261342,5.473915557959,
    -0.696996090324));
#723 = CARTESIAN_POINT('',(-9.252559564759,0.963277758821,
    -0.502036091257));
#724 = CARTESIAN_POINT('',(-8.171013349202,-3.527864979307,
    -0.307346415131));
#725 = CARTESIAN_POINT('',(-5.15628962509,-6.49188205085,-0.112461019587
    ));
#726 = CARTESIAN_POINT('',(-1.493716724279,-7.414646004236,
    8.232473131303E-02));
#727 = CARTESIAN_POINT('',(4.916695758552,-5.747542532864,0.47196161783)
  );
#728 = CARTESIAN_POINT('',(7.66569195197,-3.157383542381,0.666747368729)
  );
#729 = CARTESIAN_POINT('',(8.854470324132,0.899818246646,0.861632764273)
  );
#730 = CARTESIAN_POINT('',(7.611013982893,5.348835510982,1.056322440405)
  );
#731 = CARTESIAN_POINT('',(3.901868296912,8.444713514003,1.251282439459)
  );
#732 = CARTESIAN_POINT('',(-0.697800618051,8.872675175081,1.44597211558)
  );
#733 = CARTESIAN_POINT('',(-4.47706859896,6.977658061283,1.640857511143)
  );
#734 = CARTESIAN_POINT('',(-6.53400014025,3.809856583618,1.83564326202)
  );
#735 = CARTESIAN_POINT('',(-7.028106151938,-2.795329366334,
    2.225280148572));
#736 = CARTESIAN_POINT('',(-5.465378502104,-6.233902611148,
    2.420065899318));
#737 = CARTESIAN_POINT('',(-2.010097250149,-8.670111108974,
    2.614951295329));
#738 = CARTESIAN_POINT('',(2.602033657628,-8.931237093322,2.80964097051)
  );
#739 = CARTESIAN_POINT('',(6.730512801008,-6.421678906257,3.004600971028
    ));
#740 = CARTESIAN_POINT('',(8.622050046573,-2.207157325276,3.199290645363
    ));
#741 = CARTESIAN_POINT('',(8.050128041083,1.981740089868,3.394176042683)
  );
#742 = CARTESIAN_POINT('',(5.717091952351,4.952072760724,3.588961792163)
  );
#743 = CARTESIAN_POINT('',(-0.373945714731,7.554356819353,3.978598680495
    ));
#744 = CARTESIAN_POINT('',(-4.133040639027,7.186785025613,4.17338442353)
  );
#745 = CARTESIAN_POINT('',(-7.555205744952,4.70427292449,4.368269843054)
  );
#746 = CARTESIAN_POINT('',(-9.292887915408,0.42403939852,4.562959470252)
  );
#747 = CARTESIAN_POINT('',(-8.252263215857,-4.293939245161,
    4.757919544825));
#748 = CARTESIAN_POINT('',(-4.875225373554,-7.446037077587,
    4.952609128698));
#749 = CARTESIAN_POINT('',(-0.726284721694,-8.258593443373,
    5.147494615103));
#750 = CARTESIAN_POINT('',(2.838649049378,-7.010722975292,5.342280293632
    ));
#751 = CARTESIAN_POINT('',(7.269813080488,-2.087572793859,5.731917272482
    ));
#752 = CARTESIAN_POINT('',(8.136847874373,1.588587414256,5.926702623458)
  );
#753 = CARTESIAN_POINT('',(6.893548217567,5.629414977635,6.12158923877)
  );
#754 = CARTESIAN_POINT('',(3.404600996659,8.657150945992,6.316276425254)
  );
#755 = CARTESIAN_POINT('',(-1.396505361494,9.19714848752,6.511240267334)
  );
#756 = CARTESIAN_POINT('',(-5.470855650421,7.020044633579,6.705925248249
    ));
#757 = CARTESIAN_POINT('',(-7.580679906601,3.35635910667,6.900815268171)
  );
#758 = CARTESIAN_POINT('',(-7.551906876298,-0.420558871057,7.09559733562
    ));
#759 = CARTESIAN_POINT('',(-5.938471393884,-3.312786443873,
    7.290418128719));
#760 = DEFINITIONAL_REPRESENTATION('',(#761),#764);
#761 = B_SPLINE_CURVE_WITH_KNOTS('',1,(#762,#763),.UNSPECIFIED.,.F.,.F.,
  (2,2),(0.,37.767636989277),.PIECEWISE_BEZIER_KNOTS.);
#762 = CARTESIAN_POINT('',(0.,0.));
#763 = CARTESIAN_POINT('',(0.,37.767636989277));
#764 = ( GEOMETRIC_REPRESENTATION_CONTEXT(2) 
PARAMETRIC_REPRESENTATION_CONTEXT() REPRESENTATION_CONTEXT('2D SPACE',''
  ) );
#765 = ORIENTED_EDGE('',*,*,#766,.T.);
#766 = EDGE_CURVE('',#549,#24,#767,.T.);
#767 = SURFACE_CURVE('',#768,(#796,#827),.PCURVE_S1.);
#768 = B_SPLINE_CURVE_WITH_KNOTS('',6,(#769,#770,#771,#772,#773,#774,
    #775,#776,#777,#778,#779,#780,#781,#782,#783,#784,#785,#786,#787,
    #788,#789,#790,#791,#792,#793,#794,#795),.UNSPECIFIED.,.F.,.F.,(7,5,
    5,5,5,7),(0.,0.347515412709,0.616018083436,0.72413221806,
    0.828193961931,1.),.UNSPECIFIED.);
#769 = CARTESIAN_POINT('',(-2.4532222794,-6.342060932126,4.5));
#770 = CARTESIAN_POINT('',(-1.897328891581,-6.44478099122,4.5));
#771 = CARTESIAN_POINT('',(-1.33149659735,-6.491047521747,4.5));
#772 = CARTESIAN_POINT('',(-0.762880329039,-6.478336757794,4.5));
#773 = CARTESIAN_POINT('',(-0.199262034322,-6.405307031604,4.5));
#774 = CARTESIAN_POINT('',(0.350952069784,-6.271801785247,4.5));
#775 = CARTESIAN_POINT('',(1.286699917703,-5.930930760961,4.5));
#776 = CARTESIAN_POINT('',(1.681275921592,-5.747244852213,4.5));
#777 = CARTESIAN_POINT('',(2.058418666177,-5.529222212073,4.5));
#778 = CARTESIAN_POINT('',(2.41395061646,-5.278269321407,4.5));
#779 = CARTESIAN_POINT('',(2.743688269647,-4.996461138573,4.5));
#780 = CARTESIAN_POINT('',(3.164351960948,-4.562037378099,4.5));
#781 = CARTESIAN_POINT('',(3.280274348893,-4.432803548379,4.5));
#782 = CARTESIAN_POINT('',(3.391097840642,-4.299236128442,4.5));
#783 = CARTESIAN_POINT('',(3.496565177051,-4.16154757537,4.5));
#784 = CARTESIAN_POINT('',(3.596426376923,-4.019972477595,4.5));
#785 = CARTESIAN_POINT('',(3.780930771159,-3.735007886877,4.5));
#786 = CARTESIAN_POINT('',(3.86600452881,-3.59188516599,4.5));
#787 = CARTESIAN_POINT('',(3.945445559399,-3.445630415109,4.5));
#788 = CARTESIAN_POINT('',(4.019049414008,-3.296493550964,4.5));
#789 = CARTESIAN_POINT('',(4.086622953725,-3.144744913595,4.5));
#790 = CARTESIAN_POINT('',(4.249290820446,-2.736306664546,4.5));
#791 = CARTESIAN_POINT('',(4.3336661982,-2.475605464403,4.5));
#792 = CARTESIAN_POINT('',(4.400292024624,-2.209888816769,4.5));
#793 = CARTESIAN_POINT('',(4.448453657237,-1.940616656968,4.5));
#794 = CARTESIAN_POINT('',(4.477577733382,-1.669398124856,4.5));
#795 = CARTESIAN_POINT('',(4.487270106589,-1.397997784087,4.5));
#796 = PCURVE('',#95,#797);
#797 = DEFINITIONAL_REPRESENTATION('',(#798),#826);
#798 = B_SPLINE_CURVE_WITH_KNOTS('',6,(#799,#800,#801,#802,#803,#804,
    #805,#806,#807,#808,#809,#810,#811,#812,#813,#814,#815,#816,#817,
    #818,#819,#820,#821,#822,#823,#824,#825),.UNSPECIFIED.,.F.,.F.,(7,5,
    5,5,5,7),(0.,0.347515412709,0.616018083436,0.72413221806,
    0.828193961931,1.),.UNSPECIFIED.);
#799 = CARTESIAN_POINT('',(2.19982200049,31.746666022134));
#800 = CARTESIAN_POINT('',(2.090100400893,31.834651812189));
#801 = CARTESIAN_POINT('',(1.97851471381,31.924132339427));
#802 = CARTESIAN_POINT('',(1.864984182533,32.015172362329));
#803 = CARTESIAN_POINT('',(1.74937894203,32.107876050191));
#804 = CARTESIAN_POINT('',(1.631529004982,32.202379824471));
#805 = CARTESIAN_POINT('',(1.418367323669,32.373314214781));
#806 = CARTESIAN_POINT('',(1.32401391122,32.448976300048));
#807 = CARTESIAN_POINT('',(1.228150815392,32.52584908513));
#808 = CARTESIAN_POINT('',(1.130688398785,32.604004462078));
#809 = CARTESIAN_POINT('',(1.031516787733,32.683530445998));
#810 = CARTESIAN_POINT('',(0.889859668446,32.797125518453));
#811 = CARTESIAN_POINT('',(0.8488992706,32.829971709911));
#812 = CARTESIAN_POINT('',(0.807636005193,32.86306074733));
#813 = CARTESIAN_POINT('',(0.766061713331,32.896399165997));
#814 = CARTESIAN_POINT('',(0.724167695066,32.929993938971));
#815 = CARTESIAN_POINT('',(0.6413045631,32.996441748639));
#816 = CARTESIAN_POINT('',(0.600359579561,33.029275429611));
#817 = CARTESIAN_POINT('',(0.559101359933,33.062360258049));
#818 = CARTESIAN_POINT('',(0.517522202873,33.095702518477));
#819 = CARTESIAN_POINT('',(0.475613652148,33.129309051854));
#820 = CARTESIAN_POINT('',(0.363612261616,33.219123099833));
#821 = CARTESIAN_POINT('',(0.292931361847,33.275802245887));
#822 = CARTESIAN_POINT('',(0.221280749405,33.333258958815));
#823 = CARTESIAN_POINT('',(0.14861215032,33.391531937773));
#824 = CARTESIAN_POINT('',(7.48715098719E-02,33.45066455543));
#825 = CARTESIAN_POINT('',(0.,33.510704004344));
#826 = ( GEOMETRIC_REPRESENTATION_CONTEXT(2) 
PARAMETRIC_REPRESENTATION_CONTEXT() REPRESENTATION_CONTEXT('2D SPACE',''
  ) );
#827 = PCURVE('',#828,#833);
#828 = PLANE('',#829);
#829 = AXIS2_PLACEMENT_3D('',#830,#831,#832);
#830 = CARTESIAN_POINT('',(-3.746411322026E-16,4.512848766126E-16,4.5));
#831 = DIRECTION('',(0.,0.,1.));
#832 = DIRECTION('',(1.,0.,-0.));
#833 = DEFINITIONAL_REPRESENTATION('',(#834),#862);
#834 = B_SPLINE_CURVE_WITH_KNOTS('',6,(#835,#836,#837,#838,#839,#840,
    #841,#842,#843,#844,#845,#846,#847,#848,#849,#850,#851,#852,#853,
    #854,#855,#856,#857,#858,#859,#860,#861),.UNSPECIFIED.,.F.,.F.,(7,5,
    5,5,5,7),(0.,0.347515412709,0.616018083436,0.72413221806,
    0.828193961931,1.),.UNSPECIFIED.);
#835 = CARTESIAN_POINT('',(-2.4532222794,-6.342060932126));
#836 = CARTESIAN_POINT('',(-1.897328891581,-6.44478099122));
#837 = CARTESIAN_POINT('',(-1.33149659735,-6.491047521747));
#838 = CARTESIAN_POINT('',(-0.762880329039,-6.478336757794));
#839 = CARTESIAN_POINT('',(-0.199262034322,-6.405307031604));
#840 = CARTESIAN_POINT('',(0.350952069784,-6.271801785247));
#841 = CARTESIAN_POINT('',(1.286699917703,-5.930930760961));
#842 = CARTESIAN_POINT('',(1.681275921592,-5.747244852213));
#843 = CARTESIAN_POINT('',(2.058418666177,-5.529222212073));
#844 = CARTESIAN_POINT('',(2.41395061646,-5.278269321407));
#845 = CARTESIAN_POINT('',(2.743688269647,-4.996461138573));
#846 = CARTESIAN_POINT('',(3.164351960948,-4.562037378099));
#847 = CARTESIAN_POINT('',(3.280274348893,-4.432803548379));
#848 = CARTESIAN_POINT('',(3.391097840642,-4.299236128442));
#849 = CARTESIAN_POINT('',(3.496565177051,-4.16154757537));
#850 = CARTESIAN_POINT('',(3.596426376923,-4.019972477595));
#851 = CARTESIAN_POINT('',(3.780930771159,-3.735007886877));
#852 = CARTESIAN_POINT('',(3.86600452881,-3.59188516599));
#853 = CARTESIAN_POINT('',(3.945445559399,-3.445630415109));
#854 = CARTESIAN_POINT('',(4.019049414008,-3.296493550964));
#855 = CARTESIAN_POINT('',(4.086622953725,-3.144744913595));
#856 = CARTESIAN_POINT('',(4.249290820446,-2.736306664546));
#857 = CARTESIAN_POINT('',(4.3336661982,-2.475605464403));
#858 = CARTESIAN_POINT('',(4.400292024624,-2.209888816769));
#859 = CARTESIAN_POINT('',(4.448453657237,-1.940616656968));
#860 = CARTESIAN_POINT('',(4.477577733382,-1.669398124856));
#861 = CARTESIAN_POINT('',(4.487270106589,-1.397997784087));
#862 = ( GEOMETRIC_REPRESENTATION_CONTEXT(2) 
PARAMETRIC_REPRESENTATION_CONTEXT() REPRESENTATION_CONTEXT('2D SPACE',''
  ) );
#863 = ADVANCED_FACE('',(#864),#235,.F.);
#864 = FACE_BOUND('',#865,.F.);
#865 = EDGE_LOOP('',(#866,#1086,#1419,#1420));
#866 = ORIENTED_EDGE('',*,*,#867,.F.);
#867 = EDGE_CURVE('',#868,#870,#872,.T.);
#868 = VERTEX_POINT('',#869);
#869 = CARTESIAN_POINT('',(-3.237681947254,-3.406963211999,-4.5));
#870 = VERTEX_POINT('',#871);
#871 = CARTESIAN_POINT('',(1.167677287585,4.552635778807,4.5));
#872 = SURFACE_CURVE('',#873,(#940,#946),.PCURVE_S1.);
#873 = B_SPLINE_CURVE_WITH_KNOTS('',9,(#874,#875,#876,#877,#878,#879,
    #880,#881,#882,#883,#884,#885,#886,#887,#888,#889,#890,#891,#892,
    #893,#894,#895,#896,#897,#898,#899,#900,#901,#902,#903,#904,#905,
    #906,#907,#908,#909,#910,#911,#912,#913,#914,#915,#916,#917,#918,
    #919,#920,#921,#922,#923,#924,#925,#926,#927,#928,#929,#930,#931,
    #932,#933,#934,#935,#936,#937,#938,#939),.UNSPECIFIED.,.F.,.F.,(10,8
    ,8,8,8,8,8,8,10),(0.,4.72095462366,9.441909247319,14.162863870979,
    18.883818494638,23.604773118298,28.325727741957,33.046682365617,
    37.767636989277),.UNSPECIFIED.);
#874 = CARTESIAN_POINT('',(4.7,-8.881784197001E-16,-6.080985357888));
#875 = CARTESIAN_POINT('',(4.699995985583,2.289055067115,-5.886173458305
    ));
#876 = CARTESIAN_POINT('',(3.445602612495,4.578506002614,-5.691355104468
    ));
#877 = CARTESIAN_POINT('',(0.938419738532,6.079540898137,-5.496554742674
    ));
#878 = CARTESIAN_POINT('',(-2.253947734711,6.021674163317,
    -5.301720207751));
#879 = CARTESIAN_POINT('',(-4.970100333685,4.079141044147,
    -5.106932149667));
#880 = CARTESIAN_POINT('',(-6.056571625764,1.076718737971,
    -4.912097982314));
#881 = CARTESIAN_POINT('',(-5.446365744059,-1.780976046148,
    -4.717297053114));
#882 = CARTESIAN_POINT('',(-3.68518308944,-3.707994180294,
    -4.522479246515));
#883 = CARTESIAN_POINT('',(0.647249008906,-5.187563153774,
    -4.132854679469));
#884 = CARTESIAN_POINT('',(3.219239924241,-4.74039884562,-3.938036927471
    ));
#885 = CARTESIAN_POINT('',(5.450005110729,-2.852874990753,
    -3.743235810099));
#886 = CARTESIAN_POINT('',(6.426968251533,0.186881124001,-3.548402042328
    ));
#887 = CARTESIAN_POINT('',(5.46649706069,3.385068761315,-3.353613356331)
  );
#888 = CARTESIAN_POINT('',(2.976327941288,5.383573222752,-3.158779595762
    ));
#889 = CARTESIAN_POINT('',(7.477926991173E-02,5.729675527546,
    -2.963978467266));
#890 = CARTESIAN_POINT('',(-2.318014191057,4.685787627642,
    -2.769160726007));
#891 = CARTESIAN_POINT('',(-5.11835848335,1.064025004913,-2.379536143878
    ));
#892 = CARTESIAN_POINT('',(-5.526418416121,-1.514459062344,
    -2.184718403696));
#893 = CARTESIAN_POINT('',(-4.461135454334,-4.235530917472,
    -1.989917271498));
#894 = CARTESIAN_POINT('',(-1.900244227953,-6.142468318279,
    -1.795083518772));
#895 = CARTESIAN_POINT('',(1.436725178053,-6.267144610993,
    -1.600294820468));
#896 = CARTESIAN_POINT('',(4.132765930407,-4.556493648661,
    -1.405461067867));
#897 = CARTESIAN_POINT('',(5.398030564651,-1.922508677076,
    -1.210659935468));
#898 = CARTESIAN_POINT('',(5.183475669232,0.679246251966,-1.015842195489
    ));
#899 = CARTESIAN_POINT('',(2.661099301669,4.499810360302,-0.626217613064
    ));
#900 = CARTESIAN_POINT('',(0.352865720587,5.719298256745,-0.431399873114
    ));
#901 = CARTESIAN_POINT('',(-2.56646541109,5.590590933349,-0.236598740626
    ));
#902 = CARTESIAN_POINT('',(-5.198709240542,3.783420066674,
    -4.176498819404E-02));
#903 = CARTESIAN_POINT('',(-6.395151713971,0.665819321298,0.15302371035)
  );
#904 = CARTESIAN_POINT('',(-5.647619771722,-2.438396915676,
    0.347857462796));
#905 = CARTESIAN_POINT('',(-3.563898967003,-4.487025489573,0.54265859527
    ));
#906 = CARTESIAN_POINT('',(-1.03242386571,-5.124831357783,0.737476335225
    ));
#907 = CARTESIAN_POINT('',(3.398306351268,-3.972562990689,1.127100917656
    ));
#908 = CARTESIAN_POINT('',(5.298336948669,-2.182318112632,1.321918657601
    ));
#909 = CARTESIAN_POINT('',(6.120019171065,0.621946168203,1.516719790095)
  );
#910 = CARTESIAN_POINT('',(5.260528794285,3.696982820242,1.711553542522)
  );
#911 = CARTESIAN_POINT('',(2.696902729359,5.836779632782,1.906342241069)
  );
#912 = CARTESIAN_POINT('',(-0.482319506942,6.132597858783,2.101175993515
    ));
#913 = CARTESIAN_POINT('',(-3.094436703419,4.822782918565,2.295977125986
    ));
#914 = CARTESIAN_POINT('',(-4.516148873116,2.633285939674,2.490794865945
    ));
#915 = CARTESIAN_POINT('',(-4.857659227201,-1.932068736955,
    2.880419448369));
#916 = CARTESIAN_POINT('',(-3.777546549988,-4.30871545008,3.075237188341
    ));
#917 = CARTESIAN_POINT('',(-1.389325346017,-5.992597664773,
    3.270038320756));
#918 = CARTESIAN_POINT('',(1.79846643038,-6.173035207108,3.464872073343)
  );
#919 = CARTESIAN_POINT('',(4.651957356345,-4.438532817274,3.659660771644
    ));
#920 = CARTESIAN_POINT('',(5.959376155411,-1.525524315777,3.85449452439)
  );
#921 = CARTESIAN_POINT('',(5.56404696827,1.369728049957,4.049295656567)
  );
#922 = CARTESIAN_POINT('',(3.951522559622,3.422756921244,4.244113396759)
  );
#923 = CARTESIAN_POINT('',(-0.258465945653,5.221392355452,4.633737978886
    ));
#924 = CARTESIAN_POINT('',(-2.85664791297,4.967338268197,4.828555720144)
  );
#925 = CARTESIAN_POINT('',(-5.22200230879,3.251483279616,5.023356848638)
  );
#926 = CARTESIAN_POINT('',(-6.42300178262,0.293075852769,5.218190609225)
  );
#927 = CARTESIAN_POINT('',(-5.703783798056,-2.967849542069,5.41297929518
    ));
#928 = CARTESIAN_POINT('',(-3.369636605665,-5.146546221976,
    5.607813063006));
#929 = CARTESIAN_POINT('',(-0.501990829077,-5.708132677969,
    5.802614180334));
#930 = CARTESIAN_POINT('',(1.962007118264,-4.845649962818,5.997431932352
    ));
#931 = CARTESIAN_POINT('',(5.024723635377,-1.4428774773,6.387056499393)
  );
#932 = CARTESIAN_POINT('',(5.623995084308,1.097981834569,6.581874305993)
  );
#933 = CARTESIAN_POINT('',(4.764666249234,3.890939824371,6.77667523519)
  );
#934 = CARTESIAN_POINT('',(2.35316213407,5.983599690834,6.971509402564)
  );
#935 = CARTESIAN_POINT('',(-0.965207183044,6.356859308986,7.166297460597
    ));
#936 = CARTESIAN_POINT('',(-3.781348635224,4.852091762278,7.361131995588
    ));
#937 = CARTESIAN_POINT('',(-5.239574621053,2.319832534238,7.555932357325
    ));
#938 = CARTESIAN_POINT('',(-5.219703888604,-0.290679278657,
    7.750750711193));
#939 = CARTESIAN_POINT('',(-4.104531045643,-2.28971980842,7.945562610765
    ));
#940 = PCURVE('',#235,#941);
#941 = DEFINITIONAL_REPRESENTATION('',(#942),#945);
#942 = B_SPLINE_CURVE_WITH_KNOTS('',1,(#943,#944),.UNSPECIFIED.,.F.,.F.,
  (2,2),(0.,37.767636989277),.PIECEWISE_BEZIER_KNOTS.);
#943 = CARTESIAN_POINT('',(0.,0.));
#944 = CARTESIAN_POINT('',(0.,37.767636989277));
#945 = ( GEOMETRIC_REPRESENTATION_CONTEXT(2) 
PARAMETRIC_REPRESENTATION_CONTEXT() REPRESENTATION_CONTEXT('2D SPACE',''
  ) );
#946 = PCURVE('',#947,#1080);
#947 = B_SPLINE_SURFACE_WITH_KNOTS('',1,9,(
    (#948,#949,#950,#951,#952,#953,#954,#955,#956,#957,#958,#959,#960
      ,#961,#962,#963,#964,#965,#966,#967,#968,#969,#970,#971,#972,#973
      ,#974,#975,#976,#977,#978,#979,#980,#981,#982,#983,#984,#985,#986
      ,#987,#988,#989,#990,#991,#992,#993,#994,#995,#996,#997,#998,#999
      ,#1000,#1001,#1002,#1003,#1004,#1005,#1006,#1007,#1008,#1009,#1010
      ,#1011,#1012,#1013)
    ,(#1014,#1015,#1016,#1017,#1018,#1019,#1020,#1021,#1022,#1023,#1024
      ,#1025,#1026,#1027,#1028,#1029,#1030,#1031,#1032,#1033,#1034,#1035
      ,#1036,#1037,#1038,#1039,#1040,#1041,#1042,#1043,#1044,#1045,#1046
      ,#1047,#1048,#1049,#1050,#1051,#1052,#1053,#1054,#1055,#1056,#1057
      ,#1058,#1059,#1060,#1061,#1062,#1063,#1064,#1065,#1066,#1067,#1068
      ,#1069,#1070,#1071,#1072,#1073,#1074,#1075,#1076,#1077,#1078,#1079
      )),.UNSPECIFIED.,.F.,.F.,.F.,(2,2),(10,8,8,8,8,8,8,8,10),(0.,
    2.19982200049),(0.,4.72095462366,9.441909247319,14.162863870979,
    18.883818494638,23.604773118298,28.325727741957,33.046682365617,
    37.767636989277),.UNSPECIFIED.);
#948 = CARTESIAN_POINT('',(6.8,-8.881784197001E-16,-6.736131779567));
#949 = CARTESIAN_POINT('',(6.799998814324,3.311820377523,-6.541310986502
    ));
#950 = CARTESIAN_POINT('',(4.985116724873,6.62423740407,-6.346528918981)
  );
#951 = CARTESIAN_POINT('',(1.357726837148,8.795901922394,-6.151638899173
    ));
#952 = CARTESIAN_POINT('',(-3.261031970801,8.712246931356,
    -5.956953918114));
#953 = CARTESIAN_POINT('',(-7.190801673869,5.901706194613,
    -5.761990076182));
#954 = CARTESIAN_POINT('',(-8.762675041886,1.557823566776,
    -5.567302889575));
#955 = CARTESIAN_POINT('',(-7.879865160175,-2.57673850862,
    -5.372416274342));
#956 = CARTESIAN_POINT('',(-5.331749869577,-5.364756115764,
    -5.17763092333));
#957 = CARTESIAN_POINT('',(0.936440533459,-7.505412813812,
    -4.787993944497));
#958 = CARTESIAN_POINT('',(4.657641607058,-6.858445786879,
    -4.593208265933));
#959 = CARTESIAN_POINT('',(7.885082189157,-4.12756542976,-4.398322779602
    ));
#960 = CARTESIAN_POINT('',(9.298627634517,0.270369048765,-4.203633195619
    ));
#961 = CARTESIAN_POINT('',(7.908952609503,4.897573996567,-4.008673121172
    ));
#962 = CARTESIAN_POINT('',(4.306185273048,7.788970336761,-3.813983493864
    ));
#963 = CARTESIAN_POINT('',(0.108190000726,8.289761768236,-3.619098074411
    ));
#964 = CARTESIAN_POINT('',(-3.353722749031,6.779432774444,
    -3.424312331347));
#965 = CARTESIAN_POINT('',(-7.405285211875,1.539445770831,
    -3.034675443021));
#966 = CARTESIAN_POINT('',(-7.995671576926,-2.191150375386,
    -2.83988969354));
#967 = CARTESIAN_POINT('',(-6.454400047257,-6.127971738759,
    -2.645004296218));
#968 = CARTESIAN_POINT('',(-2.749312431986,-8.887004912821,
    -2.450314621885));
#969 = CARTESIAN_POINT('',(2.07869950582,-9.067346409232,-2.255354621371
    ));
#970 = CARTESIAN_POINT('',(5.979290460013,-6.592372566857,-2.06066494618
    ));
#971 = CARTESIAN_POINT('',(7.809934439801,-2.781506661082,
    -1.865779550179));
#972 = CARTESIAN_POINT('',(7.49949234652,0.982740843295,-1.670993799428)
  );
#973 = CARTESIAN_POINT('',(3.850106362348,6.510362766224,-1.281356912877
    ));
#974 = CARTESIAN_POINT('',(0.510512753478,8.274737498238,-1.086571162004
    ));
#975 = CARTESIAN_POINT('',(-3.713158002719,8.088496476156,
    -0.891685766428));
#976 = CARTESIAN_POINT('',(-7.521557261342,5.47391555796,-0.696996090324
    ));
#977 = CARTESIAN_POINT('',(-9.252559564759,0.963277758821,
    -0.502036091257));
#978 = CARTESIAN_POINT('',(-8.171013349202,-3.527864979307,
    -0.307346415131));
#979 = CARTESIAN_POINT('',(-5.15628962509,-6.49188205085,-0.112461019587
    ));
#980 = CARTESIAN_POINT('',(-1.493716724279,-7.414646004236,
    8.232473131303E-02));
#981 = CARTESIAN_POINT('',(4.916695758552,-5.747542532864,0.47196161783)
  );
#982 = CARTESIAN_POINT('',(7.66569195197,-3.157383542381,0.666747368729)
  );
#983 = CARTESIAN_POINT('',(8.854470324132,0.899818246646,0.861632764273)
  );
#984 = CARTESIAN_POINT('',(7.611013982894,5.348835510982,1.056322440405)
  );
#985 = CARTESIAN_POINT('',(3.901868296911,8.444713514004,1.251282439459)
  );
#986 = CARTESIAN_POINT('',(-0.697800618051,8.872675175081,1.44597211558)
  );
#987 = CARTESIAN_POINT('',(-4.47706859896,6.977658061283,1.640857511143)
  );
#988 = CARTESIAN_POINT('',(-6.53400014025,3.809856583618,1.83564326202)
  );
#989 = CARTESIAN_POINT('',(-7.028106151938,-2.795329366334,
    2.225280148572));
#990 = CARTESIAN_POINT('',(-5.465378502104,-6.233902611148,
    2.420065899318));
#991 = CARTESIAN_POINT('',(-2.010097250149,-8.670111108974,
    2.614951295329));
#992 = CARTESIAN_POINT('',(2.602033657629,-8.931237093321,2.80964097051)
  );
#993 = CARTESIAN_POINT('',(6.730512801007,-6.421678906257,3.004600971028
    ));
#994 = CARTESIAN_POINT('',(8.622050046573,-2.207157325276,3.199290645363
    ));
#995 = CARTESIAN_POINT('',(8.050128041083,1.981740089868,3.394176042683)
  );
#996 = CARTESIAN_POINT('',(5.717091952351,4.952072760724,3.588961792163)
  );
#997 = CARTESIAN_POINT('',(-0.373945714731,7.554356819353,3.978598680495
    ));
#998 = CARTESIAN_POINT('',(-4.133040639027,7.186785025613,4.17338442353)
  );
#999 = CARTESIAN_POINT('',(-7.555205744952,4.70427292449,4.368269843054)
  );
#1000 = CARTESIAN_POINT('',(-9.292887915407,0.42403939852,4.562959470252
    ));
#1001 = CARTESIAN_POINT('',(-8.252263215858,-4.293939245161,
    4.757919544825));
#1002 = CARTESIAN_POINT('',(-4.875225373554,-7.446037077587,
    4.952609128698));
#1003 = CARTESIAN_POINT('',(-0.726284721694,-8.258593443373,
    5.147494615103));
#1004 = CARTESIAN_POINT('',(2.838649049378,-7.010722975292,
    5.342280293632));
#1005 = CARTESIAN_POINT('',(7.269813080488,-2.087572793859,
    5.731917272482));
#1006 = CARTESIAN_POINT('',(8.136847874373,1.588587414256,5.926702623458
    ));
#1007 = CARTESIAN_POINT('',(6.893548217567,5.629414977635,6.12158923877)
  );
#1008 = CARTESIAN_POINT('',(3.404600996659,8.657150945992,6.316276425254
    ));
#1009 = CARTESIAN_POINT('',(-1.396505361494,9.19714848752,6.511240267334
    ));
#1010 = CARTESIAN_POINT('',(-5.470855650421,7.020044633579,
    6.705925248249));
#1011 = CARTESIAN_POINT('',(-7.580679906601,3.35635910667,6.900815268171
    ));
#1012 = CARTESIAN_POINT('',(-7.551906876298,-0.420558871057,
    7.09559733562));
#1013 = CARTESIAN_POINT('',(-5.938471393884,-3.312786443873,
    7.290418128719));
#1014 = CARTESIAN_POINT('',(4.7,-8.881784197001E-16,-6.080985357888));
#1015 = CARTESIAN_POINT('',(4.699995985583,2.289055067115,
    -5.886173458305));
#1016 = CARTESIAN_POINT('',(3.445602612495,4.578506002614,
    -5.691355104468));
#1017 = CARTESIAN_POINT('',(0.938419738532,6.079540898137,
    -5.496554742674));
#1018 = CARTESIAN_POINT('',(-2.253947734711,6.021674163317,
    -5.301720207751));
#1019 = CARTESIAN_POINT('',(-4.970100333685,4.079141044147,
    -5.106932149667));
#1020 = CARTESIAN_POINT('',(-6.056571625764,1.076718737971,
    -4.912097982314));
#1021 = CARTESIAN_POINT('',(-5.446365744059,-1.780976046148,
    -4.717297053114));
#1022 = CARTESIAN_POINT('',(-3.68518308944,-3.707994180294,
    -4.522479246515));
#1023 = CARTESIAN_POINT('',(0.647249008906,-5.187563153774,
    -4.132854679469));
#1024 = CARTESIAN_POINT('',(3.219239924241,-4.74039884562,
    -3.938036927471));
#1025 = CARTESIAN_POINT('',(5.450005110729,-2.852874990753,
    -3.743235810099));
#1026 = CARTESIAN_POINT('',(6.426968251533,0.186881124001,
    -3.548402042328));
#1027 = CARTESIAN_POINT('',(5.46649706069,3.385068761315,-3.353613356331
    ));
#1028 = CARTESIAN_POINT('',(2.976327941288,5.383573222752,
    -3.158779595762));
#1029 = CARTESIAN_POINT('',(7.477926991173E-02,5.729675527546,
    -2.963978467266));
#1030 = CARTESIAN_POINT('',(-2.318014191057,4.685787627642,
    -2.769160726007));
#1031 = CARTESIAN_POINT('',(-5.11835848335,1.064025004913,
    -2.379536143878));
#1032 = CARTESIAN_POINT('',(-5.526418416121,-1.514459062344,
    -2.184718403696));
#1033 = CARTESIAN_POINT('',(-4.461135454334,-4.235530917472,
    -1.989917271498));
#1034 = CARTESIAN_POINT('',(-1.900244227953,-6.142468318279,
    -1.795083518772));
#1035 = CARTESIAN_POINT('',(1.436725178053,-6.267144610993,
    -1.600294820468));
#1036 = CARTESIAN_POINT('',(4.132765930407,-4.556493648661,
    -1.405461067867));
#1037 = CARTESIAN_POINT('',(5.398030564651,-1.922508677076,
    -1.210659935468));
#1038 = CARTESIAN_POINT('',(5.183475669232,0.679246251966,
    -1.015842195489));
#1039 = CARTESIAN_POINT('',(2.661099301669,4.499810360302,
    -0.626217613064));
#1040 = CARTESIAN_POINT('',(0.352865720587,5.719298256745,
    -0.431399873114));
#1041 = CARTESIAN_POINT('',(-2.56646541109,5.590590933349,
    -0.236598740626));
#1042 = CARTESIAN_POINT('',(-5.198709240542,3.783420066674,
    -4.176498819404E-02));
#1043 = CARTESIAN_POINT('',(-6.395151713971,0.665819321298,0.15302371035
    ));
#1044 = CARTESIAN_POINT('',(-5.647619771722,-2.438396915676,
    0.347857462796));
#1045 = CARTESIAN_POINT('',(-3.563898967003,-4.487025489573,
    0.54265859527));
#1046 = CARTESIAN_POINT('',(-1.03242386571,-5.124831357783,
    0.737476335225));
#1047 = CARTESIAN_POINT('',(3.398306351268,-3.972562990689,
    1.127100917656));
#1048 = CARTESIAN_POINT('',(5.298336948669,-2.182318112632,
    1.321918657601));
#1049 = CARTESIAN_POINT('',(6.120019171065,0.621946168203,1.516719790095
    ));
#1050 = CARTESIAN_POINT('',(5.260528794285,3.696982820242,1.711553542522
    ));
#1051 = CARTESIAN_POINT('',(2.696902729359,5.836779632782,1.906342241069
    ));
#1052 = CARTESIAN_POINT('',(-0.482319506942,6.132597858783,
    2.101175993515));
#1053 = CARTESIAN_POINT('',(-3.094436703419,4.822782918565,
    2.295977125986));
#1054 = CARTESIAN_POINT('',(-4.516148873116,2.633285939674,
    2.490794865945));
#1055 = CARTESIAN_POINT('',(-4.857659227201,-1.932068736955,
    2.880419448369));
#1056 = CARTESIAN_POINT('',(-3.777546549988,-4.30871545008,
    3.075237188341));
#1057 = CARTESIAN_POINT('',(-1.389325346017,-5.992597664773,
    3.270038320756));
#1058 = CARTESIAN_POINT('',(1.79846643038,-6.173035207108,3.464872073343
    ));
#1059 = CARTESIAN_POINT('',(4.651957356345,-4.438532817274,
    3.659660771644));
#1060 = CARTESIAN_POINT('',(5.959376155411,-1.525524315777,3.85449452439
    ));
#1061 = CARTESIAN_POINT('',(5.56404696827,1.369728049957,4.049295656567)
  );
#1062 = CARTESIAN_POINT('',(3.951522559622,3.422756921244,4.244113396759
    ));
#1063 = CARTESIAN_POINT('',(-0.258465945653,5.221392355452,
    4.633737978886));
#1064 = CARTESIAN_POINT('',(-2.85664791297,4.967338268197,4.828555720144
    ));
#1065 = CARTESIAN_POINT('',(-5.22200230879,3.251483279616,5.023356848638
    ));
#1066 = CARTESIAN_POINT('',(-6.42300178262,0.293075852769,5.218190609225
    ));
#1067 = CARTESIAN_POINT('',(-5.703783798056,-2.967849542069,
    5.41297929518));
#1068 = CARTESIAN_POINT('',(-3.369636605665,-5.146546221976,
    5.607813063006));
#1069 = CARTESIAN_POINT('',(-0.501990829077,-5.708132677969,
    5.802614180334));
#1070 = CARTESIAN_POINT('',(1.962007118264,-4.845649962818,
    5.997431932352));
#1071 = CARTESIAN_POINT('',(5.024723635377,-1.4428774773,6.387056499393)
  );
#1072 = CARTESIAN_POINT('',(5.623995084308,1.097981834569,6.581874305993
    ));
#1073 = CARTESIAN_POINT('',(4.764666249234,3.890939824371,6.77667523519)
  );
#1074 = CARTESIAN_POINT('',(2.35316213407,5.983599690834,6.971509402564)
  );
#1075 = CARTESIAN_POINT('',(-0.965207183044,6.356859308986,
    7.166297460597));
#1076 = CARTESIAN_POINT('',(-3.781348635224,4.852091762278,
    7.361131995588));
#1077 = CARTESIAN_POINT('',(-5.239574621053,2.319832534238,
    7.555932357325));
#1078 = CARTESIAN_POINT('',(-5.219703888604,-0.290679278657,
    7.750750711193));
#1079 = CARTESIAN_POINT('',(-4.104531045643,-2.28971980842,
    7.945562610765));
#1080 = DEFINITIONAL_REPRESENTATION('',(#1081),#1085);
#1081 = LINE('',#1082,#1083);
#1082 = CARTESIAN_POINT('',(2.19982200049,0.));
#1083 = VECTOR('',#1084,1.);
#1084 = DIRECTION('',(0.,1.));
#1085 = ( GEOMETRIC_REPRESENTATION_CONTEXT(2) 
PARAMETRIC_REPRESENTATION_CONTEXT() REPRESENTATION_CONTEXT('2D SPACE',''
  ) );
#1086 = ORIENTED_EDGE('',*,*,#1087,.F.);
#1087 = EDGE_CURVE('',#22,#868,#1088,.T.);
#1088 = SURFACE_CURVE('',#1089,(#1197,#1308),.PCURVE_S1.);
#1089 = B_SPLINE_CURVE_WITH_KNOTS('',8,(#1090,#1091,#1092,#1093,#1094,
    #1095,#1096,#1097,#1098,#1099,#1100,#1101,#1102,#1103,#1104,#1105,
    #1106,#1107,#1108,#1109,#1110,#1111,#1112,#1113,#1114,#1115,#1116,
    #1117,#1118,#1119,#1120,#1121,#1122,#1123,#1124,#1125,#1126,#1127,
    #1128,#1129,#1130,#1131,#1132,#1133,#1134,#1135,#1136,#1137,#1138,
    #1139,#1140,#1141,#1142,#1143,#1144,#1145,#1146,#1147,#1148,#1149,
    #1150,#1151,#1152,#1153,#1154,#1155,#1156,#1157,#1158,#1159,#1160,
    #1161,#1162,#1163,#1164,#1165,#1166,#1167,#1168,#1169,#1170,#1171,
    #1172,#1173,#1174,#1175,#1176,#1177,#1178,#1179,#1180,#1181,#1182,
    #1183,#1184,#1185,#1186,#1187,#1188,#1189,#1190,#1191,#1192,#1193,
    #1194,#1195,#1196),.UNSPECIFIED.,.F.,.F.,(9,7,7,7,7,7,7,7,7,7,7,7,7,
    7,7,9),(0.,3.700465739126E-02,6.500778633346E-02,8.000939816836E-02,
    0.264970941068,0.293974519114,0.433975758567,0.574976569481,
    0.655985722433,0.673988070703,0.688990021275,0.845980621762,
    0.868983509148,0.907988679474,0.947993985488,1.),.UNSPECIFIED.);
#1090 = CARTESIAN_POINT('',(-3.23766907871,3.406973703087,-4.5));
#1091 = CARTESIAN_POINT('',(-3.164216879329,3.476775290481,-4.5));
#1092 = CARTESIAN_POINT('',(-3.089044803576,3.544767268556,-4.5));
#1093 = CARTESIAN_POINT('',(-3.012205046743,3.610900050549,-4.5));
#1094 = CARTESIAN_POINT('',(-2.933751344579,3.675125980136,-4.5));
#1095 = CARTESIAN_POINT('',(-2.85373897329,3.737399331435,-4.5));
#1096 = CARTESIAN_POINT('',(-2.772224749541,3.797676309,-4.5));
#1097 = CARTESIAN_POINT('',(-2.689267030454,3.855915047829,-4.5));
#1098 = CARTESIAN_POINT('',(-2.541100753798,3.954574900443,-4.5));
#1099 = CARTESIAN_POINT('',(-2.476483354475,3.995884166155,-4.5));
#1100 = CARTESIAN_POINT('',(-2.411099444552,4.035986133877,-4.5));
#1101 = CARTESIAN_POINT('',(-2.344975359088,4.074864231746,-4.5));
#1102 = CARTESIAN_POINT('',(-2.27813783929,4.11250259265,-4.5));
#1103 = CARTESIAN_POINT('',(-2.210614032511,4.148886054228,-4.5));
#1104 = CARTESIAN_POINT('',(-2.14243149225,4.184000158875,-4.5));
#1105 = CARTESIAN_POINT('',(-2.03675406096,4.235954823197,-4.5));
#1106 = CARTESIAN_POINT('',(-1.999708908229,4.253710262491,-4.5));
#1107 = CARTESIAN_POINT('',(-1.962487013076,4.271095360317,-4.5));
#1108 = CARTESIAN_POINT('',(-1.925092696074,4.288108066493,-4.5));
#1109 = CARTESIAN_POINT('',(-1.887530305251,4.304746391952,-4.5));
#1110 = CARTESIAN_POINT('',(-1.849804216089,4.321008408742,-4.5));
#1111 = CARTESIAN_POINT('',(-1.81191883153,4.33689225003,-4.5));
#1112 = CARTESIAN_POINT('',(-1.304863430212,4.543550094757,-4.5));
#1113 = CARTESIAN_POINT('',(-0.811888436887,4.677111361033,-4.5));
#1114 = CARTESIAN_POINT('',(-0.303840122825,4.749249700839,-4.5));
#1115 = CARTESIAN_POINT('',(0.210330007387,4.75830048516,-4.5));
#1116 = CARTESIAN_POINT('',(0.721696440947,4.703919352723,-4.5));
#1117 = CARTESIAN_POINT('',(1.221399134854,4.587236581961,-4.5));
#1118 = CARTESIAN_POINT('',(1.700668280479,4.410701343326,-4.5));
#1119 = CARTESIAN_POINT('',(2.221603749975,4.142565434258,-4.5));
#1120 = CARTESIAN_POINT('',(2.291516134604,4.104855114935,-4.5));
#1121 = CARTESIAN_POINT('',(2.360695838367,4.065796902668,-4.5));
#1122 = CARTESIAN_POINT('',(2.429112556968,4.025407442977,-4.5));
#1123 = CARTESIAN_POINT('',(2.496736469238,3.983704182302,-4.5));
#1124 = CARTESIAN_POINT('',(2.563538237142,3.940705367997,-4.5));
#1125 = CARTESIAN_POINT('',(2.629489005777,3.896430048336,-4.5));
#1126 = CARTESIAN_POINT('',(3.008662211827,3.631113705185,-4.5));
#1127 = CARTESIAN_POINT('',(3.302367511133,3.381983425579,-4.5));
#1128 = CARTESIAN_POINT('',(3.572332097952,3.10580503339,-4.5));
#1129 = CARTESIAN_POINT('',(3.815686521259,2.805262227343,-4.5));
#1130 = CARTESIAN_POINT('',(4.029956384511,2.483337058074,-4.5));
#1131 = CARTESIAN_POINT('',(4.213034819627,2.143281635978,-4.5));
#1132 = CARTESIAN_POINT('',(4.363217183233,1.788635584015,-4.5));
#1133 = CARTESIAN_POINT('',(4.596227725528,1.055307295094,-4.5));
#1134 = CARTESIAN_POINT('',(4.678637481955,0.676250781757,-4.5));
#1135 = CARTESIAN_POINT('',(4.725247208736,0.290047346367,-4.5));
#1136 = CARTESIAN_POINT('',(4.735396316642,-9.934372358983E-02,-4.5));
#1137 = CARTESIAN_POINT('',(4.708932659119,-0.487966992286,-4.5));
#1138 = CARTESIAN_POINT('',(4.646172462324,-0.871876731537,-4.5));
#1139 = CARTESIAN_POINT('',(4.547940772619,-1.247144465834,-4.5));
#1140 = CARTESIAN_POINT('',(4.339711081733,-1.81829181106,-4.5));
#1141 = CARTESIAN_POINT('',(4.252486034744,-2.022606186567,-4.5));
#1142 = CARTESIAN_POINT('',(4.154277218618,-2.222110849076,-4.5));
#1143 = CARTESIAN_POINT('',(4.045397900592,-2.416117968985,-4.5));
#1144 = CARTESIAN_POINT('',(3.926210021775,-2.603968242299,-4.5));
#1145 = CARTESIAN_POINT('',(3.797122624646,-2.785030513176,-4.5));
#1146 = CARTESIAN_POINT('',(3.658592896604,-2.958702958985,-4.5));
#1147 = CARTESIAN_POINT('',(3.478359687034,-3.161241564957,-4.5));
#1148 = CARTESIAN_POINT('',(3.445148127217,-3.197674493795,-4.5));
#1149 = CARTESIAN_POINT('',(3.411500648439,-3.233708447676,-4.5));
#1150 = CARTESIAN_POINT('',(3.377422848574,-3.269337346331,-4.5));
#1151 = CARTESIAN_POINT('',(3.342920425052,-3.304555205932,-4.5));
#1152 = CARTESIAN_POINT('',(3.307999174861,-3.339356139092,-4.5));
#1153 = CARTESIAN_POINT('',(3.272664994546,-3.373734354864,-4.5));
#1154 = CARTESIAN_POINT('',(3.20713963081,-3.435975650052,-4.5));
#1155 = CARTESIAN_POINT('',(3.177072785194,-3.463969636595,-4.5));
#1156 = CARTESIAN_POINT('',(3.146726812587,-3.491662823777,-4.5));
#1157 = CARTESIAN_POINT('',(3.1161052265,-3.519051967044,-4.5));
#1158 = CARTESIAN_POINT('',(3.085211584732,-3.546133871878,-4.5));
#1159 = CARTESIAN_POINT('',(3.054049489369,-3.572905393799,-4.5));
#1160 = CARTESIAN_POINT('',(3.022622586784,-3.599363438362,-4.5));
#1161 = CARTESIAN_POINT('',(2.659329612006,-3.899067611686,-4.5));
#1162 = CARTESIAN_POINT('',(2.298975193751,-4.13809467346,-4.5));
#1163 = CARTESIAN_POINT('',(1.91428998687,-4.338853243436,-4.5));
#1164 = CARTESIAN_POINT('',(1.510071021345,-4.498542445235,-4.5));
#1165 = CARTESIAN_POINT('',(1.091372047377,-4.61509382475,-4.5));
#1166 = CARTESIAN_POINT('',(0.663470015593,-4.687104908885,-4.5));
#1167 = CARTESIAN_POINT('',(0.231879855622,-4.713915898465,-4.5));
#1168 = CARTESIAN_POINT('',(-0.2605546241,-4.693190835517,-4.5));
#1169 = CARTESIAN_POINT('',(-0.323446437999,-4.689578340828,-4.5));
#1170 = CARTESIAN_POINT('',(-0.386280463111,-4.685002715066,-4.5));
#1171 = CARTESIAN_POINT('',(-0.449039491451,-4.679465057969,-4.5));
#1172 = CARTESIAN_POINT('',(-0.511706350251,-4.672966836157,-4.5));
#1173 = CARTESIAN_POINT('',(-0.574263901968,-4.665509883136,-4.5));
#1174 = CARTESIAN_POINT('',(-0.636695044278,-4.657096399292,-4.5));
#1175 = CARTESIAN_POINT('',(-0.804601668816,-4.631844907651,-4.5));
#1176 = CARTESIAN_POINT('',(-0.909808311418,-4.61321789533,-4.5));
#1177 = CARTESIAN_POINT('',(-1.014519262784,-4.591860496308,-4.5));
#1178 = CARTESIAN_POINT('',(-1.118651849252,-4.567788217604,-4.5));
#1179 = CARTESIAN_POINT('',(-1.2221240986,-4.541019491889,-4.5));
#1180 = CARTESIAN_POINT('',(-1.324854740043,-4.511575677484,-4.5));
#1181 = CARTESIAN_POINT('',(-1.426763204234,-4.47948105836,-4.5));
#1182 = CARTESIAN_POINT('',(-1.631365958547,-4.409154416519,-4.5));
#1183 = CARTESIAN_POINT('',(-1.734013892743,-4.370785935175,-4.5));
#1184 = CARTESIAN_POINT('',(-1.835627394136,-4.329687229498,-4.5));
#1185 = CARTESIAN_POINT('',(-1.93612181858,-4.285891158082,-4.5));
#1186 = CARTESIAN_POINT('',(-2.035413909502,-4.23943360872,-4.5));
#1187 = CARTESIAN_POINT('',(-2.133421797897,-4.190353498407,-4.5));
#1188 = CARTESIAN_POINT('',(-2.230065002334,-4.13869277334,-4.5));
#1189 = CARTESIAN_POINT('',(-2.449021581584,-4.014042331801,-4.5));
#1190 = CARTESIAN_POINT('',(-2.570339900257,-3.939302575369,-4.5));
#1191 = CARTESIAN_POINT('',(-2.689045177422,-3.860376340522,-4.5));
#1192 = CARTESIAN_POINT('',(-2.804968966543,-3.777370588029,-4.5));
#1193 = CARTESIAN_POINT('',(-2.917948582093,-3.690400038514,-4.5));
#1194 = CARTESIAN_POINT('',(-3.027827099559,-3.599587172464,-4.5));
#1195 = CARTESIAN_POINT('',(-3.134453355442,-3.505062230224,-4.5));
#1196 = CARTESIAN_POINT('',(-3.237681947254,-3.406963211999,-4.5));
#1197 = PCURVE('',#235,#1198);
#1198 = DEFINITIONAL_REPRESENTATION('',(#1199),#1307);
#1199 = B_SPLINE_CURVE_WITH_KNOTS('',8,(#1200,#1201,#1202,#1203,#1204,
    #1205,#1206,#1207,#1208,#1209,#1210,#1211,#1212,#1213,#1214,#1215,
    #1216,#1217,#1218,#1219,#1220,#1221,#1222,#1223,#1224,#1225,#1226,
    #1227,#1228,#1229,#1230,#1231,#1232,#1233,#1234,#1235,#1236,#1237,
    #1238,#1239,#1240,#1241,#1242,#1243,#1244,#1245,#1246,#1247,#1248,
    #1249,#1250,#1251,#1252,#1253,#1254,#1255,#1256,#1257,#1258,#1259,
    #1260,#1261,#1262,#1263,#1264,#1265,#1266,#1267,#1268,#1269,#1270,
    #1271,#1272,#1273,#1274,#1275,#1276,#1277,#1278,#1279,#1280,#1281,
    #1282,#1283,#1284,#1285,#1286,#1287,#1288,#1289,#1290,#1291,#1292,
    #1293,#1294,#1295,#1296,#1297,#1298,#1299,#1300,#1301,#1302,#1303,
    #1304,#1305,#1306),.UNSPECIFIED.,.F.,.F.,(9,7,7,7,7,7,7,7,7,7,7,7,7,
    7,7,9),(0.,3.700465739126E-02,6.500778633346E-02,8.000939816836E-02,
    0.264970941068,0.293974519114,0.433975758567,0.574976569481,
    0.655985722433,0.673988070703,0.688990021275,0.845980621762,
    0.868983509148,0.907988679474,0.947993985488,1.),.UNSPECIFIED.);
#1200 = CARTESIAN_POINT('',(1.864577529968,9.277462095601));
#1201 = CARTESIAN_POINT('',(1.855953938692,9.254242370231));
#1202 = CARTESIAN_POINT('',(1.847330327024,9.231022598565));
#1203 = CARTESIAN_POINT('',(1.83870669189,9.207802769903));
#1204 = CARTESIAN_POINT('',(1.8300830317,9.1845828779));
#1205 = CARTESIAN_POINT('',(1.821459346351,9.16136292056));
#1206 = CARTESIAN_POINT('',(1.812835637223,9.138142900241));
#1207 = CARTESIAN_POINT('',(1.804211907183,9.11492282365));
#1208 = CARTESIAN_POINT('',(1.789062174256,9.074130966));
#1209 = CARTESIAN_POINT('',(1.782536174746,9.056559194251));
#1210 = CARTESIAN_POINT('',(1.776010163537,9.038987390288));
#1211 = CARTESIAN_POINT('',(1.769484142202,9.021415558089));
#1212 = CARTESIAN_POINT('',(1.762958112399,9.003843701921));
#1213 = CARTESIAN_POINT('',(1.756432075875,8.986271826343));
#1214 = CARTESIAN_POINT('',(1.749906034463,8.968699936206));
#1215 = CARTESIAN_POINT('',(1.739883909884,8.94171455943));
#1216 = CARTESIAN_POINT('',(1.736387828462,8.932301078504));
#1217 = CARTESIAN_POINT('',(1.732891746058,8.922887594516));
#1218 = CARTESIAN_POINT('',(1.729395662908,8.913474108097));
#1219 = CARTESIAN_POINT('',(1.725899579244,8.904060619867));
#1220 = CARTESIAN_POINT('',(1.722403495291,8.894647130435));
#1221 = CARTESIAN_POINT('',(1.718907411268,8.885233640395));
#1222 = CARTESIAN_POINT('',(1.672306554694,8.759757045537));
#1223 = CARTESIAN_POINT('',(1.629163471738,8.643590724235));
#1224 = CARTESIAN_POINT('',(1.586042586965,8.52748412051));
#1225 = CARTESIAN_POINT('',(1.542936621476,8.41141769206));
#1226 = CARTESIAN_POINT('',(1.499830863411,8.295351850498));
#1227 = CARTESIAN_POINT('',(1.456710635768,8.179247078807));
#1228 = CARTESIAN_POINT('',(1.413568468862,8.063083254358));
#1229 = CARTESIAN_POINT('',(1.36370540501,7.928822873793));
#1230 = CARTESIAN_POINT('',(1.356946320479,7.910623485706));
#1231 = CARTESIAN_POINT('',(1.350187231374,7.892424085477));
#1232 = CARTESIAN_POINT('',(1.343428138188,7.874224674391));
#1233 = CARTESIAN_POINT('',(1.336669041462,7.856025253859));
#1234 = CARTESIAN_POINT('',(1.329909941781,7.83782582541));
#1235 = CARTESIAN_POINT('',(1.323150839775,7.819626390699));
#1236 = CARTESIAN_POINT('',(1.283765317134,7.713577650937));
#1237 = CARTESIAN_POINT('',(1.251129232257,7.625702323116));
#1238 = CARTESIAN_POINT('',(1.218498053282,7.537840199099));
#1239 = CARTESIAN_POINT('',(1.18587124622,7.449989837389));
#1240 = CARTESIAN_POINT('',(1.153244455748,7.362139510117));
#1241 = CARTESIAN_POINT('',(1.120613321535,7.274277478801));
#1242 = CARTESIAN_POINT('',(1.087977289657,7.186402255704));
#1243 = CARTESIAN_POINT('',(1.022491531093,7.010076417384));
#1244 = CARTESIAN_POINT('',(0.989622220373,6.921573070515));
#1245 = CARTESIAN_POINT('',(0.956757995745,6.833083421729));
#1246 = CARTESIAN_POINT('',(0.923898257802,6.744605861198));
#1247 = CARTESIAN_POINT('',(0.891038498747,6.656128253968));
#1248 = CARTESIAN_POINT('',(0.858174216502,6.567638477667));
#1249 = CARTESIAN_POINT('',(0.825304833859,6.479134974885));
#1250 = CARTESIAN_POINT('',(0.773566758518,6.339825976308));
#1251 = CARTESIAN_POINT('',(0.754687454307,6.288991906656));
#1252 = CARTESIAN_POINT('',(0.735808458504,6.238158667292));
#1253 = CARTESIAN_POINT('',(0.716929845087,6.187326456392));
#1254 = CARTESIAN_POINT('',(0.698051262833,6.136494327194));
#1255 = CARTESIAN_POINT('',(0.6791723571,6.085661323836));
#1256 = CARTESIAN_POINT('',(0.660293191648,6.034827617299));
#1257 = CARTESIAN_POINT('',(0.637219370335,5.972699449641));
#1258 = CARTESIAN_POINT('',(0.633024070568,5.961403258668));
#1259 = CARTESIAN_POINT('',(0.628828771112,5.950107068326));
#1260 = CARTESIAN_POINT('',(0.624633471875,5.938810878365));
#1261 = CARTESIAN_POINT('',(0.620438172759,5.927514688523));
#1262 = CARTESIAN_POINT('',(0.616242873661,5.916218498519));
#1263 = CARTESIAN_POINT('',(0.612047574468,5.904922308053));
#1264 = CARTESIAN_POINT('',(0.604356193699,5.884212628079));
#1265 = CARTESIAN_POINT('',(0.600860112061,5.874799138466));
#1266 = CARTESIAN_POINT('',(0.597364030074,5.865385647773));
#1267 = CARTESIAN_POINT('',(0.593867947662,5.855972155798));
#1268 = CARTESIAN_POINT('',(0.590371864747,5.846558662335));
#1269 = CARTESIAN_POINT('',(0.586875781251,5.837145167176));
#1270 = CARTESIAN_POINT('',(0.583379697094,5.827731670112));
#1271 = CARTESIAN_POINT('',(0.543298205191,5.719808921607));
#1272 = CARTESIAN_POINT('',(0.506695706884,5.621253639283));
#1273 = CARTESIAN_POINT('',(0.47010193327,5.522721841331));
#1274 = CARTESIAN_POINT('',(0.433515238561,5.424209111241));
#1275 = CARTESIAN_POINT('',(0.396928268489,5.325695670331));
#1276 = CARTESIAN_POINT('',(0.360333840502,5.227162208906));
#1277 = CARTESIAN_POINT('',(0.323730704637,5.128605372063));
#1278 = CARTESIAN_POINT('',(0.281784246872,5.015661206947));
#1279 = CARTESIAN_POINT('',(0.276423563518,5.001227141532));
#1280 = CARTESIAN_POINT('',(0.271062889283,4.9867931002));
#1281 = CARTESIAN_POINT('',(0.265702224437,4.972359083382));
#1282 = CARTESIAN_POINT('',(0.260341569017,4.957925090822));
#1283 = CARTESIAN_POINT('',(0.254980922823,4.943491121575));
#1284 = CARTESIAN_POINT('',(0.249620285418,4.929057174005));
#1285 = CARTESIAN_POINT('',(0.235169829495,4.890148151898));
#1286 = CARTESIAN_POINT('',(0.226080022836,4.865673106188));
#1287 = CARTESIAN_POINT('',(0.216990229976,4.841198087272));
#1288 = CARTESIAN_POINT('',(0.207900443029,4.816723069637));
#1289 = CARTESIAN_POINT('',(0.198810652393,4.792248023636));
#1290 = CARTESIAN_POINT('',(0.189720846751,4.767772915493));
#1291 = CARTESIAN_POINT('',(0.180631013076,4.743297707301));
#1292 = CARTESIAN_POINT('',(0.162218185689,4.693719431706));
#1293 = CARTESIAN_POINT('',(0.152895286717,4.668616680315));
#1294 = CARTESIAN_POINT('',(0.143572417382,4.643514036126));
#1295 = CARTESIAN_POINT('',(0.134249559606,4.618411444692));
#1296 = CARTESIAN_POINT('',(0.124926699561,4.593308863845));
#1297 = CARTESIAN_POINT('',(0.115603827661,4.568206263692));
#1298 = CARTESIAN_POINT('',(0.10628093857,4.543103626622));
#1299 = CARTESIAN_POINT('',(8.483845746207E-02,4.485368018438));
#1300 = CARTESIAN_POINT('',(7.271881603306E-02,4.452734918564));
#1301 = CARTESIAN_POINT('',(6.059911110323E-02,4.420101653745));
#1302 = CARTESIAN_POINT('',(4.847934999798E-02,4.387468239524));
#1303 = CARTESIAN_POINT('',(3.635954317614E-02,4.354834700917));
#1304 = CARTESIAN_POINT('',(2.42397042299E-02,4.322201072411));
#1305 = CARTESIAN_POINT('',(1.211984988485E-02,4.289567397967));
#1306 = CARTESIAN_POINT('',(0.,4.256933731017));
#1307 = ( GEOMETRIC_REPRESENTATION_CONTEXT(2) 
PARAMETRIC_REPRESENTATION_CONTEXT() REPRESENTATION_CONTEXT('2D SPACE',''
  ) );
#1308 = PCURVE('',#517,#1309);
#1309 = DEFINITIONAL_REPRESENTATION('',(#1310),#1418);
#1310 = B_SPLINE_CURVE_WITH_KNOTS('',8,(#1311,#1312,#1313,#1314,#1315,
    #1316,#1317,#1318,#1319,#1320,#1321,#1322,#1323,#1324,#1325,#1326,
    #1327,#1328,#1329,#1330,#1331,#1332,#1333,#1334,#1335,#1336,#1337,
    #1338,#1339,#1340,#1341,#1342,#1343,#1344,#1345,#1346,#1347,#1348,
    #1349,#1350,#1351,#1352,#1353,#1354,#1355,#1356,#1357,#1358,#1359,
    #1360,#1361,#1362,#1363,#1364,#1365,#1366,#1367,#1368,#1369,#1370,
    #1371,#1372,#1373,#1374,#1375,#1376,#1377,#1378,#1379,#1380,#1381,
    #1382,#1383,#1384,#1385,#1386,#1387,#1388,#1389,#1390,#1391,#1392,
    #1393,#1394,#1395,#1396,#1397,#1398,#1399,#1400,#1401,#1402,#1403,
    #1404,#1405,#1406,#1407,#1408,#1409,#1410,#1411,#1412,#1413,#1414,
    #1415,#1416,#1417),.UNSPECIFIED.,.F.,.F.,(9,7,7,7,7,7,7,7,7,7,7,7,7,
    7,7,9),(0.,3.700465739126E-02,6.500778633346E-02,8.000939816836E-02,
    0.264970941068,0.293974519114,0.433975758567,0.574976569481,
    0.655985722433,0.673988070703,0.688990021275,0.845980621762,
    0.868983509148,0.907988679474,0.947993985488,1.),.UNSPECIFIED.);
#1311 = CARTESIAN_POINT('',(-3.23766907871,3.406973703087));
#1312 = CARTESIAN_POINT('',(-3.164216879329,3.47677529048));
#1313 = CARTESIAN_POINT('',(-3.089044803576,3.544767268556));
#1314 = CARTESIAN_POINT('',(-3.012205046743,3.610900050549));
#1315 = CARTESIAN_POINT('',(-2.933751344579,3.675125980136));
#1316 = CARTESIAN_POINT('',(-2.85373897329,3.737399331435));
#1317 = CARTESIAN_POINT('',(-2.772224749541,3.797676309));
#1318 = CARTESIAN_POINT('',(-2.689267030454,3.855915047829));
#1319 = CARTESIAN_POINT('',(-2.541100753798,3.954574900443));
#1320 = CARTESIAN_POINT('',(-2.476483354475,3.995884166155));
#1321 = CARTESIAN_POINT('',(-2.411099444552,4.035986133877));
#1322 = CARTESIAN_POINT('',(-2.344975359088,4.074864231746));
#1323 = CARTESIAN_POINT('',(-2.27813783929,4.11250259265));
#1324 = CARTESIAN_POINT('',(-2.210614032511,4.148886054228));
#1325 = CARTESIAN_POINT('',(-2.14243149225,4.184000158875));
#1326 = CARTESIAN_POINT('',(-2.03675406096,4.235954823197));
#1327 = CARTESIAN_POINT('',(-1.999708908229,4.253710262491));
#1328 = CARTESIAN_POINT('',(-1.962487013076,4.271095360317));
#1329 = CARTESIAN_POINT('',(-1.925092696074,4.288108066493));
#1330 = CARTESIAN_POINT('',(-1.887530305251,4.304746391952));
#1331 = CARTESIAN_POINT('',(-1.849804216089,4.321008408742));
#1332 = CARTESIAN_POINT('',(-1.81191883153,4.33689225003));
#1333 = CARTESIAN_POINT('',(-1.304863430212,4.543550094757));
#1334 = CARTESIAN_POINT('',(-0.811888436887,4.677111361033));
#1335 = CARTESIAN_POINT('',(-0.303840122825,4.749249700839));
#1336 = CARTESIAN_POINT('',(0.210330007387,4.75830048516));
#1337 = CARTESIAN_POINT('',(0.721696440947,4.703919352723));
#1338 = CARTESIAN_POINT('',(1.221399134854,4.587236581961));
#1339 = CARTESIAN_POINT('',(1.700668280479,4.410701343326));
#1340 = CARTESIAN_POINT('',(2.221603749975,4.142565434258));
#1341 = CARTESIAN_POINT('',(2.291516134604,4.104855114935));
#1342 = CARTESIAN_POINT('',(2.360695838367,4.065796902668));
#1343 = CARTESIAN_POINT('',(2.429112556968,4.025407442977));
#1344 = CARTESIAN_POINT('',(2.496736469238,3.983704182302));
#1345 = CARTESIAN_POINT('',(2.563538237142,3.940705367997));
#1346 = CARTESIAN_POINT('',(2.629489005777,3.896430048336));
#1347 = CARTESIAN_POINT('',(3.008662211827,3.631113705185));
#1348 = CARTESIAN_POINT('',(3.302367511133,3.381983425579));
#1349 = CARTESIAN_POINT('',(3.572332097952,3.10580503339));
#1350 = CARTESIAN_POINT('',(3.815686521259,2.805262227343));
#1351 = CARTESIAN_POINT('',(4.029956384511,2.483337058074));
#1352 = CARTESIAN_POINT('',(4.213034819627,2.143281635978));
#1353 = CARTESIAN_POINT('',(4.363217183233,1.788635584015));
#1354 = CARTESIAN_POINT('',(4.596227725528,1.055307295094));
#1355 = CARTESIAN_POINT('',(4.678637481955,0.676250781757));
#1356 = CARTESIAN_POINT('',(4.725247208736,0.290047346367));
#1357 = CARTESIAN_POINT('',(4.735396316642,-9.934372358983E-02));
#1358 = CARTESIAN_POINT('',(4.708932659119,-0.487966992286));
#1359 = CARTESIAN_POINT('',(4.646172462324,-0.871876731537));
#1360 = CARTESIAN_POINT('',(4.547940772619,-1.247144465834));
#1361 = CARTESIAN_POINT('',(4.339711081733,-1.81829181106));
#1362 = CARTESIAN_POINT('',(4.252486034744,-2.022606186567));
#1363 = CARTESIAN_POINT('',(4.154277218618,-2.222110849076));
#1364 = CARTESIAN_POINT('',(4.045397900592,-2.416117968985));
#1365 = CARTESIAN_POINT('',(3.926210021775,-2.603968242299));
#1366 = CARTESIAN_POINT('',(3.797122624646,-2.785030513176));
#1367 = CARTESIAN_POINT('',(3.658592896604,-2.958702958985));
#1368 = CARTESIAN_POINT('',(3.478359687034,-3.161241564957));
#1369 = CARTESIAN_POINT('',(3.445148127217,-3.197674493795));
#1370 = CARTESIAN_POINT('',(3.411500648439,-3.233708447676));
#1371 = CARTESIAN_POINT('',(3.377422848574,-3.269337346331));
#1372 = CARTESIAN_POINT('',(3.342920425052,-3.304555205932));
#1373 = CARTESIAN_POINT('',(3.307999174861,-3.339356139092));
#1374 = CARTESIAN_POINT('',(3.272664994546,-3.373734354864));
#1375 = CARTESIAN_POINT('',(3.20713963081,-3.435975650052));
#1376 = CARTESIAN_POINT('',(3.177072785194,-3.463969636595));
#1377 = CARTESIAN_POINT('',(3.146726812587,-3.491662823777));
#1378 = CARTESIAN_POINT('',(3.1161052265,-3.519051967044));
#1379 = CARTESIAN_POINT('',(3.085211584732,-3.546133871878));
#1380 = CARTESIAN_POINT('',(3.054049489369,-3.572905393799));
#1381 = CARTESIAN_POINT('',(3.022622586784,-3.599363438362));
#1382 = CARTESIAN_POINT('',(2.659329612006,-3.899067611686));
#1383 = CARTESIAN_POINT('',(2.298975193751,-4.13809467346));
#1384 = CARTESIAN_POINT('',(1.91428998687,-4.338853243436));
#1385 = CARTESIAN_POINT('',(1.510071021345,-4.498542445235));
#1386 = CARTESIAN_POINT('',(1.091372047377,-4.61509382475));
#1387 = CARTESIAN_POINT('',(0.663470015593,-4.687104908885));
#1388 = CARTESIAN_POINT('',(0.231879855622,-4.713915898465));
#1389 = CARTESIAN_POINT('',(-0.2605546241,-4.693190835517));
#1390 = CARTESIAN_POINT('',(-0.323446437999,-4.689578340828));
#1391 = CARTESIAN_POINT('',(-0.386280463111,-4.685002715066));
#1392 = CARTESIAN_POINT('',(-0.449039491451,-4.679465057969));
#1393 = CARTESIAN_POINT('',(-0.511706350251,-4.672966836157));
#1394 = CARTESIAN_POINT('',(-0.574263901968,-4.665509883136));
#1395 = CARTESIAN_POINT('',(-0.636695044278,-4.657096399292));
#1396 = CARTESIAN_POINT('',(-0.804601668816,-4.631844907651));
#1397 = CARTESIAN_POINT('',(-0.909808311418,-4.61321789533));
#1398 = CARTESIAN_POINT('',(-1.014519262784,-4.591860496308));
#1399 = CARTESIAN_POINT('',(-1.118651849252,-4.567788217604));
#1400 = CARTESIAN_POINT('',(-1.2221240986,-4.541019491889));
#1401 = CARTESIAN_POINT('',(-1.324854740043,-4.511575677484));
#1402 = CARTESIAN_POINT('',(-1.426763204234,-4.47948105836));
#1403 = CARTESIAN_POINT('',(-1.631365958547,-4.409154416519));
#1404 = CARTESIAN_POINT('',(-1.734013892743,-4.370785935175));
#1405 = CARTESIAN_POINT('',(-1.835627394136,-4.329687229498));
#1406 = CARTESIAN_POINT('',(-1.93612181858,-4.285891158082));
#1407 = CARTESIAN_POINT('',(-2.035413909502,-4.23943360872));
#1408 = CARTESIAN_POINT('',(-2.133421797897,-4.190353498407));
#1409 = CARTESIAN_POINT('',(-2.230065002334,-4.13869277334));
#1410 = CARTESIAN_POINT('',(-2.449021581584,-4.014042331801));
#1411 = CARTESIAN_POINT('',(-2.570339900257,-3.939302575369));
#1412 = CARTESIAN_POINT('',(-2.689045177422,-3.860376340522));
#1413 = CARTESIAN_POINT('',(-2.804968966543,-3.777370588029));
#1414 = CARTESIAN_POINT('',(-2.917948582093,-3.690400038514));
#1415 = CARTESIAN_POINT('',(-3.027827099559,-3.599587172464));
#1416 = CARTESIAN_POINT('',(-3.134453355442,-3.505062230224));
#1417 = CARTESIAN_POINT('',(-3.237681947254,-3.406963211999));
#1418 = ( GEOMETRIC_REPRESENTATION_CONTEXT(2) 
PARAMETRIC_REPRESENTATION_CONTEXT() REPRESENTATION_CONTEXT('2D SPACE',''
  ) );
#1419 = ORIENTED_EDGE('',*,*,#21,.T.);
#1420 = ORIENTED_EDGE('',*,*,#1421,.T.);
#1421 = EDGE_CURVE('',#24,#870,#1422,.T.);
#1422 = SURFACE_CURVE('',#1423,(#1517,#1614),.PCURVE_S1.);
#1423 = B_SPLINE_CURVE_WITH_KNOTS('',8,(#1424,#1425,#1426,#1427,#1428,
    #1429,#1430,#1431,#1432,#1433,#1434,#1435,#1436,#1437,#1438,#1439,
    #1440,#1441,#1442,#1443,#1444,#1445,#1446,#1447,#1448,#1449,#1450,
    #1451,#1452,#1453,#1454,#1455,#1456,#1457,#1458,#1459,#1460,#1461,
    #1462,#1463,#1464,#1465,#1466,#1467,#1468,#1469,#1470,#1471,#1472,
    #1473,#1474,#1475,#1476,#1477,#1478,#1479,#1480,#1481,#1482,#1483,
    #1484,#1485,#1486,#1487,#1488,#1489,#1490,#1491,#1492,#1493,#1494,
    #1495,#1496,#1497,#1498,#1499,#1500,#1501,#1502,#1503,#1504,#1505,
    #1506,#1507,#1508,#1509,#1510,#1511,#1512,#1513,#1514,#1515,#1516),
  .UNSPECIFIED.,.F.,.F.,(9,7,7,7,7,7,7,7,7,7,7,7,7,9),(0.,
    5.200914883146E-02,9.201686066583E-02,0.131024384915,0.16603076697,
    0.194035508777,0.387993431177,0.416998738019,0.559007524065,
    0.702015905479,0.726020272758,0.91598528357,0.969994372787,1.),
  .UNSPECIFIED.);
#1424 = CARTESIAN_POINT('',(4.487270106589,-1.397997784087,4.5));
#1425 = CARTESIAN_POINT('',(4.444911516405,-1.533958500996,4.5));
#1426 = CARTESIAN_POINT('',(4.397844529995,-1.668453218745,4.5));
#1427 = CARTESIAN_POINT('',(4.346128897723,-1.801290584655,4.5));
#1428 = CARTESIAN_POINT('',(4.28983318148,-1.932283216145,4.5));
#1429 = CARTESIAN_POINT('',(4.229034754691,-2.06124770073,4.5));
#1430 = CARTESIAN_POINT('',(4.163819802306,-2.188004596021,4.5));
#1431 = CARTESIAN_POINT('',(4.094283320808,-2.312378429726,4.5));
#1432 = CARTESIAN_POINT('',(3.963794160026,-2.527906409688,4.5));
#1433 = CARTESIAN_POINT('',(3.904563044367,-2.620104107506,4.5));
#1434 = CARTESIAN_POINT('',(3.842882933338,-2.710712983355,4.5));
#1435 = CARTESIAN_POINT('',(3.778803676567,-2.799657196905,4.5));
#1436 = CARTESIAN_POINT('',(3.712377811207,-2.88686287725,4.5));
#1437 = CARTESIAN_POINT('',(3.643660561932,-2.972258122908,4.5));
#1438 = CARTESIAN_POINT('',(3.572709840942,-3.055773001818,4.5));
#1439 = CARTESIAN_POINT('',(3.428290735271,-3.216866947755,4.5));
#1440 = CARTESIAN_POINT('',(3.354929311774,-3.29454260044,4.5));
#1441 = CARTESIAN_POINT('',(3.27955847063,-3.370303837437,4.5));
#1442 = CARTESIAN_POINT('',(3.202236742876,-3.444090200039,4.5));
#1443 = CARTESIAN_POINT('',(3.123024697425,-3.515843442804,4.5));
#1444 = CARTESIAN_POINT('',(3.041984941066,-3.585507533547,4.5));
#1445 = CARTESIAN_POINT('',(2.959182118459,-3.653028653343,4.5));
#1446 = CARTESIAN_POINT('',(2.798851093628,-3.776980960993,4.5));
#1447 = CARTESIAN_POINT('',(2.721652851974,-3.833839448763,4.5));
#1448 = CARTESIAN_POINT('',(2.643136380684,-3.88889339929,4.5));
#1449 = CARTESIAN_POINT('',(2.563350952589,-3.942107211399,4.5));
#1450 = CARTESIAN_POINT('',(2.482346919842,-3.993446943286,4.5));
#1451 = CARTESIAN_POINT('',(2.400175713929,-4.042880312523,4.5));
#1452 = CARTESIAN_POINT('',(2.316889845657,-4.090376696051,4.5));
#1453 = CARTESIAN_POINT('',(2.165066229423,-4.172331004275,4.5));
#1454 = CARTESIAN_POINT('',(2.096910387055,-4.207496761107,4.5));
#1455 = CARTESIAN_POINT('',(2.028102792037,-4.241389592775,4.5));
#1456 = CARTESIAN_POINT('',(1.95867119769,-4.273995430738,4.5));
#1457 = CARTESIAN_POINT('',(1.888643696678,-4.30530094582,4.5));
#1458 = CARTESIAN_POINT('',(1.818048721005,-4.335293548215,4.5));
#1459 = CARTESIAN_POINT('',(1.746915042021,-4.363961387477,4.5));
#1460 = CARTESIAN_POINT('',(1.179077939721,-4.580591693284,4.5));
#1461 = CARTESIAN_POINT('',(0.657904089244,-4.706015030493,4.5));
#1462 = CARTESIAN_POINT('',(0.122163851201,-4.76331548257,4.5));
#1463 = CARTESIAN_POINT('',(-0.417748375632,-4.750944937408,4.5));
#1464 = CARTESIAN_POINT('',(-0.951534899168,-4.668905510531,4.5));
#1465 = CARTESIAN_POINT('',(-1.469056176699,-4.518992713399,4.5));
#1466 = CARTESIAN_POINT('',(-1.960347119245,-4.304546448785,4.5));
#1467 = CARTESIAN_POINT('',(-2.484018757826,-3.990741780305,4.5));
#1468 = CARTESIAN_POINT('',(-2.551354907845,-3.948603246763,4.5));
#1469 = CARTESIAN_POINT('',(-2.61787301451,-3.905166853685,4.5));
#1470 = CARTESIAN_POINT('',(-2.683543909435,-3.860451165214,4.5));
#1471 = CARTESIAN_POINT('',(-2.748338957968,-3.8144755136,4.5));
#1472 = CARTESIAN_POINT('',(-2.812230059184,-3.767259999193,4.5));
#1473 = CARTESIAN_POINT('',(-2.875189645886,-3.71882549045,4.5));
#1474 = CARTESIAN_POINT('',(-3.24074521311,-3.426198052406,4.5));
#1475 = CARTESIAN_POINT('',(-3.521417992377,-3.154424777618,4.5));
#1476 = CARTESIAN_POINT('',(-3.775876307267,-2.85649346078,4.5));
#1477 = CARTESIAN_POINT('',(-4.001318817352,-2.535398970854,4.5));
#1478 = CARTESIAN_POINT('',(-4.1953828074,-2.194422132153,4.5));
#1479 = CARTESIAN_POINT('',(-4.356112144919,-1.837101254668,4.5));
#1480 = CARTESIAN_POINT('',(-4.481996125648,-1.467248581198,4.5));
#1481 = CARTESIAN_POINT('',(-4.662816813598,-0.708080479966,4.5));
#1482 = CARTESIAN_POINT('',(-4.717305420072,-0.318404764509,4.5));
#1483 = CARTESIAN_POINT('',(-4.734513649621,7.582727403344E-02,4.5));
#1484 = CARTESIAN_POINT('',(-4.714068489627,0.470443823884,4.5));
#1485 = CARTESIAN_POINT('',(-4.656132488799,0.861319252568,4.5));
#1486 = CARTESIAN_POINT('',(-4.561359887541,1.244376873635,4.5));
#1487 = CARTESIAN_POINT('',(-4.430939778118,1.615600398156,4.5));
#1488 = CARTESIAN_POINT('',(-4.239160155965,2.030741139551,4.5));
#1489 = CARTESIAN_POINT('',(-4.210642452851,2.089967857,4.5));
#1490 = CARTESIAN_POINT('',(-4.181179327277,2.148736239808,4.5));
#1491 = CARTESIAN_POINT('',(-4.150779392878,2.207028688301,4.5));
#1492 = CARTESIAN_POINT('',(-4.119451650646,2.264827808822,4.5));
#1493 = CARTESIAN_POINT('',(-4.087205488932,2.322116413728,4.5));
#1494 = CARTESIAN_POINT('',(-4.054050683447,2.378877521392,4.5));
#1495 = CARTESIAN_POINT('',(-3.750507566363,2.879981384803,4.5));
#1496 = CARTESIAN_POINT('',(-3.424480248118,3.291223393818,4.5));
#1497 = CARTESIAN_POINT('',(-3.047176129581,3.659701050259,4.5));
#1498 = CARTESIAN_POINT('',(-2.62535876761,3.97822753164,4.5));
#1499 = CARTESIAN_POINT('',(-2.166619230557,4.240805332125,4.5));
#1500 = CARTESIAN_POINT('',(-1.679457834562,4.442814118599,4.5));
#1501 = CARTESIAN_POINT('',(-1.1731413317,4.580860283226,4.5));
#1502 = CARTESIAN_POINT('',(-0.51169774145,4.674401014486,4.5));
#1503 = CARTESIAN_POINT('',(-0.364526900188,4.689842945066,4.5));
#1504 = CARTESIAN_POINT('',(-0.216832749982,4.699988109628,4.5));
#1505 = CARTESIAN_POINT('',(-6.883787316635E-02,4.70481640006,4.5));
#1506 = CARTESIAN_POINT('',(7.923492387842E-02,4.704318973188,4.5));
#1507 = CARTESIAN_POINT('',(0.227162675582,4.69849824699,4.5));
#1508 = CARTESIAN_POINT('',(0.374722322034,4.687367896805,4.5));
#1509 = CARTESIAN_POINT('',(0.603341485615,4.661833206384,4.5));
#1510 = CARTESIAN_POINT('',(0.684810075065,4.6510823944,4.5));
#1511 = CARTESIAN_POINT('',(0.766058449607,4.638704689443,4.5));
#1512 = CARTESIAN_POINT('',(0.847048708507,4.624705414277,4.5));
#1513 = CARTESIAN_POINT('',(0.927743142875,4.609090940582,4.5));
#1514 = CARTESIAN_POINT('',(1.008104235668,4.59186868895,4.5));
#1515 = CARTESIAN_POINT('',(1.088094661688,4.573047128886,4.5));
#1516 = CARTESIAN_POINT('',(1.167677287585,4.552635778807,4.5));
#1517 = PCURVE('',#235,#1518);
#1518 = DEFINITIONAL_REPRESENTATION('',(#1519),#1613);
#1519 = B_SPLINE_CURVE_WITH_KNOTS('',8,(#1520,#1521,#1522,#1523,#1524,
    #1525,#1526,#1527,#1528,#1529,#1530,#1531,#1532,#1533,#1534,#1535,
    #1536,#1537,#1538,#1539,#1540,#1541,#1542,#1543,#1544,#1545,#1546,
    #1547,#1548,#1549,#1550,#1551,#1552,#1553,#1554,#1555,#1556,#1557,
    #1558,#1559,#1560,#1561,#1562,#1563,#1564,#1565,#1566,#1567,#1568,
    #1569,#1570,#1571,#1572,#1573,#1574,#1575,#1576,#1577,#1578,#1579,
    #1580,#1581,#1582,#1583,#1584,#1585,#1586,#1587,#1588,#1589,#1590,
    #1591,#1592,#1593,#1594,#1595,#1596,#1597,#1598,#1599,#1600,#1601,
    #1602,#1603,#1604,#1605,#1606,#1607,#1608,#1609,#1610,#1611,#1612),
  .UNSPECIFIED.,.F.,.F.,(9,7,7,7,7,7,7,7,7,7,7,7,7,9),(0.,
    5.200914883146E-02,9.201686066583E-02,0.131024384915,0.16603076697,
    0.194035508777,0.387993431177,0.416998738019,0.559007524065,
    0.702015905479,0.726020272758,0.91598528357,0.969994372787,1.),
  .UNSPECIFIED.);
#1520 = CARTESIAN_POINT('',(1.864577529968,33.510704004344));
#1521 = CARTESIAN_POINT('',(1.852457680164,33.47807033761));
#1522 = CARTESIAN_POINT('',(1.840337825868,33.445436663297));
#1523 = CARTESIAN_POINT('',(1.828217986939,33.412803034839));
#1524 = CARTESIAN_POINT('',(1.816098180104,33.380169496195));
#1525 = CARTESIAN_POINT('',(1.803978418954,33.347536081854));
#1526 = CARTESIAN_POINT('',(1.791858713948,33.314902816831));
#1527 = CARTESIAN_POINT('',(1.779739072412,33.282269716668));
#1528 = CARTESIAN_POINT('',(1.75829659228,33.224534111112));
#1529 = CARTESIAN_POINT('',(1.748973704285,33.199431476992));
#1530 = CARTESIAN_POINT('',(1.739650833462,33.17432887974));
#1531 = CARTESIAN_POINT('',(1.730327974475,33.149226301744));
#1532 = CARTESIAN_POINT('',(1.721005117741,33.124123713113));
#1533 = CARTESIAN_POINT('',(1.711682249428,33.099021071678));
#1534 = CARTESIAN_POINT('',(1.70235935146,33.073918322994));
#1535 = CARTESIAN_POINT('',(1.683946524101,33.024340047473));
#1536 = CARTESIAN_POINT('',(1.674856689445,32.99986483664));
#1537 = CARTESIAN_POINT('',(1.665766882804,32.975389725806));
#1538 = CARTESIAN_POINT('',(1.656677091152,32.950914677068));
#1539 = CARTESIAN_POINT('',(1.647587303173,32.926439656653));
#1540 = CARTESIAN_POINT('',(1.638497509266,32.901964634915));
#1541 = CARTESIAN_POINT('',(1.629407701541,32.877489586337));
#1542 = CARTESIAN_POINT('',(1.612160422459,32.831049891515));
#1543 = CARTESIAN_POINT('',(1.60400294962,32.80908524144));
#1544 = CARTESIAN_POINT('',(1.595845454005,32.787120534041));
#1545 = CARTESIAN_POINT('',(1.587687935329,32.765155767046));
#1546 = CARTESIAN_POINT('',(1.579530394319,32.74319094117));
#1547 = CARTESIAN_POINT('',(1.57137283272,32.721226060122));
#1548 = CARTESIAN_POINT('',(1.563215253291,32.699261130599));
#1549 = CARTESIAN_POINT('',(1.5485316698,32.659724415932));
#1550 = CARTESIAN_POINT('',(1.542005667481,32.642152635781));
#1551 = CARTESIAN_POINT('',(1.535479654467,32.624580825929));
#1552 = CARTESIAN_POINT('',(1.528953632429,32.607008990663));
#1553 = CARTESIAN_POINT('',(1.522427603093,32.589437134469));
#1554 = CARTESIAN_POINT('',(1.515901568237,32.571865262026));
#1555 = CARTESIAN_POINT('',(1.509375529693,32.554293378209));
#1556 = CARTESIAN_POINT('',(1.457650814213,32.415020408897));
#1557 = CARTESIAN_POINT('',(1.412403449008,32.293188157796));
#1558 = CARTESIAN_POINT('',(1.367184631088,32.17143269455));
#1559 = CARTESIAN_POINT('',(1.321983928736,32.049726004402));
#1560 = CARTESIAN_POINT('',(1.276783493631,31.928020063313));
#1561 = CARTESIAN_POINT('',(1.231565532829,31.806266967371));
#1562 = CARTESIAN_POINT('',(1.186319281307,31.684437720269));
#1563 = CARTESIAN_POINT('',(1.134362369498,31.544539481758));
#1564 = CARTESIAN_POINT('',(1.127603285085,31.526340093883));
#1565 = CARTESIAN_POINT('',(1.120844196084,31.508140693852));
#1566 = CARTESIAN_POINT('',(1.114085102969,31.489941282894));
#1567 = CARTESIAN_POINT('',(1.107326006261,31.471741862368));
#1568 = CARTESIAN_POINT('',(1.100566906527,31.453542433758));
#1569 = CARTESIAN_POINT('',(1.093807804384,31.435342998676));
#1570 = CARTESIAN_POINT('',(1.053956406613,31.328039852141));
#1571 = CARTESIAN_POINT('',(1.020853744198,31.238908226667));
#1572 = CARTESIAN_POINT('',(0.987756361212,31.149790810892));
#1573 = CARTESIAN_POINT('',(0.95466364001,31.060685937728));
#1574 = CARTESIAN_POINT('',(0.921570934522,30.971581096258));
#1575 = CARTESIAN_POINT('',(0.888473593816,30.882463765546));
#1576 = CARTESIAN_POINT('',(0.8553709804,30.793332233002));
#1577 = CARTESIAN_POINT('',(0.78895346724,30.614497568134));
#1578 = CARTESIAN_POINT('',(0.755617564004,30.524737882161));
#1579 = CARTESIAN_POINT('',(0.722287133174,30.434992934567));
#1580 = CARTESIAN_POINT('',(0.68896148699,30.345260877824));
#1581 = CARTESIAN_POINT('',(0.655635819827,30.255528775134));
#1582 = CARTESIAN_POINT('',(0.622305331791,30.165783702124));
#1583 = CARTESIAN_POINT('',(0.588969357716,30.07602386425));
#1584 = CARTESIAN_POINT('',(0.550050365048,29.971231294237));
#1585 = CARTESIAN_POINT('',(0.544456627001,29.956169697221));
#1586 = CARTESIAN_POINT('',(0.538862890632,29.941108104755));
#1587 = CARTESIAN_POINT('',(0.533269156239,29.926046517615));
#1588 = CARTESIAN_POINT('',(0.527675424101,29.910984936531));
#1589 = CARTESIAN_POINT('',(0.52208169448,29.895923362182));
#1590 = CARTESIAN_POINT('',(0.516487967619,29.880861795197));
#1591 = CARTESIAN_POINT('',(0.466626806742,29.746606541423));
#1592 = CARTESIAN_POINT('',(0.422315758276,29.627295413359));
#1593 = CARTESIAN_POINT('',(0.378030053819,29.50805250752));
#1594 = CARTESIAN_POINT('',(0.333760537748,29.388853158738));
#1595 = CARTESIAN_POINT('',(0.289490848563,29.269653310398));
#1596 = CARTESIAN_POINT('',(0.245204568261,29.150408777215));
#1597 = CARTESIAN_POINT('',(0.200892684654,29.031095353748));
#1598 = CARTESIAN_POINT('',(0.144038597155,28.878011088634));
#1599 = CARTESIAN_POINT('',(0.131452593553,28.844122253221));
#1600 = CARTESIAN_POINT('',(0.118866629901,28.810233530949));
#1601 = CARTESIAN_POINT('',(0.106280725846,28.776344974842));
#1602 = CARTESIAN_POINT('',(9.369484670088E-02,28.742456491179));
#1603 = CARTESIAN_POINT('',(8.110895719833E-02,28.708567983985));
#1604 = CARTESIAN_POINT('',(6.85230752444E-02,28.67467949953));
#1605 = CARTESIAN_POINT('',(4.894510796848E-02,28.621964270211));
#1606 = CARTESIAN_POINT('',(4.195290389349E-02,28.603137206051));
#1607 = CARTESIAN_POINT('',(3.496071496797E-02,28.58431018194));
#1608 = CARTESIAN_POINT('',(2.796854198639E-02,28.565483199354));
#1609 = CARTESIAN_POINT('',(2.097638501781E-02,28.546656257656));
#1610 = CARTESIAN_POINT('',(1.398424340592E-02,28.527829354091));
#1611 = CARTESIAN_POINT('',(6.992115769019E-03,28.509002483789));
#1612 = CARTESIAN_POINT('',(0.,28.490175639762));
#1613 = ( GEOMETRIC_REPRESENTATION_CONTEXT(2) 
PARAMETRIC_REPRESENTATION_CONTEXT() REPRESENTATION_CONTEXT('2D SPACE',''
  ) );
#1614 = PCURVE('',#828,#1615);
#1615 = DEFINITIONAL_REPRESENTATION('',(#1616),#1710);
#1616 = B_SPLINE_CURVE_WITH_KNOTS('',8,(#1617,#1618,#1619,#1620,#1621,
    #1622,#1623,#1624,#1625,#1626,#1627,#1628,#1629,#1630,#1631,#1632,
    #1633,#1634,#1635,#1636,#1637,#1638,#1639,#1640,#1641,#1642,#1643,
    #1644,#1645,#1646,#1647,#1648,#1649,#1650,#1651,#1652,#1653,#1654,
    #1655,#1656,#1657,#1658,#1659,#1660,#1661,#1662,#1663,#1664,#1665,
    #1666,#1667,#1668,#1669,#1670,#1671,#1672,#1673,#1674,#1675,#1676,
    #1677,#1678,#1679,#1680,#1681,#1682,#1683,#1684,#1685,#1686,#1687,
    #1688,#1689,#1690,#1691,#1692,#1693,#1694,#1695,#1696,#1697,#1698,
    #1699,#1700,#1701,#1702,#1703,#1704,#1705,#1706,#1707,#1708,#1709),
  .UNSPECIFIED.,.F.,.F.,(9,7,7,7,7,7,7,7,7,7,7,7,7,9),(0.,
    5.200914883146E-02,9.201686066583E-02,0.131024384915,0.16603076697,
    0.194035508777,0.387993431177,0.416998738019,0.559007524065,
    0.702015905479,0.726020272758,0.91598528357,0.969994372787,1.),
  .UNSPECIFIED.);
#1617 = CARTESIAN_POINT('',(4.487270106589,-1.397997784087));
#1618 = CARTESIAN_POINT('',(4.444911516405,-1.533958500996));
#1619 = CARTESIAN_POINT('',(4.397844529995,-1.668453218745));
#1620 = CARTESIAN_POINT('',(4.346128897723,-1.801290584655));
#1621 = CARTESIAN_POINT('',(4.28983318148,-1.932283216145));
#1622 = CARTESIAN_POINT('',(4.229034754691,-2.06124770073));
#1623 = CARTESIAN_POINT('',(4.163819802306,-2.188004596021));
#1624 = CARTESIAN_POINT('',(4.094283320808,-2.312378429726));
#1625 = CARTESIAN_POINT('',(3.963794160026,-2.527906409688));
#1626 = CARTESIAN_POINT('',(3.904563044367,-2.620104107506));
#1627 = CARTESIAN_POINT('',(3.842882933338,-2.710712983355));
#1628 = CARTESIAN_POINT('',(3.778803676567,-2.799657196905));
#1629 = CARTESIAN_POINT('',(3.712377811207,-2.88686287725));
#1630 = CARTESIAN_POINT('',(3.643660561932,-2.972258122908));
#1631 = CARTESIAN_POINT('',(3.572709840942,-3.055773001818));
#1632 = CARTESIAN_POINT('',(3.428290735271,-3.216866947755));
#1633 = CARTESIAN_POINT('',(3.354929311774,-3.29454260044));
#1634 = CARTESIAN_POINT('',(3.27955847063,-3.370303837437));
#1635 = CARTESIAN_POINT('',(3.202236742876,-3.444090200039));
#1636 = CARTESIAN_POINT('',(3.123024697425,-3.515843442804));
#1637 = CARTESIAN_POINT('',(3.041984941066,-3.585507533547));
#1638 = CARTESIAN_POINT('',(2.959182118459,-3.653028653343));
#1639 = CARTESIAN_POINT('',(2.798851093628,-3.776980960993));
#1640 = CARTESIAN_POINT('',(2.721652851974,-3.833839448763));
#1641 = CARTESIAN_POINT('',(2.643136380684,-3.88889339929));
#1642 = CARTESIAN_POINT('',(2.563350952589,-3.942107211399));
#1643 = CARTESIAN_POINT('',(2.482346919842,-3.993446943286));
#1644 = CARTESIAN_POINT('',(2.400175713929,-4.042880312523));
#1645 = CARTESIAN_POINT('',(2.316889845657,-4.090376696051));
#1646 = CARTESIAN_POINT('',(2.165066229423,-4.172331004275));
#1647 = CARTESIAN_POINT('',(2.096910387055,-4.207496761107));
#1648 = CARTESIAN_POINT('',(2.028102792037,-4.241389592775));
#1649 = CARTESIAN_POINT('',(1.95867119769,-4.273995430738));
#1650 = CARTESIAN_POINT('',(1.888643696678,-4.30530094582));
#1651 = CARTESIAN_POINT('',(1.818048721005,-4.335293548215));
#1652 = CARTESIAN_POINT('',(1.746915042021,-4.363961387477));
#1653 = CARTESIAN_POINT('',(1.179077939721,-4.580591693284));
#1654 = CARTESIAN_POINT('',(0.657904089244,-4.706015030493));
#1655 = CARTESIAN_POINT('',(0.122163851201,-4.76331548257));
#1656 = CARTESIAN_POINT('',(-0.417748375632,-4.750944937408));
#1657 = CARTESIAN_POINT('',(-0.951534899168,-4.668905510531));
#1658 = CARTESIAN_POINT('',(-1.469056176699,-4.518992713399));
#1659 = CARTESIAN_POINT('',(-1.960347119245,-4.304546448785));
#1660 = CARTESIAN_POINT('',(-2.484018757826,-3.990741780305));
#1661 = CARTESIAN_POINT('',(-2.551354907845,-3.948603246763));
#1662 = CARTESIAN_POINT('',(-2.61787301451,-3.905166853685));
#1663 = CARTESIAN_POINT('',(-2.683543909435,-3.860451165214));
#1664 = CARTESIAN_POINT('',(-2.748338957968,-3.8144755136));
#1665 = CARTESIAN_POINT('',(-2.812230059184,-3.767259999193));
#1666 = CARTESIAN_POINT('',(-2.875189645886,-3.71882549045));
#1667 = CARTESIAN_POINT('',(-3.24074521311,-3.426198052406));
#1668 = CARTESIAN_POINT('',(-3.521417992377,-3.154424777618));
#1669 = CARTESIAN_POINT('',(-3.775876307267,-2.85649346078));
#1670 = CARTESIAN_POINT('',(-4.001318817352,-2.535398970854));
#1671 = CARTESIAN_POINT('',(-4.1953828074,-2.194422132153));
#1672 = CARTESIAN_POINT('',(-4.356112144919,-1.837101254668));
#1673 = CARTESIAN_POINT('',(-4.481996125648,-1.467248581198));
#1674 = CARTESIAN_POINT('',(-4.662816813598,-0.708080479966));
#1675 = CARTESIAN_POINT('',(-4.717305420072,-0.318404764509));
#1676 = CARTESIAN_POINT('',(-4.734513649621,7.582727403344E-02));
#1677 = CARTESIAN_POINT('',(-4.714068489627,0.470443823884));
#1678 = CARTESIAN_POINT('',(-4.656132488799,0.861319252568));
#1679 = CARTESIAN_POINT('',(-4.561359887541,1.244376873635));
#1680 = CARTESIAN_POINT('',(-4.430939778118,1.615600398156));
#1681 = CARTESIAN_POINT('',(-4.239160155965,2.030741139551));
#1682 = CARTESIAN_POINT('',(-4.210642452851,2.089967857));
#1683 = CARTESIAN_POINT('',(-4.181179327277,2.148736239808));
#1684 = CARTESIAN_POINT('',(-4.150779392878,2.207028688301));
#1685 = CARTESIAN_POINT('',(-4.119451650646,2.264827808822));
#1686 = CARTESIAN_POINT('',(-4.087205488932,2.322116413728));
#1687 = CARTESIAN_POINT('',(-4.054050683447,2.378877521392));
#1688 = CARTESIAN_POINT('',(-3.750507566363,2.879981384803));
#1689 = CARTESIAN_POINT('',(-3.424480248118,3.291223393818));
#1690 = CARTESIAN_POINT('',(-3.047176129581,3.659701050259));
#1691 = CARTESIAN_POINT('',(-2.62535876761,3.97822753164));
#1692 = CARTESIAN_POINT('',(-2.166619230557,4.240805332125));
#1693 = CARTESIAN_POINT('',(-1.679457834562,4.442814118599));
#1694 = CARTESIAN_POINT('',(-1.1731413317,4.580860283226));
#1695 = CARTESIAN_POINT('',(-0.51169774145,4.674401014486));
#1696 = CARTESIAN_POINT('',(-0.364526900188,4.689842945066));
#1697 = CARTESIAN_POINT('',(-0.216832749982,4.699988109628));
#1698 = CARTESIAN_POINT('',(-6.883787316635E-02,4.70481640006));
#1699 = CARTESIAN_POINT('',(7.923492387842E-02,4.704318973188));
#1700 = CARTESIAN_POINT('',(0.227162675582,4.69849824699));
#1701 = CARTESIAN_POINT('',(0.374722322034,4.687367896805));
#1702 = CARTESIAN_POINT('',(0.603341485615,4.661833206384));
#1703 = CARTESIAN_POINT('',(0.684810075065,4.6510823944));
#1704 = CARTESIAN_POINT('',(0.766058449607,4.638704689443));
#1705 = CARTESIAN_POINT('',(0.847048708507,4.624705414277));
#1706 = CARTESIAN_POINT('',(0.927743142875,4.609090940582));
#1707 = CARTESIAN_POINT('',(1.008104235668,4.59186868895));
#1708 = CARTESIAN_POINT('',(1.088094661688,4.573047128886));
#1709 = CARTESIAN_POINT('',(1.167677287585,4.552635778807));
#1710 = ( GEOMETRIC_REPRESENTATION_CONTEXT(2) 
PARAMETRIC_REPRESENTATION_CONTEXT() REPRESENTATION_CONTEXT('2D SPACE',''
  ) );
#1711 = ADVANCED_FACE('',(#1712),#828,.T.);
#1712 = FACE_BOUND('',#1713,.T.);
#1713 = EDGE_LOOP('',(#1714,#1715,#1747,#1827,#1920));
#1714 = ORIENTED_EDGE('',*,*,#1421,.T.);
#1715 = ORIENTED_EDGE('',*,*,#1716,.T.);
#1716 = EDGE_CURVE('',#870,#1717,#1719,.T.);
#1717 = VERTEX_POINT('',#1718);
#1718 = CARTESIAN_POINT('',(8.543874710828E-02,4.999269968755,4.5));
#1719 = SURFACE_CURVE('',#1720,(#1727,#1737),.PCURVE_S1.);
#1720 = B_SPLINE_CURVE_WITH_KNOTS('',5,(#1721,#1722,#1723,#1724,#1725,
    #1726),.UNSPECIFIED.,.F.,.F.,(6,6),(0.,1.),
  .PIECEWISE_BEZIER_KNOTS.);
#1721 = CARTESIAN_POINT('',(1.167677287585,4.552635778807,4.5));
#1722 = CARTESIAN_POINT('',(0.963807575398,4.668656781087,4.5));
#1723 = CARTESIAN_POINT('',(0.752125752995,4.771755205677,4.5));
#1724 = CARTESIAN_POINT('',(0.533905107533,4.86148954977,4.5));
#1725 = CARTESIAN_POINT('',(0.310390310756,4.937606701959,4.5));
#1726 = CARTESIAN_POINT('',(8.277854112962E-02,5.,4.5));
#1727 = PCURVE('',#828,#1728);
#1728 = DEFINITIONAL_REPRESENTATION('',(#1729),#1736);
#1729 = B_SPLINE_CURVE_WITH_KNOTS('',5,(#1730,#1731,#1732,#1733,#1734,
    #1735),.UNSPECIFIED.,.F.,.F.,(6,6),(0.,1.),
  .PIECEWISE_BEZIER_KNOTS.);
#1730 = CARTESIAN_POINT('',(1.167677287585,4.552635778807));
#1731 = CARTESIAN_POINT('',(0.963807575398,4.668656781087));
#1732 = CARTESIAN_POINT('',(0.752125752995,4.771755205677));
#1733 = CARTESIAN_POINT('',(0.533905107533,4.86148954977));
#1734 = CARTESIAN_POINT('',(0.310390310756,4.937606701959));
#1735 = CARTESIAN_POINT('',(8.277854112963E-02,5.));
#1736 = ( GEOMETRIC_REPRESENTATION_CONTEXT(2) 
PARAMETRIC_REPRESENTATION_CONTEXT() REPRESENTATION_CONTEXT('2D SPACE',''
  ) );
#1737 = PCURVE('',#947,#1738);
#1738 = DEFINITIONAL_REPRESENTATION('',(#1739),#1746);
#1739 = B_SPLINE_CURVE_WITH_KNOTS('',5,(#1740,#1741,#1742,#1743,#1744,
    #1745),.UNSPECIFIED.,.F.,.F.,(6,6),(0.,1.),
  .PIECEWISE_BEZIER_KNOTS.);
#1740 = CARTESIAN_POINT('',(2.19982200049,28.490175639762));
#1741 = CARTESIAN_POINT('',(2.13515312029,28.542033424717));
#1742 = CARTESIAN_POINT('',(2.071362540715,28.593186861827));
#1743 = CARTESIAN_POINT('',(2.008406013599,28.643671518755));
#1744 = CARTESIAN_POINT('',(1.946243602952,28.693519406527));
#1745 = CARTESIAN_POINT('',(1.884841099596,28.742757950684));
#1746 = ( GEOMETRIC_REPRESENTATION_CONTEXT(2) 
PARAMETRIC_REPRESENTATION_CONTEXT() REPRESENTATION_CONTEXT('2D SPACE',''
  ) );
#1747 = ORIENTED_EDGE('',*,*,#1748,.T.);
#1748 = EDGE_CURVE('',#1717,#1749,#1751,.T.);
#1749 = VERTEX_POINT('',#1750);
#1750 = CARTESIAN_POINT('',(-6.685208703905,1.244191886275,4.5));
#1751 = SURFACE_CURVE('',#1752,(#1775,#1801),.PCURVE_S1.);
#1752 = B_SPLINE_CURVE_WITH_KNOTS('',6,(#1753,#1754,#1755,#1756,#1757,
    #1758,#1759,#1760,#1761,#1762,#1763,#1764,#1765,#1766,#1767,#1768,
    #1769,#1770,#1771,#1772,#1773,#1774),.UNSPECIFIED.,.F.,.F.,(7,5,5,5,
    7),(0.,0.171803341576,0.383974034595,0.652482421776,1.),
  .UNSPECIFIED.);
#1753 = CARTESIAN_POINT('',(1.167677287585,4.552635778807,4.5));
#1754 = CARTESIAN_POINT('',(0.931649707781,4.686957626231,4.5));
#1755 = CARTESIAN_POINT('',(0.685570245604,4.80465092359,4.5));
#1756 = CARTESIAN_POINT('',(0.43114745796,4.905124639347,4.5));
#1757 = CARTESIAN_POINT('',(0.170051169749,4.988020264619,4.5));
#1758 = CARTESIAN_POINT('',(-9.610163121567E-02,5.053177693568,4.5));
#1759 = CARTESIAN_POINT('',(-0.69877999691,5.159167239484,4.5));
#1760 = CARTESIAN_POINT('',(-1.037156504943,5.190688851469,4.5));
#1761 = CARTESIAN_POINT('',(-1.377978679413,5.195176243507,4.5));
#1762 = CARTESIAN_POINT('',(-1.718538289291,5.173034799308,4.5));
#1763 = CARTESIAN_POINT('',(-2.056334200194,5.124953127784,4.5));
#1764 = CARTESIAN_POINT('',(-2.810161265087,4.959381082529,4.5));
#1765 = CARTESIAN_POINT('',(-3.223175905808,4.826844495587,4.5));
#1766 = CARTESIAN_POINT('',(-3.623486220607,4.656149515889,4.5));
#1767 = CARTESIAN_POINT('',(-4.007129255095,4.449768200671,4.5));
#1768 = CARTESIAN_POINT('',(-4.370713388312,4.210515597645,4.5));
#1769 = CARTESIAN_POINT('',(-5.152337287081,3.593353984469,4.5));
#1770 = CARTESIAN_POINT('',(-5.554979135716,3.195312440664,4.5));
#1771 = CARTESIAN_POINT('',(-5.913202730759,2.754095422836,4.5));
#1772 = CARTESIAN_POINT('',(-6.222723391282,2.276936685896,4.5));
#1773 = CARTESIAN_POINT('',(-6.480595295799,1.77116360092,4.5));
#1774 = CARTESIAN_POINT('',(-6.685208703905,1.244191886275,4.5));
#1775 = PCURVE('',#828,#1776);
#1776 = DEFINITIONAL_REPRESENTATION('',(#1777),#1800);
#1777 = B_SPLINE_CURVE_WITH_KNOTS('',6,(#1778,#1779,#1780,#1781,#1782,
    #1783,#1784,#1785,#1786,#1787,#1788,#1789,#1790,#1791,#1792,#1793,
    #1794,#1795,#1796,#1797,#1798,#1799),.UNSPECIFIED.,.F.,.F.,(7,5,5,5,
    7),(0.,0.171803341576,0.383974034595,0.652482421776,1.),
  .UNSPECIFIED.);
#1778 = CARTESIAN_POINT('',(1.167677287585,4.552635778807));
#1779 = CARTESIAN_POINT('',(0.931649707781,4.686957626231));
#1780 = CARTESIAN_POINT('',(0.685570245604,4.80465092359));
#1781 = CARTESIAN_POINT('',(0.43114745796,4.905124639347));
#1782 = CARTESIAN_POINT('',(0.170051169749,4.988020264619));
#1783 = CARTESIAN_POINT('',(-9.610163121567E-02,5.053177693568));
#1784 = CARTESIAN_POINT('',(-0.69877999691,5.159167239484));
#1785 = CARTESIAN_POINT('',(-1.037156504943,5.190688851469));
#1786 = CARTESIAN_POINT('',(-1.377978679413,5.195176243507));
#1787 = CARTESIAN_POINT('',(-1.718538289291,5.173034799308));
#1788 = CARTESIAN_POINT('',(-2.056334200194,5.124953127784));
#1789 = CARTESIAN_POINT('',(-2.810161265087,4.959381082529));
#1790 = CARTESIAN_POINT('',(-3.223175905808,4.826844495587));
#1791 = CARTESIAN_POINT('',(-3.623486220607,4.656149515889));
#1792 = CARTESIAN_POINT('',(-4.007129255095,4.449768200671));
#1793 = CARTESIAN_POINT('',(-4.370713388312,4.210515597645));
#1794 = CARTESIAN_POINT('',(-5.152337287081,3.593353984469));
#1795 = CARTESIAN_POINT('',(-5.554979135716,3.195312440664));
#1796 = CARTESIAN_POINT('',(-5.913202730759,2.754095422836));
#1797 = CARTESIAN_POINT('',(-6.222723391282,2.276936685896));
#1798 = CARTESIAN_POINT('',(-6.480595295799,1.77116360092));
#1799 = CARTESIAN_POINT('',(-6.685208703905,1.244191886275));
#1800 = ( GEOMETRIC_REPRESENTATION_CONTEXT(2) 
PARAMETRIC_REPRESENTATION_CONTEXT() REPRESENTATION_CONTEXT('2D SPACE',''
  ) );
#1801 = PCURVE('',#947,#1802);
#1802 = DEFINITIONAL_REPRESENTATION('',(#1803),#1826);
#1803 = B_SPLINE_CURVE_WITH_KNOTS('',6,(#1804,#1805,#1806,#1807,#1808,
    #1809,#1810,#1811,#1812,#1813,#1814,#1815,#1816,#1817,#1818,#1819,
    #1820,#1821,#1822,#1823,#1824,#1825),.UNSPECIFIED.,.F.,.F.,(7,5,5,5,
    7),(0.,0.171803341576,0.383974034595,0.652482421776,1.),
  .UNSPECIFIED.);
#1804 = CARTESIAN_POINT('',(2.19982200049,28.490175639762));
#1805 = CARTESIAN_POINT('',(2.124952422668,28.550213334159));
#1806 = CARTESIAN_POINT('',(2.051213156978,28.609344583434));
#1807 = CARTESIAN_POINT('',(1.978544972837,28.667616991125));
#1808 = CARTESIAN_POINT('',(1.906893689189,28.725074006175));
#1809 = CARTESIAN_POINT('',(1.836211294561,28.781754092413));
#1810 = CARTESIAN_POINT('',(1.680313208458,28.90676852327));
#1811 = CARTESIAN_POINT('',(1.595582359546,28.974714078238));
#1812 = CARTESIAN_POINT('',(1.512185251494,29.04159009611));
#1813 = CARTESIAN_POINT('',(1.430046229069,29.107457225119));
#1814 = CARTESIAN_POINT('',(1.349101045899,29.172366991644));
#1815 = CARTESIAN_POINT('',(1.168303249399,29.317348314243));
#1816 = CARTESIAN_POINT('',(1.069131056326,29.396874232997));
#1817 = CARTESIAN_POINT('',(0.97166924457,29.475028594153));
#1818 = CARTESIAN_POINT('',(0.875807053469,29.551900249323));
#1819 = CARTESIAN_POINT('',(0.781454419504,29.627561429142));
#1820 = CARTESIAN_POINT('',(0.568295140579,29.798493484926));
#1821 = CARTESIAN_POINT('',(0.450446394938,29.892996245544));
#1822 = CARTESIAN_POINT('',(0.334841150966,29.985699997471));
#1823 = CARTESIAN_POINT('',(0.221309741485,30.076740751285));
#1824 = CARTESIAN_POINT('',(0.109722766029,30.166222233655));
#1825 = CARTESIAN_POINT('',(0.,30.254208761859));
#1826 = ( GEOMETRIC_REPRESENTATION_CONTEXT(2) 
PARAMETRIC_REPRESENTATION_CONTEXT() REPRESENTATION_CONTEXT('2D SPACE',''
  ) );
#1827 = ORIENTED_EDGE('',*,*,#1828,.T.);
#1828 = EDGE_CURVE('',#1749,#549,#1829,.T.);
#1829 = SURFACE_CURVE('',#1830,(#1858,#1889),.PCURVE_S1.);
#1830 = B_SPLINE_CURVE_WITH_KNOTS('',6,(#1831,#1832,#1833,#1834,#1835,
    #1836,#1837,#1838,#1839,#1840,#1841,#1842,#1843,#1844,#1845,#1846,
    #1847,#1848,#1849,#1850,#1851,#1852,#1853,#1854,#1855,#1856,#1857),
  .UNSPECIFIED.,.F.,.F.,(7,5,5,5,5,7),(0.,3.700155114061E-02,
    6.40026810337E-02,0.505981694235,0.753990045535,1.),.UNSPECIFIED.);
#1831 = CARTESIAN_POINT('',(-6.685208703905,1.244191886275,4.5));
#1832 = CARTESIAN_POINT('',(-6.695840125736,1.187065387644,4.5));
#1833 = CARTESIAN_POINT('',(-6.705885752462,1.129829869669,4.5));
#1834 = CARTESIAN_POINT('',(-6.71534418752,1.072492843387,4.5));
#1835 = CARTESIAN_POINT('',(-6.724214163286,1.015061840362,4.5));
#1836 = CARTESIAN_POINT('',(-6.732494541068,0.957544412687,4.5));
#1837 = CARTESIAN_POINT('',(-6.745795764514,0.857918418501,4.5));
#1838 = CARTESIAN_POINT('',(-6.751092716205,0.81584671416,4.5));
#1839 = CARTESIAN_POINT('',(-6.756074773878,0.773735962173,4.5));
#1840 = CARTESIAN_POINT('',(-6.760741581996,0.731589108951,4.5));
#1841 = CARTESIAN_POINT('',(-6.7650928218,0.689409105094,4.5));
#1842 = CARTESIAN_POINT('',(-6.835183131189,-4.373597334208E-02,4.5));
#1843 = CARTESIAN_POINT('',(-6.816629790391,-0.742990220901,4.5));
#1844 = CARTESIAN_POINT('',(-6.71208457529,-1.437096340713,4.5));
#1845 = CARTESIAN_POINT('',(-6.523268208445,-2.113159493489,4.5));
#1846 = CARTESIAN_POINT('',(-6.253890672844,-2.758710772788,4.5));
#1847 = CARTESIAN_POINT('',(-5.718169299121,-3.70057122203,4.5));
#1848 = CARTESIAN_POINT('',(-5.502335687883,-4.025889316444,4.5));
#1849 = CARTESIAN_POINT('',(-5.264375647945,-4.335958323912,4.5));
#1850 = CARTESIAN_POINT('',(-5.005654867031,-4.628928203655,4.5));
#1851 = CARTESIAN_POINT('',(-4.727726918954,-4.903103558416,4.5));
#1852 = CARTESIAN_POINT('',(-4.139373005026,-5.408788836269,4.5));
#1853 = CARTESIAN_POINT('',(-3.829207690546,-5.640641297023,4.5));
#1854 = CARTESIAN_POINT('',(-3.503585300063,-5.851042802367,4.5));
#1855 = CARTESIAN_POINT('',(-3.164368354516,-6.038740961842,4.5));
#1856 = CARTESIAN_POINT('',(-2.813540518351,-6.202685833162,4.5));
#1857 = CARTESIAN_POINT('',(-2.4532222794,-6.342060932126,4.5));
#1858 = PCURVE('',#828,#1859);
#1859 = DEFINITIONAL_REPRESENTATION('',(#1860),#1888);
#1860 = B_SPLINE_CURVE_WITH_KNOTS('',6,(#1861,#1862,#1863,#1864,#1865,
    #1866,#1867,#1868,#1869,#1870,#1871,#1872,#1873,#1874,#1875,#1876,
    #1877,#1878,#1879,#1880,#1881,#1882,#1883,#1884,#1885,#1886,#1887),
  .UNSPECIFIED.,.F.,.F.,(7,5,5,5,5,7),(0.,3.700155114061E-02,
    6.40026810337E-02,0.505981694235,0.753990045535,1.),.UNSPECIFIED.);
#1861 = CARTESIAN_POINT('',(-6.685208703905,1.244191886275));
#1862 = CARTESIAN_POINT('',(-6.695840125736,1.187065387644));
#1863 = CARTESIAN_POINT('',(-6.705885752462,1.129829869669));
#1864 = CARTESIAN_POINT('',(-6.71534418752,1.072492843387));
#1865 = CARTESIAN_POINT('',(-6.724214163286,1.015061840362));
#1866 = CARTESIAN_POINT('',(-6.732494541068,0.957544412687));
#1867 = CARTESIAN_POINT('',(-6.745795764514,0.857918418501));
#1868 = CARTESIAN_POINT('',(-6.751092716205,0.81584671416));
#1869 = CARTESIAN_POINT('',(-6.756074773878,0.773735962173));
#1870 = CARTESIAN_POINT('',(-6.760741581996,0.731589108951));
#1871 = CARTESIAN_POINT('',(-6.7650928218,0.689409105094));
#1872 = CARTESIAN_POINT('',(-6.835183131189,-4.373597334208E-02));
#1873 = CARTESIAN_POINT('',(-6.816629790391,-0.742990220901));
#1874 = CARTESIAN_POINT('',(-6.71208457529,-1.437096340713));
#1875 = CARTESIAN_POINT('',(-6.523268208445,-2.113159493489));
#1876 = CARTESIAN_POINT('',(-6.253890672844,-2.758710772788));
#1877 = CARTESIAN_POINT('',(-5.718169299121,-3.70057122203));
#1878 = CARTESIAN_POINT('',(-5.502335687883,-4.025889316444));
#1879 = CARTESIAN_POINT('',(-5.264375647945,-4.335958323912));
#1880 = CARTESIAN_POINT('',(-5.005654867031,-4.628928203655));
#1881 = CARTESIAN_POINT('',(-4.727726918954,-4.903103558416));
#1882 = CARTESIAN_POINT('',(-4.139373005026,-5.408788836269));
#1883 = CARTESIAN_POINT('',(-3.829207690546,-5.640641297023));
#1884 = CARTESIAN_POINT('',(-3.503585300063,-5.851042802367));
#1885 = CARTESIAN_POINT('',(-3.164368354516,-6.038740961842));
#1886 = CARTESIAN_POINT('',(-2.813540518351,-6.202685833162));
#1887 = CARTESIAN_POINT('',(-2.4532222794,-6.342060932126));
#1888 = ( GEOMETRIC_REPRESENTATION_CONTEXT(2) 
PARAMETRIC_REPRESENTATION_CONTEXT() REPRESENTATION_CONTEXT('2D SPACE',''
  ) );
#1889 = PCURVE('',#627,#1890);
#1890 = DEFINITIONAL_REPRESENTATION('',(#1891),#1919);
#1891 = B_SPLINE_CURVE_WITH_KNOTS('',6,(#1892,#1893,#1894,#1895,#1896,
    #1897,#1898,#1899,#1900,#1901,#1902,#1903,#1904,#1905,#1906,#1907,
    #1908,#1909,#1910,#1911,#1912,#1913,#1914,#1915,#1916,#1917,#1918),
  .UNSPECIFIED.,.F.,.F.,(7,5,5,5,5,7),(0.,3.700155114061E-02,
    6.40026810337E-02,0.505981694235,0.753990045535,1.),.UNSPECIFIED.);
#1892 = CARTESIAN_POINT('',(0.55428468661,30.254208761859));
#1893 = CARTESIAN_POINT('',(0.550866598019,30.263412250432));
#1894 = CARTESIAN_POINT('',(0.547448509247,30.272615738922));
#1895 = CARTESIAN_POINT('',(0.544030420335,30.281819227216));
#1896 = CARTESIAN_POINT('',(0.540612331322,30.291022715209));
#1897 = CARTESIAN_POINT('',(0.537194242241,30.300226202802));
#1898 = CARTESIAN_POINT('',(0.531281872072,30.316145747561));
#1899 = CARTESIAN_POINT('',(0.528787590984,30.322861804993));
#1900 = CARTESIAN_POINT('',(0.526293309875,30.329577862173));
#1901 = CARTESIAN_POINT('',(0.523799028758,30.336293919074));
#1902 = CARTESIAN_POINT('',(0.521304747642,30.343009975669));
#1903 = CARTESIAN_POINT('',(0.477981808398,30.459660539632));
#1904 = CARTESIAN_POINT('',(0.437139944429,30.569630525223));
#1905 = CARTESIAN_POINT('',(0.396313547698,30.679558794747));
#1906 = CARTESIAN_POINT('',(0.355487151924,30.789487058785));
#1907 = CARTESIAN_POINT('',(0.314645291148,30.899457028906));
#1908 = CARTESIAN_POINT('',(0.250906389559,31.071079231981));
#1909 = CARTESIAN_POINT('',(0.227995379053,31.132769025584));
#1910 = CARTESIAN_POINT('',(0.205085262577,31.1944564395));
#1911 = CARTESIAN_POINT('',(0.18217516218,31.256143835763));
#1912 = CARTESIAN_POINT('',(0.15926419858,31.317833573761));
#1913 = CARTESIAN_POINT('',(0.113628472822,31.440711699332));
#1914 = CARTESIAN_POINT('',(9.090221477286E-02,31.501904114608));
#1915 = CARTESIAN_POINT('',(6.817685520785E-02,31.563094106351));
#1916 = CARTESIAN_POINT('',(4.545153823594E-02,31.624283965558));
#1917 = CARTESIAN_POINT('',(2.272539768922E-02,31.685476011885));
#1918 = CARTESIAN_POINT('',(0.,31.746666022134));
#1919 = ( GEOMETRIC_REPRESENTATION_CONTEXT(2) 
PARAMETRIC_REPRESENTATION_CONTEXT() REPRESENTATION_CONTEXT('2D SPACE',''
  ) );
#1920 = ORIENTED_EDGE('',*,*,#766,.T.);
#1921 = ADVANCED_FACE('',(#1922),#627,.F.);
#1922 = FACE_BOUND('',#1923,.F.);
#1923 = EDGE_LOOP('',(#1924,#1925,#2020,#2103));
#1924 = ORIENTED_EDGE('',*,*,#548,.F.);
#1925 = ORIENTED_EDGE('',*,*,#1926,.F.);
#1926 = EDGE_CURVE('',#1927,#464,#1929,.T.);
#1927 = VERTEX_POINT('',#1928);
#1928 = CARTESIAN_POINT('',(5.232082507531,-4.343425557067,-4.5));
#1929 = SURFACE_CURVE('',#1930,(#1958,#1989),.PCURVE_S1.);
#1930 = B_SPLINE_CURVE_WITH_KNOTS('',6,(#1931,#1932,#1933,#1934,#1935,
    #1936,#1937,#1938,#1939,#1940,#1941,#1942,#1943,#1944,#1945,#1946,
    #1947,#1948,#1949,#1950,#1951,#1952,#1953,#1954,#1955,#1956,#1957),
  .UNSPECIFIED.,.F.,.F.,(7,5,5,5,5,7),(0.,2.500085905972E-02,
    5.300180947868E-02,0.421995776373,0.710997888693,1.),.UNSPECIFIED.);
#1931 = CARTESIAN_POINT('',(5.232082507531,-4.343425557067,-4.5));
#1932 = CARTESIAN_POINT('',(5.257160941292,-4.313216484243,-4.5));
#1933 = CARTESIAN_POINT('',(5.282030068829,-4.282833653234,-4.5));
#1934 = CARTESIAN_POINT('',(5.306688384782,-4.252278876792,-4.5));
#1935 = CARTESIAN_POINT('',(5.331134405013,-4.221553984691,-4.5));
#1936 = CARTESIAN_POINT('',(5.355366666603,-4.190660823726,-4.5));
#1937 = CARTESIAN_POINT('',(5.406282825196,-4.124814558347,-4.5));
#1938 = CARTESIAN_POINT('',(5.432911975719,-4.089819120331,-4.5));
#1939 = CARTESIAN_POINT('',(5.459269153889,-4.054617562279,-4.5));
#1940 = CARTESIAN_POINT('',(5.485352368528,-4.01921252835,-4.5));
#1941 = CARTESIAN_POINT('',(5.51115966282,-3.983606688249,-4.5));
#1942 = CARTESIAN_POINT('',(5.873113894043,-3.475981541095,-4.5));
#1943 = CARTESIAN_POINT('',(6.161343869013,-2.96968000001,-4.5));
#1944 = CARTESIAN_POINT('',(6.396829716708,-2.435217122198,-4.5));
#1945 = CARTESIAN_POINT('',(6.576380020518,-1.879460163895,-4.5));
#1946 = CARTESIAN_POINT('',(6.697811397831,-1.309660143915,-4.5));
#1947 = CARTESIAN_POINT('',(6.809276478664,-0.282351899,-4.5));
#1948 = CARTESIAN_POINT('',(6.82209769914,0.172806692653,-4.5));
#1949 = CARTESIAN_POINT('',(6.798376243046,0.628235521474,-4.5));
#1950 = CARTESIAN_POINT('',(6.738230243086,1.080298075584,-4.5));
#1951 = CARTESIAN_POINT('',(6.642211168282,1.525398040025,-4.5));
#1952 = CARTESIAN_POINT('',(6.380575722797,2.394590248211,-4.5));
#1953 = CARTESIAN_POINT('',(6.214943276435,2.818735898666,-4.5));
#1954 = CARTESIAN_POINT('',(6.015554997891,3.228885149122,-4.5));
#1955 = CARTESIAN_POINT('',(5.783936228197,3.621734828272,-4.5));
#1956 = CARTESIAN_POINT('',(5.521995833407,3.994187451128,-4.5));
#1957 = CARTESIAN_POINT('',(5.232103539857,4.343400153239,-4.5));
#1958 = PCURVE('',#627,#1959);
#1959 = DEFINITIONAL_REPRESENTATION('',(#1960),#1988);
#1960 = B_SPLINE_CURVE_WITH_KNOTS('',6,(#1961,#1962,#1963,#1964,#1965,
    #1966,#1967,#1968,#1969,#1970,#1971,#1972,#1973,#1974,#1975,#1976,
    #1977,#1978,#1979,#1980,#1981,#1982,#1983,#1984,#1985,#1986,#1987),
  .UNSPECIFIED.,.F.,.F.,(7,5,5,5,5,7),(0.,2.500085905972E-02,
    5.300180947868E-02,0.421995776373,0.710997888693,1.),.UNSPECIFIED.);
#1961 = CARTESIAN_POINT('',(0.55428468661,6.020966490635));
#1962 = CARTESIAN_POINT('',(0.551975167404,6.027185061848));
#1963 = CARTESIAN_POINT('',(0.549665648103,6.033403633688));
#1964 = CARTESIAN_POINT('',(0.547356128684,6.039622206211));
#1965 = CARTESIAN_POINT('',(0.545046609126,6.045840779465));
#1966 = CARTESIAN_POINT('',(0.542737089409,6.052059353498));
#1967 = CARTESIAN_POINT('',(0.537840908316,6.065242729274));
#1968 = CARTESIAN_POINT('',(0.535254246887,6.072207531247));
#1969 = CARTESIAN_POINT('',(0.5326675852,6.079172334333));
#1970 = CARTESIAN_POINT('',(0.530080923232,6.086137138585));
#1971 = CARTESIAN_POINT('',(0.527494260959,6.093101944052));
#1972 = CARTESIAN_POINT('',(0.490820794924,6.191848337572));
#1973 = CARTESIAN_POINT('',(0.456728471938,6.283644852391));
#1974 = CARTESIAN_POINT('',(0.422642414192,6.375424532979));
#1975 = CARTESIAN_POINT('',(0.388556258084,6.467204458059));
#1976 = CARTESIAN_POINT('',(0.35446368048,6.559001622147));
#1977 = CARTESIAN_POINT('',(0.293678949772,6.722669577334));
#1978 = CARTESIAN_POINT('',(0.266979719117,6.79455944717));
#1979 = CARTESIAN_POINT('',(0.24028238941,6.866444161233));
#1980 = CARTESIAN_POINT('',(0.21358506776,6.938328823448));
#1981 = CARTESIAN_POINT('',(0.186885858628,7.010218553008));
#1982 = CARTESIAN_POINT('',(0.133490689676,7.153989263256));
#1983 = CARTESIAN_POINT('',(0.106791480544,7.225878992991));
#1984 = CARTESIAN_POINT('',(8.009415886152E-02,7.297763655648));
#1985 = CARTESIAN_POINT('',(5.339682917037E-02,7.369648370159));
#1986 = CARTESIAN_POINT('',(2.669759868244E-02,7.441538240094));
#1987 = CARTESIAN_POINT('',(0.,7.513423750908));
#1988 = ( GEOMETRIC_REPRESENTATION_CONTEXT(2) 
PARAMETRIC_REPRESENTATION_CONTEXT() REPRESENTATION_CONTEXT('2D SPACE',''
  ) );
#1989 = PCURVE('',#517,#1990);
#1990 = DEFINITIONAL_REPRESENTATION('',(#1991),#2019);
#1991 = B_SPLINE_CURVE_WITH_KNOTS('',6,(#1992,#1993,#1994,#1995,#1996,
    #1997,#1998,#1999,#2000,#2001,#2002,#2003,#2004,#2005,#2006,#2007,
    #2008,#2009,#2010,#2011,#2012,#2013,#2014,#2015,#2016,#2017,#2018),
  .UNSPECIFIED.,.F.,.F.,(7,5,5,5,5,7),(0.,2.500085905972E-02,
    5.300180947868E-02,0.421995776373,0.710997888693,1.),.UNSPECIFIED.);
#1992 = CARTESIAN_POINT('',(5.232082507531,-4.343425557067));
#1993 = CARTESIAN_POINT('',(5.257160941292,-4.313216484243));
#1994 = CARTESIAN_POINT('',(5.282030068829,-4.282833653234));
#1995 = CARTESIAN_POINT('',(5.306688384782,-4.252278876792));
#1996 = CARTESIAN_POINT('',(5.331134405013,-4.221553984691));
#1997 = CARTESIAN_POINT('',(5.355366666603,-4.190660823726));
#1998 = CARTESIAN_POINT('',(5.406282825196,-4.124814558347));
#1999 = CARTESIAN_POINT('',(5.432911975719,-4.089819120331));
#2000 = CARTESIAN_POINT('',(5.459269153889,-4.054617562279));
#2001 = CARTESIAN_POINT('',(5.485352368528,-4.01921252835));
#2002 = CARTESIAN_POINT('',(5.51115966282,-3.983606688249));
#2003 = CARTESIAN_POINT('',(5.873113894043,-3.475981541095));
#2004 = CARTESIAN_POINT('',(6.161343869013,-2.96968000001));
#2005 = CARTESIAN_POINT('',(6.396829716708,-2.435217122198));
#2006 = CARTESIAN_POINT('',(6.576380020518,-1.879460163895));
#2007 = CARTESIAN_POINT('',(6.697811397831,-1.309660143915));
#2008 = CARTESIAN_POINT('',(6.809276478664,-0.282351899));
#2009 = CARTESIAN_POINT('',(6.82209769914,0.172806692653));
#2010 = CARTESIAN_POINT('',(6.798376243046,0.628235521474));
#2011 = CARTESIAN_POINT('',(6.738230243086,1.080298075584));
#2012 = CARTESIAN_POINT('',(6.642211168282,1.525398040025));
#2013 = CARTESIAN_POINT('',(6.380575722797,2.394590248211));
#2014 = CARTESIAN_POINT('',(6.214943276435,2.818735898666));
#2015 = CARTESIAN_POINT('',(6.015554997891,3.228885149122));
#2016 = CARTESIAN_POINT('',(5.783936228197,3.621734828272));
#2017 = CARTESIAN_POINT('',(5.521995833407,3.994187451128));
#2018 = CARTESIAN_POINT('',(5.232103539857,4.343400153239));
#2019 = ( GEOMETRIC_REPRESENTATION_CONTEXT(2) 
PARAMETRIC_REPRESENTATION_CONTEXT() REPRESENTATION_CONTEXT('2D SPACE',''
  ) );
#2020 = ORIENTED_EDGE('',*,*,#2021,.T.);
#2021 = EDGE_CURVE('',#1927,#1749,#2022,.T.);
#2022 = SURFACE_CURVE('',#2023,(#2090,#2097),.PCURVE_S1.);
#2023 = B_SPLINE_CURVE_WITH_KNOTS('',9,(#2024,#2025,#2026,#2027,#2028,
    #2029,#2030,#2031,#2032,#2033,#2034,#2035,#2036,#2037,#2038,#2039,
    #2040,#2041,#2042,#2043,#2044,#2045,#2046,#2047,#2048,#2049,#2050,
    #2051,#2052,#2053,#2054,#2055,#2056,#2057,#2058,#2059,#2060,#2061,
    #2062,#2063,#2064,#2065,#2066,#2067,#2068,#2069,#2070,#2071,#2072,
    #2073,#2074,#2075,#2076,#2077,#2078,#2079,#2080,#2081,#2082,#2083,
    #2084,#2085,#2086,#2087,#2088,#2089),.UNSPECIFIED.,.F.,.F.,(10,8,8,8
    ,8,8,8,8,10),(0.,4.72095462366,9.441909247319,14.162863870979,
    18.883818494638,23.604773118298,28.325727741957,33.046682365617,
    37.767636989277),.UNSPECIFIED.);
#2024 = CARTESIAN_POINT('',(6.8,2.6645352591E-15,-6.736131779567));
#2025 = CARTESIAN_POINT('',(6.799998814324,3.311820377523,
    -6.541310986502));
#2026 = CARTESIAN_POINT('',(4.985116724873,6.624237404071,
    -6.346528918981));
#2027 = CARTESIAN_POINT('',(1.357726837148,8.795901922393,
    -6.151638899173));
#2028 = CARTESIAN_POINT('',(-3.261031970802,8.712246931356,
    -5.956953918114));
#2029 = CARTESIAN_POINT('',(-7.190801673868,5.901706194613,
    -5.761990076182));
#2030 = CARTESIAN_POINT('',(-8.762675041886,1.557823566776,
    -5.567302889575));
#2031 = CARTESIAN_POINT('',(-7.879865160175,-2.57673850862,
    -5.372416274342));
#2032 = CARTESIAN_POINT('',(-5.331749869577,-5.364756115764,
    -5.17763092333));
#2033 = CARTESIAN_POINT('',(0.936440533459,-7.505412813812,
    -4.787993944497));
#2034 = CARTESIAN_POINT('',(4.657641607058,-6.858445786879,
    -4.593208265933));
#2035 = CARTESIAN_POINT('',(7.885082189157,-4.12756542976,
    -4.398322779602));
#2036 = CARTESIAN_POINT('',(9.298627634517,0.270369048765,
    -4.203633195619));
#2037 = CARTESIAN_POINT('',(7.908952609503,4.897573996567,
    -4.008673121172));
#2038 = CARTESIAN_POINT('',(4.306185273048,7.78897033676,-3.813983493864
    ));
#2039 = CARTESIAN_POINT('',(0.108190000726,8.289761768236,
    -3.619098074411));
#2040 = CARTESIAN_POINT('',(-3.353722749031,6.779432774444,
    -3.424312331347));
#2041 = CARTESIAN_POINT('',(-7.405285211875,1.539445770831,
    -3.034675443021));
#2042 = CARTESIAN_POINT('',(-7.995671576926,-2.191150375386,
    -2.83988969354));
#2043 = CARTESIAN_POINT('',(-6.454400047257,-6.127971738759,
    -2.645004296218));
#2044 = CARTESIAN_POINT('',(-2.749312431986,-8.887004912821,
    -2.450314621885));
#2045 = CARTESIAN_POINT('',(2.07869950582,-9.067346409232,
    -2.255354621371));
#2046 = CARTESIAN_POINT('',(5.979290460012,-6.592372566857,
    -2.06066494618));
#2047 = CARTESIAN_POINT('',(7.809934439801,-2.781506661082,
    -1.865779550179));
#2048 = CARTESIAN_POINT('',(7.49949234652,0.982740843295,-1.670993799428
    ));
#2049 = CARTESIAN_POINT('',(3.850106362348,6.510362766224,
    -1.281356912877));
#2050 = CARTESIAN_POINT('',(0.510512753478,8.274737498238,
    -1.086571162004));
#2051 = CARTESIAN_POINT('',(-3.713158002719,8.088496476156,
    -0.891685766428));
#2052 = CARTESIAN_POINT('',(-7.521557261342,5.473915557959,
    -0.696996090324));
#2053 = CARTESIAN_POINT('',(-9.252559564759,0.963277758821,
    -0.502036091257));
#2054 = CARTESIAN_POINT('',(-8.171013349202,-3.527864979307,
    -0.307346415131));
#2055 = CARTESIAN_POINT('',(-5.15628962509,-6.49188205085,
    -0.112461019587));
#2056 = CARTESIAN_POINT('',(-1.493716724279,-7.414646004236,
    8.232473131303E-02));
#2057 = CARTESIAN_POINT('',(4.916695758552,-5.747542532864,0.47196161783
    ));
#2058 = CARTESIAN_POINT('',(7.66569195197,-3.157383542381,0.666747368729
    ));
#2059 = CARTESIAN_POINT('',(8.854470324132,0.899818246646,0.861632764273
    ));
#2060 = CARTESIAN_POINT('',(7.611013982893,5.348835510982,1.056322440405
    ));
#2061 = CARTESIAN_POINT('',(3.901868296912,8.444713514003,1.251282439459
    ));
#2062 = CARTESIAN_POINT('',(-0.697800618051,8.872675175081,1.44597211558
    ));
#2063 = CARTESIAN_POINT('',(-4.47706859896,6.977658061283,1.640857511143
    ));
#2064 = CARTESIAN_POINT('',(-6.53400014025,3.809856583618,1.83564326202)
  );
#2065 = CARTESIAN_POINT('',(-7.028106151938,-2.795329366334,
    2.225280148572));
#2066 = CARTESIAN_POINT('',(-5.465378502104,-6.233902611148,
    2.420065899318));
#2067 = CARTESIAN_POINT('',(-2.010097250149,-8.670111108974,
    2.614951295329));
#2068 = CARTESIAN_POINT('',(2.602033657628,-8.931237093322,2.80964097051
    ));
#2069 = CARTESIAN_POINT('',(6.730512801008,-6.421678906257,
    3.004600971028));
#2070 = CARTESIAN_POINT('',(8.622050046573,-2.207157325276,
    3.199290645363));
#2071 = CARTESIAN_POINT('',(8.050128041083,1.981740089868,3.394176042683
    ));
#2072 = CARTESIAN_POINT('',(5.717091952351,4.952072760724,3.588961792163
    ));
#2073 = CARTESIAN_POINT('',(-0.373945714731,7.554356819353,
    3.978598680495));
#2074 = CARTESIAN_POINT('',(-4.133040639027,7.186785025613,4.17338442353
    ));
#2075 = CARTESIAN_POINT('',(-7.555205744952,4.70427292449,4.368269843054
    ));
#2076 = CARTESIAN_POINT('',(-9.292887915408,0.42403939852,4.562959470252
    ));
#2077 = CARTESIAN_POINT('',(-8.252263215857,-4.293939245161,
    4.757919544825));
#2078 = CARTESIAN_POINT('',(-4.875225373554,-7.446037077587,
    4.952609128698));
#2079 = CARTESIAN_POINT('',(-0.726284721694,-8.258593443373,
    5.147494615103));
#2080 = CARTESIAN_POINT('',(2.838649049378,-7.010722975292,
    5.342280293632));
#2081 = CARTESIAN_POINT('',(7.269813080488,-2.087572793859,
    5.731917272482));
#2082 = CARTESIAN_POINT('',(8.136847874373,1.588587414256,5.926702623458
    ));
#2083 = CARTESIAN_POINT('',(6.893548217567,5.629414977635,6.12158923877)
  );
#2084 = CARTESIAN_POINT('',(3.404600996659,8.657150945992,6.316276425254
    ));
#2085 = CARTESIAN_POINT('',(-1.396505361494,9.19714848752,6.511240267334
    ));
#2086 = CARTESIAN_POINT('',(-5.470855650421,7.020044633579,
    6.705925248249));
#2087 = CARTESIAN_POINT('',(-7.580679906601,3.35635910667,6.900815268171
    ));
#2088 = CARTESIAN_POINT('',(-7.551906876298,-0.420558871057,
    7.09559733562));
#2089 = CARTESIAN_POINT('',(-5.938471393884,-3.312786443873,
    7.290418128719));
#2090 = PCURVE('',#627,#2091);
#2091 = DEFINITIONAL_REPRESENTATION('',(#2092),#2096);
#2092 = LINE('',#2093,#2094);
#2093 = CARTESIAN_POINT('',(0.55428468661,0.));
#2094 = VECTOR('',#2095,1.);
#2095 = DIRECTION('',(0.,1.));
#2096 = ( GEOMETRIC_REPRESENTATION_CONTEXT(2) 
PARAMETRIC_REPRESENTATION_CONTEXT() REPRESENTATION_CONTEXT('2D SPACE',''
  ) );
#2097 = PCURVE('',#947,#2098);
#2098 = DEFINITIONAL_REPRESENTATION('',(#2099),#2102);
#2099 = B_SPLINE_CURVE_WITH_KNOTS('',1,(#2100,#2101),.UNSPECIFIED.,.F.,
  .F.,(2,2),(0.,37.767636989277),.PIECEWISE_BEZIER_KNOTS.);
#2100 = CARTESIAN_POINT('',(0.,0.));
#2101 = CARTESIAN_POINT('',(0.,37.767636989277));
#2102 = ( GEOMETRIC_REPRESENTATION_CONTEXT(2) 
PARAMETRIC_REPRESENTATION_CONTEXT() REPRESENTATION_CONTEXT('2D SPACE',''
  ) );
#2103 = ORIENTED_EDGE('',*,*,#1828,.T.);
#2104 = ADVANCED_FACE('',(#2105),#517,.F.);
#2105 = FACE_BOUND('',#2106,.F.);
#2106 = EDGE_LOOP('',(#2107,#2108,#2149,#2242,#2243));
#2107 = ORIENTED_EDGE('',*,*,#1087,.T.);
#2108 = ORIENTED_EDGE('',*,*,#2109,.T.);
#2109 = EDGE_CURVE('',#868,#2110,#2112,.T.);
#2110 = VERTEX_POINT('',#2111);
#2111 = CARTESIAN_POINT('',(-2.510148407168,-4.324251955424,-4.5));
#2112 = SURFACE_CURVE('',#2113,(#2123,#2136),.PCURVE_S1.);
#2113 = B_SPLINE_CURVE_WITH_KNOTS('',8,(#2114,#2115,#2116,#2117,#2118,
    #2119,#2120,#2121,#2122),.UNSPECIFIED.,.F.,.F.,(9,9),(0.,1.),
  .PIECEWISE_BEZIER_KNOTS.);
#2114 = CARTESIAN_POINT('',(-3.237681947254,-3.406963211999,-4.5));
#2115 = CARTESIAN_POINT('',(-3.09157997125,-3.648203087319,-4.5));
#2116 = CARTESIAN_POINT('',(-2.928140002524,-3.879554133105,-4.5));
#2117 = CARTESIAN_POINT('',(-2.748503615336,-4.099736221133,-4.5));
#2118 = CARTESIAN_POINT('',(-2.553876384201,-4.30764719818,-4.5));
#2119 = CARTESIAN_POINT('',(-2.345512350576,-4.502354612799,-4.5));
#2120 = CARTESIAN_POINT('',(-2.124681129645,-4.683060912824,-4.5));
#2121 = CARTESIAN_POINT('',(-1.892682207431,-4.8491185647,-4.5));
#2122 = CARTESIAN_POINT('',(-1.650813396966,-5.,-4.5));
#2123 = PCURVE('',#517,#2124);
#2124 = DEFINITIONAL_REPRESENTATION('',(#2125),#2135);
#2125 = B_SPLINE_CURVE_WITH_KNOTS('',8,(#2126,#2127,#2128,#2129,#2130,
    #2131,#2132,#2133,#2134),.UNSPECIFIED.,.F.,.F.,(9,9),(0.,1.),
  .PIECEWISE_BEZIER_KNOTS.);
#2126 = CARTESIAN_POINT('',(-3.237681947254,-3.406963211999));
#2127 = CARTESIAN_POINT('',(-3.09157997125,-3.648203087319));
#2128 = CARTESIAN_POINT('',(-2.928140002524,-3.879554133105));
#2129 = CARTESIAN_POINT('',(-2.748503615336,-4.099736221133));
#2130 = CARTESIAN_POINT('',(-2.553876384201,-4.30764719818));
#2131 = CARTESIAN_POINT('',(-2.345512350576,-4.502354612799));
#2132 = CARTESIAN_POINT('',(-2.124681129645,-4.683060912824));
#2133 = CARTESIAN_POINT('',(-1.892682207431,-4.8491185647));
#2134 = CARTESIAN_POINT('',(-1.650813396966,-5.));
#2135 = ( GEOMETRIC_REPRESENTATION_CONTEXT(2) 
PARAMETRIC_REPRESENTATION_CONTEXT() REPRESENTATION_CONTEXT('2D SPACE',''
  ) );
#2136 = PCURVE('',#947,#2137);
#2137 = DEFINITIONAL_REPRESENTATION('',(#2138),#2148);
#2138 = B_SPLINE_CURVE_WITH_KNOTS('',8,(#2139,#2140,#2141,#2142,#2143,
    #2144,#2145,#2146,#2147),.UNSPECIFIED.,.F.,.F.,(9,9),(0.,1.),
  .PIECEWISE_BEZIER_KNOTS.);
#2139 = CARTESIAN_POINT('',(2.19982200049,4.256933731017));
#2140 = CARTESIAN_POINT('',(2.122066660085,4.319285538465));
#2141 = CARTESIAN_POINT('',(2.045473769652,4.380705216612));
#2142 = CARTESIAN_POINT('',(1.969986584698,4.44123811967));
#2143 = CARTESIAN_POINT('',(1.895557055368,4.500923348704));
#2144 = CARTESIAN_POINT('',(1.822126921492,4.55980654593));
#2145 = CARTESIAN_POINT('',(1.749665287531,4.617913863232));
#2146 = CARTESIAN_POINT('',(1.678122336561,4.675283881577));
#2147 = CARTESIAN_POINT('',(1.607471276857,4.73193862141));
#2148 = ( GEOMETRIC_REPRESENTATION_CONTEXT(2) 
PARAMETRIC_REPRESENTATION_CONTEXT() REPRESENTATION_CONTEXT('2D SPACE',''
  ) );
#2149 = ORIENTED_EDGE('',*,*,#2150,.T.);
#2150 = EDGE_CURVE('',#2110,#1927,#2151,.T.);
#2151 = SURFACE_CURVE('',#2152,(#2180,#2211),.PCURVE_S1.);
#2152 = B_SPLINE_CURVE_WITH_KNOTS('',6,(#2153,#2154,#2155,#2156,#2157,
    #2158,#2159,#2160,#2161,#2162,#2163,#2164,#2165,#2166,#2167,#2168,
    #2169,#2170,#2171,#2172,#2173,#2174,#2175,#2176,#2177,#2178,#2179),
  .UNSPECIFIED.,.F.,.F.,(7,5,5,5,5,7),(0.,0.171806042881,0.275867789615,
    0.383981923397,0.652484593388,1.),.UNSPECIFIED.);
#2153 = CARTESIAN_POINT('',(-3.237681947254,-3.406963211999,-4.5));
#2154 = CARTESIAN_POINT('',(-3.096998679445,-3.639255853852,-4.5));
#2155 = CARTESIAN_POINT('',(-2.939434277762,-3.861923149598,-4.5));
#2156 = CARTESIAN_POINT('',(-2.766192593318,-4.073616126608,-4.5));
#2157 = CARTESIAN_POINT('',(-2.578558268041,-4.27320885197,-4.5));
#2158 = CARTESIAN_POINT('',(-2.377866634844,-4.45977451978,-4.5));
#2159 = CARTESIAN_POINT('',(-2.036828618016,-4.737217455496,-4.5));
#2160 = CARTESIAN_POINT('',(-1.903888768449,-4.836820003999,-4.5));
#2161 = CARTESIAN_POINT('',(-1.766955021426,-4.931203897282,-4.5));
#2162 = CARTESIAN_POINT('',(-1.626327746333,-5.020227139345,-4.5));
#2163 = CARTESIAN_POINT('',(-1.48230723991,-5.103771079668,-4.5));
#2164 = CARTESIAN_POINT('',(-1.182352338118,-5.262746151154,-4.5));
#2165 = CARTESIAN_POINT('',(-1.026171895245,-5.33773455287,-4.5));
#2166 = CARTESIAN_POINT('',(-0.866989018481,-5.406597690049,-4.5));
#2167 = CARTESIAN_POINT('',(-0.705136300272,-5.469252480213,-4.5));
#2168 = CARTESIAN_POINT('',(-0.540941907143,-5.525638713687,-4.5));
#2169 = CARTESIAN_POINT('',(3.806377154E-02,-5.700087078362,-4.5));
#2170 = CARTESIAN_POINT('',(0.463313507114,-5.785552441293,-4.5));
#2171 = CARTESIAN_POINT('',(0.896057667677,-5.831505651941,-4.5));
#2172 = CARTESIAN_POINT('',(1.331631951395,-5.838172723329,-4.5));
#2173 = CARTESIAN_POINT('',(1.76570292921,-5.806360540441,-4.5));
#2174 = CARTESIAN_POINT('',(2.748957210065,-5.648176009297,-4.5));
#2175 = CARTESIAN_POINT('',(3.294501037226,-5.4967188929,-4.5));
#2176 = CARTESIAN_POINT('',(3.822289000294,-5.285918314653,-4.5));
#2177 = CARTESIAN_POINT('',(4.325056226779,-5.020006231374,-4.5));
#2178 = CARTESIAN_POINT('',(4.796660363744,-4.703945429936,-4.5));
#2179 = CARTESIAN_POINT('',(5.232082507531,-4.343425557067,-4.5));
#2180 = PCURVE('',#517,#2181);
#2181 = DEFINITIONAL_REPRESENTATION('',(#2182),#2210);
#2182 = B_SPLINE_CURVE_WITH_KNOTS('',6,(#2183,#2184,#2185,#2186,#2187,
    #2188,#2189,#2190,#2191,#2192,#2193,#2194,#2195,#2196,#2197,#2198,
    #2199,#2200,#2201,#2202,#2203,#2204,#2205,#2206,#2207,#2208,#2209),
  .UNSPECIFIED.,.F.,.F.,(7,5,5,5,5,7),(0.,0.171806042881,0.275867789615,
    0.383981923397,0.652484593388,1.),.UNSPECIFIED.);
#2183 = CARTESIAN_POINT('',(-3.237681947254,-3.406963211999));
#2184 = CARTESIAN_POINT('',(-3.096998679445,-3.639255853852));
#2185 = CARTESIAN_POINT('',(-2.939434277762,-3.861923149598));
#2186 = CARTESIAN_POINT('',(-2.766192593318,-4.073616126608));
#2187 = CARTESIAN_POINT('',(-2.578558268041,-4.27320885197));
#2188 = CARTESIAN_POINT('',(-2.377866634844,-4.45977451978));
#2189 = CARTESIAN_POINT('',(-2.036828618016,-4.737217455496));
#2190 = CARTESIAN_POINT('',(-1.903888768449,-4.836820003999));
#2191 = CARTESIAN_POINT('',(-1.766955021426,-4.931203897282));
#2192 = CARTESIAN_POINT('',(-1.626327746333,-5.020227139345));
#2193 = CARTESIAN_POINT('',(-1.48230723991,-5.103771079668));
#2194 = CARTESIAN_POINT('',(-1.182352338118,-5.262746151154));
#2195 = CARTESIAN_POINT('',(-1.026171895245,-5.33773455287));
#2196 = CARTESIAN_POINT('',(-0.866989018481,-5.406597690049));
#2197 = CARTESIAN_POINT('',(-0.705136300272,-5.469252480213));
#2198 = CARTESIAN_POINT('',(-0.540941907143,-5.525638713687));
#2199 = CARTESIAN_POINT('',(3.806377154E-02,-5.700087078362));
#2200 = CARTESIAN_POINT('',(0.463313507114,-5.785552441293));
#2201 = CARTESIAN_POINT('',(0.896057667677,-5.831505651941));
#2202 = CARTESIAN_POINT('',(1.331631951395,-5.838172723329));
#2203 = CARTESIAN_POINT('',(1.76570292921,-5.806360540441));
#2204 = CARTESIAN_POINT('',(2.748957210065,-5.648176009297));
#2205 = CARTESIAN_POINT('',(3.294501037226,-5.4967188929));
#2206 = CARTESIAN_POINT('',(3.822289000294,-5.285918314653));
#2207 = CARTESIAN_POINT('',(4.325056226779,-5.020006231374));
#2208 = CARTESIAN_POINT('',(4.796660363744,-4.703945429936));
#2209 = CARTESIAN_POINT('',(5.232082507531,-4.343425557067));
#2210 = ( GEOMETRIC_REPRESENTATION_CONTEXT(2) 
PARAMETRIC_REPRESENTATION_CONTEXT() REPRESENTATION_CONTEXT('2D SPACE',''
  ) );
#2211 = PCURVE('',#947,#2212);
#2212 = DEFINITIONAL_REPRESENTATION('',(#2213),#2241);
#2213 = B_SPLINE_CURVE_WITH_KNOTS('',6,(#2214,#2215,#2216,#2217,#2218,
    #2219,#2220,#2221,#2222,#2223,#2224,#2225,#2226,#2227,#2228,#2229,
    #2230,#2231,#2232,#2233,#2234,#2235,#2236,#2237,#2238,#2239,#2240),
  .UNSPECIFIED.,.F.,.F.,(7,5,5,5,5,7),(0.,0.171806042881,0.275867789615,
    0.383981923397,0.652484593388,1.),.UNSPECIFIED.);
#2214 = CARTESIAN_POINT('',(2.19982200049,4.256933731017));
#2215 = CARTESIAN_POINT('',(2.124950491719,4.316973001295));
#2216 = CARTESIAN_POINT('',(2.051209851943,4.376105443347));
#2217 = CARTESIAN_POINT('',(1.978541253143,4.434378249553));
#2218 = CARTESIAN_POINT('',(1.906890640673,4.491834792398));
#2219 = CARTESIAN_POINT('',(1.836209740616,4.548513770878));
#2220 = CARTESIAN_POINT('',(1.724208349226,4.638327553644));
#2221 = CARTESIAN_POINT('',(1.682299798104,4.671933987844));
#2222 = CARTESIAN_POINT('',(1.640720640577,4.705276149936));
#2223 = CARTESIAN_POINT('',(1.599462420403,4.738360880864));
#2224 = CARTESIAN_POINT('',(1.558517436235,4.771194465132));
#2225 = CARTESIAN_POINT('',(1.475654304363,4.837642077998));
#2226 = CARTESIAN_POINT('',(1.433760286791,4.871236750955));
#2227 = CARTESIAN_POINT('',(1.39218599554,4.90457507043));
#2228 = CARTESIAN_POINT('',(1.35092273067,4.937664009455));
#2229 = CARTESIAN_POINT('',(1.309962333293,4.970510103292));
#2230 = CARTESIAN_POINT('',(1.168305214903,5.084104838717));
#2231 = CARTESIAN_POINT('',(1.069133604003,5.163630587071));
#2232 = CARTESIAN_POINT('',(0.971671187148,5.241785732833));
#2233 = CARTESIAN_POINT('',(0.875808090859,5.318658290698));
#2234 = CARTESIAN_POINT('',(0.781454677814,5.394320152441));
#2235 = CARTESIAN_POINT('',(0.56829299626,5.565254036883));
#2236 = CARTESIAN_POINT('',(0.450443059574,5.659757531087));
#2237 = CARTESIAN_POINT('',(0.334837818945,5.752460944592));
#2238 = CARTESIAN_POINT('',(0.221307287448,5.843500698136));
#2239 = CARTESIAN_POINT('',(0.109721600172,5.932980960611));
#2240 = CARTESIAN_POINT('',(0.,6.020966490635));
#2241 = ( GEOMETRIC_REPRESENTATION_CONTEXT(2) 
PARAMETRIC_REPRESENTATION_CONTEXT() REPRESENTATION_CONTEXT('2D SPACE',''
  ) );
#2242 = ORIENTED_EDGE('',*,*,#1926,.T.);
#2243 = ORIENTED_EDGE('',*,*,#463,.T.);
#2244 = ADVANCED_FACE('',(#2245),#947,.F.);
#2245 = FACE_BOUND('',#2246,.F.);
#2246 = EDGE_LOOP('',(#2247,#2248,#2249,#2250,#2251,#2252));
#2247 = ORIENTED_EDGE('',*,*,#2021,.F.);
#2248 = ORIENTED_EDGE('',*,*,#2150,.F.);
#2249 = ORIENTED_EDGE('',*,*,#2109,.F.);
#2250 = ORIENTED_EDGE('',*,*,#867,.T.);
#2251 = ORIENTED_EDGE('',*,*,#1716,.T.);
#2252 = ORIENTED_EDGE('',*,*,#1748,.T.);
#2253 = ( GEOMETRIC_REPRESENTATION_CONTEXT(3) 
GLOBAL_UNCERTAINTY_ASSIGNED_CONTEXT((#2257)) 
GLOBAL_UNIT_ASSIGNED_CONTEXT((#2254,#2255,#2256)) REPRESENTATION_CONTEXT
('Context #1','3D Context with UNIT and UNCERTAINTY') );
#2254 = ( LENGTH_UNIT() NAMED_UNIT(*) SI_UNIT(.MILLI.,.METRE.) );
#2255 = ( NAMED_UNIT(*) PLANE_ANGLE_UNIT() SI_UNIT($,.RADIAN.) );
#2256 = ( NAMED_UNIT(*) SI_UNIT($,.STERADIAN.) SOLID_ANGLE_UNIT() );
#2257 = UNCERTAINTY_MEASURE_WITH_UNIT(LENGTH_MEASURE(5.E-06),#2254,
  'distance_accuracy_value','confusion accuracy');
#2258 = PRODUCT_RELATED_PRODUCT_CATEGORY('part',$,(#7));
ENDSEC;
END-ISO-10303-21;
