ISO-10303-21;
HEADER;
FILE_DESCRIPTION(('Open CASCADE Model'),'2;1');
FILE_NAME('Open CASCADE Shape Model','2026-10-03T11:17:03',('Author'),(
    'Open CASCADE'),'Open CASCADE STEP processor 7.9','Open CASCADE 7.9'
  ,'Unknown');
FILE_SCHEMA(('AUTOMOTIVE_DESIGN { 1 0 10303 214 1 1 1 1 }'));
ENDSEC;
DATA;
#1 = APPLICATION_PROTOCOL_DEFINITION('international standard',
  'automotive_design',2000,#2);
#2 = APPLICATION_CONTEXT(
  'core data for automotive mechanical design processes');
#3 = SHAPE_DEFINITION_REPRESENTATION(#4,#10);
#4 = PRODUCT_DEFINITION_SHAPE('','',#5);
#5 = PRODUCT_DEFINITION('design','',#6,#9);
#6 = PRODUCT_DEFINITION_FORMATION('','',#7);
#7 = PRODUCT('Open CASCADE STEP translator 7.9 18',
  'Open CASCADE STEP translator 7.9 18','',(#8));
#8 = PRODUCT_CONTEXT('',#2,'mechanical');
#9 = PRODUCT_DEFINITION_CONTEXT('part definition',#2,'design');
#10 = ADVANCED_BREP_SHAPE_REPRESENTATION('',(#11,#15),#3742);
#11 = AXIS2_PLACEMENT_3D('',#12,#13,#14);
#12 = CARTESIAN_POINT('',(0.,0.,0.));
#13 = DIRECTION('',(0.,0.,1.));
#14 = DIRECTION('',(1.,0.,-0.));
#15 = MANIFOLD_SOLID_BREP('',#16);
#16 = CLOSED_SHELL('',(#17,#990,#1066,#1116,#1166,#1215,#1347,#1401,
    #1450,#1499,#1584,#1638,#1765,#1814,#1899,#1953,#2026,#2080,#2149,
    #2203,#2257,#2282,#2351,#2405,#2452,#2484,#2538,#2607,#2661,#2715,
    #2740,#2794,#2848,#2907,#3004,#3011,#3066,#3120,#3148,#3186,#3245,
    #3350,#3409,#3416,#3466,#3473,#3532,#3587,#3642,#3677,#3707,#3711,
    #3715));
#17 = ADVANCED_FACE('',(#18,#455,#490,#610,#730,#765,#885,#920,#955),#32
  ,.T.);
#18 = FACE_BOUND('',#19,.T.);
#19 = EDGE_LOOP('',(#20,#55,#84,#112,#145,#173,#206,#234,#267,#295,#321,
    #349,#375,#401,#428));
#20 = ORIENTED_EDGE('',*,*,#21,.F.);
#21 = EDGE_CURVE('',#22,#24,#26,.T.);
#22 = VERTEX_POINT('',#23);
#23 = CARTESIAN_POINT('',(-55.,-23.,100.));
#24 = VERTEX_POINT('',#25);
#25 = CARTESIAN_POINT('',(-53.,-23.,100.));
#26 = SURFACE_CURVE('',#27,(#31,#43),.PCURVE_S1.);
#27 = LINE('',#28,#29);
#28 = CARTESIAN_POINT('',(-60.,-23.,100.));
#29 = VECTOR('',#30,1.);
#30 = DIRECTION('',(1.,0.,0.));
#31 = PCURVE('',#32,#37);
#32 = PLANE('',#33);
#33 = AXIS2_PLACEMENT_3D('',#34,#35,#36);
#34 = CARTESIAN_POINT('',(-48.,-24.,100.));
#35 = DIRECTION('',(0.,0.,1.));
#36 = DIRECTION('',(1.,0.,0.));
#37 = DEFINITIONAL_REPRESENTATION('',(#38),#42);
#38 = LINE('',#39,#40);
#39 = CARTESIAN_POINT('',(-12.,1.));
#40 = VECTOR('',#41,1.);
#41 = DIRECTION('',(1.,0.));
#42 = ( GEOMETRIC_REPRESENTATION_CONTEXT(2) 
PARAMETRIC_REPRESENTATION_CONTEXT() REPRESENTATION_CONTEXT('2D SPACE',''
  ) );
#43 = PCURVE('',#44,#49);
#44 = PLANE('',#45);
#45 = AXIS2_PLACEMENT_3D('',#46,#47,#48);
#46 = CARTESIAN_POINT('',(-60.,-23.,92.));
#47 = DIRECTION('',(0.,1.,0.));
#48 = DIRECTION('',(0.,0.,1.));
#49 = DEFINITIONAL_REPRESENTATION('',(#50),#54);
#50 = LINE('',#51,#52);
#51 = CARTESIAN_POINT('',(8.,0.));
#52 = VECTOR('',#53,1.);
#53 = DIRECTION('',(0.,1.));
#54 = ( GEOMETRIC_REPRESENTATION_CONTEXT(2) 
PARAMETRIC_REPRESENTATION_CONTEXT() REPRESENTATION_CONTEXT('2D SPACE',''
  ) );
#55 = ORIENTED_EDGE('',*,*,#56,.T.);
#56 = EDGE_CURVE('',#22,#57,#59,.T.);
#57 = VERTEX_POINT('',#58);
#58 = CARTESIAN_POINT('',(-60.,-28.,100.));
#59 = SURFACE_CURVE('',#60,(#65,#72),.PCURVE_S1.);
#60 = CIRCLE('',#61,5.);
#61 = AXIS2_PLACEMENT_3D('',#62,#63,#64);
#62 = CARTESIAN_POINT('',(-55.,-28.,100.));
#63 = DIRECTION('',(0.,0.,1.));
#64 = DIRECTION('',(0.,-1.,0.));
#65 = PCURVE('',#32,#66);
#66 = DEFINITIONAL_REPRESENTATION('',(#67),#71);
#67 = CIRCLE('',#68,5.);
#68 = AXIS2_PLACEMENT_2D('',#69,#70);
#69 = CARTESIAN_POINT('',(-7.,-4.));
#70 = DIRECTION('',(0.,-1.));
#71 = ( GEOMETRIC_REPRESENTATION_CONTEXT(2) 
PARAMETRIC_REPRESENTATION_CONTEXT() REPRESENTATION_CONTEXT('2D SPACE',''
  ) );
#72 = PCURVE('',#73,#78);
#73 = CYLINDRICAL_SURFACE('',#74,5.);
#74 = AXIS2_PLACEMENT_3D('',#75,#76,#77);
#75 = CARTESIAN_POINT('',(-55.,-28.,92.));
#76 = DIRECTION('',(0.,0.,1.));
#77 = DIRECTION('',(0.,1.,0.));
#78 = DEFINITIONAL_REPRESENTATION('',(#79),#83);
#79 = LINE('',#80,#81);
#80 = CARTESIAN_POINT('',(-3.14159265359,8.));
#81 = VECTOR('',#82,1.);
#82 = DIRECTION('',(1.,0.));
#83 = ( GEOMETRIC_REPRESENTATION_CONTEXT(2) 
PARAMETRIC_REPRESENTATION_CONTEXT() REPRESENTATION_CONTEXT('2D SPACE',''
  ) );
#84 = ORIENTED_EDGE('',*,*,#85,.F.);
#85 = EDGE_CURVE('',#86,#57,#88,.T.);
#86 = VERTEX_POINT('',#87);
#87 = CARTESIAN_POINT('',(-60.,-55.,100.));
#88 = SURFACE_CURVE('',#89,(#93,#100),.PCURVE_S1.);
#89 = LINE('',#90,#91);
#90 = CARTESIAN_POINT('',(-60.,-60.,100.));
#91 = VECTOR('',#92,1.);
#92 = DIRECTION('',(0.,1.,0.));
#93 = PCURVE('',#32,#94);
#94 = DEFINITIONAL_REPRESENTATION('',(#95),#99);
#95 = LINE('',#96,#97);
#96 = CARTESIAN_POINT('',(-12.,-36.));
#97 = VECTOR('',#98,1.);
#98 = DIRECTION('',(0.,1.));
#99 = ( GEOMETRIC_REPRESENTATION_CONTEXT(2) 
PARAMETRIC_REPRESENTATION_CONTEXT() REPRESENTATION_CONTEXT('2D SPACE',''
  ) );
#100 = PCURVE('',#101,#106);
#101 = PLANE('',#102);
#102 = AXIS2_PLACEMENT_3D('',#103,#104,#105);
#103 = CARTESIAN_POINT('',(-60.,-60.,92.));
#104 = DIRECTION('',(1.,0.,0.));
#105 = DIRECTION('',(0.,0.,1.));
#106 = DEFINITIONAL_REPRESENTATION('',(#107),#111);
#107 = LINE('',#108,#109);
#108 = CARTESIAN_POINT('',(8.,0.));
#109 = VECTOR('',#110,1.);
#110 = DIRECTION('',(0.,-1.));
#111 = ( GEOMETRIC_REPRESENTATION_CONTEXT(2) 
PARAMETRIC_REPRESENTATION_CONTEXT() REPRESENTATION_CONTEXT('2D SPACE',''
  ) );
#112 = ORIENTED_EDGE('',*,*,#113,.F.);
#113 = EDGE_CURVE('',#114,#86,#116,.T.);
#114 = VERTEX_POINT('',#115);
#115 = CARTESIAN_POINT('',(-55.,-60.,100.));
#116 = SURFACE_CURVE('',#117,(#122,#133),.PCURVE_S1.);
#117 = CIRCLE('',#118,5.);
#118 = AXIS2_PLACEMENT_3D('',#119,#120,#121);
#119 = CARTESIAN_POINT('',(-55.,-55.,100.));
#120 = DIRECTION('',(-0.,-0.,-1.));
#121 = DIRECTION('',(0.,-1.,0.));
#122 = PCURVE('',#32,#123);
#123 = DEFINITIONAL_REPRESENTATION('',(#124),#132);
#124 = ( BOUNDED_CURVE() B_SPLINE_CURVE(2,(#125,#126,#127,#128,#129,#130
,#131),.UNSPECIFIED.,.T.,.F.) B_SPLINE_CURVE_WITH_KNOTS((1,2,2,2,2,1),(
    -2.094395102393,0.,2.094395102393,4.188790204786,6.28318530718,
8.377580409573),.UNSPECIFIED.) CURVE() GEOMETRIC_REPRESENTATION_ITEM() 
RATIONAL_B_SPLINE_CURVE((1.,0.5,1.,0.5,1.,0.5,1.)) REPRESENTATION_ITEM(
  '') );
#125 = CARTESIAN_POINT('',(-7.,-36.));
#126 = CARTESIAN_POINT('',(-15.66025403784,-36.));
#127 = CARTESIAN_POINT('',(-11.33012701892,-28.5));
#128 = CARTESIAN_POINT('',(-7.,-21.));
#129 = CARTESIAN_POINT('',(-2.669872981078,-28.5));
#130 = CARTESIAN_POINT('',(1.660254037844,-36.));
#131 = CARTESIAN_POINT('',(-7.,-36.));
#132 = ( GEOMETRIC_REPRESENTATION_CONTEXT(2) 
PARAMETRIC_REPRESENTATION_CONTEXT() REPRESENTATION_CONTEXT('2D SPACE',''
  ) );
#133 = PCURVE('',#134,#139);
#134 = CYLINDRICAL_SURFACE('',#135,5.);
#135 = AXIS2_PLACEMENT_3D('',#136,#137,#138);
#136 = CARTESIAN_POINT('',(-55.,-55.,92.));
#137 = DIRECTION('',(0.,0.,1.));
#138 = DIRECTION('',(0.,-1.,0.));
#139 = DEFINITIONAL_REPRESENTATION('',(#140),#144);
#140 = LINE('',#141,#142);
#141 = CARTESIAN_POINT('',(-0.,8.));
#142 = VECTOR('',#143,1.);
#143 = DIRECTION('',(-1.,0.));
#144 = ( GEOMETRIC_REPRESENTATION_CONTEXT(2) 
PARAMETRIC_REPRESENTATION_CONTEXT() REPRESENTATION_CONTEXT('2D SPACE',''
  ) );
#145 = ORIENTED_EDGE('',*,*,#146,.T.);
#146 = EDGE_CURVE('',#114,#147,#149,.T.);
#147 = VERTEX_POINT('',#148);
#148 = CARTESIAN_POINT('',(-7.,-60.,100.));
#149 = SURFACE_CURVE('',#150,(#154,#161),.PCURVE_S1.);
#150 = LINE('',#151,#152);
#151 = CARTESIAN_POINT('',(-60.,-60.,100.));
#152 = VECTOR('',#153,1.);
#153 = DIRECTION('',(1.,0.,0.));
#154 = PCURVE('',#32,#155);
#155 = DEFINITIONAL_REPRESENTATION('',(#156),#160);
#156 = LINE('',#157,#158);
#157 = CARTESIAN_POINT('',(-12.,-36.));
#158 = VECTOR('',#159,1.);
#159 = DIRECTION('',(1.,0.));
#160 = ( GEOMETRIC_REPRESENTATION_CONTEXT(2) 
PARAMETRIC_REPRESENTATION_CONTEXT() REPRESENTATION_CONTEXT('2D SPACE',''
  ) );
#161 = PCURVE('',#162,#167);
#162 = PLANE('',#163);
#163 = AXIS2_PLACEMENT_3D('',#164,#165,#166);
#164 = CARTESIAN_POINT('',(-60.,-60.,92.));
#165 = DIRECTION('',(0.,1.,0.));
#166 = DIRECTION('',(0.,0.,1.));
#167 = DEFINITIONAL_REPRESENTATION('',(#168),#172);
#168 = LINE('',#169,#170);
#169 = CARTESIAN_POINT('',(8.,0.));
#170 = VECTOR('',#171,1.);
#171 = DIRECTION('',(0.,1.));
#172 = ( GEOMETRIC_REPRESENTATION_CONTEXT(2) 
PARAMETRIC_REPRESENTATION_CONTEXT() REPRESENTATION_CONTEXT('2D SPACE',''
  ) );
#173 = ORIENTED_EDGE('',*,*,#174,.F.);
#174 = EDGE_CURVE('',#175,#147,#177,.T.);
#175 = VERTEX_POINT('',#176);
#176 = CARTESIAN_POINT('',(-2.,-55.,100.));
#177 = SURFACE_CURVE('',#178,(#183,#194),.PCURVE_S1.);
#178 = CIRCLE('',#179,5.);
#179 = AXIS2_PLACEMENT_3D('',#180,#181,#182);
#180 = CARTESIAN_POINT('',(-7.,-55.,100.));
#181 = DIRECTION('',(-0.,-0.,-1.));
#182 = DIRECTION('',(0.,-1.,0.));
#183 = PCURVE('',#32,#184);
#184 = DEFINITIONAL_REPRESENTATION('',(#185),#193);
#185 = ( BOUNDED_CURVE() B_SPLINE_CURVE(2,(#186,#187,#188,#189,#190,#191
,#192),.UNSPECIFIED.,.T.,.F.) B_SPLINE_CURVE_WITH_KNOTS((1,2,2,2,2,1),(
    -2.094395102393,0.,2.094395102393,4.188790204786,6.28318530718,
8.377580409573),.UNSPECIFIED.) CURVE() GEOMETRIC_REPRESENTATION_ITEM() 
RATIONAL_B_SPLINE_CURVE((1.,0.5,1.,0.5,1.,0.5,1.)) REPRESENTATION_ITEM(
  '') );
#186 = CARTESIAN_POINT('',(41.,-36.));
#187 = CARTESIAN_POINT('',(32.339745962156,-36.));
#188 = CARTESIAN_POINT('',(36.669872981078,-28.5));
#189 = CARTESIAN_POINT('',(41.,-21.));
#190 = CARTESIAN_POINT('',(45.330127018922,-28.5));
#191 = CARTESIAN_POINT('',(49.660254037844,-36.));
#192 = CARTESIAN_POINT('',(41.,-36.));
#193 = ( GEOMETRIC_REPRESENTATION_CONTEXT(2) 
PARAMETRIC_REPRESENTATION_CONTEXT() REPRESENTATION_CONTEXT('2D SPACE',''
  ) );
#194 = PCURVE('',#195,#200);
#195 = CYLINDRICAL_SURFACE('',#196,5.);
#196 = AXIS2_PLACEMENT_3D('',#197,#198,#199);
#197 = CARTESIAN_POINT('',(-7.,-55.,92.));
#198 = DIRECTION('',(0.,0.,1.));
#199 = DIRECTION('',(1.,0.,-0.));
#200 = DEFINITIONAL_REPRESENTATION('',(#201),#205);
#201 = LINE('',#202,#203);
#202 = CARTESIAN_POINT('',(4.712388980385,8.));
#203 = VECTOR('',#204,1.);
#204 = DIRECTION('',(-1.,0.));
#205 = ( GEOMETRIC_REPRESENTATION_CONTEXT(2) 
PARAMETRIC_REPRESENTATION_CONTEXT() REPRESENTATION_CONTEXT('2D SPACE',''
  ) );
#206 = ORIENTED_EDGE('',*,*,#207,.T.);
#207 = EDGE_CURVE('',#175,#208,#210,.T.);
#208 = VERTEX_POINT('',#209);
#209 = CARTESIAN_POINT('',(-2.,-29.,100.));
#210 = SURFACE_CURVE('',#211,(#215,#222),.PCURVE_S1.);
#211 = LINE('',#212,#213);
#212 = CARTESIAN_POINT('',(-2.,-60.,100.));
#213 = VECTOR('',#214,1.);
#214 = DIRECTION('',(0.,1.,0.));
#215 = PCURVE('',#32,#216);
#216 = DEFINITIONAL_REPRESENTATION('',(#217),#221);
#217 = LINE('',#218,#219);
#218 = CARTESIAN_POINT('',(46.,-36.));
#219 = VECTOR('',#220,1.);
#220 = DIRECTION('',(0.,1.));
#221 = ( GEOMETRIC_REPRESENTATION_CONTEXT(2) 
PARAMETRIC_REPRESENTATION_CONTEXT() REPRESENTATION_CONTEXT('2D SPACE',''
  ) );
#222 = PCURVE('',#223,#228);
#223 = PLANE('',#224);
#224 = AXIS2_PLACEMENT_3D('',#225,#226,#227);
#225 = CARTESIAN_POINT('',(-2.,-60.,92.));
#226 = DIRECTION('',(1.,0.,0.));
#227 = DIRECTION('',(0.,0.,1.));
#228 = DEFINITIONAL_REPRESENTATION('',(#229),#233);
#229 = LINE('',#230,#231);
#230 = CARTESIAN_POINT('',(8.,0.));
#231 = VECTOR('',#232,1.);
#232 = DIRECTION('',(0.,-1.));
#233 = ( GEOMETRIC_REPRESENTATION_CONTEXT(2) 
PARAMETRIC_REPRESENTATION_CONTEXT() REPRESENTATION_CONTEXT('2D SPACE',''
  ) );
#234 = ORIENTED_EDGE('',*,*,#235,.T.);
#235 = EDGE_CURVE('',#208,#236,#238,.T.);
#236 = VERTEX_POINT('',#237);
#237 = CARTESIAN_POINT('',(3.,-24.,100.));
#238 = SURFACE_CURVE('',#239,(#244,#255),.PCURVE_S1.);
#239 = CIRCLE('',#240,5.);
#240 = AXIS2_PLACEMENT_3D('',#241,#242,#243);
#241 = CARTESIAN_POINT('',(3.,-29.,100.));
#242 = DIRECTION('',(0.,0.,-1.));
#243 = DIRECTION('',(0.,1.,0.));
#244 = PCURVE('',#32,#245);
#245 = DEFINITIONAL_REPRESENTATION('',(#246),#254);
#246 = ( BOUNDED_CURVE() B_SPLINE_CURVE(2,(#247,#248,#249,#250,#251,#252
,#253),.UNSPECIFIED.,.T.,.F.) B_SPLINE_CURVE_WITH_KNOTS((1,2,2,2,2,1),(
    -2.094395102393,0.,2.094395102393,4.188790204786,6.28318530718,
8.377580409573),.UNSPECIFIED.) CURVE() GEOMETRIC_REPRESENTATION_ITEM() 
RATIONAL_B_SPLINE_CURVE((1.,0.5,1.,0.5,1.,0.5,1.)) REPRESENTATION_ITEM(
  '') );
#247 = CARTESIAN_POINT('',(51.,0.));
#248 = CARTESIAN_POINT('',(59.660254037844,0.));
#249 = CARTESIAN_POINT('',(55.330127018922,-7.5));
#250 = CARTESIAN_POINT('',(51.,-15.));
#251 = CARTESIAN_POINT('',(46.669872981078,-7.5));
#252 = CARTESIAN_POINT('',(42.339745962156,-7.993605777301E-15));
#253 = CARTESIAN_POINT('',(51.,0.));
#254 = ( GEOMETRIC_REPRESENTATION_CONTEXT(2) 
PARAMETRIC_REPRESENTATION_CONTEXT() REPRESENTATION_CONTEXT('2D SPACE',''
  ) );
#255 = PCURVE('',#256,#261);
#256 = CYLINDRICAL_SURFACE('',#257,5.);
#257 = AXIS2_PLACEMENT_3D('',#258,#259,#260);
#258 = CARTESIAN_POINT('',(3.,-29.,100.));
#259 = DIRECTION('',(0.,0.,-1.));
#260 = DIRECTION('',(-1.,-0.,-0.));
#261 = DEFINITIONAL_REPRESENTATION('',(#262),#266);
#262 = LINE('',#263,#264);
#263 = CARTESIAN_POINT('',(-4.712388980385,0.));
#264 = VECTOR('',#265,1.);
#265 = DIRECTION('',(1.,0.));
#266 = ( GEOMETRIC_REPRESENTATION_CONTEXT(2) 
PARAMETRIC_REPRESENTATION_CONTEXT() REPRESENTATION_CONTEXT('2D SPACE',''
  ) );
#267 = ORIENTED_EDGE('',*,*,#268,.T.);
#268 = EDGE_CURVE('',#236,#269,#271,.T.);
#269 = VERTEX_POINT('',#270);
#270 = CARTESIAN_POINT('',(40.,-24.,100.));
#271 = SURFACE_CURVE('',#272,(#276,#283),.PCURVE_S1.);
#272 = LINE('',#273,#274);
#273 = CARTESIAN_POINT('',(-48.,-24.,100.));
#274 = VECTOR('',#275,1.);
#275 = DIRECTION('',(1.,0.,0.));
#276 = PCURVE('',#32,#277);
#277 = DEFINITIONAL_REPRESENTATION('',(#278),#282);
#278 = LINE('',#279,#280);
#279 = CARTESIAN_POINT('',(0.,0.));
#280 = VECTOR('',#281,1.);
#281 = DIRECTION('',(1.,0.));
#282 = ( GEOMETRIC_REPRESENTATION_CONTEXT(2) 
PARAMETRIC_REPRESENTATION_CONTEXT() REPRESENTATION_CONTEXT('2D SPACE',''
  ) );
#283 = PCURVE('',#284,#289);
#284 = PLANE('',#285);
#285 = AXIS2_PLACEMENT_3D('',#286,#287,#288);
#286 = CARTESIAN_POINT('',(-48.,-24.,92.));
#287 = DIRECTION('',(0.,1.,0.));
#288 = DIRECTION('',(0.,0.,1.));
#289 = DEFINITIONAL_REPRESENTATION('',(#290),#294);
#290 = LINE('',#291,#292);
#291 = CARTESIAN_POINT('',(8.,0.));
#292 = VECTOR('',#293,1.);
#293 = DIRECTION('',(0.,1.));
#294 = ( GEOMETRIC_REPRESENTATION_CONTEXT(2) 
PARAMETRIC_REPRESENTATION_CONTEXT() REPRESENTATION_CONTEXT('2D SPACE',''
  ) );
#295 = ORIENTED_EDGE('',*,*,#296,.T.);
#296 = EDGE_CURVE('',#269,#297,#299,.T.);
#297 = VERTEX_POINT('',#298);
#298 = CARTESIAN_POINT('',(40.,24.,100.));
#299 = SURFACE_CURVE('',#300,(#304,#310),.PCURVE_S1.);
#300 = LINE('',#301,#302);
#301 = CARTESIAN_POINT('',(40.,-12.,100.));
#302 = VECTOR('',#303,1.);
#303 = DIRECTION('',(0.,1.,0.));
#304 = PCURVE('',#32,#305);
#305 = DEFINITIONAL_REPRESENTATION('',(#306),#309);
#306 = B_SPLINE_CURVE_WITH_KNOTS('',1,(#307,#308),.UNSPECIFIED.,.F.,.F.,
  (2,2),(-12.,36.),.PIECEWISE_BEZIER_KNOTS.);
#307 = CARTESIAN_POINT('',(88.,0.));
#308 = CARTESIAN_POINT('',(88.,48.));
#309 = ( GEOMETRIC_REPRESENTATION_CONTEXT(2) 
PARAMETRIC_REPRESENTATION_CONTEXT() REPRESENTATION_CONTEXT('2D SPACE',''
  ) );
#310 = PCURVE('',#311,#316);
#311 = PLANE('',#312);
#312 = AXIS2_PLACEMENT_3D('',#313,#314,#315);
#313 = CARTESIAN_POINT('',(40.,0.,131.11960187564));
#314 = DIRECTION('',(1.,0.,0.));
#315 = DIRECTION('',(-0.,0.,1.));
#316 = DEFINITIONAL_REPRESENTATION('',(#317),#320);
#317 = B_SPLINE_CURVE_WITH_KNOTS('',1,(#318,#319),.UNSPECIFIED.,.F.,.F.,
  (2,2),(-12.,36.),.PIECEWISE_BEZIER_KNOTS.);
#318 = CARTESIAN_POINT('',(-31.11960187564,24.));
#319 = CARTESIAN_POINT('',(-31.11960187564,-24.));
#320 = ( GEOMETRIC_REPRESENTATION_CONTEXT(2) 
PARAMETRIC_REPRESENTATION_CONTEXT() REPRESENTATION_CONTEXT('2D SPACE',''
  ) );
#321 = ORIENTED_EDGE('',*,*,#322,.F.);
#322 = EDGE_CURVE('',#323,#297,#325,.T.);
#323 = VERTEX_POINT('',#324);
#324 = CARTESIAN_POINT('',(-40.,24.,100.));
#325 = SURFACE_CURVE('',#326,(#330,#337),.PCURVE_S1.);
#326 = LINE('',#327,#328);
#327 = CARTESIAN_POINT('',(-48.,24.,100.));
#328 = VECTOR('',#329,1.);
#329 = DIRECTION('',(1.,0.,0.));
#330 = PCURVE('',#32,#331);
#331 = DEFINITIONAL_REPRESENTATION('',(#332),#336);
#332 = LINE('',#333,#334);
#333 = CARTESIAN_POINT('',(0.,48.));
#334 = VECTOR('',#335,1.);
#335 = DIRECTION('',(1.,0.));
#336 = ( GEOMETRIC_REPRESENTATION_CONTEXT(2) 
PARAMETRIC_REPRESENTATION_CONTEXT() REPRESENTATION_CONTEXT('2D SPACE',''
  ) );
#337 = PCURVE('',#338,#343);
#338 = PLANE('',#339);
#339 = AXIS2_PLACEMENT_3D('',#340,#341,#342);
#340 = CARTESIAN_POINT('',(-48.,24.,92.));
#341 = DIRECTION('',(0.,1.,0.));
#342 = DIRECTION('',(0.,0.,1.));
#343 = DEFINITIONAL_REPRESENTATION('',(#344),#348);
#344 = LINE('',#345,#346);
#345 = CARTESIAN_POINT('',(8.,0.));
#346 = VECTOR('',#347,1.);
#347 = DIRECTION('',(0.,1.));
#348 = ( GEOMETRIC_REPRESENTATION_CONTEXT(2) 
PARAMETRIC_REPRESENTATION_CONTEXT() REPRESENTATION_CONTEXT('2D SPACE',''
  ) );
#349 = ORIENTED_EDGE('',*,*,#350,.F.);
#350 = EDGE_CURVE('',#351,#323,#353,.T.);
#351 = VERTEX_POINT('',#352);
#352 = CARTESIAN_POINT('',(-40.,-24.,100.));
#353 = SURFACE_CURVE('',#354,(#358,#364),.PCURVE_S1.);
#354 = LINE('',#355,#356);
#355 = CARTESIAN_POINT('',(-40.,-12.,100.));
#356 = VECTOR('',#357,1.);
#357 = DIRECTION('',(0.,1.,0.));
#358 = PCURVE('',#32,#359);
#359 = DEFINITIONAL_REPRESENTATION('',(#360),#363);
#360 = B_SPLINE_CURVE_WITH_KNOTS('',1,(#361,#362),.UNSPECIFIED.,.F.,.F.,
  (2,2),(-12.,36.),.PIECEWISE_BEZIER_KNOTS.);
#361 = CARTESIAN_POINT('',(8.,0.));
#362 = CARTESIAN_POINT('',(8.,48.));
#363 = ( GEOMETRIC_REPRESENTATION_CONTEXT(2) 
PARAMETRIC_REPRESENTATION_CONTEXT() REPRESENTATION_CONTEXT('2D SPACE',''
  ) );
#364 = PCURVE('',#365,#370);
#365 = PLANE('',#366);
#366 = AXIS2_PLACEMENT_3D('',#367,#368,#369);
#367 = CARTESIAN_POINT('',(-40.,0.,131.11960187564));
#368 = DIRECTION('',(1.,0.,0.));
#369 = DIRECTION('',(-0.,0.,1.));
#370 = DEFINITIONAL_REPRESENTATION('',(#371),#374);
#371 = B_SPLINE_CURVE_WITH_KNOTS('',1,(#372,#373),.UNSPECIFIED.,.F.,.F.,
  (2,2),(-12.,36.),.PIECEWISE_BEZIER_KNOTS.);
#372 = CARTESIAN_POINT('',(-31.11960187564,24.));
#373 = CARTESIAN_POINT('',(-31.11960187564,-24.));
#374 = ( GEOMETRIC_REPRESENTATION_CONTEXT(2) 
PARAMETRIC_REPRESENTATION_CONTEXT() REPRESENTATION_CONTEXT('2D SPACE',''
  ) );
#375 = ORIENTED_EDGE('',*,*,#376,.T.);
#376 = EDGE_CURVE('',#351,#377,#379,.T.);
#377 = VERTEX_POINT('',#378);
#378 = CARTESIAN_POINT('',(-48.,-24.,100.));
#379 = SURFACE_CURVE('',#380,(#384,#390),.PCURVE_S1.);
#380 = LINE('',#381,#382);
#381 = CARTESIAN_POINT('',(-48.,-24.,100.));
#382 = VECTOR('',#383,1.);
#383 = DIRECTION('',(-1.,-0.,0.));
#384 = PCURVE('',#32,#385);
#385 = DEFINITIONAL_REPRESENTATION('',(#386),#389);
#386 = B_SPLINE_CURVE_WITH_KNOTS('',1,(#387,#388),.UNSPECIFIED.,.F.,.F.,
  (2,2),(-8.,0.),.PIECEWISE_BEZIER_KNOTS.);
#387 = CARTESIAN_POINT('',(8.,0.));
#388 = CARTESIAN_POINT('',(0.,0.));
#389 = ( GEOMETRIC_REPRESENTATION_CONTEXT(2) 
PARAMETRIC_REPRESENTATION_CONTEXT() REPRESENTATION_CONTEXT('2D SPACE',''
  ) );
#390 = PCURVE('',#391,#396);
#391 = PLANE('',#392);
#392 = AXIS2_PLACEMENT_3D('',#393,#394,#395);
#393 = CARTESIAN_POINT('',(-48.,-24.,156.));
#394 = DIRECTION('',(-0.,1.,0.));
#395 = DIRECTION('',(0.,0.,-1.));
#396 = DEFINITIONAL_REPRESENTATION('',(#397),#400);
#397 = B_SPLINE_CURVE_WITH_KNOTS('',1,(#398,#399),.UNSPECIFIED.,.F.,.F.,
  (2,2),(-8.,0.),.PIECEWISE_BEZIER_KNOTS.);
#398 = CARTESIAN_POINT('',(56.,-8.));
#399 = CARTESIAN_POINT('',(56.,0.));
#400 = ( GEOMETRIC_REPRESENTATION_CONTEXT(2) 
PARAMETRIC_REPRESENTATION_CONTEXT() REPRESENTATION_CONTEXT('2D SPACE',''
  ) );
#401 = ORIENTED_EDGE('',*,*,#402,.T.);
#402 = EDGE_CURVE('',#377,#403,#405,.T.);
#403 = VERTEX_POINT('',#404);
#404 = CARTESIAN_POINT('',(-48.,-18.,100.));
#405 = SURFACE_CURVE('',#406,(#410,#416),.PCURVE_S1.);
#406 = LINE('',#407,#408);
#407 = CARTESIAN_POINT('',(-48.,-12.,100.));
#408 = VECTOR('',#409,1.);
#409 = DIRECTION('',(0.,1.,0.));
#410 = PCURVE('',#32,#411);
#411 = DEFINITIONAL_REPRESENTATION('',(#412),#415);
#412 = B_SPLINE_CURVE_WITH_KNOTS('',1,(#413,#414),.UNSPECIFIED.,.F.,.F.,
  (2,2),(-12.,36.),.PIECEWISE_BEZIER_KNOTS.);
#413 = CARTESIAN_POINT('',(0.,0.));
#414 = CARTESIAN_POINT('',(0.,48.));
#415 = ( GEOMETRIC_REPRESENTATION_CONTEXT(2) 
PARAMETRIC_REPRESENTATION_CONTEXT() REPRESENTATION_CONTEXT('2D SPACE',''
  ) );
#416 = PCURVE('',#417,#422);
#417 = PLANE('',#418);
#418 = AXIS2_PLACEMENT_3D('',#419,#420,#421);
#419 = CARTESIAN_POINT('',(-48.,0.,131.11960187564));
#420 = DIRECTION('',(1.,0.,0.));
#421 = DIRECTION('',(-0.,0.,1.));
#422 = DEFINITIONAL_REPRESENTATION('',(#423),#427);
#423 = LINE('',#424,#425);
#424 = CARTESIAN_POINT('',(-31.11960187564,12.));
#425 = VECTOR('',#426,1.);
#426 = DIRECTION('',(0.,-1.));
#427 = ( GEOMETRIC_REPRESENTATION_CONTEXT(2) 
PARAMETRIC_REPRESENTATION_CONTEXT() REPRESENTATION_CONTEXT('2D SPACE',''
  ) );
#428 = ORIENTED_EDGE('',*,*,#429,.F.);
#429 = EDGE_CURVE('',#24,#403,#430,.T.);
#430 = SURFACE_CURVE('',#431,(#436,#443),.PCURVE_S1.);
#431 = CIRCLE('',#432,5.);
#432 = AXIS2_PLACEMENT_3D('',#433,#434,#435);
#433 = CARTESIAN_POINT('',(-53.,-18.,100.));
#434 = DIRECTION('',(0.,0.,1.));
#435 = DIRECTION('',(0.,-1.,0.));
#436 = PCURVE('',#32,#437);
#437 = DEFINITIONAL_REPRESENTATION('',(#438),#442);
#438 = CIRCLE('',#439,5.);
#439 = AXIS2_PLACEMENT_2D('',#440,#441);
#440 = CARTESIAN_POINT('',(-5.,6.));
#441 = DIRECTION('',(0.,-1.));
#442 = ( GEOMETRIC_REPRESENTATION_CONTEXT(2) 
PARAMETRIC_REPRESENTATION_CONTEXT() REPRESENTATION_CONTEXT('2D SPACE',''
  ) );
#443 = PCURVE('',#444,#449);
#444 = CYLINDRICAL_SURFACE('',#445,5.);
#445 = AXIS2_PLACEMENT_3D('',#446,#447,#448);
#446 = CARTESIAN_POINT('',(-53.,-18.,92.));
#447 = DIRECTION('',(0.,0.,1.));
#448 = DIRECTION('',(0.,-1.,0.));
#449 = DEFINITIONAL_REPRESENTATION('',(#450),#454);
#450 = LINE('',#451,#452);
#451 = CARTESIAN_POINT('',(0.,8.));
#452 = VECTOR('',#453,1.);
#453 = DIRECTION('',(1.,0.));
#454 = ( GEOMETRIC_REPRESENTATION_CONTEXT(2) 
PARAMETRIC_REPRESENTATION_CONTEXT() REPRESENTATION_CONTEXT('2D SPACE',''
  ) );
#455 = FACE_BOUND('',#456,.T.);
#456 = EDGE_LOOP('',(#457));
#457 = ORIENTED_EDGE('',*,*,#458,.T.);
#458 = EDGE_CURVE('',#459,#459,#461,.T.);
#459 = VERTEX_POINT('',#460);
#460 = CARTESIAN_POINT('',(-44.3,-52.,100.));
#461 = SURFACE_CURVE('',#462,(#467,#478),.PCURVE_S1.);
#462 = CIRCLE('',#463,1.7);
#463 = AXIS2_PLACEMENT_3D('',#464,#465,#466);
#464 = CARTESIAN_POINT('',(-46.,-52.,100.));
#465 = DIRECTION('',(0.,0.,-1.));
#466 = DIRECTION('',(1.,0.,0.));
#467 = PCURVE('',#32,#468);
#468 = DEFINITIONAL_REPRESENTATION('',(#469),#477);
#469 = ( BOUNDED_CURVE() B_SPLINE_CURVE(2,(#470,#471,#472,#473,#474,#475
,#476),.UNSPECIFIED.,.T.,.F.) B_SPLINE_CURVE_WITH_KNOTS((1,2,2,2,2,1),(
    -2.094395102393,0.,2.094395102393,4.188790204786,6.28318530718,
8.377580409573),.UNSPECIFIED.) CURVE() GEOMETRIC_REPRESENTATION_ITEM() 
RATIONAL_B_SPLINE_CURVE((1.,0.5,1.,0.5,1.,0.5,1.)) REPRESENTATION_ITEM(
  '') );
#470 = CARTESIAN_POINT('',(3.7,-28.));
#471 = CARTESIAN_POINT('',(3.7,-30.94448637286));
#472 = CARTESIAN_POINT('',(1.15,-29.47224318643));
#473 = CARTESIAN_POINT('',(-1.4,-28.));
#474 = CARTESIAN_POINT('',(1.15,-26.52775681356));
#475 = CARTESIAN_POINT('',(3.7,-25.05551362713));
#476 = CARTESIAN_POINT('',(3.7,-28.));
#477 = ( GEOMETRIC_REPRESENTATION_CONTEXT(2) 
PARAMETRIC_REPRESENTATION_CONTEXT() REPRESENTATION_CONTEXT('2D SPACE',''
  ) );
#478 = PCURVE('',#479,#484);
#479 = CYLINDRICAL_SURFACE('',#480,1.7);
#480 = AXIS2_PLACEMENT_3D('',#481,#482,#483);
#481 = CARTESIAN_POINT('',(-46.,-52.,91.));
#482 = DIRECTION('',(-0.,-0.,-1.));
#483 = DIRECTION('',(1.,0.,0.));
#484 = DEFINITIONAL_REPRESENTATION('',(#485),#489);
#485 = LINE('',#486,#487);
#486 = CARTESIAN_POINT('',(-6.28318530718,-9.));
#487 = VECTOR('',#488,1.);
#488 = DIRECTION('',(1.,-0.));
#489 = ( GEOMETRIC_REPRESENTATION_CONTEXT(2) 
PARAMETRIC_REPRESENTATION_CONTEXT() REPRESENTATION_CONTEXT('2D SPACE',''
  ) );
#490 = FACE_BOUND('',#491,.T.);
#491 = EDGE_LOOP('',(#492,#520,#553,#579));
#492 = ORIENTED_EDGE('',*,*,#493,.F.);
#493 = EDGE_CURVE('',#494,#496,#498,.T.);
#494 = VERTEX_POINT('',#495);
#495 = CARTESIAN_POINT('',(-50.7,-26.4,100.));
#496 = VERTEX_POINT('',#497);
#497 = CARTESIAN_POINT('',(-50.7,-27.6,100.));
#498 = SURFACE_CURVE('',#499,(#503,#509),.PCURVE_S1.);
#499 = LINE('',#500,#501);
#500 = CARTESIAN_POINT('',(-50.7,-25.8,100.));
#501 = VECTOR('',#502,1.);
#502 = DIRECTION('',(-1.110223024625E-16,-1.,0.));
#503 = PCURVE('',#32,#504);
#504 = DEFINITIONAL_REPRESENTATION('',(#505),#508);
#505 = B_SPLINE_CURVE_WITH_KNOTS('',1,(#506,#507),.UNSPECIFIED.,.F.,.F.,
  (2,2),(0.6,1.8),.PIECEWISE_BEZIER_KNOTS.);
#506 = CARTESIAN_POINT('',(-2.7,-2.4));
#507 = CARTESIAN_POINT('',(-2.7,-3.6));
#508 = ( GEOMETRIC_REPRESENTATION_CONTEXT(2) 
PARAMETRIC_REPRESENTATION_CONTEXT() REPRESENTATION_CONTEXT('2D SPACE',''
  ) );
#509 = PCURVE('',#510,#515);
#510 = PLANE('',#511);
#511 = AXIS2_PLACEMENT_3D('',#512,#513,#514);
#512 = CARTESIAN_POINT('',(-50.7,-27.6,91.));
#513 = DIRECTION('',(-1.,1.110223024625E-16,0.));
#514 = DIRECTION('',(1.110223024625E-16,1.,0.));
#515 = DEFINITIONAL_REPRESENTATION('',(#516),#519);
#516 = B_SPLINE_CURVE_WITH_KNOTS('',1,(#517,#518),.UNSPECIFIED.,.F.,.F.,
  (2,2),(0.6,1.8),.PIECEWISE_BEZIER_KNOTS.);
#517 = CARTESIAN_POINT('',(1.2,-9.));
#518 = CARTESIAN_POINT('',(0.,-9.));
#519 = ( GEOMETRIC_REPRESENTATION_CONTEXT(2) 
PARAMETRIC_REPRESENTATION_CONTEXT() REPRESENTATION_CONTEXT('2D SPACE',''
  ) );
#520 = ORIENTED_EDGE('',*,*,#521,.T.);
#521 = EDGE_CURVE('',#494,#522,#524,.T.);
#522 = VERTEX_POINT('',#523);
#523 = CARTESIAN_POINT('',(-47.3,-26.4,100.));
#524 = SURFACE_CURVE('',#525,(#530,#541),.PCURVE_S1.);
#525 = CIRCLE('',#526,1.7);
#526 = AXIS2_PLACEMENT_3D('',#527,#528,#529);
#527 = CARTESIAN_POINT('',(-49.,-26.4,100.));
#528 = DIRECTION('',(0.,0.,-1.));
#529 = DIRECTION('',(-1.,2.416367759478E-16,0.));
#530 = PCURVE('',#32,#531);
#531 = DEFINITIONAL_REPRESENTATION('',(#532),#540);
#532 = ( BOUNDED_CURVE() B_SPLINE_CURVE(2,(#533,#534,#535,#536,#537,#538
,#539),.UNSPECIFIED.,.T.,.F.) B_SPLINE_CURVE_WITH_KNOTS((1,2,2,2,2,1),(
    -2.094395102393,0.,2.094395102393,4.188790204786,6.28318530718,
8.377580409573),.UNSPECIFIED.) CURVE() GEOMETRIC_REPRESENTATION_ITEM() 
RATIONAL_B_SPLINE_CURVE((1.,0.5,1.,0.5,1.,0.5,1.)) REPRESENTATION_ITEM(
  '') );
#533 = CARTESIAN_POINT('',(-2.7,-2.4));
#534 = CARTESIAN_POINT('',(-2.7,0.544486372867));
#535 = CARTESIAN_POINT('',(-0.15,-0.927756813566));
#536 = CARTESIAN_POINT('',(2.4,-2.4));
#537 = CARTESIAN_POINT('',(-0.15,-3.872243186434));
#538 = CARTESIAN_POINT('',(-2.7,-5.344486372867));
#539 = CARTESIAN_POINT('',(-2.7,-2.4));
#540 = ( GEOMETRIC_REPRESENTATION_CONTEXT(2) 
PARAMETRIC_REPRESENTATION_CONTEXT() REPRESENTATION_CONTEXT('2D SPACE',''
  ) );
#541 = PCURVE('',#542,#547);
#542 = CYLINDRICAL_SURFACE('',#543,1.7);
#543 = AXIS2_PLACEMENT_3D('',#544,#545,#546);
#544 = CARTESIAN_POINT('',(-49.,-26.4,91.));
#545 = DIRECTION('',(0.,0.,-1.));
#546 = DIRECTION('',(-1.,2.416367759478E-16,0.));
#547 = DEFINITIONAL_REPRESENTATION('',(#548),#552);
#548 = LINE('',#549,#550);
#549 = CARTESIAN_POINT('',(0.,-9.));
#550 = VECTOR('',#551,1.);
#551 = DIRECTION('',(1.,0.));
#552 = ( GEOMETRIC_REPRESENTATION_CONTEXT(2) 
PARAMETRIC_REPRESENTATION_CONTEXT() REPRESENTATION_CONTEXT('2D SPACE',''
  ) );
#553 = ORIENTED_EDGE('',*,*,#554,.F.);
#554 = EDGE_CURVE('',#555,#522,#557,.T.);
#555 = VERTEX_POINT('',#556);
#556 = CARTESIAN_POINT('',(-47.3,-27.6,100.));
#557 = SURFACE_CURVE('',#558,(#562,#568),.PCURVE_S1.);
#558 = LINE('',#559,#560);
#559 = CARTESIAN_POINT('',(-47.3,-25.2,100.));
#560 = VECTOR('',#561,1.);
#561 = DIRECTION('',(1.110223024625E-16,1.,-0.));
#562 = PCURVE('',#32,#563);
#563 = DEFINITIONAL_REPRESENTATION('',(#564),#567);
#564 = B_SPLINE_CURVE_WITH_KNOTS('',1,(#565,#566),.UNSPECIFIED.,.F.,.F.,
  (2,2),(-2.4,-1.2),.PIECEWISE_BEZIER_KNOTS.);
#565 = CARTESIAN_POINT('',(0.7,-3.6));
#566 = CARTESIAN_POINT('',(0.7,-2.4));
#567 = ( GEOMETRIC_REPRESENTATION_CONTEXT(2) 
PARAMETRIC_REPRESENTATION_CONTEXT() REPRESENTATION_CONTEXT('2D SPACE',''
  ) );
#568 = PCURVE('',#569,#574);
#569 = PLANE('',#570);
#570 = AXIS2_PLACEMENT_3D('',#571,#572,#573);
#571 = CARTESIAN_POINT('',(-47.3,-26.4,91.));
#572 = DIRECTION('',(1.,-1.110223024625E-16,0.));
#573 = DIRECTION('',(-1.110223024625E-16,-1.,0.));
#574 = DEFINITIONAL_REPRESENTATION('',(#575),#578);
#575 = B_SPLINE_CURVE_WITH_KNOTS('',1,(#576,#577),.UNSPECIFIED.,.F.,.F.,
  (2,2),(-2.4,-1.2),.PIECEWISE_BEZIER_KNOTS.);
#576 = CARTESIAN_POINT('',(1.2,-9.));
#577 = CARTESIAN_POINT('',(0.,-9.));
#578 = ( GEOMETRIC_REPRESENTATION_CONTEXT(2) 
PARAMETRIC_REPRESENTATION_CONTEXT() REPRESENTATION_CONTEXT('2D SPACE',''
  ) );
#579 = ORIENTED_EDGE('',*,*,#580,.T.);
#580 = EDGE_CURVE('',#555,#496,#581,.T.);
#581 = SURFACE_CURVE('',#582,(#587,#598),.PCURVE_S1.);
#582 = CIRCLE('',#583,1.7);
#583 = AXIS2_PLACEMENT_3D('',#584,#585,#586);
#584 = CARTESIAN_POINT('',(-49.,-27.6,100.));
#585 = DIRECTION('',(-0.,0.,-1.));
#586 = DIRECTION('',(1.,-2.416367759478E-16,-0.));
#587 = PCURVE('',#32,#588);
#588 = DEFINITIONAL_REPRESENTATION('',(#589),#597);
#589 = ( BOUNDED_CURVE() B_SPLINE_CURVE(2,(#590,#591,#592,#593,#594,#595
,#596),.UNSPECIFIED.,.T.,.F.) B_SPLINE_CURVE_WITH_KNOTS((1,2,2,2,2,1),(
    -2.094395102393,0.,2.094395102393,4.188790204786,6.28318530718,
8.377580409573),.UNSPECIFIED.) CURVE() GEOMETRIC_REPRESENTATION_ITEM() 
RATIONAL_B_SPLINE_CURVE((1.,0.5,1.,0.5,1.,0.5,1.)) REPRESENTATION_ITEM(
  '') );
#590 = CARTESIAN_POINT('',(0.7,-3.6));
#591 = CARTESIAN_POINT('',(0.7,-6.544486372867));
#592 = CARTESIAN_POINT('',(-1.85,-5.072243186434));
#593 = CARTESIAN_POINT('',(-4.4,-3.6));
#594 = CARTESIAN_POINT('',(-1.85,-2.127756813566));
#595 = CARTESIAN_POINT('',(0.7,-0.655513627133));
#596 = CARTESIAN_POINT('',(0.7,-3.6));
#597 = ( GEOMETRIC_REPRESENTATION_CONTEXT(2) 
PARAMETRIC_REPRESENTATION_CONTEXT() REPRESENTATION_CONTEXT('2D SPACE',''
  ) );
#598 = PCURVE('',#599,#604);
#599 = CYLINDRICAL_SURFACE('',#600,1.7);
#600 = AXIS2_PLACEMENT_3D('',#601,#602,#603);
#601 = CARTESIAN_POINT('',(-49.,-27.6,91.));
#602 = DIRECTION('',(-0.,0.,-1.));
#603 = DIRECTION('',(1.,-2.416367759478E-16,-0.));
#604 = DEFINITIONAL_REPRESENTATION('',(#605),#609);
#605 = LINE('',#606,#607);
#606 = CARTESIAN_POINT('',(0.,-9.));
#607 = VECTOR('',#608,1.);
#608 = DIRECTION('',(1.,0.));
#609 = ( GEOMETRIC_REPRESENTATION_CONTEXT(2) 
PARAMETRIC_REPRESENTATION_CONTEXT() REPRESENTATION_CONTEXT('2D SPACE',''
  ) );
#610 = FACE_BOUND('',#611,.T.);
#611 = EDGE_LOOP('',(#612,#640,#673,#699));
#612 = ORIENTED_EDGE('',*,*,#613,.F.);
#613 = EDGE_CURVE('',#614,#616,#618,.T.);
#614 = VERTEX_POINT('',#615);
#615 = CARTESIAN_POINT('',(-42.7,-26.4,100.));
#616 = VERTEX_POINT('',#617);
#617 = CARTESIAN_POINT('',(-42.7,-27.6,100.));
#618 = SURFACE_CURVE('',#619,(#623,#629),.PCURVE_S1.);
#619 = LINE('',#620,#621);
#620 = CARTESIAN_POINT('',(-42.7,-25.8,100.));
#621 = VECTOR('',#622,1.);
#622 = DIRECTION('',(-1.110223024625E-16,-1.,0.));
#623 = PCURVE('',#32,#624);
#624 = DEFINITIONAL_REPRESENTATION('',(#625),#628);
#625 = B_SPLINE_CURVE_WITH_KNOTS('',1,(#626,#627),.UNSPECIFIED.,.F.,.F.,
  (2,2),(0.6,1.8),.PIECEWISE_BEZIER_KNOTS.);
#626 = CARTESIAN_POINT('',(5.3,-2.4));
#627 = CARTESIAN_POINT('',(5.3,-3.6));
#628 = ( GEOMETRIC_REPRESENTATION_CONTEXT(2) 
PARAMETRIC_REPRESENTATION_CONTEXT() REPRESENTATION_CONTEXT('2D SPACE',''
  ) );
#629 = PCURVE('',#630,#635);
#630 = PLANE('',#631);
#631 = AXIS2_PLACEMENT_3D('',#632,#633,#634);
#632 = CARTESIAN_POINT('',(-42.7,-27.6,91.));
#633 = DIRECTION('',(-1.,1.110223024625E-16,0.));
#634 = DIRECTION('',(1.110223024625E-16,1.,0.));
#635 = DEFINITIONAL_REPRESENTATION('',(#636),#639);
#636 = B_SPLINE_CURVE_WITH_KNOTS('',1,(#637,#638),.UNSPECIFIED.,.F.,.F.,
  (2,2),(0.6,1.8),.PIECEWISE_BEZIER_KNOTS.);
#637 = CARTESIAN_POINT('',(1.2,-9.));
#638 = CARTESIAN_POINT('',(0.,-9.));
#639 = ( GEOMETRIC_REPRESENTATION_CONTEXT(2) 
PARAMETRIC_REPRESENTATION_CONTEXT() REPRESENTATION_CONTEXT('2D SPACE',''
  ) );
#640 = ORIENTED_EDGE('',*,*,#641,.T.);
#641 = EDGE_CURVE('',#614,#642,#644,.T.);
#642 = VERTEX_POINT('',#643);
#643 = CARTESIAN_POINT('',(-39.3,-26.4,100.));
#644 = SURFACE_CURVE('',#645,(#650,#661),.PCURVE_S1.);
#645 = CIRCLE('',#646,1.7);
#646 = AXIS2_PLACEMENT_3D('',#647,#648,#649);
#647 = CARTESIAN_POINT('',(-41.,-26.4,100.));
#648 = DIRECTION('',(0.,0.,-1.));
#649 = DIRECTION('',(-1.,2.416367759478E-16,0.));
#650 = PCURVE('',#32,#651);
#651 = DEFINITIONAL_REPRESENTATION('',(#652),#660);
#652 = ( BOUNDED_CURVE() B_SPLINE_CURVE(2,(#653,#654,#655,#656,#657,#658
,#659),.UNSPECIFIED.,.T.,.F.) B_SPLINE_CURVE_WITH_KNOTS((1,2,2,2,2,1),(
    -2.094395102393,0.,2.094395102393,4.188790204786,6.28318530718,
8.377580409573),.UNSPECIFIED.) CURVE() GEOMETRIC_REPRESENTATION_ITEM() 
RATIONAL_B_SPLINE_CURVE((1.,0.5,1.,0.5,1.,0.5,1.)) REPRESENTATION_ITEM(
  '') );
#653 = CARTESIAN_POINT('',(5.3,-2.4));
#654 = CARTESIAN_POINT('',(5.3,0.544486372867));
#655 = CARTESIAN_POINT('',(7.85,-0.927756813566));
#656 = CARTESIAN_POINT('',(10.4,-2.4));
#657 = CARTESIAN_POINT('',(7.85,-3.872243186434));
#658 = CARTESIAN_POINT('',(5.3,-5.344486372867));
#659 = CARTESIAN_POINT('',(5.3,-2.4));
#660 = ( GEOMETRIC_REPRESENTATION_CONTEXT(2) 
PARAMETRIC_REPRESENTATION_CONTEXT() REPRESENTATION_CONTEXT('2D SPACE',''
  ) );
#661 = PCURVE('',#662,#667);
#662 = CYLINDRICAL_SURFACE('',#663,1.7);
#663 = AXIS2_PLACEMENT_3D('',#664,#665,#666);
#664 = CARTESIAN_POINT('',(-41.,-26.4,91.));
#665 = DIRECTION('',(0.,0.,-1.));
#666 = DIRECTION('',(-1.,2.416367759478E-16,0.));
#667 = DEFINITIONAL_REPRESENTATION('',(#668),#672);
#668 = LINE('',#669,#670);
#669 = CARTESIAN_POINT('',(0.,-9.));
#670 = VECTOR('',#671,1.);
#671 = DIRECTION('',(1.,0.));
#672 = ( GEOMETRIC_REPRESENTATION_CONTEXT(2) 
PARAMETRIC_REPRESENTATION_CONTEXT() REPRESENTATION_CONTEXT('2D SPACE',''
  ) );
#673 = ORIENTED_EDGE('',*,*,#674,.F.);
#674 = EDGE_CURVE('',#675,#642,#677,.T.);
#675 = VERTEX_POINT('',#676);
#676 = CARTESIAN_POINT('',(-39.3,-27.6,100.));
#677 = SURFACE_CURVE('',#678,(#682,#688),.PCURVE_S1.);
#678 = LINE('',#679,#680);
#679 = CARTESIAN_POINT('',(-39.3,-25.2,100.));
#680 = VECTOR('',#681,1.);
#681 = DIRECTION('',(1.110223024625E-16,1.,-0.));
#682 = PCURVE('',#32,#683);
#683 = DEFINITIONAL_REPRESENTATION('',(#684),#687);
#684 = B_SPLINE_CURVE_WITH_KNOTS('',1,(#685,#686),.UNSPECIFIED.,.F.,.F.,
  (2,2),(-2.4,-1.2),.PIECEWISE_BEZIER_KNOTS.);
#685 = CARTESIAN_POINT('',(8.7,-3.6));
#686 = CARTESIAN_POINT('',(8.7,-2.4));
#687 = ( GEOMETRIC_REPRESENTATION_CONTEXT(2) 
PARAMETRIC_REPRESENTATION_CONTEXT() REPRESENTATION_CONTEXT('2D SPACE',''
  ) );
#688 = PCURVE('',#689,#694);
#689 = PLANE('',#690);
#690 = AXIS2_PLACEMENT_3D('',#691,#692,#693);
#691 = CARTESIAN_POINT('',(-39.3,-26.4,91.));
#692 = DIRECTION('',(1.,-1.110223024625E-16,0.));
#693 = DIRECTION('',(-1.110223024625E-16,-1.,0.));
#694 = DEFINITIONAL_REPRESENTATION('',(#695),#698);
#695 = B_SPLINE_CURVE_WITH_KNOTS('',1,(#696,#697),.UNSPECIFIED.,.F.,.F.,
  (2,2),(-2.4,-1.2),.PIECEWISE_BEZIER_KNOTS.);
#696 = CARTESIAN_POINT('',(1.2,-9.));
#697 = CARTESIAN_POINT('',(0.,-9.));
#698 = ( GEOMETRIC_REPRESENTATION_CONTEXT(2) 
PARAMETRIC_REPRESENTATION_CONTEXT() REPRESENTATION_CONTEXT('2D SPACE',''
  ) );
#699 = ORIENTED_EDGE('',*,*,#700,.T.);
#700 = EDGE_CURVE('',#675,#616,#701,.T.);
#701 = SURFACE_CURVE('',#702,(#707,#718),.PCURVE_S1.);
#702 = CIRCLE('',#703,1.7);
#703 = AXIS2_PLACEMENT_3D('',#704,#705,#706);
#704 = CARTESIAN_POINT('',(-41.,-27.6,100.));
#705 = DIRECTION('',(-0.,0.,-1.));
#706 = DIRECTION('',(1.,-2.416367759478E-16,-0.));
#707 = PCURVE('',#32,#708);
#708 = DEFINITIONAL_REPRESENTATION('',(#709),#717);
#709 = ( BOUNDED_CURVE() B_SPLINE_CURVE(2,(#710,#711,#712,#713,#714,#715
,#716),.UNSPECIFIED.,.T.,.F.) B_SPLINE_CURVE_WITH_KNOTS((1,2,2,2,2,1),(
    -2.094395102393,0.,2.094395102393,4.188790204786,6.28318530718,
8.377580409573),.UNSPECIFIED.) CURVE() GEOMETRIC_REPRESENTATION_ITEM() 
RATIONAL_B_SPLINE_CURVE((1.,0.5,1.,0.5,1.,0.5,1.)) REPRESENTATION_ITEM(
  '') );
#710 = CARTESIAN_POINT('',(8.7,-3.6));
#711 = CARTESIAN_POINT('',(8.7,-6.544486372867));
#712 = CARTESIAN_POINT('',(6.15,-5.072243186434));
#713 = CARTESIAN_POINT('',(3.6,-3.6));
#714 = CARTESIAN_POINT('',(6.15,-2.127756813566));
#715 = CARTESIAN_POINT('',(8.7,-0.655513627133));
#716 = CARTESIAN_POINT('',(8.7,-3.6));
#717 = ( GEOMETRIC_REPRESENTATION_CONTEXT(2) 
PARAMETRIC_REPRESENTATION_CONTEXT() REPRESENTATION_CONTEXT('2D SPACE',''
  ) );
#718 = PCURVE('',#719,#724);
#719 = CYLINDRICAL_SURFACE('',#720,1.7);
#720 = AXIS2_PLACEMENT_3D('',#721,#722,#723);
#721 = CARTESIAN_POINT('',(-41.,-27.6,91.));
#722 = DIRECTION('',(-0.,0.,-1.));
#723 = DIRECTION('',(1.,-2.416367759478E-16,-0.));
#724 = DEFINITIONAL_REPRESENTATION('',(#725),#729);
#725 = LINE('',#726,#727);
#726 = CARTESIAN_POINT('',(0.,-9.));
#727 = VECTOR('',#728,1.);
#728 = DIRECTION('',(1.,0.));
#729 = ( GEOMETRIC_REPRESENTATION_CONTEXT(2) 
PARAMETRIC_REPRESENTATION_CONTEXT() REPRESENTATION_CONTEXT('2D SPACE',''
  ) );
#730 = FACE_BOUND('',#731,.T.);
#731 = EDGE_LOOP('',(#732));
#732 = ORIENTED_EDGE('',*,*,#733,.T.);
#733 = EDGE_CURVE('',#734,#734,#736,.T.);
#734 = VERTEX_POINT('',#735);
#735 = CARTESIAN_POINT('',(-12.3,-52.,100.));
#736 = SURFACE_CURVE('',#737,(#742,#753),.PCURVE_S1.);
#737 = CIRCLE('',#738,1.7);
#738 = AXIS2_PLACEMENT_3D('',#739,#740,#741);
#739 = CARTESIAN_POINT('',(-14.,-52.,100.));
#740 = DIRECTION('',(0.,0.,-1.));
#741 = DIRECTION('',(1.,0.,0.));
#742 = PCURVE('',#32,#743);
#743 = DEFINITIONAL_REPRESENTATION('',(#744),#752);
#744 = ( BOUNDED_CURVE() B_SPLINE_CURVE(2,(#745,#746,#747,#748,#749,#750
,#751),.UNSPECIFIED.,.T.,.F.) B_SPLINE_CURVE_WITH_KNOTS((1,2,2,2,2,1),(
    -2.094395102393,0.,2.094395102393,4.188790204786,6.28318530718,
8.377580409573),.UNSPECIFIED.) CURVE() GEOMETRIC_REPRESENTATION_ITEM() 
RATIONAL_B_SPLINE_CURVE((1.,0.5,1.,0.5,1.,0.5,1.)) REPRESENTATION_ITEM(
  '') );
#745 = CARTESIAN_POINT('',(35.7,-28.));
#746 = CARTESIAN_POINT('',(35.7,-30.94448637286));
#747 = CARTESIAN_POINT('',(33.15,-29.47224318643));
#748 = CARTESIAN_POINT('',(30.6,-28.));
#749 = CARTESIAN_POINT('',(33.15,-26.52775681356));
#750 = CARTESIAN_POINT('',(35.7,-25.05551362713));
#751 = CARTESIAN_POINT('',(35.7,-28.));
#752 = ( GEOMETRIC_REPRESENTATION_CONTEXT(2) 
PARAMETRIC_REPRESENTATION_CONTEXT() REPRESENTATION_CONTEXT('2D SPACE',''
  ) );
#753 = PCURVE('',#754,#759);
#754 = CYLINDRICAL_SURFACE('',#755,1.7);
#755 = AXIS2_PLACEMENT_3D('',#756,#757,#758);
#756 = CARTESIAN_POINT('',(-14.,-52.,91.));
#757 = DIRECTION('',(-0.,-0.,-1.));
#758 = DIRECTION('',(1.,0.,0.));
#759 = DEFINITIONAL_REPRESENTATION('',(#760),#764);
#760 = LINE('',#761,#762);
#761 = CARTESIAN_POINT('',(-6.28318530718,-9.));
#762 = VECTOR('',#763,1.);
#763 = DIRECTION('',(1.,-0.));
#764 = ( GEOMETRIC_REPRESENTATION_CONTEXT(2) 
PARAMETRIC_REPRESENTATION_CONTEXT() REPRESENTATION_CONTEXT('2D SPACE',''
  ) );
#765 = FACE_BOUND('',#766,.T.);
#766 = EDGE_LOOP('',(#767,#795,#828,#854));
#767 = ORIENTED_EDGE('',*,*,#768,.F.);
#768 = EDGE_CURVE('',#769,#771,#773,.T.);
#769 = VERTEX_POINT('',#770);
#770 = CARTESIAN_POINT('',(-18.2,-29.4,100.));
#771 = VERTEX_POINT('',#772);
#772 = CARTESIAN_POINT('',(-18.2,-30.6,100.));
#773 = SURFACE_CURVE('',#774,(#778,#784),.PCURVE_S1.);
#774 = LINE('',#775,#776);
#775 = CARTESIAN_POINT('',(-18.2,-27.3,100.));
#776 = VECTOR('',#777,1.);
#777 = DIRECTION('',(-1.110223024625E-16,-1.,0.));
#778 = PCURVE('',#32,#779);
#779 = DEFINITIONAL_REPRESENTATION('',(#780),#783);
#780 = B_SPLINE_CURVE_WITH_KNOTS('',1,(#781,#782),.UNSPECIFIED.,.F.,.F.,
  (2,2),(2.1,3.3),.PIECEWISE_BEZIER_KNOTS.);
#781 = CARTESIAN_POINT('',(29.8,-5.4));
#782 = CARTESIAN_POINT('',(29.8,-6.6));
#783 = ( GEOMETRIC_REPRESENTATION_CONTEXT(2) 
PARAMETRIC_REPRESENTATION_CONTEXT() REPRESENTATION_CONTEXT('2D SPACE',''
  ) );
#784 = PCURVE('',#785,#790);
#785 = PLANE('',#786);
#786 = AXIS2_PLACEMENT_3D('',#787,#788,#789);
#787 = CARTESIAN_POINT('',(-18.2,-30.6,91.));
#788 = DIRECTION('',(-1.,1.110223024625E-16,0.));
#789 = DIRECTION('',(1.110223024625E-16,1.,0.));
#790 = DEFINITIONAL_REPRESENTATION('',(#791),#794);
#791 = B_SPLINE_CURVE_WITH_KNOTS('',1,(#792,#793),.UNSPECIFIED.,.F.,.F.,
  (2,2),(2.1,3.3),.PIECEWISE_BEZIER_KNOTS.);
#792 = CARTESIAN_POINT('',(1.2,-9.));
#793 = CARTESIAN_POINT('',(0.,-9.));
#794 = ( GEOMETRIC_REPRESENTATION_CONTEXT(2) 
PARAMETRIC_REPRESENTATION_CONTEXT() REPRESENTATION_CONTEXT('2D SPACE',''
  ) );
#795 = ORIENTED_EDGE('',*,*,#796,.T.);
#796 = EDGE_CURVE('',#769,#797,#799,.T.);
#797 = VERTEX_POINT('',#798);
#798 = CARTESIAN_POINT('',(-14.8,-29.4,100.));
#799 = SURFACE_CURVE('',#800,(#805,#816),.PCURVE_S1.);
#800 = CIRCLE('',#801,1.7);
#801 = AXIS2_PLACEMENT_3D('',#802,#803,#804);
#802 = CARTESIAN_POINT('',(-16.5,-29.4,100.));
#803 = DIRECTION('',(0.,0.,-1.));
#804 = DIRECTION('',(-1.,2.416367759478E-16,0.));
#805 = PCURVE('',#32,#806);
#806 = DEFINITIONAL_REPRESENTATION('',(#807),#815);
#807 = ( BOUNDED_CURVE() B_SPLINE_CURVE(2,(#808,#809,#810,#811,#812,#813
,#814),.UNSPECIFIED.,.T.,.F.) B_SPLINE_CURVE_WITH_KNOTS((1,2,2,2,2,1),(
    -2.094395102393,0.,2.094395102393,4.188790204786,6.28318530718,
8.377580409573),.UNSPECIFIED.) CURVE() GEOMETRIC_REPRESENTATION_ITEM() 
RATIONAL_B_SPLINE_CURVE((1.,0.5,1.,0.5,1.,0.5,1.)) REPRESENTATION_ITEM(
  '') );
#808 = CARTESIAN_POINT('',(29.8,-5.4));
#809 = CARTESIAN_POINT('',(29.8,-2.455513627133));
#810 = CARTESIAN_POINT('',(32.35,-3.927756813566));
#811 = CARTESIAN_POINT('',(34.9,-5.4));
#812 = CARTESIAN_POINT('',(32.35,-6.872243186434));
#813 = CARTESIAN_POINT('',(29.8,-8.344486372867));
#814 = CARTESIAN_POINT('',(29.8,-5.4));
#815 = ( GEOMETRIC_REPRESENTATION_CONTEXT(2) 
PARAMETRIC_REPRESENTATION_CONTEXT() REPRESENTATION_CONTEXT('2D SPACE',''
  ) );
#816 = PCURVE('',#817,#822);
#817 = CYLINDRICAL_SURFACE('',#818,1.7);
#818 = AXIS2_PLACEMENT_3D('',#819,#820,#821);
#819 = CARTESIAN_POINT('',(-16.5,-29.4,91.));
#820 = DIRECTION('',(0.,0.,-1.));
#821 = DIRECTION('',(-1.,2.416367759478E-16,0.));
#822 = DEFINITIONAL_REPRESENTATION('',(#823),#827);
#823 = LINE('',#824,#825);
#824 = CARTESIAN_POINT('',(0.,-9.));
#825 = VECTOR('',#826,1.);
#826 = DIRECTION('',(1.,0.));
#827 = ( GEOMETRIC_REPRESENTATION_CONTEXT(2) 
PARAMETRIC_REPRESENTATION_CONTEXT() REPRESENTATION_CONTEXT('2D SPACE',''
  ) );
#828 = ORIENTED_EDGE('',*,*,#829,.F.);
#829 = EDGE_CURVE('',#830,#797,#832,.T.);
#830 = VERTEX_POINT('',#831);
#831 = CARTESIAN_POINT('',(-14.8,-30.6,100.));
#832 = SURFACE_CURVE('',#833,(#837,#843),.PCURVE_S1.);
#833 = LINE('',#834,#835);
#834 = CARTESIAN_POINT('',(-14.8,-26.7,100.));
#835 = VECTOR('',#836,1.);
#836 = DIRECTION('',(1.110223024625E-16,1.,-0.));
#837 = PCURVE('',#32,#838);
#838 = DEFINITIONAL_REPRESENTATION('',(#839),#842);
#839 = B_SPLINE_CURVE_WITH_KNOTS('',1,(#840,#841),.UNSPECIFIED.,.F.,.F.,
  (2,2),(-3.9,-2.7),.PIECEWISE_BEZIER_KNOTS.);
#840 = CARTESIAN_POINT('',(33.2,-6.6));
#841 = CARTESIAN_POINT('',(33.2,-5.4));
#842 = ( GEOMETRIC_REPRESENTATION_CONTEXT(2) 
PARAMETRIC_REPRESENTATION_CONTEXT() REPRESENTATION_CONTEXT('2D SPACE',''
  ) );
#843 = PCURVE('',#844,#849);
#844 = PLANE('',#845);
#845 = AXIS2_PLACEMENT_3D('',#846,#847,#848);
#846 = CARTESIAN_POINT('',(-14.8,-29.4,91.));
#847 = DIRECTION('',(1.,-1.110223024625E-16,0.));
#848 = DIRECTION('',(-1.110223024625E-16,-1.,0.));
#849 = DEFINITIONAL_REPRESENTATION('',(#850),#853);
#850 = B_SPLINE_CURVE_WITH_KNOTS('',1,(#851,#852),.UNSPECIFIED.,.F.,.F.,
  (2,2),(-3.9,-2.7),.PIECEWISE_BEZIER_KNOTS.);
#851 = CARTESIAN_POINT('',(1.2,-9.));
#852 = CARTESIAN_POINT('',(0.,-9.));
#853 = ( GEOMETRIC_REPRESENTATION_CONTEXT(2) 
PARAMETRIC_REPRESENTATION_CONTEXT() REPRESENTATION_CONTEXT('2D SPACE',''
  ) );
#854 = ORIENTED_EDGE('',*,*,#855,.T.);
#855 = EDGE_CURVE('',#830,#771,#856,.T.);
#856 = SURFACE_CURVE('',#857,(#862,#873),.PCURVE_S1.);
#857 = CIRCLE('',#858,1.7);
#858 = AXIS2_PLACEMENT_3D('',#859,#860,#861);
#859 = CARTESIAN_POINT('',(-16.5,-30.6,100.));
#860 = DIRECTION('',(-0.,0.,-1.));
#861 = DIRECTION('',(1.,-2.416367759478E-16,-0.));
#862 = PCURVE('',#32,#863);
#863 = DEFINITIONAL_REPRESENTATION('',(#864),#872);
#864 = ( BOUNDED_CURVE() B_SPLINE_CURVE(2,(#865,#866,#867,#868,#869,#870
,#871),.UNSPECIFIED.,.T.,.F.) B_SPLINE_CURVE_WITH_KNOTS((1,2,2,2,2,1),(
    -2.094395102393,0.,2.094395102393,4.188790204786,6.28318530718,
8.377580409573),.UNSPECIFIED.) CURVE() GEOMETRIC_REPRESENTATION_ITEM() 
RATIONAL_B_SPLINE_CURVE((1.,0.5,1.,0.5,1.,0.5,1.)) REPRESENTATION_ITEM(
  '') );
#865 = CARTESIAN_POINT('',(33.2,-6.6));
#866 = CARTESIAN_POINT('',(33.2,-9.544486372867));
#867 = CARTESIAN_POINT('',(30.65,-8.072243186434));
#868 = CARTESIAN_POINT('',(28.1,-6.6));
#869 = CARTESIAN_POINT('',(30.65,-5.127756813566));
#870 = CARTESIAN_POINT('',(33.2,-3.655513627133));
#871 = CARTESIAN_POINT('',(33.2,-6.6));
#872 = ( GEOMETRIC_REPRESENTATION_CONTEXT(2) 
PARAMETRIC_REPRESENTATION_CONTEXT() REPRESENTATION_CONTEXT('2D SPACE',''
  ) );
#873 = PCURVE('',#874,#879);
#874 = CYLINDRICAL_SURFACE('',#875,1.7);
#875 = AXIS2_PLACEMENT_3D('',#876,#877,#878);
#876 = CARTESIAN_POINT('',(-16.5,-30.6,91.));
#877 = DIRECTION('',(-0.,0.,-1.));
#878 = DIRECTION('',(1.,-2.416367759478E-16,-0.));
#879 = DEFINITIONAL_REPRESENTATION('',(#880),#884);
#880 = LINE('',#881,#882);
#881 = CARTESIAN_POINT('',(0.,-9.));
#882 = VECTOR('',#883,1.);
#883 = DIRECTION('',(1.,0.));
#884 = ( GEOMETRIC_REPRESENTATION_CONTEXT(2) 
PARAMETRIC_REPRESENTATION_CONTEXT() REPRESENTATION_CONTEXT('2D SPACE',''
  ) );
#885 = FACE_BOUND('',#886,.T.);
#886 = EDGE_LOOP('',(#887));
#887 = ORIENTED_EDGE('',*,*,#888,.T.);
#888 = EDGE_CURVE('',#889,#889,#891,.T.);
#889 = VERTEX_POINT('',#890);
#890 = CARTESIAN_POINT('',(-28.3,-9.,100.));
#891 = SURFACE_CURVE('',#892,(#897,#908),.PCURVE_S1.);
#892 = CIRCLE('',#893,1.7);
#893 = AXIS2_PLACEMENT_3D('',#894,#895,#896);
#894 = CARTESIAN_POINT('',(-30.,-9.,100.));
#895 = DIRECTION('',(0.,0.,-1.));
#896 = DIRECTION('',(1.,0.,0.));
#897 = PCURVE('',#32,#898);
#898 = DEFINITIONAL_REPRESENTATION('',(#899),#907);
#899 = ( BOUNDED_CURVE() B_SPLINE_CURVE(2,(#900,#901,#902,#903,#904,#905
,#906),.UNSPECIFIED.,.T.,.F.) B_SPLINE_CURVE_WITH_KNOTS((1,2,2,2,2,1),(
    -2.094395102393,0.,2.094395102393,4.188790204786,6.28318530718,
8.377580409573),.UNSPECIFIED.) CURVE() GEOMETRIC_REPRESENTATION_ITEM() 
RATIONAL_B_SPLINE_CURVE((1.,0.5,1.,0.5,1.,0.5,1.)) REPRESENTATION_ITEM(
  '') );
#900 = CARTESIAN_POINT('',(19.7,15.));
#901 = CARTESIAN_POINT('',(19.7,12.055513627133));
#902 = CARTESIAN_POINT('',(17.15,13.527756813566));
#903 = CARTESIAN_POINT('',(14.6,15.));
#904 = CARTESIAN_POINT('',(17.15,16.472243186434));
#905 = CARTESIAN_POINT('',(19.7,17.944486372867));
#906 = CARTESIAN_POINT('',(19.7,15.));
#907 = ( GEOMETRIC_REPRESENTATION_CONTEXT(2) 
PARAMETRIC_REPRESENTATION_CONTEXT() REPRESENTATION_CONTEXT('2D SPACE',''
  ) );
#908 = PCURVE('',#909,#914);
#909 = CYLINDRICAL_SURFACE('',#910,1.7);
#910 = AXIS2_PLACEMENT_3D('',#911,#912,#913);
#911 = CARTESIAN_POINT('',(-30.,-9.,91.));
#912 = DIRECTION('',(-0.,-0.,-1.));
#913 = DIRECTION('',(1.,0.,0.));
#914 = DEFINITIONAL_REPRESENTATION('',(#915),#919);
#915 = LINE('',#916,#917);
#916 = CARTESIAN_POINT('',(-6.28318530718,-9.));
#917 = VECTOR('',#918,1.);
#918 = DIRECTION('',(1.,-0.));
#919 = ( GEOMETRIC_REPRESENTATION_CONTEXT(2) 
PARAMETRIC_REPRESENTATION_CONTEXT() REPRESENTATION_CONTEXT('2D SPACE',''
  ) );
#920 = FACE_BOUND('',#921,.T.);
#921 = EDGE_LOOP('',(#922));
#922 = ORIENTED_EDGE('',*,*,#923,.T.);
#923 = EDGE_CURVE('',#924,#924,#926,.T.);
#924 = VERTEX_POINT('',#925);
#925 = CARTESIAN_POINT('',(-28.3,9.,100.));
#926 = SURFACE_CURVE('',#927,(#932,#943),.PCURVE_S1.);
#927 = CIRCLE('',#928,1.7);
#928 = AXIS2_PLACEMENT_3D('',#929,#930,#931);
#929 = CARTESIAN_POINT('',(-30.,9.,100.));
#930 = DIRECTION('',(0.,0.,-1.));
#931 = DIRECTION('',(1.,0.,0.));
#932 = PCURVE('',#32,#933);
#933 = DEFINITIONAL_REPRESENTATION('',(#934),#942);
#934 = ( BOUNDED_CURVE() B_SPLINE_CURVE(2,(#935,#936,#937,#938,#939,#940
,#941),.UNSPECIFIED.,.T.,.F.) B_SPLINE_CURVE_WITH_KNOTS((1,2,2,2,2,1),(
    -2.094395102393,0.,2.094395102393,4.188790204786,6.28318530718,
8.377580409573),.UNSPECIFIED.) CURVE() GEOMETRIC_REPRESENTATION_ITEM() 
RATIONAL_B_SPLINE_CURVE((1.,0.5,1.,0.5,1.,0.5,1.)) REPRESENTATION_ITEM(
  '') );
#935 = CARTESIAN_POINT('',(19.7,33.));
#936 = CARTESIAN_POINT('',(19.7,30.055513627133));
#937 = CARTESIAN_POINT('',(17.15,31.527756813566));
#938 = CARTESIAN_POINT('',(14.6,33.));
#939 = CARTESIAN_POINT('',(17.15,34.472243186434));
#940 = CARTESIAN_POINT('',(19.7,35.944486372867));
#941 = CARTESIAN_POINT('',(19.7,33.));
#942 = ( GEOMETRIC_REPRESENTATION_CONTEXT(2) 
PARAMETRIC_REPRESENTATION_CONTEXT() REPRESENTATION_CONTEXT('2D SPACE',''
  ) );
#943 = PCURVE('',#944,#949);
#944 = CYLINDRICAL_SURFACE('',#945,1.7);
#945 = AXIS2_PLACEMENT_3D('',#946,#947,#948);
#946 = CARTESIAN_POINT('',(-30.,9.,91.));
#947 = DIRECTION('',(-0.,-0.,-1.));
#948 = DIRECTION('',(1.,0.,0.));
#949 = DEFINITIONAL_REPRESENTATION('',(#950),#954);
#950 = LINE('',#951,#952);
#951 = CARTESIAN_POINT('',(-6.28318530718,-9.));
#952 = VECTOR('',#953,1.);
#953 = DIRECTION('',(1.,-0.));
#954 = ( GEOMETRIC_REPRESENTATION_CONTEXT(2) 
PARAMETRIC_REPRESENTATION_CONTEXT() REPRESENTATION_CONTEXT('2D SPACE',''
  ) );
#955 = FACE_BOUND('',#956,.T.);
#956 = EDGE_LOOP('',(#957));
#957 = ORIENTED_EDGE('',*,*,#958,.T.);
#958 = EDGE_CURVE('',#959,#959,#961,.T.);
#959 = VERTEX_POINT('',#960);
#960 = CARTESIAN_POINT('',(10.,0.,100.));
#961 = SURFACE_CURVE('',#962,(#967,#978),.PCURVE_S1.);
#962 = CIRCLE('',#963,10.);
#963 = AXIS2_PLACEMENT_3D('',#964,#965,#966);
#964 = CARTESIAN_POINT('',(0.,0.,100.));
#965 = DIRECTION('',(0.,0.,-1.));
#966 = DIRECTION('',(1.,0.,0.));
#967 = PCURVE('',#32,#968);
#968 = DEFINITIONAL_REPRESENTATION('',(#969),#977);
#969 = ( BOUNDED_CURVE() B_SPLINE_CURVE(2,(#970,#971,#972,#973,#974,#975
,#976),.UNSPECIFIED.,.T.,.F.) B_SPLINE_CURVE_WITH_KNOTS((1,2,2,2,2,1),(
    -2.094395102393,0.,2.094395102393,4.188790204786,6.28318530718,
8.377580409573),.UNSPECIFIED.) CURVE() GEOMETRIC_REPRESENTATION_ITEM() 
RATIONAL_B_SPLINE_CURVE((1.,0.5,1.,0.5,1.,0.5,1.)) REPRESENTATION_ITEM(
  '') );
#970 = CARTESIAN_POINT('',(58.,24.));
#971 = CARTESIAN_POINT('',(58.,6.679491924311));
#972 = CARTESIAN_POINT('',(43.,15.339745962156));
#973 = CARTESIAN_POINT('',(28.,24.));
#974 = CARTESIAN_POINT('',(43.,32.660254037844));
#975 = CARTESIAN_POINT('',(58.,41.320508075689));
#976 = CARTESIAN_POINT('',(58.,24.));
#977 = ( GEOMETRIC_REPRESENTATION_CONTEXT(2) 
PARAMETRIC_REPRESENTATION_CONTEXT() REPRESENTATION_CONTEXT('2D SPACE',''
  ) );
#978 = PCURVE('',#979,#984);
#979 = CYLINDRICAL_SURFACE('',#980,10.);
#980 = AXIS2_PLACEMENT_3D('',#981,#982,#983);
#981 = CARTESIAN_POINT('',(0.,0.,40.));
#982 = DIRECTION('',(-0.,-0.,-1.));
#983 = DIRECTION('',(1.,0.,0.));
#984 = DEFINITIONAL_REPRESENTATION('',(#985),#989);
#985 = LINE('',#986,#987);
#986 = CARTESIAN_POINT('',(-6.28318530718,-60.));
#987 = VECTOR('',#988,1.);
#988 = DIRECTION('',(1.,-0.));
#989 = ( GEOMETRIC_REPRESENTATION_CONTEXT(2) 
PARAMETRIC_REPRESENTATION_CONTEXT() REPRESENTATION_CONTEXT('2D SPACE',''
  ) );
#990 = ADVANCED_FACE('',(#991),#44,.T.);
#991 = FACE_BOUND('',#992,.T.);
#992 = EDGE_LOOP('',(#993,#1023,#1044,#1045));
#993 = ORIENTED_EDGE('',*,*,#994,.F.);
#994 = EDGE_CURVE('',#995,#997,#999,.T.);
#995 = VERTEX_POINT('',#996);
#996 = CARTESIAN_POINT('',(-55.,-23.,92.));
#997 = VERTEX_POINT('',#998);
#998 = CARTESIAN_POINT('',(-53.,-23.,92.));
#999 = SURFACE_CURVE('',#1000,(#1004,#1011),.PCURVE_S1.);
#1000 = LINE('',#1001,#1002);
#1001 = CARTESIAN_POINT('',(-60.,-23.,92.));
#1002 = VECTOR('',#1003,1.);
#1003 = DIRECTION('',(1.,0.,0.));
#1004 = PCURVE('',#44,#1005);
#1005 = DEFINITIONAL_REPRESENTATION('',(#1006),#1010);
#1006 = LINE('',#1007,#1008);
#1007 = CARTESIAN_POINT('',(0.,0.));
#1008 = VECTOR('',#1009,1.);
#1009 = DIRECTION('',(0.,1.));
#1010 = ( GEOMETRIC_REPRESENTATION_CONTEXT(2) 
PARAMETRIC_REPRESENTATION_CONTEXT() REPRESENTATION_CONTEXT('2D SPACE',''
  ) );
#1011 = PCURVE('',#1012,#1017);
#1012 = PLANE('',#1013);
#1013 = AXIS2_PLACEMENT_3D('',#1014,#1015,#1016);
#1014 = CARTESIAN_POINT('',(-60.,-60.,92.));
#1015 = DIRECTION('',(0.,0.,1.));
#1016 = DIRECTION('',(1.,0.,0.));
#1017 = DEFINITIONAL_REPRESENTATION('',(#1018),#1022);
#1018 = LINE('',#1019,#1020);
#1019 = CARTESIAN_POINT('',(0.,37.));
#1020 = VECTOR('',#1021,1.);
#1021 = DIRECTION('',(1.,0.));
#1022 = ( GEOMETRIC_REPRESENTATION_CONTEXT(2) 
PARAMETRIC_REPRESENTATION_CONTEXT() REPRESENTATION_CONTEXT('2D SPACE',''
  ) );
#1023 = ORIENTED_EDGE('',*,*,#1024,.T.);
#1024 = EDGE_CURVE('',#995,#22,#1025,.T.);
#1025 = SURFACE_CURVE('',#1026,(#1030,#1037),.PCURVE_S1.);
#1026 = LINE('',#1027,#1028);
#1027 = CARTESIAN_POINT('',(-55.,-23.,92.));
#1028 = VECTOR('',#1029,1.);
#1029 = DIRECTION('',(0.,0.,1.));
#1030 = PCURVE('',#44,#1031);
#1031 = DEFINITIONAL_REPRESENTATION('',(#1032),#1036);
#1032 = LINE('',#1033,#1034);
#1033 = CARTESIAN_POINT('',(0.,5.));
#1034 = VECTOR('',#1035,1.);
#1035 = DIRECTION('',(1.,0.));
#1036 = ( GEOMETRIC_REPRESENTATION_CONTEXT(2) 
PARAMETRIC_REPRESENTATION_CONTEXT() REPRESENTATION_CONTEXT('2D SPACE',''
  ) );
#1037 = PCURVE('',#73,#1038);
#1038 = DEFINITIONAL_REPRESENTATION('',(#1039),#1043);
#1039 = LINE('',#1040,#1041);
#1040 = CARTESIAN_POINT('',(0.,0.));
#1041 = VECTOR('',#1042,1.);
#1042 = DIRECTION('',(0.,1.));
#1043 = ( GEOMETRIC_REPRESENTATION_CONTEXT(2) 
PARAMETRIC_REPRESENTATION_CONTEXT() REPRESENTATION_CONTEXT('2D SPACE',''
  ) );
#1044 = ORIENTED_EDGE('',*,*,#21,.T.);
#1045 = ORIENTED_EDGE('',*,*,#1046,.F.);
#1046 = EDGE_CURVE('',#997,#24,#1047,.T.);
#1047 = SURFACE_CURVE('',#1048,(#1052,#1059),.PCURVE_S1.);
#1048 = LINE('',#1049,#1050);
#1049 = CARTESIAN_POINT('',(-53.,-23.,92.));
#1050 = VECTOR('',#1051,1.);
#1051 = DIRECTION('',(0.,0.,1.));
#1052 = PCURVE('',#44,#1053);
#1053 = DEFINITIONAL_REPRESENTATION('',(#1054),#1058);
#1054 = LINE('',#1055,#1056);
#1055 = CARTESIAN_POINT('',(0.,7.));
#1056 = VECTOR('',#1057,1.);
#1057 = DIRECTION('',(1.,0.));
#1058 = ( GEOMETRIC_REPRESENTATION_CONTEXT(2) 
PARAMETRIC_REPRESENTATION_CONTEXT() REPRESENTATION_CONTEXT('2D SPACE',''
  ) );
#1059 = PCURVE('',#444,#1060);
#1060 = DEFINITIONAL_REPRESENTATION('',(#1061),#1065);
#1061 = LINE('',#1062,#1063);
#1062 = CARTESIAN_POINT('',(0.,0.));
#1063 = VECTOR('',#1064,1.);
#1064 = DIRECTION('',(0.,1.));
#1065 = ( GEOMETRIC_REPRESENTATION_CONTEXT(2) 
PARAMETRIC_REPRESENTATION_CONTEXT() REPRESENTATION_CONTEXT('2D SPACE',''
  ) );
#1066 = ADVANCED_FACE('',(#1067),#73,.T.);
#1067 = FACE_BOUND('',#1068,.T.);
#1068 = EDGE_LOOP('',(#1069,#1093,#1114,#1115));
#1069 = ORIENTED_EDGE('',*,*,#1070,.T.);
#1070 = EDGE_CURVE('',#995,#1071,#1073,.T.);
#1071 = VERTEX_POINT('',#1072);
#1072 = CARTESIAN_POINT('',(-60.,-28.,92.));
#1073 = SURFACE_CURVE('',#1074,(#1079,#1086),.PCURVE_S1.);
#1074 = CIRCLE('',#1075,5.);
#1075 = AXIS2_PLACEMENT_3D('',#1076,#1077,#1078);
#1076 = CARTESIAN_POINT('',(-55.,-28.,92.));
#1077 = DIRECTION('',(0.,0.,1.));
#1078 = DIRECTION('',(0.,-1.,0.));
#1079 = PCURVE('',#73,#1080);
#1080 = DEFINITIONAL_REPRESENTATION('',(#1081),#1085);
#1081 = LINE('',#1082,#1083);
#1082 = CARTESIAN_POINT('',(-3.14159265359,0.));
#1083 = VECTOR('',#1084,1.);
#1084 = DIRECTION('',(1.,0.));
#1085 = ( GEOMETRIC_REPRESENTATION_CONTEXT(2) 
PARAMETRIC_REPRESENTATION_CONTEXT() REPRESENTATION_CONTEXT('2D SPACE',''
  ) );
#1086 = PCURVE('',#1012,#1087);
#1087 = DEFINITIONAL_REPRESENTATION('',(#1088),#1092);
#1088 = CIRCLE('',#1089,5.);
#1089 = AXIS2_PLACEMENT_2D('',#1090,#1091);
#1090 = CARTESIAN_POINT('',(5.,32.));
#1091 = DIRECTION('',(0.,-1.));
#1092 = ( GEOMETRIC_REPRESENTATION_CONTEXT(2) 
PARAMETRIC_REPRESENTATION_CONTEXT() REPRESENTATION_CONTEXT('2D SPACE',''
  ) );
#1093 = ORIENTED_EDGE('',*,*,#1094,.T.);
#1094 = EDGE_CURVE('',#1071,#57,#1095,.T.);
#1095 = SURFACE_CURVE('',#1096,(#1100,#1107),.PCURVE_S1.);
#1096 = LINE('',#1097,#1098);
#1097 = CARTESIAN_POINT('',(-60.,-28.,92.));
#1098 = VECTOR('',#1099,1.);
#1099 = DIRECTION('',(0.,0.,1.));
#1100 = PCURVE('',#73,#1101);
#1101 = DEFINITIONAL_REPRESENTATION('',(#1102),#1106);
#1102 = LINE('',#1103,#1104);
#1103 = CARTESIAN_POINT('',(1.570796326795,0.));
#1104 = VECTOR('',#1105,1.);
#1105 = DIRECTION('',(0.,1.));
#1106 = ( GEOMETRIC_REPRESENTATION_CONTEXT(2) 
PARAMETRIC_REPRESENTATION_CONTEXT() REPRESENTATION_CONTEXT('2D SPACE',''
  ) );
#1107 = PCURVE('',#101,#1108);
#1108 = DEFINITIONAL_REPRESENTATION('',(#1109),#1113);
#1109 = LINE('',#1110,#1111);
#1110 = CARTESIAN_POINT('',(0.,-32.));
#1111 = VECTOR('',#1112,1.);
#1112 = DIRECTION('',(1.,0.));
#1113 = ( GEOMETRIC_REPRESENTATION_CONTEXT(2) 
PARAMETRIC_REPRESENTATION_CONTEXT() REPRESENTATION_CONTEXT('2D SPACE',''
  ) );
#1114 = ORIENTED_EDGE('',*,*,#56,.F.);
#1115 = ORIENTED_EDGE('',*,*,#1024,.F.);
#1116 = ADVANCED_FACE('',(#1117),#444,.F.);
#1117 = FACE_BOUND('',#1118,.F.);
#1118 = EDGE_LOOP('',(#1119,#1143,#1164,#1165));
#1119 = ORIENTED_EDGE('',*,*,#1120,.T.);
#1120 = EDGE_CURVE('',#997,#1121,#1123,.T.);
#1121 = VERTEX_POINT('',#1122);
#1122 = CARTESIAN_POINT('',(-48.,-18.,92.));
#1123 = SURFACE_CURVE('',#1124,(#1129,#1136),.PCURVE_S1.);
#1124 = CIRCLE('',#1125,5.);
#1125 = AXIS2_PLACEMENT_3D('',#1126,#1127,#1128);
#1126 = CARTESIAN_POINT('',(-53.,-18.,92.));
#1127 = DIRECTION('',(0.,0.,1.));
#1128 = DIRECTION('',(0.,-1.,0.));
#1129 = PCURVE('',#444,#1130);
#1130 = DEFINITIONAL_REPRESENTATION('',(#1131),#1135);
#1131 = LINE('',#1132,#1133);
#1132 = CARTESIAN_POINT('',(0.,0.));
#1133 = VECTOR('',#1134,1.);
#1134 = DIRECTION('',(1.,0.));
#1135 = ( GEOMETRIC_REPRESENTATION_CONTEXT(2) 
PARAMETRIC_REPRESENTATION_CONTEXT() REPRESENTATION_CONTEXT('2D SPACE',''
  ) );
#1136 = PCURVE('',#1012,#1137);
#1137 = DEFINITIONAL_REPRESENTATION('',(#1138),#1142);
#1138 = CIRCLE('',#1139,5.);
#1139 = AXIS2_PLACEMENT_2D('',#1140,#1141);
#1140 = CARTESIAN_POINT('',(7.,42.));
#1141 = DIRECTION('',(0.,-1.));
#1142 = ( GEOMETRIC_REPRESENTATION_CONTEXT(2) 
PARAMETRIC_REPRESENTATION_CONTEXT() REPRESENTATION_CONTEXT('2D SPACE',''
  ) );
#1143 = ORIENTED_EDGE('',*,*,#1144,.T.);
#1144 = EDGE_CURVE('',#1121,#403,#1145,.T.);
#1145 = SURFACE_CURVE('',#1146,(#1150,#1157),.PCURVE_S1.);
#1146 = LINE('',#1147,#1148);
#1147 = CARTESIAN_POINT('',(-48.,-18.,92.));
#1148 = VECTOR('',#1149,1.);
#1149 = DIRECTION('',(0.,0.,1.));
#1150 = PCURVE('',#444,#1151);
#1151 = DEFINITIONAL_REPRESENTATION('',(#1152),#1156);
#1152 = LINE('',#1153,#1154);
#1153 = CARTESIAN_POINT('',(1.570796326795,0.));
#1154 = VECTOR('',#1155,1.);
#1155 = DIRECTION('',(0.,1.));
#1156 = ( GEOMETRIC_REPRESENTATION_CONTEXT(2) 
PARAMETRIC_REPRESENTATION_CONTEXT() REPRESENTATION_CONTEXT('2D SPACE',''
  ) );
#1157 = PCURVE('',#417,#1158);
#1158 = DEFINITIONAL_REPRESENTATION('',(#1159),#1163);
#1159 = LINE('',#1160,#1161);
#1160 = CARTESIAN_POINT('',(-39.11960187564,18.));
#1161 = VECTOR('',#1162,1.);
#1162 = DIRECTION('',(1.,0.));
#1163 = ( GEOMETRIC_REPRESENTATION_CONTEXT(2) 
PARAMETRIC_REPRESENTATION_CONTEXT() REPRESENTATION_CONTEXT('2D SPACE',''
  ) );
#1164 = ORIENTED_EDGE('',*,*,#429,.F.);
#1165 = ORIENTED_EDGE('',*,*,#1046,.F.);
#1166 = ADVANCED_FACE('',(#1167),#101,.F.);
#1167 = FACE_BOUND('',#1168,.F.);
#1168 = EDGE_LOOP('',(#1169,#1170,#1193,#1214));
#1169 = ORIENTED_EDGE('',*,*,#85,.F.);
#1170 = ORIENTED_EDGE('',*,*,#1171,.F.);
#1171 = EDGE_CURVE('',#1172,#86,#1174,.T.);
#1172 = VERTEX_POINT('',#1173);
#1173 = CARTESIAN_POINT('',(-60.,-55.,92.));
#1174 = SURFACE_CURVE('',#1175,(#1179,#1186),.PCURVE_S1.);
#1175 = LINE('',#1176,#1177);
#1176 = CARTESIAN_POINT('',(-60.,-55.,92.));
#1177 = VECTOR('',#1178,1.);
#1178 = DIRECTION('',(0.,0.,1.));
#1179 = PCURVE('',#101,#1180);
#1180 = DEFINITIONAL_REPRESENTATION('',(#1181),#1185);
#1181 = LINE('',#1182,#1183);
#1182 = CARTESIAN_POINT('',(0.,-5.));
#1183 = VECTOR('',#1184,1.);
#1184 = DIRECTION('',(1.,0.));
#1185 = ( GEOMETRIC_REPRESENTATION_CONTEXT(2) 
PARAMETRIC_REPRESENTATION_CONTEXT() REPRESENTATION_CONTEXT('2D SPACE',''
  ) );
#1186 = PCURVE('',#134,#1187);
#1187 = DEFINITIONAL_REPRESENTATION('',(#1188),#1192);
#1188 = LINE('',#1189,#1190);
#1189 = CARTESIAN_POINT('',(-1.570796326795,0.));
#1190 = VECTOR('',#1191,1.);
#1191 = DIRECTION('',(-0.,1.));
#1192 = ( GEOMETRIC_REPRESENTATION_CONTEXT(2) 
PARAMETRIC_REPRESENTATION_CONTEXT() REPRESENTATION_CONTEXT('2D SPACE',''
  ) );
#1193 = ORIENTED_EDGE('',*,*,#1194,.T.);
#1194 = EDGE_CURVE('',#1172,#1071,#1195,.T.);
#1195 = SURFACE_CURVE('',#1196,(#1200,#1207),.PCURVE_S1.);
#1196 = LINE('',#1197,#1198);
#1197 = CARTESIAN_POINT('',(-60.,-60.,92.));
#1198 = VECTOR('',#1199,1.);
#1199 = DIRECTION('',(0.,1.,0.));
#1200 = PCURVE('',#101,#1201);
#1201 = DEFINITIONAL_REPRESENTATION('',(#1202),#1206);
#1202 = LINE('',#1203,#1204);
#1203 = CARTESIAN_POINT('',(0.,0.));
#1204 = VECTOR('',#1205,1.);
#1205 = DIRECTION('',(0.,-1.));
#1206 = ( GEOMETRIC_REPRESENTATION_CONTEXT(2) 
PARAMETRIC_REPRESENTATION_CONTEXT() REPRESENTATION_CONTEXT('2D SPACE',''
  ) );
#1207 = PCURVE('',#1012,#1208);
#1208 = DEFINITIONAL_REPRESENTATION('',(#1209),#1213);
#1209 = LINE('',#1210,#1211);
#1210 = CARTESIAN_POINT('',(0.,0.));
#1211 = VECTOR('',#1212,1.);
#1212 = DIRECTION('',(0.,1.));
#1213 = ( GEOMETRIC_REPRESENTATION_CONTEXT(2) 
PARAMETRIC_REPRESENTATION_CONTEXT() REPRESENTATION_CONTEXT('2D SPACE',''
  ) );
#1214 = ORIENTED_EDGE('',*,*,#1094,.T.);
#1215 = ADVANCED_FACE('',(#1216,#1316),#417,.F.);
#1216 = FACE_BOUND('',#1217,.F.);
#1217 = EDGE_LOOP('',(#1218,#1241,#1242,#1243,#1266,#1289));
#1218 = ORIENTED_EDGE('',*,*,#1219,.T.);
#1219 = EDGE_CURVE('',#1220,#377,#1222,.T.);
#1220 = VERTEX_POINT('',#1221);
#1221 = CARTESIAN_POINT('',(-48.,-24.,156.));
#1222 = SURFACE_CURVE('',#1223,(#1227,#1234),.PCURVE_S1.);
#1223 = LINE('',#1224,#1225);
#1224 = CARTESIAN_POINT('',(-48.,-24.,156.));
#1225 = VECTOR('',#1226,1.);
#1226 = DIRECTION('',(0.,0.,-1.));
#1227 = PCURVE('',#417,#1228);
#1228 = DEFINITIONAL_REPRESENTATION('',(#1229),#1233);
#1229 = LINE('',#1230,#1231);
#1230 = CARTESIAN_POINT('',(24.880398124356,24.));
#1231 = VECTOR('',#1232,1.);
#1232 = DIRECTION('',(-1.,0.));
#1233 = ( GEOMETRIC_REPRESENTATION_CONTEXT(2) 
PARAMETRIC_REPRESENTATION_CONTEXT() REPRESENTATION_CONTEXT('2D SPACE',''
  ) );
#1234 = PCURVE('',#391,#1235);
#1235 = DEFINITIONAL_REPRESENTATION('',(#1236),#1240);
#1236 = LINE('',#1237,#1238);
#1237 = CARTESIAN_POINT('',(0.,0.));
#1238 = VECTOR('',#1239,1.);
#1239 = DIRECTION('',(1.,0.));
#1240 = ( GEOMETRIC_REPRESENTATION_CONTEXT(2) 
PARAMETRIC_REPRESENTATION_CONTEXT() REPRESENTATION_CONTEXT('2D SPACE',''
  ) );
#1241 = ORIENTED_EDGE('',*,*,#402,.T.);
#1242 = ORIENTED_EDGE('',*,*,#1144,.F.);
#1243 = ORIENTED_EDGE('',*,*,#1244,.F.);
#1244 = EDGE_CURVE('',#1245,#1121,#1247,.T.);
#1245 = VERTEX_POINT('',#1246);
#1246 = CARTESIAN_POINT('',(-48.,24.,92.));
#1247 = SURFACE_CURVE('',#1248,(#1252,#1259),.PCURVE_S1.);
#1248 = LINE('',#1249,#1250);
#1249 = CARTESIAN_POINT('',(-48.,24.,92.));
#1250 = VECTOR('',#1251,1.);
#1251 = DIRECTION('',(0.,-1.,0.));
#1252 = PCURVE('',#417,#1253);
#1253 = DEFINITIONAL_REPRESENTATION('',(#1254),#1258);
#1254 = LINE('',#1255,#1256);
#1255 = CARTESIAN_POINT('',(-39.11960187564,-24.));
#1256 = VECTOR('',#1257,1.);
#1257 = DIRECTION('',(0.,1.));
#1258 = ( GEOMETRIC_REPRESENTATION_CONTEXT(2) 
PARAMETRIC_REPRESENTATION_CONTEXT() REPRESENTATION_CONTEXT('2D SPACE',''
  ) );
#1259 = PCURVE('',#1012,#1260);
#1260 = DEFINITIONAL_REPRESENTATION('',(#1261),#1265);
#1261 = LINE('',#1262,#1263);
#1262 = CARTESIAN_POINT('',(12.,84.));
#1263 = VECTOR('',#1264,1.);
#1264 = DIRECTION('',(0.,-1.));
#1265 = ( GEOMETRIC_REPRESENTATION_CONTEXT(2) 
PARAMETRIC_REPRESENTATION_CONTEXT() REPRESENTATION_CONTEXT('2D SPACE',''
  ) );
#1266 = ORIENTED_EDGE('',*,*,#1267,.T.);
#1267 = EDGE_CURVE('',#1245,#1268,#1270,.T.);
#1268 = VERTEX_POINT('',#1269);
#1269 = CARTESIAN_POINT('',(-48.,24.,156.));
#1270 = SURFACE_CURVE('',#1271,(#1275,#1282),.PCURVE_S1.);
#1271 = LINE('',#1272,#1273);
#1272 = CARTESIAN_POINT('',(-48.,24.,92.));
#1273 = VECTOR('',#1274,1.);
#1274 = DIRECTION('',(0.,0.,1.));
#1275 = PCURVE('',#417,#1276);
#1276 = DEFINITIONAL_REPRESENTATION('',(#1277),#1281);
#1277 = LINE('',#1278,#1279);
#1278 = CARTESIAN_POINT('',(-39.11960187564,-24.));
#1279 = VECTOR('',#1280,1.);
#1280 = DIRECTION('',(1.,0.));
#1281 = ( GEOMETRIC_REPRESENTATION_CONTEXT(2) 
PARAMETRIC_REPRESENTATION_CONTEXT() REPRESENTATION_CONTEXT('2D SPACE',''
  ) );
#1282 = PCURVE('',#338,#1283);
#1283 = DEFINITIONAL_REPRESENTATION('',(#1284),#1288);
#1284 = LINE('',#1285,#1286);
#1285 = CARTESIAN_POINT('',(0.,0.));
#1286 = VECTOR('',#1287,1.);
#1287 = DIRECTION('',(1.,0.));
#1288 = ( GEOMETRIC_REPRESENTATION_CONTEXT(2) 
PARAMETRIC_REPRESENTATION_CONTEXT() REPRESENTATION_CONTEXT('2D SPACE',''
  ) );
#1289 = ORIENTED_EDGE('',*,*,#1290,.T.);
#1290 = EDGE_CURVE('',#1268,#1220,#1291,.T.);
#1291 = SURFACE_CURVE('',#1292,(#1297,#1304),.PCURVE_S1.);
#1292 = CIRCLE('',#1293,24.);
#1293 = AXIS2_PLACEMENT_3D('',#1294,#1295,#1296);
#1294 = CARTESIAN_POINT('',(-48.,0.,156.));
#1295 = DIRECTION('',(1.,0.,0.));
#1296 = DIRECTION('',(-0.,1.,0.));
#1297 = PCURVE('',#417,#1298);
#1298 = DEFINITIONAL_REPRESENTATION('',(#1299),#1303);
#1299 = CIRCLE('',#1300,24.);
#1300 = AXIS2_PLACEMENT_2D('',#1301,#1302);
#1301 = CARTESIAN_POINT('',(24.880398124356,0.));
#1302 = DIRECTION('',(0.,-1.));
#1303 = ( GEOMETRIC_REPRESENTATION_CONTEXT(2) 
PARAMETRIC_REPRESENTATION_CONTEXT() REPRESENTATION_CONTEXT('2D SPACE',''
  ) );
#1304 = PCURVE('',#1305,#1310);
#1305 = CYLINDRICAL_SURFACE('',#1306,24.);
#1306 = AXIS2_PLACEMENT_3D('',#1307,#1308,#1309);
#1307 = CARTESIAN_POINT('',(-48.,0.,156.));
#1308 = DIRECTION('',(-1.,-0.,-0.));
#1309 = DIRECTION('',(-0.,1.,0.));
#1310 = DEFINITIONAL_REPRESENTATION('',(#1311),#1315);
#1311 = LINE('',#1312,#1313);
#1312 = CARTESIAN_POINT('',(-0.,0.));
#1313 = VECTOR('',#1314,1.);
#1314 = DIRECTION('',(-1.,0.));
#1315 = ( GEOMETRIC_REPRESENTATION_CONTEXT(2) 
PARAMETRIC_REPRESENTATION_CONTEXT() REPRESENTATION_CONTEXT('2D SPACE',''
  ) );
#1316 = FACE_BOUND('',#1317,.F.);
#1317 = EDGE_LOOP('',(#1318));
#1318 = ORIENTED_EDGE('',*,*,#1319,.F.);
#1319 = EDGE_CURVE('',#1320,#1320,#1322,.T.);
#1320 = VERTEX_POINT('',#1321);
#1321 = CARTESIAN_POINT('',(-48.,11.,156.));
#1322 = SURFACE_CURVE('',#1323,(#1328,#1335),.PCURVE_S1.);
#1323 = CIRCLE('',#1324,11.);
#1324 = AXIS2_PLACEMENT_3D('',#1325,#1326,#1327);
#1325 = CARTESIAN_POINT('',(-48.,0.,156.));
#1326 = DIRECTION('',(1.,0.,0.));
#1327 = DIRECTION('',(0.,1.,0.));
#1328 = PCURVE('',#417,#1329);
#1329 = DEFINITIONAL_REPRESENTATION('',(#1330),#1334);
#1330 = CIRCLE('',#1331,11.);
#1331 = AXIS2_PLACEMENT_2D('',#1332,#1333);
#1332 = CARTESIAN_POINT('',(24.880398124356,0.));
#1333 = DIRECTION('',(0.,-1.));
#1334 = ( GEOMETRIC_REPRESENTATION_CONTEXT(2) 
PARAMETRIC_REPRESENTATION_CONTEXT() REPRESENTATION_CONTEXT('2D SPACE',''
  ) );
#1335 = PCURVE('',#1336,#1341);
#1336 = CYLINDRICAL_SURFACE('',#1337,11.);
#1337 = AXIS2_PLACEMENT_3D('',#1338,#1339,#1340);
#1338 = CARTESIAN_POINT('',(-48.,0.,156.));
#1339 = DIRECTION('',(-1.,-0.,-0.));
#1340 = DIRECTION('',(0.,1.,0.));
#1341 = DEFINITIONAL_REPRESENTATION('',(#1342),#1346);
#1342 = LINE('',#1343,#1344);
#1343 = CARTESIAN_POINT('',(-0.,0.));
#1344 = VECTOR('',#1345,1.);
#1345 = DIRECTION('',(-1.,0.));
#1346 = ( GEOMETRIC_REPRESENTATION_CONTEXT(2) 
PARAMETRIC_REPRESENTATION_CONTEXT() REPRESENTATION_CONTEXT('2D SPACE',''
  ) );
#1347 = ADVANCED_FACE('',(#1348),#134,.T.);
#1348 = FACE_BOUND('',#1349,.F.);
#1349 = EDGE_LOOP('',(#1350,#1378,#1379,#1380));
#1350 = ORIENTED_EDGE('',*,*,#1351,.T.);
#1351 = EDGE_CURVE('',#1352,#1172,#1354,.T.);
#1352 = VERTEX_POINT('',#1353);
#1353 = CARTESIAN_POINT('',(-55.,-60.,92.));
#1354 = SURFACE_CURVE('',#1355,(#1360,#1367),.PCURVE_S1.);
#1355 = CIRCLE('',#1356,5.);
#1356 = AXIS2_PLACEMENT_3D('',#1357,#1358,#1359);
#1357 = CARTESIAN_POINT('',(-55.,-55.,92.));
#1358 = DIRECTION('',(-0.,-0.,-1.));
#1359 = DIRECTION('',(0.,-1.,0.));
#1360 = PCURVE('',#134,#1361);
#1361 = DEFINITIONAL_REPRESENTATION('',(#1362),#1366);
#1362 = LINE('',#1363,#1364);
#1363 = CARTESIAN_POINT('',(-0.,0.));
#1364 = VECTOR('',#1365,1.);
#1365 = DIRECTION('',(-1.,0.));
#1366 = ( GEOMETRIC_REPRESENTATION_CONTEXT(2) 
PARAMETRIC_REPRESENTATION_CONTEXT() REPRESENTATION_CONTEXT('2D SPACE',''
  ) );
#1367 = PCURVE('',#1012,#1368);
#1368 = DEFINITIONAL_REPRESENTATION('',(#1369),#1377);
#1369 = ( BOUNDED_CURVE() B_SPLINE_CURVE(2,(#1370,#1371,#1372,#1373,
#1374,#1375,#1376),.UNSPECIFIED.,.T.,.F.) B_SPLINE_CURVE_WITH_KNOTS((1,2
    ,2,2,2,1),(-2.094395102393,0.,2.094395102393,4.188790204786,
6.28318530718,8.377580409573),.UNSPECIFIED.) CURVE() 
GEOMETRIC_REPRESENTATION_ITEM() RATIONAL_B_SPLINE_CURVE((1.,0.5,1.,0.5,
1.,0.5,1.)) REPRESENTATION_ITEM('') );
#1370 = CARTESIAN_POINT('',(5.,0.));
#1371 = CARTESIAN_POINT('',(-3.660254037844,0.));
#1372 = CARTESIAN_POINT('',(0.669872981078,7.5));
#1373 = CARTESIAN_POINT('',(5.,15.));
#1374 = CARTESIAN_POINT('',(9.330127018922,7.5));
#1375 = CARTESIAN_POINT('',(13.660254037844,7.993605777301E-15));
#1376 = CARTESIAN_POINT('',(5.,0.));
#1377 = ( GEOMETRIC_REPRESENTATION_CONTEXT(2) 
PARAMETRIC_REPRESENTATION_CONTEXT() REPRESENTATION_CONTEXT('2D SPACE',''
  ) );
#1378 = ORIENTED_EDGE('',*,*,#1171,.T.);
#1379 = ORIENTED_EDGE('',*,*,#113,.F.);
#1380 = ORIENTED_EDGE('',*,*,#1381,.F.);
#1381 = EDGE_CURVE('',#1352,#114,#1382,.T.);
#1382 = SURFACE_CURVE('',#1383,(#1387,#1394),.PCURVE_S1.);
#1383 = LINE('',#1384,#1385);
#1384 = CARTESIAN_POINT('',(-55.,-60.,92.));
#1385 = VECTOR('',#1386,1.);
#1386 = DIRECTION('',(0.,0.,1.));
#1387 = PCURVE('',#134,#1388);
#1388 = DEFINITIONAL_REPRESENTATION('',(#1389),#1393);
#1389 = LINE('',#1390,#1391);
#1390 = CARTESIAN_POINT('',(-0.,0.));
#1391 = VECTOR('',#1392,1.);
#1392 = DIRECTION('',(-0.,1.));
#1393 = ( GEOMETRIC_REPRESENTATION_CONTEXT(2) 
PARAMETRIC_REPRESENTATION_CONTEXT() REPRESENTATION_CONTEXT('2D SPACE',''
  ) );
#1394 = PCURVE('',#162,#1395);
#1395 = DEFINITIONAL_REPRESENTATION('',(#1396),#1400);
#1396 = LINE('',#1397,#1398);
#1397 = CARTESIAN_POINT('',(0.,5.));
#1398 = VECTOR('',#1399,1.);
#1399 = DIRECTION('',(1.,0.));
#1400 = ( GEOMETRIC_REPRESENTATION_CONTEXT(2) 
PARAMETRIC_REPRESENTATION_CONTEXT() REPRESENTATION_CONTEXT('2D SPACE',''
  ) );
#1401 = ADVANCED_FACE('',(#1402),#391,.F.);
#1402 = FACE_BOUND('',#1403,.F.);
#1403 = EDGE_LOOP('',(#1404,#1405,#1428,#1449));
#1404 = ORIENTED_EDGE('',*,*,#1219,.F.);
#1405 = ORIENTED_EDGE('',*,*,#1406,.T.);
#1406 = EDGE_CURVE('',#1220,#1407,#1409,.T.);
#1407 = VERTEX_POINT('',#1408);
#1408 = CARTESIAN_POINT('',(-40.,-24.,156.));
#1409 = SURFACE_CURVE('',#1410,(#1414,#1421),.PCURVE_S1.);
#1410 = LINE('',#1411,#1412);
#1411 = CARTESIAN_POINT('',(-48.,-24.,156.));
#1412 = VECTOR('',#1413,1.);
#1413 = DIRECTION('',(1.,0.,0.));
#1414 = PCURVE('',#391,#1415);
#1415 = DEFINITIONAL_REPRESENTATION('',(#1416),#1420);
#1416 = LINE('',#1417,#1418);
#1417 = CARTESIAN_POINT('',(0.,0.));
#1418 = VECTOR('',#1419,1.);
#1419 = DIRECTION('',(0.,-1.));
#1420 = ( GEOMETRIC_REPRESENTATION_CONTEXT(2) 
PARAMETRIC_REPRESENTATION_CONTEXT() REPRESENTATION_CONTEXT('2D SPACE',''
  ) );
#1421 = PCURVE('',#1305,#1422);
#1422 = DEFINITIONAL_REPRESENTATION('',(#1423),#1427);
#1423 = LINE('',#1424,#1425);
#1424 = CARTESIAN_POINT('',(-3.14159265359,0.));
#1425 = VECTOR('',#1426,1.);
#1426 = DIRECTION('',(-0.,-1.));
#1427 = ( GEOMETRIC_REPRESENTATION_CONTEXT(2) 
PARAMETRIC_REPRESENTATION_CONTEXT() REPRESENTATION_CONTEXT('2D SPACE',''
  ) );
#1428 = ORIENTED_EDGE('',*,*,#1429,.T.);
#1429 = EDGE_CURVE('',#1407,#351,#1430,.T.);
#1430 = SURFACE_CURVE('',#1431,(#1435,#1442),.PCURVE_S1.);
#1431 = LINE('',#1432,#1433);
#1432 = CARTESIAN_POINT('',(-40.,-24.,156.));
#1433 = VECTOR('',#1434,1.);
#1434 = DIRECTION('',(0.,0.,-1.));
#1435 = PCURVE('',#391,#1436);
#1436 = DEFINITIONAL_REPRESENTATION('',(#1437),#1441);
#1437 = LINE('',#1438,#1439);
#1438 = CARTESIAN_POINT('',(0.,-8.));
#1439 = VECTOR('',#1440,1.);
#1440 = DIRECTION('',(1.,0.));
#1441 = ( GEOMETRIC_REPRESENTATION_CONTEXT(2) 
PARAMETRIC_REPRESENTATION_CONTEXT() REPRESENTATION_CONTEXT('2D SPACE',''
  ) );
#1442 = PCURVE('',#365,#1443);
#1443 = DEFINITIONAL_REPRESENTATION('',(#1444),#1448);
#1444 = LINE('',#1445,#1446);
#1445 = CARTESIAN_POINT('',(24.880398124356,24.));
#1446 = VECTOR('',#1447,1.);
#1447 = DIRECTION('',(-1.,0.));
#1448 = ( GEOMETRIC_REPRESENTATION_CONTEXT(2) 
PARAMETRIC_REPRESENTATION_CONTEXT() REPRESENTATION_CONTEXT('2D SPACE',''
  ) );
#1449 = ORIENTED_EDGE('',*,*,#376,.T.);
#1450 = ADVANCED_FACE('',(#1451),#162,.F.);
#1451 = FACE_BOUND('',#1452,.F.);
#1452 = EDGE_LOOP('',(#1453,#1476,#1477,#1478));
#1453 = ORIENTED_EDGE('',*,*,#1454,.F.);
#1454 = EDGE_CURVE('',#1352,#1455,#1457,.T.);
#1455 = VERTEX_POINT('',#1456);
#1456 = CARTESIAN_POINT('',(-7.,-60.,92.));
#1457 = SURFACE_CURVE('',#1458,(#1462,#1469),.PCURVE_S1.);
#1458 = LINE('',#1459,#1460);
#1459 = CARTESIAN_POINT('',(-60.,-60.,92.));
#1460 = VECTOR('',#1461,1.);
#1461 = DIRECTION('',(1.,0.,0.));
#1462 = PCURVE('',#162,#1463);
#1463 = DEFINITIONAL_REPRESENTATION('',(#1464),#1468);
#1464 = LINE('',#1465,#1466);
#1465 = CARTESIAN_POINT('',(0.,0.));
#1466 = VECTOR('',#1467,1.);
#1467 = DIRECTION('',(0.,1.));
#1468 = ( GEOMETRIC_REPRESENTATION_CONTEXT(2) 
PARAMETRIC_REPRESENTATION_CONTEXT() REPRESENTATION_CONTEXT('2D SPACE',''
  ) );
#1469 = PCURVE('',#1012,#1470);
#1470 = DEFINITIONAL_REPRESENTATION('',(#1471),#1475);
#1471 = LINE('',#1472,#1473);
#1472 = CARTESIAN_POINT('',(0.,0.));
#1473 = VECTOR('',#1474,1.);
#1474 = DIRECTION('',(1.,0.));
#1475 = ( GEOMETRIC_REPRESENTATION_CONTEXT(2) 
PARAMETRIC_REPRESENTATION_CONTEXT() REPRESENTATION_CONTEXT('2D SPACE',''
  ) );
#1476 = ORIENTED_EDGE('',*,*,#1381,.T.);
#1477 = ORIENTED_EDGE('',*,*,#146,.T.);
#1478 = ORIENTED_EDGE('',*,*,#1479,.F.);
#1479 = EDGE_CURVE('',#1455,#147,#1480,.T.);
#1480 = SURFACE_CURVE('',#1481,(#1485,#1492),.PCURVE_S1.);
#1481 = LINE('',#1482,#1483);
#1482 = CARTESIAN_POINT('',(-7.,-60.,92.));
#1483 = VECTOR('',#1484,1.);
#1484 = DIRECTION('',(0.,0.,1.));
#1485 = PCURVE('',#162,#1486);
#1486 = DEFINITIONAL_REPRESENTATION('',(#1487),#1491);
#1487 = LINE('',#1488,#1489);
#1488 = CARTESIAN_POINT('',(0.,53.));
#1489 = VECTOR('',#1490,1.);
#1490 = DIRECTION('',(1.,0.));
#1491 = ( GEOMETRIC_REPRESENTATION_CONTEXT(2) 
PARAMETRIC_REPRESENTATION_CONTEXT() REPRESENTATION_CONTEXT('2D SPACE',''
  ) );
#1492 = PCURVE('',#195,#1493);
#1493 = DEFINITIONAL_REPRESENTATION('',(#1494),#1498);
#1494 = LINE('',#1495,#1496);
#1495 = CARTESIAN_POINT('',(-1.570796326795,0.));
#1496 = VECTOR('',#1497,1.);
#1497 = DIRECTION('',(-0.,1.));
#1498 = ( GEOMETRIC_REPRESENTATION_CONTEXT(2) 
PARAMETRIC_REPRESENTATION_CONTEXT() REPRESENTATION_CONTEXT('2D SPACE',''
  ) );
#1499 = ADVANCED_FACE('',(#1500,#1549),#365,.T.);
#1500 = FACE_BOUND('',#1501,.T.);
#1501 = EDGE_LOOP('',(#1502,#1503,#1504,#1527));
#1502 = ORIENTED_EDGE('',*,*,#1429,.T.);
#1503 = ORIENTED_EDGE('',*,*,#350,.T.);
#1504 = ORIENTED_EDGE('',*,*,#1505,.T.);
#1505 = EDGE_CURVE('',#323,#1506,#1508,.T.);
#1506 = VERTEX_POINT('',#1507);
#1507 = CARTESIAN_POINT('',(-40.,24.,156.));
#1508 = SURFACE_CURVE('',#1509,(#1513,#1520),.PCURVE_S1.);
#1509 = LINE('',#1510,#1511);
#1510 = CARTESIAN_POINT('',(-40.,24.,92.));
#1511 = VECTOR('',#1512,1.);
#1512 = DIRECTION('',(0.,0.,1.));
#1513 = PCURVE('',#365,#1514);
#1514 = DEFINITIONAL_REPRESENTATION('',(#1515),#1519);
#1515 = LINE('',#1516,#1517);
#1516 = CARTESIAN_POINT('',(-39.11960187564,-24.));
#1517 = VECTOR('',#1518,1.);
#1518 = DIRECTION('',(1.,0.));
#1519 = ( GEOMETRIC_REPRESENTATION_CONTEXT(2) 
PARAMETRIC_REPRESENTATION_CONTEXT() REPRESENTATION_CONTEXT('2D SPACE',''
  ) );
#1520 = PCURVE('',#338,#1521);
#1521 = DEFINITIONAL_REPRESENTATION('',(#1522),#1526);
#1522 = LINE('',#1523,#1524);
#1523 = CARTESIAN_POINT('',(0.,8.));
#1524 = VECTOR('',#1525,1.);
#1525 = DIRECTION('',(1.,0.));
#1526 = ( GEOMETRIC_REPRESENTATION_CONTEXT(2) 
PARAMETRIC_REPRESENTATION_CONTEXT() REPRESENTATION_CONTEXT('2D SPACE',''
  ) );
#1527 = ORIENTED_EDGE('',*,*,#1528,.T.);
#1528 = EDGE_CURVE('',#1506,#1407,#1529,.T.);
#1529 = SURFACE_CURVE('',#1530,(#1535,#1542),.PCURVE_S1.);
#1530 = CIRCLE('',#1531,24.);
#1531 = AXIS2_PLACEMENT_3D('',#1532,#1533,#1534);
#1532 = CARTESIAN_POINT('',(-40.,0.,156.));
#1533 = DIRECTION('',(1.,0.,0.));
#1534 = DIRECTION('',(-0.,1.,0.));
#1535 = PCURVE('',#365,#1536);
#1536 = DEFINITIONAL_REPRESENTATION('',(#1537),#1541);
#1537 = CIRCLE('',#1538,24.);
#1538 = AXIS2_PLACEMENT_2D('',#1539,#1540);
#1539 = CARTESIAN_POINT('',(24.880398124356,0.));
#1540 = DIRECTION('',(0.,-1.));
#1541 = ( GEOMETRIC_REPRESENTATION_CONTEXT(2) 
PARAMETRIC_REPRESENTATION_CONTEXT() REPRESENTATION_CONTEXT('2D SPACE',''
  ) );
#1542 = PCURVE('',#1305,#1543);
#1543 = DEFINITIONAL_REPRESENTATION('',(#1544),#1548);
#1544 = LINE('',#1545,#1546);
#1545 = CARTESIAN_POINT('',(-0.,-8.));
#1546 = VECTOR('',#1547,1.);
#1547 = DIRECTION('',(-1.,0.));
#1548 = ( GEOMETRIC_REPRESENTATION_CONTEXT(2) 
PARAMETRIC_REPRESENTATION_CONTEXT() REPRESENTATION_CONTEXT('2D SPACE',''
  ) );
#1549 = FACE_BOUND('',#1550,.T.);
#1550 = EDGE_LOOP('',(#1551));
#1551 = ORIENTED_EDGE('',*,*,#1552,.T.);
#1552 = EDGE_CURVE('',#1553,#1553,#1555,.T.);
#1553 = VERTEX_POINT('',#1554);
#1554 = CARTESIAN_POINT('',(-40.,9.9,156.));
#1555 = SURFACE_CURVE('',#1556,(#1561,#1572),.PCURVE_S1.);
#1556 = CIRCLE('',#1557,9.9);
#1557 = AXIS2_PLACEMENT_3D('',#1558,#1559,#1560);
#1558 = CARTESIAN_POINT('',(-40.,0.,156.));
#1559 = DIRECTION('',(-1.,0.,0.));
#1560 = DIRECTION('',(0.,1.,0.));
#1561 = PCURVE('',#365,#1562);
#1562 = DEFINITIONAL_REPRESENTATION('',(#1563),#1571);
#1563 = ( BOUNDED_CURVE() B_SPLINE_CURVE(2,(#1564,#1565,#1566,#1567,
#1568,#1569,#1570),.UNSPECIFIED.,.T.,.F.) B_SPLINE_CURVE_WITH_KNOTS((1,2
    ,2,2,2,1),(-2.094395102393,0.,2.094395102393,4.188790204786,
6.28318530718,8.377580409573),.UNSPECIFIED.) CURVE() 
GEOMETRIC_REPRESENTATION_ITEM() RATIONAL_B_SPLINE_CURVE((1.,0.5,1.,0.5,
1.,0.5,1.)) REPRESENTATION_ITEM('') );
#1564 = CARTESIAN_POINT('',(24.880398124356,-9.9));
#1565 = CARTESIAN_POINT('',(7.733095129424,-9.9));
#1566 = CARTESIAN_POINT('',(16.30674662689,4.95));
#1567 = CARTESIAN_POINT('',(24.880398124356,19.8));
#1568 = CARTESIAN_POINT('',(33.454049621822,4.95));
#1569 = CARTESIAN_POINT('',(42.027701119288,-9.9));
#1570 = CARTESIAN_POINT('',(24.880398124356,-9.9));
#1571 = ( GEOMETRIC_REPRESENTATION_CONTEXT(2) 
PARAMETRIC_REPRESENTATION_CONTEXT() REPRESENTATION_CONTEXT('2D SPACE',''
  ) );
#1572 = PCURVE('',#1573,#1578);
#1573 = CYLINDRICAL_SURFACE('',#1574,9.9);
#1574 = AXIS2_PLACEMENT_3D('',#1575,#1576,#1577);
#1575 = CARTESIAN_POINT('',(-49.,0.,156.));
#1576 = DIRECTION('',(-1.,-0.,-0.));
#1577 = DIRECTION('',(0.,1.,0.));
#1578 = DEFINITIONAL_REPRESENTATION('',(#1579),#1583);
#1579 = LINE('',#1580,#1581);
#1580 = CARTESIAN_POINT('',(-6.28318530718,-9.));
#1581 = VECTOR('',#1582,1.);
#1582 = DIRECTION('',(1.,-0.));
#1583 = ( GEOMETRIC_REPRESENTATION_CONTEXT(2) 
PARAMETRIC_REPRESENTATION_CONTEXT() REPRESENTATION_CONTEXT('2D SPACE',''
  ) );
#1584 = ADVANCED_FACE('',(#1585),#195,.T.);
#1585 = FACE_BOUND('',#1586,.F.);
#1586 = EDGE_LOOP('',(#1587,#1615,#1616,#1617));
#1587 = ORIENTED_EDGE('',*,*,#1588,.T.);
#1588 = EDGE_CURVE('',#1589,#1455,#1591,.T.);
#1589 = VERTEX_POINT('',#1590);
#1590 = CARTESIAN_POINT('',(-2.,-55.,92.));
#1591 = SURFACE_CURVE('',#1592,(#1597,#1604),.PCURVE_S1.);
#1592 = CIRCLE('',#1593,5.);
#1593 = AXIS2_PLACEMENT_3D('',#1594,#1595,#1596);
#1594 = CARTESIAN_POINT('',(-7.,-55.,92.));
#1595 = DIRECTION('',(-0.,-0.,-1.));
#1596 = DIRECTION('',(0.,-1.,0.));
#1597 = PCURVE('',#195,#1598);
#1598 = DEFINITIONAL_REPRESENTATION('',(#1599),#1603);
#1599 = LINE('',#1600,#1601);
#1600 = CARTESIAN_POINT('',(4.712388980385,-0.));
#1601 = VECTOR('',#1602,1.);
#1602 = DIRECTION('',(-1.,0.));
#1603 = ( GEOMETRIC_REPRESENTATION_CONTEXT(2) 
PARAMETRIC_REPRESENTATION_CONTEXT() REPRESENTATION_CONTEXT('2D SPACE',''
  ) );
#1604 = PCURVE('',#1012,#1605);
#1605 = DEFINITIONAL_REPRESENTATION('',(#1606),#1614);
#1606 = ( BOUNDED_CURVE() B_SPLINE_CURVE(2,(#1607,#1608,#1609,#1610,
#1611,#1612,#1613),.UNSPECIFIED.,.T.,.F.) B_SPLINE_CURVE_WITH_KNOTS((1,2
    ,2,2,2,1),(-2.094395102393,0.,2.094395102393,4.188790204786,
6.28318530718,8.377580409573),.UNSPECIFIED.) CURVE() 
GEOMETRIC_REPRESENTATION_ITEM() RATIONAL_B_SPLINE_CURVE((1.,0.5,1.,0.5,
1.,0.5,1.)) REPRESENTATION_ITEM('') );
#1607 = CARTESIAN_POINT('',(53.,0.));
#1608 = CARTESIAN_POINT('',(44.339745962156,0.));
#1609 = CARTESIAN_POINT('',(48.669872981078,7.5));
#1610 = CARTESIAN_POINT('',(53.,15.));
#1611 = CARTESIAN_POINT('',(57.330127018922,7.5));
#1612 = CARTESIAN_POINT('',(61.660254037844,7.993605777301E-15));
#1613 = CARTESIAN_POINT('',(53.,0.));
#1614 = ( GEOMETRIC_REPRESENTATION_CONTEXT(2) 
PARAMETRIC_REPRESENTATION_CONTEXT() REPRESENTATION_CONTEXT('2D SPACE',''
  ) );
#1615 = ORIENTED_EDGE('',*,*,#1479,.T.);
#1616 = ORIENTED_EDGE('',*,*,#174,.F.);
#1617 = ORIENTED_EDGE('',*,*,#1618,.F.);
#1618 = EDGE_CURVE('',#1589,#175,#1619,.T.);
#1619 = SURFACE_CURVE('',#1620,(#1624,#1631),.PCURVE_S1.);
#1620 = LINE('',#1621,#1622);
#1621 = CARTESIAN_POINT('',(-2.,-55.,92.));
#1622 = VECTOR('',#1623,1.);
#1623 = DIRECTION('',(0.,0.,1.));
#1624 = PCURVE('',#195,#1625);
#1625 = DEFINITIONAL_REPRESENTATION('',(#1626),#1630);
#1626 = LINE('',#1627,#1628);
#1627 = CARTESIAN_POINT('',(-0.,0.));
#1628 = VECTOR('',#1629,1.);
#1629 = DIRECTION('',(-0.,1.));
#1630 = ( GEOMETRIC_REPRESENTATION_CONTEXT(2) 
PARAMETRIC_REPRESENTATION_CONTEXT() REPRESENTATION_CONTEXT('2D SPACE',''
  ) );
#1631 = PCURVE('',#223,#1632);
#1632 = DEFINITIONAL_REPRESENTATION('',(#1633),#1637);
#1633 = LINE('',#1634,#1635);
#1634 = CARTESIAN_POINT('',(0.,-5.));
#1635 = VECTOR('',#1636,1.);
#1636 = DIRECTION('',(1.,0.));
#1637 = ( GEOMETRIC_REPRESENTATION_CONTEXT(2) 
PARAMETRIC_REPRESENTATION_CONTEXT() REPRESENTATION_CONTEXT('2D SPACE',''
  ) );
#1638 = ADVANCED_FACE('',(#1639),#338,.T.);
#1639 = FACE_BOUND('',#1640,.T.);
#1640 = EDGE_LOOP('',(#1641,#1664,#1665,#1686,#1687,#1688,#1711,#1739));
#1641 = ORIENTED_EDGE('',*,*,#1642,.T.);
#1642 = EDGE_CURVE('',#1643,#1245,#1645,.T.);
#1643 = VERTEX_POINT('',#1644);
#1644 = CARTESIAN_POINT('',(48.,24.,92.));
#1645 = SURFACE_CURVE('',#1646,(#1650,#1657),.PCURVE_S1.);
#1646 = LINE('',#1647,#1648);
#1647 = CARTESIAN_POINT('',(48.,24.,92.));
#1648 = VECTOR('',#1649,1.);
#1649 = DIRECTION('',(-1.,0.,0.));
#1650 = PCURVE('',#338,#1651);
#1651 = DEFINITIONAL_REPRESENTATION('',(#1652),#1656);
#1652 = LINE('',#1653,#1654);
#1653 = CARTESIAN_POINT('',(0.,96.));
#1654 = VECTOR('',#1655,1.);
#1655 = DIRECTION('',(0.,-1.));
#1656 = ( GEOMETRIC_REPRESENTATION_CONTEXT(2) 
PARAMETRIC_REPRESENTATION_CONTEXT() REPRESENTATION_CONTEXT('2D SPACE',''
  ) );
#1657 = PCURVE('',#1012,#1658);
#1658 = DEFINITIONAL_REPRESENTATION('',(#1659),#1663);
#1659 = LINE('',#1660,#1661);
#1660 = CARTESIAN_POINT('',(108.,84.));
#1661 = VECTOR('',#1662,1.);
#1662 = DIRECTION('',(-1.,0.));
#1663 = ( GEOMETRIC_REPRESENTATION_CONTEXT(2) 
PARAMETRIC_REPRESENTATION_CONTEXT() REPRESENTATION_CONTEXT('2D SPACE',''
  ) );
#1664 = ORIENTED_EDGE('',*,*,#1267,.T.);
#1665 = ORIENTED_EDGE('',*,*,#1666,.T.);
#1666 = EDGE_CURVE('',#1268,#1506,#1667,.T.);
#1667 = SURFACE_CURVE('',#1668,(#1672,#1679),.PCURVE_S1.);
#1668 = LINE('',#1669,#1670);
#1669 = CARTESIAN_POINT('',(-48.,24.,156.));
#1670 = VECTOR('',#1671,1.);
#1671 = DIRECTION('',(1.,0.,0.));
#1672 = PCURVE('',#338,#1673);
#1673 = DEFINITIONAL_REPRESENTATION('',(#1674),#1678);
#1674 = LINE('',#1675,#1676);
#1675 = CARTESIAN_POINT('',(64.,0.));
#1676 = VECTOR('',#1677,1.);
#1677 = DIRECTION('',(0.,1.));
#1678 = ( GEOMETRIC_REPRESENTATION_CONTEXT(2) 
PARAMETRIC_REPRESENTATION_CONTEXT() REPRESENTATION_CONTEXT('2D SPACE',''
  ) );
#1679 = PCURVE('',#1305,#1680);
#1680 = DEFINITIONAL_REPRESENTATION('',(#1681),#1685);
#1681 = LINE('',#1682,#1683);
#1682 = CARTESIAN_POINT('',(-0.,0.));
#1683 = VECTOR('',#1684,1.);
#1684 = DIRECTION('',(-0.,-1.));
#1685 = ( GEOMETRIC_REPRESENTATION_CONTEXT(2) 
PARAMETRIC_REPRESENTATION_CONTEXT() REPRESENTATION_CONTEXT('2D SPACE',''
  ) );
#1686 = ORIENTED_EDGE('',*,*,#1505,.F.);
#1687 = ORIENTED_EDGE('',*,*,#322,.T.);
#1688 = ORIENTED_EDGE('',*,*,#1689,.T.);
#1689 = EDGE_CURVE('',#297,#1690,#1692,.T.);
#1690 = VERTEX_POINT('',#1691);
#1691 = CARTESIAN_POINT('',(40.,24.,156.));
#1692 = SURFACE_CURVE('',#1693,(#1697,#1704),.PCURVE_S1.);
#1693 = LINE('',#1694,#1695);
#1694 = CARTESIAN_POINT('',(40.,24.,92.));
#1695 = VECTOR('',#1696,1.);
#1696 = DIRECTION('',(0.,0.,1.));
#1697 = PCURVE('',#338,#1698);
#1698 = DEFINITIONAL_REPRESENTATION('',(#1699),#1703);
#1699 = LINE('',#1700,#1701);
#1700 = CARTESIAN_POINT('',(0.,88.));
#1701 = VECTOR('',#1702,1.);
#1702 = DIRECTION('',(1.,0.));
#1703 = ( GEOMETRIC_REPRESENTATION_CONTEXT(2) 
PARAMETRIC_REPRESENTATION_CONTEXT() REPRESENTATION_CONTEXT('2D SPACE',''
  ) );
#1704 = PCURVE('',#311,#1705);
#1705 = DEFINITIONAL_REPRESENTATION('',(#1706),#1710);
#1706 = LINE('',#1707,#1708);
#1707 = CARTESIAN_POINT('',(-39.11960187564,-24.));
#1708 = VECTOR('',#1709,1.);
#1709 = DIRECTION('',(1.,0.));
#1710 = ( GEOMETRIC_REPRESENTATION_CONTEXT(2) 
PARAMETRIC_REPRESENTATION_CONTEXT() REPRESENTATION_CONTEXT('2D SPACE',''
  ) );
#1711 = ORIENTED_EDGE('',*,*,#1712,.T.);
#1712 = EDGE_CURVE('',#1690,#1713,#1715,.T.);
#1713 = VERTEX_POINT('',#1714);
#1714 = CARTESIAN_POINT('',(48.,24.,156.));
#1715 = SURFACE_CURVE('',#1716,(#1720,#1727),.PCURVE_S1.);
#1716 = LINE('',#1717,#1718);
#1717 = CARTESIAN_POINT('',(40.,24.,156.));
#1718 = VECTOR('',#1719,1.);
#1719 = DIRECTION('',(1.,0.,0.));
#1720 = PCURVE('',#338,#1721);
#1721 = DEFINITIONAL_REPRESENTATION('',(#1722),#1726);
#1722 = LINE('',#1723,#1724);
#1723 = CARTESIAN_POINT('',(64.,88.));
#1724 = VECTOR('',#1725,1.);
#1725 = DIRECTION('',(0.,1.));
#1726 = ( GEOMETRIC_REPRESENTATION_CONTEXT(2) 
PARAMETRIC_REPRESENTATION_CONTEXT() REPRESENTATION_CONTEXT('2D SPACE',''
  ) );
#1727 = PCURVE('',#1728,#1733);
#1728 = CYLINDRICAL_SURFACE('',#1729,24.);
#1729 = AXIS2_PLACEMENT_3D('',#1730,#1731,#1732);
#1730 = CARTESIAN_POINT('',(40.,0.,156.));
#1731 = DIRECTION('',(-1.,-0.,-0.));
#1732 = DIRECTION('',(-0.,1.,0.));
#1733 = DEFINITIONAL_REPRESENTATION('',(#1734),#1738);
#1734 = LINE('',#1735,#1736);
#1735 = CARTESIAN_POINT('',(-0.,0.));
#1736 = VECTOR('',#1737,1.);
#1737 = DIRECTION('',(-0.,-1.));
#1738 = ( GEOMETRIC_REPRESENTATION_CONTEXT(2) 
PARAMETRIC_REPRESENTATION_CONTEXT() REPRESENTATION_CONTEXT('2D SPACE',''
  ) );
#1739 = ORIENTED_EDGE('',*,*,#1740,.F.);
#1740 = EDGE_CURVE('',#1643,#1713,#1741,.T.);
#1741 = SURFACE_CURVE('',#1742,(#1746,#1753),.PCURVE_S1.);
#1742 = LINE('',#1743,#1744);
#1743 = CARTESIAN_POINT('',(48.,24.,92.));
#1744 = VECTOR('',#1745,1.);
#1745 = DIRECTION('',(0.,0.,1.));
#1746 = PCURVE('',#338,#1747);
#1747 = DEFINITIONAL_REPRESENTATION('',(#1748),#1752);
#1748 = LINE('',#1749,#1750);
#1749 = CARTESIAN_POINT('',(0.,96.));
#1750 = VECTOR('',#1751,1.);
#1751 = DIRECTION('',(1.,0.));
#1752 = ( GEOMETRIC_REPRESENTATION_CONTEXT(2) 
PARAMETRIC_REPRESENTATION_CONTEXT() REPRESENTATION_CONTEXT('2D SPACE',''
  ) );
#1753 = PCURVE('',#1754,#1759);
#1754 = PLANE('',#1755);
#1755 = AXIS2_PLACEMENT_3D('',#1756,#1757,#1758);
#1756 = CARTESIAN_POINT('',(48.,0.,131.11960187564));
#1757 = DIRECTION('',(1.,0.,0.));
#1758 = DIRECTION('',(-0.,0.,1.));
#1759 = DEFINITIONAL_REPRESENTATION('',(#1760),#1764);
#1760 = LINE('',#1761,#1762);
#1761 = CARTESIAN_POINT('',(-39.11960187564,-24.));
#1762 = VECTOR('',#1763,1.);
#1763 = DIRECTION('',(1.,0.));
#1764 = ( GEOMETRIC_REPRESENTATION_CONTEXT(2) 
PARAMETRIC_REPRESENTATION_CONTEXT() REPRESENTATION_CONTEXT('2D SPACE',''
  ) );
#1765 = ADVANCED_FACE('',(#1766),#223,.T.);
#1766 = FACE_BOUND('',#1767,.T.);
#1767 = EDGE_LOOP('',(#1768,#1769,#1770,#1793));
#1768 = ORIENTED_EDGE('',*,*,#207,.F.);
#1769 = ORIENTED_EDGE('',*,*,#1618,.F.);
#1770 = ORIENTED_EDGE('',*,*,#1771,.T.);
#1771 = EDGE_CURVE('',#1589,#1772,#1774,.T.);
#1772 = VERTEX_POINT('',#1773);
#1773 = CARTESIAN_POINT('',(-2.,-29.,92.));
#1774 = SURFACE_CURVE('',#1775,(#1779,#1786),.PCURVE_S1.);
#1775 = LINE('',#1776,#1777);
#1776 = CARTESIAN_POINT('',(-2.,-60.,92.));
#1777 = VECTOR('',#1778,1.);
#1778 = DIRECTION('',(0.,1.,0.));
#1779 = PCURVE('',#223,#1780);
#1780 = DEFINITIONAL_REPRESENTATION('',(#1781),#1785);
#1781 = LINE('',#1782,#1783);
#1782 = CARTESIAN_POINT('',(0.,0.));
#1783 = VECTOR('',#1784,1.);
#1784 = DIRECTION('',(0.,-1.));
#1785 = ( GEOMETRIC_REPRESENTATION_CONTEXT(2) 
PARAMETRIC_REPRESENTATION_CONTEXT() REPRESENTATION_CONTEXT('2D SPACE',''
  ) );
#1786 = PCURVE('',#1012,#1787);
#1787 = DEFINITIONAL_REPRESENTATION('',(#1788),#1792);
#1788 = LINE('',#1789,#1790);
#1789 = CARTESIAN_POINT('',(58.,0.));
#1790 = VECTOR('',#1791,1.);
#1791 = DIRECTION('',(0.,1.));
#1792 = ( GEOMETRIC_REPRESENTATION_CONTEXT(2) 
PARAMETRIC_REPRESENTATION_CONTEXT() REPRESENTATION_CONTEXT('2D SPACE',''
  ) );
#1793 = ORIENTED_EDGE('',*,*,#1794,.F.);
#1794 = EDGE_CURVE('',#208,#1772,#1795,.T.);
#1795 = SURFACE_CURVE('',#1796,(#1800,#1807),.PCURVE_S1.);
#1796 = LINE('',#1797,#1798);
#1797 = CARTESIAN_POINT('',(-2.,-29.,100.));
#1798 = VECTOR('',#1799,1.);
#1799 = DIRECTION('',(0.,0.,-1.));
#1800 = PCURVE('',#223,#1801);
#1801 = DEFINITIONAL_REPRESENTATION('',(#1802),#1806);
#1802 = LINE('',#1803,#1804);
#1803 = CARTESIAN_POINT('',(8.,-31.));
#1804 = VECTOR('',#1805,1.);
#1805 = DIRECTION('',(-1.,0.));
#1806 = ( GEOMETRIC_REPRESENTATION_CONTEXT(2) 
PARAMETRIC_REPRESENTATION_CONTEXT() REPRESENTATION_CONTEXT('2D SPACE',''
  ) );
#1807 = PCURVE('',#256,#1808);
#1808 = DEFINITIONAL_REPRESENTATION('',(#1809),#1813);
#1809 = LINE('',#1810,#1811);
#1810 = CARTESIAN_POINT('',(0.,0.));
#1811 = VECTOR('',#1812,1.);
#1812 = DIRECTION('',(0.,1.));
#1813 = ( GEOMETRIC_REPRESENTATION_CONTEXT(2) 
PARAMETRIC_REPRESENTATION_CONTEXT() REPRESENTATION_CONTEXT('2D SPACE',''
  ) );
#1814 = ADVANCED_FACE('',(#1815,#1864),#311,.F.);
#1815 = FACE_BOUND('',#1816,.F.);
#1816 = EDGE_LOOP('',(#1817,#1840,#1841,#1842));
#1817 = ORIENTED_EDGE('',*,*,#1818,.T.);
#1818 = EDGE_CURVE('',#1819,#269,#1821,.T.);
#1819 = VERTEX_POINT('',#1820);
#1820 = CARTESIAN_POINT('',(40.,-24.,156.));
#1821 = SURFACE_CURVE('',#1822,(#1826,#1833),.PCURVE_S1.);
#1822 = LINE('',#1823,#1824);
#1823 = CARTESIAN_POINT('',(40.,-24.,156.));
#1824 = VECTOR('',#1825,1.);
#1825 = DIRECTION('',(0.,0.,-1.));
#1826 = PCURVE('',#311,#1827);
#1827 = DEFINITIONAL_REPRESENTATION('',(#1828),#1832);
#1828 = LINE('',#1829,#1830);
#1829 = CARTESIAN_POINT('',(24.880398124356,24.));
#1830 = VECTOR('',#1831,1.);
#1831 = DIRECTION('',(-1.,0.));
#1832 = ( GEOMETRIC_REPRESENTATION_CONTEXT(2) 
PARAMETRIC_REPRESENTATION_CONTEXT() REPRESENTATION_CONTEXT('2D SPACE',''
  ) );
#1833 = PCURVE('',#284,#1834);
#1834 = DEFINITIONAL_REPRESENTATION('',(#1835),#1839);
#1835 = LINE('',#1836,#1837);
#1836 = CARTESIAN_POINT('',(64.,88.));
#1837 = VECTOR('',#1838,1.);
#1838 = DIRECTION('',(-1.,0.));
#1839 = ( GEOMETRIC_REPRESENTATION_CONTEXT(2) 
PARAMETRIC_REPRESENTATION_CONTEXT() REPRESENTATION_CONTEXT('2D SPACE',''
  ) );
#1840 = ORIENTED_EDGE('',*,*,#296,.T.);
#1841 = ORIENTED_EDGE('',*,*,#1689,.T.);
#1842 = ORIENTED_EDGE('',*,*,#1843,.T.);
#1843 = EDGE_CURVE('',#1690,#1819,#1844,.T.);
#1844 = SURFACE_CURVE('',#1845,(#1850,#1857),.PCURVE_S1.);
#1845 = CIRCLE('',#1846,24.);
#1846 = AXIS2_PLACEMENT_3D('',#1847,#1848,#1849);
#1847 = CARTESIAN_POINT('',(40.,0.,156.));
#1848 = DIRECTION('',(1.,0.,0.));
#1849 = DIRECTION('',(-0.,1.,0.));
#1850 = PCURVE('',#311,#1851);
#1851 = DEFINITIONAL_REPRESENTATION('',(#1852),#1856);
#1852 = CIRCLE('',#1853,24.);
#1853 = AXIS2_PLACEMENT_2D('',#1854,#1855);
#1854 = CARTESIAN_POINT('',(24.880398124356,0.));
#1855 = DIRECTION('',(0.,-1.));
#1856 = ( GEOMETRIC_REPRESENTATION_CONTEXT(2) 
PARAMETRIC_REPRESENTATION_CONTEXT() REPRESENTATION_CONTEXT('2D SPACE',''
  ) );
#1857 = PCURVE('',#1728,#1858);
#1858 = DEFINITIONAL_REPRESENTATION('',(#1859),#1863);
#1859 = LINE('',#1860,#1861);
#1860 = CARTESIAN_POINT('',(-0.,0.));
#1861 = VECTOR('',#1862,1.);
#1862 = DIRECTION('',(-1.,0.));
#1863 = ( GEOMETRIC_REPRESENTATION_CONTEXT(2) 
PARAMETRIC_REPRESENTATION_CONTEXT() REPRESENTATION_CONTEXT('2D SPACE',''
  ) );
#1864 = FACE_BOUND('',#1865,.F.);
#1865 = EDGE_LOOP('',(#1866));
#1866 = ORIENTED_EDGE('',*,*,#1867,.T.);
#1867 = EDGE_CURVE('',#1868,#1868,#1870,.T.);
#1868 = VERTEX_POINT('',#1869);
#1869 = CARTESIAN_POINT('',(40.,9.9,156.));
#1870 = SURFACE_CURVE('',#1871,(#1876,#1887),.PCURVE_S1.);
#1871 = CIRCLE('',#1872,9.9);
#1872 = AXIS2_PLACEMENT_3D('',#1873,#1874,#1875);
#1873 = CARTESIAN_POINT('',(40.,0.,156.));
#1874 = DIRECTION('',(-1.,0.,0.));
#1875 = DIRECTION('',(0.,1.,0.));
#1876 = PCURVE('',#311,#1877);
#1877 = DEFINITIONAL_REPRESENTATION('',(#1878),#1886);
#1878 = ( BOUNDED_CURVE() B_SPLINE_CURVE(2,(#1879,#1880,#1881,#1882,
#1883,#1884,#1885),.UNSPECIFIED.,.T.,.F.) B_SPLINE_CURVE_WITH_KNOTS((1,2
    ,2,2,2,1),(-2.094395102393,0.,2.094395102393,4.188790204786,
6.28318530718,8.377580409573),.UNSPECIFIED.) CURVE() 
GEOMETRIC_REPRESENTATION_ITEM() RATIONAL_B_SPLINE_CURVE((1.,0.5,1.,0.5,
1.,0.5,1.)) REPRESENTATION_ITEM('') );
#1879 = CARTESIAN_POINT('',(24.880398124356,-9.9));
#1880 = CARTESIAN_POINT('',(7.733095129424,-9.9));
#1881 = CARTESIAN_POINT('',(16.30674662689,4.95));
#1882 = CARTESIAN_POINT('',(24.880398124356,19.8));
#1883 = CARTESIAN_POINT('',(33.454049621822,4.95));
#1884 = CARTESIAN_POINT('',(42.027701119288,-9.9));
#1885 = CARTESIAN_POINT('',(24.880398124356,-9.9));
#1886 = ( GEOMETRIC_REPRESENTATION_CONTEXT(2) 
PARAMETRIC_REPRESENTATION_CONTEXT() REPRESENTATION_CONTEXT('2D SPACE',''
  ) );
#1887 = PCURVE('',#1888,#1893);
#1888 = CYLINDRICAL_SURFACE('',#1889,9.9);
#1889 = AXIS2_PLACEMENT_3D('',#1890,#1891,#1892);
#1890 = CARTESIAN_POINT('',(-49.,0.,156.));
#1891 = DIRECTION('',(-1.,-0.,-0.));
#1892 = DIRECTION('',(0.,1.,0.));
#1893 = DEFINITIONAL_REPRESENTATION('',(#1894),#1898);
#1894 = LINE('',#1895,#1896);
#1895 = CARTESIAN_POINT('',(-6.28318530718,-89.));
#1896 = VECTOR('',#1897,1.);
#1897 = DIRECTION('',(1.,-0.));
#1898 = ( GEOMETRIC_REPRESENTATION_CONTEXT(2) 
PARAMETRIC_REPRESENTATION_CONTEXT() REPRESENTATION_CONTEXT('2D SPACE',''
  ) );
#1899 = ADVANCED_FACE('',(#1900),#256,.F.);
#1900 = FACE_BOUND('',#1901,.F.);
#1901 = EDGE_LOOP('',(#1902,#1903,#1926,#1952));
#1902 = ORIENTED_EDGE('',*,*,#235,.T.);
#1903 = ORIENTED_EDGE('',*,*,#1904,.T.);
#1904 = EDGE_CURVE('',#236,#1905,#1907,.T.);
#1905 = VERTEX_POINT('',#1906);
#1906 = CARTESIAN_POINT('',(3.,-24.,92.));
#1907 = SURFACE_CURVE('',#1908,(#1912,#1919),.PCURVE_S1.);
#1908 = LINE('',#1909,#1910);
#1909 = CARTESIAN_POINT('',(3.,-24.,100.));
#1910 = VECTOR('',#1911,1.);
#1911 = DIRECTION('',(0.,0.,-1.));
#1912 = PCURVE('',#256,#1913);
#1913 = DEFINITIONAL_REPRESENTATION('',(#1914),#1918);
#1914 = LINE('',#1915,#1916);
#1915 = CARTESIAN_POINT('',(1.570796326795,0.));
#1916 = VECTOR('',#1917,1.);
#1917 = DIRECTION('',(0.,1.));
#1918 = ( GEOMETRIC_REPRESENTATION_CONTEXT(2) 
PARAMETRIC_REPRESENTATION_CONTEXT() REPRESENTATION_CONTEXT('2D SPACE',''
  ) );
#1919 = PCURVE('',#284,#1920);
#1920 = DEFINITIONAL_REPRESENTATION('',(#1921),#1925);
#1921 = LINE('',#1922,#1923);
#1922 = CARTESIAN_POINT('',(8.,51.));
#1923 = VECTOR('',#1924,1.);
#1924 = DIRECTION('',(-1.,0.));
#1925 = ( GEOMETRIC_REPRESENTATION_CONTEXT(2) 
PARAMETRIC_REPRESENTATION_CONTEXT() REPRESENTATION_CONTEXT('2D SPACE',''
  ) );
#1926 = ORIENTED_EDGE('',*,*,#1927,.F.);
#1927 = EDGE_CURVE('',#1772,#1905,#1928,.T.);
#1928 = SURFACE_CURVE('',#1929,(#1934,#1941),.PCURVE_S1.);
#1929 = CIRCLE('',#1930,5.);
#1930 = AXIS2_PLACEMENT_3D('',#1931,#1932,#1933);
#1931 = CARTESIAN_POINT('',(3.,-29.,92.));
#1932 = DIRECTION('',(0.,0.,-1.));
#1933 = DIRECTION('',(0.,1.,0.));
#1934 = PCURVE('',#256,#1935);
#1935 = DEFINITIONAL_REPRESENTATION('',(#1936),#1940);
#1936 = LINE('',#1937,#1938);
#1937 = CARTESIAN_POINT('',(-4.712388980385,8.));
#1938 = VECTOR('',#1939,1.);
#1939 = DIRECTION('',(1.,0.));
#1940 = ( GEOMETRIC_REPRESENTATION_CONTEXT(2) 
PARAMETRIC_REPRESENTATION_CONTEXT() REPRESENTATION_CONTEXT('2D SPACE',''
  ) );
#1941 = PCURVE('',#1012,#1942);
#1942 = DEFINITIONAL_REPRESENTATION('',(#1943),#1951);
#1943 = ( BOUNDED_CURVE() B_SPLINE_CURVE(2,(#1944,#1945,#1946,#1947,
#1948,#1949,#1950),.UNSPECIFIED.,.T.,.F.) B_SPLINE_CURVE_WITH_KNOTS((1,2
    ,2,2,2,1),(-2.094395102393,0.,2.094395102393,4.188790204786,
6.28318530718,8.377580409573),.UNSPECIFIED.) CURVE() 
GEOMETRIC_REPRESENTATION_ITEM() RATIONAL_B_SPLINE_CURVE((1.,0.5,1.,0.5,
1.,0.5,1.)) REPRESENTATION_ITEM('') );
#1944 = CARTESIAN_POINT('',(63.,36.));
#1945 = CARTESIAN_POINT('',(71.660254037844,36.));
#1946 = CARTESIAN_POINT('',(67.330127018922,28.5));
#1947 = CARTESIAN_POINT('',(63.,21.));
#1948 = CARTESIAN_POINT('',(58.669872981078,28.5));
#1949 = CARTESIAN_POINT('',(54.339745962156,36.));
#1950 = CARTESIAN_POINT('',(63.,36.));
#1951 = ( GEOMETRIC_REPRESENTATION_CONTEXT(2) 
PARAMETRIC_REPRESENTATION_CONTEXT() REPRESENTATION_CONTEXT('2D SPACE',''
  ) );
#1952 = ORIENTED_EDGE('',*,*,#1794,.F.);
#1953 = ADVANCED_FACE('',(#1954),#284,.F.);
#1954 = FACE_BOUND('',#1955,.F.);
#1955 = EDGE_LOOP('',(#1956,#1979,#1980,#1981,#1982,#2005));
#1956 = ORIENTED_EDGE('',*,*,#1957,.F.);
#1957 = EDGE_CURVE('',#1905,#1958,#1960,.T.);
#1958 = VERTEX_POINT('',#1959);
#1959 = CARTESIAN_POINT('',(48.,-24.,92.));
#1960 = SURFACE_CURVE('',#1961,(#1965,#1972),.PCURVE_S1.);
#1961 = LINE('',#1962,#1963);
#1962 = CARTESIAN_POINT('',(3.,-24.,92.));
#1963 = VECTOR('',#1964,1.);
#1964 = DIRECTION('',(1.,0.,0.));
#1965 = PCURVE('',#284,#1966);
#1966 = DEFINITIONAL_REPRESENTATION('',(#1967),#1971);
#1967 = LINE('',#1968,#1969);
#1968 = CARTESIAN_POINT('',(0.,51.));
#1969 = VECTOR('',#1970,1.);
#1970 = DIRECTION('',(0.,1.));
#1971 = ( GEOMETRIC_REPRESENTATION_CONTEXT(2) 
PARAMETRIC_REPRESENTATION_CONTEXT() REPRESENTATION_CONTEXT('2D SPACE',''
  ) );
#1972 = PCURVE('',#1012,#1973);
#1973 = DEFINITIONAL_REPRESENTATION('',(#1974),#1978);
#1974 = LINE('',#1975,#1976);
#1975 = CARTESIAN_POINT('',(63.,36.));
#1976 = VECTOR('',#1977,1.);
#1977 = DIRECTION('',(1.,0.));
#1978 = ( GEOMETRIC_REPRESENTATION_CONTEXT(2) 
PARAMETRIC_REPRESENTATION_CONTEXT() REPRESENTATION_CONTEXT('2D SPACE',''
  ) );
#1979 = ORIENTED_EDGE('',*,*,#1904,.F.);
#1980 = ORIENTED_EDGE('',*,*,#268,.T.);
#1981 = ORIENTED_EDGE('',*,*,#1818,.F.);
#1982 = ORIENTED_EDGE('',*,*,#1983,.T.);
#1983 = EDGE_CURVE('',#1819,#1984,#1986,.T.);
#1984 = VERTEX_POINT('',#1985);
#1985 = CARTESIAN_POINT('',(48.,-24.,156.));
#1986 = SURFACE_CURVE('',#1987,(#1991,#1998),.PCURVE_S1.);
#1987 = LINE('',#1988,#1989);
#1988 = CARTESIAN_POINT('',(40.,-24.,156.));
#1989 = VECTOR('',#1990,1.);
#1990 = DIRECTION('',(1.,0.,0.));
#1991 = PCURVE('',#284,#1992);
#1992 = DEFINITIONAL_REPRESENTATION('',(#1993),#1997);
#1993 = LINE('',#1994,#1995);
#1994 = CARTESIAN_POINT('',(64.,88.));
#1995 = VECTOR('',#1996,1.);
#1996 = DIRECTION('',(0.,1.));
#1997 = ( GEOMETRIC_REPRESENTATION_CONTEXT(2) 
PARAMETRIC_REPRESENTATION_CONTEXT() REPRESENTATION_CONTEXT('2D SPACE',''
  ) );
#1998 = PCURVE('',#1728,#1999);
#1999 = DEFINITIONAL_REPRESENTATION('',(#2000),#2004);
#2000 = LINE('',#2001,#2002);
#2001 = CARTESIAN_POINT('',(-3.14159265359,0.));
#2002 = VECTOR('',#2003,1.);
#2003 = DIRECTION('',(-0.,-1.));
#2004 = ( GEOMETRIC_REPRESENTATION_CONTEXT(2) 
PARAMETRIC_REPRESENTATION_CONTEXT() REPRESENTATION_CONTEXT('2D SPACE',''
  ) );
#2005 = ORIENTED_EDGE('',*,*,#2006,.T.);
#2006 = EDGE_CURVE('',#1984,#1958,#2007,.T.);
#2007 = SURFACE_CURVE('',#2008,(#2012,#2019),.PCURVE_S1.);
#2008 = LINE('',#2009,#2010);
#2009 = CARTESIAN_POINT('',(48.,-24.,156.));
#2010 = VECTOR('',#2011,1.);
#2011 = DIRECTION('',(0.,0.,-1.));
#2012 = PCURVE('',#284,#2013);
#2013 = DEFINITIONAL_REPRESENTATION('',(#2014),#2018);
#2014 = LINE('',#2015,#2016);
#2015 = CARTESIAN_POINT('',(64.,96.));
#2016 = VECTOR('',#2017,1.);
#2017 = DIRECTION('',(-1.,0.));
#2018 = ( GEOMETRIC_REPRESENTATION_CONTEXT(2) 
PARAMETRIC_REPRESENTATION_CONTEXT() REPRESENTATION_CONTEXT('2D SPACE',''
  ) );
#2019 = PCURVE('',#1754,#2020);
#2020 = DEFINITIONAL_REPRESENTATION('',(#2021),#2025);
#2021 = LINE('',#2022,#2023);
#2022 = CARTESIAN_POINT('',(24.880398124356,24.));
#2023 = VECTOR('',#2024,1.);
#2024 = DIRECTION('',(-1.,0.));
#2025 = ( GEOMETRIC_REPRESENTATION_CONTEXT(2) 
PARAMETRIC_REPRESENTATION_CONTEXT() REPRESENTATION_CONTEXT('2D SPACE',''
  ) );
#2026 = ADVANCED_FACE('',(#2027),#479,.F.);
#2027 = FACE_BOUND('',#2028,.T.);
#2028 = EDGE_LOOP('',(#2029,#2057,#2078,#2079));
#2029 = ORIENTED_EDGE('',*,*,#2030,.T.);
#2030 = EDGE_CURVE('',#2031,#2031,#2033,.T.);
#2031 = VERTEX_POINT('',#2032);
#2032 = CARTESIAN_POINT('',(-44.3,-52.,92.));
#2033 = SURFACE_CURVE('',#2034,(#2039,#2046),.PCURVE_S1.);
#2034 = CIRCLE('',#2035,1.7);
#2035 = AXIS2_PLACEMENT_3D('',#2036,#2037,#2038);
#2036 = CARTESIAN_POINT('',(-46.,-52.,92.));
#2037 = DIRECTION('',(0.,0.,-1.));
#2038 = DIRECTION('',(1.,0.,0.));
#2039 = PCURVE('',#479,#2040);
#2040 = DEFINITIONAL_REPRESENTATION('',(#2041),#2045);
#2041 = LINE('',#2042,#2043);
#2042 = CARTESIAN_POINT('',(-6.28318530718,-1.));
#2043 = VECTOR('',#2044,1.);
#2044 = DIRECTION('',(1.,-0.));
#2045 = ( GEOMETRIC_REPRESENTATION_CONTEXT(2) 
PARAMETRIC_REPRESENTATION_CONTEXT() REPRESENTATION_CONTEXT('2D SPACE',''
  ) );
#2046 = PCURVE('',#1012,#2047);
#2047 = DEFINITIONAL_REPRESENTATION('',(#2048),#2056);
#2048 = ( BOUNDED_CURVE() B_SPLINE_CURVE(2,(#2049,#2050,#2051,#2052,
#2053,#2054,#2055),.UNSPECIFIED.,.T.,.F.) B_SPLINE_CURVE_WITH_KNOTS((1,2
    ,2,2,2,1),(-2.094395102393,0.,2.094395102393,4.188790204786,
6.28318530718,8.377580409573),.UNSPECIFIED.) CURVE() 
GEOMETRIC_REPRESENTATION_ITEM() RATIONAL_B_SPLINE_CURVE((1.,0.5,1.,0.5,
1.,0.5,1.)) REPRESENTATION_ITEM('') );
#2049 = CARTESIAN_POINT('',(15.7,8.));
#2050 = CARTESIAN_POINT('',(15.7,5.055513627133));
#2051 = CARTESIAN_POINT('',(13.15,6.527756813566));
#2052 = CARTESIAN_POINT('',(10.6,8.));
#2053 = CARTESIAN_POINT('',(13.15,9.472243186434));
#2054 = CARTESIAN_POINT('',(15.7,10.944486372867));
#2055 = CARTESIAN_POINT('',(15.7,8.));
#2056 = ( GEOMETRIC_REPRESENTATION_CONTEXT(2) 
PARAMETRIC_REPRESENTATION_CONTEXT() REPRESENTATION_CONTEXT('2D SPACE',''
  ) );
#2057 = ORIENTED_EDGE('',*,*,#2058,.T.);
#2058 = EDGE_CURVE('',#2031,#459,#2059,.T.);
#2059 = SEAM_CURVE('',#2060,(#2064,#2071),.PCURVE_S1.);
#2060 = LINE('',#2061,#2062);
#2061 = CARTESIAN_POINT('',(-44.3,-52.,91.));
#2062 = VECTOR('',#2063,1.);
#2063 = DIRECTION('',(0.,0.,1.));
#2064 = PCURVE('',#479,#2065);
#2065 = DEFINITIONAL_REPRESENTATION('',(#2066),#2070);
#2066 = LINE('',#2067,#2068);
#2067 = CARTESIAN_POINT('',(-6.28318530718,0.));
#2068 = VECTOR('',#2069,1.);
#2069 = DIRECTION('',(-0.,-1.));
#2070 = ( GEOMETRIC_REPRESENTATION_CONTEXT(2) 
PARAMETRIC_REPRESENTATION_CONTEXT() REPRESENTATION_CONTEXT('2D SPACE',''
  ) );
#2071 = PCURVE('',#479,#2072);
#2072 = DEFINITIONAL_REPRESENTATION('',(#2073),#2077);
#2073 = LINE('',#2074,#2075);
#2074 = CARTESIAN_POINT('',(-0.,0.));
#2075 = VECTOR('',#2076,1.);
#2076 = DIRECTION('',(-0.,-1.));
#2077 = ( GEOMETRIC_REPRESENTATION_CONTEXT(2) 
PARAMETRIC_REPRESENTATION_CONTEXT() REPRESENTATION_CONTEXT('2D SPACE',''
  ) );
#2078 = ORIENTED_EDGE('',*,*,#458,.F.);
#2079 = ORIENTED_EDGE('',*,*,#2058,.F.);
#2080 = ADVANCED_FACE('',(#2081),#510,.F.);
#2081 = FACE_BOUND('',#2082,.F.);
#2082 = EDGE_LOOP('',(#2083,#2106,#2127,#2128));
#2083 = ORIENTED_EDGE('',*,*,#2084,.T.);
#2084 = EDGE_CURVE('',#2085,#2087,#2089,.T.);
#2085 = VERTEX_POINT('',#2086);
#2086 = CARTESIAN_POINT('',(-50.7,-26.4,92.));
#2087 = VERTEX_POINT('',#2088);
#2088 = CARTESIAN_POINT('',(-50.7,-27.6,92.));
#2089 = SURFACE_CURVE('',#2090,(#2094,#2100),.PCURVE_S1.);
#2090 = LINE('',#2091,#2092);
#2091 = CARTESIAN_POINT('',(-50.7,-43.8,92.));
#2092 = VECTOR('',#2093,1.);
#2093 = DIRECTION('',(-1.110223024625E-16,-1.,0.));
#2094 = PCURVE('',#510,#2095);
#2095 = DEFINITIONAL_REPRESENTATION('',(#2096),#2099);
#2096 = B_SPLINE_CURVE_WITH_KNOTS('',1,(#2097,#2098),.UNSPECIFIED.,.F.,
  .F.,(2,2),(-17.4,-16.2),.PIECEWISE_BEZIER_KNOTS.);
#2097 = CARTESIAN_POINT('',(1.2,-1.));
#2098 = CARTESIAN_POINT('',(0.,-1.));
#2099 = ( GEOMETRIC_REPRESENTATION_CONTEXT(2) 
PARAMETRIC_REPRESENTATION_CONTEXT() REPRESENTATION_CONTEXT('2D SPACE',''
  ) );
#2100 = PCURVE('',#1012,#2101);
#2101 = DEFINITIONAL_REPRESENTATION('',(#2102),#2105);
#2102 = B_SPLINE_CURVE_WITH_KNOTS('',1,(#2103,#2104),.UNSPECIFIED.,.F.,
  .F.,(2,2),(-17.4,-16.2),.PIECEWISE_BEZIER_KNOTS.);
#2103 = CARTESIAN_POINT('',(9.3,33.6));
#2104 = CARTESIAN_POINT('',(9.3,32.4));
#2105 = ( GEOMETRIC_REPRESENTATION_CONTEXT(2) 
PARAMETRIC_REPRESENTATION_CONTEXT() REPRESENTATION_CONTEXT('2D SPACE',''
  ) );
#2106 = ORIENTED_EDGE('',*,*,#2107,.T.);
#2107 = EDGE_CURVE('',#2087,#496,#2108,.T.);
#2108 = SURFACE_CURVE('',#2109,(#2113,#2120),.PCURVE_S1.);
#2109 = LINE('',#2110,#2111);
#2110 = CARTESIAN_POINT('',(-50.7,-27.6,91.));
#2111 = VECTOR('',#2112,1.);
#2112 = DIRECTION('',(0.,0.,1.));
#2113 = PCURVE('',#510,#2114);
#2114 = DEFINITIONAL_REPRESENTATION('',(#2115),#2119);
#2115 = LINE('',#2116,#2117);
#2116 = CARTESIAN_POINT('',(0.,0.));
#2117 = VECTOR('',#2118,1.);
#2118 = DIRECTION('',(0.,-1.));
#2119 = ( GEOMETRIC_REPRESENTATION_CONTEXT(2) 
PARAMETRIC_REPRESENTATION_CONTEXT() REPRESENTATION_CONTEXT('2D SPACE',''
  ) );
#2120 = PCURVE('',#599,#2121);
#2121 = DEFINITIONAL_REPRESENTATION('',(#2122),#2126);
#2122 = LINE('',#2123,#2124);
#2123 = CARTESIAN_POINT('',(3.14159265359,0.));
#2124 = VECTOR('',#2125,1.);
#2125 = DIRECTION('',(0.,-1.));
#2126 = ( GEOMETRIC_REPRESENTATION_CONTEXT(2) 
PARAMETRIC_REPRESENTATION_CONTEXT() REPRESENTATION_CONTEXT('2D SPACE',''
  ) );
#2127 = ORIENTED_EDGE('',*,*,#493,.F.);
#2128 = ORIENTED_EDGE('',*,*,#2129,.F.);
#2129 = EDGE_CURVE('',#2085,#494,#2130,.T.);
#2130 = SURFACE_CURVE('',#2131,(#2135,#2142),.PCURVE_S1.);
#2131 = LINE('',#2132,#2133);
#2132 = CARTESIAN_POINT('',(-50.7,-26.4,91.));
#2133 = VECTOR('',#2134,1.);
#2134 = DIRECTION('',(0.,0.,1.));
#2135 = PCURVE('',#510,#2136);
#2136 = DEFINITIONAL_REPRESENTATION('',(#2137),#2141);
#2137 = LINE('',#2138,#2139);
#2138 = CARTESIAN_POINT('',(1.2,0.));
#2139 = VECTOR('',#2140,1.);
#2140 = DIRECTION('',(0.,-1.));
#2141 = ( GEOMETRIC_REPRESENTATION_CONTEXT(2) 
PARAMETRIC_REPRESENTATION_CONTEXT() REPRESENTATION_CONTEXT('2D SPACE',''
  ) );
#2142 = PCURVE('',#542,#2143);
#2143 = DEFINITIONAL_REPRESENTATION('',(#2144),#2148);
#2144 = LINE('',#2145,#2146);
#2145 = CARTESIAN_POINT('',(0.,0.));
#2146 = VECTOR('',#2147,1.);
#2147 = DIRECTION('',(0.,-1.));
#2148 = ( GEOMETRIC_REPRESENTATION_CONTEXT(2) 
PARAMETRIC_REPRESENTATION_CONTEXT() REPRESENTATION_CONTEXT('2D SPACE',''
  ) );
#2149 = ADVANCED_FACE('',(#2150),#542,.F.);
#2150 = FACE_BOUND('',#2151,.F.);
#2151 = EDGE_LOOP('',(#2152,#2180,#2181,#2182));
#2152 = ORIENTED_EDGE('',*,*,#2153,.F.);
#2153 = EDGE_CURVE('',#2085,#2154,#2156,.T.);
#2154 = VERTEX_POINT('',#2155);
#2155 = CARTESIAN_POINT('',(-47.3,-26.4,92.));
#2156 = SURFACE_CURVE('',#2157,(#2162,#2169),.PCURVE_S1.);
#2157 = CIRCLE('',#2158,1.7);
#2158 = AXIS2_PLACEMENT_3D('',#2159,#2160,#2161);
#2159 = CARTESIAN_POINT('',(-49.,-26.4,92.));
#2160 = DIRECTION('',(0.,0.,-1.));
#2161 = DIRECTION('',(-1.,2.416367759478E-16,0.));
#2162 = PCURVE('',#542,#2163);
#2163 = DEFINITIONAL_REPRESENTATION('',(#2164),#2168);
#2164 = LINE('',#2165,#2166);
#2165 = CARTESIAN_POINT('',(0.,-1.));
#2166 = VECTOR('',#2167,1.);
#2167 = DIRECTION('',(1.,0.));
#2168 = ( GEOMETRIC_REPRESENTATION_CONTEXT(2) 
PARAMETRIC_REPRESENTATION_CONTEXT() REPRESENTATION_CONTEXT('2D SPACE',''
  ) );
#2169 = PCURVE('',#1012,#2170);
#2170 = DEFINITIONAL_REPRESENTATION('',(#2171),#2179);
#2171 = ( BOUNDED_CURVE() B_SPLINE_CURVE(2,(#2172,#2173,#2174,#2175,
#2176,#2177,#2178),.UNSPECIFIED.,.T.,.F.) B_SPLINE_CURVE_WITH_KNOTS((1,2
    ,2,2,2,1),(-2.094395102393,0.,2.094395102393,4.188790204786,
6.28318530718,8.377580409573),.UNSPECIFIED.) CURVE() 
GEOMETRIC_REPRESENTATION_ITEM() RATIONAL_B_SPLINE_CURVE((1.,0.5,1.,0.5,
1.,0.5,1.)) REPRESENTATION_ITEM('') );
#2172 = CARTESIAN_POINT('',(9.3,33.6));
#2173 = CARTESIAN_POINT('',(9.3,36.544486372867));
#2174 = CARTESIAN_POINT('',(11.85,35.072243186434));
#2175 = CARTESIAN_POINT('',(14.4,33.6));
#2176 = CARTESIAN_POINT('',(11.85,32.127756813566));
#2177 = CARTESIAN_POINT('',(9.3,30.655513627133));
#2178 = CARTESIAN_POINT('',(9.3,33.6));
#2179 = ( GEOMETRIC_REPRESENTATION_CONTEXT(2) 
PARAMETRIC_REPRESENTATION_CONTEXT() REPRESENTATION_CONTEXT('2D SPACE',''
  ) );
#2180 = ORIENTED_EDGE('',*,*,#2129,.T.);
#2181 = ORIENTED_EDGE('',*,*,#521,.T.);
#2182 = ORIENTED_EDGE('',*,*,#2183,.F.);
#2183 = EDGE_CURVE('',#2154,#522,#2184,.T.);
#2184 = SURFACE_CURVE('',#2185,(#2189,#2196),.PCURVE_S1.);
#2185 = LINE('',#2186,#2187);
#2186 = CARTESIAN_POINT('',(-47.3,-26.4,91.));
#2187 = VECTOR('',#2188,1.);
#2188 = DIRECTION('',(0.,0.,1.));
#2189 = PCURVE('',#542,#2190);
#2190 = DEFINITIONAL_REPRESENTATION('',(#2191),#2195);
#2191 = LINE('',#2192,#2193);
#2192 = CARTESIAN_POINT('',(3.14159265359,0.));
#2193 = VECTOR('',#2194,1.);
#2194 = DIRECTION('',(0.,-1.));
#2195 = ( GEOMETRIC_REPRESENTATION_CONTEXT(2) 
PARAMETRIC_REPRESENTATION_CONTEXT() REPRESENTATION_CONTEXT('2D SPACE',''
  ) );
#2196 = PCURVE('',#569,#2197);
#2197 = DEFINITIONAL_REPRESENTATION('',(#2198),#2202);
#2198 = LINE('',#2199,#2200);
#2199 = CARTESIAN_POINT('',(0.,0.));
#2200 = VECTOR('',#2201,1.);
#2201 = DIRECTION('',(0.,-1.));
#2202 = ( GEOMETRIC_REPRESENTATION_CONTEXT(2) 
PARAMETRIC_REPRESENTATION_CONTEXT() REPRESENTATION_CONTEXT('2D SPACE',''
  ) );
#2203 = ADVANCED_FACE('',(#2204),#599,.F.);
#2204 = FACE_BOUND('',#2205,.F.);
#2205 = EDGE_LOOP('',(#2206,#2234,#2255,#2256));
#2206 = ORIENTED_EDGE('',*,*,#2207,.F.);
#2207 = EDGE_CURVE('',#2208,#2087,#2210,.T.);
#2208 = VERTEX_POINT('',#2209);
#2209 = CARTESIAN_POINT('',(-47.3,-27.6,92.));
#2210 = SURFACE_CURVE('',#2211,(#2216,#2223),.PCURVE_S1.);
#2211 = CIRCLE('',#2212,1.7);
#2212 = AXIS2_PLACEMENT_3D('',#2213,#2214,#2215);
#2213 = CARTESIAN_POINT('',(-49.,-27.6,92.));
#2214 = DIRECTION('',(-0.,0.,-1.));
#2215 = DIRECTION('',(1.,-2.416367759478E-16,-0.));
#2216 = PCURVE('',#599,#2217);
#2217 = DEFINITIONAL_REPRESENTATION('',(#2218),#2222);
#2218 = LINE('',#2219,#2220);
#2219 = CARTESIAN_POINT('',(0.,-1.));
#2220 = VECTOR('',#2221,1.);
#2221 = DIRECTION('',(1.,0.));
#2222 = ( GEOMETRIC_REPRESENTATION_CONTEXT(2) 
PARAMETRIC_REPRESENTATION_CONTEXT() REPRESENTATION_CONTEXT('2D SPACE',''
  ) );
#2223 = PCURVE('',#1012,#2224);
#2224 = DEFINITIONAL_REPRESENTATION('',(#2225),#2233);
#2225 = ( BOUNDED_CURVE() B_SPLINE_CURVE(2,(#2226,#2227,#2228,#2229,
#2230,#2231,#2232),.UNSPECIFIED.,.T.,.F.) B_SPLINE_CURVE_WITH_KNOTS((1,2
    ,2,2,2,1),(-2.094395102393,0.,2.094395102393,4.188790204786,
6.28318530718,8.377580409573),.UNSPECIFIED.) CURVE() 
GEOMETRIC_REPRESENTATION_ITEM() RATIONAL_B_SPLINE_CURVE((1.,0.5,1.,0.5,
1.,0.5,1.)) REPRESENTATION_ITEM('') );
#2226 = CARTESIAN_POINT('',(12.7,32.4));
#2227 = CARTESIAN_POINT('',(12.7,29.455513627133));
#2228 = CARTESIAN_POINT('',(10.15,30.927756813566));
#2229 = CARTESIAN_POINT('',(7.6,32.4));
#2230 = CARTESIAN_POINT('',(10.15,33.872243186434));
#2231 = CARTESIAN_POINT('',(12.7,35.344486372867));
#2232 = CARTESIAN_POINT('',(12.7,32.4));
#2233 = ( GEOMETRIC_REPRESENTATION_CONTEXT(2) 
PARAMETRIC_REPRESENTATION_CONTEXT() REPRESENTATION_CONTEXT('2D SPACE',''
  ) );
#2234 = ORIENTED_EDGE('',*,*,#2235,.T.);
#2235 = EDGE_CURVE('',#2208,#555,#2236,.T.);
#2236 = SURFACE_CURVE('',#2237,(#2241,#2248),.PCURVE_S1.);
#2237 = LINE('',#2238,#2239);
#2238 = CARTESIAN_POINT('',(-47.3,-27.6,91.));
#2239 = VECTOR('',#2240,1.);
#2240 = DIRECTION('',(0.,0.,1.));
#2241 = PCURVE('',#599,#2242);
#2242 = DEFINITIONAL_REPRESENTATION('',(#2243),#2247);
#2243 = LINE('',#2244,#2245);
#2244 = CARTESIAN_POINT('',(0.,0.));
#2245 = VECTOR('',#2246,1.);
#2246 = DIRECTION('',(0.,-1.));
#2247 = ( GEOMETRIC_REPRESENTATION_CONTEXT(2) 
PARAMETRIC_REPRESENTATION_CONTEXT() REPRESENTATION_CONTEXT('2D SPACE',''
  ) );
#2248 = PCURVE('',#569,#2249);
#2249 = DEFINITIONAL_REPRESENTATION('',(#2250),#2254);
#2250 = LINE('',#2251,#2252);
#2251 = CARTESIAN_POINT('',(1.2,0.));
#2252 = VECTOR('',#2253,1.);
#2253 = DIRECTION('',(0.,-1.));
#2254 = ( GEOMETRIC_REPRESENTATION_CONTEXT(2) 
PARAMETRIC_REPRESENTATION_CONTEXT() REPRESENTATION_CONTEXT('2D SPACE',''
  ) );
#2255 = ORIENTED_EDGE('',*,*,#580,.T.);
#2256 = ORIENTED_EDGE('',*,*,#2107,.F.);
#2257 = ADVANCED_FACE('',(#2258),#569,.F.);
#2258 = FACE_BOUND('',#2259,.F.);
#2259 = EDGE_LOOP('',(#2260,#2279,#2280,#2281));
#2260 = ORIENTED_EDGE('',*,*,#2261,.T.);
#2261 = EDGE_CURVE('',#2208,#2154,#2262,.T.);
#2262 = SURFACE_CURVE('',#2263,(#2267,#2273),.PCURVE_S1.);
#2263 = LINE('',#2264,#2265);
#2264 = CARTESIAN_POINT('',(-47.3,-43.2,92.));
#2265 = VECTOR('',#2266,1.);
#2266 = DIRECTION('',(1.110223024625E-16,1.,-0.));
#2267 = PCURVE('',#569,#2268);
#2268 = DEFINITIONAL_REPRESENTATION('',(#2269),#2272);
#2269 = B_SPLINE_CURVE_WITH_KNOTS('',1,(#2270,#2271),.UNSPECIFIED.,.F.,
  .F.,(2,2),(15.6,16.8),.PIECEWISE_BEZIER_KNOTS.);
#2270 = CARTESIAN_POINT('',(1.2,-1.));
#2271 = CARTESIAN_POINT('',(0.,-1.));
#2272 = ( GEOMETRIC_REPRESENTATION_CONTEXT(2) 
PARAMETRIC_REPRESENTATION_CONTEXT() REPRESENTATION_CONTEXT('2D SPACE',''
  ) );
#2273 = PCURVE('',#1012,#2274);
#2274 = DEFINITIONAL_REPRESENTATION('',(#2275),#2278);
#2275 = B_SPLINE_CURVE_WITH_KNOTS('',1,(#2276,#2277),.UNSPECIFIED.,.F.,
  .F.,(2,2),(15.6,16.8),.PIECEWISE_BEZIER_KNOTS.);
#2276 = CARTESIAN_POINT('',(12.7,32.4));
#2277 = CARTESIAN_POINT('',(12.7,33.6));
#2278 = ( GEOMETRIC_REPRESENTATION_CONTEXT(2) 
PARAMETRIC_REPRESENTATION_CONTEXT() REPRESENTATION_CONTEXT('2D SPACE',''
  ) );
#2279 = ORIENTED_EDGE('',*,*,#2183,.T.);
#2280 = ORIENTED_EDGE('',*,*,#554,.F.);
#2281 = ORIENTED_EDGE('',*,*,#2235,.F.);
#2282 = ADVANCED_FACE('',(#2283),#630,.F.);
#2283 = FACE_BOUND('',#2284,.F.);
#2284 = EDGE_LOOP('',(#2285,#2308,#2329,#2330));
#2285 = ORIENTED_EDGE('',*,*,#2286,.T.);
#2286 = EDGE_CURVE('',#2287,#2289,#2291,.T.);
#2287 = VERTEX_POINT('',#2288);
#2288 = CARTESIAN_POINT('',(-42.7,-26.4,92.));
#2289 = VERTEX_POINT('',#2290);
#2290 = CARTESIAN_POINT('',(-42.7,-27.6,92.));
#2291 = SURFACE_CURVE('',#2292,(#2296,#2302),.PCURVE_S1.);
#2292 = LINE('',#2293,#2294);
#2293 = CARTESIAN_POINT('',(-42.7,-43.8,92.));
#2294 = VECTOR('',#2295,1.);
#2295 = DIRECTION('',(-1.110223024625E-16,-1.,0.));
#2296 = PCURVE('',#630,#2297);
#2297 = DEFINITIONAL_REPRESENTATION('',(#2298),#2301);
#2298 = B_SPLINE_CURVE_WITH_KNOTS('',1,(#2299,#2300),.UNSPECIFIED.,.F.,
  .F.,(2,2),(-17.4,-16.2),.PIECEWISE_BEZIER_KNOTS.);
#2299 = CARTESIAN_POINT('',(1.2,-1.));
#2300 = CARTESIAN_POINT('',(0.,-1.));
#2301 = ( GEOMETRIC_REPRESENTATION_CONTEXT(2) 
PARAMETRIC_REPRESENTATION_CONTEXT() REPRESENTATION_CONTEXT('2D SPACE',''
  ) );
#2302 = PCURVE('',#1012,#2303);
#2303 = DEFINITIONAL_REPRESENTATION('',(#2304),#2307);
#2304 = B_SPLINE_CURVE_WITH_KNOTS('',1,(#2305,#2306),.UNSPECIFIED.,.F.,
  .F.,(2,2),(-17.4,-16.2),.PIECEWISE_BEZIER_KNOTS.);
#2305 = CARTESIAN_POINT('',(17.3,33.6));
#2306 = CARTESIAN_POINT('',(17.3,32.4));
#2307 = ( GEOMETRIC_REPRESENTATION_CONTEXT(2) 
PARAMETRIC_REPRESENTATION_CONTEXT() REPRESENTATION_CONTEXT('2D SPACE',''
  ) );
#2308 = ORIENTED_EDGE('',*,*,#2309,.T.);
#2309 = EDGE_CURVE('',#2289,#616,#2310,.T.);
#2310 = SURFACE_CURVE('',#2311,(#2315,#2322),.PCURVE_S1.);
#2311 = LINE('',#2312,#2313);
#2312 = CARTESIAN_POINT('',(-42.7,-27.6,91.));
#2313 = VECTOR('',#2314,1.);
#2314 = DIRECTION('',(0.,0.,1.));
#2315 = PCURVE('',#630,#2316);
#2316 = DEFINITIONAL_REPRESENTATION('',(#2317),#2321);
#2317 = LINE('',#2318,#2319);
#2318 = CARTESIAN_POINT('',(0.,0.));
#2319 = VECTOR('',#2320,1.);
#2320 = DIRECTION('',(0.,-1.));
#2321 = ( GEOMETRIC_REPRESENTATION_CONTEXT(2) 
PARAMETRIC_REPRESENTATION_CONTEXT() REPRESENTATION_CONTEXT('2D SPACE',''
  ) );
#2322 = PCURVE('',#719,#2323);
#2323 = DEFINITIONAL_REPRESENTATION('',(#2324),#2328);
#2324 = LINE('',#2325,#2326);
#2325 = CARTESIAN_POINT('',(3.14159265359,0.));
#2326 = VECTOR('',#2327,1.);
#2327 = DIRECTION('',(0.,-1.));
#2328 = ( GEOMETRIC_REPRESENTATION_CONTEXT(2) 
PARAMETRIC_REPRESENTATION_CONTEXT() REPRESENTATION_CONTEXT('2D SPACE',''
  ) );
#2329 = ORIENTED_EDGE('',*,*,#613,.F.);
#2330 = ORIENTED_EDGE('',*,*,#2331,.F.);
#2331 = EDGE_CURVE('',#2287,#614,#2332,.T.);
#2332 = SURFACE_CURVE('',#2333,(#2337,#2344),.PCURVE_S1.);
#2333 = LINE('',#2334,#2335);
#2334 = CARTESIAN_POINT('',(-42.7,-26.4,91.));
#2335 = VECTOR('',#2336,1.);
#2336 = DIRECTION('',(0.,0.,1.));
#2337 = PCURVE('',#630,#2338);
#2338 = DEFINITIONAL_REPRESENTATION('',(#2339),#2343);
#2339 = LINE('',#2340,#2341);
#2340 = CARTESIAN_POINT('',(1.2,0.));
#2341 = VECTOR('',#2342,1.);
#2342 = DIRECTION('',(0.,-1.));
#2343 = ( GEOMETRIC_REPRESENTATION_CONTEXT(2) 
PARAMETRIC_REPRESENTATION_CONTEXT() REPRESENTATION_CONTEXT('2D SPACE',''
  ) );
#2344 = PCURVE('',#662,#2345);
#2345 = DEFINITIONAL_REPRESENTATION('',(#2346),#2350);
#2346 = LINE('',#2347,#2348);
#2347 = CARTESIAN_POINT('',(0.,0.));
#2348 = VECTOR('',#2349,1.);
#2349 = DIRECTION('',(0.,-1.));
#2350 = ( GEOMETRIC_REPRESENTATION_CONTEXT(2) 
PARAMETRIC_REPRESENTATION_CONTEXT() REPRESENTATION_CONTEXT('2D SPACE',''
  ) );
#2351 = ADVANCED_FACE('',(#2352),#719,.F.);
#2352 = FACE_BOUND('',#2353,.F.);
#2353 = EDGE_LOOP('',(#2354,#2382,#2403,#2404));
#2354 = ORIENTED_EDGE('',*,*,#2355,.F.);
#2355 = EDGE_CURVE('',#2356,#2289,#2358,.T.);
#2356 = VERTEX_POINT('',#2357);
#2357 = CARTESIAN_POINT('',(-39.3,-27.6,92.));
#2358 = SURFACE_CURVE('',#2359,(#2364,#2371),.PCURVE_S1.);
#2359 = CIRCLE('',#2360,1.7);
#2360 = AXIS2_PLACEMENT_3D('',#2361,#2362,#2363);
#2361 = CARTESIAN_POINT('',(-41.,-27.6,92.));
#2362 = DIRECTION('',(-0.,0.,-1.));
#2363 = DIRECTION('',(1.,-2.416367759478E-16,-0.));
#2364 = PCURVE('',#719,#2365);
#2365 = DEFINITIONAL_REPRESENTATION('',(#2366),#2370);
#2366 = LINE('',#2367,#2368);
#2367 = CARTESIAN_POINT('',(0.,-1.));
#2368 = VECTOR('',#2369,1.);
#2369 = DIRECTION('',(1.,0.));
#2370 = ( GEOMETRIC_REPRESENTATION_CONTEXT(2) 
PARAMETRIC_REPRESENTATION_CONTEXT() REPRESENTATION_CONTEXT('2D SPACE',''
  ) );
#2371 = PCURVE('',#1012,#2372);
#2372 = DEFINITIONAL_REPRESENTATION('',(#2373),#2381);
#2373 = ( BOUNDED_CURVE() B_SPLINE_CURVE(2,(#2374,#2375,#2376,#2377,
#2378,#2379,#2380),.UNSPECIFIED.,.T.,.F.) B_SPLINE_CURVE_WITH_KNOTS((1,2
    ,2,2,2,1),(-2.094395102393,0.,2.094395102393,4.188790204786,
6.28318530718,8.377580409573),.UNSPECIFIED.) CURVE() 
GEOMETRIC_REPRESENTATION_ITEM() RATIONAL_B_SPLINE_CURVE((1.,0.5,1.,0.5,
1.,0.5,1.)) REPRESENTATION_ITEM('') );
#2374 = CARTESIAN_POINT('',(20.7,32.4));
#2375 = CARTESIAN_POINT('',(20.7,29.455513627133));
#2376 = CARTESIAN_POINT('',(18.15,30.927756813566));
#2377 = CARTESIAN_POINT('',(15.6,32.4));
#2378 = CARTESIAN_POINT('',(18.15,33.872243186434));
#2379 = CARTESIAN_POINT('',(20.7,35.344486372867));
#2380 = CARTESIAN_POINT('',(20.7,32.4));
#2381 = ( GEOMETRIC_REPRESENTATION_CONTEXT(2) 
PARAMETRIC_REPRESENTATION_CONTEXT() REPRESENTATION_CONTEXT('2D SPACE',''
  ) );
#2382 = ORIENTED_EDGE('',*,*,#2383,.T.);
#2383 = EDGE_CURVE('',#2356,#675,#2384,.T.);
#2384 = SURFACE_CURVE('',#2385,(#2389,#2396),.PCURVE_S1.);
#2385 = LINE('',#2386,#2387);
#2386 = CARTESIAN_POINT('',(-39.3,-27.6,91.));
#2387 = VECTOR('',#2388,1.);
#2388 = DIRECTION('',(0.,0.,1.));
#2389 = PCURVE('',#719,#2390);
#2390 = DEFINITIONAL_REPRESENTATION('',(#2391),#2395);
#2391 = LINE('',#2392,#2393);
#2392 = CARTESIAN_POINT('',(0.,0.));
#2393 = VECTOR('',#2394,1.);
#2394 = DIRECTION('',(0.,-1.));
#2395 = ( GEOMETRIC_REPRESENTATION_CONTEXT(2) 
PARAMETRIC_REPRESENTATION_CONTEXT() REPRESENTATION_CONTEXT('2D SPACE',''
  ) );
#2396 = PCURVE('',#689,#2397);
#2397 = DEFINITIONAL_REPRESENTATION('',(#2398),#2402);
#2398 = LINE('',#2399,#2400);
#2399 = CARTESIAN_POINT('',(1.2,0.));
#2400 = VECTOR('',#2401,1.);
#2401 = DIRECTION('',(0.,-1.));
#2402 = ( GEOMETRIC_REPRESENTATION_CONTEXT(2) 
PARAMETRIC_REPRESENTATION_CONTEXT() REPRESENTATION_CONTEXT('2D SPACE',''
  ) );
#2403 = ORIENTED_EDGE('',*,*,#700,.T.);
#2404 = ORIENTED_EDGE('',*,*,#2309,.F.);
#2405 = ADVANCED_FACE('',(#2406),#689,.F.);
#2406 = FACE_BOUND('',#2407,.F.);
#2407 = EDGE_LOOP('',(#2408,#2429,#2450,#2451));
#2408 = ORIENTED_EDGE('',*,*,#2409,.T.);
#2409 = EDGE_CURVE('',#2356,#2410,#2412,.T.);
#2410 = VERTEX_POINT('',#2411);
#2411 = CARTESIAN_POINT('',(-39.3,-26.4,92.));
#2412 = SURFACE_CURVE('',#2413,(#2417,#2423),.PCURVE_S1.);
#2413 = LINE('',#2414,#2415);
#2414 = CARTESIAN_POINT('',(-39.3,-43.2,92.));
#2415 = VECTOR('',#2416,1.);
#2416 = DIRECTION('',(1.110223024625E-16,1.,-0.));
#2417 = PCURVE('',#689,#2418);
#2418 = DEFINITIONAL_REPRESENTATION('',(#2419),#2422);
#2419 = B_SPLINE_CURVE_WITH_KNOTS('',1,(#2420,#2421),.UNSPECIFIED.,.F.,
  .F.,(2,2),(15.6,16.8),.PIECEWISE_BEZIER_KNOTS.);
#2420 = CARTESIAN_POINT('',(1.2,-1.));
#2421 = CARTESIAN_POINT('',(0.,-1.));
#2422 = ( GEOMETRIC_REPRESENTATION_CONTEXT(2) 
PARAMETRIC_REPRESENTATION_CONTEXT() REPRESENTATION_CONTEXT('2D SPACE',''
  ) );
#2423 = PCURVE('',#1012,#2424);
#2424 = DEFINITIONAL_REPRESENTATION('',(#2425),#2428);
#2425 = B_SPLINE_CURVE_WITH_KNOTS('',1,(#2426,#2427),.UNSPECIFIED.,.F.,
  .F.,(2,2),(15.6,16.8),.PIECEWISE_BEZIER_KNOTS.);
#2426 = CARTESIAN_POINT('',(20.7,32.4));
#2427 = CARTESIAN_POINT('',(20.7,33.6));
#2428 = ( GEOMETRIC_REPRESENTATION_CONTEXT(2) 
PARAMETRIC_REPRESENTATION_CONTEXT() REPRESENTATION_CONTEXT('2D SPACE',''
  ) );
#2429 = ORIENTED_EDGE('',*,*,#2430,.T.);
#2430 = EDGE_CURVE('',#2410,#642,#2431,.T.);
#2431 = SURFACE_CURVE('',#2432,(#2436,#2443),.PCURVE_S1.);
#2432 = LINE('',#2433,#2434);
#2433 = CARTESIAN_POINT('',(-39.3,-26.4,91.));
#2434 = VECTOR('',#2435,1.);
#2435 = DIRECTION('',(0.,0.,1.));
#2436 = PCURVE('',#689,#2437);
#2437 = DEFINITIONAL_REPRESENTATION('',(#2438),#2442);
#2438 = LINE('',#2439,#2440);
#2439 = CARTESIAN_POINT('',(0.,0.));
#2440 = VECTOR('',#2441,1.);
#2441 = DIRECTION('',(0.,-1.));
#2442 = ( GEOMETRIC_REPRESENTATION_CONTEXT(2) 
PARAMETRIC_REPRESENTATION_CONTEXT() REPRESENTATION_CONTEXT('2D SPACE',''
  ) );
#2443 = PCURVE('',#662,#2444);
#2444 = DEFINITIONAL_REPRESENTATION('',(#2445),#2449);
#2445 = LINE('',#2446,#2447);
#2446 = CARTESIAN_POINT('',(3.14159265359,0.));
#2447 = VECTOR('',#2448,1.);
#2448 = DIRECTION('',(0.,-1.));
#2449 = ( GEOMETRIC_REPRESENTATION_CONTEXT(2) 
PARAMETRIC_REPRESENTATION_CONTEXT() REPRESENTATION_CONTEXT('2D SPACE',''
  ) );
#2450 = ORIENTED_EDGE('',*,*,#674,.F.);
#2451 = ORIENTED_EDGE('',*,*,#2383,.F.);
#2452 = ADVANCED_FACE('',(#2453),#662,.F.);
#2453 = FACE_BOUND('',#2454,.F.);
#2454 = EDGE_LOOP('',(#2455,#2481,#2482,#2483));
#2455 = ORIENTED_EDGE('',*,*,#2456,.F.);
#2456 = EDGE_CURVE('',#2287,#2410,#2457,.T.);
#2457 = SURFACE_CURVE('',#2458,(#2463,#2470),.PCURVE_S1.);
#2458 = CIRCLE('',#2459,1.7);
#2459 = AXIS2_PLACEMENT_3D('',#2460,#2461,#2462);
#2460 = CARTESIAN_POINT('',(-41.,-26.4,92.));
#2461 = DIRECTION('',(0.,0.,-1.));
#2462 = DIRECTION('',(-1.,2.416367759478E-16,0.));
#2463 = PCURVE('',#662,#2464);
#2464 = DEFINITIONAL_REPRESENTATION('',(#2465),#2469);
#2465 = LINE('',#2466,#2467);
#2466 = CARTESIAN_POINT('',(0.,-1.));
#2467 = VECTOR('',#2468,1.);
#2468 = DIRECTION('',(1.,0.));
#2469 = ( GEOMETRIC_REPRESENTATION_CONTEXT(2) 
PARAMETRIC_REPRESENTATION_CONTEXT() REPRESENTATION_CONTEXT('2D SPACE',''
  ) );
#2470 = PCURVE('',#1012,#2471);
#2471 = DEFINITIONAL_REPRESENTATION('',(#2472),#2480);
#2472 = ( BOUNDED_CURVE() B_SPLINE_CURVE(2,(#2473,#2474,#2475,#2476,
#2477,#2478,#2479),.UNSPECIFIED.,.T.,.F.) B_SPLINE_CURVE_WITH_KNOTS((1,2
    ,2,2,2,1),(-2.094395102393,0.,2.094395102393,4.188790204786,
6.28318530718,8.377580409573),.UNSPECIFIED.) CURVE() 
GEOMETRIC_REPRESENTATION_ITEM() RATIONAL_B_SPLINE_CURVE((1.,0.5,1.,0.5,
1.,0.5,1.)) REPRESENTATION_ITEM('') );
#2473 = CARTESIAN_POINT('',(17.3,33.6));
#2474 = CARTESIAN_POINT('',(17.3,36.544486372867));
#2475 = CARTESIAN_POINT('',(19.85,35.072243186434));
#2476 = CARTESIAN_POINT('',(22.4,33.6));
#2477 = CARTESIAN_POINT('',(19.85,32.127756813566));
#2478 = CARTESIAN_POINT('',(17.3,30.655513627133));
#2479 = CARTESIAN_POINT('',(17.3,33.6));
#2480 = ( GEOMETRIC_REPRESENTATION_CONTEXT(2) 
PARAMETRIC_REPRESENTATION_CONTEXT() REPRESENTATION_CONTEXT('2D SPACE',''
  ) );
#2481 = ORIENTED_EDGE('',*,*,#2331,.T.);
#2482 = ORIENTED_EDGE('',*,*,#641,.T.);
#2483 = ORIENTED_EDGE('',*,*,#2430,.F.);
#2484 = ADVANCED_FACE('',(#2485),#754,.F.);
#2485 = FACE_BOUND('',#2486,.T.);
#2486 = EDGE_LOOP('',(#2487,#2515,#2536,#2537));
#2487 = ORIENTED_EDGE('',*,*,#2488,.T.);
#2488 = EDGE_CURVE('',#2489,#2489,#2491,.T.);
#2489 = VERTEX_POINT('',#2490);
#2490 = CARTESIAN_POINT('',(-12.3,-52.,92.));
#2491 = SURFACE_CURVE('',#2492,(#2497,#2504),.PCURVE_S1.);
#2492 = CIRCLE('',#2493,1.7);
#2493 = AXIS2_PLACEMENT_3D('',#2494,#2495,#2496);
#2494 = CARTESIAN_POINT('',(-14.,-52.,92.));
#2495 = DIRECTION('',(0.,0.,-1.));
#2496 = DIRECTION('',(1.,0.,0.));
#2497 = PCURVE('',#754,#2498);
#2498 = DEFINITIONAL_REPRESENTATION('',(#2499),#2503);
#2499 = LINE('',#2500,#2501);
#2500 = CARTESIAN_POINT('',(-6.28318530718,-1.));
#2501 = VECTOR('',#2502,1.);
#2502 = DIRECTION('',(1.,-0.));
#2503 = ( GEOMETRIC_REPRESENTATION_CONTEXT(2) 
PARAMETRIC_REPRESENTATION_CONTEXT() REPRESENTATION_CONTEXT('2D SPACE',''
  ) );
#2504 = PCURVE('',#1012,#2505);
#2505 = DEFINITIONAL_REPRESENTATION('',(#2506),#2514);
#2506 = ( BOUNDED_CURVE() B_SPLINE_CURVE(2,(#2507,#2508,#2509,#2510,
#2511,#2512,#2513),.UNSPECIFIED.,.T.,.F.) B_SPLINE_CURVE_WITH_KNOTS((1,2
    ,2,2,2,1),(-2.094395102393,0.,2.094395102393,4.188790204786,
6.28318530718,8.377580409573),.UNSPECIFIED.) CURVE() 
GEOMETRIC_REPRESENTATION_ITEM() RATIONAL_B_SPLINE_CURVE((1.,0.5,1.,0.5,
1.,0.5,1.)) REPRESENTATION_ITEM('') );
#2507 = CARTESIAN_POINT('',(47.7,8.));
#2508 = CARTESIAN_POINT('',(47.7,5.055513627133));
#2509 = CARTESIAN_POINT('',(45.15,6.527756813566));
#2510 = CARTESIAN_POINT('',(42.6,8.));
#2511 = CARTESIAN_POINT('',(45.15,9.472243186434));
#2512 = CARTESIAN_POINT('',(47.7,10.944486372867));
#2513 = CARTESIAN_POINT('',(47.7,8.));
#2514 = ( GEOMETRIC_REPRESENTATION_CONTEXT(2) 
PARAMETRIC_REPRESENTATION_CONTEXT() REPRESENTATION_CONTEXT('2D SPACE',''
  ) );
#2515 = ORIENTED_EDGE('',*,*,#2516,.T.);
#2516 = EDGE_CURVE('',#2489,#734,#2517,.T.);
#2517 = SEAM_CURVE('',#2518,(#2522,#2529),.PCURVE_S1.);
#2518 = LINE('',#2519,#2520);
#2519 = CARTESIAN_POINT('',(-12.3,-52.,91.));
#2520 = VECTOR('',#2521,1.);
#2521 = DIRECTION('',(0.,0.,1.));
#2522 = PCURVE('',#754,#2523);
#2523 = DEFINITIONAL_REPRESENTATION('',(#2524),#2528);
#2524 = LINE('',#2525,#2526);
#2525 = CARTESIAN_POINT('',(-6.28318530718,0.));
#2526 = VECTOR('',#2527,1.);
#2527 = DIRECTION('',(-0.,-1.));
#2528 = ( GEOMETRIC_REPRESENTATION_CONTEXT(2) 
PARAMETRIC_REPRESENTATION_CONTEXT() REPRESENTATION_CONTEXT('2D SPACE',''
  ) );
#2529 = PCURVE('',#754,#2530);
#2530 = DEFINITIONAL_REPRESENTATION('',(#2531),#2535);
#2531 = LINE('',#2532,#2533);
#2532 = CARTESIAN_POINT('',(-0.,0.));
#2533 = VECTOR('',#2534,1.);
#2534 = DIRECTION('',(-0.,-1.));
#2535 = ( GEOMETRIC_REPRESENTATION_CONTEXT(2) 
PARAMETRIC_REPRESENTATION_CONTEXT() REPRESENTATION_CONTEXT('2D SPACE',''
  ) );
#2536 = ORIENTED_EDGE('',*,*,#733,.F.);
#2537 = ORIENTED_EDGE('',*,*,#2516,.F.);
#2538 = ADVANCED_FACE('',(#2539),#785,.F.);
#2539 = FACE_BOUND('',#2540,.F.);
#2540 = EDGE_LOOP('',(#2541,#2564,#2585,#2586));
#2541 = ORIENTED_EDGE('',*,*,#2542,.T.);
#2542 = EDGE_CURVE('',#2543,#2545,#2547,.T.);
#2543 = VERTEX_POINT('',#2544);
#2544 = CARTESIAN_POINT('',(-18.2,-29.4,92.));
#2545 = VERTEX_POINT('',#2546);
#2546 = CARTESIAN_POINT('',(-18.2,-30.6,92.));
#2547 = SURFACE_CURVE('',#2548,(#2552,#2558),.PCURVE_S1.);
#2548 = LINE('',#2549,#2550);
#2549 = CARTESIAN_POINT('',(-18.2,-45.3,92.));
#2550 = VECTOR('',#2551,1.);
#2551 = DIRECTION('',(-1.110223024625E-16,-1.,0.));
#2552 = PCURVE('',#785,#2553);
#2553 = DEFINITIONAL_REPRESENTATION('',(#2554),#2557);
#2554 = B_SPLINE_CURVE_WITH_KNOTS('',1,(#2555,#2556),.UNSPECIFIED.,.F.,
  .F.,(2,2),(-15.9,-14.7),.PIECEWISE_BEZIER_KNOTS.);
#2555 = CARTESIAN_POINT('',(1.2,-1.));
#2556 = CARTESIAN_POINT('',(0.,-1.));
#2557 = ( GEOMETRIC_REPRESENTATION_CONTEXT(2) 
PARAMETRIC_REPRESENTATION_CONTEXT() REPRESENTATION_CONTEXT('2D SPACE',''
  ) );
#2558 = PCURVE('',#1012,#2559);
#2559 = DEFINITIONAL_REPRESENTATION('',(#2560),#2563);
#2560 = B_SPLINE_CURVE_WITH_KNOTS('',1,(#2561,#2562),.UNSPECIFIED.,.F.,
  .F.,(2,2),(-15.9,-14.7),.PIECEWISE_BEZIER_KNOTS.);
#2561 = CARTESIAN_POINT('',(41.8,30.6));
#2562 = CARTESIAN_POINT('',(41.8,29.4));
#2563 = ( GEOMETRIC_REPRESENTATION_CONTEXT(2) 
PARAMETRIC_REPRESENTATION_CONTEXT() REPRESENTATION_CONTEXT('2D SPACE',''
  ) );
#2564 = ORIENTED_EDGE('',*,*,#2565,.T.);
#2565 = EDGE_CURVE('',#2545,#771,#2566,.T.);
#2566 = SURFACE_CURVE('',#2567,(#2571,#2578),.PCURVE_S1.);
#2567 = LINE('',#2568,#2569);
#2568 = CARTESIAN_POINT('',(-18.2,-30.6,91.));
#2569 = VECTOR('',#2570,1.);
#2570 = DIRECTION('',(0.,0.,1.));
#2571 = PCURVE('',#785,#2572);
#2572 = DEFINITIONAL_REPRESENTATION('',(#2573),#2577);
#2573 = LINE('',#2574,#2575);
#2574 = CARTESIAN_POINT('',(0.,0.));
#2575 = VECTOR('',#2576,1.);
#2576 = DIRECTION('',(0.,-1.));
#2577 = ( GEOMETRIC_REPRESENTATION_CONTEXT(2) 
PARAMETRIC_REPRESENTATION_CONTEXT() REPRESENTATION_CONTEXT('2D SPACE',''
  ) );
#2578 = PCURVE('',#874,#2579);
#2579 = DEFINITIONAL_REPRESENTATION('',(#2580),#2584);
#2580 = LINE('',#2581,#2582);
#2581 = CARTESIAN_POINT('',(3.14159265359,0.));
#2582 = VECTOR('',#2583,1.);
#2583 = DIRECTION('',(0.,-1.));
#2584 = ( GEOMETRIC_REPRESENTATION_CONTEXT(2) 
PARAMETRIC_REPRESENTATION_CONTEXT() REPRESENTATION_CONTEXT('2D SPACE',''
  ) );
#2585 = ORIENTED_EDGE('',*,*,#768,.F.);
#2586 = ORIENTED_EDGE('',*,*,#2587,.F.);
#2587 = EDGE_CURVE('',#2543,#769,#2588,.T.);
#2588 = SURFACE_CURVE('',#2589,(#2593,#2600),.PCURVE_S1.);
#2589 = LINE('',#2590,#2591);
#2590 = CARTESIAN_POINT('',(-18.2,-29.4,91.));
#2591 = VECTOR('',#2592,1.);
#2592 = DIRECTION('',(0.,0.,1.));
#2593 = PCURVE('',#785,#2594);
#2594 = DEFINITIONAL_REPRESENTATION('',(#2595),#2599);
#2595 = LINE('',#2596,#2597);
#2596 = CARTESIAN_POINT('',(1.2,0.));
#2597 = VECTOR('',#2598,1.);
#2598 = DIRECTION('',(0.,-1.));
#2599 = ( GEOMETRIC_REPRESENTATION_CONTEXT(2) 
PARAMETRIC_REPRESENTATION_CONTEXT() REPRESENTATION_CONTEXT('2D SPACE',''
  ) );
#2600 = PCURVE('',#817,#2601);
#2601 = DEFINITIONAL_REPRESENTATION('',(#2602),#2606);
#2602 = LINE('',#2603,#2604);
#2603 = CARTESIAN_POINT('',(0.,0.));
#2604 = VECTOR('',#2605,1.);
#2605 = DIRECTION('',(0.,-1.));
#2606 = ( GEOMETRIC_REPRESENTATION_CONTEXT(2) 
PARAMETRIC_REPRESENTATION_CONTEXT() REPRESENTATION_CONTEXT('2D SPACE',''
  ) );
#2607 = ADVANCED_FACE('',(#2608),#817,.F.);
#2608 = FACE_BOUND('',#2609,.F.);
#2609 = EDGE_LOOP('',(#2610,#2638,#2639,#2640));
#2610 = ORIENTED_EDGE('',*,*,#2611,.F.);
#2611 = EDGE_CURVE('',#2543,#2612,#2614,.T.);
#2612 = VERTEX_POINT('',#2613);
#2613 = CARTESIAN_POINT('',(-14.8,-29.4,92.));
#2614 = SURFACE_CURVE('',#2615,(#2620,#2627),.PCURVE_S1.);
#2615 = CIRCLE('',#2616,1.7);
#2616 = AXIS2_PLACEMENT_3D('',#2617,#2618,#2619);
#2617 = CARTESIAN_POINT('',(-16.5,-29.4,92.));
#2618 = DIRECTION('',(0.,0.,-1.));
#2619 = DIRECTION('',(-1.,2.416367759478E-16,0.));
#2620 = PCURVE('',#817,#2621);
#2621 = DEFINITIONAL_REPRESENTATION('',(#2622),#2626);
#2622 = LINE('',#2623,#2624);
#2623 = CARTESIAN_POINT('',(0.,-1.));
#2624 = VECTOR('',#2625,1.);
#2625 = DIRECTION('',(1.,0.));
#2626 = ( GEOMETRIC_REPRESENTATION_CONTEXT(2) 
PARAMETRIC_REPRESENTATION_CONTEXT() REPRESENTATION_CONTEXT('2D SPACE',''
  ) );
#2627 = PCURVE('',#1012,#2628);
#2628 = DEFINITIONAL_REPRESENTATION('',(#2629),#2637);
#2629 = ( BOUNDED_CURVE() B_SPLINE_CURVE(2,(#2630,#2631,#2632,#2633,
#2634,#2635,#2636),.UNSPECIFIED.,.T.,.F.) B_SPLINE_CURVE_WITH_KNOTS((1,2
    ,2,2,2,1),(-2.094395102393,0.,2.094395102393,4.188790204786,
6.28318530718,8.377580409573),.UNSPECIFIED.) CURVE() 
GEOMETRIC_REPRESENTATION_ITEM() RATIONAL_B_SPLINE_CURVE((1.,0.5,1.,0.5,
1.,0.5,1.)) REPRESENTATION_ITEM('') );
#2630 = CARTESIAN_POINT('',(41.8,30.6));
#2631 = CARTESIAN_POINT('',(41.8,33.544486372867));
#2632 = CARTESIAN_POINT('',(44.35,32.072243186434));
#2633 = CARTESIAN_POINT('',(46.9,30.6));
#2634 = CARTESIAN_POINT('',(44.35,29.127756813566));
#2635 = CARTESIAN_POINT('',(41.8,27.655513627133));
#2636 = CARTESIAN_POINT('',(41.8,30.6));
#2637 = ( GEOMETRIC_REPRESENTATION_CONTEXT(2) 
PARAMETRIC_REPRESENTATION_CONTEXT() REPRESENTATION_CONTEXT('2D SPACE',''
  ) );
#2638 = ORIENTED_EDGE('',*,*,#2587,.T.);
#2639 = ORIENTED_EDGE('',*,*,#796,.T.);
#2640 = ORIENTED_EDGE('',*,*,#2641,.F.);
#2641 = EDGE_CURVE('',#2612,#797,#2642,.T.);
#2642 = SURFACE_CURVE('',#2643,(#2647,#2654),.PCURVE_S1.);
#2643 = LINE('',#2644,#2645);
#2644 = CARTESIAN_POINT('',(-14.8,-29.4,91.));
#2645 = VECTOR('',#2646,1.);
#2646 = DIRECTION('',(0.,0.,1.));
#2647 = PCURVE('',#817,#2648);
#2648 = DEFINITIONAL_REPRESENTATION('',(#2649),#2653);
#2649 = LINE('',#2650,#2651);
#2650 = CARTESIAN_POINT('',(3.14159265359,0.));
#2651 = VECTOR('',#2652,1.);
#2652 = DIRECTION('',(0.,-1.));
#2653 = ( GEOMETRIC_REPRESENTATION_CONTEXT(2) 
PARAMETRIC_REPRESENTATION_CONTEXT() REPRESENTATION_CONTEXT('2D SPACE',''
  ) );
#2654 = PCURVE('',#844,#2655);
#2655 = DEFINITIONAL_REPRESENTATION('',(#2656),#2660);
#2656 = LINE('',#2657,#2658);
#2657 = CARTESIAN_POINT('',(0.,0.));
#2658 = VECTOR('',#2659,1.);
#2659 = DIRECTION('',(0.,-1.));
#2660 = ( GEOMETRIC_REPRESENTATION_CONTEXT(2) 
PARAMETRIC_REPRESENTATION_CONTEXT() REPRESENTATION_CONTEXT('2D SPACE',''
  ) );
#2661 = ADVANCED_FACE('',(#2662),#874,.F.);
#2662 = FACE_BOUND('',#2663,.F.);
#2663 = EDGE_LOOP('',(#2664,#2692,#2713,#2714));
#2664 = ORIENTED_EDGE('',*,*,#2665,.F.);
#2665 = EDGE_CURVE('',#2666,#2545,#2668,.T.);
#2666 = VERTEX_POINT('',#2667);
#2667 = CARTESIAN_POINT('',(-14.8,-30.6,92.));
#2668 = SURFACE_CURVE('',#2669,(#2674,#2681),.PCURVE_S1.);
#2669 = CIRCLE('',#2670,1.7);
#2670 = AXIS2_PLACEMENT_3D('',#2671,#2672,#2673);
#2671 = CARTESIAN_POINT('',(-16.5,-30.6,92.));
#2672 = DIRECTION('',(-0.,0.,-1.));
#2673 = DIRECTION('',(1.,-2.416367759478E-16,-0.));
#2674 = PCURVE('',#874,#2675);
#2675 = DEFINITIONAL_REPRESENTATION('',(#2676),#2680);
#2676 = LINE('',#2677,#2678);
#2677 = CARTESIAN_POINT('',(0.,-1.));
#2678 = VECTOR('',#2679,1.);
#2679 = DIRECTION('',(1.,0.));
#2680 = ( GEOMETRIC_REPRESENTATION_CONTEXT(2) 
PARAMETRIC_REPRESENTATION_CONTEXT() REPRESENTATION_CONTEXT('2D SPACE',''
  ) );
#2681 = PCURVE('',#1012,#2682);
#2682 = DEFINITIONAL_REPRESENTATION('',(#2683),#2691);
#2683 = ( BOUNDED_CURVE() B_SPLINE_CURVE(2,(#2684,#2685,#2686,#2687,
#2688,#2689,#2690),.UNSPECIFIED.,.T.,.F.) B_SPLINE_CURVE_WITH_KNOTS((1,2
    ,2,2,2,1),(-2.094395102393,0.,2.094395102393,4.188790204786,
6.28318530718,8.377580409573),.UNSPECIFIED.) CURVE() 
GEOMETRIC_REPRESENTATION_ITEM() RATIONAL_B_SPLINE_CURVE((1.,0.5,1.,0.5,
1.,0.5,1.)) REPRESENTATION_ITEM('') );
#2684 = CARTESIAN_POINT('',(45.2,29.4));
#2685 = CARTESIAN_POINT('',(45.2,26.455513627133));
#2686 = CARTESIAN_POINT('',(42.65,27.927756813566));
#2687 = CARTESIAN_POINT('',(40.1,29.4));
#2688 = CARTESIAN_POINT('',(42.65,30.872243186434));
#2689 = CARTESIAN_POINT('',(45.2,32.344486372867));
#2690 = CARTESIAN_POINT('',(45.2,29.4));
#2691 = ( GEOMETRIC_REPRESENTATION_CONTEXT(2) 
PARAMETRIC_REPRESENTATION_CONTEXT() REPRESENTATION_CONTEXT('2D SPACE',''
  ) );
#2692 = ORIENTED_EDGE('',*,*,#2693,.T.);
#2693 = EDGE_CURVE('',#2666,#830,#2694,.T.);
#2694 = SURFACE_CURVE('',#2695,(#2699,#2706),.PCURVE_S1.);
#2695 = LINE('',#2696,#2697);
#2696 = CARTESIAN_POINT('',(-14.8,-30.6,91.));
#2697 = VECTOR('',#2698,1.);
#2698 = DIRECTION('',(0.,0.,1.));
#2699 = PCURVE('',#874,#2700);
#2700 = DEFINITIONAL_REPRESENTATION('',(#2701),#2705);
#2701 = LINE('',#2702,#2703);
#2702 = CARTESIAN_POINT('',(0.,0.));
#2703 = VECTOR('',#2704,1.);
#2704 = DIRECTION('',(0.,-1.));
#2705 = ( GEOMETRIC_REPRESENTATION_CONTEXT(2) 
PARAMETRIC_REPRESENTATION_CONTEXT() REPRESENTATION_CONTEXT('2D SPACE',''
  ) );
#2706 = PCURVE('',#844,#2707);
#2707 = DEFINITIONAL_REPRESENTATION('',(#2708),#2712);
#2708 = LINE('',#2709,#2710);
#2709 = CARTESIAN_POINT('',(1.2,0.));
#2710 = VECTOR('',#2711,1.);
#2711 = DIRECTION('',(0.,-1.));
#2712 = ( GEOMETRIC_REPRESENTATION_CONTEXT(2) 
PARAMETRIC_REPRESENTATION_CONTEXT() REPRESENTATION_CONTEXT('2D SPACE',''
  ) );
#2713 = ORIENTED_EDGE('',*,*,#855,.T.);
#2714 = ORIENTED_EDGE('',*,*,#2565,.F.);
#2715 = ADVANCED_FACE('',(#2716),#844,.F.);
#2716 = FACE_BOUND('',#2717,.F.);
#2717 = EDGE_LOOP('',(#2718,#2737,#2738,#2739));
#2718 = ORIENTED_EDGE('',*,*,#2719,.T.);
#2719 = EDGE_CURVE('',#2666,#2612,#2720,.T.);
#2720 = SURFACE_CURVE('',#2721,(#2725,#2731),.PCURVE_S1.);
#2721 = LINE('',#2722,#2723);
#2722 = CARTESIAN_POINT('',(-14.8,-44.7,92.));
#2723 = VECTOR('',#2724,1.);
#2724 = DIRECTION('',(1.110223024625E-16,1.,-0.));
#2725 = PCURVE('',#844,#2726);
#2726 = DEFINITIONAL_REPRESENTATION('',(#2727),#2730);
#2727 = B_SPLINE_CURVE_WITH_KNOTS('',1,(#2728,#2729),.UNSPECIFIED.,.F.,
  .F.,(2,2),(14.1,15.3),.PIECEWISE_BEZIER_KNOTS.);
#2728 = CARTESIAN_POINT('',(1.2,-1.));
#2729 = CARTESIAN_POINT('',(0.,-1.));
#2730 = ( GEOMETRIC_REPRESENTATION_CONTEXT(2) 
PARAMETRIC_REPRESENTATION_CONTEXT() REPRESENTATION_CONTEXT('2D SPACE',''
  ) );
#2731 = PCURVE('',#1012,#2732);
#2732 = DEFINITIONAL_REPRESENTATION('',(#2733),#2736);
#2733 = B_SPLINE_CURVE_WITH_KNOTS('',1,(#2734,#2735),.UNSPECIFIED.,.F.,
  .F.,(2,2),(14.1,15.3),.PIECEWISE_BEZIER_KNOTS.);
#2734 = CARTESIAN_POINT('',(45.2,29.4));
#2735 = CARTESIAN_POINT('',(45.2,30.6));
#2736 = ( GEOMETRIC_REPRESENTATION_CONTEXT(2) 
PARAMETRIC_REPRESENTATION_CONTEXT() REPRESENTATION_CONTEXT('2D SPACE',''
  ) );
#2737 = ORIENTED_EDGE('',*,*,#2641,.T.);
#2738 = ORIENTED_EDGE('',*,*,#829,.F.);
#2739 = ORIENTED_EDGE('',*,*,#2693,.F.);
#2740 = ADVANCED_FACE('',(#2741),#909,.F.);
#2741 = FACE_BOUND('',#2742,.T.);
#2742 = EDGE_LOOP('',(#2743,#2771,#2792,#2793));
#2743 = ORIENTED_EDGE('',*,*,#2744,.T.);
#2744 = EDGE_CURVE('',#2745,#2745,#2747,.T.);
#2745 = VERTEX_POINT('',#2746);
#2746 = CARTESIAN_POINT('',(-28.3,-9.,92.));
#2747 = SURFACE_CURVE('',#2748,(#2753,#2760),.PCURVE_S1.);
#2748 = CIRCLE('',#2749,1.7);
#2749 = AXIS2_PLACEMENT_3D('',#2750,#2751,#2752);
#2750 = CARTESIAN_POINT('',(-30.,-9.,92.));
#2751 = DIRECTION('',(0.,0.,-1.));
#2752 = DIRECTION('',(1.,0.,0.));
#2753 = PCURVE('',#909,#2754);
#2754 = DEFINITIONAL_REPRESENTATION('',(#2755),#2759);
#2755 = LINE('',#2756,#2757);
#2756 = CARTESIAN_POINT('',(-6.28318530718,-1.));
#2757 = VECTOR('',#2758,1.);
#2758 = DIRECTION('',(1.,-0.));
#2759 = ( GEOMETRIC_REPRESENTATION_CONTEXT(2) 
PARAMETRIC_REPRESENTATION_CONTEXT() REPRESENTATION_CONTEXT('2D SPACE',''
  ) );
#2760 = PCURVE('',#1012,#2761);
#2761 = DEFINITIONAL_REPRESENTATION('',(#2762),#2770);
#2762 = ( BOUNDED_CURVE() B_SPLINE_CURVE(2,(#2763,#2764,#2765,#2766,
#2767,#2768,#2769),.UNSPECIFIED.,.T.,.F.) B_SPLINE_CURVE_WITH_KNOTS((1,2
    ,2,2,2,1),(-2.094395102393,0.,2.094395102393,4.188790204786,
6.28318530718,8.377580409573),.UNSPECIFIED.) CURVE() 
GEOMETRIC_REPRESENTATION_ITEM() RATIONAL_B_SPLINE_CURVE((1.,0.5,1.,0.5,
1.,0.5,1.)) REPRESENTATION_ITEM('') );
#2763 = CARTESIAN_POINT('',(31.7,51.));
#2764 = CARTESIAN_POINT('',(31.7,48.055513627133));
#2765 = CARTESIAN_POINT('',(29.15,49.527756813566));
#2766 = CARTESIAN_POINT('',(26.6,51.));
#2767 = CARTESIAN_POINT('',(29.15,52.472243186434));
#2768 = CARTESIAN_POINT('',(31.7,53.944486372867));
#2769 = CARTESIAN_POINT('',(31.7,51.));
#2770 = ( GEOMETRIC_REPRESENTATION_CONTEXT(2) 
PARAMETRIC_REPRESENTATION_CONTEXT() REPRESENTATION_CONTEXT('2D SPACE',''
  ) );
#2771 = ORIENTED_EDGE('',*,*,#2772,.T.);
#2772 = EDGE_CURVE('',#2745,#889,#2773,.T.);
#2773 = SEAM_CURVE('',#2774,(#2778,#2785),.PCURVE_S1.);
#2774 = LINE('',#2775,#2776);
#2775 = CARTESIAN_POINT('',(-28.3,-9.,91.));
#2776 = VECTOR('',#2777,1.);
#2777 = DIRECTION('',(0.,0.,1.));
#2778 = PCURVE('',#909,#2779);
#2779 = DEFINITIONAL_REPRESENTATION('',(#2780),#2784);
#2780 = LINE('',#2781,#2782);
#2781 = CARTESIAN_POINT('',(-6.28318530718,0.));
#2782 = VECTOR('',#2783,1.);
#2783 = DIRECTION('',(-0.,-1.));
#2784 = ( GEOMETRIC_REPRESENTATION_CONTEXT(2) 
PARAMETRIC_REPRESENTATION_CONTEXT() REPRESENTATION_CONTEXT('2D SPACE',''
  ) );
#2785 = PCURVE('',#909,#2786);
#2786 = DEFINITIONAL_REPRESENTATION('',(#2787),#2791);
#2787 = LINE('',#2788,#2789);
#2788 = CARTESIAN_POINT('',(-0.,0.));
#2789 = VECTOR('',#2790,1.);
#2790 = DIRECTION('',(-0.,-1.));
#2791 = ( GEOMETRIC_REPRESENTATION_CONTEXT(2) 
PARAMETRIC_REPRESENTATION_CONTEXT() REPRESENTATION_CONTEXT('2D SPACE',''
  ) );
#2792 = ORIENTED_EDGE('',*,*,#888,.F.);
#2793 = ORIENTED_EDGE('',*,*,#2772,.F.);
#2794 = ADVANCED_FACE('',(#2795),#944,.F.);
#2795 = FACE_BOUND('',#2796,.T.);
#2796 = EDGE_LOOP('',(#2797,#2825,#2846,#2847));
#2797 = ORIENTED_EDGE('',*,*,#2798,.T.);
#2798 = EDGE_CURVE('',#2799,#2799,#2801,.T.);
#2799 = VERTEX_POINT('',#2800);
#2800 = CARTESIAN_POINT('',(-28.3,9.,92.));
#2801 = SURFACE_CURVE('',#2802,(#2807,#2814),.PCURVE_S1.);
#2802 = CIRCLE('',#2803,1.7);
#2803 = AXIS2_PLACEMENT_3D('',#2804,#2805,#2806);
#2804 = CARTESIAN_POINT('',(-30.,9.,92.));
#2805 = DIRECTION('',(0.,0.,-1.));
#2806 = DIRECTION('',(1.,0.,0.));
#2807 = PCURVE('',#944,#2808);
#2808 = DEFINITIONAL_REPRESENTATION('',(#2809),#2813);
#2809 = LINE('',#2810,#2811);
#2810 = CARTESIAN_POINT('',(-6.28318530718,-1.));
#2811 = VECTOR('',#2812,1.);
#2812 = DIRECTION('',(1.,-0.));
#2813 = ( GEOMETRIC_REPRESENTATION_CONTEXT(2) 
PARAMETRIC_REPRESENTATION_CONTEXT() REPRESENTATION_CONTEXT('2D SPACE',''
  ) );
#2814 = PCURVE('',#1012,#2815);
#2815 = DEFINITIONAL_REPRESENTATION('',(#2816),#2824);
#2816 = ( BOUNDED_CURVE() B_SPLINE_CURVE(2,(#2817,#2818,#2819,#2820,
#2821,#2822,#2823),.UNSPECIFIED.,.T.,.F.) B_SPLINE_CURVE_WITH_KNOTS((1,2
    ,2,2,2,1),(-2.094395102393,0.,2.094395102393,4.188790204786,
6.28318530718,8.377580409573),.UNSPECIFIED.) CURVE() 
GEOMETRIC_REPRESENTATION_ITEM() RATIONAL_B_SPLINE_CURVE((1.,0.5,1.,0.5,
1.,0.5,1.)) REPRESENTATION_ITEM('') );
#2817 = CARTESIAN_POINT('',(31.7,69.));
#2818 = CARTESIAN_POINT('',(31.7,66.055513627133));
#2819 = CARTESIAN_POINT('',(29.15,67.527756813566));
#2820 = CARTESIAN_POINT('',(26.6,69.));
#2821 = CARTESIAN_POINT('',(29.15,70.472243186434));
#2822 = CARTESIAN_POINT('',(31.7,71.944486372867));
#2823 = CARTESIAN_POINT('',(31.7,69.));
#2824 = ( GEOMETRIC_REPRESENTATION_CONTEXT(2) 
PARAMETRIC_REPRESENTATION_CONTEXT() REPRESENTATION_CONTEXT('2D SPACE',''
  ) );
#2825 = ORIENTED_EDGE('',*,*,#2826,.T.);
#2826 = EDGE_CURVE('',#2799,#924,#2827,.T.);
#2827 = SEAM_CURVE('',#2828,(#2832,#2839),.PCURVE_S1.);
#2828 = LINE('',#2829,#2830);
#2829 = CARTESIAN_POINT('',(-28.3,9.,91.));
#2830 = VECTOR('',#2831,1.);
#2831 = DIRECTION('',(0.,0.,1.));
#2832 = PCURVE('',#944,#2833);
#2833 = DEFINITIONAL_REPRESENTATION('',(#2834),#2838);
#2834 = LINE('',#2835,#2836);
#2835 = CARTESIAN_POINT('',(-6.28318530718,0.));
#2836 = VECTOR('',#2837,1.);
#2837 = DIRECTION('',(-0.,-1.));
#2838 = ( GEOMETRIC_REPRESENTATION_CONTEXT(2) 
PARAMETRIC_REPRESENTATION_CONTEXT() REPRESENTATION_CONTEXT('2D SPACE',''
  ) );
#2839 = PCURVE('',#944,#2840);
#2840 = DEFINITIONAL_REPRESENTATION('',(#2841),#2845);
#2841 = LINE('',#2842,#2843);
#2842 = CARTESIAN_POINT('',(-0.,0.));
#2843 = VECTOR('',#2844,1.);
#2844 = DIRECTION('',(-0.,-1.));
#2845 = ( GEOMETRIC_REPRESENTATION_CONTEXT(2) 
PARAMETRIC_REPRESENTATION_CONTEXT() REPRESENTATION_CONTEXT('2D SPACE',''
  ) );
#2846 = ORIENTED_EDGE('',*,*,#923,.F.);
#2847 = ORIENTED_EDGE('',*,*,#2826,.F.);
#2848 = ADVANCED_FACE('',(#2849),#979,.F.);
#2849 = FACE_BOUND('',#2850,.T.);
#2850 = EDGE_LOOP('',(#2851,#2884,#2905,#2906));
#2851 = ORIENTED_EDGE('',*,*,#2852,.T.);
#2852 = EDGE_CURVE('',#2853,#2853,#2855,.T.);
#2853 = VERTEX_POINT('',#2854);
#2854 = CARTESIAN_POINT('',(10.,0.,45.));
#2855 = SURFACE_CURVE('',#2856,(#2861,#2868),.PCURVE_S1.);
#2856 = CIRCLE('',#2857,10.);
#2857 = AXIS2_PLACEMENT_3D('',#2858,#2859,#2860);
#2858 = CARTESIAN_POINT('',(0.,0.,45.));
#2859 = DIRECTION('',(0.,0.,-1.));
#2860 = DIRECTION('',(1.,0.,0.));
#2861 = PCURVE('',#979,#2862);
#2862 = DEFINITIONAL_REPRESENTATION('',(#2863),#2867);
#2863 = LINE('',#2864,#2865);
#2864 = CARTESIAN_POINT('',(-6.28318530718,-5.));
#2865 = VECTOR('',#2866,1.);
#2866 = DIRECTION('',(1.,-0.));
#2867 = ( GEOMETRIC_REPRESENTATION_CONTEXT(2) 
PARAMETRIC_REPRESENTATION_CONTEXT() REPRESENTATION_CONTEXT('2D SPACE',''
  ) );
#2868 = PCURVE('',#2869,#2874);
#2869 = PLANE('',#2870);
#2870 = AXIS2_PLACEMENT_3D('',#2871,#2872,#2873);
#2871 = CARTESIAN_POINT('',(-7.29301404021E-16,1.169780044473E-16,45.));
#2872 = DIRECTION('',(0.,0.,1.));
#2873 = DIRECTION('',(1.,0.,-0.));
#2874 = DEFINITIONAL_REPRESENTATION('',(#2875),#2883);
#2875 = ( BOUNDED_CURVE() B_SPLINE_CURVE(2,(#2876,#2877,#2878,#2879,
#2880,#2881,#2882),.UNSPECIFIED.,.T.,.F.) B_SPLINE_CURVE_WITH_KNOTS((1,2
    ,2,2,2,1),(-2.094395102393,0.,2.094395102393,4.188790204786,
6.28318530718,8.377580409573),.UNSPECIFIED.) CURVE() 
GEOMETRIC_REPRESENTATION_ITEM() RATIONAL_B_SPLINE_CURVE((1.,0.5,1.,0.5,
1.,0.5,1.)) REPRESENTATION_ITEM('') );
#2876 = CARTESIAN_POINT('',(10.,-1.169780044473E-16));
#2877 = CARTESIAN_POINT('',(10.,-17.32050807568));
#2878 = CARTESIAN_POINT('',(-5.,-8.660254037844));
#2879 = CARTESIAN_POINT('',(-20.,-2.566271602742E-15));
#2880 = CARTESIAN_POINT('',(-5.,8.660254037844));
#2881 = CARTESIAN_POINT('',(10.,17.320508075689));
#2882 = CARTESIAN_POINT('',(10.,-1.169780044473E-16));
#2883 = ( GEOMETRIC_REPRESENTATION_CONTEXT(2) 
PARAMETRIC_REPRESENTATION_CONTEXT() REPRESENTATION_CONTEXT('2D SPACE',''
  ) );
#2884 = ORIENTED_EDGE('',*,*,#2885,.T.);
#2885 = EDGE_CURVE('',#2853,#959,#2886,.T.);
#2886 = SEAM_CURVE('',#2887,(#2891,#2898),.PCURVE_S1.);
#2887 = LINE('',#2888,#2889);
#2888 = CARTESIAN_POINT('',(10.,0.,40.));
#2889 = VECTOR('',#2890,1.);
#2890 = DIRECTION('',(0.,0.,1.));
#2891 = PCURVE('',#979,#2892);
#2892 = DEFINITIONAL_REPRESENTATION('',(#2893),#2897);
#2893 = LINE('',#2894,#2895);
#2894 = CARTESIAN_POINT('',(-6.28318530718,0.));
#2895 = VECTOR('',#2896,1.);
#2896 = DIRECTION('',(-0.,-1.));
#2897 = ( GEOMETRIC_REPRESENTATION_CONTEXT(2) 
PARAMETRIC_REPRESENTATION_CONTEXT() REPRESENTATION_CONTEXT('2D SPACE',''
  ) );
#2898 = PCURVE('',#979,#2899);
#2899 = DEFINITIONAL_REPRESENTATION('',(#2900),#2904);
#2900 = LINE('',#2901,#2902);
#2901 = CARTESIAN_POINT('',(-0.,0.));
#2902 = VECTOR('',#2903,1.);
#2903 = DIRECTION('',(-0.,-1.));
#2904 = ( GEOMETRIC_REPRESENTATION_CONTEXT(2) 
PARAMETRIC_REPRESENTATION_CONTEXT() REPRESENTATION_CONTEXT('2D SPACE',''
  ) );
#2905 = ORIENTED_EDGE('',*,*,#958,.F.);
#2906 = ORIENTED_EDGE('',*,*,#2885,.F.);
#2907 = ADVANCED_FACE('',(#2908,#2943,#2946,#2952,#2958,#2961,#2967,
    #2970,#2973),#1012,.F.);
#2908 = FACE_BOUND('',#2909,.F.);
#2909 = EDGE_LOOP('',(#2910,#2911,#2912,#2913,#2914,#2915,#2916,#2917,
    #2918,#2919,#2940,#2941,#2942));
#2910 = ORIENTED_EDGE('',*,*,#994,.F.);
#2911 = ORIENTED_EDGE('',*,*,#1070,.T.);
#2912 = ORIENTED_EDGE('',*,*,#1194,.F.);
#2913 = ORIENTED_EDGE('',*,*,#1351,.F.);
#2914 = ORIENTED_EDGE('',*,*,#1454,.T.);
#2915 = ORIENTED_EDGE('',*,*,#1588,.F.);
#2916 = ORIENTED_EDGE('',*,*,#1771,.T.);
#2917 = ORIENTED_EDGE('',*,*,#1927,.T.);
#2918 = ORIENTED_EDGE('',*,*,#1957,.T.);
#2919 = ORIENTED_EDGE('',*,*,#2920,.F.);
#2920 = EDGE_CURVE('',#1643,#1958,#2921,.T.);
#2921 = SURFACE_CURVE('',#2922,(#2926,#2933),.PCURVE_S1.);
#2922 = LINE('',#2923,#2924);
#2923 = CARTESIAN_POINT('',(48.,24.,92.));
#2924 = VECTOR('',#2925,1.);
#2925 = DIRECTION('',(0.,-1.,0.));
#2926 = PCURVE('',#1012,#2927);
#2927 = DEFINITIONAL_REPRESENTATION('',(#2928),#2932);
#2928 = LINE('',#2929,#2930);
#2929 = CARTESIAN_POINT('',(108.,84.));
#2930 = VECTOR('',#2931,1.);
#2931 = DIRECTION('',(0.,-1.));
#2932 = ( GEOMETRIC_REPRESENTATION_CONTEXT(2) 
PARAMETRIC_REPRESENTATION_CONTEXT() REPRESENTATION_CONTEXT('2D SPACE',''
  ) );
#2933 = PCURVE('',#1754,#2934);
#2934 = DEFINITIONAL_REPRESENTATION('',(#2935),#2939);
#2935 = LINE('',#2936,#2937);
#2936 = CARTESIAN_POINT('',(-39.11960187564,-24.));
#2937 = VECTOR('',#2938,1.);
#2938 = DIRECTION('',(0.,1.));
#2939 = ( GEOMETRIC_REPRESENTATION_CONTEXT(2) 
PARAMETRIC_REPRESENTATION_CONTEXT() REPRESENTATION_CONTEXT('2D SPACE',''
  ) );
#2940 = ORIENTED_EDGE('',*,*,#1642,.T.);
#2941 = ORIENTED_EDGE('',*,*,#1244,.T.);
#2942 = ORIENTED_EDGE('',*,*,#1120,.F.);
#2943 = FACE_BOUND('',#2944,.F.);
#2944 = EDGE_LOOP('',(#2945));
#2945 = ORIENTED_EDGE('',*,*,#2030,.T.);
#2946 = FACE_BOUND('',#2947,.F.);
#2947 = EDGE_LOOP('',(#2948,#2949,#2950,#2951));
#2948 = ORIENTED_EDGE('',*,*,#2084,.F.);
#2949 = ORIENTED_EDGE('',*,*,#2153,.T.);
#2950 = ORIENTED_EDGE('',*,*,#2261,.F.);
#2951 = ORIENTED_EDGE('',*,*,#2207,.T.);
#2952 = FACE_BOUND('',#2953,.F.);
#2953 = EDGE_LOOP('',(#2954,#2955,#2956,#2957));
#2954 = ORIENTED_EDGE('',*,*,#2286,.F.);
#2955 = ORIENTED_EDGE('',*,*,#2456,.T.);
#2956 = ORIENTED_EDGE('',*,*,#2409,.F.);
#2957 = ORIENTED_EDGE('',*,*,#2355,.T.);
#2958 = FACE_BOUND('',#2959,.F.);
#2959 = EDGE_LOOP('',(#2960));
#2960 = ORIENTED_EDGE('',*,*,#2488,.T.);
#2961 = FACE_BOUND('',#2962,.F.);
#2962 = EDGE_LOOP('',(#2963,#2964,#2965,#2966));
#2963 = ORIENTED_EDGE('',*,*,#2542,.F.);
#2964 = ORIENTED_EDGE('',*,*,#2611,.T.);
#2965 = ORIENTED_EDGE('',*,*,#2719,.F.);
#2966 = ORIENTED_EDGE('',*,*,#2665,.T.);
#2967 = FACE_BOUND('',#2968,.F.);
#2968 = EDGE_LOOP('',(#2969));
#2969 = ORIENTED_EDGE('',*,*,#2744,.T.);
#2970 = FACE_BOUND('',#2971,.F.);
#2971 = EDGE_LOOP('',(#2972));
#2972 = ORIENTED_EDGE('',*,*,#2798,.T.);
#2973 = FACE_BOUND('',#2974,.F.);
#2974 = EDGE_LOOP('',(#2975));
#2975 = ORIENTED_EDGE('',*,*,#2976,.F.);
#2976 = EDGE_CURVE('',#2977,#2977,#2979,.T.);
#2977 = VERTEX_POINT('',#2978);
#2978 = CARTESIAN_POINT('',(15.,0.,92.));
#2979 = SURFACE_CURVE('',#2980,(#2985,#2992),.PCURVE_S1.);
#2980 = CIRCLE('',#2981,15.);
#2981 = AXIS2_PLACEMENT_3D('',#2982,#2983,#2984);
#2982 = CARTESIAN_POINT('',(0.,0.,92.));
#2983 = DIRECTION('',(0.,0.,1.));
#2984 = DIRECTION('',(1.,0.,0.));
#2985 = PCURVE('',#1012,#2986);
#2986 = DEFINITIONAL_REPRESENTATION('',(#2987),#2991);
#2987 = CIRCLE('',#2988,15.);
#2988 = AXIS2_PLACEMENT_2D('',#2989,#2990);
#2989 = CARTESIAN_POINT('',(60.,60.));
#2990 = DIRECTION('',(1.,0.));
#2991 = ( GEOMETRIC_REPRESENTATION_CONTEXT(2) 
PARAMETRIC_REPRESENTATION_CONTEXT() REPRESENTATION_CONTEXT('2D SPACE',''
  ) );
#2992 = PCURVE('',#2993,#2998);
#2993 = CYLINDRICAL_SURFACE('',#2994,15.);
#2994 = AXIS2_PLACEMENT_3D('',#2995,#2996,#2997);
#2995 = CARTESIAN_POINT('',(0.,0.,45.));
#2996 = DIRECTION('',(-0.,-0.,-1.));
#2997 = DIRECTION('',(1.,0.,0.));
#2998 = DEFINITIONAL_REPRESENTATION('',(#2999),#3003);
#2999 = LINE('',#3000,#3001);
#3000 = CARTESIAN_POINT('',(-0.,-47.));
#3001 = VECTOR('',#3002,1.);
#3002 = DIRECTION('',(-1.,0.));
#3003 = ( GEOMETRIC_REPRESENTATION_CONTEXT(2) 
PARAMETRIC_REPRESENTATION_CONTEXT() REPRESENTATION_CONTEXT('2D SPACE',''
  ) );
#3004 = ADVANCED_FACE('',(#3005),#1305,.T.);
#3005 = FACE_BOUND('',#3006,.F.);
#3006 = EDGE_LOOP('',(#3007,#3008,#3009,#3010));
#3007 = ORIENTED_EDGE('',*,*,#1666,.T.);
#3008 = ORIENTED_EDGE('',*,*,#1528,.T.);
#3009 = ORIENTED_EDGE('',*,*,#1406,.F.);
#3010 = ORIENTED_EDGE('',*,*,#1290,.F.);
#3011 = ADVANCED_FACE('',(#3012),#1336,.F.);
#3012 = FACE_BOUND('',#3013,.T.);
#3013 = EDGE_LOOP('',(#3014,#3037,#3064,#3065));
#3014 = ORIENTED_EDGE('',*,*,#3015,.T.);
#3015 = EDGE_CURVE('',#1320,#3016,#3018,.T.);
#3016 = VERTEX_POINT('',#3017);
#3017 = CARTESIAN_POINT('',(-41.,11.,156.));
#3018 = SEAM_CURVE('',#3019,(#3023,#3030),.PCURVE_S1.);
#3019 = LINE('',#3020,#3021);
#3020 = CARTESIAN_POINT('',(-48.,11.,156.));
#3021 = VECTOR('',#3022,1.);
#3022 = DIRECTION('',(1.,0.,0.));
#3023 = PCURVE('',#1336,#3024);
#3024 = DEFINITIONAL_REPRESENTATION('',(#3025),#3029);
#3025 = LINE('',#3026,#3027);
#3026 = CARTESIAN_POINT('',(-0.,0.));
#3027 = VECTOR('',#3028,1.);
#3028 = DIRECTION('',(-0.,-1.));
#3029 = ( GEOMETRIC_REPRESENTATION_CONTEXT(2) 
PARAMETRIC_REPRESENTATION_CONTEXT() REPRESENTATION_CONTEXT('2D SPACE',''
  ) );
#3030 = PCURVE('',#1336,#3031);
#3031 = DEFINITIONAL_REPRESENTATION('',(#3032),#3036);
#3032 = LINE('',#3033,#3034);
#3033 = CARTESIAN_POINT('',(-6.28318530718,0.));
#3034 = VECTOR('',#3035,1.);
#3035 = DIRECTION('',(-0.,-1.));
#3036 = ( GEOMETRIC_REPRESENTATION_CONTEXT(2) 
PARAMETRIC_REPRESENTATION_CONTEXT() REPRESENTATION_CONTEXT('2D SPACE',''
  ) );
#3037 = ORIENTED_EDGE('',*,*,#3038,.T.);
#3038 = EDGE_CURVE('',#3016,#3016,#3039,.T.);
#3039 = SURFACE_CURVE('',#3040,(#3045,#3052),.PCURVE_S1.);
#3040 = CIRCLE('',#3041,11.);
#3041 = AXIS2_PLACEMENT_3D('',#3042,#3043,#3044);
#3042 = CARTESIAN_POINT('',(-41.,0.,156.));
#3043 = DIRECTION('',(1.,0.,0.));
#3044 = DIRECTION('',(0.,1.,0.));
#3045 = PCURVE('',#1336,#3046);
#3046 = DEFINITIONAL_REPRESENTATION('',(#3047),#3051);
#3047 = LINE('',#3048,#3049);
#3048 = CARTESIAN_POINT('',(-0.,-7.));
#3049 = VECTOR('',#3050,1.);
#3050 = DIRECTION('',(-1.,0.));
#3051 = ( GEOMETRIC_REPRESENTATION_CONTEXT(2) 
PARAMETRIC_REPRESENTATION_CONTEXT() REPRESENTATION_CONTEXT('2D SPACE',''
  ) );
#3052 = PCURVE('',#3053,#3058);
#3053 = PLANE('',#3054);
#3054 = AXIS2_PLACEMENT_3D('',#3055,#3056,#3057);
#3055 = CARTESIAN_POINT('',(-41.,-7.458764359306E-16,156.));
#3056 = DIRECTION('',(1.,0.,0.));
#3057 = DIRECTION('',(-0.,0.,1.));
#3058 = DEFINITIONAL_REPRESENTATION('',(#3059),#3063);
#3059 = CIRCLE('',#3060,11.);
#3060 = AXIS2_PLACEMENT_2D('',#3061,#3062);
#3061 = CARTESIAN_POINT('',(0.,-7.458764359306E-16));
#3062 = DIRECTION('',(0.,-1.));
#3063 = ( GEOMETRIC_REPRESENTATION_CONTEXT(2) 
PARAMETRIC_REPRESENTATION_CONTEXT() REPRESENTATION_CONTEXT('2D SPACE',''
  ) );
#3064 = ORIENTED_EDGE('',*,*,#3015,.F.);
#3065 = ORIENTED_EDGE('',*,*,#1319,.F.);
#3066 = ADVANCED_FACE('',(#3067),#1573,.F.);
#3067 = FACE_BOUND('',#3068,.T.);
#3068 = EDGE_LOOP('',(#3069,#3097,#3118,#3119));
#3069 = ORIENTED_EDGE('',*,*,#3070,.T.);
#3070 = EDGE_CURVE('',#3071,#3071,#3073,.T.);
#3071 = VERTEX_POINT('',#3072);
#3072 = CARTESIAN_POINT('',(-41.,9.9,156.));
#3073 = SURFACE_CURVE('',#3074,(#3079,#3086),.PCURVE_S1.);
#3074 = CIRCLE('',#3075,9.9);
#3075 = AXIS2_PLACEMENT_3D('',#3076,#3077,#3078);
#3076 = CARTESIAN_POINT('',(-41.,0.,156.));
#3077 = DIRECTION('',(-1.,0.,0.));
#3078 = DIRECTION('',(0.,1.,0.));
#3079 = PCURVE('',#1573,#3080);
#3080 = DEFINITIONAL_REPRESENTATION('',(#3081),#3085);
#3081 = LINE('',#3082,#3083);
#3082 = CARTESIAN_POINT('',(-6.28318530718,-8.));
#3083 = VECTOR('',#3084,1.);
#3084 = DIRECTION('',(1.,-0.));
#3085 = ( GEOMETRIC_REPRESENTATION_CONTEXT(2) 
PARAMETRIC_REPRESENTATION_CONTEXT() REPRESENTATION_CONTEXT('2D SPACE',''
  ) );
#3086 = PCURVE('',#3053,#3087);
#3087 = DEFINITIONAL_REPRESENTATION('',(#3088),#3096);
#3088 = ( BOUNDED_CURVE() B_SPLINE_CURVE(2,(#3089,#3090,#3091,#3092,
#3093,#3094,#3095),.UNSPECIFIED.,.T.,.F.) B_SPLINE_CURVE_WITH_KNOTS((1,2
    ,2,2,2,1),(-2.094395102393,0.,2.094395102393,4.188790204786,
6.28318530718,8.377580409573),.UNSPECIFIED.) CURVE() 
GEOMETRIC_REPRESENTATION_ITEM() RATIONAL_B_SPLINE_CURVE((1.,0.5,1.,0.5,
1.,0.5,1.)) REPRESENTATION_ITEM('') );
#3089 = CARTESIAN_POINT('',(0.,-9.9));
#3090 = CARTESIAN_POINT('',(-17.14730299493,-9.9));
#3091 = CARTESIAN_POINT('',(-8.573651497466,4.95));
#3092 = CARTESIAN_POINT('',(-2.424800662312E-15,19.8));
#3093 = CARTESIAN_POINT('',(8.573651497466,4.95));
#3094 = CARTESIAN_POINT('',(17.147302994932,-9.9));
#3095 = CARTESIAN_POINT('',(0.,-9.9));
#3096 = ( GEOMETRIC_REPRESENTATION_CONTEXT(2) 
PARAMETRIC_REPRESENTATION_CONTEXT() REPRESENTATION_CONTEXT('2D SPACE',''
  ) );
#3097 = ORIENTED_EDGE('',*,*,#3098,.T.);
#3098 = EDGE_CURVE('',#3071,#1553,#3099,.T.);
#3099 = SEAM_CURVE('',#3100,(#3104,#3111),.PCURVE_S1.);
#3100 = LINE('',#3101,#3102);
#3101 = CARTESIAN_POINT('',(-49.,9.9,156.));
#3102 = VECTOR('',#3103,1.);
#3103 = DIRECTION('',(1.,0.,0.));
#3104 = PCURVE('',#1573,#3105);
#3105 = DEFINITIONAL_REPRESENTATION('',(#3106),#3110);
#3106 = LINE('',#3107,#3108);
#3107 = CARTESIAN_POINT('',(-6.28318530718,0.));
#3108 = VECTOR('',#3109,1.);
#3109 = DIRECTION('',(-0.,-1.));
#3110 = ( GEOMETRIC_REPRESENTATION_CONTEXT(2) 
PARAMETRIC_REPRESENTATION_CONTEXT() REPRESENTATION_CONTEXT('2D SPACE',''
  ) );
#3111 = PCURVE('',#1573,#3112);
#3112 = DEFINITIONAL_REPRESENTATION('',(#3113),#3117);
#3113 = LINE('',#3114,#3115);
#3114 = CARTESIAN_POINT('',(-0.,0.));
#3115 = VECTOR('',#3116,1.);
#3116 = DIRECTION('',(-0.,-1.));
#3117 = ( GEOMETRIC_REPRESENTATION_CONTEXT(2) 
PARAMETRIC_REPRESENTATION_CONTEXT() REPRESENTATION_CONTEXT('2D SPACE',''
  ) );
#3118 = ORIENTED_EDGE('',*,*,#1552,.F.);
#3119 = ORIENTED_EDGE('',*,*,#3098,.F.);
#3120 = ADVANCED_FACE('',(#3121),#1728,.T.);
#3121 = FACE_BOUND('',#3122,.F.);
#3122 = EDGE_LOOP('',(#3123,#3124,#3146,#3147));
#3123 = ORIENTED_EDGE('',*,*,#1712,.T.);
#3124 = ORIENTED_EDGE('',*,*,#3125,.T.);
#3125 = EDGE_CURVE('',#1713,#1984,#3126,.T.);
#3126 = SURFACE_CURVE('',#3127,(#3132,#3139),.PCURVE_S1.);
#3127 = CIRCLE('',#3128,24.);
#3128 = AXIS2_PLACEMENT_3D('',#3129,#3130,#3131);
#3129 = CARTESIAN_POINT('',(48.,0.,156.));
#3130 = DIRECTION('',(1.,0.,0.));
#3131 = DIRECTION('',(-0.,1.,0.));
#3132 = PCURVE('',#1728,#3133);
#3133 = DEFINITIONAL_REPRESENTATION('',(#3134),#3138);
#3134 = LINE('',#3135,#3136);
#3135 = CARTESIAN_POINT('',(-0.,-8.));
#3136 = VECTOR('',#3137,1.);
#3137 = DIRECTION('',(-1.,0.));
#3138 = ( GEOMETRIC_REPRESENTATION_CONTEXT(2) 
PARAMETRIC_REPRESENTATION_CONTEXT() REPRESENTATION_CONTEXT('2D SPACE',''
  ) );
#3139 = PCURVE('',#1754,#3140);
#3140 = DEFINITIONAL_REPRESENTATION('',(#3141),#3145);
#3141 = CIRCLE('',#3142,24.);
#3142 = AXIS2_PLACEMENT_2D('',#3143,#3144);
#3143 = CARTESIAN_POINT('',(24.880398124356,0.));
#3144 = DIRECTION('',(0.,-1.));
#3145 = ( GEOMETRIC_REPRESENTATION_CONTEXT(2) 
PARAMETRIC_REPRESENTATION_CONTEXT() REPRESENTATION_CONTEXT('2D SPACE',''
  ) );
#3146 = ORIENTED_EDGE('',*,*,#1983,.F.);
#3147 = ORIENTED_EDGE('',*,*,#1843,.F.);
#3148 = ADVANCED_FACE('',(#3149,#3155),#1754,.T.);
#3149 = FACE_BOUND('',#3150,.T.);
#3150 = EDGE_LOOP('',(#3151,#3152,#3153,#3154));
#3151 = ORIENTED_EDGE('',*,*,#2006,.T.);
#3152 = ORIENTED_EDGE('',*,*,#2920,.F.);
#3153 = ORIENTED_EDGE('',*,*,#1740,.T.);
#3154 = ORIENTED_EDGE('',*,*,#3125,.T.);
#3155 = FACE_BOUND('',#3156,.T.);
#3156 = EDGE_LOOP('',(#3157));
#3157 = ORIENTED_EDGE('',*,*,#3158,.F.);
#3158 = EDGE_CURVE('',#3159,#3159,#3161,.T.);
#3159 = VERTEX_POINT('',#3160);
#3160 = CARTESIAN_POINT('',(48.,11.,156.));
#3161 = SURFACE_CURVE('',#3162,(#3167,#3174),.PCURVE_S1.);
#3162 = CIRCLE('',#3163,11.);
#3163 = AXIS2_PLACEMENT_3D('',#3164,#3165,#3166);
#3164 = CARTESIAN_POINT('',(48.,0.,156.));
#3165 = DIRECTION('',(1.,0.,0.));
#3166 = DIRECTION('',(0.,1.,0.));
#3167 = PCURVE('',#1754,#3168);
#3168 = DEFINITIONAL_REPRESENTATION('',(#3169),#3173);
#3169 = CIRCLE('',#3170,11.);
#3170 = AXIS2_PLACEMENT_2D('',#3171,#3172);
#3171 = CARTESIAN_POINT('',(24.880398124356,0.));
#3172 = DIRECTION('',(0.,-1.));
#3173 = ( GEOMETRIC_REPRESENTATION_CONTEXT(2) 
PARAMETRIC_REPRESENTATION_CONTEXT() REPRESENTATION_CONTEXT('2D SPACE',''
  ) );
#3174 = PCURVE('',#3175,#3180);
#3175 = CYLINDRICAL_SURFACE('',#3176,11.);
#3176 = AXIS2_PLACEMENT_3D('',#3177,#3178,#3179);
#3177 = CARTESIAN_POINT('',(41.,0.,156.));
#3178 = DIRECTION('',(-1.,-0.,-0.));
#3179 = DIRECTION('',(0.,1.,0.));
#3180 = DEFINITIONAL_REPRESENTATION('',(#3181),#3185);
#3181 = LINE('',#3182,#3183);
#3182 = CARTESIAN_POINT('',(-0.,-7.));
#3183 = VECTOR('',#3184,1.);
#3184 = DIRECTION('',(-1.,0.));
#3185 = ( GEOMETRIC_REPRESENTATION_CONTEXT(2) 
PARAMETRIC_REPRESENTATION_CONTEXT() REPRESENTATION_CONTEXT('2D SPACE',''
  ) );
#3186 = ADVANCED_FACE('',(#3187),#1888,.F.);
#3187 = FACE_BOUND('',#3188,.T.);
#3188 = EDGE_LOOP('',(#3189,#3212,#3213,#3214));
#3189 = ORIENTED_EDGE('',*,*,#3190,.F.);
#3190 = EDGE_CURVE('',#1868,#3191,#3193,.T.);
#3191 = VERTEX_POINT('',#3192);
#3192 = CARTESIAN_POINT('',(41.,9.9,156.));
#3193 = SEAM_CURVE('',#3194,(#3198,#3205),.PCURVE_S1.);
#3194 = LINE('',#3195,#3196);
#3195 = CARTESIAN_POINT('',(-49.,9.9,156.));
#3196 = VECTOR('',#3197,1.);
#3197 = DIRECTION('',(1.,0.,0.));
#3198 = PCURVE('',#1888,#3199);
#3199 = DEFINITIONAL_REPRESENTATION('',(#3200),#3204);
#3200 = LINE('',#3201,#3202);
#3201 = CARTESIAN_POINT('',(-6.28318530718,0.));
#3202 = VECTOR('',#3203,1.);
#3203 = DIRECTION('',(-0.,-1.));
#3204 = ( GEOMETRIC_REPRESENTATION_CONTEXT(2) 
PARAMETRIC_REPRESENTATION_CONTEXT() REPRESENTATION_CONTEXT('2D SPACE',''
  ) );
#3205 = PCURVE('',#1888,#3206);
#3206 = DEFINITIONAL_REPRESENTATION('',(#3207),#3211);
#3207 = LINE('',#3208,#3209);
#3208 = CARTESIAN_POINT('',(-0.,0.));
#3209 = VECTOR('',#3210,1.);
#3210 = DIRECTION('',(-0.,-1.));
#3211 = ( GEOMETRIC_REPRESENTATION_CONTEXT(2) 
PARAMETRIC_REPRESENTATION_CONTEXT() REPRESENTATION_CONTEXT('2D SPACE',''
  ) );
#3212 = ORIENTED_EDGE('',*,*,#1867,.T.);
#3213 = ORIENTED_EDGE('',*,*,#3190,.T.);
#3214 = ORIENTED_EDGE('',*,*,#3215,.F.);
#3215 = EDGE_CURVE('',#3191,#3191,#3216,.T.);
#3216 = SURFACE_CURVE('',#3217,(#3222,#3229),.PCURVE_S1.);
#3217 = CIRCLE('',#3218,9.9);
#3218 = AXIS2_PLACEMENT_3D('',#3219,#3220,#3221);
#3219 = CARTESIAN_POINT('',(41.,0.,156.));
#3220 = DIRECTION('',(-1.,0.,0.));
#3221 = DIRECTION('',(0.,1.,0.));
#3222 = PCURVE('',#1888,#3223);
#3223 = DEFINITIONAL_REPRESENTATION('',(#3224),#3228);
#3224 = LINE('',#3225,#3226);
#3225 = CARTESIAN_POINT('',(-6.28318530718,-90.));
#3226 = VECTOR('',#3227,1.);
#3227 = DIRECTION('',(1.,-0.));
#3228 = ( GEOMETRIC_REPRESENTATION_CONTEXT(2) 
PARAMETRIC_REPRESENTATION_CONTEXT() REPRESENTATION_CONTEXT('2D SPACE',''
  ) );
#3229 = PCURVE('',#3230,#3235);
#3230 = PLANE('',#3231);
#3231 = AXIS2_PLACEMENT_3D('',#3232,#3233,#3234);
#3232 = CARTESIAN_POINT('',(41.,-7.458764359306E-16,156.));
#3233 = DIRECTION('',(1.,0.,0.));
#3234 = DIRECTION('',(-0.,0.,1.));
#3235 = DEFINITIONAL_REPRESENTATION('',(#3236),#3244);
#3236 = ( BOUNDED_CURVE() B_SPLINE_CURVE(2,(#3237,#3238,#3239,#3240,
#3241,#3242,#3243),.UNSPECIFIED.,.T.,.F.) B_SPLINE_CURVE_WITH_KNOTS((1,2
    ,2,2,2,1),(-2.094395102393,0.,2.094395102393,4.188790204786,
6.28318530718,8.377580409573),.UNSPECIFIED.) CURVE() 
GEOMETRIC_REPRESENTATION_ITEM() RATIONAL_B_SPLINE_CURVE((1.,0.5,1.,0.5,
1.,0.5,1.)) REPRESENTATION_ITEM('') );
#3237 = CARTESIAN_POINT('',(0.,-9.9));
#3238 = CARTESIAN_POINT('',(-17.14730299493,-9.9));
#3239 = CARTESIAN_POINT('',(-8.573651497466,4.95));
#3240 = CARTESIAN_POINT('',(-2.424800662312E-15,19.8));
#3241 = CARTESIAN_POINT('',(8.573651497466,4.95));
#3242 = CARTESIAN_POINT('',(17.147302994932,-9.9));
#3243 = CARTESIAN_POINT('',(0.,-9.9));
#3244 = ( GEOMETRIC_REPRESENTATION_CONTEXT(2) 
PARAMETRIC_REPRESENTATION_CONTEXT() REPRESENTATION_CONTEXT('2D SPACE',''
  ) );
#3245 = ADVANCED_FACE('',(#3246,#3277,#3312,#3315),#2869,.F.);
#3246 = FACE_BOUND('',#3247,.F.);
#3247 = EDGE_LOOP('',(#3248));
#3248 = ORIENTED_EDGE('',*,*,#3249,.T.);
#3249 = EDGE_CURVE('',#3250,#3250,#3252,.T.);
#3250 = VERTEX_POINT('',#3251);
#3251 = CARTESIAN_POINT('',(15.,0.,45.));
#3252 = SURFACE_CURVE('',#3253,(#3258,#3265),.PCURVE_S1.);
#3253 = CIRCLE('',#3254,15.);
#3254 = AXIS2_PLACEMENT_3D('',#3255,#3256,#3257);
#3255 = CARTESIAN_POINT('',(0.,0.,45.));
#3256 = DIRECTION('',(0.,0.,1.));
#3257 = DIRECTION('',(1.,0.,0.));
#3258 = PCURVE('',#2869,#3259);
#3259 = DEFINITIONAL_REPRESENTATION('',(#3260),#3264);
#3260 = CIRCLE('',#3261,15.);
#3261 = AXIS2_PLACEMENT_2D('',#3262,#3263);
#3262 = CARTESIAN_POINT('',(7.29301404021E-16,-1.169780044473E-16));
#3263 = DIRECTION('',(1.,0.));
#3264 = ( GEOMETRIC_REPRESENTATION_CONTEXT(2) 
PARAMETRIC_REPRESENTATION_CONTEXT() REPRESENTATION_CONTEXT('2D SPACE',''
  ) );
#3265 = PCURVE('',#3266,#3271);
#3266 = CYLINDRICAL_SURFACE('',#3267,15.);
#3267 = AXIS2_PLACEMENT_3D('',#3268,#3269,#3270);
#3268 = CARTESIAN_POINT('',(0.,0.,45.));
#3269 = DIRECTION('',(-0.,-0.,-1.));
#3270 = DIRECTION('',(1.,0.,0.));
#3271 = DEFINITIONAL_REPRESENTATION('',(#3272),#3276);
#3272 = LINE('',#3273,#3274);
#3273 = CARTESIAN_POINT('',(-0.,0.));
#3274 = VECTOR('',#3275,1.);
#3275 = DIRECTION('',(-1.,0.));
#3276 = ( GEOMETRIC_REPRESENTATION_CONTEXT(2) 
PARAMETRIC_REPRESENTATION_CONTEXT() REPRESENTATION_CONTEXT('2D SPACE',''
  ) );
#3277 = FACE_BOUND('',#3278,.F.);
#3278 = EDGE_LOOP('',(#3279));
#3279 = ORIENTED_EDGE('',*,*,#3280,.T.);
#3280 = EDGE_CURVE('',#3281,#3281,#3283,.T.);
#3281 = VERTEX_POINT('',#3282);
#3282 = CARTESIAN_POINT('',(-11.25,0.,45.));
#3283 = SURFACE_CURVE('',#3284,(#3289,#3300),.PCURVE_S1.);
#3284 = CIRCLE('',#3285,1.25);
#3285 = AXIS2_PLACEMENT_3D('',#3286,#3287,#3288);
#3286 = CARTESIAN_POINT('',(-12.5,0.,45.));
#3287 = DIRECTION('',(0.,0.,-1.));
#3288 = DIRECTION('',(1.,0.,0.));
#3289 = PCURVE('',#2869,#3290);
#3290 = DEFINITIONAL_REPRESENTATION('',(#3291),#3299);
#3291 = ( BOUNDED_CURVE() B_SPLINE_CURVE(2,(#3292,#3293,#3294,#3295,
#3296,#3297,#3298),.UNSPECIFIED.,.T.,.F.) B_SPLINE_CURVE_WITH_KNOTS((1,2
    ,2,2,2,1),(-2.094395102393,0.,2.094395102393,4.188790204786,
6.28318530718,8.377580409573),.UNSPECIFIED.) CURVE() 
GEOMETRIC_REPRESENTATION_ITEM() RATIONAL_B_SPLINE_CURVE((1.,0.5,1.,0.5,
1.,0.5,1.)) REPRESENTATION_ITEM('') );
#3292 = CARTESIAN_POINT('',(-11.25,-1.169780044473E-16));
#3293 = CARTESIAN_POINT('',(-11.25,-2.165063509461));
#3294 = CARTESIAN_POINT('',(-13.125,-1.082531754731));
#3295 = CARTESIAN_POINT('',(-15.,-4.231397042342E-16));
#3296 = CARTESIAN_POINT('',(-13.125,1.082531754731));
#3297 = CARTESIAN_POINT('',(-11.25,2.165063509461));
#3298 = CARTESIAN_POINT('',(-11.25,-1.169780044473E-16));
#3299 = ( GEOMETRIC_REPRESENTATION_CONTEXT(2) 
PARAMETRIC_REPRESENTATION_CONTEXT() REPRESENTATION_CONTEXT('2D SPACE',''
  ) );
#3300 = PCURVE('',#3301,#3306);
#3301 = CYLINDRICAL_SURFACE('',#3302,1.25);
#3302 = AXIS2_PLACEMENT_3D('',#3303,#3304,#3305);
#3303 = CARTESIAN_POINT('',(-12.5,0.,44.));
#3304 = DIRECTION('',(-0.,-0.,-1.));
#3305 = DIRECTION('',(1.,0.,0.));
#3306 = DEFINITIONAL_REPRESENTATION('',(#3307),#3311);
#3307 = LINE('',#3308,#3309);
#3308 = CARTESIAN_POINT('',(-6.28318530718,-1.));
#3309 = VECTOR('',#3310,1.);
#3310 = DIRECTION('',(1.,-0.));
#3311 = ( GEOMETRIC_REPRESENTATION_CONTEXT(2) 
PARAMETRIC_REPRESENTATION_CONTEXT() REPRESENTATION_CONTEXT('2D SPACE',''
  ) );
#3312 = FACE_BOUND('',#3313,.F.);
#3313 = EDGE_LOOP('',(#3314));
#3314 = ORIENTED_EDGE('',*,*,#2852,.T.);
#3315 = FACE_BOUND('',#3316,.F.);
#3316 = EDGE_LOOP('',(#3317));
#3317 = ORIENTED_EDGE('',*,*,#3318,.T.);
#3318 = EDGE_CURVE('',#3319,#3319,#3321,.T.);
#3319 = VERTEX_POINT('',#3320);
#3320 = CARTESIAN_POINT('',(13.75,0.,45.));
#3321 = SURFACE_CURVE('',#3322,(#3327,#3338),.PCURVE_S1.);
#3322 = CIRCLE('',#3323,1.25);
#3323 = AXIS2_PLACEMENT_3D('',#3324,#3325,#3326);
#3324 = CARTESIAN_POINT('',(12.5,0.,45.));
#3325 = DIRECTION('',(0.,0.,-1.));
#3326 = DIRECTION('',(1.,0.,0.));
#3327 = PCURVE('',#2869,#3328);
#3328 = DEFINITIONAL_REPRESENTATION('',(#3329),#3337);
#3329 = ( BOUNDED_CURVE() B_SPLINE_CURVE(2,(#3330,#3331,#3332,#3333,
#3334,#3335,#3336),.UNSPECIFIED.,.T.,.F.) B_SPLINE_CURVE_WITH_KNOTS((1,2
    ,2,2,2,1),(-2.094395102393,0.,2.094395102393,4.188790204786,
6.28318530718,8.377580409573),.UNSPECIFIED.) CURVE() 
GEOMETRIC_REPRESENTATION_ITEM() RATIONAL_B_SPLINE_CURVE((1.,0.5,1.,0.5,
1.,0.5,1.)) REPRESENTATION_ITEM('') );
#3330 = CARTESIAN_POINT('',(13.75,-1.169780044473E-16));
#3331 = CARTESIAN_POINT('',(13.75,-2.165063509461));
#3332 = CARTESIAN_POINT('',(11.875,-1.082531754731));
#3333 = CARTESIAN_POINT('',(10.,-4.231397042342E-16));
#3334 = CARTESIAN_POINT('',(11.875,1.082531754731));
#3335 = CARTESIAN_POINT('',(13.75,2.165063509461));
#3336 = CARTESIAN_POINT('',(13.75,-1.169780044473E-16));
#3337 = ( GEOMETRIC_REPRESENTATION_CONTEXT(2) 
PARAMETRIC_REPRESENTATION_CONTEXT() REPRESENTATION_CONTEXT('2D SPACE',''
  ) );
#3338 = PCURVE('',#3339,#3344);
#3339 = CYLINDRICAL_SURFACE('',#3340,1.25);
#3340 = AXIS2_PLACEMENT_3D('',#3341,#3342,#3343);
#3341 = CARTESIAN_POINT('',(12.5,0.,44.));
#3342 = DIRECTION('',(-0.,-0.,-1.));
#3343 = DIRECTION('',(1.,0.,0.));
#3344 = DEFINITIONAL_REPRESENTATION('',(#3345),#3349);
#3345 = LINE('',#3346,#3347);
#3346 = CARTESIAN_POINT('',(-6.28318530718,-1.));
#3347 = VECTOR('',#3348,1.);
#3348 = DIRECTION('',(1.,-0.));
#3349 = ( GEOMETRIC_REPRESENTATION_CONTEXT(2) 
PARAMETRIC_REPRESENTATION_CONTEXT() REPRESENTATION_CONTEXT('2D SPACE',''
  ) );
#3350 = ADVANCED_FACE('',(#3351),#2993,.T.);
#3351 = FACE_BOUND('',#3352,.F.);
#3352 = EDGE_LOOP('',(#3353,#3386,#3407,#3408));
#3353 = ORIENTED_EDGE('',*,*,#3354,.T.);
#3354 = EDGE_CURVE('',#3355,#3355,#3357,.T.);
#3355 = VERTEX_POINT('',#3356);
#3356 = CARTESIAN_POINT('',(15.,0.,67.));
#3357 = SURFACE_CURVE('',#3358,(#3363,#3370),.PCURVE_S1.);
#3358 = CIRCLE('',#3359,15.);
#3359 = AXIS2_PLACEMENT_3D('',#3360,#3361,#3362);
#3360 = CARTESIAN_POINT('',(0.,0.,67.));
#3361 = DIRECTION('',(0.,0.,-1.));
#3362 = DIRECTION('',(1.,0.,0.));
#3363 = PCURVE('',#2993,#3364);
#3364 = DEFINITIONAL_REPRESENTATION('',(#3365),#3369);
#3365 = LINE('',#3366,#3367);
#3366 = CARTESIAN_POINT('',(-6.28318530718,-22.));
#3367 = VECTOR('',#3368,1.);
#3368 = DIRECTION('',(1.,-0.));
#3369 = ( GEOMETRIC_REPRESENTATION_CONTEXT(2) 
PARAMETRIC_REPRESENTATION_CONTEXT() REPRESENTATION_CONTEXT('2D SPACE',''
  ) );
#3370 = PCURVE('',#3371,#3376);
#3371 = PLANE('',#3372);
#3372 = AXIS2_PLACEMENT_3D('',#3373,#3374,#3375);
#3373 = CARTESIAN_POINT('',(-9.945019145741E-16,6.524468132345E-16,67.)
  );
#3374 = DIRECTION('',(0.,0.,1.));
#3375 = DIRECTION('',(1.,0.,-0.));
#3376 = DEFINITIONAL_REPRESENTATION('',(#3377),#3385);
#3377 = ( BOUNDED_CURVE() B_SPLINE_CURVE(2,(#3378,#3379,#3380,#3381,
#3382,#3383,#3384),.UNSPECIFIED.,.T.,.F.) B_SPLINE_CURVE_WITH_KNOTS((1,2
    ,2,2,2,1),(-2.094395102393,0.,2.094395102393,4.188790204786,
6.28318530718,8.377580409573),.UNSPECIFIED.) CURVE() 
GEOMETRIC_REPRESENTATION_ITEM() RATIONAL_B_SPLINE_CURVE((1.,0.5,1.,0.5,
1.,0.5,1.)) REPRESENTATION_ITEM('') );
#3378 = CARTESIAN_POINT('',(15.,-6.524468132345E-16));
#3379 = CARTESIAN_POINT('',(15.,-25.98076211353));
#3380 = CARTESIAN_POINT('',(-7.5,-12.99038105676));
#3381 = CARTESIAN_POINT('',(-30.,-4.326387210677E-15));
#3382 = CARTESIAN_POINT('',(-7.5,12.990381056767));
#3383 = CARTESIAN_POINT('',(15.,25.980762113533));
#3384 = CARTESIAN_POINT('',(15.,-6.524468132345E-16));
#3385 = ( GEOMETRIC_REPRESENTATION_CONTEXT(2) 
PARAMETRIC_REPRESENTATION_CONTEXT() REPRESENTATION_CONTEXT('2D SPACE',''
  ) );
#3386 = ORIENTED_EDGE('',*,*,#3387,.T.);
#3387 = EDGE_CURVE('',#3355,#2977,#3388,.T.);
#3388 = SEAM_CURVE('',#3389,(#3393,#3400),.PCURVE_S1.);
#3389 = LINE('',#3390,#3391);
#3390 = CARTESIAN_POINT('',(15.,0.,45.));
#3391 = VECTOR('',#3392,1.);
#3392 = DIRECTION('',(0.,0.,1.));
#3393 = PCURVE('',#2993,#3394);
#3394 = DEFINITIONAL_REPRESENTATION('',(#3395),#3399);
#3395 = LINE('',#3396,#3397);
#3396 = CARTESIAN_POINT('',(-6.28318530718,0.));
#3397 = VECTOR('',#3398,1.);
#3398 = DIRECTION('',(-0.,-1.));
#3399 = ( GEOMETRIC_REPRESENTATION_CONTEXT(2) 
PARAMETRIC_REPRESENTATION_CONTEXT() REPRESENTATION_CONTEXT('2D SPACE',''
  ) );
#3400 = PCURVE('',#2993,#3401);
#3401 = DEFINITIONAL_REPRESENTATION('',(#3402),#3406);
#3402 = LINE('',#3403,#3404);
#3403 = CARTESIAN_POINT('',(-0.,0.));
#3404 = VECTOR('',#3405,1.);
#3405 = DIRECTION('',(-0.,-1.));
#3406 = ( GEOMETRIC_REPRESENTATION_CONTEXT(2) 
PARAMETRIC_REPRESENTATION_CONTEXT() REPRESENTATION_CONTEXT('2D SPACE',''
  ) );
#3407 = ORIENTED_EDGE('',*,*,#2976,.T.);
#3408 = ORIENTED_EDGE('',*,*,#3387,.F.);
#3409 = ADVANCED_FACE('',(#3410,#3413),#3053,.F.);
#3410 = FACE_BOUND('',#3411,.F.);
#3411 = EDGE_LOOP('',(#3412));
#3412 = ORIENTED_EDGE('',*,*,#3038,.T.);
#3413 = FACE_BOUND('',#3414,.F.);
#3414 = EDGE_LOOP('',(#3415));
#3415 = ORIENTED_EDGE('',*,*,#3070,.T.);
#3416 = ADVANCED_FACE('',(#3417),#3175,.F.);
#3417 = FACE_BOUND('',#3418,.T.);
#3418 = EDGE_LOOP('',(#3419,#3442,#3443,#3444));
#3419 = ORIENTED_EDGE('',*,*,#3420,.T.);
#3420 = EDGE_CURVE('',#3421,#3159,#3423,.T.);
#3421 = VERTEX_POINT('',#3422);
#3422 = CARTESIAN_POINT('',(41.,11.,156.));
#3423 = SEAM_CURVE('',#3424,(#3428,#3435),.PCURVE_S1.);
#3424 = LINE('',#3425,#3426);
#3425 = CARTESIAN_POINT('',(41.,11.,156.));
#3426 = VECTOR('',#3427,1.);
#3427 = DIRECTION('',(1.,0.,0.));
#3428 = PCURVE('',#3175,#3429);
#3429 = DEFINITIONAL_REPRESENTATION('',(#3430),#3434);
#3430 = LINE('',#3431,#3432);
#3431 = CARTESIAN_POINT('',(-0.,0.));
#3432 = VECTOR('',#3433,1.);
#3433 = DIRECTION('',(-0.,-1.));
#3434 = ( GEOMETRIC_REPRESENTATION_CONTEXT(2) 
PARAMETRIC_REPRESENTATION_CONTEXT() REPRESENTATION_CONTEXT('2D SPACE',''
  ) );
#3435 = PCURVE('',#3175,#3436);
#3436 = DEFINITIONAL_REPRESENTATION('',(#3437),#3441);
#3437 = LINE('',#3438,#3439);
#3438 = CARTESIAN_POINT('',(-6.28318530718,0.));
#3439 = VECTOR('',#3440,1.);
#3440 = DIRECTION('',(-0.,-1.));
#3441 = ( GEOMETRIC_REPRESENTATION_CONTEXT(2) 
PARAMETRIC_REPRESENTATION_CONTEXT() REPRESENTATION_CONTEXT('2D SPACE',''
  ) );
#3442 = ORIENTED_EDGE('',*,*,#3158,.T.);
#3443 = ORIENTED_EDGE('',*,*,#3420,.F.);
#3444 = ORIENTED_EDGE('',*,*,#3445,.F.);
#3445 = EDGE_CURVE('',#3421,#3421,#3446,.T.);
#3446 = SURFACE_CURVE('',#3447,(#3452,#3459),.PCURVE_S1.);
#3447 = CIRCLE('',#3448,11.);
#3448 = AXIS2_PLACEMENT_3D('',#3449,#3450,#3451);
#3449 = CARTESIAN_POINT('',(41.,0.,156.));
#3450 = DIRECTION('',(1.,0.,0.));
#3451 = DIRECTION('',(0.,1.,0.));
#3452 = PCURVE('',#3175,#3453);
#3453 = DEFINITIONAL_REPRESENTATION('',(#3454),#3458);
#3454 = LINE('',#3455,#3456);
#3455 = CARTESIAN_POINT('',(-0.,0.));
#3456 = VECTOR('',#3457,1.);
#3457 = DIRECTION('',(-1.,0.));
#3458 = ( GEOMETRIC_REPRESENTATION_CONTEXT(2) 
PARAMETRIC_REPRESENTATION_CONTEXT() REPRESENTATION_CONTEXT('2D SPACE',''
  ) );
#3459 = PCURVE('',#3230,#3460);
#3460 = DEFINITIONAL_REPRESENTATION('',(#3461),#3465);
#3461 = CIRCLE('',#3462,11.);
#3462 = AXIS2_PLACEMENT_2D('',#3463,#3464);
#3463 = CARTESIAN_POINT('',(0.,-7.458764359306E-16));
#3464 = DIRECTION('',(0.,-1.));
#3465 = ( GEOMETRIC_REPRESENTATION_CONTEXT(2) 
PARAMETRIC_REPRESENTATION_CONTEXT() REPRESENTATION_CONTEXT('2D SPACE',''
  ) );
#3466 = ADVANCED_FACE('',(#3467,#3470),#3230,.T.);
#3467 = FACE_BOUND('',#3468,.T.);
#3468 = EDGE_LOOP('',(#3469));
#3469 = ORIENTED_EDGE('',*,*,#3445,.T.);
#3470 = FACE_BOUND('',#3471,.T.);
#3471 = EDGE_LOOP('',(#3472));
#3472 = ORIENTED_EDGE('',*,*,#3215,.T.);
#3473 = ADVANCED_FACE('',(#3474),#3266,.T.);
#3474 = FACE_BOUND('',#3475,.F.);
#3475 = EDGE_LOOP('',(#3476,#3477,#3500,#3531));
#3476 = ORIENTED_EDGE('',*,*,#3249,.F.);
#3477 = ORIENTED_EDGE('',*,*,#3478,.T.);
#3478 = EDGE_CURVE('',#3250,#3479,#3481,.T.);
#3479 = VERTEX_POINT('',#3480);
#3480 = CARTESIAN_POINT('',(15.,0.,65.));
#3481 = SEAM_CURVE('',#3482,(#3486,#3493),.PCURVE_S1.);
#3482 = LINE('',#3483,#3484);
#3483 = CARTESIAN_POINT('',(15.,0.,45.));
#3484 = VECTOR('',#3485,1.);
#3485 = DIRECTION('',(0.,0.,1.));
#3486 = PCURVE('',#3266,#3487);
#3487 = DEFINITIONAL_REPRESENTATION('',(#3488),#3492);
#3488 = LINE('',#3489,#3490);
#3489 = CARTESIAN_POINT('',(-6.28318530718,0.));
#3490 = VECTOR('',#3491,1.);
#3491 = DIRECTION('',(-0.,-1.));
#3492 = ( GEOMETRIC_REPRESENTATION_CONTEXT(2) 
PARAMETRIC_REPRESENTATION_CONTEXT() REPRESENTATION_CONTEXT('2D SPACE',''
  ) );
#3493 = PCURVE('',#3266,#3494);
#3494 = DEFINITIONAL_REPRESENTATION('',(#3495),#3499);
#3495 = LINE('',#3496,#3497);
#3496 = CARTESIAN_POINT('',(-0.,0.));
#3497 = VECTOR('',#3498,1.);
#3498 = DIRECTION('',(-0.,-1.));
#3499 = ( GEOMETRIC_REPRESENTATION_CONTEXT(2) 
PARAMETRIC_REPRESENTATION_CONTEXT() REPRESENTATION_CONTEXT('2D SPACE',''
  ) );
#3500 = ORIENTED_EDGE('',*,*,#3501,.F.);
#3501 = EDGE_CURVE('',#3479,#3479,#3502,.T.);
#3502 = SURFACE_CURVE('',#3503,(#3508,#3515),.PCURVE_S1.);
#3503 = CIRCLE('',#3504,15.);
#3504 = AXIS2_PLACEMENT_3D('',#3505,#3506,#3507);
#3505 = CARTESIAN_POINT('',(0.,0.,65.));
#3506 = DIRECTION('',(0.,0.,-1.));
#3507 = DIRECTION('',(1.,0.,0.));
#3508 = PCURVE('',#3266,#3509);
#3509 = DEFINITIONAL_REPRESENTATION('',(#3510),#3514);
#3510 = LINE('',#3511,#3512);
#3511 = CARTESIAN_POINT('',(-6.28318530718,-20.));
#3512 = VECTOR('',#3513,1.);
#3513 = DIRECTION('',(1.,-0.));
#3514 = ( GEOMETRIC_REPRESENTATION_CONTEXT(2) 
PARAMETRIC_REPRESENTATION_CONTEXT() REPRESENTATION_CONTEXT('2D SPACE',''
  ) );
#3515 = PCURVE('',#3516,#3521);
#3516 = PLANE('',#3517);
#3517 = AXIS2_PLACEMENT_3D('',#3518,#3519,#3520);
#3518 = CARTESIAN_POINT('',(-9.945019145741E-16,6.524468132345E-16,65.)
  );
#3519 = DIRECTION('',(0.,0.,1.));
#3520 = DIRECTION('',(1.,0.,-0.));
#3521 = DEFINITIONAL_REPRESENTATION('',(#3522),#3530);
#3522 = ( BOUNDED_CURVE() B_SPLINE_CURVE(2,(#3523,#3524,#3525,#3526,
#3527,#3528,#3529),.UNSPECIFIED.,.T.,.F.) B_SPLINE_CURVE_WITH_KNOTS((1,2
    ,2,2,2,1),(-2.094395102393,0.,2.094395102393,4.188790204786,
6.28318530718,8.377580409573),.UNSPECIFIED.) CURVE() 
GEOMETRIC_REPRESENTATION_ITEM() RATIONAL_B_SPLINE_CURVE((1.,0.5,1.,0.5,
1.,0.5,1.)) REPRESENTATION_ITEM('') );
#3523 = CARTESIAN_POINT('',(15.,-6.524468132345E-16));
#3524 = CARTESIAN_POINT('',(15.,-25.98076211353));
#3525 = CARTESIAN_POINT('',(-7.5,-12.99038105676));
#3526 = CARTESIAN_POINT('',(-30.,-4.326387210677E-15));
#3527 = CARTESIAN_POINT('',(-7.5,12.990381056767));
#3528 = CARTESIAN_POINT('',(15.,25.980762113533));
#3529 = CARTESIAN_POINT('',(15.,-6.524468132345E-16));
#3530 = ( GEOMETRIC_REPRESENTATION_CONTEXT(2) 
PARAMETRIC_REPRESENTATION_CONTEXT() REPRESENTATION_CONTEXT('2D SPACE',''
  ) );
#3531 = ORIENTED_EDGE('',*,*,#3478,.F.);
#3532 = ADVANCED_FACE('',(#3533),#3301,.F.);
#3533 = FACE_BOUND('',#3534,.T.);
#3534 = EDGE_LOOP('',(#3535,#3536,#3559,#3586));
#3535 = ORIENTED_EDGE('',*,*,#3280,.T.);
#3536 = ORIENTED_EDGE('',*,*,#3537,.T.);
#3537 = EDGE_CURVE('',#3281,#3538,#3540,.T.);
#3538 = VERTEX_POINT('',#3539);
#3539 = CARTESIAN_POINT('',(-11.25,0.,52.));
#3540 = SEAM_CURVE('',#3541,(#3545,#3552),.PCURVE_S1.);
#3541 = LINE('',#3542,#3543);
#3542 = CARTESIAN_POINT('',(-11.25,0.,44.));
#3543 = VECTOR('',#3544,1.);
#3544 = DIRECTION('',(0.,0.,1.));
#3545 = PCURVE('',#3301,#3546);
#3546 = DEFINITIONAL_REPRESENTATION('',(#3547),#3551);
#3547 = LINE('',#3548,#3549);
#3548 = CARTESIAN_POINT('',(-6.28318530718,0.));
#3549 = VECTOR('',#3550,1.);
#3550 = DIRECTION('',(-0.,-1.));
#3551 = ( GEOMETRIC_REPRESENTATION_CONTEXT(2) 
PARAMETRIC_REPRESENTATION_CONTEXT() REPRESENTATION_CONTEXT('2D SPACE',''
  ) );
#3552 = PCURVE('',#3301,#3553);
#3553 = DEFINITIONAL_REPRESENTATION('',(#3554),#3558);
#3554 = LINE('',#3555,#3556);
#3555 = CARTESIAN_POINT('',(-0.,0.));
#3556 = VECTOR('',#3557,1.);
#3557 = DIRECTION('',(-0.,-1.));
#3558 = ( GEOMETRIC_REPRESENTATION_CONTEXT(2) 
PARAMETRIC_REPRESENTATION_CONTEXT() REPRESENTATION_CONTEXT('2D SPACE',''
  ) );
#3559 = ORIENTED_EDGE('',*,*,#3560,.T.);
#3560 = EDGE_CURVE('',#3538,#3538,#3561,.T.);
#3561 = SURFACE_CURVE('',#3562,(#3567,#3574),.PCURVE_S1.);
#3562 = CIRCLE('',#3563,1.25);
#3563 = AXIS2_PLACEMENT_3D('',#3564,#3565,#3566);
#3564 = CARTESIAN_POINT('',(-12.5,0.,52.));
#3565 = DIRECTION('',(0.,0.,1.));
#3566 = DIRECTION('',(1.,0.,0.));
#3567 = PCURVE('',#3301,#3568);
#3568 = DEFINITIONAL_REPRESENTATION('',(#3569),#3573);
#3569 = LINE('',#3570,#3571);
#3570 = CARTESIAN_POINT('',(-0.,-8.));
#3571 = VECTOR('',#3572,1.);
#3572 = DIRECTION('',(-1.,0.));
#3573 = ( GEOMETRIC_REPRESENTATION_CONTEXT(2) 
PARAMETRIC_REPRESENTATION_CONTEXT() REPRESENTATION_CONTEXT('2D SPACE',''
  ) );
#3574 = PCURVE('',#3575,#3580);
#3575 = PLANE('',#3576);
#3576 = AXIS2_PLACEMENT_3D('',#3577,#3578,#3579);
#3577 = CARTESIAN_POINT('',(-12.5,8.571706328947E-17,52.));
#3578 = DIRECTION('',(0.,0.,1.));
#3579 = DIRECTION('',(1.,0.,-0.));
#3580 = DEFINITIONAL_REPRESENTATION('',(#3581),#3585);
#3581 = CIRCLE('',#3582,1.25);
#3582 = AXIS2_PLACEMENT_2D('',#3583,#3584);
#3583 = CARTESIAN_POINT('',(0.,-8.571706328947E-17));
#3584 = DIRECTION('',(1.,0.));
#3585 = ( GEOMETRIC_REPRESENTATION_CONTEXT(2) 
PARAMETRIC_REPRESENTATION_CONTEXT() REPRESENTATION_CONTEXT('2D SPACE',''
  ) );
#3586 = ORIENTED_EDGE('',*,*,#3537,.F.);
#3587 = ADVANCED_FACE('',(#3588),#3339,.F.);
#3588 = FACE_BOUND('',#3589,.T.);
#3589 = EDGE_LOOP('',(#3590,#3591,#3614,#3641));
#3590 = ORIENTED_EDGE('',*,*,#3318,.T.);
#3591 = ORIENTED_EDGE('',*,*,#3592,.T.);
#3592 = EDGE_CURVE('',#3319,#3593,#3595,.T.);
#3593 = VERTEX_POINT('',#3594);
#3594 = CARTESIAN_POINT('',(13.75,0.,52.));
#3595 = SEAM_CURVE('',#3596,(#3600,#3607),.PCURVE_S1.);
#3596 = LINE('',#3597,#3598);
#3597 = CARTESIAN_POINT('',(13.75,0.,44.));
#3598 = VECTOR('',#3599,1.);
#3599 = DIRECTION('',(0.,0.,1.));
#3600 = PCURVE('',#3339,#3601);
#3601 = DEFINITIONAL_REPRESENTATION('',(#3602),#3606);
#3602 = LINE('',#3603,#3604);
#3603 = CARTESIAN_POINT('',(-6.28318530718,0.));
#3604 = VECTOR('',#3605,1.);
#3605 = DIRECTION('',(-0.,-1.));
#3606 = ( GEOMETRIC_REPRESENTATION_CONTEXT(2) 
PARAMETRIC_REPRESENTATION_CONTEXT() REPRESENTATION_CONTEXT('2D SPACE',''
  ) );
#3607 = PCURVE('',#3339,#3608);
#3608 = DEFINITIONAL_REPRESENTATION('',(#3609),#3613);
#3609 = LINE('',#3610,#3611);
#3610 = CARTESIAN_POINT('',(-0.,0.));
#3611 = VECTOR('',#3612,1.);
#3612 = DIRECTION('',(-0.,-1.));
#3613 = ( GEOMETRIC_REPRESENTATION_CONTEXT(2) 
PARAMETRIC_REPRESENTATION_CONTEXT() REPRESENTATION_CONTEXT('2D SPACE',''
  ) );
#3614 = ORIENTED_EDGE('',*,*,#3615,.T.);
#3615 = EDGE_CURVE('',#3593,#3593,#3616,.T.);
#3616 = SURFACE_CURVE('',#3617,(#3622,#3629),.PCURVE_S1.);
#3617 = CIRCLE('',#3618,1.25);
#3618 = AXIS2_PLACEMENT_3D('',#3619,#3620,#3621);
#3619 = CARTESIAN_POINT('',(12.5,0.,52.));
#3620 = DIRECTION('',(0.,0.,1.));
#3621 = DIRECTION('',(1.,0.,0.));
#3622 = PCURVE('',#3339,#3623);
#3623 = DEFINITIONAL_REPRESENTATION('',(#3624),#3628);
#3624 = LINE('',#3625,#3626);
#3625 = CARTESIAN_POINT('',(-0.,-8.));
#3626 = VECTOR('',#3627,1.);
#3627 = DIRECTION('',(-1.,0.));
#3628 = ( GEOMETRIC_REPRESENTATION_CONTEXT(2) 
PARAMETRIC_REPRESENTATION_CONTEXT() REPRESENTATION_CONTEXT('2D SPACE',''
  ) );
#3629 = PCURVE('',#3630,#3635);
#3630 = PLANE('',#3631);
#3631 = AXIS2_PLACEMENT_3D('',#3632,#3633,#3634);
#3632 = CARTESIAN_POINT('',(12.5,8.571706328947E-17,52.));
#3633 = DIRECTION('',(0.,0.,1.));
#3634 = DIRECTION('',(1.,0.,-0.));
#3635 = DEFINITIONAL_REPRESENTATION('',(#3636),#3640);
#3636 = CIRCLE('',#3637,1.25);
#3637 = AXIS2_PLACEMENT_2D('',#3638,#3639);
#3638 = CARTESIAN_POINT('',(0.,-8.571706328947E-17));
#3639 = DIRECTION('',(1.,0.));
#3640 = ( GEOMETRIC_REPRESENTATION_CONTEXT(2) 
PARAMETRIC_REPRESENTATION_CONTEXT() REPRESENTATION_CONTEXT('2D SPACE',''
  ) );
#3641 = ORIENTED_EDGE('',*,*,#3592,.F.);
#3642 = ADVANCED_FACE('',(#3643,#3674),#3371,.T.);
#3643 = FACE_BOUND('',#3644,.T.);
#3644 = EDGE_LOOP('',(#3645));
#3645 = ORIENTED_EDGE('',*,*,#3646,.T.);
#3646 = EDGE_CURVE('',#3647,#3647,#3649,.T.);
#3647 = VERTEX_POINT('',#3648);
#3648 = CARTESIAN_POINT('',(16.5,0.,67.));
#3649 = SURFACE_CURVE('',#3650,(#3655,#3662),.PCURVE_S1.);
#3650 = CIRCLE('',#3651,16.5);
#3651 = AXIS2_PLACEMENT_3D('',#3652,#3653,#3654);
#3652 = CARTESIAN_POINT('',(0.,0.,67.));
#3653 = DIRECTION('',(0.,0.,1.));
#3654 = DIRECTION('',(1.,0.,0.));
#3655 = PCURVE('',#3371,#3656);
#3656 = DEFINITIONAL_REPRESENTATION('',(#3657),#3661);
#3657 = CIRCLE('',#3658,16.5);
#3658 = AXIS2_PLACEMENT_2D('',#3659,#3660);
#3659 = CARTESIAN_POINT('',(9.945019145741E-16,-6.524468132345E-16));
#3660 = DIRECTION('',(1.,0.));
#3661 = ( GEOMETRIC_REPRESENTATION_CONTEXT(2) 
PARAMETRIC_REPRESENTATION_CONTEXT() REPRESENTATION_CONTEXT('2D SPACE',''
  ) );
#3662 = PCURVE('',#3663,#3668);
#3663 = CYLINDRICAL_SURFACE('',#3664,16.5);
#3664 = AXIS2_PLACEMENT_3D('',#3665,#3666,#3667);
#3665 = CARTESIAN_POINT('',(0.,0.,65.));
#3666 = DIRECTION('',(-0.,-0.,-1.));
#3667 = DIRECTION('',(1.,0.,0.));
#3668 = DEFINITIONAL_REPRESENTATION('',(#3669),#3673);
#3669 = LINE('',#3670,#3671);
#3670 = CARTESIAN_POINT('',(-0.,-2.));
#3671 = VECTOR('',#3672,1.);
#3672 = DIRECTION('',(-1.,0.));
#3673 = ( GEOMETRIC_REPRESENTATION_CONTEXT(2) 
PARAMETRIC_REPRESENTATION_CONTEXT() REPRESENTATION_CONTEXT('2D SPACE',''
  ) );
#3674 = FACE_BOUND('',#3675,.T.);
#3675 = EDGE_LOOP('',(#3676));
#3676 = ORIENTED_EDGE('',*,*,#3354,.T.);
#3677 = ADVANCED_FACE('',(#3678,#3704),#3516,.F.);
#3678 = FACE_BOUND('',#3679,.F.);
#3679 = EDGE_LOOP('',(#3680));
#3680 = ORIENTED_EDGE('',*,*,#3681,.T.);
#3681 = EDGE_CURVE('',#3682,#3682,#3684,.T.);
#3682 = VERTEX_POINT('',#3683);
#3683 = CARTESIAN_POINT('',(16.5,0.,65.));
#3684 = SURFACE_CURVE('',#3685,(#3690,#3697),.PCURVE_S1.);
#3685 = CIRCLE('',#3686,16.5);
#3686 = AXIS2_PLACEMENT_3D('',#3687,#3688,#3689);
#3687 = CARTESIAN_POINT('',(0.,0.,65.));
#3688 = DIRECTION('',(0.,0.,1.));
#3689 = DIRECTION('',(1.,0.,0.));
#3690 = PCURVE('',#3516,#3691);
#3691 = DEFINITIONAL_REPRESENTATION('',(#3692),#3696);
#3692 = CIRCLE('',#3693,16.5);
#3693 = AXIS2_PLACEMENT_2D('',#3694,#3695);
#3694 = CARTESIAN_POINT('',(9.945019145741E-16,-6.524468132345E-16));
#3695 = DIRECTION('',(1.,0.));
#3696 = ( GEOMETRIC_REPRESENTATION_CONTEXT(2) 
PARAMETRIC_REPRESENTATION_CONTEXT() REPRESENTATION_CONTEXT('2D SPACE',''
  ) );
#3697 = PCURVE('',#3663,#3698);
#3698 = DEFINITIONAL_REPRESENTATION('',(#3699),#3703);
#3699 = LINE('',#3700,#3701);
#3700 = CARTESIAN_POINT('',(-0.,0.));
#3701 = VECTOR('',#3702,1.);
#3702 = DIRECTION('',(-1.,0.));
#3703 = ( GEOMETRIC_REPRESENTATION_CONTEXT(2) 
PARAMETRIC_REPRESENTATION_CONTEXT() REPRESENTATION_CONTEXT('2D SPACE',''
  ) );
#3704 = FACE_BOUND('',#3705,.F.);
#3705 = EDGE_LOOP('',(#3706));
#3706 = ORIENTED_EDGE('',*,*,#3501,.T.);
#3707 = ADVANCED_FACE('',(#3708),#3575,.F.);
#3708 = FACE_BOUND('',#3709,.F.);
#3709 = EDGE_LOOP('',(#3710));
#3710 = ORIENTED_EDGE('',*,*,#3560,.T.);
#3711 = ADVANCED_FACE('',(#3712),#3630,.F.);
#3712 = FACE_BOUND('',#3713,.F.);
#3713 = EDGE_LOOP('',(#3714));
#3714 = ORIENTED_EDGE('',*,*,#3615,.T.);
#3715 = ADVANCED_FACE('',(#3716),#3663,.T.);
#3716 = FACE_BOUND('',#3717,.F.);
#3717 = EDGE_LOOP('',(#3718,#3739,#3740,#3741));
#3718 = ORIENTED_EDGE('',*,*,#3719,.T.);
#3719 = EDGE_CURVE('',#3682,#3647,#3720,.T.);
#3720 = SEAM_CURVE('',#3721,(#3725,#3732),.PCURVE_S1.);
#3721 = LINE('',#3722,#3723);
#3722 = CARTESIAN_POINT('',(16.5,0.,65.));
#3723 = VECTOR('',#3724,1.);
#3724 = DIRECTION('',(0.,0.,1.));
#3725 = PCURVE('',#3663,#3726);
#3726 = DEFINITIONAL_REPRESENTATION('',(#3727),#3731);
#3727 = LINE('',#3728,#3729);
#3728 = CARTESIAN_POINT('',(-0.,0.));
#3729 = VECTOR('',#3730,1.);
#3730 = DIRECTION('',(-0.,-1.));
#3731 = ( GEOMETRIC_REPRESENTATION_CONTEXT(2) 
PARAMETRIC_REPRESENTATION_CONTEXT() REPRESENTATION_CONTEXT('2D SPACE',''
  ) );
#3732 = PCURVE('',#3663,#3733);
#3733 = DEFINITIONAL_REPRESENTATION('',(#3734),#3738);
#3734 = LINE('',#3735,#3736);
#3735 = CARTESIAN_POINT('',(-6.28318530718,0.));
#3736 = VECTOR('',#3737,1.);
#3737 = DIRECTION('',(-0.,-1.));
#3738 = ( GEOMETRIC_REPRESENTATION_CONTEXT(2) 
PARAMETRIC_REPRESENTATION_CONTEXT() REPRESENTATION_CONTEXT('2D SPACE',''
  ) );
#3739 = ORIENTED_EDGE('',*,*,#3646,.T.);
#3740 = ORIENTED_EDGE('',*,*,#3719,.F.);
#3741 = ORIENTED_EDGE('',*,*,#3681,.F.);
#3742 = ( GEOMETRIC_REPRESENTATION_CONTEXT(3) 
GLOBAL_UNCERTAINTY_ASSIGNED_CONTEXT((#3746)) 
GLOBAL_UNIT_ASSIGNED_CONTEXT((#3743,#3744,#3745)) REPRESENTATION_CONTEXT
('Context #1','3D Context with UNIT and UNCERTAINTY') );
#3743 = ( LENGTH_UNIT() NAMED_UNIT(*) SI_UNIT(.MILLI.,.METRE.) );
#3744 = ( NAMED_UNIT(*) PLANE_ANGLE_UNIT() SI_UNIT($,.RADIAN.) );
#3745 = ( NAMED_UNIT(*) SI_UNIT($,.STERADIAN.) SOLID_ANGLE_UNIT() );
#3746 = UNCERTAINTY_MEASURE_WITH_UNIT(LENGTH_MEASURE(1.E-07),#3743,
  'distance_accuracy_value','confusion accuracy');
#3747 = PRODUCT_RELATED_PRODUCT_CATEGORY('part',$,(#7));
ENDSEC;
END-ISO-10303-21;
