ISO-10303-21;
HEADER;
FILE_DESCRIPTION(('Open CASCADE Model'),'2;1');
FILE_NAME('Open CASCADE Shape Model','2026-10-03T15:43:08',('Author'),(
    'Open CASCADE'),'Open CASCADE STEP processor 7.9','Open CASCADE 7.9'
  ,'Unknown');
FILE_SCHEMA(('AUTOMOTIVE_DESIGN { 1 0 10303 214 1 1 1 1 }'));
ENDSEC;
DATA;
#1 = APPLICATION_PROTOCOL_DEFINITION('international standard',
  'automotive_design',2000,#2);
#2 = APPLICATION_CONTEXT(
  'core data for automotive mechanical design processes');
#3 = SHAPE_DEFINITION_REPRESENTATION(#4,#10);
#4 = PRODUCT_DEFINITION_SHAPE('','',#5);
#5 = PRODUCT_DEFINITION('design','',#6,#9);
#6 = PRODUCT_DEFINITION_FORMATION('','',#7);
#7 = PRODUCT('Open CASCADE STEP translator 7.9 54',
  'Open CASCADE STEP translator 7.9 54','',(#8));
#8 = PRODUCT_CONTEXT('',#2,'mechanical');
#9 = PRODUCT_DEFINITION_CONTEXT('part definition',#2,'design');
#10 = ADVANCED_BREP_SHAPE_REPRESENTATION('',(#11,#15),#2087);
#11 = AXIS2_PLACEMENT_3D('',#12,#13,#14);
#12 = CARTESIAN_POINT('',(0.,0.,0.));
#13 = DIRECTION('',(0.,0.,1.));
#14 = DIRECTION('',(1.,0.,-0.));
#15 = MANIFOLD_SOLID_BREP('',#16);
#16 = CLOSED_SHELL('',(#17,#821,#861,#896,#1354,#1382,#1721,#1728,#1755,
    #1971,#1978,#1985,#2025,#2060));
#17 = ADVANCED_FACE('',(#18,#153,#447),#33,.T.);
#18 = FACE_BOUND('',#19,.F.);
#19 = EDGE_LOOP('',(#20,#56,#79,#108,#130,#131));
#20 = ORIENTED_EDGE('',*,*,#21,.F.);
#21 = EDGE_CURVE('',#22,#24,#26,.T.);
#22 = VERTEX_POINT('',#23);
#23 = CARTESIAN_POINT('',(-6.,8.,0.));
#24 = VERTEX_POINT('',#25);
#25 = CARTESIAN_POINT('',(-6.,4.898587196589E-16,8.));
#26 = SURFACE_CURVE('',#27,(#32,#44),.PCURVE_S1.);
#27 = CIRCLE('',#28,8.);
#28 = AXIS2_PLACEMENT_3D('',#29,#30,#31);
#29 = CARTESIAN_POINT('',(-6.,0.,0.));
#30 = DIRECTION('',(1.,0.,0.));
#31 = DIRECTION('',(0.,1.,0.));
#32 = PCURVE('',#33,#38);
#33 = CYLINDRICAL_SURFACE('',#34,8.);
#34 = AXIS2_PLACEMENT_3D('',#35,#36,#37);
#35 = CARTESIAN_POINT('',(-6.,0.,0.));
#36 = DIRECTION('',(-1.,-0.,-0.));
#37 = DIRECTION('',(0.,1.,0.));
#38 = DEFINITIONAL_REPRESENTATION('',(#39),#43);
#39 = LINE('',#40,#41);
#40 = CARTESIAN_POINT('',(-0.,0.));
#41 = VECTOR('',#42,1.);
#42 = DIRECTION('',(-1.,0.));
#43 = ( GEOMETRIC_REPRESENTATION_CONTEXT(2) 
PARAMETRIC_REPRESENTATION_CONTEXT() REPRESENTATION_CONTEXT('2D SPACE',''
  ) );
#44 = PCURVE('',#45,#50);
#45 = PLANE('',#46);
#46 = AXIS2_PLACEMENT_3D('',#47,#48,#49);
#47 = CARTESIAN_POINT('',(-6.,-5.127900497023E-16,6.990076196319E-16));
#48 = DIRECTION('',(1.,0.,0.));
#49 = DIRECTION('',(-0.,0.,1.));
#50 = DEFINITIONAL_REPRESENTATION('',(#51),#55);
#51 = CIRCLE('',#52,8.);
#52 = AXIS2_PLACEMENT_2D('',#53,#54);
#53 = CARTESIAN_POINT('',(-6.990076196319E-16,-5.127900497023E-16));
#54 = DIRECTION('',(0.,-1.));
#55 = ( GEOMETRIC_REPRESENTATION_CONTEXT(2) 
PARAMETRIC_REPRESENTATION_CONTEXT() REPRESENTATION_CONTEXT('2D SPACE',''
  ) );
#56 = ORIENTED_EDGE('',*,*,#57,.T.);
#57 = EDGE_CURVE('',#22,#58,#60,.T.);
#58 = VERTEX_POINT('',#59);
#59 = CARTESIAN_POINT('',(6.,8.,0.));
#60 = SEAM_CURVE('',#61,(#65,#72),.PCURVE_S1.);
#61 = LINE('',#62,#63);
#62 = CARTESIAN_POINT('',(-6.,8.,0.));
#63 = VECTOR('',#64,1.);
#64 = DIRECTION('',(1.,0.,0.));
#65 = PCURVE('',#33,#66);
#66 = DEFINITIONAL_REPRESENTATION('',(#67),#71);
#67 = LINE('',#68,#69);
#68 = CARTESIAN_POINT('',(-6.28318530718,0.));
#69 = VECTOR('',#70,1.);
#70 = DIRECTION('',(-0.,-1.));
#71 = ( GEOMETRIC_REPRESENTATION_CONTEXT(2) 
PARAMETRIC_REPRESENTATION_CONTEXT() REPRESENTATION_CONTEXT('2D SPACE',''
  ) );
#72 = PCURVE('',#33,#73);
#73 = DEFINITIONAL_REPRESENTATION('',(#74),#78);
#74 = LINE('',#75,#76);
#75 = CARTESIAN_POINT('',(-0.,0.));
#76 = VECTOR('',#77,1.);
#77 = DIRECTION('',(-0.,-1.));
#78 = ( GEOMETRIC_REPRESENTATION_CONTEXT(2) 
PARAMETRIC_REPRESENTATION_CONTEXT() REPRESENTATION_CONTEXT('2D SPACE',''
  ) );
#79 = ORIENTED_EDGE('',*,*,#80,.T.);
#80 = EDGE_CURVE('',#58,#81,#83,.T.);
#81 = VERTEX_POINT('',#82);
#82 = CARTESIAN_POINT('',(6.,-4.195962738671E-15,8.));
#83 = SURFACE_CURVE('',#84,(#89,#96),.PCURVE_S1.);
#84 = CIRCLE('',#85,8.);
#85 = AXIS2_PLACEMENT_3D('',#86,#87,#88);
#86 = CARTESIAN_POINT('',(6.,0.,0.));
#87 = DIRECTION('',(1.,0.,0.));
#88 = DIRECTION('',(0.,1.,0.));
#89 = PCURVE('',#33,#90);
#90 = DEFINITIONAL_REPRESENTATION('',(#91),#95);
#91 = LINE('',#92,#93);
#92 = CARTESIAN_POINT('',(-0.,-12.));
#93 = VECTOR('',#94,1.);
#94 = DIRECTION('',(-1.,0.));
#95 = ( GEOMETRIC_REPRESENTATION_CONTEXT(2) 
PARAMETRIC_REPRESENTATION_CONTEXT() REPRESENTATION_CONTEXT('2D SPACE',''
  ) );
#96 = PCURVE('',#97,#102);
#97 = PLANE('',#98);
#98 = AXIS2_PLACEMENT_3D('',#99,#100,#101);
#99 = CARTESIAN_POINT('',(6.,-5.127900497023E-16,6.990076196319E-16));
#100 = DIRECTION('',(1.,0.,0.));
#101 = DIRECTION('',(-0.,0.,1.));
#102 = DEFINITIONAL_REPRESENTATION('',(#103),#107);
#103 = CIRCLE('',#104,8.);
#104 = AXIS2_PLACEMENT_2D('',#105,#106);
#105 = CARTESIAN_POINT('',(-6.990076196319E-16,-5.127900497023E-16));
#106 = DIRECTION('',(0.,-1.));
#107 = ( GEOMETRIC_REPRESENTATION_CONTEXT(2) 
PARAMETRIC_REPRESENTATION_CONTEXT() REPRESENTATION_CONTEXT('2D SPACE',''
  ) );
#108 = ORIENTED_EDGE('',*,*,#109,.T.);
#109 = EDGE_CURVE('',#81,#58,#110,.T.);
#110 = SURFACE_CURVE('',#111,(#116,#123),.PCURVE_S1.);
#111 = CIRCLE('',#112,8.);
#112 = AXIS2_PLACEMENT_3D('',#113,#114,#115);
#113 = CARTESIAN_POINT('',(6.,0.,0.));
#114 = DIRECTION('',(1.,0.,0.));
#115 = DIRECTION('',(0.,1.,0.));
#116 = PCURVE('',#33,#117);
#117 = DEFINITIONAL_REPRESENTATION('',(#118),#122);
#118 = LINE('',#119,#120);
#119 = CARTESIAN_POINT('',(-0.,-12.));
#120 = VECTOR('',#121,1.);
#121 = DIRECTION('',(-1.,0.));
#122 = ( GEOMETRIC_REPRESENTATION_CONTEXT(2) 
PARAMETRIC_REPRESENTATION_CONTEXT() REPRESENTATION_CONTEXT('2D SPACE',''
  ) );
#123 = PCURVE('',#97,#124);
#124 = DEFINITIONAL_REPRESENTATION('',(#125),#129);
#125 = CIRCLE('',#126,8.);
#126 = AXIS2_PLACEMENT_2D('',#127,#128);
#127 = CARTESIAN_POINT('',(-6.990076196319E-16,-5.127900497023E-16));
#128 = DIRECTION('',(0.,-1.));
#129 = ( GEOMETRIC_REPRESENTATION_CONTEXT(2) 
PARAMETRIC_REPRESENTATION_CONTEXT() REPRESENTATION_CONTEXT('2D SPACE',''
  ) );
#130 = ORIENTED_EDGE('',*,*,#57,.F.);
#131 = ORIENTED_EDGE('',*,*,#132,.F.);
#132 = EDGE_CURVE('',#24,#22,#133,.T.);
#133 = SURFACE_CURVE('',#134,(#139,#146),.PCURVE_S1.);
#134 = CIRCLE('',#135,8.);
#135 = AXIS2_PLACEMENT_3D('',#136,#137,#138);
#136 = CARTESIAN_POINT('',(-6.,0.,0.));
#137 = DIRECTION('',(1.,0.,0.));
#138 = DIRECTION('',(0.,1.,0.));
#139 = PCURVE('',#33,#140);
#140 = DEFINITIONAL_REPRESENTATION('',(#141),#145);
#141 = LINE('',#142,#143);
#142 = CARTESIAN_POINT('',(-0.,0.));
#143 = VECTOR('',#144,1.);
#144 = DIRECTION('',(-1.,0.));
#145 = ( GEOMETRIC_REPRESENTATION_CONTEXT(2) 
PARAMETRIC_REPRESENTATION_CONTEXT() REPRESENTATION_CONTEXT('2D SPACE',''
  ) );
#146 = PCURVE('',#45,#147);
#147 = DEFINITIONAL_REPRESENTATION('',(#148),#152);
#148 = CIRCLE('',#149,8.);
#149 = AXIS2_PLACEMENT_2D('',#150,#151);
#150 = CARTESIAN_POINT('',(-6.990076196319E-16,-5.127900497023E-16));
#151 = DIRECTION('',(0.,-1.));
#152 = ( GEOMETRIC_REPRESENTATION_CONTEXT(2) 
PARAMETRIC_REPRESENTATION_CONTEXT() REPRESENTATION_CONTEXT('2D SPACE',''
  ) );
#153 = FACE_BOUND('',#154,.F.);
#154 = EDGE_LOOP('',(#155,#212,#262,#288,#358,#423));
#155 = ORIENTED_EDGE('',*,*,#156,.T.);
#156 = EDGE_CURVE('',#157,#159,#161,.T.);
#157 = VERTEX_POINT('',#158);
#158 = CARTESIAN_POINT('',(4.582575694956,-3.872983346207,7.));
#159 = VERTEX_POINT('',#160);
#160 = CARTESIAN_POINT('',(6.,-4.195962738671E-15,8.));
#161 = SURFACE_CURVE('',#162,(#175,#191),.PCURVE_S1.);
#162 = B_SPLINE_CURVE_WITH_KNOTS('',6,(#163,#164,#165,#166,#167,#168,
    #169,#170,#171,#172,#173,#174),.UNSPECIFIED.,.F.,.F.,(7,5,7),(0.,
    0.527013467706,1.),.UNSPECIFIED.);
#163 = CARTESIAN_POINT('',(4.582574778441,-3.872984430643,6.9999994));
#164 = CARTESIAN_POINT('',(4.786079913409,-3.632194023273,7.133224768389
    ));
#165 = CARTESIAN_POINT('',(4.979734248662,-3.372262797442,7.264058212217
    ));
#166 = CARTESIAN_POINT('',(5.162140208995,-3.091819965897,7.390500842595
    ));
#167 = CARTESIAN_POINT('',(5.331061943214,-2.789489490052,7.510082152191
    ));
#168 = CARTESIAN_POINT('',(5.483367066507,-2.464113173216,7.619657495061
    ));
#169 = CARTESIAN_POINT('',(5.732888931213,-1.801688505803,7.801247573144
    ));
#170 = CARTESIAN_POINT('',(5.835002815885,-1.466999321856,7.876580374995
    ));
#171 = CARTESIAN_POINT('',(5.915841035855,-1.114930744023,7.936881669579
    ));
#172 = CARTESIAN_POINT('',(5.971628637075,-0.749900285947,7.978721215127
    ));
#173 = CARTESIAN_POINT('',(6.,-0.376635832648,8.));
#174 = CARTESIAN_POINT('',(6.,-4.440892098501E-16,8.));
#175 = PCURVE('',#33,#176);
#176 = DEFINITIONAL_REPRESENTATION('',(#177),#190);
#177 = B_SPLINE_CURVE_WITH_KNOTS('',6,(#178,#179,#180,#181,#182,#183,
    #184,#185,#186,#187,#188,#189),.UNSPECIFIED.,.F.,.F.,(7,5,7),(0.,
    0.527013467706,1.),.UNSPECIFIED.);
#178 = CARTESIAN_POINT('',(-2.076156991998,-10.58257477844));
#179 = CARTESIAN_POINT('',(-2.041758359426,-10.7860799134));
#180 = CARTESIAN_POINT('',(-2.005410945234,-10.97973424866));
#181 = CARTESIAN_POINT('',(-1.967012537019,-11.16214020899));
#182 = CARTESIAN_POINT('',(-1.926447309435,-11.33106194321));
#183 = CARTESIAN_POINT('',(-1.8836012558,-11.4833670665));
#184 = CARTESIAN_POINT('',(-1.797743324777,-11.73288893121));
#185 = CARTESIAN_POINT('',(-1.754906160957,-11.83500281588));
#186 = CARTESIAN_POINT('',(-1.710350296247,-11.91584103585));
#187 = CARTESIAN_POINT('',(-1.664533925293,-11.97162863707));
#188 = CARTESIAN_POINT('',(-1.617875805876,-12.));
#189 = CARTESIAN_POINT('',(-1.570796326795,-12.));
#190 = ( GEOMETRIC_REPRESENTATION_CONTEXT(2) 
PARAMETRIC_REPRESENTATION_CONTEXT() REPRESENTATION_CONTEXT('2D SPACE',''
  ) );
#191 = PCURVE('',#192,#197);
#192 = CYLINDRICAL_SURFACE('',#193,6.);
#193 = AXIS2_PLACEMENT_3D('',#194,#195,#196);
#194 = CARTESIAN_POINT('',(0.,0.,7.));
#195 = DIRECTION('',(-0.,-0.,-1.));
#196 = DIRECTION('',(1.,0.,0.));
#197 = DEFINITIONAL_REPRESENTATION('',(#198),#211);
#198 = B_SPLINE_CURVE_WITH_KNOTS('',6,(#199,#200,#201,#202,#203,#204,
    #205,#206,#207,#208,#209,#210),.UNSPECIFIED.,.F.,.F.,(7,5,7),(0.,
    0.527013467706,1.),.UNSPECIFIED.);
#199 = CARTESIAN_POINT('',(-5.581510946749,5.999999999062E-07));
#200 = CARTESIAN_POINT('',(-5.634055731943,-0.133224768389));
#201 = CARTESIAN_POINT('',(-5.687977313668,-0.264058212217));
#202 = CARTESIAN_POINT('',(-5.743560504697,-0.390500842595));
#203 = CARTESIAN_POINT('',(-5.801071006282,-0.510082152191));
#204 = CARTESIAN_POINT('',(-5.860767511538,-0.619657495061));
#205 = CARTESIAN_POINT('',(-5.978744392626,-0.801247573144));
#206 = CARTESIAN_POINT('',(-6.036944589481,-0.876580374995));
#207 = CARTESIAN_POINT('',(-6.096918240702,-0.936881669579));
#208 = CARTESIAN_POINT('',(-6.158201930782,-0.978721215127));
#209 = CARTESIAN_POINT('',(-6.220412668405,-1.));
#210 = CARTESIAN_POINT('',(-6.28318530718,-1.));
#211 = ( GEOMETRIC_REPRESENTATION_CONTEXT(2) 
PARAMETRIC_REPRESENTATION_CONTEXT() REPRESENTATION_CONTEXT('2D SPACE',''
  ) );
#212 = ORIENTED_EDGE('',*,*,#213,.T.);
#213 = EDGE_CURVE('',#159,#214,#216,.T.);
#214 = VERTEX_POINT('',#215);
#215 = CARTESIAN_POINT('',(4.582575694956,3.872983346207,7.));
#216 = SURFACE_CURVE('',#217,(#230,#246),.PCURVE_S1.);
#217 = B_SPLINE_CURVE_WITH_KNOTS('',6,(#218,#219,#220,#221,#222,#223,
    #224,#225,#226,#227,#228,#229),.UNSPECIFIED.,.F.,.F.,(7,5,7),(0.,
    0.476378424985,1.),.UNSPECIFIED.);
#218 = CARTESIAN_POINT('',(6.,-4.898587196589E-16,8.));
#219 = CARTESIAN_POINT('',(6.,0.379429325772,8.));
#220 = CARTESIAN_POINT('',(5.9712062016,0.755304355584,7.978404357877));
#221 = CARTESIAN_POINT('',(5.914632941836,1.122724816893,7.935975676581)
  );
#222 = CARTESIAN_POINT('',(5.832710197859,1.476932059169,7.874870675776)
  );
#223 = CARTESIAN_POINT('',(5.729284461006,1.813487683221,7.798588312334)
  );
#224 = CARTESIAN_POINT('',(5.478484642576,2.474522039424,7.616145619219)
  );
#225 = CARTESIAN_POINT('',(5.326729809899,2.797232170066,7.507016002745)
  );
#226 = CARTESIAN_POINT('',(5.158633186974,3.097206346906,7.388070249567)
  );
#227 = CARTESIAN_POINT('',(4.977255107669,3.375588240221,7.262383581628)
  );
#228 = CARTESIAN_POINT('',(4.784780332007,3.633731707987,7.132373992751)
  );
#229 = CARTESIAN_POINT('',(4.582574778441,3.872984430643,6.9999994));
#230 = PCURVE('',#33,#231);
#231 = DEFINITIONAL_REPRESENTATION('',(#232),#245);
#232 = B_SPLINE_CURVE_WITH_KNOTS('',6,(#233,#234,#235,#236,#237,#238,
    #239,#240,#241,#242,#243,#244),.UNSPECIFIED.,.F.,.F.,(7,5,7),(0.,
    0.476378424985,1.),.UNSPECIFIED.);
#233 = CARTESIAN_POINT('',(-1.570796326795,-12.));
#234 = CARTESIAN_POINT('',(-1.523367661073,-12.));
#235 = CARTESIAN_POINT('',(-1.476383215594,-11.9712062016));
#236 = CARTESIAN_POINT('',(-1.430263894364,-11.91463294183));
#237 = CARTESIAN_POINT('',(-1.385429229169,-11.83271019785));
#238 = CARTESIAN_POINT('',(-1.342339088932,-11.729284461));
#239 = CARTESIAN_POINT('',(-1.256620457976,-11.47848464257));
#240 = CARTESIAN_POINT('',(-1.214106291063,-11.32672980989));
#241 = CARTESIAN_POINT('',(-1.173842498601,-11.15863318697));
#242 = CARTESIAN_POINT('',(-1.135716647064,-10.97725510766));
#243 = CARTESIAN_POINT('',(-1.0996146249,-10.784780332));
#244 = CARTESIAN_POINT('',(-1.065435661591,-10.58257477844));
#245 = ( GEOMETRIC_REPRESENTATION_CONTEXT(2) 
PARAMETRIC_REPRESENTATION_CONTEXT() REPRESENTATION_CONTEXT('2D SPACE',''
  ) );
#246 = PCURVE('',#192,#247);
#247 = DEFINITIONAL_REPRESENTATION('',(#248),#261);
#248 = B_SPLINE_CURVE_WITH_KNOTS('',6,(#249,#250,#251,#252,#253,#254,
    #255,#256,#257,#258,#259,#260),.UNSPECIFIED.,.F.,.F.,(7,5,7),(0.,
    0.476378424985,1.),.UNSPECIFIED.);
#249 = CARTESIAN_POINT('',(0.,-1.));
#250 = CARTESIAN_POINT('',(-6.323822096192E-02,-1.));
#251 = CARTESIAN_POINT('',(-0.125884054079,-0.978404357877));
#252 = CARTESIAN_POINT('',(-0.187576062269,-0.935975676581));
#253 = CARTESIAN_POINT('',(-0.247933297187,-0.874870675776));
#254 = CARTESIAN_POINT('',(-0.306492821279,-0.798588312334));
#255 = CARTESIAN_POINT('',(-0.424328272581,-0.616145619219));
#256 = CARTESIAN_POINT('',(-0.483587666387,-0.507016002745));
#257 = CARTESIAN_POINT('',(-0.540692710236,-0.388070249567));
#258 = CARTESIAN_POINT('',(-0.595898017819,-0.262383581628));
#259 = CARTESIAN_POINT('',(-0.649465125618,-0.132373992751));
#260 = CARTESIAN_POINT('',(-0.701674360431,5.999999999062E-07));
#261 = ( GEOMETRIC_REPRESENTATION_CONTEXT(2) 
PARAMETRIC_REPRESENTATION_CONTEXT() REPRESENTATION_CONTEXT('2D SPACE',''
  ) );
#262 = ORIENTED_EDGE('',*,*,#263,.T.);
#263 = EDGE_CURVE('',#214,#264,#266,.T.);
#264 = VERTEX_POINT('',#265);
#265 = CARTESIAN_POINT('',(3.162277660168,3.872983346207,7.));
#266 = SURFACE_CURVE('',#267,(#271,#277),.PCURVE_S1.);
#267 = LINE('',#268,#269);
#268 = CARTESIAN_POINT('',(-6.,3.872983346207,7.));
#269 = VECTOR('',#270,1.);
#270 = DIRECTION('',(-1.,-0.,-0.));
#271 = PCURVE('',#33,#272);
#272 = DEFINITIONAL_REPRESENTATION('',(#273),#276);
#273 = B_SPLINE_CURVE_WITH_KNOTS('',1,(#274,#275),.UNSPECIFIED.,.F.,.F.,
  (2,2),(-12.0000006,5.999999999062E-07),.PIECEWISE_BEZIER_KNOTS.);
#274 = CARTESIAN_POINT('',(-1.065435816511,-12.0000006));
#275 = CARTESIAN_POINT('',(-1.065435816511,5.999999999062E-07));
#276 = ( GEOMETRIC_REPRESENTATION_CONTEXT(2) 
PARAMETRIC_REPRESENTATION_CONTEXT() REPRESENTATION_CONTEXT('2D SPACE',''
  ) );
#277 = PCURVE('',#278,#283);
#278 = PLANE('',#279);
#279 = AXIS2_PLACEMENT_3D('',#280,#281,#282);
#280 = CARTESIAN_POINT('',(-3.418600331349E-16,-1.70226710729E-17,7.));
#281 = DIRECTION('',(0.,0.,1.));
#282 = DIRECTION('',(1.,0.,-0.));
#283 = DEFINITIONAL_REPRESENTATION('',(#284),#287);
#284 = B_SPLINE_CURVE_WITH_KNOTS('',1,(#285,#286),.UNSPECIFIED.,.F.,.F.,
  (2,2),(-12.0000006,5.999999999062E-07),.PIECEWISE_BEZIER_KNOTS.);
#285 = CARTESIAN_POINT('',(6.0000006,3.872983346207));
#286 = CARTESIAN_POINT('',(-6.0000006,3.872983346207));
#287 = ( GEOMETRIC_REPRESENTATION_CONTEXT(2) 
PARAMETRIC_REPRESENTATION_CONTEXT() REPRESENTATION_CONTEXT('2D SPACE',''
  ) );
#288 = ORIENTED_EDGE('',*,*,#289,.F.);
#289 = EDGE_CURVE('',#290,#264,#292,.T.);
#290 = VERTEX_POINT('',#291);
#291 = CARTESIAN_POINT('',(5.,5.181040781584E-16,8.));
#292 = SURFACE_CURVE('',#293,(#311,#332),.PCURVE_S1.);
#293 = B_SPLINE_CURVE_WITH_KNOTS('',6,(#294,#295,#296,#297,#298,#299,
    #300,#301,#302,#303,#304,#305,#306,#307,#308,#309,#310),
  .UNSPECIFIED.,.F.,.F.,(7,5,5,7),(0.,0.254630360189,0.409402421364,1.),
  .UNSPECIFIED.);
#294 = CARTESIAN_POINT('',(5.,-1.08342000665E-16,8.));
#295 = CARTESIAN_POINT('',(5.,0.216264985427,8.));
#296 = CARTESIAN_POINT('',(4.988775038708,0.432097438355,7.992984393866)
  );
#297 = CARTESIAN_POINT('',(4.9664094946,0.645933828778,7.979005951933));
#298 = CARTESIAN_POINT('',(4.933338718911,0.856221406789,7.958408646624)
  );
#299 = CARTESIAN_POINT('',(4.890347332701,1.061448077727,7.93182344823)
  );
#300 = CARTESIAN_POINT('',(4.807133348045,1.380959325293,7.880857353101)
  );
#301 = CARTESIAN_POINT('',(4.772408135771,1.499455634575,7.859683129207)
  );
#302 = CARTESIAN_POINT('',(4.734607449327,1.615546920836,7.836756796626)
  );
#303 = CARTESIAN_POINT('',(4.693927745217,1.729130201581,7.812239926832)
  );
#304 = CARTESIAN_POINT('',(4.650571666743,1.840111578975,7.786299289682)
  );
#305 = CARTESIAN_POINT('',(4.429893332963,2.361649806198,7.655334660537)
  );
#306 = CARTESIAN_POINT('',(4.219371744999,2.735179818322,7.533459731723)
  );
#307 = CARTESIAN_POINT('',(3.982531080249,3.070393442955,7.401563103625)
  );
#308 = CARTESIAN_POINT('',(3.72538745769,3.370011483213,7.265800782587)
  );
#309 = CARTESIAN_POINT('',(3.451495017465,3.636838528131,7.130655040311)
  );
#310 = CARTESIAN_POINT('',(3.162276332012,3.872984430643,6.9999994));
#311 = PCURVE('',#33,#312);
#312 = DEFINITIONAL_REPRESENTATION('',(#313),#331);
#313 = B_SPLINE_CURVE_WITH_KNOTS('',6,(#314,#315,#316,#317,#318,#319,
    #320,#321,#322,#323,#324,#325,#326,#327,#328,#329,#330),
  .UNSPECIFIED.,.F.,.F.,(7,5,5,7),(0.,0.254630360189,0.409402421364,1.),
  .UNSPECIFIED.);
#314 = CARTESIAN_POINT('',(-1.570796326795,-11.));
#315 = CARTESIAN_POINT('',(-1.543763203617,-11.));
#316 = CARTESIAN_POINT('',(-1.516784141426,-10.9887750387));
#317 = CARTESIAN_POINT('',(-1.490019057404,-10.9664094946));
#318 = CARTESIAN_POINT('',(-1.463627080088,-10.93333871891));
#319 = CARTESIAN_POINT('',(-1.437770542549,-10.8903473327));
#320 = CARTESIAN_POINT('',(-1.397326719594,-10.80713334804));
#321 = CARTESIAN_POINT('',(-1.382282677715,-10.77240813577));
#322 = CARTESIAN_POINT('',(-1.367494573472,-10.73460744932));
#323 = CARTESIAN_POINT('',(-1.352972909903,-10.69392774521));
#324 = CARTESIAN_POINT('',(-1.338728235766,-10.65057166674));
#325 = CARTESIAN_POINT('',(-1.271511950474,-10.42989333296));
#326 = CARTESIAN_POINT('',(-1.222516318209,-10.21937174499));
#327 = CARTESIAN_POINT('',(-1.177588962018,-9.982531080249));
#328 = CARTESIAN_POINT('',(-1.136533383475,-9.72538745769));
#329 = CARTESIAN_POINT('',(-1.099170793413,-9.451495017465));
#330 = CARTESIAN_POINT('',(-1.065435661591,-9.162276332012));
#331 = ( GEOMETRIC_REPRESENTATION_CONTEXT(2) 
PARAMETRIC_REPRESENTATION_CONTEXT() REPRESENTATION_CONTEXT('2D SPACE',''
  ) );
#332 = PCURVE('',#333,#338);
#333 = CYLINDRICAL_SURFACE('',#334,5.);
#334 = AXIS2_PLACEMENT_3D('',#335,#336,#337);
#335 = CARTESIAN_POINT('',(2.84217094304E-14,5.181040781584E-16,7.));
#336 = DIRECTION('',(-0.,-0.,-1.));
#337 = DIRECTION('',(1.,0.,0.));
#338 = DEFINITIONAL_REPRESENTATION('',(#339),#357);
#339 = B_SPLINE_CURVE_WITH_KNOTS('',6,(#340,#341,#342,#343,#344,#345,
    #346,#347,#348,#349,#350,#351,#352,#353,#354,#355,#356),
  .UNSPECIFIED.,.F.,.F.,(7,5,5,7),(0.,0.254630360189,0.409402421364,1.),
  .UNSPECIFIED.);
#340 = CARTESIAN_POINT('',(0.,-1.));
#341 = CARTESIAN_POINT('',(-4.32529970854E-02,-1.));
#342 = CARTESIAN_POINT('',(-8.64194854791E-02,-0.992984393866));
#343 = CARTESIAN_POINT('',(-0.129332428593,-0.979005951933));
#344 = CARTESIAN_POINT('',(-0.171823954937,-0.958408646624));
#345 = CARTESIAN_POINT('',(-0.213711335777,-0.93182344823));
#346 = CARTESIAN_POINT('',(-0.279745267831,-0.880857353101));
#347 = CARTESIAN_POINT('',(-0.304429868114,-0.859683129207));
#348 = CARTESIAN_POINT('',(-0.328832010804,-0.836756796626));
#349 = CARTESIAN_POINT('',(-0.352946753617,-0.812239926832));
#350 = CARTESIAN_POINT('',(-0.376767417197,-0.786299289682));
#351 = CARTESIAN_POINT('',(-0.490028363592,-0.655334660537));
#352 = CARTESIAN_POINT('',(-0.575236741002,-0.533459731723));
#353 = CARTESIAN_POINT('',(-0.656735961824,-0.401563103625));
#354 = CARTESIAN_POINT('',(-0.735218532392,-0.265800782587));
#355 = CARTESIAN_POINT('',(-0.811401544152,-0.130655040311));
#356 = CARTESIAN_POINT('',(-0.886077466721,5.999999999062E-07));
#357 = ( GEOMETRIC_REPRESENTATION_CONTEXT(2) 
PARAMETRIC_REPRESENTATION_CONTEXT() REPRESENTATION_CONTEXT('2D SPACE',''
  ) );
#358 = ORIENTED_EDGE('',*,*,#359,.F.);
#359 = EDGE_CURVE('',#360,#290,#362,.T.);
#360 = VERTEX_POINT('',#361);
#361 = CARTESIAN_POINT('',(3.162277660168,-3.872983346207,7.));
#362 = SURFACE_CURVE('',#363,(#381,#402),.PCURVE_S1.);
#363 = B_SPLINE_CURVE_WITH_KNOTS('',6,(#364,#365,#366,#367,#368,#369,
    #370,#371,#372,#373,#374,#375,#376,#377,#378,#379,#380),
  .UNSPECIFIED.,.F.,.F.,(7,5,5,7),(0.,0.586937522924,0.740916874524,1.),
  .UNSPECIFIED.);
#364 = CARTESIAN_POINT('',(3.162276332012,-3.872984430643,6.9999994));
#365 = CARTESIAN_POINT('',(3.449707172671,-3.638298296272,7.129847374631
    ));
#366 = CARTESIAN_POINT('',(3.721995986828,-3.373312973476,7.264127977975
    ));
#367 = CARTESIAN_POINT('',(3.977748884331,-3.07595818746,7.399039593428)
  );
#368 = CARTESIAN_POINT('',(4.213495670956,-2.743481968152,7.530188847028
    ));
#369 = CARTESIAN_POINT('',(4.423363828055,-2.373206217316,7.651556552386
    ));
#370 = CARTESIAN_POINT('',(4.644113838707,-1.856300465314,7.782443611811
    ));
#371 = CARTESIAN_POINT('',(4.687566536968,-1.746214020951,7.808418759784
    ));
#372 = CARTESIAN_POINT('',(4.728389836982,-1.633546090698,7.83300086797)
  );
#373 = CARTESIAN_POINT('',(4.766384932831,-1.518385739503,7.856026123559
    ));
#374 = CARTESIAN_POINT('',(4.801358547983,-1.400830908053,7.877335394522
    ));
#375 = CARTESIAN_POINT('',(4.886566767271,-1.079343443099,7.929486010289
    ));
#376 = CARTESIAN_POINT('',(4.93100996368,-0.870895270297,7.956958372317)
  );
#377 = CARTESIAN_POINT('',(4.96522439774,-0.657144259238,7.978265270526)
  );
#378 = CARTESIAN_POINT('',(4.988376242062,-0.439664296538,7.992735144523
    ));
#379 = CARTESIAN_POINT('',(5.,-0.220073119505,8.));
#380 = CARTESIAN_POINT('',(5.,0.,8.));
#381 = PCURVE('',#33,#382);
#382 = DEFINITIONAL_REPRESENTATION('',(#383),#401);
#383 = B_SPLINE_CURVE_WITH_KNOTS('',6,(#384,#385,#386,#387,#388,#389,
    #390,#391,#392,#393,#394,#395,#396,#397,#398,#399,#400),
  .UNSPECIFIED.,.F.,.F.,(7,5,5,7),(0.,0.586937522924,0.740916874524,1.),
  .UNSPECIFIED.);
#384 = CARTESIAN_POINT('',(-2.076156991998,-9.162276332012));
#385 = CARTESIAN_POINT('',(-2.0426303985,-9.449707172671));
#386 = CARTESIAN_POINT('',(-2.005521599561,-9.721995986828));
#387 = CARTESIAN_POINT('',(-1.96476632514,-9.977748884331));
#388 = CARTESIAN_POINT('',(-1.92018924013,-10.21349567095));
#389 = CARTESIAN_POINT('',(-1.871596880776,-10.42336382805));
#390 = CARTESIAN_POINT('',(-1.804944449887,-10.6441138387));
#391 = CARTESIAN_POINT('',(-1.790807650404,-10.68756653696));
#392 = CARTESIAN_POINT('',(-1.776396000246,-10.72838983698));
#393 = CARTESIAN_POINT('',(-1.761719540799,-10.76638493283));
#394 = CARTESIAN_POINT('',(-1.74678827492,-10.80135854798));
#395 = CARTESIAN_POINT('',(-1.706077043966,-10.88656676727));
#396 = CARTESIAN_POINT('',(-1.679807348448,-10.93100996368));
#397 = CARTESIAN_POINT('',(-1.652976809506,-10.96522439774));
#398 = CARTESIAN_POINT('',(-1.625754370293,-10.98837624206));
#399 = CARTESIAN_POINT('',(-1.598305466733,-11.));
#400 = CARTESIAN_POINT('',(-1.570796326795,-11.));
#401 = ( GEOMETRIC_REPRESENTATION_CONTEXT(2) 
PARAMETRIC_REPRESENTATION_CONTEXT() REPRESENTATION_CONTEXT('2D SPACE',''
  ) );
#402 = PCURVE('',#333,#403);
#403 = DEFINITIONAL_REPRESENTATION('',(#404),#422);
#404 = B_SPLINE_CURVE_WITH_KNOTS('',6,(#405,#406,#407,#408,#409,#410,
    #411,#412,#413,#414,#415,#416,#417,#418,#419,#420,#421),
  .UNSPECIFIED.,.F.,.F.,(7,5,5,7),(0.,0.586937522924,0.740916874524,1.),
  .UNSPECIFIED.);
#405 = CARTESIAN_POINT('',(-5.397107840458,5.999999999062E-07));
#406 = CARTESIAN_POINT('',(-5.471322143616,-0.129847374631));
#407 = CARTESIAN_POINT('',(-5.547023737824,-0.264127977975));
#408 = CARTESIAN_POINT('',(-5.624990873803,-0.399039593427));
#409 = CARTESIAN_POINT('',(-5.705928815733,-0.530188847028));
#410 = CARTESIAN_POINT('',(-5.79051898394,-0.651556552386));
#411 = CARTESIAN_POINT('',(-5.902932884087,-0.782443611811));
#412 = CARTESIAN_POINT('',(-5.926594190893,-0.808418759784));
#413 = CARTESIAN_POINT('',(-5.95054673119,-0.83300086797));
#414 = CARTESIAN_POINT('',(-5.974784380124,-0.856026123559));
#415 = CARTESIAN_POINT('',(-5.99930268791,-0.877335394522));
#416 = CARTESIAN_POINT('',(-6.065820243715,-0.929486010289));
#417 = CARTESIAN_POINT('',(-6.108395709077,-0.956958372317));
#418 = CARTESIAN_POINT('',(-6.151602960554,-0.978265270527));
#419 = CARTESIAN_POINT('',(-6.195252450476,-0.992735144523));
#420 = CARTESIAN_POINT('',(-6.239170683279,-1.));
#421 = CARTESIAN_POINT('',(-6.28318530718,-1.));
#422 = ( GEOMETRIC_REPRESENTATION_CONTEXT(2) 
PARAMETRIC_REPRESENTATION_CONTEXT() REPRESENTATION_CONTEXT('2D SPACE',''
  ) );
#423 = ORIENTED_EDGE('',*,*,#424,.F.);
#424 = EDGE_CURVE('',#157,#360,#425,.T.);
#425 = SURFACE_CURVE('',#426,(#430,#436),.PCURVE_S1.);
#426 = LINE('',#427,#428);
#427 = CARTESIAN_POINT('',(-6.,-3.872983346207,7.));
#428 = VECTOR('',#429,1.);
#429 = DIRECTION('',(-1.,-0.,-0.));
#430 = PCURVE('',#33,#431);
#431 = DEFINITIONAL_REPRESENTATION('',(#432),#435);
#432 = B_SPLINE_CURVE_WITH_KNOTS('',1,(#433,#434),.UNSPECIFIED.,.F.,.F.,
  (2,2),(-12.0000006,5.999999999062E-07),.PIECEWISE_BEZIER_KNOTS.);
#433 = CARTESIAN_POINT('',(-2.076156837079,-12.0000006));
#434 = CARTESIAN_POINT('',(-2.076156837079,5.999999999062E-07));
#435 = ( GEOMETRIC_REPRESENTATION_CONTEXT(2) 
PARAMETRIC_REPRESENTATION_CONTEXT() REPRESENTATION_CONTEXT('2D SPACE',''
  ) );
#436 = PCURVE('',#437,#442);
#437 = PLANE('',#438);
#438 = AXIS2_PLACEMENT_3D('',#439,#440,#441);
#439 = CARTESIAN_POINT('',(-3.418600331349E-16,-1.70226710729E-17,7.));
#440 = DIRECTION('',(0.,0.,1.));
#441 = DIRECTION('',(1.,0.,-0.));
#442 = DEFINITIONAL_REPRESENTATION('',(#443),#446);
#443 = B_SPLINE_CURVE_WITH_KNOTS('',1,(#444,#445),.UNSPECIFIED.,.F.,.F.,
  (2,2),(-12.0000006,5.999999999062E-07),.PIECEWISE_BEZIER_KNOTS.);
#444 = CARTESIAN_POINT('',(6.0000006,-3.872983346207));
#445 = CARTESIAN_POINT('',(-6.0000006,-3.872983346207));
#446 = ( GEOMETRIC_REPRESENTATION_CONTEXT(2) 
PARAMETRIC_REPRESENTATION_CONTEXT() REPRESENTATION_CONTEXT('2D SPACE',''
  ) );
#447 = FACE_BOUND('',#448,.F.);
#448 = EDGE_LOOP('',(#449,#561,#671,#692,#802));
#449 = ORIENTED_EDGE('',*,*,#450,.T.);
#450 = EDGE_CURVE('',#451,#453,#455,.T.);
#451 = VERTEX_POINT('',#452);
#452 = CARTESIAN_POINT('',(-4.582575694956,3.872983346207,7.));
#453 = VERTEX_POINT('',#454);
#454 = CARTESIAN_POINT('',(-6.,4.898587196589E-16,8.));
#455 = SURFACE_CURVE('',#456,(#489,#525),.PCURVE_S1.);
#456 = B_SPLINE_CURVE_WITH_KNOTS('',6,(#457,#458,#459,#460,#461,#462,
    #463,#464,#465,#466,#467,#468,#469,#470,#471,#472,#473,#474,#475,
    #476,#477,#478,#479,#480,#481,#482,#483,#484,#485,#486,#487,#488),
  .UNSPECIFIED.,.F.,.F.,(7,5,5,5,5,5,7),(0.,0.263226897234,
    0.350464870608,0.503860031453,0.598685008442,0.736252067328,1.),
  .UNSPECIFIED.);
#457 = CARTESIAN_POINT('',(-4.582574778441,3.872984430643,6.9999994));
#458 = CARTESIAN_POINT('',(-4.786079913409,3.632194023273,7.133224768389
    ));
#459 = CARTESIAN_POINT('',(-4.979734248662,3.372262797442,7.264058212217
    ));
#460 = CARTESIAN_POINT('',(-5.162140208995,3.091819965897,7.390500842595
    ));
#461 = CARTESIAN_POINT('',(-5.331061943213,2.789489490053,7.510082152191
    ));
#462 = CARTESIAN_POINT('',(-5.483367066507,2.464113173216,7.619657495061
    ));
#463 = CARTESIAN_POINT('',(-5.658450295947,1.999306411017,7.747074694923
    ));
#464 = CARTESIAN_POINT('',(-5.699730024556,1.881044860616,7.777255322858
    ));
#465 = CARTESIAN_POINT('',(-5.738519789041,1.760304306502,7.805732207736
    ));
#466 = CARTESIAN_POINT('',(-5.774637953218,1.637174287423,7.832343469814
    ));
#467 = CARTESIAN_POINT('',(-5.807909091195,1.511751375309,7.856932937485
    ));
#468 = CARTESIAN_POINT('',(-5.891362777831,1.159751867869,7.918767517599
    ));
#469 = CARTESIAN_POINT('',(-5.935328533422,0.928203769138,7.951538113364
    ));
#470 = CARTESIAN_POINT('',(-5.968806525759,0.691159052463,7.976601315088
    ));
#471 = CARTESIAN_POINT('',(-5.990957071316,0.450341313708,7.993217984433
    ));
#472 = CARTESIAN_POINT('',(-6.00133558742,0.207509735878,8.001001682561)
  );
#473 = CARTESIAN_POINT('',(-5.999003773558,-0.185833327176,
    7.999252835609));
#474 = CARTESIAN_POINT('',(-5.993597635231,-0.335952807126,
    7.995198368004));
#475 = CARTESIAN_POINT('',(-5.983692529734,-0.48546591098,7.987770558365
    ));
#476 = CARTESIAN_POINT('',(-5.969370894646,-0.633914850737,
    7.977041013004));
#477 = CARTESIAN_POINT('',(-5.950782039733,-0.780845596912,7.96313880386
    ));
#478 = CARTESIAN_POINT('',(-5.895299366211,-1.136112663658,
    7.921747047167));
#479 = CARTESIAN_POINT('',(-5.853972059322,-1.342014561716,
    7.890987963279));
#480 = CARTESIAN_POINT('',(-5.80474731938,-1.542908701848,7.854479992396
    ));
#481 = CARTESIAN_POINT('',(-5.748285800443,-1.738231128098,
    7.812811958826));
#482 = CARTESIAN_POINT('',(-5.685329378712,-1.927460012413,
    7.766643802775));
#483 = CARTESIAN_POINT('',(-5.485144933846,-2.460310987452,
    7.620936693921));
#484 = CARTESIAN_POINT('',(-5.332640785916,-2.786662036971,
    7.511199937586));
#485 = CARTESIAN_POINT('',(-5.163419019736,-3.089853515349,
    7.391387350504));
#486 = CARTESIAN_POINT('',(-4.980638636469,-3.371048979445,
    7.264669207678));
#487 = CARTESIAN_POINT('',(-4.786554246913,-3.631632784571,
    7.133535292524));
#488 = CARTESIAN_POINT('',(-4.582574778441,-3.872984430643,6.9999994));
#489 = PCURVE('',#33,#490);
#490 = DEFINITIONAL_REPRESENTATION('',(#491),#524);
#491 = B_SPLINE_CURVE_WITH_KNOTS('',6,(#492,#493,#494,#495,#496,#497,
    #498,#499,#500,#501,#502,#503,#504,#505,#506,#507,#508,#509,#510,
    #511,#512,#513,#514,#515,#516,#517,#518,#519,#520,#521,#522,#523),
  .UNSPECIFIED.,.F.,.F.,(7,5,5,5,5,5,7),(0.,0.263226897234,
    0.350464870608,0.503860031453,0.598685008442,0.736252067328,1.),
  .UNSPECIFIED.);
#492 = CARTESIAN_POINT('',(-1.065435661591,-1.417425221559));
#493 = CARTESIAN_POINT('',(-1.099834294164,-1.213920086591));
#494 = CARTESIAN_POINT('',(-1.136181708355,-1.020265751338));
#495 = CARTESIAN_POINT('',(-1.174580116571,-0.837859791005));
#496 = CARTESIAN_POINT('',(-1.215145344155,-0.668938056787));
#497 = CARTESIAN_POINT('',(-1.25799139779,-0.516632933493));
#498 = CARTESIAN_POINT('',(-1.318235752946,-0.341549704053));
#499 = CARTESIAN_POINT('',(-1.333489845167,-0.300269975444));
#500 = CARTESIAN_POINT('',(-1.348992569075,-0.261480210959));
#501 = CARTESIAN_POINT('',(-1.364734883967,-0.225362046782));
#502 = CARTESIAN_POINT('',(-1.380708099769,-0.192090908805));
#503 = CARTESIAN_POINT('',(-1.425381772199,-0.108637222169));
#504 = CARTESIAN_POINT('',(-1.454597520183,-6.467146657813E-02));
#505 = CARTESIAN_POINT('',(-1.484364841158,-3.119347424061E-02));
#506 = CARTESIAN_POINT('',(-1.514507997296,-9.042928683693E-03));
#507 = CARTESIAN_POINT('',(-1.544857324138,1.335587420288E-03));
#508 = CARTESIAN_POINT('',(-1.59402569299,-9.962264416011E-04));
#509 = CARTESIAN_POINT('',(-1.612792693792,-6.402364768789E-03));
#510 = CARTESIAN_POINT('',(-1.631497708399,-1.630747026606E-02));
#511 = CARTESIAN_POINT('',(-1.650095284653,-3.0629105354E-02));
#512 = CARTESIAN_POINT('',(-1.668539335134,-4.921796026713E-02));
#513 = CARTESIAN_POINT('',(-1.713248109132,-0.104700633789));
#514 = CARTESIAN_POINT('',(-1.739257857392,-0.146027940678));
#515 = CARTESIAN_POINT('',(-1.764762426293,-0.19525268062));
#516 = CARTESIAN_POINT('',(-1.789710764336,-0.251714199557));
#517 = CARTESIAN_POINT('',(-1.81404893539,-0.314670621288));
#518 = CARTESIAN_POINT('',(-1.883100628342,-0.514855066154));
#519 = CARTESIAN_POINT('',(-1.926067965049,-0.667359214084));
#520 = CARTESIAN_POINT('',(-1.966743295736,-0.836580980264));
#521 = CARTESIAN_POINT('',(-2.005241209248,-1.019361363531));
#522 = CARTESIAN_POINT('',(-2.041678182461,-1.213445753087));
#523 = CARTESIAN_POINT('',(-2.076156991998,-1.417425221559));
#524 = ( GEOMETRIC_REPRESENTATION_CONTEXT(2) 
PARAMETRIC_REPRESENTATION_CONTEXT() REPRESENTATION_CONTEXT('2D SPACE',''
  ) );
#525 = PCURVE('',#192,#526);
#526 = DEFINITIONAL_REPRESENTATION('',(#527),#560);
#527 = B_SPLINE_CURVE_WITH_KNOTS('',6,(#528,#529,#530,#531,#532,#533,
    #534,#535,#536,#537,#538,#539,#540,#541,#542,#543,#544,#545,#546,
    #547,#548,#549,#550,#551,#552,#553,#554,#555,#556,#557,#558,#559),
  .UNSPECIFIED.,.F.,.F.,(7,5,5,5,5,5,7),(0.,0.263226897234,
    0.350464870608,0.503860031453,0.598685008442,0.736252067328,1.),
  .UNSPECIFIED.);
#528 = CARTESIAN_POINT('',(-2.439918293159,6.000000000173E-07));
#529 = CARTESIAN_POINT('',(-2.492463078353,-0.133224768389));
#530 = CARTESIAN_POINT('',(-2.546384660078,-0.264058212217));
#531 = CARTESIAN_POINT('',(-2.601967851107,-0.390500842595));
#532 = CARTESIAN_POINT('',(-2.659478352692,-0.510082152191));
#533 = CARTESIAN_POINT('',(-2.719174857948,-0.619657495061));
#534 = CARTESIAN_POINT('',(-2.801956274176,-0.747074694923));
#535 = CARTESIAN_POINT('',(-2.822826537362,-0.777255322858));
#536 = CARTESIAN_POINT('',(-2.843952937995,-0.805732207736));
#537 = CARTESIAN_POINT('',(-2.865328576493,-0.832343469814));
#538 = CARTESIAN_POINT('',(-2.886947768414,-0.856932937485));
#539 = CARTESIAN_POINT('',(-2.947240611884,-0.918767517599));
#540 = CARTESIAN_POINT('',(-2.986481458759,-0.951538113364));
#541 = CARTESIAN_POINT('',(-3.026312659248,-0.976601315088));
#542 = CARTESIAN_POINT('',(-3.066546056041,-0.993217984433));
#543 = CARTESIAN_POINT('',(-3.107007020453,-1.001001682561));
#544 = CARTESIAN_POINT('',(-3.172565349573,-0.999252835609));
#545 = CARTESIAN_POINT('',(-3.19759016459,-0.995198368004));
#546 = CARTESIAN_POINT('',(-3.222546639908,-0.987770558365));
#547 = CARTESIAN_POINT('',(-3.247386447226,-0.977041013004));
#548 = CARTESIAN_POINT('',(-3.272059675404,-0.96313880386));
#549 = CARTESIAN_POINT('',(-3.33198857211,-0.921747047167));
#550 = CARTESIAN_POINT('',(-3.366957390409,-0.890987963279));
#551 = CARTESIAN_POINT('',(-3.401384997909,-0.854479992396));
#552 = CARTESIAN_POINT('',(-3.435230520462,-0.812811958826));
#553 = CARTESIAN_POINT('',(-3.468444089725,-0.766643802775));
#554 = CARTESIAN_POINT('',(-3.563313001265,-0.620936693921));
#555 = CARTESIAN_POINT('',(-3.623169188939,-0.511199937586));
#556 = CARTESIAN_POINT('',(-3.680827734987,-0.391387350504));
#557 = CARTESIAN_POINT('',(-3.736548837908,-0.264669207678));
#558 = CARTESIAN_POINT('',(-3.790599756477,-0.133535292524));
#559 = CARTESIAN_POINT('',(-3.843267014021,6.000000000173E-07));
#560 = ( GEOMETRIC_REPRESENTATION_CONTEXT(2) 
PARAMETRIC_REPRESENTATION_CONTEXT() REPRESENTATION_CONTEXT('2D SPACE',''
  ) );
#561 = ORIENTED_EDGE('',*,*,#562,.T.);
#562 = EDGE_CURVE('',#453,#563,#565,.T.);
#563 = VERTEX_POINT('',#564);
#564 = CARTESIAN_POINT('',(-4.582575694956,-3.872983346207,7.));
#565 = SURFACE_CURVE('',#566,(#599,#635),.PCURVE_S1.);
#566 = B_SPLINE_CURVE_WITH_KNOTS('',6,(#567,#568,#569,#570,#571,#572,
    #573,#574,#575,#576,#577,#578,#579,#580,#581,#582,#583,#584,#585,
    #586,#587,#588,#589,#590,#591,#592,#593,#594,#595,#596,#597,#598),
  .UNSPECIFIED.,.F.,.F.,(7,5,5,5,5,5,7),(0.,0.263226897234,
    0.350464870608,0.503860031453,0.598685008442,0.736252067328,1.),
  .UNSPECIFIED.);
#567 = CARTESIAN_POINT('',(-4.582574778441,3.872984430643,6.9999994));
#568 = CARTESIAN_POINT('',(-4.786079913409,3.632194023273,7.133224768389
    ));
#569 = CARTESIAN_POINT('',(-4.979734248662,3.372262797442,7.264058212217
    ));
#570 = CARTESIAN_POINT('',(-5.162140208995,3.091819965897,7.390500842595
    ));
#571 = CARTESIAN_POINT('',(-5.331061943213,2.789489490053,7.510082152191
    ));
#572 = CARTESIAN_POINT('',(-5.483367066507,2.464113173216,7.619657495061
    ));
#573 = CARTESIAN_POINT('',(-5.658450295947,1.999306411017,7.747074694923
    ));
#574 = CARTESIAN_POINT('',(-5.699730024556,1.881044860616,7.777255322858
    ));
#575 = CARTESIAN_POINT('',(-5.738519789041,1.760304306502,7.805732207736
    ));
#576 = CARTESIAN_POINT('',(-5.774637953218,1.637174287423,7.832343469814
    ));
#577 = CARTESIAN_POINT('',(-5.807909091195,1.511751375309,7.856932937485
    ));
#578 = CARTESIAN_POINT('',(-5.891362777831,1.159751867869,7.918767517599
    ));
#579 = CARTESIAN_POINT('',(-5.935328533422,0.928203769138,7.951538113364
    ));
#580 = CARTESIAN_POINT('',(-5.968806525759,0.691159052463,7.976601315088
    ));
#581 = CARTESIAN_POINT('',(-5.990957071316,0.450341313708,7.993217984433
    ));
#582 = CARTESIAN_POINT('',(-6.00133558742,0.207509735878,8.001001682561)
  );
#583 = CARTESIAN_POINT('',(-5.999003773558,-0.185833327176,
    7.999252835609));
#584 = CARTESIAN_POINT('',(-5.993597635231,-0.335952807126,
    7.995198368004));
#585 = CARTESIAN_POINT('',(-5.983692529734,-0.48546591098,7.987770558365
    ));
#586 = CARTESIAN_POINT('',(-5.969370894646,-0.633914850737,
    7.977041013004));
#587 = CARTESIAN_POINT('',(-5.950782039733,-0.780845596912,7.96313880386
    ));
#588 = CARTESIAN_POINT('',(-5.895299366211,-1.136112663658,
    7.921747047167));
#589 = CARTESIAN_POINT('',(-5.853972059322,-1.342014561716,
    7.890987963279));
#590 = CARTESIAN_POINT('',(-5.80474731938,-1.542908701848,7.854479992396
    ));
#591 = CARTESIAN_POINT('',(-5.748285800443,-1.738231128098,
    7.812811958826));
#592 = CARTESIAN_POINT('',(-5.685329378712,-1.927460012413,
    7.766643802775));
#593 = CARTESIAN_POINT('',(-5.485144933846,-2.460310987452,
    7.620936693921));
#594 = CARTESIAN_POINT('',(-5.332640785916,-2.786662036971,
    7.511199937586));
#595 = CARTESIAN_POINT('',(-5.163419019736,-3.089853515349,
    7.391387350504));
#596 = CARTESIAN_POINT('',(-4.980638636469,-3.371048979445,
    7.264669207678));
#597 = CARTESIAN_POINT('',(-4.786554246913,-3.631632784571,
    7.133535292524));
#598 = CARTESIAN_POINT('',(-4.582574778441,-3.872984430643,6.9999994));
#599 = PCURVE('',#33,#600);
#600 = DEFINITIONAL_REPRESENTATION('',(#601),#634);
#601 = B_SPLINE_CURVE_WITH_KNOTS('',6,(#602,#603,#604,#605,#606,#607,
    #608,#609,#610,#611,#612,#613,#614,#615,#616,#617,#618,#619,#620,
    #621,#622,#623,#624,#625,#626,#627,#628,#629,#630,#631,#632,#633),
  .UNSPECIFIED.,.F.,.F.,(7,5,5,5,5,5,7),(0.,0.263226897234,
    0.350464870608,0.503860031453,0.598685008442,0.736252067328,1.),
  .UNSPECIFIED.);
#602 = CARTESIAN_POINT('',(-1.065435661591,-1.417425221559));
#603 = CARTESIAN_POINT('',(-1.099834294164,-1.213920086591));
#604 = CARTESIAN_POINT('',(-1.136181708355,-1.020265751338));
#605 = CARTESIAN_POINT('',(-1.174580116571,-0.837859791005));
#606 = CARTESIAN_POINT('',(-1.215145344155,-0.668938056787));
#607 = CARTESIAN_POINT('',(-1.25799139779,-0.516632933493));
#608 = CARTESIAN_POINT('',(-1.318235752946,-0.341549704053));
#609 = CARTESIAN_POINT('',(-1.333489845167,-0.300269975444));
#610 = CARTESIAN_POINT('',(-1.348992569075,-0.261480210959));
#611 = CARTESIAN_POINT('',(-1.364734883967,-0.225362046782));
#612 = CARTESIAN_POINT('',(-1.380708099769,-0.192090908805));
#613 = CARTESIAN_POINT('',(-1.425381772199,-0.108637222169));
#614 = CARTESIAN_POINT('',(-1.454597520183,-6.467146657813E-02));
#615 = CARTESIAN_POINT('',(-1.484364841158,-3.119347424061E-02));
#616 = CARTESIAN_POINT('',(-1.514507997296,-9.042928683693E-03));
#617 = CARTESIAN_POINT('',(-1.544857324138,1.335587420288E-03));
#618 = CARTESIAN_POINT('',(-1.59402569299,-9.962264416011E-04));
#619 = CARTESIAN_POINT('',(-1.612792693792,-6.402364768789E-03));
#620 = CARTESIAN_POINT('',(-1.631497708399,-1.630747026606E-02));
#621 = CARTESIAN_POINT('',(-1.650095284653,-3.0629105354E-02));
#622 = CARTESIAN_POINT('',(-1.668539335134,-4.921796026713E-02));
#623 = CARTESIAN_POINT('',(-1.713248109132,-0.104700633789));
#624 = CARTESIAN_POINT('',(-1.739257857392,-0.146027940678));
#625 = CARTESIAN_POINT('',(-1.764762426293,-0.19525268062));
#626 = CARTESIAN_POINT('',(-1.789710764336,-0.251714199557));
#627 = CARTESIAN_POINT('',(-1.81404893539,-0.314670621288));
#628 = CARTESIAN_POINT('',(-1.883100628342,-0.514855066154));
#629 = CARTESIAN_POINT('',(-1.926067965049,-0.667359214084));
#630 = CARTESIAN_POINT('',(-1.966743295736,-0.836580980264));
#631 = CARTESIAN_POINT('',(-2.005241209248,-1.019361363531));
#632 = CARTESIAN_POINT('',(-2.041678182461,-1.213445753087));
#633 = CARTESIAN_POINT('',(-2.076156991998,-1.417425221559));
#634 = ( GEOMETRIC_REPRESENTATION_CONTEXT(2) 
PARAMETRIC_REPRESENTATION_CONTEXT() REPRESENTATION_CONTEXT('2D SPACE',''
  ) );
#635 = PCURVE('',#192,#636);
#636 = DEFINITIONAL_REPRESENTATION('',(#637),#670);
#637 = B_SPLINE_CURVE_WITH_KNOTS('',6,(#638,#639,#640,#641,#642,#643,
    #644,#645,#646,#647,#648,#649,#650,#651,#652,#653,#654,#655,#656,
    #657,#658,#659,#660,#661,#662,#663,#664,#665,#666,#667,#668,#669),
  .UNSPECIFIED.,.F.,.F.,(7,5,5,5,5,5,7),(0.,0.263226897234,
    0.350464870608,0.503860031453,0.598685008442,0.736252067328,1.),
  .UNSPECIFIED.);
#638 = CARTESIAN_POINT('',(-2.439918293159,6.000000000173E-07));
#639 = CARTESIAN_POINT('',(-2.492463078353,-0.133224768389));
#640 = CARTESIAN_POINT('',(-2.546384660078,-0.264058212217));
#641 = CARTESIAN_POINT('',(-2.601967851107,-0.390500842595));
#642 = CARTESIAN_POINT('',(-2.659478352692,-0.510082152191));
#643 = CARTESIAN_POINT('',(-2.719174857948,-0.619657495061));
#644 = CARTESIAN_POINT('',(-2.801956274176,-0.747074694923));
#645 = CARTESIAN_POINT('',(-2.822826537362,-0.777255322858));
#646 = CARTESIAN_POINT('',(-2.843952937995,-0.805732207736));
#647 = CARTESIAN_POINT('',(-2.865328576493,-0.832343469814));
#648 = CARTESIAN_POINT('',(-2.886947768414,-0.856932937485));
#649 = CARTESIAN_POINT('',(-2.947240611884,-0.918767517599));
#650 = CARTESIAN_POINT('',(-2.986481458759,-0.951538113364));
#651 = CARTESIAN_POINT('',(-3.026312659248,-0.976601315088));
#652 = CARTESIAN_POINT('',(-3.066546056041,-0.993217984433));
#653 = CARTESIAN_POINT('',(-3.107007020453,-1.001001682561));
#654 = CARTESIAN_POINT('',(-3.172565349573,-0.999252835609));
#655 = CARTESIAN_POINT('',(-3.19759016459,-0.995198368004));
#656 = CARTESIAN_POINT('',(-3.222546639908,-0.987770558365));
#657 = CARTESIAN_POINT('',(-3.247386447226,-0.977041013004));
#658 = CARTESIAN_POINT('',(-3.272059675404,-0.96313880386));
#659 = CARTESIAN_POINT('',(-3.33198857211,-0.921747047167));
#660 = CARTESIAN_POINT('',(-3.366957390409,-0.890987963279));
#661 = CARTESIAN_POINT('',(-3.401384997909,-0.854479992396));
#662 = CARTESIAN_POINT('',(-3.435230520462,-0.812811958826));
#663 = CARTESIAN_POINT('',(-3.468444089725,-0.766643802775));
#664 = CARTESIAN_POINT('',(-3.563313001265,-0.620936693921));
#665 = CARTESIAN_POINT('',(-3.623169188939,-0.511199937586));
#666 = CARTESIAN_POINT('',(-3.680827734987,-0.391387350504));
#667 = CARTESIAN_POINT('',(-3.736548837908,-0.264669207678));
#668 = CARTESIAN_POINT('',(-3.790599756477,-0.133535292524));
#669 = CARTESIAN_POINT('',(-3.843267014021,6.000000000173E-07));
#670 = ( GEOMETRIC_REPRESENTATION_CONTEXT(2) 
PARAMETRIC_REPRESENTATION_CONTEXT() REPRESENTATION_CONTEXT('2D SPACE',''
  ) );
#671 = ORIENTED_EDGE('',*,*,#672,.F.);
#672 = EDGE_CURVE('',#673,#563,#675,.T.);
#673 = VERTEX_POINT('',#674);
#674 = CARTESIAN_POINT('',(-3.162277660168,-3.872983346207,7.));
#675 = SURFACE_CURVE('',#676,(#680,#686),.PCURVE_S1.);
#676 = LINE('',#677,#678);
#677 = CARTESIAN_POINT('',(-6.,-3.872983346207,7.));
#678 = VECTOR('',#679,1.);
#679 = DIRECTION('',(-1.,-0.,-0.));
#680 = PCURVE('',#33,#681);
#681 = DEFINITIONAL_REPRESENTATION('',(#682),#685);
#682 = B_SPLINE_CURVE_WITH_KNOTS('',1,(#683,#684),.UNSPECIFIED.,.F.,.F.,
  (2,2),(-12.0000006,5.999999999062E-07),.PIECEWISE_BEZIER_KNOTS.);
#683 = CARTESIAN_POINT('',(-2.076156837079,-12.0000006));
#684 = CARTESIAN_POINT('',(-2.076156837079,5.999999999062E-07));
#685 = ( GEOMETRIC_REPRESENTATION_CONTEXT(2) 
PARAMETRIC_REPRESENTATION_CONTEXT() REPRESENTATION_CONTEXT('2D SPACE',''
  ) );
#686 = PCURVE('',#437,#687);
#687 = DEFINITIONAL_REPRESENTATION('',(#688),#691);
#688 = B_SPLINE_CURVE_WITH_KNOTS('',1,(#689,#690),.UNSPECIFIED.,.F.,.F.,
  (2,2),(-12.0000006,5.999999999062E-07),.PIECEWISE_BEZIER_KNOTS.);
#689 = CARTESIAN_POINT('',(6.0000006,-3.872983346207));
#690 = CARTESIAN_POINT('',(-6.0000006,-3.872983346207));
#691 = ( GEOMETRIC_REPRESENTATION_CONTEXT(2) 
PARAMETRIC_REPRESENTATION_CONTEXT() REPRESENTATION_CONTEXT('2D SPACE',''
  ) );
#692 = ORIENTED_EDGE('',*,*,#693,.F.);
#693 = EDGE_CURVE('',#694,#673,#696,.T.);
#694 = VERTEX_POINT('',#695);
#695 = CARTESIAN_POINT('',(-3.162277660168,3.872983346207,7.));
#696 = SURFACE_CURVE('',#697,(#730,#766),.PCURVE_S1.);
#697 = B_SPLINE_CURVE_WITH_KNOTS('',6,(#698,#699,#700,#701,#702,#703,
    #704,#705,#706,#707,#708,#709,#710,#711,#712,#713,#714,#715,#716,
    #717,#718,#719,#720,#721,#722,#723,#724,#725,#726,#727,#728,#729),
  .UNSPECIFIED.,.F.,.F.,(7,5,5,5,5,5,7),(0.,0.295897812745,
    0.372176601422,0.500085706812,0.587101929638,0.705423217315,1.),
  .UNSPECIFIED.);
#698 = CARTESIAN_POINT('',(-3.162276332012,3.872984430643,6.9999994));
#699 = CARTESIAN_POINT('',(-3.452012637812,3.636415893184,7.13088887727)
  );
#700 = CARTESIAN_POINT('',(-3.726369525334,3.369054882949,7.266285333378
    ));
#701 = CARTESIAN_POINT('',(-3.983915655316,3.068780089817,7.402294133174
    ));
#702 = CARTESIAN_POINT('',(-4.221072110495,2.732771843551,7.534406878723
    ));
#703 = CARTESIAN_POINT('',(-4.431780820782,2.35829693299,7.656427548877)
  );
#704 = CARTESIAN_POINT('',(-4.651700679223,1.83715021581,7.786976532337)
  );
#705 = CARTESIAN_POINT('',(-4.694373044229,1.72773245854,7.81251118831)
  );
#706 = CARTESIAN_POINT('',(-4.73444392233,1.615788857103,7.836661186979)
  );
#707 = CARTESIAN_POINT('',(-4.771719417965,1.50140919567,7.859266975747)
  );
#708 = CARTESIAN_POINT('',(-4.806011444069,1.384691826256,7.88017388676)
  );
#709 = CARTESIAN_POINT('',(-4.889329915616,1.066283875402,7.931194386346
    ));
#710 = CARTESIAN_POINT('',(-4.932716349713,0.860179005304,7.95802095131)
  );
#711 = CARTESIAN_POINT('',(-4.966100462379,0.648919480549,7.978812804035
    ));
#712 = CARTESIAN_POINT('',(-4.988675498573,0.434066158894,7.992922182626
    ));
#713 = CARTESIAN_POINT('',(-5.,0.217221804222,8.));
#714 = CARTESIAN_POINT('',(-5.,-0.14777541334,8.));
#715 = CARTESIAN_POINT('',(-4.994758857921,-0.295484200766,
    7.996724400077));
#716 = CARTESIAN_POINT('',(-4.984286016814,-0.442562142072,7.99017857482
    ));
#717 = CARTESIAN_POINT('',(-4.96868142105,-0.588450492308,7.98044167096)
  );
#718 = CARTESIAN_POINT('',(-4.948137107509,-0.732596875072,
    7.967663975732));
#719 = CARTESIAN_POINT('',(-4.888675110294,-1.067350955515,
    7.930852430639));
#720 = CARTESIAN_POINT('',(-4.845843389135,-1.255809173345,
    7.904445694579));
#721 = CARTESIAN_POINT('',(-4.795061399606,-1.43924949888,7.873329711329
    ));
#722 = CARTESIAN_POINT('',(-4.737011237497,-1.617139826115,
    7.838064419467));
#723 = CARTESIAN_POINT('',(-4.672448465537,-1.788998059287,
    7.799267763681));
#724 = CARTESIAN_POINT('',(-4.42734624447,-2.366165628896,7.653860384189
    ));
#725 = CARTESIAN_POINT('',(-4.217078444686,-2.738423502425,
    7.532182766447));
#726 = CARTESIAN_POINT('',(-3.980664235757,-3.072567188789,
    7.400577732845));
#727 = CARTESIAN_POINT('',(-3.724063383765,-3.371300820256,
    7.265147593869));
#728 = CARTESIAN_POINT('',(-3.450797019591,-3.63740844061,7.130339717119
    ));
#729 = CARTESIAN_POINT('',(-3.162276332012,-3.872984430643,6.9999994));
#730 = PCURVE('',#33,#731);
#731 = DEFINITIONAL_REPRESENTATION('',(#732),#765);
#732 = B_SPLINE_CURVE_WITH_KNOTS('',6,(#733,#734,#735,#736,#737,#738,
    #739,#740,#741,#742,#743,#744,#745,#746,#747,#748,#749,#750,#751,
    #752,#753,#754,#755,#756,#757,#758,#759,#760,#761,#762,#763,#764),
  .UNSPECIFIED.,.F.,.F.,(7,5,5,5,5,5,7),(0.,0.295897812745,
    0.372176601422,0.500085706812,0.587101929638,0.705423217315,1.),
  .UNSPECIFIED.);
#733 = CARTESIAN_POINT('',(-1.065435661591,-2.837723667988));
#734 = CARTESIAN_POINT('',(-1.099231169839,-2.547987362188));
#735 = CARTESIAN_POINT('',(-1.136667333956,-2.273630474666));
#736 = CARTESIAN_POINT('',(-1.177810034191,-2.016084344684));
#737 = CARTESIAN_POINT('',(-1.222839029557,-1.778927889505));
#738 = CARTESIAN_POINT('',(-1.271951702468,-1.568219179218));
#739 = CARTESIAN_POINT('',(-1.339107879807,-1.348299320777));
#740 = CARTESIAN_POINT('',(-1.353150759688,-1.305626955771));
#741 = CARTESIAN_POINT('',(-1.367462538597,-1.26555607767));
#742 = CARTESIAN_POINT('',(-1.382033137511,-1.228280582035));
#743 = CARTESIAN_POINT('',(-1.396852520363,-1.193988555931));
#744 = CARTESIAN_POINT('',(-1.437161234244,-1.110670084384));
#745 = CARTESIAN_POINT('',(-1.463130396599,-1.067283650287));
#746 = CARTESIAN_POINT('',(-1.489645376527,-1.033899537621));
#747 = CARTESIAN_POINT('',(-1.516538052072,-1.011324501427));
#748 = CARTESIAN_POINT('',(-1.543643601267,-1.));
#749 = CARTESIAN_POINT('',(-1.589268253462,-1.));
#750 = CARTESIAN_POINT('',(-1.607731848315,-1.005241142079));
#751 = CARTESIAN_POINT('',(-1.626127944848,-1.015713983186));
#752 = CARTESIAN_POINT('',(-1.644397967269,-1.03131857895));
#753 = CARTESIAN_POINT('',(-1.662482889575,-1.051862892491));
#754 = CARTESIAN_POINT('',(-1.704579390362,-1.111324889706));
#755 = CARTESIAN_POINT('',(-1.728356298616,-1.154156610865));
#756 = CARTESIAN_POINT('',(-1.751599837798,-1.204938600394));
#757 = CARTESIAN_POINT('',(-1.774256671278,-1.262988762503));
#758 = CARTESIAN_POINT('',(-1.796272801696,-1.327551534463));
#759 = CARTESIAN_POINT('',(-1.870673082003,-1.57265375553));
#760 = CARTESIAN_POINT('',(-1.919511102237,-1.782921555314));
#761 = CARTESIAN_POINT('',(-1.964301576148,-2.019335764243));
#762 = CARTESIAN_POINT('',(-2.005239818736,-2.275936616235));
#763 = CARTESIAN_POINT('',(-2.042503276252,-2.549202980409));
#764 = CARTESIAN_POINT('',(-2.076156991998,-2.837723667988));
#765 = ( GEOMETRIC_REPRESENTATION_CONTEXT(2) 
PARAMETRIC_REPRESENTATION_CONTEXT() REPRESENTATION_CONTEXT('2D SPACE',''
  ) );
#766 = PCURVE('',#333,#767);
#767 = DEFINITIONAL_REPRESENTATION('',(#768),#801);
#768 = B_SPLINE_CURVE_WITH_KNOTS('',6,(#769,#770,#771,#772,#773,#774,
    #775,#776,#777,#778,#779,#780,#781,#782,#783,#784,#785,#786,#787,
    #788,#789,#790,#791,#792,#793,#794,#795,#796,#797,#798,#799,#800),
  .UNSPECIFIED.,.F.,.F.,(7,5,5,5,5,5,7),(0.,0.295897812745,
    0.372176601422,0.500085706812,0.587101929638,0.705423217315,1.),
  .UNSPECIFIED.);
#769 = CARTESIAN_POINT('',(-2.255515186869,5.999999999062E-07));
#770 = CARTESIAN_POINT('',(-2.330324758399,-0.13088887727));
#771 = CARTESIAN_POINT('',(-2.406647271339,-0.266285333378));
#772 = CARTESIAN_POINT('',(-2.485279268558,-0.402294133174));
#773 = CARTESIAN_POINT('',(-2.566941237233,-0.534406878723));
#774 = CARTESIAN_POINT('',(-2.652328917554,-0.656427548877));
#775 = CARTESIAN_POINT('',(-2.765458691701,-0.786976532337));
#776 = CARTESIAN_POINT('',(-2.788938699849,-0.81251118831));
#777 = CARTESIAN_POINT('',(-2.812704289233,-0.836661186979));
#778 = CARTESIAN_POINT('',(-2.836749101496,-0.859266975747));
#779 = CARTESIAN_POINT('',(-2.861068415637,-0.88017388676));
#780 = CARTESIAN_POINT('',(-2.926894122126,-0.931194386346));
#781 = CARTESIAN_POINT('',(-2.968969062734,-0.95802095131));
#782 = CARTESIAN_POINT('',(-3.01166115363,-0.978812804035));
#783 = CARTESIAN_POINT('',(-3.054779423593,-0.992922182626));
#784 = CARTESIAN_POINT('',(-3.098148292745,-1.));
#785 = CARTESIAN_POINT('',(-3.171147736258,-1.));
#786 = CARTESIAN_POINT('',(-3.200689495183,-0.996724400077));
#787 = CARTESIAN_POINT('',(-3.230151550761,-0.99017857482));
#788 = CARTESIAN_POINT('',(-3.259468416276,-0.98044167096));
#789 = CARTESIAN_POINT('',(-3.288571974332,-0.967663975732));
#790 = CARTESIAN_POINT('',(-3.356570804759,-0.930852430639));
#791 = CARTESIAN_POINT('',(-3.395179740193,-0.904445694579));
#792 = CARTESIAN_POINT('',(-3.433186838489,-0.873329711329));
#793 = CARTESIAN_POINT('',(-3.470556110538,-0.838064419467));
#794 = CARTESIAN_POINT('',(-3.507240448017,-0.799267763681));
#795 = CARTESIAN_POINT('',(-3.632651372928,-0.653860384189));
#796 = CARTESIAN_POINT('',(-3.717618208692,-0.532182766447));
#797 = CARTESIAN_POINT('',(-3.798898163829,-0.400577732845));
#798 = CARTESIAN_POINT('',(-3.877179409704,-0.265147593869));
#799 = CARTESIAN_POINT('',(-3.953174419968,-0.130339717119));
#800 = CARTESIAN_POINT('',(-4.027670120311,5.999999999062E-07));
#801 = ( GEOMETRIC_REPRESENTATION_CONTEXT(2) 
PARAMETRIC_REPRESENTATION_CONTEXT() REPRESENTATION_CONTEXT('2D SPACE',''
  ) );
#802 = ORIENTED_EDGE('',*,*,#803,.T.);
#803 = EDGE_CURVE('',#694,#451,#804,.T.);
#804 = SURFACE_CURVE('',#805,(#809,#815),.PCURVE_S1.);
#805 = LINE('',#806,#807);
#806 = CARTESIAN_POINT('',(-6.,3.872983346207,7.));
#807 = VECTOR('',#808,1.);
#808 = DIRECTION('',(-1.,-0.,-0.));
#809 = PCURVE('',#33,#810);
#810 = DEFINITIONAL_REPRESENTATION('',(#811),#814);
#811 = B_SPLINE_CURVE_WITH_KNOTS('',1,(#812,#813),.UNSPECIFIED.,.F.,.F.,
  (2,2),(-12.0000006,5.999999999062E-07),.PIECEWISE_BEZIER_KNOTS.);
#812 = CARTESIAN_POINT('',(-1.065435816511,-12.0000006));
#813 = CARTESIAN_POINT('',(-1.065435816511,5.999999999062E-07));
#814 = ( GEOMETRIC_REPRESENTATION_CONTEXT(2) 
PARAMETRIC_REPRESENTATION_CONTEXT() REPRESENTATION_CONTEXT('2D SPACE',''
  ) );
#815 = PCURVE('',#278,#816);
#816 = DEFINITIONAL_REPRESENTATION('',(#817),#820);
#817 = B_SPLINE_CURVE_WITH_KNOTS('',1,(#818,#819),.UNSPECIFIED.,.F.,.F.,
  (2,2),(-12.0000006,5.999999999062E-07),.PIECEWISE_BEZIER_KNOTS.);
#818 = CARTESIAN_POINT('',(6.0000006,3.872983346207));
#819 = CARTESIAN_POINT('',(-6.0000006,3.872983346207));
#820 = ( GEOMETRIC_REPRESENTATION_CONTEXT(2) 
PARAMETRIC_REPRESENTATION_CONTEXT() REPRESENTATION_CONTEXT('2D SPACE',''
  ) );
#821 = ADVANCED_FACE('',(#822,#826),#45,.F.);
#822 = FACE_BOUND('',#823,.F.);
#823 = EDGE_LOOP('',(#824,#825));
#824 = ORIENTED_EDGE('',*,*,#21,.T.);
#825 = ORIENTED_EDGE('',*,*,#132,.T.);
#826 = FACE_BOUND('',#827,.F.);
#827 = EDGE_LOOP('',(#828));
#828 = ORIENTED_EDGE('',*,*,#829,.T.);
#829 = EDGE_CURVE('',#830,#830,#832,.T.);
#830 = VERTEX_POINT('',#831);
#831 = CARTESIAN_POINT('',(-6.,2.6,0.));
#832 = SURFACE_CURVE('',#833,(#838,#849),.PCURVE_S1.);
#833 = CIRCLE('',#834,2.6);
#834 = AXIS2_PLACEMENT_3D('',#835,#836,#837);
#835 = CARTESIAN_POINT('',(-6.,0.,0.));
#836 = DIRECTION('',(-1.,0.,0.));
#837 = DIRECTION('',(0.,1.,0.));
#838 = PCURVE('',#45,#839);
#839 = DEFINITIONAL_REPRESENTATION('',(#840),#848);
#840 = ( BOUNDED_CURVE() B_SPLINE_CURVE(2,(#841,#842,#843,#844,#845,#846
,#847),.UNSPECIFIED.,.T.,.F.) B_SPLINE_CURVE_WITH_KNOTS((1,2,2,2,2,1),(
    -2.094395102393,0.,2.094395102393,4.188790204786,6.28318530718,
8.377580409573),.UNSPECIFIED.) CURVE() GEOMETRIC_REPRESENTATION_ITEM() 
RATIONAL_B_SPLINE_CURVE((1.,0.5,1.,0.5,1.,0.5,1.)) REPRESENTATION_ITEM(
  '') );
#841 = CARTESIAN_POINT('',(-6.990076196319E-16,-2.6));
#842 = CARTESIAN_POINT('',(-4.503332099679,-2.6));
#843 = CARTESIAN_POINT('',(-2.25166604984,1.3));
#844 = CARTESIAN_POINT('',(-1.335823955189E-15,5.2));
#845 = CARTESIAN_POINT('',(2.25166604984,1.3));
#846 = CARTESIAN_POINT('',(4.503332099679,-2.6));
#847 = CARTESIAN_POINT('',(-6.990076196319E-16,-2.6));
#848 = ( GEOMETRIC_REPRESENTATION_CONTEXT(2) 
PARAMETRIC_REPRESENTATION_CONTEXT() REPRESENTATION_CONTEXT('2D SPACE',''
  ) );
#849 = PCURVE('',#850,#855);
#850 = CYLINDRICAL_SURFACE('',#851,2.6);
#851 = AXIS2_PLACEMENT_3D('',#852,#853,#854);
#852 = CARTESIAN_POINT('',(-7.,0.,0.));
#853 = DIRECTION('',(-1.,-0.,-0.));
#854 = DIRECTION('',(0.,1.,0.));
#855 = DEFINITIONAL_REPRESENTATION('',(#856),#860);
#856 = LINE('',#857,#858);
#857 = CARTESIAN_POINT('',(-6.28318530718,-1.));
#858 = VECTOR('',#859,1.);
#859 = DIRECTION('',(1.,-0.));
#860 = ( GEOMETRIC_REPRESENTATION_CONTEXT(2) 
PARAMETRIC_REPRESENTATION_CONTEXT() REPRESENTATION_CONTEXT('2D SPACE',''
  ) );
#861 = ADVANCED_FACE('',(#862,#866),#97,.T.);
#862 = FACE_BOUND('',#863,.T.);
#863 = EDGE_LOOP('',(#864,#865));
#864 = ORIENTED_EDGE('',*,*,#80,.T.);
#865 = ORIENTED_EDGE('',*,*,#109,.T.);
#866 = FACE_BOUND('',#867,.T.);
#867 = EDGE_LOOP('',(#868));
#868 = ORIENTED_EDGE('',*,*,#869,.T.);
#869 = EDGE_CURVE('',#870,#870,#872,.T.);
#870 = VERTEX_POINT('',#871);
#871 = CARTESIAN_POINT('',(6.,2.6,0.));
#872 = SURFACE_CURVE('',#873,(#878,#889),.PCURVE_S1.);
#873 = CIRCLE('',#874,2.6);
#874 = AXIS2_PLACEMENT_3D('',#875,#876,#877);
#875 = CARTESIAN_POINT('',(6.,0.,0.));
#876 = DIRECTION('',(-1.,0.,0.));
#877 = DIRECTION('',(0.,1.,0.));
#878 = PCURVE('',#97,#879);
#879 = DEFINITIONAL_REPRESENTATION('',(#880),#888);
#880 = ( BOUNDED_CURVE() B_SPLINE_CURVE(2,(#881,#882,#883,#884,#885,#886
,#887),.UNSPECIFIED.,.T.,.F.) B_SPLINE_CURVE_WITH_KNOTS((1,2,2,2,2,1),(
    -2.094395102393,0.,2.094395102393,4.188790204786,6.28318530718,
8.377580409573),.UNSPECIFIED.) CURVE() GEOMETRIC_REPRESENTATION_ITEM() 
RATIONAL_B_SPLINE_CURVE((1.,0.5,1.,0.5,1.,0.5,1.)) REPRESENTATION_ITEM(
  '') );
#881 = CARTESIAN_POINT('',(-6.990076196319E-16,-2.6));
#882 = CARTESIAN_POINT('',(-4.503332099679,-2.6));
#883 = CARTESIAN_POINT('',(-2.25166604984,1.3));
#884 = CARTESIAN_POINT('',(-1.335823955189E-15,5.2));
#885 = CARTESIAN_POINT('',(2.25166604984,1.3));
#886 = CARTESIAN_POINT('',(4.503332099679,-2.6));
#887 = CARTESIAN_POINT('',(-6.990076196319E-16,-2.6));
#888 = ( GEOMETRIC_REPRESENTATION_CONTEXT(2) 
PARAMETRIC_REPRESENTATION_CONTEXT() REPRESENTATION_CONTEXT('2D SPACE',''
  ) );
#889 = PCURVE('',#850,#890);
#890 = DEFINITIONAL_REPRESENTATION('',(#891),#895);
#891 = LINE('',#892,#893);
#892 = CARTESIAN_POINT('',(-6.28318530718,-13.));
#893 = VECTOR('',#894,1.);
#894 = DIRECTION('',(1.,-0.));
#895 = ( GEOMETRIC_REPRESENTATION_CONTEXT(2) 
PARAMETRIC_REPRESENTATION_CONTEXT() REPRESENTATION_CONTEXT('2D SPACE',''
  ) );
#896 = ADVANCED_FACE('',(#897),#192,.T.);
#897 = FACE_BOUND('',#898,.F.);
#898 = EDGE_LOOP('',(#899,#900,#923,#980,#1009,#1119,#1229,#1258,#1306,
    #1307,#1308,#1330,#1331,#1332));
#899 = ORIENTED_EDGE('',*,*,#213,.F.);
#900 = ORIENTED_EDGE('',*,*,#901,.T.);
#901 = EDGE_CURVE('',#81,#902,#904,.T.);
#902 = VERTEX_POINT('',#903);
#903 = CARTESIAN_POINT('',(6.,-4.287501758289E-15,109.88039563481));
#904 = SEAM_CURVE('',#905,(#909,#916),.PCURVE_S1.);
#905 = LINE('',#906,#907);
#906 = CARTESIAN_POINT('',(6.,0.,7.));
#907 = VECTOR('',#908,1.);
#908 = DIRECTION('',(0.,0.,1.));
#909 = PCURVE('',#192,#910);
#910 = DEFINITIONAL_REPRESENTATION('',(#911),#915);
#911 = LINE('',#912,#913);
#912 = CARTESIAN_POINT('',(-6.28318530718,0.));
#913 = VECTOR('',#914,1.);
#914 = DIRECTION('',(-0.,-1.));
#915 = ( GEOMETRIC_REPRESENTATION_CONTEXT(2) 
PARAMETRIC_REPRESENTATION_CONTEXT() REPRESENTATION_CONTEXT('2D SPACE',''
  ) );
#916 = PCURVE('',#192,#917);
#917 = DEFINITIONAL_REPRESENTATION('',(#918),#922);
#918 = LINE('',#919,#920);
#919 = CARTESIAN_POINT('',(-0.,0.));
#920 = VECTOR('',#921,1.);
#921 = DIRECTION('',(-0.,-1.));
#922 = ( GEOMETRIC_REPRESENTATION_CONTEXT(2) 
PARAMETRIC_REPRESENTATION_CONTEXT() REPRESENTATION_CONTEXT('2D SPACE',''
  ) );
#923 = ORIENTED_EDGE('',*,*,#924,.T.);
#924 = EDGE_CURVE('',#925,#927,#929,.T.);
#925 = VERTEX_POINT('',#926);
#926 = CARTESIAN_POINT('',(6.,-4.287501758289E-15,109.88039563481));
#927 = VERTEX_POINT('',#928);
#928 = CARTESIAN_POINT('',(4.582575694956,3.872983346207,110.88039563481
    ));
#929 = SURFACE_CURVE('',#930,(#943,#959),.PCURVE_S1.);
#930 = B_SPLINE_CURVE_WITH_KNOTS('',6,(#931,#932,#933,#934,#935,#936,
    #937,#938,#939,#940,#941,#942),.UNSPECIFIED.,.F.,.F.,(7,5,7),(0.,
    0.476378424989,1.),.UNSPECIFIED.);
#931 = CARTESIAN_POINT('',(6.,-1.469576158977E-15,109.88039563481));
#932 = CARTESIAN_POINT('',(6.,0.379429325771,109.88039563481));
#933 = CARTESIAN_POINT('',(5.9712062016,0.755304355585,109.90199127693)
  );
#934 = CARTESIAN_POINT('',(5.914632941836,1.122724816893,109.94441995823
    ));
#935 = CARTESIAN_POINT('',(5.832710197859,1.476932059169,110.00552495903
    ));
#936 = CARTESIAN_POINT('',(5.729284461006,1.813487683221,110.08180732247
    ));
#937 = CARTESIAN_POINT('',(5.478484642578,2.474522039418,110.26425001559
    ));
#938 = CARTESIAN_POINT('',(5.326729809899,2.797232170067,110.37337963206
    ));
#939 = CARTESIAN_POINT('',(5.158633186971,3.097206346911,110.49232538524
    ));
#940 = CARTESIAN_POINT('',(4.977255107667,3.375588240222,110.61801205318
    ));
#941 = CARTESIAN_POINT('',(4.784780332011,3.633731707983,110.74802164205
    ));
#942 = CARTESIAN_POINT('',(4.582574778441,3.872984430643,110.88039623481
    ));
#943 = PCURVE('',#192,#944);
#944 = DEFINITIONAL_REPRESENTATION('',(#945),#958);
#945 = B_SPLINE_CURVE_WITH_KNOTS('',6,(#946,#947,#948,#949,#950,#951,
    #952,#953,#954,#955,#956,#957),.UNSPECIFIED.,.F.,.F.,(7,5,7),(0.,
    0.476378424989,1.),.UNSPECIFIED.);
#946 = CARTESIAN_POINT('',(0.,-102.8803956348));
#947 = CARTESIAN_POINT('',(-6.323822096191E-02,-102.8803956348));
#948 = CARTESIAN_POINT('',(-0.125884054079,-102.9019912769));
#949 = CARTESIAN_POINT('',(-0.187576062269,-102.9444199582));
#950 = CARTESIAN_POINT('',(-0.247933297187,-103.005524959));
#951 = CARTESIAN_POINT('',(-0.306492821279,-103.0818073224));
#952 = CARTESIAN_POINT('',(-0.42432827258,-103.2642500155));
#953 = CARTESIAN_POINT('',(-0.483587666387,-103.373379632));
#954 = CARTESIAN_POINT('',(-0.540692710237,-103.4923253852));
#955 = CARTESIAN_POINT('',(-0.59589801782,-103.6180120531));
#956 = CARTESIAN_POINT('',(-0.649465125617,-103.748021642));
#957 = CARTESIAN_POINT('',(-0.701674360431,-103.8803962348));
#958 = ( GEOMETRIC_REPRESENTATION_CONTEXT(2) 
PARAMETRIC_REPRESENTATION_CONTEXT() REPRESENTATION_CONTEXT('2D SPACE',''
  ) );
#959 = PCURVE('',#960,#965);
#960 = CYLINDRICAL_SURFACE('',#961,8.);
#961 = AXIS2_PLACEMENT_3D('',#962,#963,#964);
#962 = CARTESIAN_POINT('',(-6.,0.,117.88039563481));
#963 = DIRECTION('',(-1.,-0.,-0.));
#964 = DIRECTION('',(0.,1.,0.));
#965 = DEFINITIONAL_REPRESENTATION('',(#966),#979);
#966 = B_SPLINE_CURVE_WITH_KNOTS('',6,(#967,#968,#969,#970,#971,#972,
    #973,#974,#975,#976,#977,#978),.UNSPECIFIED.,.F.,.F.,(7,5,7),(0.,
    0.476378424989,1.),.UNSPECIFIED.);
#967 = CARTESIAN_POINT('',(-4.712388980385,-12.));
#968 = CARTESIAN_POINT('',(-4.759817646106,-12.));
#969 = CARTESIAN_POINT('',(-4.806802091586,-11.9712062016));
#970 = CARTESIAN_POINT('',(-4.852921412816,-11.91463294183));
#971 = CARTESIAN_POINT('',(-4.897756078011,-11.83271019785));
#972 = CARTESIAN_POINT('',(-4.940846218248,-11.729284461));
#973 = CARTESIAN_POINT('',(-5.026564849203,-11.47848464257));
#974 = CARTESIAN_POINT('',(-5.069079016117,-11.32672980989));
#975 = CARTESIAN_POINT('',(-5.109342808579,-11.15863318697));
#976 = CARTESIAN_POINT('',(-5.147468660116,-10.97725510766));
#977 = CARTESIAN_POINT('',(-5.183570682279,-10.78478033201));
#978 = CARTESIAN_POINT('',(-5.217749645588,-10.58257477844));
#979 = ( GEOMETRIC_REPRESENTATION_CONTEXT(2) 
PARAMETRIC_REPRESENTATION_CONTEXT() REPRESENTATION_CONTEXT('2D SPACE',''
  ) );
#980 = ORIENTED_EDGE('',*,*,#981,.T.);
#981 = EDGE_CURVE('',#927,#982,#984,.T.);
#982 = VERTEX_POINT('',#983);
#983 = CARTESIAN_POINT('',(-4.582575694956,3.872983346207,
    110.88039563481));
#984 = SURFACE_CURVE('',#985,(#990,#997),.PCURVE_S1.);
#985 = CIRCLE('',#986,6.);
#986 = AXIS2_PLACEMENT_3D('',#987,#988,#989);
#987 = CARTESIAN_POINT('',(0.,0.,110.88039563481));
#988 = DIRECTION('',(0.,0.,1.));
#989 = DIRECTION('',(1.,0.,0.));
#990 = PCURVE('',#192,#991);
#991 = DEFINITIONAL_REPRESENTATION('',(#992),#996);
#992 = LINE('',#993,#994);
#993 = CARTESIAN_POINT('',(-0.,-103.8803956348));
#994 = VECTOR('',#995,1.);
#995 = DIRECTION('',(-1.,0.));
#996 = ( GEOMETRIC_REPRESENTATION_CONTEXT(2) 
PARAMETRIC_REPRESENTATION_CONTEXT() REPRESENTATION_CONTEXT('2D SPACE',''
  ) );
#997 = PCURVE('',#998,#1003);
#998 = PLANE('',#999);
#999 = AXIS2_PLACEMENT_3D('',#1000,#1001,#1002);
#1000 = CARTESIAN_POINT('',(-3.418600331349E-16,-1.70226710729E-17,
    110.88039563481));
#1001 = DIRECTION('',(0.,0.,1.));
#1002 = DIRECTION('',(1.,0.,-0.));
#1003 = DEFINITIONAL_REPRESENTATION('',(#1004),#1008);
#1004 = CIRCLE('',#1005,6.);
#1005 = AXIS2_PLACEMENT_2D('',#1006,#1007);
#1006 = CARTESIAN_POINT('',(3.418600331349E-16,1.70226710729E-17));
#1007 = DIRECTION('',(1.,0.));
#1008 = ( GEOMETRIC_REPRESENTATION_CONTEXT(2) 
PARAMETRIC_REPRESENTATION_CONTEXT() REPRESENTATION_CONTEXT('2D SPACE',''
  ) );
#1009 = ORIENTED_EDGE('',*,*,#1010,.T.);
#1010 = EDGE_CURVE('',#982,#1011,#1013,.T.);
#1011 = VERTEX_POINT('',#1012);
#1012 = CARTESIAN_POINT('',(-6.,-1.469576158977E-15,109.88039563481));
#1013 = SURFACE_CURVE('',#1014,(#1047,#1083),.PCURVE_S1.);
#1014 = B_SPLINE_CURVE_WITH_KNOTS('',6,(#1015,#1016,#1017,#1018,#1019,
    #1020,#1021,#1022,#1023,#1024,#1025,#1026,#1027,#1028,#1029,#1030,
    #1031,#1032,#1033,#1034,#1035,#1036,#1037,#1038,#1039,#1040,#1041,
    #1042,#1043,#1044,#1045,#1046),.UNSPECIFIED.,.F.,.F.,(7,5,5,5,5,5,7)
  ,(0.,0.263226897233,0.350464870605,0.503860031451,0.59868500844,
    0.736252067326,1.),.UNSPECIFIED.);
#1015 = CARTESIAN_POINT('',(-4.582574778441,3.872984430643,
    110.88039623481));
#1016 = CARTESIAN_POINT('',(-4.78607991341,3.632194023273,
    110.74717086642));
#1017 = CARTESIAN_POINT('',(-4.979734248662,3.372262797442,
    110.61633742259));
#1018 = CARTESIAN_POINT('',(-5.162140208996,3.091819965896,
    110.48989479221));
#1019 = CARTESIAN_POINT('',(-5.331061943213,2.789489490053,
    110.37031348262));
#1020 = CARTESIAN_POINT('',(-5.483367066508,2.464113173215,
    110.26073813975));
#1021 = CARTESIAN_POINT('',(-5.658450295948,1.999306411016,
    110.13332093988));
#1022 = CARTESIAN_POINT('',(-5.699730024556,1.881044860615,
    110.10314031195));
#1023 = CARTESIAN_POINT('',(-5.738519789041,1.760304306501,
    110.07466342707));
#1024 = CARTESIAN_POINT('',(-5.774637953219,1.637174287421,
    110.04805216499));
#1025 = CARTESIAN_POINT('',(-5.807909091196,1.511751375307,
    110.02346269732));
#1026 = CARTESIAN_POINT('',(-5.891362777831,1.159751867866,
    109.96162811721));
#1027 = CARTESIAN_POINT('',(-5.935328533422,0.928203769135,
    109.92885752144));
#1028 = CARTESIAN_POINT('',(-5.96880652576,0.691159052461,
    109.90379431972));
#1029 = CARTESIAN_POINT('',(-5.990957071317,0.450341313703,
    109.88717765037));
#1030 = CARTESIAN_POINT('',(-6.00133558742,0.207509735871,
    109.87939395225));
#1031 = CARTESIAN_POINT('',(-5.999003773558,-0.185833327181,
    109.8811427992));
#1032 = CARTESIAN_POINT('',(-5.993597635231,-0.33595280713,
    109.8851972668));
#1033 = CARTESIAN_POINT('',(-5.983692529734,-0.485465910983,
    109.89262507644));
#1034 = CARTESIAN_POINT('',(-5.969370894646,-0.633914850739,
    109.9033546218));
#1035 = CARTESIAN_POINT('',(-5.950782039733,-0.780845596913,
    109.91725683095));
#1036 = CARTESIAN_POINT('',(-5.895299366211,-1.136112663658,
    109.95864858764));
#1037 = CARTESIAN_POINT('',(-5.853972059322,-1.342014561716,
    109.98940767153));
#1038 = CARTESIAN_POINT('',(-5.80474731938,-1.542908701848,
    110.02591564241));
#1039 = CARTESIAN_POINT('',(-5.748285800443,-1.738231128098,
    110.06758367598));
#1040 = CARTESIAN_POINT('',(-5.685329378712,-1.927460012413,
    110.11375183203));
#1041 = CARTESIAN_POINT('',(-5.485144933846,-2.460310987452,
    110.25945894089));
#1042 = CARTESIAN_POINT('',(-5.332640785916,-2.786662036971,
    110.36919569722));
#1043 = CARTESIAN_POINT('',(-5.163419019736,-3.089853515349,
    110.4890082843));
#1044 = CARTESIAN_POINT('',(-4.980638636469,-3.371048979445,
    110.61572642713));
#1045 = CARTESIAN_POINT('',(-4.786554246913,-3.631632784571,
    110.74686034228));
#1046 = CARTESIAN_POINT('',(-4.582574778441,-3.872984430643,
    110.88039623481));
#1047 = PCURVE('',#192,#1048);
#1048 = DEFINITIONAL_REPRESENTATION('',(#1049),#1082);
#1049 = B_SPLINE_CURVE_WITH_KNOTS('',6,(#1050,#1051,#1052,#1053,#1054,
    #1055,#1056,#1057,#1058,#1059,#1060,#1061,#1062,#1063,#1064,#1065,
    #1066,#1067,#1068,#1069,#1070,#1071,#1072,#1073,#1074,#1075,#1076,
    #1077,#1078,#1079,#1080,#1081),.UNSPECIFIED.,.F.,.F.,(7,5,5,5,5,5,7)
  ,(0.,0.263226897233,0.350464870605,0.503860031451,0.59868500844,
    0.736252067326,1.),.UNSPECIFIED.);
#1050 = CARTESIAN_POINT('',(-2.439918293159,-103.8803962348));
#1051 = CARTESIAN_POINT('',(-2.492463078353,-103.7471708664));
#1052 = CARTESIAN_POINT('',(-2.546384660078,-103.6163374225));
#1053 = CARTESIAN_POINT('',(-2.601967851107,-103.4898947922));
#1054 = CARTESIAN_POINT('',(-2.659478352692,-103.3703134826));
#1055 = CARTESIAN_POINT('',(-2.719174857948,-103.2607381397));
#1056 = CARTESIAN_POINT('',(-2.801956274176,-103.1333209398));
#1057 = CARTESIAN_POINT('',(-2.822826537362,-103.1031403119));
#1058 = CARTESIAN_POINT('',(-2.843952937995,-103.074663427));
#1059 = CARTESIAN_POINT('',(-2.865328576493,-103.0480521649));
#1060 = CARTESIAN_POINT('',(-2.886947768415,-103.0234626973));
#1061 = CARTESIAN_POINT('',(-2.947240611884,-102.9616281172));
#1062 = CARTESIAN_POINT('',(-2.98648145876,-102.9288575214));
#1063 = CARTESIAN_POINT('',(-3.026312659249,-102.9037943197));
#1064 = CARTESIAN_POINT('',(-3.066546056042,-102.8871776503));
#1065 = CARTESIAN_POINT('',(-3.107007020455,-102.8793939522));
#1066 = CARTESIAN_POINT('',(-3.172565349573,-102.8811427992));
#1067 = CARTESIAN_POINT('',(-3.19759016459,-102.8851972668));
#1068 = CARTESIAN_POINT('',(-3.222546639909,-102.8926250764));
#1069 = CARTESIAN_POINT('',(-3.247386447226,-102.9033546218));
#1070 = CARTESIAN_POINT('',(-3.272059675404,-102.9172568309));
#1071 = CARTESIAN_POINT('',(-3.33198857211,-102.9586485876));
#1072 = CARTESIAN_POINT('',(-3.366957390409,-102.9894076715));
#1073 = CARTESIAN_POINT('',(-3.401384997909,-103.0259156424));
#1074 = CARTESIAN_POINT('',(-3.435230520462,-103.0675836759));
#1075 = CARTESIAN_POINT('',(-3.468444089725,-103.113751832));
#1076 = CARTESIAN_POINT('',(-3.563313001265,-103.2594589408));
#1077 = CARTESIAN_POINT('',(-3.623169188939,-103.3691956972));
#1078 = CARTESIAN_POINT('',(-3.680827734987,-103.4890082843));
#1079 = CARTESIAN_POINT('',(-3.736548837908,-103.6157264271));
#1080 = CARTESIAN_POINT('',(-3.790599756476,-103.7468603422));
#1081 = CARTESIAN_POINT('',(-3.843267014021,-103.8803962348));
#1082 = ( GEOMETRIC_REPRESENTATION_CONTEXT(2) 
PARAMETRIC_REPRESENTATION_CONTEXT() REPRESENTATION_CONTEXT('2D SPACE',''
  ) );
#1083 = PCURVE('',#960,#1084);
#1084 = DEFINITIONAL_REPRESENTATION('',(#1085),#1118);
#1085 = B_SPLINE_CURVE_WITH_KNOTS('',6,(#1086,#1087,#1088,#1089,#1090,
    #1091,#1092,#1093,#1094,#1095,#1096,#1097,#1098,#1099,#1100,#1101,
    #1102,#1103,#1104,#1105,#1106,#1107,#1108,#1109,#1110,#1111,#1112,
    #1113,#1114,#1115,#1116,#1117),.UNSPECIFIED.,.F.,.F.,(7,5,5,5,5,5,7)
  ,(0.,0.263226897233,0.350464870605,0.503860031451,0.59868500844,
    0.736252067326,1.),.UNSPECIFIED.);
#1086 = CARTESIAN_POINT('',(-5.217749645588,-1.417425221559));
#1087 = CARTESIAN_POINT('',(-5.183351013015,-1.21392008659));
#1088 = CARTESIAN_POINT('',(-5.147003598824,-1.020265751338));
#1089 = CARTESIAN_POINT('',(-5.108605190608,-0.837859791004));
#1090 = CARTESIAN_POINT('',(-5.068039963025,-0.668938056787));
#1091 = CARTESIAN_POINT('',(-5.02519390939,-0.516632933492));
#1092 = CARTESIAN_POINT('',(-4.964949554233,-0.341549704052));
#1093 = CARTESIAN_POINT('',(-4.949695462012,-0.300269975444));
#1094 = CARTESIAN_POINT('',(-4.934192738104,-0.261480210959));
#1095 = CARTESIAN_POINT('',(-4.918450423212,-0.225362046781));
#1096 = CARTESIAN_POINT('',(-4.90247720741,-0.192090908804));
#1097 = CARTESIAN_POINT('',(-4.85780353498,-0.108637222169));
#1098 = CARTESIAN_POINT('',(-4.828587786996,-6.467146657782E-02));
#1099 = CARTESIAN_POINT('',(-4.798820466021,-3.119347424034E-02));
#1100 = CARTESIAN_POINT('',(-4.768677309883,-9.042928683078E-03));
#1101 = CARTESIAN_POINT('',(-4.738327983041,1.33558742049E-03));
#1102 = CARTESIAN_POINT('',(-4.689159614189,-9.9622644178E-04));
#1103 = CARTESIAN_POINT('',(-4.670392613387,-6.402364769053E-03));
#1104 = CARTESIAN_POINT('',(-4.65168759878,-1.630747026635E-02));
#1105 = CARTESIAN_POINT('',(-4.633090022526,-3.062910535425E-02));
#1106 = CARTESIAN_POINT('',(-4.614645972046,-4.921796026729E-02));
#1107 = CARTESIAN_POINT('',(-4.569937198047,-0.104700633789));
#1108 = CARTESIAN_POINT('',(-4.543927449788,-0.146027940678));
#1109 = CARTESIAN_POINT('',(-4.518422880886,-0.19525268062));
#1110 = CARTESIAN_POINT('',(-4.493474542843,-0.251714199557));
#1111 = CARTESIAN_POINT('',(-4.469136371789,-0.314670621288));
#1112 = CARTESIAN_POINT('',(-4.400084678837,-0.514855066154));
#1113 = CARTESIAN_POINT('',(-4.357117342131,-0.667359214084));
#1114 = CARTESIAN_POINT('',(-4.316442011444,-0.836580980264));
#1115 = CARTESIAN_POINT('',(-4.277944097931,-1.019361363531));
#1116 = CARTESIAN_POINT('',(-4.241507124718,-1.213445753087));
#1117 = CARTESIAN_POINT('',(-4.207028315181,-1.417425221559));
#1118 = ( GEOMETRIC_REPRESENTATION_CONTEXT(2) 
PARAMETRIC_REPRESENTATION_CONTEXT() REPRESENTATION_CONTEXT('2D SPACE',''
  ) );
#1119 = ORIENTED_EDGE('',*,*,#1120,.T.);
#1120 = EDGE_CURVE('',#1011,#1121,#1123,.T.);
#1121 = VERTEX_POINT('',#1122);
#1122 = CARTESIAN_POINT('',(-4.582575694956,-3.872983346207,
    110.88039563481));
#1123 = SURFACE_CURVE('',#1124,(#1157,#1193),.PCURVE_S1.);
#1124 = B_SPLINE_CURVE_WITH_KNOTS('',6,(#1125,#1126,#1127,#1128,#1129,
    #1130,#1131,#1132,#1133,#1134,#1135,#1136,#1137,#1138,#1139,#1140,
    #1141,#1142,#1143,#1144,#1145,#1146,#1147,#1148,#1149,#1150,#1151,
    #1152,#1153,#1154,#1155,#1156),.UNSPECIFIED.,.F.,.F.,(7,5,5,5,5,5,7)
  ,(0.,0.263226897233,0.350464870605,0.503860031451,0.59868500844,
    0.736252067326,1.),.UNSPECIFIED.);
#1125 = CARTESIAN_POINT('',(-4.582574778441,3.872984430643,
    110.88039623481));
#1126 = CARTESIAN_POINT('',(-4.78607991341,3.632194023273,
    110.74717086642));
#1127 = CARTESIAN_POINT('',(-4.979734248662,3.372262797442,
    110.61633742259));
#1128 = CARTESIAN_POINT('',(-5.162140208996,3.091819965896,
    110.48989479221));
#1129 = CARTESIAN_POINT('',(-5.331061943213,2.789489490053,
    110.37031348262));
#1130 = CARTESIAN_POINT('',(-5.483367066508,2.464113173215,
    110.26073813975));
#1131 = CARTESIAN_POINT('',(-5.658450295948,1.999306411016,
    110.13332093988));
#1132 = CARTESIAN_POINT('',(-5.699730024556,1.881044860615,
    110.10314031195));
#1133 = CARTESIAN_POINT('',(-5.738519789041,1.760304306501,
    110.07466342707));
#1134 = CARTESIAN_POINT('',(-5.774637953219,1.637174287421,
    110.04805216499));
#1135 = CARTESIAN_POINT('',(-5.807909091196,1.511751375307,
    110.02346269732));
#1136 = CARTESIAN_POINT('',(-5.891362777831,1.159751867866,
    109.96162811721));
#1137 = CARTESIAN_POINT('',(-5.935328533422,0.928203769135,
    109.92885752144));
#1138 = CARTESIAN_POINT('',(-5.96880652576,0.691159052461,
    109.90379431972));
#1139 = CARTESIAN_POINT('',(-5.990957071317,0.450341313703,
    109.88717765037));
#1140 = CARTESIAN_POINT('',(-6.00133558742,0.207509735871,
    109.87939395225));
#1141 = CARTESIAN_POINT('',(-5.999003773558,-0.185833327181,
    109.8811427992));
#1142 = CARTESIAN_POINT('',(-5.993597635231,-0.33595280713,
    109.8851972668));
#1143 = CARTESIAN_POINT('',(-5.983692529734,-0.485465910983,
    109.89262507644));
#1144 = CARTESIAN_POINT('',(-5.969370894646,-0.633914850739,
    109.9033546218));
#1145 = CARTESIAN_POINT('',(-5.950782039733,-0.780845596913,
    109.91725683095));
#1146 = CARTESIAN_POINT('',(-5.895299366211,-1.136112663658,
    109.95864858764));
#1147 = CARTESIAN_POINT('',(-5.853972059322,-1.342014561716,
    109.98940767153));
#1148 = CARTESIAN_POINT('',(-5.80474731938,-1.542908701848,
    110.02591564241));
#1149 = CARTESIAN_POINT('',(-5.748285800443,-1.738231128098,
    110.06758367598));
#1150 = CARTESIAN_POINT('',(-5.685329378712,-1.927460012413,
    110.11375183203));
#1151 = CARTESIAN_POINT('',(-5.485144933846,-2.460310987452,
    110.25945894089));
#1152 = CARTESIAN_POINT('',(-5.332640785916,-2.786662036971,
    110.36919569722));
#1153 = CARTESIAN_POINT('',(-5.163419019736,-3.089853515349,
    110.4890082843));
#1154 = CARTESIAN_POINT('',(-4.980638636469,-3.371048979445,
    110.61572642713));
#1155 = CARTESIAN_POINT('',(-4.786554246913,-3.631632784571,
    110.74686034228));
#1156 = CARTESIAN_POINT('',(-4.582574778441,-3.872984430643,
    110.88039623481));
#1157 = PCURVE('',#192,#1158);
#1158 = DEFINITIONAL_REPRESENTATION('',(#1159),#1192);
#1159 = B_SPLINE_CURVE_WITH_KNOTS('',6,(#1160,#1161,#1162,#1163,#1164,
    #1165,#1166,#1167,#1168,#1169,#1170,#1171,#1172,#1173,#1174,#1175,
    #1176,#1177,#1178,#1179,#1180,#1181,#1182,#1183,#1184,#1185,#1186,
    #1187,#1188,#1189,#1190,#1191),.UNSPECIFIED.,.F.,.F.,(7,5,5,5,5,5,7)
  ,(0.,0.263226897233,0.350464870605,0.503860031451,0.59868500844,
    0.736252067326,1.),.UNSPECIFIED.);
#1160 = CARTESIAN_POINT('',(-2.439918293159,-103.8803962348));
#1161 = CARTESIAN_POINT('',(-2.492463078353,-103.7471708664));
#1162 = CARTESIAN_POINT('',(-2.546384660078,-103.6163374225));
#1163 = CARTESIAN_POINT('',(-2.601967851107,-103.4898947922));
#1164 = CARTESIAN_POINT('',(-2.659478352692,-103.3703134826));
#1165 = CARTESIAN_POINT('',(-2.719174857948,-103.2607381397));
#1166 = CARTESIAN_POINT('',(-2.801956274176,-103.1333209398));
#1167 = CARTESIAN_POINT('',(-2.822826537362,-103.1031403119));
#1168 = CARTESIAN_POINT('',(-2.843952937995,-103.074663427));
#1169 = CARTESIAN_POINT('',(-2.865328576493,-103.0480521649));
#1170 = CARTESIAN_POINT('',(-2.886947768415,-103.0234626973));
#1171 = CARTESIAN_POINT('',(-2.947240611884,-102.9616281172));
#1172 = CARTESIAN_POINT('',(-2.98648145876,-102.9288575214));
#1173 = CARTESIAN_POINT('',(-3.026312659249,-102.9037943197));
#1174 = CARTESIAN_POINT('',(-3.066546056042,-102.8871776503));
#1175 = CARTESIAN_POINT('',(-3.107007020455,-102.8793939522));
#1176 = CARTESIAN_POINT('',(-3.172565349573,-102.8811427992));
#1177 = CARTESIAN_POINT('',(-3.19759016459,-102.8851972668));
#1178 = CARTESIAN_POINT('',(-3.222546639909,-102.8926250764));
#1179 = CARTESIAN_POINT('',(-3.247386447226,-102.9033546218));
#1180 = CARTESIAN_POINT('',(-3.272059675404,-102.9172568309));
#1181 = CARTESIAN_POINT('',(-3.33198857211,-102.9586485876));
#1182 = CARTESIAN_POINT('',(-3.366957390409,-102.9894076715));
#1183 = CARTESIAN_POINT('',(-3.401384997909,-103.0259156424));
#1184 = CARTESIAN_POINT('',(-3.435230520462,-103.0675836759));
#1185 = CARTESIAN_POINT('',(-3.468444089725,-103.113751832));
#1186 = CARTESIAN_POINT('',(-3.563313001265,-103.2594589408));
#1187 = CARTESIAN_POINT('',(-3.623169188939,-103.3691956972));
#1188 = CARTESIAN_POINT('',(-3.680827734987,-103.4890082843));
#1189 = CARTESIAN_POINT('',(-3.736548837908,-103.6157264271));
#1190 = CARTESIAN_POINT('',(-3.790599756476,-103.7468603422));
#1191 = CARTESIAN_POINT('',(-3.843267014021,-103.8803962348));
#1192 = ( GEOMETRIC_REPRESENTATION_CONTEXT(2) 
PARAMETRIC_REPRESENTATION_CONTEXT() REPRESENTATION_CONTEXT('2D SPACE',''
  ) );
#1193 = PCURVE('',#960,#1194);
#1194 = DEFINITIONAL_REPRESENTATION('',(#1195),#1228);
#1195 = B_SPLINE_CURVE_WITH_KNOTS('',6,(#1196,#1197,#1198,#1199,#1200,
    #1201,#1202,#1203,#1204,#1205,#1206,#1207,#1208,#1209,#1210,#1211,
    #1212,#1213,#1214,#1215,#1216,#1217,#1218,#1219,#1220,#1221,#1222,
    #1223,#1224,#1225,#1226,#1227),.UNSPECIFIED.,.F.,.F.,(7,5,5,5,5,5,7)
  ,(0.,0.263226897233,0.350464870605,0.503860031451,0.59868500844,
    0.736252067326,1.),.UNSPECIFIED.);
#1196 = CARTESIAN_POINT('',(-5.217749645588,-1.417425221559));
#1197 = CARTESIAN_POINT('',(-5.183351013015,-1.21392008659));
#1198 = CARTESIAN_POINT('',(-5.147003598824,-1.020265751338));
#1199 = CARTESIAN_POINT('',(-5.108605190608,-0.837859791004));
#1200 = CARTESIAN_POINT('',(-5.068039963025,-0.668938056787));
#1201 = CARTESIAN_POINT('',(-5.02519390939,-0.516632933492));
#1202 = CARTESIAN_POINT('',(-4.964949554233,-0.341549704052));
#1203 = CARTESIAN_POINT('',(-4.949695462012,-0.300269975444));
#1204 = CARTESIAN_POINT('',(-4.934192738104,-0.261480210959));
#1205 = CARTESIAN_POINT('',(-4.918450423212,-0.225362046781));
#1206 = CARTESIAN_POINT('',(-4.90247720741,-0.192090908804));
#1207 = CARTESIAN_POINT('',(-4.85780353498,-0.108637222169));
#1208 = CARTESIAN_POINT('',(-4.828587786996,-6.467146657782E-02));
#1209 = CARTESIAN_POINT('',(-4.798820466021,-3.119347424034E-02));
#1210 = CARTESIAN_POINT('',(-4.768677309883,-9.042928683078E-03));
#1211 = CARTESIAN_POINT('',(-4.738327983041,1.33558742049E-03));
#1212 = CARTESIAN_POINT('',(-4.689159614189,-9.9622644178E-04));
#1213 = CARTESIAN_POINT('',(-4.670392613387,-6.402364769053E-03));
#1214 = CARTESIAN_POINT('',(-4.65168759878,-1.630747026635E-02));
#1215 = CARTESIAN_POINT('',(-4.633090022526,-3.062910535425E-02));
#1216 = CARTESIAN_POINT('',(-4.614645972046,-4.921796026729E-02));
#1217 = CARTESIAN_POINT('',(-4.569937198047,-0.104700633789));
#1218 = CARTESIAN_POINT('',(-4.543927449788,-0.146027940678));
#1219 = CARTESIAN_POINT('',(-4.518422880886,-0.19525268062));
#1220 = CARTESIAN_POINT('',(-4.493474542843,-0.251714199557));
#1221 = CARTESIAN_POINT('',(-4.469136371789,-0.314670621288));
#1222 = CARTESIAN_POINT('',(-4.400084678837,-0.514855066154));
#1223 = CARTESIAN_POINT('',(-4.357117342131,-0.667359214084));
#1224 = CARTESIAN_POINT('',(-4.316442011444,-0.836580980264));
#1225 = CARTESIAN_POINT('',(-4.277944097931,-1.019361363531));
#1226 = CARTESIAN_POINT('',(-4.241507124718,-1.213445753087));
#1227 = CARTESIAN_POINT('',(-4.207028315181,-1.417425221559));
#1228 = ( GEOMETRIC_REPRESENTATION_CONTEXT(2) 
PARAMETRIC_REPRESENTATION_CONTEXT() REPRESENTATION_CONTEXT('2D SPACE',''
  ) );
#1229 = ORIENTED_EDGE('',*,*,#1230,.T.);
#1230 = EDGE_CURVE('',#1121,#1231,#1233,.T.);
#1231 = VERTEX_POINT('',#1232);
#1232 = CARTESIAN_POINT('',(4.582575694956,-3.872983346207,
    110.88039563481));
#1233 = SURFACE_CURVE('',#1234,(#1239,#1246),.PCURVE_S1.);
#1234 = CIRCLE('',#1235,6.);
#1235 = AXIS2_PLACEMENT_3D('',#1236,#1237,#1238);
#1236 = CARTESIAN_POINT('',(0.,0.,110.88039563481));
#1237 = DIRECTION('',(0.,0.,1.));
#1238 = DIRECTION('',(1.,0.,0.));
#1239 = PCURVE('',#192,#1240);
#1240 = DEFINITIONAL_REPRESENTATION('',(#1241),#1245);
#1241 = LINE('',#1242,#1243);
#1242 = CARTESIAN_POINT('',(-0.,-103.8803956348));
#1243 = VECTOR('',#1244,1.);
#1244 = DIRECTION('',(-1.,0.));
#1245 = ( GEOMETRIC_REPRESENTATION_CONTEXT(2) 
PARAMETRIC_REPRESENTATION_CONTEXT() REPRESENTATION_CONTEXT('2D SPACE',''
  ) );
#1246 = PCURVE('',#1247,#1252);
#1247 = PLANE('',#1248);
#1248 = AXIS2_PLACEMENT_3D('',#1249,#1250,#1251);
#1249 = CARTESIAN_POINT('',(-3.418600331349E-16,-1.70226710729E-17,
    110.88039563481));
#1250 = DIRECTION('',(0.,0.,1.));
#1251 = DIRECTION('',(1.,0.,-0.));
#1252 = DEFINITIONAL_REPRESENTATION('',(#1253),#1257);
#1253 = CIRCLE('',#1254,6.);
#1254 = AXIS2_PLACEMENT_2D('',#1255,#1256);
#1255 = CARTESIAN_POINT('',(3.418600331349E-16,1.70226710729E-17));
#1256 = DIRECTION('',(1.,0.));
#1257 = ( GEOMETRIC_REPRESENTATION_CONTEXT(2) 
PARAMETRIC_REPRESENTATION_CONTEXT() REPRESENTATION_CONTEXT('2D SPACE',''
  ) );
#1258 = ORIENTED_EDGE('',*,*,#1259,.T.);
#1259 = EDGE_CURVE('',#1231,#925,#1260,.T.);
#1260 = SURFACE_CURVE('',#1261,(#1274,#1290),.PCURVE_S1.);
#1261 = B_SPLINE_CURVE_WITH_KNOTS('',6,(#1262,#1263,#1264,#1265,#1266,
    #1267,#1268,#1269,#1270,#1271,#1272,#1273),.UNSPECIFIED.,.F.,.F.,(7,
    5,7),(0.,0.527013467706,1.),.UNSPECIFIED.);
#1262 = CARTESIAN_POINT('',(4.582574778441,-3.872984430643,
    110.88039623481));
#1263 = CARTESIAN_POINT('',(4.786079913409,-3.632194023273,
    110.74717086642));
#1264 = CARTESIAN_POINT('',(4.979734248662,-3.372262797442,
    110.61633742259));
#1265 = CARTESIAN_POINT('',(5.162140208995,-3.091819965897,
    110.48989479221));
#1266 = CARTESIAN_POINT('',(5.331061943214,-2.789489490052,
    110.37031348262));
#1267 = CARTESIAN_POINT('',(5.483367066507,-2.464113173216,
    110.26073813975));
#1268 = CARTESIAN_POINT('',(5.732888931213,-1.801688505803,
    110.07914806166));
#1269 = CARTESIAN_POINT('',(5.835002815885,-1.466999321856,
    110.00381525981));
#1270 = CARTESIAN_POINT('',(5.915841035855,-1.114930744022,
    109.94351396523));
#1271 = CARTESIAN_POINT('',(5.971628637075,-0.749900285947,
    109.90167441968));
#1272 = CARTESIAN_POINT('',(6.,-0.376635832648,109.88039563481));
#1273 = CARTESIAN_POINT('',(6.,-1.33226762955E-15,109.88039563481));
#1274 = PCURVE('',#192,#1275);
#1275 = DEFINITIONAL_REPRESENTATION('',(#1276),#1289);
#1276 = B_SPLINE_CURVE_WITH_KNOTS('',6,(#1277,#1278,#1279,#1280,#1281,
    #1282,#1283,#1284,#1285,#1286,#1287,#1288),.UNSPECIFIED.,.F.,.F.,(7,
    5,7),(0.,0.527013467706,1.),.UNSPECIFIED.);
#1277 = CARTESIAN_POINT('',(-5.581510946749,-103.8803962348));
#1278 = CARTESIAN_POINT('',(-5.634055731943,-103.7471708664));
#1279 = CARTESIAN_POINT('',(-5.687977313668,-103.6163374225));
#1280 = CARTESIAN_POINT('',(-5.743560504697,-103.4898947922));
#1281 = CARTESIAN_POINT('',(-5.801071006282,-103.3703134826));
#1282 = CARTESIAN_POINT('',(-5.860767511538,-103.2607381397));
#1283 = CARTESIAN_POINT('',(-5.978744392626,-103.0791480616));
#1284 = CARTESIAN_POINT('',(-6.036944589481,-103.0038152598));
#1285 = CARTESIAN_POINT('',(-6.096918240702,-102.9435139652));
#1286 = CARTESIAN_POINT('',(-6.158201930782,-102.9016744196));
#1287 = CARTESIAN_POINT('',(-6.220412668405,-102.8803956348));
#1288 = CARTESIAN_POINT('',(-6.28318530718,-102.8803956348));
#1289 = ( GEOMETRIC_REPRESENTATION_CONTEXT(2) 
PARAMETRIC_REPRESENTATION_CONTEXT() REPRESENTATION_CONTEXT('2D SPACE',''
  ) );
#1290 = PCURVE('',#960,#1291);
#1291 = DEFINITIONAL_REPRESENTATION('',(#1292),#1305);
#1292 = B_SPLINE_CURVE_WITH_KNOTS('',6,(#1293,#1294,#1295,#1296,#1297,
    #1298,#1299,#1300,#1301,#1302,#1303,#1304),.UNSPECIFIED.,.F.,.F.,(7,
    5,7),(0.,0.527013467706,1.),.UNSPECIFIED.);
#1293 = CARTESIAN_POINT('',(-4.207028315181,-10.58257477844));
#1294 = CARTESIAN_POINT('',(-4.241426947754,-10.7860799134));
#1295 = CARTESIAN_POINT('',(-4.277774361945,-10.97973424866));
#1296 = CARTESIAN_POINT('',(-4.316172770161,-11.16214020899));
#1297 = CARTESIAN_POINT('',(-4.356737997745,-11.33106194321));
#1298 = CARTESIAN_POINT('',(-4.39958405138,-11.4833670665));
#1299 = CARTESIAN_POINT('',(-4.485441982403,-11.73288893121));
#1300 = CARTESIAN_POINT('',(-4.528279146223,-11.83500281588));
#1301 = CARTESIAN_POINT('',(-4.572835010933,-11.91584103585));
#1302 = CARTESIAN_POINT('',(-4.618651381887,-11.97162863707));
#1303 = CARTESIAN_POINT('',(-4.665309501304,-12.));
#1304 = CARTESIAN_POINT('',(-4.712388980385,-12.));
#1305 = ( GEOMETRIC_REPRESENTATION_CONTEXT(2) 
PARAMETRIC_REPRESENTATION_CONTEXT() REPRESENTATION_CONTEXT('2D SPACE',''
  ) );
#1306 = ORIENTED_EDGE('',*,*,#901,.F.);
#1307 = ORIENTED_EDGE('',*,*,#156,.F.);
#1308 = ORIENTED_EDGE('',*,*,#1309,.F.);
#1309 = EDGE_CURVE('',#563,#157,#1310,.T.);
#1310 = SURFACE_CURVE('',#1311,(#1316,#1323),.PCURVE_S1.);
#1311 = CIRCLE('',#1312,6.);
#1312 = AXIS2_PLACEMENT_3D('',#1313,#1314,#1315);
#1313 = CARTESIAN_POINT('',(0.,0.,7.));
#1314 = DIRECTION('',(0.,0.,1.));
#1315 = DIRECTION('',(1.,0.,0.));
#1316 = PCURVE('',#192,#1317);
#1317 = DEFINITIONAL_REPRESENTATION('',(#1318),#1322);
#1318 = LINE('',#1319,#1320);
#1319 = CARTESIAN_POINT('',(-0.,0.));
#1320 = VECTOR('',#1321,1.);
#1321 = DIRECTION('',(-1.,0.));
#1322 = ( GEOMETRIC_REPRESENTATION_CONTEXT(2) 
PARAMETRIC_REPRESENTATION_CONTEXT() REPRESENTATION_CONTEXT('2D SPACE',''
  ) );
#1323 = PCURVE('',#437,#1324);
#1324 = DEFINITIONAL_REPRESENTATION('',(#1325),#1329);
#1325 = CIRCLE('',#1326,6.);
#1326 = AXIS2_PLACEMENT_2D('',#1327,#1328);
#1327 = CARTESIAN_POINT('',(3.418600331349E-16,1.70226710729E-17));
#1328 = DIRECTION('',(1.,0.));
#1329 = ( GEOMETRIC_REPRESENTATION_CONTEXT(2) 
PARAMETRIC_REPRESENTATION_CONTEXT() REPRESENTATION_CONTEXT('2D SPACE',''
  ) );
#1330 = ORIENTED_EDGE('',*,*,#562,.F.);
#1331 = ORIENTED_EDGE('',*,*,#450,.F.);
#1332 = ORIENTED_EDGE('',*,*,#1333,.F.);
#1333 = EDGE_CURVE('',#214,#451,#1334,.T.);
#1334 = SURFACE_CURVE('',#1335,(#1340,#1347),.PCURVE_S1.);
#1335 = CIRCLE('',#1336,6.);
#1336 = AXIS2_PLACEMENT_3D('',#1337,#1338,#1339);
#1337 = CARTESIAN_POINT('',(0.,0.,7.));
#1338 = DIRECTION('',(0.,0.,1.));
#1339 = DIRECTION('',(1.,0.,0.));
#1340 = PCURVE('',#192,#1341);
#1341 = DEFINITIONAL_REPRESENTATION('',(#1342),#1346);
#1342 = LINE('',#1343,#1344);
#1343 = CARTESIAN_POINT('',(-0.,0.));
#1344 = VECTOR('',#1345,1.);
#1345 = DIRECTION('',(-1.,0.));
#1346 = ( GEOMETRIC_REPRESENTATION_CONTEXT(2) 
PARAMETRIC_REPRESENTATION_CONTEXT() REPRESENTATION_CONTEXT('2D SPACE',''
  ) );
#1347 = PCURVE('',#278,#1348);
#1348 = DEFINITIONAL_REPRESENTATION('',(#1349),#1353);
#1349 = CIRCLE('',#1350,6.);
#1350 = AXIS2_PLACEMENT_2D('',#1351,#1352);
#1351 = CARTESIAN_POINT('',(3.418600331349E-16,1.70226710729E-17));
#1352 = DIRECTION('',(1.,0.));
#1353 = ( GEOMETRIC_REPRESENTATION_CONTEXT(2) 
PARAMETRIC_REPRESENTATION_CONTEXT() REPRESENTATION_CONTEXT('2D SPACE',''
  ) );
#1354 = ADVANCED_FACE('',(#1355),#437,.F.);
#1355 = FACE_BOUND('',#1356,.F.);
#1356 = EDGE_LOOP('',(#1357,#1358,#1359,#1381));
#1357 = ORIENTED_EDGE('',*,*,#1309,.T.);
#1358 = ORIENTED_EDGE('',*,*,#424,.T.);
#1359 = ORIENTED_EDGE('',*,*,#1360,.F.);
#1360 = EDGE_CURVE('',#673,#360,#1361,.T.);
#1361 = SURFACE_CURVE('',#1362,(#1367,#1374),.PCURVE_S1.);
#1362 = CIRCLE('',#1363,5.);
#1363 = AXIS2_PLACEMENT_3D('',#1364,#1365,#1366);
#1364 = CARTESIAN_POINT('',(2.84217094304E-14,5.181040781584E-16,7.));
#1365 = DIRECTION('',(0.,0.,1.));
#1366 = DIRECTION('',(1.,0.,0.));
#1367 = PCURVE('',#437,#1368);
#1368 = DEFINITIONAL_REPRESENTATION('',(#1369),#1373);
#1369 = CIRCLE('',#1370,5.);
#1370 = AXIS2_PLACEMENT_2D('',#1371,#1372);
#1371 = CARTESIAN_POINT('',(2.876356946354E-14,5.351267492313E-16));
#1372 = DIRECTION('',(1.,0.));
#1373 = ( GEOMETRIC_REPRESENTATION_CONTEXT(2) 
PARAMETRIC_REPRESENTATION_CONTEXT() REPRESENTATION_CONTEXT('2D SPACE',''
  ) );
#1374 = PCURVE('',#333,#1375);
#1375 = DEFINITIONAL_REPRESENTATION('',(#1376),#1380);
#1376 = LINE('',#1377,#1378);
#1377 = CARTESIAN_POINT('',(-0.,0.));
#1378 = VECTOR('',#1379,1.);
#1379 = DIRECTION('',(-1.,0.));
#1380 = ( GEOMETRIC_REPRESENTATION_CONTEXT(2) 
PARAMETRIC_REPRESENTATION_CONTEXT() REPRESENTATION_CONTEXT('2D SPACE',''
  ) );
#1381 = ORIENTED_EDGE('',*,*,#672,.T.);
#1382 = ADVANCED_FACE('',(#1383),#333,.F.);
#1383 = FACE_BOUND('',#1384,.T.);
#1384 = EDGE_LOOP('',(#1385,#1386,#1409,#1474,#1498,#1608,#1632,#1695,
    #1696,#1697,#1698,#1699));
#1385 = ORIENTED_EDGE('',*,*,#289,.F.);
#1386 = ORIENTED_EDGE('',*,*,#1387,.T.);
#1387 = EDGE_CURVE('',#290,#1388,#1390,.T.);
#1388 = VERTEX_POINT('',#1389);
#1389 = CARTESIAN_POINT('',(5.,5.181040781584E-16,109.88039563481));
#1390 = SEAM_CURVE('',#1391,(#1395,#1402),.PCURVE_S1.);
#1391 = LINE('',#1392,#1393);
#1392 = CARTESIAN_POINT('',(5.,5.181040781584E-16,7.));
#1393 = VECTOR('',#1394,1.);
#1394 = DIRECTION('',(0.,0.,1.));
#1395 = PCURVE('',#333,#1396);
#1396 = DEFINITIONAL_REPRESENTATION('',(#1397),#1401);
#1397 = LINE('',#1398,#1399);
#1398 = CARTESIAN_POINT('',(-6.28318530718,0.));
#1399 = VECTOR('',#1400,1.);
#1400 = DIRECTION('',(-0.,-1.));
#1401 = ( GEOMETRIC_REPRESENTATION_CONTEXT(2) 
PARAMETRIC_REPRESENTATION_CONTEXT() REPRESENTATION_CONTEXT('2D SPACE',''
  ) );
#1402 = PCURVE('',#333,#1403);
#1403 = DEFINITIONAL_REPRESENTATION('',(#1404),#1408);
#1404 = LINE('',#1405,#1406);
#1405 = CARTESIAN_POINT('',(-0.,0.));
#1406 = VECTOR('',#1407,1.);
#1407 = DIRECTION('',(-0.,-1.));
#1408 = ( GEOMETRIC_REPRESENTATION_CONTEXT(2) 
PARAMETRIC_REPRESENTATION_CONTEXT() REPRESENTATION_CONTEXT('2D SPACE',''
  ) );
#1409 = ORIENTED_EDGE('',*,*,#1410,.T.);
#1410 = EDGE_CURVE('',#1388,#1411,#1413,.T.);
#1411 = VERTEX_POINT('',#1412);
#1412 = CARTESIAN_POINT('',(3.162277660169,3.872983346207,
    110.88039563481));
#1413 = SURFACE_CURVE('',#1414,(#1432,#1453),.PCURVE_S1.);
#1414 = B_SPLINE_CURVE_WITH_KNOTS('',6,(#1415,#1416,#1417,#1418,#1419,
    #1420,#1421,#1422,#1423,#1424,#1425,#1426,#1427,#1428,#1429,#1430,
    #1431),.UNSPECIFIED.,.F.,.F.,(7,5,5,7),(0.,0.254630360252,
    0.409402421414,1.),.UNSPECIFIED.);
#1415 = CARTESIAN_POINT('',(5.,-1.088059439983E-15,109.88039563481));
#1416 = CARTESIAN_POINT('',(5.,0.216264985321,109.88039563481));
#1417 = CARTESIAN_POINT('',(4.988775038719,0.432097438357,
    109.88741124094));
#1418 = CARTESIAN_POINT('',(4.966409494592,0.645933828858,
    109.90138968288));
#1419 = CARTESIAN_POINT('',(4.933338718895,0.856221406823,
    109.92198698819));
#1420 = CARTESIAN_POINT('',(4.890347332718,1.061448077661,
    109.94857218657));
#1421 = CARTESIAN_POINT('',(4.807133348044,1.380959325293,
    109.99953828171));
#1422 = CARTESIAN_POINT('',(4.772408135771,1.499455634575,110.0207125056
    ));
#1423 = CARTESIAN_POINT('',(4.734607449327,1.615546920836,
    110.04363883818));
#1424 = CARTESIAN_POINT('',(4.693927745217,1.729130201582,
    110.06815570798));
#1425 = CARTESIAN_POINT('',(4.650571666743,1.840111578975,
    110.09409634513));
#1426 = CARTESIAN_POINT('',(4.429893332962,2.361649806198,
    110.22506097427));
#1427 = CARTESIAN_POINT('',(4.219371744999,2.735179818321,
    110.34693590308));
#1428 = CARTESIAN_POINT('',(3.982531080248,3.070393442956,
    110.47883253118));
#1429 = CARTESIAN_POINT('',(3.72538745769,3.370011483212,110.61459485222
    ));
#1430 = CARTESIAN_POINT('',(3.451495017465,3.636838528132,110.7497405945
    ));
#1431 = CARTESIAN_POINT('',(3.162276332012,3.872984430643,
    110.88039623481));
#1432 = PCURVE('',#333,#1433);
#1433 = DEFINITIONAL_REPRESENTATION('',(#1434),#1452);
#1434 = B_SPLINE_CURVE_WITH_KNOTS('',6,(#1435,#1436,#1437,#1438,#1439,
    #1440,#1441,#1442,#1443,#1444,#1445,#1446,#1447,#1448,#1449,#1450,
    #1451),.UNSPECIFIED.,.F.,.F.,(7,5,5,7),(0.,0.254630360252,
    0.409402421414,1.),.UNSPECIFIED.);
#1435 = CARTESIAN_POINT('',(0.,-102.8803956348));
#1436 = CARTESIAN_POINT('',(-4.325299706415E-02,-102.8803956348));
#1437 = CARTESIAN_POINT('',(-8.641948547956E-02,-102.8874112409));
#1438 = CARTESIAN_POINT('',(-0.129332428609,-102.9013896828));
#1439 = CARTESIAN_POINT('',(-0.171823954945,-102.9219869881));
#1440 = CARTESIAN_POINT('',(-0.213711335764,-102.9485721865));
#1441 = CARTESIAN_POINT('',(-0.279745267831,-102.9995382817));
#1442 = CARTESIAN_POINT('',(-0.304429868114,-103.0207125056));
#1443 = CARTESIAN_POINT('',(-0.328832010804,-103.0436388381));
#1444 = CARTESIAN_POINT('',(-0.352946753617,-103.0681557079));
#1445 = CARTESIAN_POINT('',(-0.376767417197,-103.0940963451));
#1446 = CARTESIAN_POINT('',(-0.490028363592,-103.2250609742));
#1447 = CARTESIAN_POINT('',(-0.575236741002,-103.346935903));
#1448 = CARTESIAN_POINT('',(-0.656735961825,-103.4788325311));
#1449 = CARTESIAN_POINT('',(-0.735218532392,-103.6145948522));
#1450 = CARTESIAN_POINT('',(-0.811401544152,-103.7497405945));
#1451 = CARTESIAN_POINT('',(-0.886077466721,-103.8803962348));
#1452 = ( GEOMETRIC_REPRESENTATION_CONTEXT(2) 
PARAMETRIC_REPRESENTATION_CONTEXT() REPRESENTATION_CONTEXT('2D SPACE',''
  ) );
#1453 = PCURVE('',#960,#1454);
#1454 = DEFINITIONAL_REPRESENTATION('',(#1455),#1473);
#1455 = B_SPLINE_CURVE_WITH_KNOTS('',6,(#1456,#1457,#1458,#1459,#1460,
    #1461,#1462,#1463,#1464,#1465,#1466,#1467,#1468,#1469,#1470,#1471,
    #1472),.UNSPECIFIED.,.F.,.F.,(7,5,5,7),(0.,0.254630360252,
    0.409402421414,1.),.UNSPECIFIED.);
#1456 = CARTESIAN_POINT('',(-4.712388980385,-11.));
#1457 = CARTESIAN_POINT('',(-4.73942210355,-11.));
#1458 = CARTESIAN_POINT('',(-4.766401165754,-10.98877503871));
#1459 = CARTESIAN_POINT('',(-4.793166249785,-10.96640949459));
#1460 = CARTESIAN_POINT('',(-4.819558227096,-10.93333871889));
#1461 = CARTESIAN_POINT('',(-4.845414764623,-10.89034733271));
#1462 = CARTESIAN_POINT('',(-4.885858587586,-10.80713334804));
#1463 = CARTESIAN_POINT('',(-4.900902629465,-10.77240813577));
#1464 = CARTESIAN_POINT('',(-4.915690733708,-10.73460744932));
#1465 = CARTESIAN_POINT('',(-4.930212397277,-10.69392774521));
#1466 = CARTESIAN_POINT('',(-4.944457071413,-10.65057166674));
#1467 = CARTESIAN_POINT('',(-5.011673356705,-10.42989333296));
#1468 = CARTESIAN_POINT('',(-5.060668988971,-10.21937174499));
#1469 = CARTESIAN_POINT('',(-5.105596345161,-9.982531080248));
#1470 = CARTESIAN_POINT('',(-5.146651923704,-9.72538745769));
#1471 = CARTESIAN_POINT('',(-5.184014513766,-9.451495017465));
#1472 = CARTESIAN_POINT('',(-5.217749645588,-9.162276332012));
#1473 = ( GEOMETRIC_REPRESENTATION_CONTEXT(2) 
PARAMETRIC_REPRESENTATION_CONTEXT() REPRESENTATION_CONTEXT('2D SPACE',''
  ) );
#1474 = ORIENTED_EDGE('',*,*,#1475,.T.);
#1475 = EDGE_CURVE('',#1411,#1476,#1478,.T.);
#1476 = VERTEX_POINT('',#1477);
#1477 = CARTESIAN_POINT('',(-3.162277660169,3.872983346207,
    110.88039563481));
#1478 = SURFACE_CURVE('',#1479,(#1484,#1491),.PCURVE_S1.);
#1479 = CIRCLE('',#1480,5.);
#1480 = AXIS2_PLACEMENT_3D('',#1481,#1482,#1483);
#1481 = CARTESIAN_POINT('',(2.84217094304E-14,5.181040781584E-16,
    110.88039563481));
#1482 = DIRECTION('',(0.,0.,1.));
#1483 = DIRECTION('',(1.,0.,0.));
#1484 = PCURVE('',#333,#1485);
#1485 = DEFINITIONAL_REPRESENTATION('',(#1486),#1490);
#1486 = LINE('',#1487,#1488);
#1487 = CARTESIAN_POINT('',(-0.,-103.8803956348));
#1488 = VECTOR('',#1489,1.);
#1489 = DIRECTION('',(-1.,0.));
#1490 = ( GEOMETRIC_REPRESENTATION_CONTEXT(2) 
PARAMETRIC_REPRESENTATION_CONTEXT() REPRESENTATION_CONTEXT('2D SPACE',''
  ) );
#1491 = PCURVE('',#998,#1492);
#1492 = DEFINITIONAL_REPRESENTATION('',(#1493),#1497);
#1493 = CIRCLE('',#1494,5.);
#1494 = AXIS2_PLACEMENT_2D('',#1495,#1496);
#1495 = CARTESIAN_POINT('',(2.876356946354E-14,5.351267492313E-16));
#1496 = DIRECTION('',(1.,0.));
#1497 = ( GEOMETRIC_REPRESENTATION_CONTEXT(2) 
PARAMETRIC_REPRESENTATION_CONTEXT() REPRESENTATION_CONTEXT('2D SPACE',''
  ) );
#1498 = ORIENTED_EDGE('',*,*,#1499,.T.);
#1499 = EDGE_CURVE('',#1476,#1500,#1502,.T.);
#1500 = VERTEX_POINT('',#1501);
#1501 = CARTESIAN_POINT('',(-3.162277660169,-3.872983346207,
    110.88039563481));
#1502 = SURFACE_CURVE('',#1503,(#1536,#1572),.PCURVE_S1.);
#1503 = B_SPLINE_CURVE_WITH_KNOTS('',6,(#1504,#1505,#1506,#1507,#1508,
    #1509,#1510,#1511,#1512,#1513,#1514,#1515,#1516,#1517,#1518,#1519,
    #1520,#1521,#1522,#1523,#1524,#1525,#1526,#1527,#1528,#1529,#1530,
    #1531,#1532,#1533,#1534,#1535),.UNSPECIFIED.,.F.,.F.,(7,5,5,5,5,5,7)
  ,(0.,0.295897814031,0.372176602552,0.500085707711,0.587101930381,
    0.705423217845,1.),.UNSPECIFIED.);
#1504 = CARTESIAN_POINT('',(-3.162276332011,3.872984430643,
    110.88039623481));
#1505 = CARTESIAN_POINT('',(-3.452012636075,3.636415894602,
    110.74950675832));
#1506 = CARTESIAN_POINT('',(-3.726369530442,3.369054877336,
    110.61411029896));
#1507 = CARTESIAN_POINT('',(-3.983915648684,3.068780099049,
    110.47810150503));
#1508 = CARTESIAN_POINT('',(-4.221072114788,2.732771835981,
    110.34598875375));
#1509 = CARTESIAN_POINT('',(-4.431780819622,2.358296935738,
    110.22396808662));
#1510 = CARTESIAN_POINT('',(-4.651700679234,1.837150215784,
    110.09341910246));
#1511 = CARTESIAN_POINT('',(-4.694373044225,1.727732458546,
    110.0678844465));
#1512 = CARTESIAN_POINT('',(-4.734443922322,1.615788857129,
    110.04373444783));
#1513 = CARTESIAN_POINT('',(-4.771719417965,1.501409195676,
    110.02112865906));
#1514 = CARTESIAN_POINT('',(-4.806011444077,1.384691826224,
    110.00022174804));
#1515 = CARTESIAN_POINT('',(-4.889329915617,1.0662838754,109.94920124846
    ));
#1516 = CARTESIAN_POINT('',(-4.932716349713,0.860179005303,
    109.9223746835));
#1517 = CARTESIAN_POINT('',(-4.966100462379,0.648919480547,
    109.90158283077));
#1518 = CARTESIAN_POINT('',(-4.988675498573,0.434066158894,
    109.88747345218));
#1519 = CARTESIAN_POINT('',(-5.,0.217221804221,109.88039563481));
#1520 = CARTESIAN_POINT('',(-5.,-0.14777541334,109.88039563481));
#1521 = CARTESIAN_POINT('',(-4.994758857921,-0.295484200766,
    109.88367123473));
#1522 = CARTESIAN_POINT('',(-4.984286016814,-0.442562142072,
    109.89021705999));
#1523 = CARTESIAN_POINT('',(-4.96868142105,-0.588450492308,
    109.89995396385));
#1524 = CARTESIAN_POINT('',(-4.948137107509,-0.732596875072,
    109.91273165908));
#1525 = CARTESIAN_POINT('',(-4.888675110294,-1.067350955515,
    109.94954320417));
#1526 = CARTESIAN_POINT('',(-4.845843389135,-1.255809173345,
    109.97594994023));
#1527 = CARTESIAN_POINT('',(-4.795061399606,-1.43924949888,
    110.00706592348));
#1528 = CARTESIAN_POINT('',(-4.737011237497,-1.617139826115,
    110.04233121534));
#1529 = CARTESIAN_POINT('',(-4.672448465537,-1.788998059288,
    110.08112787113));
#1530 = CARTESIAN_POINT('',(-4.42734624447,-2.366165628896,
    110.22653525062));
#1531 = CARTESIAN_POINT('',(-4.217078444686,-2.738423502425,
    110.34821286836));
#1532 = CARTESIAN_POINT('',(-3.980664235757,-3.072567188789,
    110.47981790196));
#1533 = CARTESIAN_POINT('',(-3.724063383765,-3.371300820256,
    110.61524804094));
#1534 = CARTESIAN_POINT('',(-3.450797019591,-3.63740844061,
    110.75005591769));
#1535 = CARTESIAN_POINT('',(-3.162276332011,-3.872984430643,
    110.88039623481));
#1536 = PCURVE('',#333,#1537);
#1537 = DEFINITIONAL_REPRESENTATION('',(#1538),#1571);
#1538 = B_SPLINE_CURVE_WITH_KNOTS('',6,(#1539,#1540,#1541,#1542,#1543,
    #1544,#1545,#1546,#1547,#1548,#1549,#1550,#1551,#1552,#1553,#1554,
    #1555,#1556,#1557,#1558,#1559,#1560,#1561,#1562,#1563,#1564,#1565,
    #1566,#1567,#1568,#1569,#1570),.UNSPECIFIED.,.F.,.F.,(7,5,5,5,5,5,7)
  ,(0.,0.295897814031,0.372176602552,0.500085707711,0.587101930381,
    0.705423217845,1.),.UNSPECIFIED.);
#1539 = CARTESIAN_POINT('',(-2.255515186869,-103.8803962348));
#1540 = CARTESIAN_POINT('',(-2.330324757951,-103.7495067583));
#1541 = CARTESIAN_POINT('',(-2.406647272889,-103.6141102989));
#1542 = CARTESIAN_POINT('',(-2.485279266229,-103.478101505));
#1543 = CARTESIAN_POINT('',(-2.566941239005,-103.3459887537));
#1544 = CARTESIAN_POINT('',(-2.652328916957,-103.2239680866));
#1545 = CARTESIAN_POINT('',(-2.765458691707,-103.0934191024));
#1546 = CARTESIAN_POINT('',(-2.788938699848,-103.0678844465));
#1547 = CARTESIAN_POINT('',(-2.812704289228,-103.0437344478));
#1548 = CARTESIAN_POINT('',(-2.836749101495,-103.021128659));
#1549 = CARTESIAN_POINT('',(-2.861068415644,-103.000221748));
#1550 = CARTESIAN_POINT('',(-2.926894122126,-102.9492012484));
#1551 = CARTESIAN_POINT('',(-2.968969062734,-102.9223746835));
#1552 = CARTESIAN_POINT('',(-3.01166115363,-102.9015828307));
#1553 = CARTESIAN_POINT('',(-3.054779423593,-102.8874734521));
#1554 = CARTESIAN_POINT('',(-3.098148292745,-102.8803956348));
#1555 = CARTESIAN_POINT('',(-3.171147736258,-102.8803956348));
#1556 = CARTESIAN_POINT('',(-3.200689495183,-102.8836712347));
#1557 = CARTESIAN_POINT('',(-3.230151550761,-102.8902170599));
#1558 = CARTESIAN_POINT('',(-3.259468416276,-102.8999539638));
#1559 = CARTESIAN_POINT('',(-3.288571974332,-102.912731659));
#1560 = CARTESIAN_POINT('',(-3.356570804759,-102.9495432041));
#1561 = CARTESIAN_POINT('',(-3.395179740193,-102.9759499402));
#1562 = CARTESIAN_POINT('',(-3.433186838489,-103.0070659234));
#1563 = CARTESIAN_POINT('',(-3.470556110538,-103.0423312153));
#1564 = CARTESIAN_POINT('',(-3.507240448017,-103.0811278711));
#1565 = CARTESIAN_POINT('',(-3.632651372928,-103.2265352506));
#1566 = CARTESIAN_POINT('',(-3.717618208692,-103.3482128683));
#1567 = CARTESIAN_POINT('',(-3.798898163829,-103.4798179019));
#1568 = CARTESIAN_POINT('',(-3.877179409704,-103.6152480409));
#1569 = CARTESIAN_POINT('',(-3.953174419968,-103.7500559176));
#1570 = CARTESIAN_POINT('',(-4.027670120311,-103.8803962348));
#1571 = ( GEOMETRIC_REPRESENTATION_CONTEXT(2) 
PARAMETRIC_REPRESENTATION_CONTEXT() REPRESENTATION_CONTEXT('2D SPACE',''
  ) );
#1572 = PCURVE('',#960,#1573);
#1573 = DEFINITIONAL_REPRESENTATION('',(#1574),#1607);
#1574 = B_SPLINE_CURVE_WITH_KNOTS('',6,(#1575,#1576,#1577,#1578,#1579,
    #1580,#1581,#1582,#1583,#1584,#1585,#1586,#1587,#1588,#1589,#1590,
    #1591,#1592,#1593,#1594,#1595,#1596,#1597,#1598,#1599,#1600,#1601,
    #1602,#1603,#1604,#1605,#1606),.UNSPECIFIED.,.F.,.F.,(7,5,5,5,5,5,7)
  ,(0.,0.295897814031,0.372176602552,0.500085707711,0.587101930381,
    0.705423217845,1.),.UNSPECIFIED.);
#1575 = CARTESIAN_POINT('',(-5.217749645588,-2.837723667989));
#1576 = CARTESIAN_POINT('',(-5.183954137543,-2.547987363925));
#1577 = CARTESIAN_POINT('',(-5.146517972452,-2.273630469558));
#1578 = CARTESIAN_POINT('',(-5.105375274226,-2.016084351316));
#1579 = CARTESIAN_POINT('',(-5.060346276628,-1.778927885212));
#1580 = CARTESIAN_POINT('',(-5.011233605066,-1.568219180378));
#1581 = CARTESIAN_POINT('',(-4.944077427369,-1.348299320766));
#1582 = CARTESIAN_POINT('',(-4.930034547492,-1.305626955775));
#1583 = CARTESIAN_POINT('',(-4.915722768586,-1.265556077678));
#1584 = CARTESIAN_POINT('',(-4.901152169669,-1.228280582035));
#1585 = CARTESIAN_POINT('',(-4.886332786813,-1.193988555923));
#1586 = CARTESIAN_POINT('',(-4.846024072935,-1.110670084383));
#1587 = CARTESIAN_POINT('',(-4.820054910581,-1.067283650287));
#1588 = CARTESIAN_POINT('',(-4.793539930653,-1.03389953762));
#1589 = CARTESIAN_POINT('',(-4.766647255108,-1.011324501427));
#1590 = CARTESIAN_POINT('',(-4.739541705912,-1.));
#1591 = CARTESIAN_POINT('',(-4.693917053717,-1.));
#1592 = CARTESIAN_POINT('',(-4.675453458865,-1.005241142079));
#1593 = CARTESIAN_POINT('',(-4.657057362331,-1.015713983186));
#1594 = CARTESIAN_POINT('',(-4.638787339911,-1.03131857895));
#1595 = CARTESIAN_POINT('',(-4.620702417605,-1.051862892491));
#1596 = CARTESIAN_POINT('',(-4.578605916817,-1.111324889706));
#1597 = CARTESIAN_POINT('',(-4.554829008563,-1.154156610865));
#1598 = CARTESIAN_POINT('',(-4.531585469382,-1.204938600394));
#1599 = CARTESIAN_POINT('',(-4.508928635902,-1.262988762503));
#1600 = CARTESIAN_POINT('',(-4.486912505483,-1.327551534463));
#1601 = CARTESIAN_POINT('',(-4.412512225177,-1.57265375553));
#1602 = CARTESIAN_POINT('',(-4.363674204942,-1.782921555314));
#1603 = CARTESIAN_POINT('',(-4.318883731032,-2.019335764243));
#1604 = CARTESIAN_POINT('',(-4.277945488443,-2.275936616235));
#1605 = CARTESIAN_POINT('',(-4.240682030928,-2.549202980409));
#1606 = CARTESIAN_POINT('',(-4.207028315181,-2.837723667989));
#1607 = ( GEOMETRIC_REPRESENTATION_CONTEXT(2) 
PARAMETRIC_REPRESENTATION_CONTEXT() REPRESENTATION_CONTEXT('2D SPACE',''
  ) );
#1608 = ORIENTED_EDGE('',*,*,#1609,.T.);
#1609 = EDGE_CURVE('',#1500,#1610,#1612,.T.);
#1610 = VERTEX_POINT('',#1611);
#1611 = CARTESIAN_POINT('',(3.162277660169,-3.872983346207,
    110.88039563481));
#1612 = SURFACE_CURVE('',#1613,(#1618,#1625),.PCURVE_S1.);
#1613 = CIRCLE('',#1614,5.);
#1614 = AXIS2_PLACEMENT_3D('',#1615,#1616,#1617);
#1615 = CARTESIAN_POINT('',(2.84217094304E-14,5.181040781584E-16,
    110.88039563481));
#1616 = DIRECTION('',(0.,0.,1.));
#1617 = DIRECTION('',(1.,0.,0.));
#1618 = PCURVE('',#333,#1619);
#1619 = DEFINITIONAL_REPRESENTATION('',(#1620),#1624);
#1620 = LINE('',#1621,#1622);
#1621 = CARTESIAN_POINT('',(-0.,-103.8803956348));
#1622 = VECTOR('',#1623,1.);
#1623 = DIRECTION('',(-1.,0.));
#1624 = ( GEOMETRIC_REPRESENTATION_CONTEXT(2) 
PARAMETRIC_REPRESENTATION_CONTEXT() REPRESENTATION_CONTEXT('2D SPACE',''
  ) );
#1625 = PCURVE('',#1247,#1626);
#1626 = DEFINITIONAL_REPRESENTATION('',(#1627),#1631);
#1627 = CIRCLE('',#1628,5.);
#1628 = AXIS2_PLACEMENT_2D('',#1629,#1630);
#1629 = CARTESIAN_POINT('',(2.876356946354E-14,5.351267492313E-16));
#1630 = DIRECTION('',(1.,0.));
#1631 = ( GEOMETRIC_REPRESENTATION_CONTEXT(2) 
PARAMETRIC_REPRESENTATION_CONTEXT() REPRESENTATION_CONTEXT('2D SPACE',''
  ) );
#1632 = ORIENTED_EDGE('',*,*,#1633,.T.);
#1633 = EDGE_CURVE('',#1610,#1388,#1634,.T.);
#1634 = SURFACE_CURVE('',#1635,(#1653,#1674),.PCURVE_S1.);
#1635 = B_SPLINE_CURVE_WITH_KNOTS('',6,(#1636,#1637,#1638,#1639,#1640,
    #1641,#1642,#1643,#1644,#1645,#1646,#1647,#1648,#1649,#1650,#1651,
    #1652),.UNSPECIFIED.,.F.,.F.,(7,5,5,7),(0.,0.586937522924,
    0.740916874525,1.),.UNSPECIFIED.);
#1636 = CARTESIAN_POINT('',(3.162276332012,-3.872984430643,
    110.88039623481));
#1637 = CARTESIAN_POINT('',(3.449707172671,-3.638298296271,
    110.75054826018));
#1638 = CARTESIAN_POINT('',(3.721995986828,-3.373312973476,
    110.61626765683));
#1639 = CARTESIAN_POINT('',(3.977748884331,-3.07595818746,
    110.48135604138));
#1640 = CARTESIAN_POINT('',(4.213495670956,-2.743481968152,
    110.35020678778));
#1641 = CARTESIAN_POINT('',(4.423363828055,-2.373206217315,
    110.22883908242));
#1642 = CARTESIAN_POINT('',(4.644113838707,-1.856300465314,110.097952023
    ));
#1643 = CARTESIAN_POINT('',(4.687566536968,-1.746214020951,
    110.07197687502));
#1644 = CARTESIAN_POINT('',(4.728389836982,-1.633546090698,
    110.04739476684));
#1645 = CARTESIAN_POINT('',(4.766384932832,-1.518385739503,
    110.02436951125));
#1646 = CARTESIAN_POINT('',(4.801358547983,-1.400830908052,
    110.00306024029));
#1647 = CARTESIAN_POINT('',(4.886566767271,-1.079343443099,
    109.95090962452));
#1648 = CARTESIAN_POINT('',(4.93100996368,-0.870895270297,
    109.92343726249));
#1649 = CARTESIAN_POINT('',(4.96522439774,-0.657144259237,
    109.90213036428));
#1650 = CARTESIAN_POINT('',(4.988376242062,-0.439664296538,
    109.88766049029));
#1651 = CARTESIAN_POINT('',(5.,-0.220073119504,109.88039563481));
#1652 = CARTESIAN_POINT('',(5.,-8.881784197001E-16,109.88039563481));
#1653 = PCURVE('',#333,#1654);
#1654 = DEFINITIONAL_REPRESENTATION('',(#1655),#1673);
#1655 = B_SPLINE_CURVE_WITH_KNOTS('',6,(#1656,#1657,#1658,#1659,#1660,
    #1661,#1662,#1663,#1664,#1665,#1666,#1667,#1668,#1669,#1670,#1671,
    #1672),.UNSPECIFIED.,.F.,.F.,(7,5,5,7),(0.,0.586937522924,
    0.740916874525,1.),.UNSPECIFIED.);
#1656 = CARTESIAN_POINT('',(-5.397107840458,-103.8803962348));
#1657 = CARTESIAN_POINT('',(-5.471322143616,-103.7505482601));
#1658 = CARTESIAN_POINT('',(-5.547023737824,-103.6162676568));
#1659 = CARTESIAN_POINT('',(-5.624990873803,-103.4813560413));
#1660 = CARTESIAN_POINT('',(-5.705928815733,-103.3502067877));
#1661 = CARTESIAN_POINT('',(-5.79051898394,-103.2288390824));
#1662 = CARTESIAN_POINT('',(-5.902932884087,-103.097952023));
#1663 = CARTESIAN_POINT('',(-5.926594190894,-103.071976875));
#1664 = CARTESIAN_POINT('',(-5.95054673119,-103.0473947668));
#1665 = CARTESIAN_POINT('',(-5.974784380124,-103.0243695112));
#1666 = CARTESIAN_POINT('',(-5.999302687911,-103.0030602402));
#1667 = CARTESIAN_POINT('',(-6.065820243715,-102.9509096245));
#1668 = CARTESIAN_POINT('',(-6.108395709077,-102.9234372624));
#1669 = CARTESIAN_POINT('',(-6.151602960554,-102.9021303642));
#1670 = CARTESIAN_POINT('',(-6.195252450476,-102.8876604902));
#1671 = CARTESIAN_POINT('',(-6.239170683279,-102.8803956348));
#1672 = CARTESIAN_POINT('',(-6.28318530718,-102.8803956348));
#1673 = ( GEOMETRIC_REPRESENTATION_CONTEXT(2) 
PARAMETRIC_REPRESENTATION_CONTEXT() REPRESENTATION_CONTEXT('2D SPACE',''
  ) );
#1674 = PCURVE('',#960,#1675);
#1675 = DEFINITIONAL_REPRESENTATION('',(#1676),#1694);
#1676 = B_SPLINE_CURVE_WITH_KNOTS('',6,(#1677,#1678,#1679,#1680,#1681,
    #1682,#1683,#1684,#1685,#1686,#1687,#1688,#1689,#1690,#1691,#1692,
    #1693),.UNSPECIFIED.,.F.,.F.,(7,5,5,7),(0.,0.586937522924,
    0.740916874525,1.),.UNSPECIFIED.);
#1677 = CARTESIAN_POINT('',(-4.207028315181,-9.162276332012));
#1678 = CARTESIAN_POINT('',(-4.240554908679,-9.449707172671));
#1679 = CARTESIAN_POINT('',(-4.277663707619,-9.721995986828));
#1680 = CARTESIAN_POINT('',(-4.318418982039,-9.977748884331));
#1681 = CARTESIAN_POINT('',(-4.36299606705,-10.21349567095));
#1682 = CARTESIAN_POINT('',(-4.411588426403,-10.42336382805));
#1683 = CARTESIAN_POINT('',(-4.478240857292,-10.6441138387));
#1684 = CARTESIAN_POINT('',(-4.492377656776,-10.68756653696));
#1685 = CARTESIAN_POINT('',(-4.506789306934,-10.72838983698));
#1686 = CARTESIAN_POINT('',(-4.52146576638,-10.76638493283));
#1687 = CARTESIAN_POINT('',(-4.53639703226,-10.80135854798));
#1688 = CARTESIAN_POINT('',(-4.577108263213,-10.88656676727));
#1689 = CARTESIAN_POINT('',(-4.603377958732,-10.93100996368));
#1690 = CARTESIAN_POINT('',(-4.630208497674,-10.96522439774));
#1691 = CARTESIAN_POINT('',(-4.657430936886,-10.98837624206));
#1692 = CARTESIAN_POINT('',(-4.684879840447,-11.));
#1693 = CARTESIAN_POINT('',(-4.712388980385,-11.));
#1694 = ( GEOMETRIC_REPRESENTATION_CONTEXT(2) 
PARAMETRIC_REPRESENTATION_CONTEXT() REPRESENTATION_CONTEXT('2D SPACE',''
  ) );
#1695 = ORIENTED_EDGE('',*,*,#1387,.F.);
#1696 = ORIENTED_EDGE('',*,*,#359,.F.);
#1697 = ORIENTED_EDGE('',*,*,#1360,.F.);
#1698 = ORIENTED_EDGE('',*,*,#693,.F.);
#1699 = ORIENTED_EDGE('',*,*,#1700,.F.);
#1700 = EDGE_CURVE('',#264,#694,#1701,.T.);
#1701 = SURFACE_CURVE('',#1702,(#1707,#1714),.PCURVE_S1.);
#1702 = CIRCLE('',#1703,5.);
#1703 = AXIS2_PLACEMENT_3D('',#1704,#1705,#1706);
#1704 = CARTESIAN_POINT('',(2.84217094304E-14,5.181040781584E-16,7.));
#1705 = DIRECTION('',(0.,0.,1.));
#1706 = DIRECTION('',(1.,0.,0.));
#1707 = PCURVE('',#333,#1708);
#1708 = DEFINITIONAL_REPRESENTATION('',(#1709),#1713);
#1709 = LINE('',#1710,#1711);
#1710 = CARTESIAN_POINT('',(-0.,0.));
#1711 = VECTOR('',#1712,1.);
#1712 = DIRECTION('',(-1.,0.));
#1713 = ( GEOMETRIC_REPRESENTATION_CONTEXT(2) 
PARAMETRIC_REPRESENTATION_CONTEXT() REPRESENTATION_CONTEXT('2D SPACE',''
  ) );
#1714 = PCURVE('',#278,#1715);
#1715 = DEFINITIONAL_REPRESENTATION('',(#1716),#1720);
#1716 = CIRCLE('',#1717,5.);
#1717 = AXIS2_PLACEMENT_2D('',#1718,#1719);
#1718 = CARTESIAN_POINT('',(2.876356946354E-14,5.351267492313E-16));
#1719 = DIRECTION('',(1.,0.));
#1720 = ( GEOMETRIC_REPRESENTATION_CONTEXT(2) 
PARAMETRIC_REPRESENTATION_CONTEXT() REPRESENTATION_CONTEXT('2D SPACE',''
  ) );
#1721 = ADVANCED_FACE('',(#1722),#278,.F.);
#1722 = FACE_BOUND('',#1723,.F.);
#1723 = EDGE_LOOP('',(#1724,#1725,#1726,#1727));
#1724 = ORIENTED_EDGE('',*,*,#263,.F.);
#1725 = ORIENTED_EDGE('',*,*,#1333,.T.);
#1726 = ORIENTED_EDGE('',*,*,#803,.F.);
#1727 = ORIENTED_EDGE('',*,*,#1700,.F.);
#1728 = ADVANCED_FACE('',(#1729),#850,.F.);
#1729 = FACE_BOUND('',#1730,.T.);
#1730 = EDGE_LOOP('',(#1731,#1732,#1753,#1754));
#1731 = ORIENTED_EDGE('',*,*,#829,.T.);
#1732 = ORIENTED_EDGE('',*,*,#1733,.T.);
#1733 = EDGE_CURVE('',#830,#870,#1734,.T.);
#1734 = SEAM_CURVE('',#1735,(#1739,#1746),.PCURVE_S1.);
#1735 = LINE('',#1736,#1737);
#1736 = CARTESIAN_POINT('',(-7.,2.6,0.));
#1737 = VECTOR('',#1738,1.);
#1738 = DIRECTION('',(1.,0.,0.));
#1739 = PCURVE('',#850,#1740);
#1740 = DEFINITIONAL_REPRESENTATION('',(#1741),#1745);
#1741 = LINE('',#1742,#1743);
#1742 = CARTESIAN_POINT('',(-6.28318530718,0.));
#1743 = VECTOR('',#1744,1.);
#1744 = DIRECTION('',(-0.,-1.));
#1745 = ( GEOMETRIC_REPRESENTATION_CONTEXT(2) 
PARAMETRIC_REPRESENTATION_CONTEXT() REPRESENTATION_CONTEXT('2D SPACE',''
  ) );
#1746 = PCURVE('',#850,#1747);
#1747 = DEFINITIONAL_REPRESENTATION('',(#1748),#1752);
#1748 = LINE('',#1749,#1750);
#1749 = CARTESIAN_POINT('',(-0.,0.));
#1750 = VECTOR('',#1751,1.);
#1751 = DIRECTION('',(-0.,-1.));
#1752 = ( GEOMETRIC_REPRESENTATION_CONTEXT(2) 
PARAMETRIC_REPRESENTATION_CONTEXT() REPRESENTATION_CONTEXT('2D SPACE',''
  ) );
#1753 = ORIENTED_EDGE('',*,*,#869,.F.);
#1754 = ORIENTED_EDGE('',*,*,#1733,.F.);
#1755 = ADVANCED_FACE('',(#1756,#1884,#1928),#960,.T.);
#1756 = FACE_BOUND('',#1757,.F.);
#1757 = EDGE_LOOP('',(#1758,#1789,#1812,#1839,#1861,#1862));
#1758 = ORIENTED_EDGE('',*,*,#1759,.F.);
#1759 = EDGE_CURVE('',#1760,#1762,#1764,.T.);
#1760 = VERTEX_POINT('',#1761);
#1761 = CARTESIAN_POINT('',(-6.,8.,117.88039563481));
#1762 = VERTEX_POINT('',#1763);
#1763 = CARTESIAN_POINT('',(-6.,-1.469576158977E-15,109.88039563481));
#1764 = SURFACE_CURVE('',#1765,(#1770,#1777),.PCURVE_S1.);
#1765 = CIRCLE('',#1766,8.);
#1766 = AXIS2_PLACEMENT_3D('',#1767,#1768,#1769);
#1767 = CARTESIAN_POINT('',(-6.,0.,117.88039563481));
#1768 = DIRECTION('',(1.,0.,0.));
#1769 = DIRECTION('',(0.,1.,0.));
#1770 = PCURVE('',#960,#1771);
#1771 = DEFINITIONAL_REPRESENTATION('',(#1772),#1776);
#1772 = LINE('',#1773,#1774);
#1773 = CARTESIAN_POINT('',(-0.,0.));
#1774 = VECTOR('',#1775,1.);
#1775 = DIRECTION('',(-1.,0.));
#1776 = ( GEOMETRIC_REPRESENTATION_CONTEXT(2) 
PARAMETRIC_REPRESENTATION_CONTEXT() REPRESENTATION_CONTEXT('2D SPACE',''
  ) );
#1777 = PCURVE('',#1778,#1783);
#1778 = PLANE('',#1779);
#1779 = AXIS2_PLACEMENT_3D('',#1780,#1781,#1782);
#1780 = CARTESIAN_POINT('',(-6.,-5.127900497023E-16,117.88039563481));
#1781 = DIRECTION('',(1.,0.,0.));
#1782 = DIRECTION('',(-0.,0.,1.));
#1783 = DEFINITIONAL_REPRESENTATION('',(#1784),#1788);
#1784 = CIRCLE('',#1785,8.);
#1785 = AXIS2_PLACEMENT_2D('',#1786,#1787);
#1786 = CARTESIAN_POINT('',(0.,-5.127900497023E-16));
#1787 = DIRECTION('',(0.,-1.));
#1788 = ( GEOMETRIC_REPRESENTATION_CONTEXT(2) 
PARAMETRIC_REPRESENTATION_CONTEXT() REPRESENTATION_CONTEXT('2D SPACE',''
  ) );
#1789 = ORIENTED_EDGE('',*,*,#1790,.T.);
#1790 = EDGE_CURVE('',#1760,#1791,#1793,.T.);
#1791 = VERTEX_POINT('',#1792);
#1792 = CARTESIAN_POINT('',(6.,8.,117.88039563481));
#1793 = SEAM_CURVE('',#1794,(#1798,#1805),.PCURVE_S1.);
#1794 = LINE('',#1795,#1796);
#1795 = CARTESIAN_POINT('',(-6.,8.,117.88039563481));
#1796 = VECTOR('',#1797,1.);
#1797 = DIRECTION('',(1.,0.,0.));
#1798 = PCURVE('',#960,#1799);
#1799 = DEFINITIONAL_REPRESENTATION('',(#1800),#1804);
#1800 = LINE('',#1801,#1802);
#1801 = CARTESIAN_POINT('',(-6.28318530718,0.));
#1802 = VECTOR('',#1803,1.);
#1803 = DIRECTION('',(-0.,-1.));
#1804 = ( GEOMETRIC_REPRESENTATION_CONTEXT(2) 
PARAMETRIC_REPRESENTATION_CONTEXT() REPRESENTATION_CONTEXT('2D SPACE',''
  ) );
#1805 = PCURVE('',#960,#1806);
#1806 = DEFINITIONAL_REPRESENTATION('',(#1807),#1811);
#1807 = LINE('',#1808,#1809);
#1808 = CARTESIAN_POINT('',(-0.,0.));
#1809 = VECTOR('',#1810,1.);
#1810 = DIRECTION('',(-0.,-1.));
#1811 = ( GEOMETRIC_REPRESENTATION_CONTEXT(2) 
PARAMETRIC_REPRESENTATION_CONTEXT() REPRESENTATION_CONTEXT('2D SPACE',''
  ) );
#1812 = ORIENTED_EDGE('',*,*,#1813,.T.);
#1813 = EDGE_CURVE('',#1791,#902,#1814,.T.);
#1814 = SURFACE_CURVE('',#1815,(#1820,#1827),.PCURVE_S1.);
#1815 = CIRCLE('',#1816,8.);
#1816 = AXIS2_PLACEMENT_3D('',#1817,#1818,#1819);
#1817 = CARTESIAN_POINT('',(6.,0.,117.88039563481));
#1818 = DIRECTION('',(1.,0.,0.));
#1819 = DIRECTION('',(0.,1.,0.));
#1820 = PCURVE('',#960,#1821);
#1821 = DEFINITIONAL_REPRESENTATION('',(#1822),#1826);
#1822 = LINE('',#1823,#1824);
#1823 = CARTESIAN_POINT('',(-0.,-12.));
#1824 = VECTOR('',#1825,1.);
#1825 = DIRECTION('',(-1.,0.));
#1826 = ( GEOMETRIC_REPRESENTATION_CONTEXT(2) 
PARAMETRIC_REPRESENTATION_CONTEXT() REPRESENTATION_CONTEXT('2D SPACE',''
  ) );
#1827 = PCURVE('',#1828,#1833);
#1828 = PLANE('',#1829);
#1829 = AXIS2_PLACEMENT_3D('',#1830,#1831,#1832);
#1830 = CARTESIAN_POINT('',(6.,-5.127900497023E-16,117.88039563481));
#1831 = DIRECTION('',(1.,0.,0.));
#1832 = DIRECTION('',(-0.,0.,1.));
#1833 = DEFINITIONAL_REPRESENTATION('',(#1834),#1838);
#1834 = CIRCLE('',#1835,8.);
#1835 = AXIS2_PLACEMENT_2D('',#1836,#1837);
#1836 = CARTESIAN_POINT('',(0.,-5.127900497023E-16));
#1837 = DIRECTION('',(0.,-1.));
#1838 = ( GEOMETRIC_REPRESENTATION_CONTEXT(2) 
PARAMETRIC_REPRESENTATION_CONTEXT() REPRESENTATION_CONTEXT('2D SPACE',''
  ) );
#1839 = ORIENTED_EDGE('',*,*,#1840,.T.);
#1840 = EDGE_CURVE('',#902,#1791,#1841,.T.);
#1841 = SURFACE_CURVE('',#1842,(#1847,#1854),.PCURVE_S1.);
#1842 = CIRCLE('',#1843,8.);
#1843 = AXIS2_PLACEMENT_3D('',#1844,#1845,#1846);
#1844 = CARTESIAN_POINT('',(6.,0.,117.88039563481));
#1845 = DIRECTION('',(1.,0.,0.));
#1846 = DIRECTION('',(0.,1.,0.));
#1847 = PCURVE('',#960,#1848);
#1848 = DEFINITIONAL_REPRESENTATION('',(#1849),#1853);
#1849 = LINE('',#1850,#1851);
#1850 = CARTESIAN_POINT('',(-0.,-12.));
#1851 = VECTOR('',#1852,1.);
#1852 = DIRECTION('',(-1.,0.));
#1853 = ( GEOMETRIC_REPRESENTATION_CONTEXT(2) 
PARAMETRIC_REPRESENTATION_CONTEXT() REPRESENTATION_CONTEXT('2D SPACE',''
  ) );
#1854 = PCURVE('',#1828,#1855);
#1855 = DEFINITIONAL_REPRESENTATION('',(#1856),#1860);
#1856 = CIRCLE('',#1857,8.);
#1857 = AXIS2_PLACEMENT_2D('',#1858,#1859);
#1858 = CARTESIAN_POINT('',(0.,-5.127900497023E-16));
#1859 = DIRECTION('',(0.,-1.));
#1860 = ( GEOMETRIC_REPRESENTATION_CONTEXT(2) 
PARAMETRIC_REPRESENTATION_CONTEXT() REPRESENTATION_CONTEXT('2D SPACE',''
  ) );
#1861 = ORIENTED_EDGE('',*,*,#1790,.F.);
#1862 = ORIENTED_EDGE('',*,*,#1863,.F.);
#1863 = EDGE_CURVE('',#1762,#1760,#1864,.T.);
#1864 = SURFACE_CURVE('',#1865,(#1870,#1877),.PCURVE_S1.);
#1865 = CIRCLE('',#1866,8.);
#1866 = AXIS2_PLACEMENT_3D('',#1867,#1868,#1869);
#1867 = CARTESIAN_POINT('',(-6.,0.,117.88039563481));
#1868 = DIRECTION('',(1.,0.,0.));
#1869 = DIRECTION('',(0.,1.,0.));
#1870 = PCURVE('',#960,#1871);
#1871 = DEFINITIONAL_REPRESENTATION('',(#1872),#1876);
#1872 = LINE('',#1873,#1874);
#1873 = CARTESIAN_POINT('',(-0.,0.));
#1874 = VECTOR('',#1875,1.);
#1875 = DIRECTION('',(-1.,0.));
#1876 = ( GEOMETRIC_REPRESENTATION_CONTEXT(2) 
PARAMETRIC_REPRESENTATION_CONTEXT() REPRESENTATION_CONTEXT('2D SPACE',''
  ) );
#1877 = PCURVE('',#1778,#1878);
#1878 = DEFINITIONAL_REPRESENTATION('',(#1879),#1883);
#1879 = CIRCLE('',#1880,8.);
#1880 = AXIS2_PLACEMENT_2D('',#1881,#1882);
#1881 = CARTESIAN_POINT('',(0.,-5.127900497023E-16));
#1882 = DIRECTION('',(0.,-1.));
#1883 = ( GEOMETRIC_REPRESENTATION_CONTEXT(2) 
PARAMETRIC_REPRESENTATION_CONTEXT() REPRESENTATION_CONTEXT('2D SPACE',''
  ) );
#1884 = FACE_BOUND('',#1885,.F.);
#1885 = EDGE_LOOP('',(#1886,#1887,#1888,#1907,#1908,#1909));
#1886 = ORIENTED_EDGE('',*,*,#924,.F.);
#1887 = ORIENTED_EDGE('',*,*,#1259,.F.);
#1888 = ORIENTED_EDGE('',*,*,#1889,.T.);
#1889 = EDGE_CURVE('',#1231,#1610,#1890,.T.);
#1890 = SURFACE_CURVE('',#1891,(#1895,#1901),.PCURVE_S1.);
#1891 = LINE('',#1892,#1893);
#1892 = CARTESIAN_POINT('',(-6.,-3.872983346207,110.88039563481));
#1893 = VECTOR('',#1894,1.);
#1894 = DIRECTION('',(-1.,-0.,-0.));
#1895 = PCURVE('',#960,#1896);
#1896 = DEFINITIONAL_REPRESENTATION('',(#1897),#1900);
#1897 = B_SPLINE_CURVE_WITH_KNOTS('',1,(#1898,#1899),.UNSPECIFIED.,.F.,
  .F.,(2,2),(-12.0000006,5.999999999062E-07),.PIECEWISE_BEZIER_KNOTS.);
#1898 = CARTESIAN_POINT('',(-4.207028470101,-12.0000006));
#1899 = CARTESIAN_POINT('',(-4.207028470101,5.999999999062E-07));
#1900 = ( GEOMETRIC_REPRESENTATION_CONTEXT(2) 
PARAMETRIC_REPRESENTATION_CONTEXT() REPRESENTATION_CONTEXT('2D SPACE',''
  ) );
#1901 = PCURVE('',#1247,#1902);
#1902 = DEFINITIONAL_REPRESENTATION('',(#1903),#1906);
#1903 = B_SPLINE_CURVE_WITH_KNOTS('',1,(#1904,#1905),.UNSPECIFIED.,.F.,
  .F.,(2,2),(-12.0000006,5.999999999062E-07),.PIECEWISE_BEZIER_KNOTS.);
#1904 = CARTESIAN_POINT('',(6.0000006,-3.872983346207));
#1905 = CARTESIAN_POINT('',(-6.0000006,-3.872983346207));
#1906 = ( GEOMETRIC_REPRESENTATION_CONTEXT(2) 
PARAMETRIC_REPRESENTATION_CONTEXT() REPRESENTATION_CONTEXT('2D SPACE',''
  ) );
#1907 = ORIENTED_EDGE('',*,*,#1633,.T.);
#1908 = ORIENTED_EDGE('',*,*,#1410,.T.);
#1909 = ORIENTED_EDGE('',*,*,#1910,.F.);
#1910 = EDGE_CURVE('',#927,#1411,#1911,.T.);
#1911 = SURFACE_CURVE('',#1912,(#1916,#1922),.PCURVE_S1.);
#1912 = LINE('',#1913,#1914);
#1913 = CARTESIAN_POINT('',(-6.,3.872983346207,110.88039563481));
#1914 = VECTOR('',#1915,1.);
#1915 = DIRECTION('',(-1.,-0.,-0.));
#1916 = PCURVE('',#960,#1917);
#1917 = DEFINITIONAL_REPRESENTATION('',(#1918),#1921);
#1918 = B_SPLINE_CURVE_WITH_KNOTS('',1,(#1919,#1920),.UNSPECIFIED.,.F.,
  .F.,(2,2),(-12.0000006,5.999999999062E-07),.PIECEWISE_BEZIER_KNOTS.);
#1919 = CARTESIAN_POINT('',(-5.217749490669,-12.0000006));
#1920 = CARTESIAN_POINT('',(-5.217749490669,5.999999999062E-07));
#1921 = ( GEOMETRIC_REPRESENTATION_CONTEXT(2) 
PARAMETRIC_REPRESENTATION_CONTEXT() REPRESENTATION_CONTEXT('2D SPACE',''
  ) );
#1922 = PCURVE('',#998,#1923);
#1923 = DEFINITIONAL_REPRESENTATION('',(#1924),#1927);
#1924 = B_SPLINE_CURVE_WITH_KNOTS('',1,(#1925,#1926),.UNSPECIFIED.,.F.,
  .F.,(2,2),(-12.0000006,5.999999999062E-07),.PIECEWISE_BEZIER_KNOTS.);
#1925 = CARTESIAN_POINT('',(6.0000006,3.872983346207));
#1926 = CARTESIAN_POINT('',(-6.0000006,3.872983346207));
#1927 = ( GEOMETRIC_REPRESENTATION_CONTEXT(2) 
PARAMETRIC_REPRESENTATION_CONTEXT() REPRESENTATION_CONTEXT('2D SPACE',''
  ) );
#1928 = FACE_BOUND('',#1929,.F.);
#1929 = EDGE_LOOP('',(#1930,#1931,#1932,#1951,#1952));
#1930 = ORIENTED_EDGE('',*,*,#1120,.F.);
#1931 = ORIENTED_EDGE('',*,*,#1010,.F.);
#1932 = ORIENTED_EDGE('',*,*,#1933,.F.);
#1933 = EDGE_CURVE('',#1476,#982,#1934,.T.);
#1934 = SURFACE_CURVE('',#1935,(#1939,#1945),.PCURVE_S1.);
#1935 = LINE('',#1936,#1937);
#1936 = CARTESIAN_POINT('',(-6.,3.872983346207,110.88039563481));
#1937 = VECTOR('',#1938,1.);
#1938 = DIRECTION('',(-1.,-0.,-0.));
#1939 = PCURVE('',#960,#1940);
#1940 = DEFINITIONAL_REPRESENTATION('',(#1941),#1944);
#1941 = B_SPLINE_CURVE_WITH_KNOTS('',1,(#1942,#1943),.UNSPECIFIED.,.F.,
  .F.,(2,2),(-12.0000006,5.999999999062E-07),.PIECEWISE_BEZIER_KNOTS.);
#1942 = CARTESIAN_POINT('',(-5.217749490669,-12.0000006));
#1943 = CARTESIAN_POINT('',(-5.217749490669,5.999999999062E-07));
#1944 = ( GEOMETRIC_REPRESENTATION_CONTEXT(2) 
PARAMETRIC_REPRESENTATION_CONTEXT() REPRESENTATION_CONTEXT('2D SPACE',''
  ) );
#1945 = PCURVE('',#998,#1946);
#1946 = DEFINITIONAL_REPRESENTATION('',(#1947),#1950);
#1947 = B_SPLINE_CURVE_WITH_KNOTS('',1,(#1948,#1949),.UNSPECIFIED.,.F.,
  .F.,(2,2),(-12.0000006,5.999999999062E-07),.PIECEWISE_BEZIER_KNOTS.);
#1948 = CARTESIAN_POINT('',(6.0000006,3.872983346207));
#1949 = CARTESIAN_POINT('',(-6.0000006,3.872983346207));
#1950 = ( GEOMETRIC_REPRESENTATION_CONTEXT(2) 
PARAMETRIC_REPRESENTATION_CONTEXT() REPRESENTATION_CONTEXT('2D SPACE',''
  ) );
#1951 = ORIENTED_EDGE('',*,*,#1499,.T.);
#1952 = ORIENTED_EDGE('',*,*,#1953,.T.);
#1953 = EDGE_CURVE('',#1500,#1121,#1954,.T.);
#1954 = SURFACE_CURVE('',#1955,(#1959,#1965),.PCURVE_S1.);
#1955 = LINE('',#1956,#1957);
#1956 = CARTESIAN_POINT('',(-6.,-3.872983346207,110.88039563481));
#1957 = VECTOR('',#1958,1.);
#1958 = DIRECTION('',(-1.,-0.,-0.));
#1959 = PCURVE('',#960,#1960);
#1960 = DEFINITIONAL_REPRESENTATION('',(#1961),#1964);
#1961 = B_SPLINE_CURVE_WITH_KNOTS('',1,(#1962,#1963),.UNSPECIFIED.,.F.,
  .F.,(2,2),(-12.0000006,5.999999999062E-07),.PIECEWISE_BEZIER_KNOTS.);
#1962 = CARTESIAN_POINT('',(-4.207028470101,-12.0000006));
#1963 = CARTESIAN_POINT('',(-4.207028470101,5.999999999062E-07));
#1964 = ( GEOMETRIC_REPRESENTATION_CONTEXT(2) 
PARAMETRIC_REPRESENTATION_CONTEXT() REPRESENTATION_CONTEXT('2D SPACE',''
  ) );
#1965 = PCURVE('',#1247,#1966);
#1966 = DEFINITIONAL_REPRESENTATION('',(#1967),#1970);
#1967 = B_SPLINE_CURVE_WITH_KNOTS('',1,(#1968,#1969),.UNSPECIFIED.,.F.,
  .F.,(2,2),(-12.0000006,5.999999999062E-07),.PIECEWISE_BEZIER_KNOTS.);
#1968 = CARTESIAN_POINT('',(6.0000006,-3.872983346207));
#1969 = CARTESIAN_POINT('',(-6.0000006,-3.872983346207));
#1970 = ( GEOMETRIC_REPRESENTATION_CONTEXT(2) 
PARAMETRIC_REPRESENTATION_CONTEXT() REPRESENTATION_CONTEXT('2D SPACE',''
  ) );
#1971 = ADVANCED_FACE('',(#1972),#1247,.T.);
#1972 = FACE_BOUND('',#1973,.T.);
#1973 = EDGE_LOOP('',(#1974,#1975,#1976,#1977));
#1974 = ORIENTED_EDGE('',*,*,#1230,.T.);
#1975 = ORIENTED_EDGE('',*,*,#1889,.T.);
#1976 = ORIENTED_EDGE('',*,*,#1609,.F.);
#1977 = ORIENTED_EDGE('',*,*,#1953,.T.);
#1978 = ADVANCED_FACE('',(#1979),#998,.T.);
#1979 = FACE_BOUND('',#1980,.T.);
#1980 = EDGE_LOOP('',(#1981,#1982,#1983,#1984));
#1981 = ORIENTED_EDGE('',*,*,#1910,.F.);
#1982 = ORIENTED_EDGE('',*,*,#981,.T.);
#1983 = ORIENTED_EDGE('',*,*,#1933,.F.);
#1984 = ORIENTED_EDGE('',*,*,#1475,.F.);
#1985 = ADVANCED_FACE('',(#1986,#1990),#1778,.F.);
#1986 = FACE_BOUND('',#1987,.F.);
#1987 = EDGE_LOOP('',(#1988,#1989));
#1988 = ORIENTED_EDGE('',*,*,#1759,.T.);
#1989 = ORIENTED_EDGE('',*,*,#1863,.T.);
#1990 = FACE_BOUND('',#1991,.F.);
#1991 = EDGE_LOOP('',(#1992));
#1992 = ORIENTED_EDGE('',*,*,#1993,.T.);
#1993 = EDGE_CURVE('',#1994,#1994,#1996,.T.);
#1994 = VERTEX_POINT('',#1995);
#1995 = CARTESIAN_POINT('',(-6.,2.6,117.88039563481));
#1996 = SURFACE_CURVE('',#1997,(#2002,#2013),.PCURVE_S1.);
#1997 = CIRCLE('',#1998,2.6);
#1998 = AXIS2_PLACEMENT_3D('',#1999,#2000,#2001);
#1999 = CARTESIAN_POINT('',(-6.,0.,117.88039563481));
#2000 = DIRECTION('',(-1.,0.,0.));
#2001 = DIRECTION('',(0.,1.,0.));
#2002 = PCURVE('',#1778,#2003);
#2003 = DEFINITIONAL_REPRESENTATION('',(#2004),#2012);
#2004 = ( BOUNDED_CURVE() B_SPLINE_CURVE(2,(#2005,#2006,#2007,#2008,
#2009,#2010,#2011),.UNSPECIFIED.,.T.,.F.) B_SPLINE_CURVE_WITH_KNOTS((1,2
    ,2,2,2,1),(-2.094395102393,0.,2.094395102393,4.188790204786,
6.28318530718,8.377580409573),.UNSPECIFIED.) CURVE() 
GEOMETRIC_REPRESENTATION_ITEM() RATIONAL_B_SPLINE_CURVE((1.,0.5,1.,0.5,
1.,0.5,1.)) REPRESENTATION_ITEM('') );
#2005 = CARTESIAN_POINT('',(0.,-2.6));
#2006 = CARTESIAN_POINT('',(-4.503332099679,-2.6));
#2007 = CARTESIAN_POINT('',(-2.25166604984,1.3));
#2008 = CARTESIAN_POINT('',(-6.368163355566E-16,5.2));
#2009 = CARTESIAN_POINT('',(2.25166604984,1.3));
#2010 = CARTESIAN_POINT('',(4.503332099679,-2.6));
#2011 = CARTESIAN_POINT('',(0.,-2.6));
#2012 = ( GEOMETRIC_REPRESENTATION_CONTEXT(2) 
PARAMETRIC_REPRESENTATION_CONTEXT() REPRESENTATION_CONTEXT('2D SPACE',''
  ) );
#2013 = PCURVE('',#2014,#2019);
#2014 = CYLINDRICAL_SURFACE('',#2015,2.6);
#2015 = AXIS2_PLACEMENT_3D('',#2016,#2017,#2018);
#2016 = CARTESIAN_POINT('',(-7.,0.,117.88039563481));
#2017 = DIRECTION('',(-1.,-0.,-0.));
#2018 = DIRECTION('',(0.,1.,0.));
#2019 = DEFINITIONAL_REPRESENTATION('',(#2020),#2024);
#2020 = LINE('',#2021,#2022);
#2021 = CARTESIAN_POINT('',(-6.28318530718,-1.));
#2022 = VECTOR('',#2023,1.);
#2023 = DIRECTION('',(1.,-0.));
#2024 = ( GEOMETRIC_REPRESENTATION_CONTEXT(2) 
PARAMETRIC_REPRESENTATION_CONTEXT() REPRESENTATION_CONTEXT('2D SPACE',''
  ) );
#2025 = ADVANCED_FACE('',(#2026,#2030),#1828,.T.);
#2026 = FACE_BOUND('',#2027,.T.);
#2027 = EDGE_LOOP('',(#2028,#2029));
#2028 = ORIENTED_EDGE('',*,*,#1813,.T.);
#2029 = ORIENTED_EDGE('',*,*,#1840,.T.);
#2030 = FACE_BOUND('',#2031,.T.);
#2031 = EDGE_LOOP('',(#2032));
#2032 = ORIENTED_EDGE('',*,*,#2033,.T.);
#2033 = EDGE_CURVE('',#2034,#2034,#2036,.T.);
#2034 = VERTEX_POINT('',#2035);
#2035 = CARTESIAN_POINT('',(6.,2.6,117.88039563481));
#2036 = SURFACE_CURVE('',#2037,(#2042,#2053),.PCURVE_S1.);
#2037 = CIRCLE('',#2038,2.6);
#2038 = AXIS2_PLACEMENT_3D('',#2039,#2040,#2041);
#2039 = CARTESIAN_POINT('',(6.,0.,117.88039563481));
#2040 = DIRECTION('',(-1.,0.,0.));
#2041 = DIRECTION('',(0.,1.,0.));
#2042 = PCURVE('',#1828,#2043);
#2043 = DEFINITIONAL_REPRESENTATION('',(#2044),#2052);
#2044 = ( BOUNDED_CURVE() B_SPLINE_CURVE(2,(#2045,#2046,#2047,#2048,
#2049,#2050,#2051),.UNSPECIFIED.,.T.,.F.) B_SPLINE_CURVE_WITH_KNOTS((1,2
    ,2,2,2,1),(-2.094395102393,0.,2.094395102393,4.188790204786,
6.28318530718,8.377580409573),.UNSPECIFIED.) CURVE() 
GEOMETRIC_REPRESENTATION_ITEM() RATIONAL_B_SPLINE_CURVE((1.,0.5,1.,0.5,
1.,0.5,1.)) REPRESENTATION_ITEM('') );
#2045 = CARTESIAN_POINT('',(0.,-2.6));
#2046 = CARTESIAN_POINT('',(-4.503332099679,-2.6));
#2047 = CARTESIAN_POINT('',(-2.25166604984,1.3));
#2048 = CARTESIAN_POINT('',(-6.368163355566E-16,5.2));
#2049 = CARTESIAN_POINT('',(2.25166604984,1.3));
#2050 = CARTESIAN_POINT('',(4.503332099679,-2.6));
#2051 = CARTESIAN_POINT('',(0.,-2.6));
#2052 = ( GEOMETRIC_REPRESENTATION_CONTEXT(2) 
PARAMETRIC_REPRESENTATION_CONTEXT() REPRESENTATION_CONTEXT('2D SPACE',''
  ) );
#2053 = PCURVE('',#2014,#2054);
#2054 = DEFINITIONAL_REPRESENTATION('',(#2055),#2059);
#2055 = LINE('',#2056,#2057);
#2056 = CARTESIAN_POINT('',(-6.28318530718,-13.));
#2057 = VECTOR('',#2058,1.);
#2058 = DIRECTION('',(1.,-0.));
#2059 = ( GEOMETRIC_REPRESENTATION_CONTEXT(2) 
PARAMETRIC_REPRESENTATION_CONTEXT() REPRESENTATION_CONTEXT('2D SPACE',''
  ) );
#2060 = ADVANCED_FACE('',(#2061),#2014,.F.);
#2061 = FACE_BOUND('',#2062,.T.);
#2062 = EDGE_LOOP('',(#2063,#2064,#2085,#2086));
#2063 = ORIENTED_EDGE('',*,*,#1993,.T.);
#2064 = ORIENTED_EDGE('',*,*,#2065,.T.);
#2065 = EDGE_CURVE('',#1994,#2034,#2066,.T.);
#2066 = SEAM_CURVE('',#2067,(#2071,#2078),.PCURVE_S1.);
#2067 = LINE('',#2068,#2069);
#2068 = CARTESIAN_POINT('',(-7.,2.6,117.88039563481));
#2069 = VECTOR('',#2070,1.);
#2070 = DIRECTION('',(1.,0.,0.));
#2071 = PCURVE('',#2014,#2072);
#2072 = DEFINITIONAL_REPRESENTATION('',(#2073),#2077);
#2073 = LINE('',#2074,#2075);
#2074 = CARTESIAN_POINT('',(-6.28318530718,0.));
#2075 = VECTOR('',#2076,1.);
#2076 = DIRECTION('',(-0.,-1.));
#2077 = ( GEOMETRIC_REPRESENTATION_CONTEXT(2) 
PARAMETRIC_REPRESENTATION_CONTEXT() REPRESENTATION_CONTEXT('2D SPACE',''
  ) );
#2078 = PCURVE('',#2014,#2079);
#2079 = DEFINITIONAL_REPRESENTATION('',(#2080),#2084);
#2080 = LINE('',#2081,#2082);
#2081 = CARTESIAN_POINT('',(-0.,0.));
#2082 = VECTOR('',#2083,1.);
#2083 = DIRECTION('',(-0.,-1.));
#2084 = ( GEOMETRIC_REPRESENTATION_CONTEXT(2) 
PARAMETRIC_REPRESENTATION_CONTEXT() REPRESENTATION_CONTEXT('2D SPACE',''
  ) );
#2085 = ORIENTED_EDGE('',*,*,#2033,.F.);
#2086 = ORIENTED_EDGE('',*,*,#2065,.F.);
#2087 = ( GEOMETRIC_REPRESENTATION_CONTEXT(3) 
GLOBAL_UNCERTAINTY_ASSIGNED_CONTEXT((#2091)) 
GLOBAL_UNIT_ASSIGNED_CONTEXT((#2088,#2089,#2090)) REPRESENTATION_CONTEXT
('Context #1','3D Context with UNIT and UNCERTAINTY') );
#2088 = ( LENGTH_UNIT() NAMED_UNIT(*) SI_UNIT(.MILLI.,.METRE.) );
#2089 = ( NAMED_UNIT(*) PLANE_ANGLE_UNIT() SI_UNIT($,.RADIAN.) );
#2090 = ( NAMED_UNIT(*) SI_UNIT($,.STERADIAN.) SOLID_ANGLE_UNIT() );
#2091 = UNCERTAINTY_MEASURE_WITH_UNIT(LENGTH_MEASURE(1.E-07),#2088,
  'distance_accuracy_value','confusion accuracy');
#2092 = PRODUCT_RELATED_PRODUCT_CATEGORY('part',$,(#7));
ENDSEC;
END-ISO-10303-21;
