ISO-10303-21;
HEADER;
FILE_DESCRIPTION(('Open CASCADE Model'),'2;1');
FILE_NAME('Open CASCADE Shape Model','2026-10-03T15:43:07',('Author'),(
    'Open CASCADE'),'Open CASCADE STEP processor 7.9','Open CASCADE 7.9'
  ,'Unknown');
FILE_SCHEMA(('AUTOMOTIVE_DESIGN { 1 0 10303 214 1 1 1 1 }'));
ENDSEC;
DATA;
#1 = APPLICATION_PROTOCOL_DEFINITION('international standard',
  'automotive_design',2000,#2);
#2 = APPLICATION_CONTEXT(
  'core data for automotive mechanical design processes');
#3 = SHAPE_DEFINITION_REPRESENTATION(#4,#10);
#4 = PRODUCT_DEFINITION_SHAPE('','',#5);
#5 = PRODUCT_DEFINITION('design','',#6,#9);
#6 = PRODUCT_DEFINITION_FORMATION('','',#7);
#7 = PRODUCT('Open CASCADE STEP translator 7.9 11',
  'Open CASCADE STEP translator 7.9 11','',(#8));
#8 = PRODUCT_CONTEXT('',#2,'mechanical');
#9 = PRODUCT_DEFINITION_CONTEXT('part definition',#2,'design');
#10 = ADVANCED_BREP_SHAPE_REPRESENTATION('',(#11,#15),#5180);
#11 = AXIS2_PLACEMENT_3D('',#12,#13,#14);
#12 = CARTESIAN_POINT('',(0.,0.,0.));
#13 = DIRECTION('',(0.,0.,1.));
#14 = DIRECTION('',(1.,0.,-0.));
#15 = MANIFOLD_SOLID_BREP('',#16);
#16 = CLOSED_SHELL('',(#17,#419,#545,#593,#645,#716,#771,#826,#885,#940,
    #994,#1049,#1104,#1159,#1189,#1313,#1934,#1938,#1942,#1981,#1985,
    #1989,#1993,#1997,#2107,#2156,#2234,#3018,#3123,#3172,#3245,#3350,
    #3399,#3472,#3577,#3626,#3699,#3804,#3853,#3926,#4031,#4080,#4153,
    #4450,#4478,#4485,#4538,#4641,#4648,#4675,#4702,#4729,#4756,#4783,
    #4810,#4817,#4844,#4851,#4878,#4885,#4912,#4919,#4946,#4953,#4985,
    #5013,#5019,#5151));
#17 = ADVANCED_FACE('',(#18,#139,#174,#209,#244,#279,#314,#349,#384),#32
  ,.F.);
#18 = FACE_BOUND('',#19,.F.);
#19 = EDGE_LOOP('',(#20,#55,#84,#112));
#20 = ORIENTED_EDGE('',*,*,#21,.T.);
#21 = EDGE_CURVE('',#22,#24,#26,.T.);
#22 = VERTEX_POINT('',#23);
#23 = CARTESIAN_POINT('',(59.160797830997,-9.999999999999,0.));
#24 = VERTEX_POINT('',#25);
#25 = CARTESIAN_POINT('',(71.270166537926,-10.,0.));
#26 = SURFACE_CURVE('',#27,(#31,#43),.PCURVE_S1.);
#27 = LINE('',#28,#29);
#28 = CARTESIAN_POINT('',(52.,-10.,0.));
#29 = VECTOR('',#30,1.);
#30 = DIRECTION('',(1.,0.,0.));
#31 = PCURVE('',#32,#37);
#32 = PLANE('',#33);
#33 = AXIS2_PLACEMENT_3D('',#34,#35,#36);
#34 = CARTESIAN_POINT('',(-2.917205616084E-15,4.679120177894E-16,0.));
#35 = DIRECTION('',(0.,0.,1.));
#36 = DIRECTION('',(1.,0.,-0.));
#37 = DEFINITIONAL_REPRESENTATION('',(#38),#42);
#38 = LINE('',#39,#40);
#39 = CARTESIAN_POINT('',(52.,-10.));
#40 = VECTOR('',#41,1.);
#41 = DIRECTION('',(1.,0.));
#42 = ( GEOMETRIC_REPRESENTATION_CONTEXT(2) 
PARAMETRIC_REPRESENTATION_CONTEXT() REPRESENTATION_CONTEXT('2D SPACE',''
  ) );
#43 = PCURVE('',#44,#49);
#44 = PLANE('',#45);
#45 = AXIS2_PLACEMENT_3D('',#46,#47,#48);
#46 = CARTESIAN_POINT('',(52.,-10.,0.));
#47 = DIRECTION('',(0.,1.,0.));
#48 = DIRECTION('',(0.,0.,1.));
#49 = DEFINITIONAL_REPRESENTATION('',(#50),#54);
#50 = LINE('',#51,#52);
#51 = CARTESIAN_POINT('',(0.,0.));
#52 = VECTOR('',#53,1.);
#53 = DIRECTION('',(0.,1.));
#54 = ( GEOMETRIC_REPRESENTATION_CONTEXT(2) 
PARAMETRIC_REPRESENTATION_CONTEXT() REPRESENTATION_CONTEXT('2D SPACE',''
  ) );
#55 = ORIENTED_EDGE('',*,*,#56,.T.);
#56 = EDGE_CURVE('',#24,#57,#59,.T.);
#57 = VERTEX_POINT('',#58);
#58 = CARTESIAN_POINT('',(71.270166537926,10.,0.));
#59 = SURFACE_CURVE('',#60,(#65,#72),.PCURVE_S1.);
#60 = CIRCLE('',#61,40.);
#61 = AXIS2_PLACEMENT_3D('',#62,#63,#64);
#62 = CARTESIAN_POINT('',(110.,0.,0.));
#63 = DIRECTION('',(0.,0.,1.));
#64 = DIRECTION('',(-0.968245836552,-0.25,0.));
#65 = PCURVE('',#32,#66);
#66 = DEFINITIONAL_REPRESENTATION('',(#67),#71);
#67 = CIRCLE('',#68,40.);
#68 = AXIS2_PLACEMENT_2D('',#69,#70);
#69 = CARTESIAN_POINT('',(110.,-4.679120177894E-16));
#70 = DIRECTION('',(-0.968245836552,-0.25));
#71 = ( GEOMETRIC_REPRESENTATION_CONTEXT(2) 
PARAMETRIC_REPRESENTATION_CONTEXT() REPRESENTATION_CONTEXT('2D SPACE',''
  ) );
#72 = PCURVE('',#73,#78);
#73 = CYLINDRICAL_SURFACE('',#74,40.);
#74 = AXIS2_PLACEMENT_3D('',#75,#76,#77);
#75 = CARTESIAN_POINT('',(110.,0.,0.));
#76 = DIRECTION('',(-0.,-0.,-1.));
#77 = DIRECTION('',(1.,0.,0.));
#78 = DEFINITIONAL_REPRESENTATION('',(#79),#83);
#79 = LINE('',#80,#81);
#80 = CARTESIAN_POINT('',(-3.394272908732,0.));
#81 = VECTOR('',#82,1.);
#82 = DIRECTION('',(-1.,0.));
#83 = ( GEOMETRIC_REPRESENTATION_CONTEXT(2) 
PARAMETRIC_REPRESENTATION_CONTEXT() REPRESENTATION_CONTEXT('2D SPACE',''
  ) );
#84 = ORIENTED_EDGE('',*,*,#85,.F.);
#85 = EDGE_CURVE('',#86,#57,#88,.T.);
#86 = VERTEX_POINT('',#87);
#87 = CARTESIAN_POINT('',(59.160797830997,9.999999999999,0.));
#88 = SURFACE_CURVE('',#89,(#93,#100),.PCURVE_S1.);
#89 = LINE('',#90,#91);
#90 = CARTESIAN_POINT('',(52.,10.,0.));
#91 = VECTOR('',#92,1.);
#92 = DIRECTION('',(1.,0.,0.));
#93 = PCURVE('',#32,#94);
#94 = DEFINITIONAL_REPRESENTATION('',(#95),#99);
#95 = LINE('',#96,#97);
#96 = CARTESIAN_POINT('',(52.,10.));
#97 = VECTOR('',#98,1.);
#98 = DIRECTION('',(1.,0.));
#99 = ( GEOMETRIC_REPRESENTATION_CONTEXT(2) 
PARAMETRIC_REPRESENTATION_CONTEXT() REPRESENTATION_CONTEXT('2D SPACE',''
  ) );
#100 = PCURVE('',#101,#106);
#101 = PLANE('',#102);
#102 = AXIS2_PLACEMENT_3D('',#103,#104,#105);
#103 = CARTESIAN_POINT('',(52.,10.,0.));
#104 = DIRECTION('',(0.,1.,0.));
#105 = DIRECTION('',(0.,0.,1.));
#106 = DEFINITIONAL_REPRESENTATION('',(#107),#111);
#107 = LINE('',#108,#109);
#108 = CARTESIAN_POINT('',(0.,0.));
#109 = VECTOR('',#110,1.);
#110 = DIRECTION('',(0.,1.));
#111 = ( GEOMETRIC_REPRESENTATION_CONTEXT(2) 
PARAMETRIC_REPRESENTATION_CONTEXT() REPRESENTATION_CONTEXT('2D SPACE',''
  ) );
#112 = ORIENTED_EDGE('',*,*,#113,.T.);
#113 = EDGE_CURVE('',#86,#22,#114,.T.);
#114 = SURFACE_CURVE('',#115,(#120,#127),.PCURVE_S1.);
#115 = CIRCLE('',#116,60.);
#116 = AXIS2_PLACEMENT_3D('',#117,#118,#119);
#117 = CARTESIAN_POINT('',(0.,0.,0.));
#118 = DIRECTION('',(0.,0.,1.));
#119 = DIRECTION('',(1.,0.,0.));
#120 = PCURVE('',#32,#121);
#121 = DEFINITIONAL_REPRESENTATION('',(#122),#126);
#122 = CIRCLE('',#123,60.);
#123 = AXIS2_PLACEMENT_2D('',#124,#125);
#124 = CARTESIAN_POINT('',(2.917205616084E-15,-4.679120177894E-16));
#125 = DIRECTION('',(1.,0.));
#126 = ( GEOMETRIC_REPRESENTATION_CONTEXT(2) 
PARAMETRIC_REPRESENTATION_CONTEXT() REPRESENTATION_CONTEXT('2D SPACE',''
  ) );
#127 = PCURVE('',#128,#133);
#128 = CYLINDRICAL_SURFACE('',#129,60.);
#129 = AXIS2_PLACEMENT_3D('',#130,#131,#132);
#130 = CARTESIAN_POINT('',(0.,0.,0.));
#131 = DIRECTION('',(-0.,-0.,-1.));
#132 = DIRECTION('',(1.,0.,0.));
#133 = DEFINITIONAL_REPRESENTATION('',(#134),#138);
#134 = LINE('',#135,#136);
#135 = CARTESIAN_POINT('',(-0.,0.));
#136 = VECTOR('',#137,1.);
#137 = DIRECTION('',(-1.,0.));
#138 = ( GEOMETRIC_REPRESENTATION_CONTEXT(2) 
PARAMETRIC_REPRESENTATION_CONTEXT() REPRESENTATION_CONTEXT('2D SPACE',''
  ) );
#139 = FACE_BOUND('',#140,.F.);
#140 = EDGE_LOOP('',(#141));
#141 = ORIENTED_EDGE('',*,*,#142,.T.);
#142 = EDGE_CURVE('',#143,#143,#145,.T.);
#143 = VERTEX_POINT('',#144);
#144 = CARTESIAN_POINT('',(-4.,-39.6,0.));
#145 = SURFACE_CURVE('',#146,(#151,#162),.PCURVE_S1.);
#146 = CIRCLE('',#147,4.);
#147 = AXIS2_PLACEMENT_3D('',#148,#149,#150);
#148 = CARTESIAN_POINT('',(-7.274401986935E-15,-39.6,0.));
#149 = DIRECTION('',(0.,0.,-1.));
#150 = DIRECTION('',(-1.,0.,-0.));
#151 = PCURVE('',#32,#152);
#152 = DEFINITIONAL_REPRESENTATION('',(#153),#161);
#153 = ( BOUNDED_CURVE() B_SPLINE_CURVE(2,(#154,#155,#156,#157,#158,#159
,#160),.UNSPECIFIED.,.T.,.F.) B_SPLINE_CURVE_WITH_KNOTS((1,2,2,2,2,1),(
    -2.094395102393,0.,2.094395102393,4.188790204786,6.28318530718,
8.377580409573),.UNSPECIFIED.) CURVE() GEOMETRIC_REPRESENTATION_ITEM() 
RATIONAL_B_SPLINE_CURVE((1.,0.5,1.,0.5,1.,0.5,1.)) REPRESENTATION_ITEM(
  '') );
#154 = CARTESIAN_POINT('',(-4.,-39.6));
#155 = CARTESIAN_POINT('',(-4.,-32.67179676972));
#156 = CARTESIAN_POINT('',(2.,-36.13589838486));
#157 = CARTESIAN_POINT('',(8.,-39.6));
#158 = CARTESIAN_POINT('',(2.,-43.06410161513));
#159 = CARTESIAN_POINT('',(-4.,-46.52820323027));
#160 = CARTESIAN_POINT('',(-4.,-39.6));
#161 = ( GEOMETRIC_REPRESENTATION_CONTEXT(2) 
PARAMETRIC_REPRESENTATION_CONTEXT() REPRESENTATION_CONTEXT('2D SPACE',''
  ) );
#162 = PCURVE('',#163,#168);
#163 = CONICAL_SURFACE('',#164,4.,0.412410441597);
#164 = AXIS2_PLACEMENT_3D('',#165,#166,#167);
#165 = CARTESIAN_POINT('',(-7.274401986935E-15,-39.6,0.));
#166 = DIRECTION('',(-0.,-0.,1.));
#167 = DIRECTION('',(-1.,0.,-0.));
#168 = DEFINITIONAL_REPRESENTATION('',(#169),#173);
#169 = LINE('',#170,#171);
#170 = CARTESIAN_POINT('',(-0.,-0.));
#171 = VECTOR('',#172,1.);
#172 = DIRECTION('',(-1.,-0.));
#173 = ( GEOMETRIC_REPRESENTATION_CONTEXT(2) 
PARAMETRIC_REPRESENTATION_CONTEXT() REPRESENTATION_CONTEXT('2D SPACE',''
  ) );
#174 = FACE_BOUND('',#175,.F.);
#175 = EDGE_LOOP('',(#176));
#176 = ORIENTED_EDGE('',*,*,#177,.T.);
#177 = EDGE_CURVE('',#178,#178,#180,.T.);
#178 = VERTEX_POINT('',#179);
#179 = CARTESIAN_POINT('',(-38.29460598986,-19.8,0.));
#180 = SURFACE_CURVE('',#181,(#186,#197),.PCURVE_S1.);
#181 = CIRCLE('',#182,4.);
#182 = AXIS2_PLACEMENT_3D('',#183,#184,#185);
#183 = CARTESIAN_POINT('',(-34.29460598986,-19.8,0.));
#184 = DIRECTION('',(0.,0.,-1.));
#185 = DIRECTION('',(-1.,0.,-0.));
#186 = PCURVE('',#32,#187);
#187 = DEFINITIONAL_REPRESENTATION('',(#188),#196);
#188 = ( BOUNDED_CURVE() B_SPLINE_CURVE(2,(#189,#190,#191,#192,#193,#194
,#195),.UNSPECIFIED.,.T.,.F.) B_SPLINE_CURVE_WITH_KNOTS((1,2,2,2,2,1),(
    -2.094395102393,0.,2.094395102393,4.188790204786,6.28318530718,
8.377580409573),.UNSPECIFIED.) CURVE() GEOMETRIC_REPRESENTATION_ITEM() 
RATIONAL_B_SPLINE_CURVE((1.,0.5,1.,0.5,1.,0.5,1.)) REPRESENTATION_ITEM(
  '') );
#189 = CARTESIAN_POINT('',(-38.29460598986,-19.8));
#190 = CARTESIAN_POINT('',(-38.29460598986,-12.87179676972));
#191 = CARTESIAN_POINT('',(-32.29460598986,-16.33589838486));
#192 = CARTESIAN_POINT('',(-26.29460598986,-19.8));
#193 = CARTESIAN_POINT('',(-32.29460598986,-23.26410161513));
#194 = CARTESIAN_POINT('',(-38.29460598986,-26.72820323027));
#195 = CARTESIAN_POINT('',(-38.29460598986,-19.8));
#196 = ( GEOMETRIC_REPRESENTATION_CONTEXT(2) 
PARAMETRIC_REPRESENTATION_CONTEXT() REPRESENTATION_CONTEXT('2D SPACE',''
  ) );
#197 = PCURVE('',#198,#203);
#198 = CONICAL_SURFACE('',#199,4.,0.412410441597);
#199 = AXIS2_PLACEMENT_3D('',#200,#201,#202);
#200 = CARTESIAN_POINT('',(-34.29460598986,-19.8,0.));
#201 = DIRECTION('',(-0.,-0.,1.));
#202 = DIRECTION('',(-1.,0.,-0.));
#203 = DEFINITIONAL_REPRESENTATION('',(#204),#208);
#204 = LINE('',#205,#206);
#205 = CARTESIAN_POINT('',(-0.,-0.));
#206 = VECTOR('',#207,1.);
#207 = DIRECTION('',(-1.,-0.));
#208 = ( GEOMETRIC_REPRESENTATION_CONTEXT(2) 
PARAMETRIC_REPRESENTATION_CONTEXT() REPRESENTATION_CONTEXT('2D SPACE',''
  ) );
#209 = FACE_BOUND('',#210,.F.);
#210 = EDGE_LOOP('',(#211));
#211 = ORIENTED_EDGE('',*,*,#212,.T.);
#212 = EDGE_CURVE('',#213,#213,#215,.T.);
#213 = VERTEX_POINT('',#214);
#214 = CARTESIAN_POINT('',(4.,0.,0.));
#215 = SURFACE_CURVE('',#216,(#221,#232),.PCURVE_S1.);
#216 = CIRCLE('',#217,4.);
#217 = AXIS2_PLACEMENT_3D('',#218,#219,#220);
#218 = CARTESIAN_POINT('',(0.,0.,0.));
#219 = DIRECTION('',(0.,0.,-1.));
#220 = DIRECTION('',(1.,0.,0.));
#221 = PCURVE('',#32,#222);
#222 = DEFINITIONAL_REPRESENTATION('',(#223),#231);
#223 = ( BOUNDED_CURVE() B_SPLINE_CURVE(2,(#224,#225,#226,#227,#228,#229
,#230),.UNSPECIFIED.,.T.,.F.) B_SPLINE_CURVE_WITH_KNOTS((1,2,2,2,2,1),(
    -2.094395102393,0.,2.094395102393,4.188790204786,6.28318530718,
8.377580409573),.UNSPECIFIED.) CURVE() GEOMETRIC_REPRESENTATION_ITEM() 
RATIONAL_B_SPLINE_CURVE((1.,0.5,1.,0.5,1.,0.5,1.)) REPRESENTATION_ITEM(
  '') );
#224 = CARTESIAN_POINT('',(4.,-4.679120177894E-16));
#225 = CARTESIAN_POINT('',(4.,-6.928203230276));
#226 = CARTESIAN_POINT('',(-2.,-3.464101615138));
#227 = CARTESIAN_POINT('',(-8.,-1.447629457107E-15));
#228 = CARTESIAN_POINT('',(-2.,3.464101615138));
#229 = CARTESIAN_POINT('',(4.,6.928203230276));
#230 = CARTESIAN_POINT('',(4.,-4.679120177894E-16));
#231 = ( GEOMETRIC_REPRESENTATION_CONTEXT(2) 
PARAMETRIC_REPRESENTATION_CONTEXT() REPRESENTATION_CONTEXT('2D SPACE',''
  ) );
#232 = PCURVE('',#233,#238);
#233 = CYLINDRICAL_SURFACE('',#234,4.);
#234 = AXIS2_PLACEMENT_3D('',#235,#236,#237);
#235 = CARTESIAN_POINT('',(0.,0.,-1.));
#236 = DIRECTION('',(-0.,-0.,-1.));
#237 = DIRECTION('',(1.,0.,0.));
#238 = DEFINITIONAL_REPRESENTATION('',(#239),#243);
#239 = LINE('',#240,#241);
#240 = CARTESIAN_POINT('',(-6.28318530718,-1.));
#241 = VECTOR('',#242,1.);
#242 = DIRECTION('',(1.,-0.));
#243 = ( GEOMETRIC_REPRESENTATION_CONTEXT(2) 
PARAMETRIC_REPRESENTATION_CONTEXT() REPRESENTATION_CONTEXT('2D SPACE',''
  ) );
#244 = FACE_BOUND('',#245,.F.);
#245 = EDGE_LOOP('',(#246));
#246 = ORIENTED_EDGE('',*,*,#247,.T.);
#247 = EDGE_CURVE('',#248,#248,#250,.T.);
#248 = VERTEX_POINT('',#249);
#249 = CARTESIAN_POINT('',(30.294605989864,-19.8,0.));
#250 = SURFACE_CURVE('',#251,(#256,#267),.PCURVE_S1.);
#251 = CIRCLE('',#252,4.);
#252 = AXIS2_PLACEMENT_3D('',#253,#254,#255);
#253 = CARTESIAN_POINT('',(34.294605989864,-19.8,0.));
#254 = DIRECTION('',(0.,0.,-1.));
#255 = DIRECTION('',(-1.,0.,-0.));
#256 = PCURVE('',#32,#257);
#257 = DEFINITIONAL_REPRESENTATION('',(#258),#266);
#258 = ( BOUNDED_CURVE() B_SPLINE_CURVE(2,(#259,#260,#261,#262,#263,#264
,#265),.UNSPECIFIED.,.T.,.F.) B_SPLINE_CURVE_WITH_KNOTS((1,2,2,2,2,1),(
    -2.094395102393,0.,2.094395102393,4.188790204786,6.28318530718,
8.377580409573),.UNSPECIFIED.) CURVE() GEOMETRIC_REPRESENTATION_ITEM() 
RATIONAL_B_SPLINE_CURVE((1.,0.5,1.,0.5,1.,0.5,1.)) REPRESENTATION_ITEM(
  '') );
#259 = CARTESIAN_POINT('',(30.294605989864,-19.8));
#260 = CARTESIAN_POINT('',(30.294605989864,-12.87179676972));
#261 = CARTESIAN_POINT('',(36.294605989864,-16.33589838486));
#262 = CARTESIAN_POINT('',(42.294605989864,-19.8));
#263 = CARTESIAN_POINT('',(36.294605989864,-23.26410161513));
#264 = CARTESIAN_POINT('',(30.294605989864,-26.72820323027));
#265 = CARTESIAN_POINT('',(30.294605989864,-19.8));
#266 = ( GEOMETRIC_REPRESENTATION_CONTEXT(2) 
PARAMETRIC_REPRESENTATION_CONTEXT() REPRESENTATION_CONTEXT('2D SPACE',''
  ) );
#267 = PCURVE('',#268,#273);
#268 = CONICAL_SURFACE('',#269,4.,0.412410441597);
#269 = AXIS2_PLACEMENT_3D('',#270,#271,#272);
#270 = CARTESIAN_POINT('',(34.294605989864,-19.8,0.));
#271 = DIRECTION('',(-0.,-0.,1.));
#272 = DIRECTION('',(-1.,0.,-0.));
#273 = DEFINITIONAL_REPRESENTATION('',(#274),#278);
#274 = LINE('',#275,#276);
#275 = CARTESIAN_POINT('',(-0.,-0.));
#276 = VECTOR('',#277,1.);
#277 = DIRECTION('',(-1.,-0.));
#278 = ( GEOMETRIC_REPRESENTATION_CONTEXT(2) 
PARAMETRIC_REPRESENTATION_CONTEXT() REPRESENTATION_CONTEXT('2D SPACE',''
  ) );
#279 = FACE_BOUND('',#280,.F.);
#280 = EDGE_LOOP('',(#281));
#281 = ORIENTED_EDGE('',*,*,#282,.T.);
#282 = EDGE_CURVE('',#283,#283,#285,.T.);
#283 = VERTEX_POINT('',#284);
#284 = CARTESIAN_POINT('',(142.,0.,0.));
#285 = SURFACE_CURVE('',#286,(#291,#302),.PCURVE_S1.);
#286 = CIRCLE('',#287,32.);
#287 = AXIS2_PLACEMENT_3D('',#288,#289,#290);
#288 = CARTESIAN_POINT('',(110.,0.,0.));
#289 = DIRECTION('',(0.,0.,-1.));
#290 = DIRECTION('',(1.,0.,0.));
#291 = PCURVE('',#32,#292);
#292 = DEFINITIONAL_REPRESENTATION('',(#293),#301);
#293 = ( BOUNDED_CURVE() B_SPLINE_CURVE(2,(#294,#295,#296,#297,#298,#299
,#300),.UNSPECIFIED.,.T.,.F.) B_SPLINE_CURVE_WITH_KNOTS((1,2,2,2,2,1),(
    -2.094395102393,0.,2.094395102393,4.188790204786,6.28318530718,
8.377580409573),.UNSPECIFIED.) CURVE() GEOMETRIC_REPRESENTATION_ITEM() 
RATIONAL_B_SPLINE_CURVE((1.,0.5,1.,0.5,1.,0.5,1.)) REPRESENTATION_ITEM(
  '') );
#294 = CARTESIAN_POINT('',(142.,-4.679120177894E-16));
#295 = CARTESIAN_POINT('',(142.,-55.4256258422));
#296 = CARTESIAN_POINT('',(94.,-27.7128129211));
#297 = CARTESIAN_POINT('',(46.,-8.305651532332E-15));
#298 = CARTESIAN_POINT('',(94.,27.712812921102));
#299 = CARTESIAN_POINT('',(142.,55.425625842204));
#300 = CARTESIAN_POINT('',(142.,-4.679120177894E-16));
#301 = ( GEOMETRIC_REPRESENTATION_CONTEXT(2) 
PARAMETRIC_REPRESENTATION_CONTEXT() REPRESENTATION_CONTEXT('2D SPACE',''
  ) );
#302 = PCURVE('',#303,#308);
#303 = CYLINDRICAL_SURFACE('',#304,32.);
#304 = AXIS2_PLACEMENT_3D('',#305,#306,#307);
#305 = CARTESIAN_POINT('',(110.,0.,-2.));
#306 = DIRECTION('',(-0.,-0.,-1.));
#307 = DIRECTION('',(1.,0.,0.));
#308 = DEFINITIONAL_REPRESENTATION('',(#309),#313);
#309 = LINE('',#310,#311);
#310 = CARTESIAN_POINT('',(-6.28318530718,-2.));
#311 = VECTOR('',#312,1.);
#312 = DIRECTION('',(1.,-0.));
#313 = ( GEOMETRIC_REPRESENTATION_CONTEXT(2) 
PARAMETRIC_REPRESENTATION_CONTEXT() REPRESENTATION_CONTEXT('2D SPACE',''
  ) );
#314 = FACE_BOUND('',#315,.F.);
#315 = EDGE_LOOP('',(#316));
#316 = ORIENTED_EDGE('',*,*,#317,.T.);
#317 = EDGE_CURVE('',#318,#318,#320,.T.);
#318 = VERTEX_POINT('',#319);
#319 = CARTESIAN_POINT('',(-38.29460598986,19.8,0.));
#320 = SURFACE_CURVE('',#321,(#326,#337),.PCURVE_S1.);
#321 = CIRCLE('',#322,4.);
#322 = AXIS2_PLACEMENT_3D('',#323,#324,#325);
#323 = CARTESIAN_POINT('',(-34.29460598986,19.8,0.));
#324 = DIRECTION('',(0.,0.,-1.));
#325 = DIRECTION('',(-1.,0.,-0.));
#326 = PCURVE('',#32,#327);
#327 = DEFINITIONAL_REPRESENTATION('',(#328),#336);
#328 = ( BOUNDED_CURVE() B_SPLINE_CURVE(2,(#329,#330,#331,#332,#333,#334
,#335),.UNSPECIFIED.,.T.,.F.) B_SPLINE_CURVE_WITH_KNOTS((1,2,2,2,2,1),(
    -2.094395102393,0.,2.094395102393,4.188790204786,6.28318530718,
8.377580409573),.UNSPECIFIED.) CURVE() GEOMETRIC_REPRESENTATION_ITEM() 
RATIONAL_B_SPLINE_CURVE((1.,0.5,1.,0.5,1.,0.5,1.)) REPRESENTATION_ITEM(
  '') );
#329 = CARTESIAN_POINT('',(-38.29460598986,19.8));
#330 = CARTESIAN_POINT('',(-38.29460598986,26.728203230276));
#331 = CARTESIAN_POINT('',(-32.29460598986,23.264101615138));
#332 = CARTESIAN_POINT('',(-26.29460598986,19.8));
#333 = CARTESIAN_POINT('',(-32.29460598986,16.335898384862));
#334 = CARTESIAN_POINT('',(-38.29460598986,12.871796769724));
#335 = CARTESIAN_POINT('',(-38.29460598986,19.8));
#336 = ( GEOMETRIC_REPRESENTATION_CONTEXT(2) 
PARAMETRIC_REPRESENTATION_CONTEXT() REPRESENTATION_CONTEXT('2D SPACE',''
  ) );
#337 = PCURVE('',#338,#343);
#338 = CONICAL_SURFACE('',#339,4.,0.412410441597);
#339 = AXIS2_PLACEMENT_3D('',#340,#341,#342);
#340 = CARTESIAN_POINT('',(-34.29460598986,19.8,0.));
#341 = DIRECTION('',(-0.,-0.,1.));
#342 = DIRECTION('',(-1.,0.,-0.));
#343 = DEFINITIONAL_REPRESENTATION('',(#344),#348);
#344 = LINE('',#345,#346);
#345 = CARTESIAN_POINT('',(-0.,-0.));
#346 = VECTOR('',#347,1.);
#347 = DIRECTION('',(-1.,-0.));
#348 = ( GEOMETRIC_REPRESENTATION_CONTEXT(2) 
PARAMETRIC_REPRESENTATION_CONTEXT() REPRESENTATION_CONTEXT('2D SPACE',''
  ) );
#349 = FACE_BOUND('',#350,.F.);
#350 = EDGE_LOOP('',(#351));
#351 = ORIENTED_EDGE('',*,*,#352,.T.);
#352 = EDGE_CURVE('',#353,#353,#355,.T.);
#353 = VERTEX_POINT('',#354);
#354 = CARTESIAN_POINT('',(30.294605989864,19.8,0.));
#355 = SURFACE_CURVE('',#356,(#361,#372),.PCURVE_S1.);
#356 = CIRCLE('',#357,4.);
#357 = AXIS2_PLACEMENT_3D('',#358,#359,#360);
#358 = CARTESIAN_POINT('',(34.294605989864,19.8,0.));
#359 = DIRECTION('',(0.,0.,-1.));
#360 = DIRECTION('',(-1.,0.,-0.));
#361 = PCURVE('',#32,#362);
#362 = DEFINITIONAL_REPRESENTATION('',(#363),#371);
#363 = ( BOUNDED_CURVE() B_SPLINE_CURVE(2,(#364,#365,#366,#367,#368,#369
,#370),.UNSPECIFIED.,.T.,.F.) B_SPLINE_CURVE_WITH_KNOTS((1,2,2,2,2,1),(
    -2.094395102393,0.,2.094395102393,4.188790204786,6.28318530718,
8.377580409573),.UNSPECIFIED.) CURVE() GEOMETRIC_REPRESENTATION_ITEM() 
RATIONAL_B_SPLINE_CURVE((1.,0.5,1.,0.5,1.,0.5,1.)) REPRESENTATION_ITEM(
  '') );
#364 = CARTESIAN_POINT('',(30.294605989864,19.8));
#365 = CARTESIAN_POINT('',(30.294605989864,26.728203230276));
#366 = CARTESIAN_POINT('',(36.294605989864,23.264101615138));
#367 = CARTESIAN_POINT('',(42.294605989864,19.8));
#368 = CARTESIAN_POINT('',(36.294605989864,16.335898384862));
#369 = CARTESIAN_POINT('',(30.294605989864,12.871796769724));
#370 = CARTESIAN_POINT('',(30.294605989864,19.8));
#371 = ( GEOMETRIC_REPRESENTATION_CONTEXT(2) 
PARAMETRIC_REPRESENTATION_CONTEXT() REPRESENTATION_CONTEXT('2D SPACE',''
  ) );
#372 = PCURVE('',#373,#378);
#373 = CONICAL_SURFACE('',#374,4.,0.412410441597);
#374 = AXIS2_PLACEMENT_3D('',#375,#376,#377);
#375 = CARTESIAN_POINT('',(34.294605989864,19.8,0.));
#376 = DIRECTION('',(-0.,-0.,1.));
#377 = DIRECTION('',(-1.,0.,-0.));
#378 = DEFINITIONAL_REPRESENTATION('',(#379),#383);
#379 = LINE('',#380,#381);
#380 = CARTESIAN_POINT('',(-0.,-0.));
#381 = VECTOR('',#382,1.);
#382 = DIRECTION('',(-1.,-0.));
#383 = ( GEOMETRIC_REPRESENTATION_CONTEXT(2) 
PARAMETRIC_REPRESENTATION_CONTEXT() REPRESENTATION_CONTEXT('2D SPACE',''
  ) );
#384 = FACE_BOUND('',#385,.F.);
#385 = EDGE_LOOP('',(#386));
#386 = ORIENTED_EDGE('',*,*,#387,.T.);
#387 = EDGE_CURVE('',#388,#388,#390,.T.);
#388 = VERTEX_POINT('',#389);
#389 = CARTESIAN_POINT('',(-4.,39.6,0.));
#390 = SURFACE_CURVE('',#391,(#396,#407),.PCURVE_S1.);
#391 = CIRCLE('',#392,4.);
#392 = AXIS2_PLACEMENT_3D('',#393,#394,#395);
#393 = CARTESIAN_POINT('',(2.424800662312E-15,39.6,0.));
#394 = DIRECTION('',(0.,0.,-1.));
#395 = DIRECTION('',(-1.,0.,-0.));
#396 = PCURVE('',#32,#397);
#397 = DEFINITIONAL_REPRESENTATION('',(#398),#406);
#398 = ( BOUNDED_CURVE() B_SPLINE_CURVE(2,(#399,#400,#401,#402,#403,#404
,#405),.UNSPECIFIED.,.T.,.F.) B_SPLINE_CURVE_WITH_KNOTS((1,2,2,2,2,1),(
    -2.094395102393,0.,2.094395102393,4.188790204786,6.28318530718,
8.377580409573),.UNSPECIFIED.) CURVE() GEOMETRIC_REPRESENTATION_ITEM() 
RATIONAL_B_SPLINE_CURVE((1.,0.5,1.,0.5,1.,0.5,1.)) REPRESENTATION_ITEM(
  '') );
#399 = CARTESIAN_POINT('',(-4.,39.6));
#400 = CARTESIAN_POINT('',(-4.,46.528203230276));
#401 = CARTESIAN_POINT('',(2.,43.064101615138));
#402 = CARTESIAN_POINT('',(8.,39.6));
#403 = CARTESIAN_POINT('',(2.,36.135898384862));
#404 = CARTESIAN_POINT('',(-4.,32.671796769724));
#405 = CARTESIAN_POINT('',(-4.,39.6));
#406 = ( GEOMETRIC_REPRESENTATION_CONTEXT(2) 
PARAMETRIC_REPRESENTATION_CONTEXT() REPRESENTATION_CONTEXT('2D SPACE',''
  ) );
#407 = PCURVE('',#408,#413);
#408 = CONICAL_SURFACE('',#409,4.,0.412410441597);
#409 = AXIS2_PLACEMENT_3D('',#410,#411,#412);
#410 = CARTESIAN_POINT('',(2.424800662312E-15,39.6,0.));
#411 = DIRECTION('',(-0.,-0.,1.));
#412 = DIRECTION('',(-1.,0.,-0.));
#413 = DEFINITIONAL_REPRESENTATION('',(#414),#418);
#414 = LINE('',#415,#416);
#415 = CARTESIAN_POINT('',(-0.,-0.));
#416 = VECTOR('',#417,1.);
#417 = DIRECTION('',(-1.,-0.));
#418 = ( GEOMETRIC_REPRESENTATION_CONTEXT(2) 
PARAMETRIC_REPRESENTATION_CONTEXT() REPRESENTATION_CONTEXT('2D SPACE',''
  ) );
#419 = ADVANCED_FACE('',(#420),#44,.F.);
#420 = FACE_BOUND('',#421,.F.);
#421 = EDGE_LOOP('',(#422,#423,#444,#470,#498,#526));
#422 = ORIENTED_EDGE('',*,*,#21,.F.);
#423 = ORIENTED_EDGE('',*,*,#424,.F.);
#424 = EDGE_CURVE('',#425,#22,#427,.T.);
#425 = VERTEX_POINT('',#426);
#426 = CARTESIAN_POINT('',(59.160797830996,-10.,4.));
#427 = SURFACE_CURVE('',#428,(#432,#438),.PCURVE_S1.);
#428 = LINE('',#429,#430);
#429 = CARTESIAN_POINT('',(59.160797830996,-10.,0.));
#430 = VECTOR('',#431,1.);
#431 = DIRECTION('',(-0.,-0.,-1.));
#432 = PCURVE('',#44,#433);
#433 = DEFINITIONAL_REPRESENTATION('',(#434),#437);
#434 = B_SPLINE_CURVE_WITH_KNOTS('',1,(#435,#436),.UNSPECIFIED.,.F.,.F.,
  (2,2),(-4.0000006,6.E-07),.PIECEWISE_BEZIER_KNOTS.);
#435 = CARTESIAN_POINT('',(4.0000006,7.160797830996));
#436 = CARTESIAN_POINT('',(-6.E-07,7.160797830996));
#437 = ( GEOMETRIC_REPRESENTATION_CONTEXT(2) 
PARAMETRIC_REPRESENTATION_CONTEXT() REPRESENTATION_CONTEXT('2D SPACE',''
  ) );
#438 = PCURVE('',#128,#439);
#439 = DEFINITIONAL_REPRESENTATION('',(#440),#443);
#440 = B_SPLINE_CURVE_WITH_KNOTS('',1,(#441,#442),.UNSPECIFIED.,.F.,.F.,
  (2,2),(-4.0000006,6.E-07),.PIECEWISE_BEZIER_KNOTS.);
#441 = CARTESIAN_POINT('',(-6.11573722796,-4.0000006));
#442 = CARTESIAN_POINT('',(-6.11573722796,6.E-07));
#443 = ( GEOMETRIC_REPRESENTATION_CONTEXT(2) 
PARAMETRIC_REPRESENTATION_CONTEXT() REPRESENTATION_CONTEXT('2D SPACE',''
  ) );
#444 = ORIENTED_EDGE('',*,*,#445,.T.);
#445 = EDGE_CURVE('',#425,#446,#448,.T.);
#446 = VERTEX_POINT('',#447);
#447 = CARTESIAN_POINT('',(52.,-10.,4.));
#448 = SURFACE_CURVE('',#449,(#453,#459),.PCURVE_S1.);
#449 = LINE('',#450,#451);
#450 = CARTESIAN_POINT('',(26.,-10.,4.));
#451 = VECTOR('',#452,1.);
#452 = DIRECTION('',(-1.,0.,0.));
#453 = PCURVE('',#44,#454);
#454 = DEFINITIONAL_REPRESENTATION('',(#455),#458);
#455 = B_SPLINE_CURVE_WITH_KNOTS('',1,(#456,#457),.UNSPECIFIED.,.F.,.F.,
  (2,2),(-34.,-26.),.PIECEWISE_BEZIER_KNOTS.);
#456 = CARTESIAN_POINT('',(4.,8.));
#457 = CARTESIAN_POINT('',(4.,0.));
#458 = ( GEOMETRIC_REPRESENTATION_CONTEXT(2) 
PARAMETRIC_REPRESENTATION_CONTEXT() REPRESENTATION_CONTEXT('2D SPACE',''
  ) );
#459 = PCURVE('',#460,#465);
#460 = PLANE('',#461);
#461 = AXIS2_PLACEMENT_3D('',#462,#463,#464);
#462 = CARTESIAN_POINT('',(-2.917205616084E-15,4.679120177894E-16,4.));
#463 = DIRECTION('',(0.,0.,1.));
#464 = DIRECTION('',(1.,0.,-0.));
#465 = DEFINITIONAL_REPRESENTATION('',(#466),#469);
#466 = B_SPLINE_CURVE_WITH_KNOTS('',1,(#467,#468),.UNSPECIFIED.,.F.,.F.,
  (2,2),(-34.,-26.),.PIECEWISE_BEZIER_KNOTS.);
#467 = CARTESIAN_POINT('',(60.,-10.));
#468 = CARTESIAN_POINT('',(52.,-10.));
#469 = ( GEOMETRIC_REPRESENTATION_CONTEXT(2) 
PARAMETRIC_REPRESENTATION_CONTEXT() REPRESENTATION_CONTEXT('2D SPACE',''
  ) );
#470 = ORIENTED_EDGE('',*,*,#471,.T.);
#471 = EDGE_CURVE('',#446,#472,#474,.T.);
#472 = VERTEX_POINT('',#473);
#473 = CARTESIAN_POINT('',(52.,-10.,8.));
#474 = SURFACE_CURVE('',#475,(#479,#486),.PCURVE_S1.);
#475 = LINE('',#476,#477);
#476 = CARTESIAN_POINT('',(52.,-10.,0.));
#477 = VECTOR('',#478,1.);
#478 = DIRECTION('',(0.,0.,1.));
#479 = PCURVE('',#44,#480);
#480 = DEFINITIONAL_REPRESENTATION('',(#481),#485);
#481 = LINE('',#482,#483);
#482 = CARTESIAN_POINT('',(0.,0.));
#483 = VECTOR('',#484,1.);
#484 = DIRECTION('',(1.,0.));
#485 = ( GEOMETRIC_REPRESENTATION_CONTEXT(2) 
PARAMETRIC_REPRESENTATION_CONTEXT() REPRESENTATION_CONTEXT('2D SPACE',''
  ) );
#486 = PCURVE('',#487,#492);
#487 = PLANE('',#488);
#488 = AXIS2_PLACEMENT_3D('',#489,#490,#491);
#489 = CARTESIAN_POINT('',(52.,-10.,0.));
#490 = DIRECTION('',(1.,0.,0.));
#491 = DIRECTION('',(0.,0.,1.));
#492 = DEFINITIONAL_REPRESENTATION('',(#493),#497);
#493 = LINE('',#494,#495);
#494 = CARTESIAN_POINT('',(0.,0.));
#495 = VECTOR('',#496,1.);
#496 = DIRECTION('',(1.,0.));
#497 = ( GEOMETRIC_REPRESENTATION_CONTEXT(2) 
PARAMETRIC_REPRESENTATION_CONTEXT() REPRESENTATION_CONTEXT('2D SPACE',''
  ) );
#498 = ORIENTED_EDGE('',*,*,#499,.T.);
#499 = EDGE_CURVE('',#472,#500,#502,.T.);
#500 = VERTEX_POINT('',#501);
#501 = CARTESIAN_POINT('',(71.270166537926,-10.,8.));
#502 = SURFACE_CURVE('',#503,(#507,#514),.PCURVE_S1.);
#503 = LINE('',#504,#505);
#504 = CARTESIAN_POINT('',(52.,-10.,8.));
#505 = VECTOR('',#506,1.);
#506 = DIRECTION('',(1.,0.,0.));
#507 = PCURVE('',#44,#508);
#508 = DEFINITIONAL_REPRESENTATION('',(#509),#513);
#509 = LINE('',#510,#511);
#510 = CARTESIAN_POINT('',(8.,0.));
#511 = VECTOR('',#512,1.);
#512 = DIRECTION('',(0.,1.));
#513 = ( GEOMETRIC_REPRESENTATION_CONTEXT(2) 
PARAMETRIC_REPRESENTATION_CONTEXT() REPRESENTATION_CONTEXT('2D SPACE',''
  ) );
#514 = PCURVE('',#515,#520);
#515 = PLANE('',#516);
#516 = AXIS2_PLACEMENT_3D('',#517,#518,#519);
#517 = CARTESIAN_POINT('',(110.,2.742946025263E-15,8.));
#518 = DIRECTION('',(0.,0.,1.));
#519 = DIRECTION('',(1.,0.,-0.));
#520 = DEFINITIONAL_REPRESENTATION('',(#521),#525);
#521 = LINE('',#522,#523);
#522 = CARTESIAN_POINT('',(-58.,-10.));
#523 = VECTOR('',#524,1.);
#524 = DIRECTION('',(1.,0.));
#525 = ( GEOMETRIC_REPRESENTATION_CONTEXT(2) 
PARAMETRIC_REPRESENTATION_CONTEXT() REPRESENTATION_CONTEXT('2D SPACE',''
  ) );
#526 = ORIENTED_EDGE('',*,*,#527,.T.);
#527 = EDGE_CURVE('',#500,#24,#528,.T.);
#528 = SURFACE_CURVE('',#529,(#533,#539),.PCURVE_S1.);
#529 = LINE('',#530,#531);
#530 = CARTESIAN_POINT('',(71.270166537926,-10.,0.));
#531 = VECTOR('',#532,1.);
#532 = DIRECTION('',(-0.,-0.,-1.));
#533 = PCURVE('',#44,#534);
#534 = DEFINITIONAL_REPRESENTATION('',(#535),#538);
#535 = B_SPLINE_CURVE_WITH_KNOTS('',1,(#536,#537),.UNSPECIFIED.,.F.,.F.,
  (2,2),(-8.0000006,6.E-07),.PIECEWISE_BEZIER_KNOTS.);
#536 = CARTESIAN_POINT('',(8.0000006,19.270166537926));
#537 = CARTESIAN_POINT('',(-6.E-07,19.270166537926));
#538 = ( GEOMETRIC_REPRESENTATION_CONTEXT(2) 
PARAMETRIC_REPRESENTATION_CONTEXT() REPRESENTATION_CONTEXT('2D SPACE',''
  ) );
#539 = PCURVE('',#73,#540);
#540 = DEFINITIONAL_REPRESENTATION('',(#541),#544);
#541 = B_SPLINE_CURVE_WITH_KNOTS('',1,(#542,#543),.UNSPECIFIED.,.F.,.F.,
  (2,2),(-8.,0.),.PIECEWISE_BEZIER_KNOTS.);
#542 = CARTESIAN_POINT('',(-3.394272908732,-8.));
#543 = CARTESIAN_POINT('',(-3.394272908732,0.));
#544 = ( GEOMETRIC_REPRESENTATION_CONTEXT(2) 
PARAMETRIC_REPRESENTATION_CONTEXT() REPRESENTATION_CONTEXT('2D SPACE',''
  ) );
#545 = ADVANCED_FACE('',(#546),#128,.T.);
#546 = FACE_BOUND('',#547,.F.);
#547 = EDGE_LOOP('',(#548,#549,#570,#592));
#548 = ORIENTED_EDGE('',*,*,#113,.F.);
#549 = ORIENTED_EDGE('',*,*,#550,.F.);
#550 = EDGE_CURVE('',#551,#86,#553,.T.);
#551 = VERTEX_POINT('',#552);
#552 = CARTESIAN_POINT('',(59.160797830996,10.,4.));
#553 = SURFACE_CURVE('',#554,(#558,#564),.PCURVE_S1.);
#554 = LINE('',#555,#556);
#555 = CARTESIAN_POINT('',(59.160797830996,10.,0.));
#556 = VECTOR('',#557,1.);
#557 = DIRECTION('',(-0.,-0.,-1.));
#558 = PCURVE('',#128,#559);
#559 = DEFINITIONAL_REPRESENTATION('',(#560),#563);
#560 = B_SPLINE_CURVE_WITH_KNOTS('',1,(#561,#562),.UNSPECIFIED.,.F.,.F.,
  (2,2),(-4.0000006,6.E-07),.PIECEWISE_BEZIER_KNOTS.);
#561 = CARTESIAN_POINT('',(-0.16744807922,-4.0000006));
#562 = CARTESIAN_POINT('',(-0.16744807922,6.E-07));
#563 = ( GEOMETRIC_REPRESENTATION_CONTEXT(2) 
PARAMETRIC_REPRESENTATION_CONTEXT() REPRESENTATION_CONTEXT('2D SPACE',''
  ) );
#564 = PCURVE('',#101,#565);
#565 = DEFINITIONAL_REPRESENTATION('',(#566),#569);
#566 = B_SPLINE_CURVE_WITH_KNOTS('',1,(#567,#568),.UNSPECIFIED.,.F.,.F.,
  (2,2),(-4.0000006,6.E-07),.PIECEWISE_BEZIER_KNOTS.);
#567 = CARTESIAN_POINT('',(4.0000006,7.160797830996));
#568 = CARTESIAN_POINT('',(-6.E-07,7.160797830996));
#569 = ( GEOMETRIC_REPRESENTATION_CONTEXT(2) 
PARAMETRIC_REPRESENTATION_CONTEXT() REPRESENTATION_CONTEXT('2D SPACE',''
  ) );
#570 = ORIENTED_EDGE('',*,*,#571,.T.);
#571 = EDGE_CURVE('',#551,#425,#572,.T.);
#572 = SURFACE_CURVE('',#573,(#578,#585),.PCURVE_S1.);
#573 = CIRCLE('',#574,60.);
#574 = AXIS2_PLACEMENT_3D('',#575,#576,#577);
#575 = CARTESIAN_POINT('',(0.,0.,4.));
#576 = DIRECTION('',(0.,0.,1.));
#577 = DIRECTION('',(1.,0.,0.));
#578 = PCURVE('',#128,#579);
#579 = DEFINITIONAL_REPRESENTATION('',(#580),#584);
#580 = LINE('',#581,#582);
#581 = CARTESIAN_POINT('',(-0.,-4.));
#582 = VECTOR('',#583,1.);
#583 = DIRECTION('',(-1.,0.));
#584 = ( GEOMETRIC_REPRESENTATION_CONTEXT(2) 
PARAMETRIC_REPRESENTATION_CONTEXT() REPRESENTATION_CONTEXT('2D SPACE',''
  ) );
#585 = PCURVE('',#460,#586);
#586 = DEFINITIONAL_REPRESENTATION('',(#587),#591);
#587 = CIRCLE('',#588,60.);
#588 = AXIS2_PLACEMENT_2D('',#589,#590);
#589 = CARTESIAN_POINT('',(2.917205616084E-15,-4.679120177894E-16));
#590 = DIRECTION('',(1.,0.));
#591 = ( GEOMETRIC_REPRESENTATION_CONTEXT(2) 
PARAMETRIC_REPRESENTATION_CONTEXT() REPRESENTATION_CONTEXT('2D SPACE',''
  ) );
#592 = ORIENTED_EDGE('',*,*,#424,.T.);
#593 = ADVANCED_FACE('',(#594),#73,.T.);
#594 = FACE_BOUND('',#595,.F.);
#595 = EDGE_LOOP('',(#596,#597,#598,#626));
#596 = ORIENTED_EDGE('',*,*,#56,.F.);
#597 = ORIENTED_EDGE('',*,*,#527,.F.);
#598 = ORIENTED_EDGE('',*,*,#599,.F.);
#599 = EDGE_CURVE('',#600,#500,#602,.T.);
#600 = VERTEX_POINT('',#601);
#601 = CARTESIAN_POINT('',(71.270166537926,10.,8.));
#602 = SURFACE_CURVE('',#603,(#608,#615),.PCURVE_S1.);
#603 = CIRCLE('',#604,40.);
#604 = AXIS2_PLACEMENT_3D('',#605,#606,#607);
#605 = CARTESIAN_POINT('',(110.,0.,8.));
#606 = DIRECTION('',(0.,0.,-1.));
#607 = DIRECTION('',(-0.968245836552,0.25,0.));
#608 = PCURVE('',#73,#609);
#609 = DEFINITIONAL_REPRESENTATION('',(#610),#614);
#610 = LINE('',#611,#612);
#611 = CARTESIAN_POINT('',(-9.172097705627,-8.));
#612 = VECTOR('',#613,1.);
#613 = DIRECTION('',(1.,-0.));
#614 = ( GEOMETRIC_REPRESENTATION_CONTEXT(2) 
PARAMETRIC_REPRESENTATION_CONTEXT() REPRESENTATION_CONTEXT('2D SPACE',''
  ) );
#615 = PCURVE('',#515,#616);
#616 = DEFINITIONAL_REPRESENTATION('',(#617),#625);
#617 = ( BOUNDED_CURVE() B_SPLINE_CURVE(2,(#618,#619,#620,#621,#622,#623
,#624),.UNSPECIFIED.,.T.,.F.) B_SPLINE_CURVE_WITH_KNOTS((1,2,2,2,2,1),(
    -2.094395102393,0.,2.094395102393,4.188790204786,6.28318530718,
8.377580409573),.UNSPECIFIED.) CURVE() GEOMETRIC_REPRESENTATION_ITEM() 
RATIONAL_B_SPLINE_CURVE((1.,0.5,1.,0.5,1.,0.5,1.)) REPRESENTATION_ITEM(
  '') );
#618 = CARTESIAN_POINT('',(-38.72983346207,10.));
#619 = CARTESIAN_POINT('',(-21.40932538638,77.082039324994));
#620 = CARTESIAN_POINT('',(28.025170768882,28.541019662497));
#621 = CARTESIAN_POINT('',(77.459666924148,-20.));
#622 = CARTESIAN_POINT('',(10.704662693192,-38.54101966249));
#623 = CARTESIAN_POINT('',(-56.05034153776,-57.08203932499));
#624 = CARTESIAN_POINT('',(-38.72983346207,10.));
#625 = ( GEOMETRIC_REPRESENTATION_CONTEXT(2) 
PARAMETRIC_REPRESENTATION_CONTEXT() REPRESENTATION_CONTEXT('2D SPACE',''
  ) );
#626 = ORIENTED_EDGE('',*,*,#627,.T.);
#627 = EDGE_CURVE('',#600,#57,#628,.T.);
#628 = SURFACE_CURVE('',#629,(#633,#639),.PCURVE_S1.);
#629 = LINE('',#630,#631);
#630 = CARTESIAN_POINT('',(71.270166537926,10.,0.));
#631 = VECTOR('',#632,1.);
#632 = DIRECTION('',(-0.,-0.,-1.));
#633 = PCURVE('',#73,#634);
#634 = DEFINITIONAL_REPRESENTATION('',(#635),#638);
#635 = B_SPLINE_CURVE_WITH_KNOTS('',1,(#636,#637),.UNSPECIFIED.,.F.,.F.,
  (2,2),(-8.,-0.),.PIECEWISE_BEZIER_KNOTS.);
#636 = CARTESIAN_POINT('',(-9.172097705627,-8.));
#637 = CARTESIAN_POINT('',(-9.172097705627,0.));
#638 = ( GEOMETRIC_REPRESENTATION_CONTEXT(2) 
PARAMETRIC_REPRESENTATION_CONTEXT() REPRESENTATION_CONTEXT('2D SPACE',''
  ) );
#639 = PCURVE('',#101,#640);
#640 = DEFINITIONAL_REPRESENTATION('',(#641),#644);
#641 = B_SPLINE_CURVE_WITH_KNOTS('',1,(#642,#643),.UNSPECIFIED.,.F.,.F.,
  (2,2),(-8.0000006,6.E-07),.PIECEWISE_BEZIER_KNOTS.);
#642 = CARTESIAN_POINT('',(8.0000006,19.270166537926));
#643 = CARTESIAN_POINT('',(-6.E-07,19.270166537926));
#644 = ( GEOMETRIC_REPRESENTATION_CONTEXT(2) 
PARAMETRIC_REPRESENTATION_CONTEXT() REPRESENTATION_CONTEXT('2D SPACE',''
  ) );
#645 = ADVANCED_FACE('',(#646),#101,.T.);
#646 = FACE_BOUND('',#647,.T.);
#647 = EDGE_LOOP('',(#648,#649,#650,#671,#694,#715));
#648 = ORIENTED_EDGE('',*,*,#85,.F.);
#649 = ORIENTED_EDGE('',*,*,#550,.F.);
#650 = ORIENTED_EDGE('',*,*,#651,.T.);
#651 = EDGE_CURVE('',#551,#652,#654,.T.);
#652 = VERTEX_POINT('',#653);
#653 = CARTESIAN_POINT('',(52.,10.,4.));
#654 = SURFACE_CURVE('',#655,(#659,#665),.PCURVE_S1.);
#655 = LINE('',#656,#657);
#656 = CARTESIAN_POINT('',(26.,10.,4.));
#657 = VECTOR('',#658,1.);
#658 = DIRECTION('',(-1.,0.,0.));
#659 = PCURVE('',#101,#660);
#660 = DEFINITIONAL_REPRESENTATION('',(#661),#664);
#661 = B_SPLINE_CURVE_WITH_KNOTS('',1,(#662,#663),.UNSPECIFIED.,.F.,.F.,
  (2,2),(-34.,-26.),.PIECEWISE_BEZIER_KNOTS.);
#662 = CARTESIAN_POINT('',(4.,8.));
#663 = CARTESIAN_POINT('',(4.,0.));
#664 = ( GEOMETRIC_REPRESENTATION_CONTEXT(2) 
PARAMETRIC_REPRESENTATION_CONTEXT() REPRESENTATION_CONTEXT('2D SPACE',''
  ) );
#665 = PCURVE('',#460,#666);
#666 = DEFINITIONAL_REPRESENTATION('',(#667),#670);
#667 = B_SPLINE_CURVE_WITH_KNOTS('',1,(#668,#669),.UNSPECIFIED.,.F.,.F.,
  (2,2),(-34.,-26.),.PIECEWISE_BEZIER_KNOTS.);
#668 = CARTESIAN_POINT('',(60.,10.));
#669 = CARTESIAN_POINT('',(52.,10.));
#670 = ( GEOMETRIC_REPRESENTATION_CONTEXT(2) 
PARAMETRIC_REPRESENTATION_CONTEXT() REPRESENTATION_CONTEXT('2D SPACE',''
  ) );
#671 = ORIENTED_EDGE('',*,*,#672,.T.);
#672 = EDGE_CURVE('',#652,#673,#675,.T.);
#673 = VERTEX_POINT('',#674);
#674 = CARTESIAN_POINT('',(52.,10.,8.));
#675 = SURFACE_CURVE('',#676,(#680,#687),.PCURVE_S1.);
#676 = LINE('',#677,#678);
#677 = CARTESIAN_POINT('',(52.,10.,0.));
#678 = VECTOR('',#679,1.);
#679 = DIRECTION('',(0.,0.,1.));
#680 = PCURVE('',#101,#681);
#681 = DEFINITIONAL_REPRESENTATION('',(#682),#686);
#682 = LINE('',#683,#684);
#683 = CARTESIAN_POINT('',(0.,0.));
#684 = VECTOR('',#685,1.);
#685 = DIRECTION('',(1.,0.));
#686 = ( GEOMETRIC_REPRESENTATION_CONTEXT(2) 
PARAMETRIC_REPRESENTATION_CONTEXT() REPRESENTATION_CONTEXT('2D SPACE',''
  ) );
#687 = PCURVE('',#487,#688);
#688 = DEFINITIONAL_REPRESENTATION('',(#689),#693);
#689 = LINE('',#690,#691);
#690 = CARTESIAN_POINT('',(0.,-20.));
#691 = VECTOR('',#692,1.);
#692 = DIRECTION('',(1.,0.));
#693 = ( GEOMETRIC_REPRESENTATION_CONTEXT(2) 
PARAMETRIC_REPRESENTATION_CONTEXT() REPRESENTATION_CONTEXT('2D SPACE',''
  ) );
#694 = ORIENTED_EDGE('',*,*,#695,.T.);
#695 = EDGE_CURVE('',#673,#600,#696,.T.);
#696 = SURFACE_CURVE('',#697,(#701,#708),.PCURVE_S1.);
#697 = LINE('',#698,#699);
#698 = CARTESIAN_POINT('',(52.,10.,8.));
#699 = VECTOR('',#700,1.);
#700 = DIRECTION('',(1.,0.,0.));
#701 = PCURVE('',#101,#702);
#702 = DEFINITIONAL_REPRESENTATION('',(#703),#707);
#703 = LINE('',#704,#705);
#704 = CARTESIAN_POINT('',(8.,0.));
#705 = VECTOR('',#706,1.);
#706 = DIRECTION('',(0.,1.));
#707 = ( GEOMETRIC_REPRESENTATION_CONTEXT(2) 
PARAMETRIC_REPRESENTATION_CONTEXT() REPRESENTATION_CONTEXT('2D SPACE',''
  ) );
#708 = PCURVE('',#515,#709);
#709 = DEFINITIONAL_REPRESENTATION('',(#710),#714);
#710 = LINE('',#711,#712);
#711 = CARTESIAN_POINT('',(-58.,10.));
#712 = VECTOR('',#713,1.);
#713 = DIRECTION('',(1.,0.));
#714 = ( GEOMETRIC_REPRESENTATION_CONTEXT(2) 
PARAMETRIC_REPRESENTATION_CONTEXT() REPRESENTATION_CONTEXT('2D SPACE',''
  ) );
#715 = ORIENTED_EDGE('',*,*,#627,.T.);
#716 = ADVANCED_FACE('',(#717),#163,.T.);
#717 = FACE_BOUND('',#718,.T.);
#718 = EDGE_LOOP('',(#719,#748,#769,#770));
#719 = ORIENTED_EDGE('',*,*,#720,.F.);
#720 = EDGE_CURVE('',#721,#721,#723,.T.);
#721 = VERTEX_POINT('',#722);
#722 = CARTESIAN_POINT('',(-0.5,-39.6,-8.));
#723 = SURFACE_CURVE('',#724,(#729,#736),.PCURVE_S1.);
#724 = CIRCLE('',#725,0.5);
#725 = AXIS2_PLACEMENT_3D('',#726,#727,#728);
#726 = CARTESIAN_POINT('',(-7.274401986935E-15,-39.6,-8.));
#727 = DIRECTION('',(0.,0.,-1.));
#728 = DIRECTION('',(-1.,0.,-0.));
#729 = PCURVE('',#163,#730);
#730 = DEFINITIONAL_REPRESENTATION('',(#731),#735);
#731 = LINE('',#732,#733);
#732 = CARTESIAN_POINT('',(-0.,-8.));
#733 = VECTOR('',#734,1.);
#734 = DIRECTION('',(-1.,-0.));
#735 = ( GEOMETRIC_REPRESENTATION_CONTEXT(2) 
PARAMETRIC_REPRESENTATION_CONTEXT() REPRESENTATION_CONTEXT('2D SPACE',''
  ) );
#736 = PCURVE('',#737,#742);
#737 = PLANE('',#738);
#738 = AXIS2_PLACEMENT_3D('',#739,#740,#741);
#739 = CARTESIAN_POINT('',(-7.274401986935E-15,-39.6,-8.));
#740 = DIRECTION('',(0.,0.,-1.));
#741 = DIRECTION('',(-1.,0.,-0.));
#742 = DEFINITIONAL_REPRESENTATION('',(#743),#747);
#743 = CIRCLE('',#744,0.5);
#744 = AXIS2_PLACEMENT_2D('',#745,#746);
#745 = CARTESIAN_POINT('',(0.,0.));
#746 = DIRECTION('',(1.,0.));
#747 = ( GEOMETRIC_REPRESENTATION_CONTEXT(2) 
PARAMETRIC_REPRESENTATION_CONTEXT() REPRESENTATION_CONTEXT('2D SPACE',''
  ) );
#748 = ORIENTED_EDGE('',*,*,#749,.F.);
#749 = EDGE_CURVE('',#143,#721,#750,.T.);
#750 = SEAM_CURVE('',#751,(#755,#762),.PCURVE_S1.);
#751 = LINE('',#752,#753);
#752 = CARTESIAN_POINT('',(-4.,-39.6,0.));
#753 = VECTOR('',#754,1.);
#754 = DIRECTION('',(0.40081883402,9.817230042404E-17,-0.916157334902));
#755 = PCURVE('',#163,#756);
#756 = DEFINITIONAL_REPRESENTATION('',(#757),#761);
#757 = LINE('',#758,#759);
#758 = CARTESIAN_POINT('',(-6.28318530718,0.));
#759 = VECTOR('',#760,1.);
#760 = DIRECTION('',(-0.,-1.));
#761 = ( GEOMETRIC_REPRESENTATION_CONTEXT(2) 
PARAMETRIC_REPRESENTATION_CONTEXT() REPRESENTATION_CONTEXT('2D SPACE',''
  ) );
#762 = PCURVE('',#163,#763);
#763 = DEFINITIONAL_REPRESENTATION('',(#764),#768);
#764 = LINE('',#765,#766);
#765 = CARTESIAN_POINT('',(0.,-0.));
#766 = VECTOR('',#767,1.);
#767 = DIRECTION('',(-0.,-1.));
#768 = ( GEOMETRIC_REPRESENTATION_CONTEXT(2) 
PARAMETRIC_REPRESENTATION_CONTEXT() REPRESENTATION_CONTEXT('2D SPACE',''
  ) );
#769 = ORIENTED_EDGE('',*,*,#142,.T.);
#770 = ORIENTED_EDGE('',*,*,#749,.T.);
#771 = ADVANCED_FACE('',(#772),#198,.T.);
#772 = FACE_BOUND('',#773,.T.);
#773 = EDGE_LOOP('',(#774,#803,#824,#825));
#774 = ORIENTED_EDGE('',*,*,#775,.F.);
#775 = EDGE_CURVE('',#776,#776,#778,.T.);
#776 = VERTEX_POINT('',#777);
#777 = CARTESIAN_POINT('',(-34.79460598986,-19.8,-8.));
#778 = SURFACE_CURVE('',#779,(#784,#791),.PCURVE_S1.);
#779 = CIRCLE('',#780,0.5);
#780 = AXIS2_PLACEMENT_3D('',#781,#782,#783);
#781 = CARTESIAN_POINT('',(-34.29460598986,-19.8,-8.));
#782 = DIRECTION('',(0.,0.,-1.));
#783 = DIRECTION('',(-1.,0.,-0.));
#784 = PCURVE('',#198,#785);
#785 = DEFINITIONAL_REPRESENTATION('',(#786),#790);
#786 = LINE('',#787,#788);
#787 = CARTESIAN_POINT('',(-0.,-8.));
#788 = VECTOR('',#789,1.);
#789 = DIRECTION('',(-1.,-0.));
#790 = ( GEOMETRIC_REPRESENTATION_CONTEXT(2) 
PARAMETRIC_REPRESENTATION_CONTEXT() REPRESENTATION_CONTEXT('2D SPACE',''
  ) );
#791 = PCURVE('',#792,#797);
#792 = PLANE('',#793);
#793 = AXIS2_PLACEMENT_3D('',#794,#795,#796);
#794 = CARTESIAN_POINT('',(-34.29460598986,-19.8,-8.));
#795 = DIRECTION('',(0.,0.,-1.));
#796 = DIRECTION('',(-1.,0.,-0.));
#797 = DEFINITIONAL_REPRESENTATION('',(#798),#802);
#798 = CIRCLE('',#799,0.5);
#799 = AXIS2_PLACEMENT_2D('',#800,#801);
#800 = CARTESIAN_POINT('',(0.,0.));
#801 = DIRECTION('',(1.,0.));
#802 = ( GEOMETRIC_REPRESENTATION_CONTEXT(2) 
PARAMETRIC_REPRESENTATION_CONTEXT() REPRESENTATION_CONTEXT('2D SPACE',''
  ) );
#803 = ORIENTED_EDGE('',*,*,#804,.F.);
#804 = EDGE_CURVE('',#178,#776,#805,.T.);
#805 = SEAM_CURVE('',#806,(#810,#817),.PCURVE_S1.);
#806 = LINE('',#807,#808);
#807 = CARTESIAN_POINT('',(-38.29460598986,-19.8,0.));
#808 = VECTOR('',#809,1.);
#809 = DIRECTION('',(0.40081883402,9.817230042404E-17,-0.916157334902));
#810 = PCURVE('',#198,#811);
#811 = DEFINITIONAL_REPRESENTATION('',(#812),#816);
#812 = LINE('',#813,#814);
#813 = CARTESIAN_POINT('',(-6.28318530718,0.));
#814 = VECTOR('',#815,1.);
#815 = DIRECTION('',(-0.,-1.));
#816 = ( GEOMETRIC_REPRESENTATION_CONTEXT(2) 
PARAMETRIC_REPRESENTATION_CONTEXT() REPRESENTATION_CONTEXT('2D SPACE',''
  ) );
#817 = PCURVE('',#198,#818);
#818 = DEFINITIONAL_REPRESENTATION('',(#819),#823);
#819 = LINE('',#820,#821);
#820 = CARTESIAN_POINT('',(0.,-0.));
#821 = VECTOR('',#822,1.);
#822 = DIRECTION('',(-0.,-1.));
#823 = ( GEOMETRIC_REPRESENTATION_CONTEXT(2) 
PARAMETRIC_REPRESENTATION_CONTEXT() REPRESENTATION_CONTEXT('2D SPACE',''
  ) );
#824 = ORIENTED_EDGE('',*,*,#177,.T.);
#825 = ORIENTED_EDGE('',*,*,#804,.T.);
#826 = ADVANCED_FACE('',(#827),#233,.F.);
#827 = FACE_BOUND('',#828,.T.);
#828 = EDGE_LOOP('',(#829,#830,#853,#884));
#829 = ORIENTED_EDGE('',*,*,#212,.T.);
#830 = ORIENTED_EDGE('',*,*,#831,.T.);
#831 = EDGE_CURVE('',#213,#832,#834,.T.);
#832 = VERTEX_POINT('',#833);
#833 = CARTESIAN_POINT('',(4.,0.,4.));
#834 = SEAM_CURVE('',#835,(#839,#846),.PCURVE_S1.);
#835 = LINE('',#836,#837);
#836 = CARTESIAN_POINT('',(4.,0.,-1.));
#837 = VECTOR('',#838,1.);
#838 = DIRECTION('',(0.,0.,1.));
#839 = PCURVE('',#233,#840);
#840 = DEFINITIONAL_REPRESENTATION('',(#841),#845);
#841 = LINE('',#842,#843);
#842 = CARTESIAN_POINT('',(-6.28318530718,0.));
#843 = VECTOR('',#844,1.);
#844 = DIRECTION('',(-0.,-1.));
#845 = ( GEOMETRIC_REPRESENTATION_CONTEXT(2) 
PARAMETRIC_REPRESENTATION_CONTEXT() REPRESENTATION_CONTEXT('2D SPACE',''
  ) );
#846 = PCURVE('',#233,#847);
#847 = DEFINITIONAL_REPRESENTATION('',(#848),#852);
#848 = LINE('',#849,#850);
#849 = CARTESIAN_POINT('',(-0.,0.));
#850 = VECTOR('',#851,1.);
#851 = DIRECTION('',(-0.,-1.));
#852 = ( GEOMETRIC_REPRESENTATION_CONTEXT(2) 
PARAMETRIC_REPRESENTATION_CONTEXT() REPRESENTATION_CONTEXT('2D SPACE',''
  ) );
#853 = ORIENTED_EDGE('',*,*,#854,.F.);
#854 = EDGE_CURVE('',#832,#832,#855,.T.);
#855 = SURFACE_CURVE('',#856,(#861,#868),.PCURVE_S1.);
#856 = CIRCLE('',#857,4.);
#857 = AXIS2_PLACEMENT_3D('',#858,#859,#860);
#858 = CARTESIAN_POINT('',(0.,0.,4.));
#859 = DIRECTION('',(0.,0.,-1.));
#860 = DIRECTION('',(1.,0.,0.));
#861 = PCURVE('',#233,#862);
#862 = DEFINITIONAL_REPRESENTATION('',(#863),#867);
#863 = LINE('',#864,#865);
#864 = CARTESIAN_POINT('',(-6.28318530718,-5.));
#865 = VECTOR('',#866,1.);
#866 = DIRECTION('',(1.,-0.));
#867 = ( GEOMETRIC_REPRESENTATION_CONTEXT(2) 
PARAMETRIC_REPRESENTATION_CONTEXT() REPRESENTATION_CONTEXT('2D SPACE',''
  ) );
#868 = PCURVE('',#869,#874);
#869 = PLANE('',#870);
#870 = AXIS2_PLACEMENT_3D('',#871,#872,#873);
#871 = CARTESIAN_POINT('',(-2.917205616084E-15,4.679120177894E-16,4.));
#872 = DIRECTION('',(0.,0.,1.));
#873 = DIRECTION('',(1.,0.,-0.));
#874 = DEFINITIONAL_REPRESENTATION('',(#875),#883);
#875 = ( BOUNDED_CURVE() B_SPLINE_CURVE(2,(#876,#877,#878,#879,#880,#881
,#882),.UNSPECIFIED.,.T.,.F.) B_SPLINE_CURVE_WITH_KNOTS((1,2,2,2,2,1),(
    -2.094395102393,0.,2.094395102393,4.188790204786,6.28318530718,
8.377580409573),.UNSPECIFIED.) CURVE() GEOMETRIC_REPRESENTATION_ITEM() 
RATIONAL_B_SPLINE_CURVE((1.,0.5,1.,0.5,1.,0.5,1.)) REPRESENTATION_ITEM(
  '') );
#876 = CARTESIAN_POINT('',(4.,-4.679120177894E-16));
#877 = CARTESIAN_POINT('',(4.,-6.928203230276));
#878 = CARTESIAN_POINT('',(-2.,-3.464101615138));
#879 = CARTESIAN_POINT('',(-8.,-1.447629457107E-15));
#880 = CARTESIAN_POINT('',(-2.,3.464101615138));
#881 = CARTESIAN_POINT('',(4.,6.928203230276));
#882 = CARTESIAN_POINT('',(4.,-4.679120177894E-16));
#883 = ( GEOMETRIC_REPRESENTATION_CONTEXT(2) 
PARAMETRIC_REPRESENTATION_CONTEXT() REPRESENTATION_CONTEXT('2D SPACE',''
  ) );
#884 = ORIENTED_EDGE('',*,*,#831,.F.);
#885 = ADVANCED_FACE('',(#886),#268,.T.);
#886 = FACE_BOUND('',#887,.T.);
#887 = EDGE_LOOP('',(#888,#917,#938,#939));
#888 = ORIENTED_EDGE('',*,*,#889,.F.);
#889 = EDGE_CURVE('',#890,#890,#892,.T.);
#890 = VERTEX_POINT('',#891);
#891 = CARTESIAN_POINT('',(33.794605989864,-19.8,-8.));
#892 = SURFACE_CURVE('',#893,(#898,#905),.PCURVE_S1.);
#893 = CIRCLE('',#894,0.5);
#894 = AXIS2_PLACEMENT_3D('',#895,#896,#897);
#895 = CARTESIAN_POINT('',(34.294605989864,-19.8,-8.));
#896 = DIRECTION('',(0.,0.,-1.));
#897 = DIRECTION('',(-1.,0.,-0.));
#898 = PCURVE('',#268,#899);
#899 = DEFINITIONAL_REPRESENTATION('',(#900),#904);
#900 = LINE('',#901,#902);
#901 = CARTESIAN_POINT('',(-0.,-8.));
#902 = VECTOR('',#903,1.);
#903 = DIRECTION('',(-1.,-0.));
#904 = ( GEOMETRIC_REPRESENTATION_CONTEXT(2) 
PARAMETRIC_REPRESENTATION_CONTEXT() REPRESENTATION_CONTEXT('2D SPACE',''
  ) );
#905 = PCURVE('',#906,#911);
#906 = PLANE('',#907);
#907 = AXIS2_PLACEMENT_3D('',#908,#909,#910);
#908 = CARTESIAN_POINT('',(34.294605989864,-19.8,-8.));
#909 = DIRECTION('',(0.,0.,-1.));
#910 = DIRECTION('',(-1.,0.,-0.));
#911 = DEFINITIONAL_REPRESENTATION('',(#912),#916);
#912 = CIRCLE('',#913,0.5);
#913 = AXIS2_PLACEMENT_2D('',#914,#915);
#914 = CARTESIAN_POINT('',(0.,0.));
#915 = DIRECTION('',(1.,0.));
#916 = ( GEOMETRIC_REPRESENTATION_CONTEXT(2) 
PARAMETRIC_REPRESENTATION_CONTEXT() REPRESENTATION_CONTEXT('2D SPACE',''
  ) );
#917 = ORIENTED_EDGE('',*,*,#918,.F.);
#918 = EDGE_CURVE('',#248,#890,#919,.T.);
#919 = SEAM_CURVE('',#920,(#924,#931),.PCURVE_S1.);
#920 = LINE('',#921,#922);
#921 = CARTESIAN_POINT('',(30.294605989864,-19.8,0.));
#922 = VECTOR('',#923,1.);
#923 = DIRECTION('',(0.40081883402,9.817230042404E-17,-0.916157334902));
#924 = PCURVE('',#268,#925);
#925 = DEFINITIONAL_REPRESENTATION('',(#926),#930);
#926 = LINE('',#927,#928);
#927 = CARTESIAN_POINT('',(-6.28318530718,0.));
#928 = VECTOR('',#929,1.);
#929 = DIRECTION('',(-0.,-1.));
#930 = ( GEOMETRIC_REPRESENTATION_CONTEXT(2) 
PARAMETRIC_REPRESENTATION_CONTEXT() REPRESENTATION_CONTEXT('2D SPACE',''
  ) );
#931 = PCURVE('',#268,#932);
#932 = DEFINITIONAL_REPRESENTATION('',(#933),#937);
#933 = LINE('',#934,#935);
#934 = CARTESIAN_POINT('',(0.,-0.));
#935 = VECTOR('',#936,1.);
#936 = DIRECTION('',(-0.,-1.));
#937 = ( GEOMETRIC_REPRESENTATION_CONTEXT(2) 
PARAMETRIC_REPRESENTATION_CONTEXT() REPRESENTATION_CONTEXT('2D SPACE',''
  ) );
#938 = ORIENTED_EDGE('',*,*,#247,.T.);
#939 = ORIENTED_EDGE('',*,*,#918,.T.);
#940 = ADVANCED_FACE('',(#941),#303,.F.);
#941 = FACE_BOUND('',#942,.T.);
#942 = EDGE_LOOP('',(#943,#944,#967,#993));
#943 = ORIENTED_EDGE('',*,*,#282,.T.);
#944 = ORIENTED_EDGE('',*,*,#945,.T.);
#945 = EDGE_CURVE('',#283,#946,#948,.T.);
#946 = VERTEX_POINT('',#947);
#947 = CARTESIAN_POINT('',(142.,0.,8.));
#948 = SEAM_CURVE('',#949,(#953,#960),.PCURVE_S1.);
#949 = LINE('',#950,#951);
#950 = CARTESIAN_POINT('',(142.,0.,-2.));
#951 = VECTOR('',#952,1.);
#952 = DIRECTION('',(0.,0.,1.));
#953 = PCURVE('',#303,#954);
#954 = DEFINITIONAL_REPRESENTATION('',(#955),#959);
#955 = LINE('',#956,#957);
#956 = CARTESIAN_POINT('',(-6.28318530718,0.));
#957 = VECTOR('',#958,1.);
#958 = DIRECTION('',(-0.,-1.));
#959 = ( GEOMETRIC_REPRESENTATION_CONTEXT(2) 
PARAMETRIC_REPRESENTATION_CONTEXT() REPRESENTATION_CONTEXT('2D SPACE',''
  ) );
#960 = PCURVE('',#303,#961);
#961 = DEFINITIONAL_REPRESENTATION('',(#962),#966);
#962 = LINE('',#963,#964);
#963 = CARTESIAN_POINT('',(-0.,0.));
#964 = VECTOR('',#965,1.);
#965 = DIRECTION('',(-0.,-1.));
#966 = ( GEOMETRIC_REPRESENTATION_CONTEXT(2) 
PARAMETRIC_REPRESENTATION_CONTEXT() REPRESENTATION_CONTEXT('2D SPACE',''
  ) );
#967 = ORIENTED_EDGE('',*,*,#968,.F.);
#968 = EDGE_CURVE('',#946,#946,#969,.T.);
#969 = SURFACE_CURVE('',#970,(#975,#982),.PCURVE_S1.);
#970 = CIRCLE('',#971,32.);
#971 = AXIS2_PLACEMENT_3D('',#972,#973,#974);
#972 = CARTESIAN_POINT('',(110.,0.,8.));
#973 = DIRECTION('',(0.,0.,-1.));
#974 = DIRECTION('',(1.,0.,0.));
#975 = PCURVE('',#303,#976);
#976 = DEFINITIONAL_REPRESENTATION('',(#977),#981);
#977 = LINE('',#978,#979);
#978 = CARTESIAN_POINT('',(-6.28318530718,-10.));
#979 = VECTOR('',#980,1.);
#980 = DIRECTION('',(1.,-0.));
#981 = ( GEOMETRIC_REPRESENTATION_CONTEXT(2) 
PARAMETRIC_REPRESENTATION_CONTEXT() REPRESENTATION_CONTEXT('2D SPACE',''
  ) );
#982 = PCURVE('',#515,#983);
#983 = DEFINITIONAL_REPRESENTATION('',(#984),#992);
#984 = ( BOUNDED_CURVE() B_SPLINE_CURVE(2,(#985,#986,#987,#988,#989,#990
,#991),.UNSPECIFIED.,.T.,.F.) B_SPLINE_CURVE_WITH_KNOTS((1,2,2,2,2,1),(
    -2.094395102393,0.,2.094395102393,4.188790204786,6.28318530718,
8.377580409573),.UNSPECIFIED.) CURVE() GEOMETRIC_REPRESENTATION_ITEM() 
RATIONAL_B_SPLINE_CURVE((1.,0.5,1.,0.5,1.,0.5,1.)) REPRESENTATION_ITEM(
  '') );
#985 = CARTESIAN_POINT('',(32.,-2.742946025263E-15));
#986 = CARTESIAN_POINT('',(32.,-55.4256258422));
#987 = CARTESIAN_POINT('',(-16.,-27.7128129211));
#988 = CARTESIAN_POINT('',(-64.,-1.058068553981E-14));
#989 = CARTESIAN_POINT('',(-16.,27.712812921102));
#990 = CARTESIAN_POINT('',(32.,55.425625842204));
#991 = CARTESIAN_POINT('',(32.,-2.742946025263E-15));
#992 = ( GEOMETRIC_REPRESENTATION_CONTEXT(2) 
PARAMETRIC_REPRESENTATION_CONTEXT() REPRESENTATION_CONTEXT('2D SPACE',''
  ) );
#993 = ORIENTED_EDGE('',*,*,#945,.F.);
#994 = ADVANCED_FACE('',(#995),#338,.T.);
#995 = FACE_BOUND('',#996,.T.);
#996 = EDGE_LOOP('',(#997,#1026,#1047,#1048));
#997 = ORIENTED_EDGE('',*,*,#998,.F.);
#998 = EDGE_CURVE('',#999,#999,#1001,.T.);
#999 = VERTEX_POINT('',#1000);
#1000 = CARTESIAN_POINT('',(-34.79460598986,19.8,-8.));
#1001 = SURFACE_CURVE('',#1002,(#1007,#1014),.PCURVE_S1.);
#1002 = CIRCLE('',#1003,0.5);
#1003 = AXIS2_PLACEMENT_3D('',#1004,#1005,#1006);
#1004 = CARTESIAN_POINT('',(-34.29460598986,19.8,-8.));
#1005 = DIRECTION('',(0.,0.,-1.));
#1006 = DIRECTION('',(-1.,0.,-0.));
#1007 = PCURVE('',#338,#1008);
#1008 = DEFINITIONAL_REPRESENTATION('',(#1009),#1013);
#1009 = LINE('',#1010,#1011);
#1010 = CARTESIAN_POINT('',(-0.,-8.));
#1011 = VECTOR('',#1012,1.);
#1012 = DIRECTION('',(-1.,-0.));
#1013 = ( GEOMETRIC_REPRESENTATION_CONTEXT(2) 
PARAMETRIC_REPRESENTATION_CONTEXT() REPRESENTATION_CONTEXT('2D SPACE',''
  ) );
#1014 = PCURVE('',#1015,#1020);
#1015 = PLANE('',#1016);
#1016 = AXIS2_PLACEMENT_3D('',#1017,#1018,#1019);
#1017 = CARTESIAN_POINT('',(-34.29460598986,19.8,-8.));
#1018 = DIRECTION('',(0.,0.,-1.));
#1019 = DIRECTION('',(-1.,0.,-0.));
#1020 = DEFINITIONAL_REPRESENTATION('',(#1021),#1025);
#1021 = CIRCLE('',#1022,0.5);
#1022 = AXIS2_PLACEMENT_2D('',#1023,#1024);
#1023 = CARTESIAN_POINT('',(0.,0.));
#1024 = DIRECTION('',(1.,0.));
#1025 = ( GEOMETRIC_REPRESENTATION_CONTEXT(2) 
PARAMETRIC_REPRESENTATION_CONTEXT() REPRESENTATION_CONTEXT('2D SPACE',''
  ) );
#1026 = ORIENTED_EDGE('',*,*,#1027,.F.);
#1027 = EDGE_CURVE('',#318,#999,#1028,.T.);
#1028 = SEAM_CURVE('',#1029,(#1033,#1040),.PCURVE_S1.);
#1029 = LINE('',#1030,#1031);
#1030 = CARTESIAN_POINT('',(-38.29460598986,19.8,0.));
#1031 = VECTOR('',#1032,1.);
#1032 = DIRECTION('',(0.40081883402,9.817230042404E-17,-0.916157334902)
  );
#1033 = PCURVE('',#338,#1034);
#1034 = DEFINITIONAL_REPRESENTATION('',(#1035),#1039);
#1035 = LINE('',#1036,#1037);
#1036 = CARTESIAN_POINT('',(-6.28318530718,0.));
#1037 = VECTOR('',#1038,1.);
#1038 = DIRECTION('',(-0.,-1.));
#1039 = ( GEOMETRIC_REPRESENTATION_CONTEXT(2) 
PARAMETRIC_REPRESENTATION_CONTEXT() REPRESENTATION_CONTEXT('2D SPACE',''
  ) );
#1040 = PCURVE('',#338,#1041);
#1041 = DEFINITIONAL_REPRESENTATION('',(#1042),#1046);
#1042 = LINE('',#1043,#1044);
#1043 = CARTESIAN_POINT('',(0.,-0.));
#1044 = VECTOR('',#1045,1.);
#1045 = DIRECTION('',(-0.,-1.));
#1046 = ( GEOMETRIC_REPRESENTATION_CONTEXT(2) 
PARAMETRIC_REPRESENTATION_CONTEXT() REPRESENTATION_CONTEXT('2D SPACE',''
  ) );
#1047 = ORIENTED_EDGE('',*,*,#317,.T.);
#1048 = ORIENTED_EDGE('',*,*,#1027,.T.);
#1049 = ADVANCED_FACE('',(#1050),#373,.T.);
#1050 = FACE_BOUND('',#1051,.T.);
#1051 = EDGE_LOOP('',(#1052,#1081,#1102,#1103));
#1052 = ORIENTED_EDGE('',*,*,#1053,.F.);
#1053 = EDGE_CURVE('',#1054,#1054,#1056,.T.);
#1054 = VERTEX_POINT('',#1055);
#1055 = CARTESIAN_POINT('',(33.794605989864,19.8,-8.));
#1056 = SURFACE_CURVE('',#1057,(#1062,#1069),.PCURVE_S1.);
#1057 = CIRCLE('',#1058,0.5);
#1058 = AXIS2_PLACEMENT_3D('',#1059,#1060,#1061);
#1059 = CARTESIAN_POINT('',(34.294605989864,19.8,-8.));
#1060 = DIRECTION('',(0.,0.,-1.));
#1061 = DIRECTION('',(-1.,0.,-0.));
#1062 = PCURVE('',#373,#1063);
#1063 = DEFINITIONAL_REPRESENTATION('',(#1064),#1068);
#1064 = LINE('',#1065,#1066);
#1065 = CARTESIAN_POINT('',(-0.,-8.));
#1066 = VECTOR('',#1067,1.);
#1067 = DIRECTION('',(-1.,-0.));
#1068 = ( GEOMETRIC_REPRESENTATION_CONTEXT(2) 
PARAMETRIC_REPRESENTATION_CONTEXT() REPRESENTATION_CONTEXT('2D SPACE',''
  ) );
#1069 = PCURVE('',#1070,#1075);
#1070 = PLANE('',#1071);
#1071 = AXIS2_PLACEMENT_3D('',#1072,#1073,#1074);
#1072 = CARTESIAN_POINT('',(34.294605989864,19.8,-8.));
#1073 = DIRECTION('',(0.,0.,-1.));
#1074 = DIRECTION('',(-1.,0.,-0.));
#1075 = DEFINITIONAL_REPRESENTATION('',(#1076),#1080);
#1076 = CIRCLE('',#1077,0.5);
#1077 = AXIS2_PLACEMENT_2D('',#1078,#1079);
#1078 = CARTESIAN_POINT('',(0.,0.));
#1079 = DIRECTION('',(1.,0.));
#1080 = ( GEOMETRIC_REPRESENTATION_CONTEXT(2) 
PARAMETRIC_REPRESENTATION_CONTEXT() REPRESENTATION_CONTEXT('2D SPACE',''
  ) );
#1081 = ORIENTED_EDGE('',*,*,#1082,.F.);
#1082 = EDGE_CURVE('',#353,#1054,#1083,.T.);
#1083 = SEAM_CURVE('',#1084,(#1088,#1095),.PCURVE_S1.);
#1084 = LINE('',#1085,#1086);
#1085 = CARTESIAN_POINT('',(30.294605989864,19.8,0.));
#1086 = VECTOR('',#1087,1.);
#1087 = DIRECTION('',(0.40081883402,9.817230042404E-17,-0.916157334902)
  );
#1088 = PCURVE('',#373,#1089);
#1089 = DEFINITIONAL_REPRESENTATION('',(#1090),#1094);
#1090 = LINE('',#1091,#1092);
#1091 = CARTESIAN_POINT('',(-6.28318530718,0.));
#1092 = VECTOR('',#1093,1.);
#1093 = DIRECTION('',(-0.,-1.));
#1094 = ( GEOMETRIC_REPRESENTATION_CONTEXT(2) 
PARAMETRIC_REPRESENTATION_CONTEXT() REPRESENTATION_CONTEXT('2D SPACE',''
  ) );
#1095 = PCURVE('',#373,#1096);
#1096 = DEFINITIONAL_REPRESENTATION('',(#1097),#1101);
#1097 = LINE('',#1098,#1099);
#1098 = CARTESIAN_POINT('',(0.,-0.));
#1099 = VECTOR('',#1100,1.);
#1100 = DIRECTION('',(-0.,-1.));
#1101 = ( GEOMETRIC_REPRESENTATION_CONTEXT(2) 
PARAMETRIC_REPRESENTATION_CONTEXT() REPRESENTATION_CONTEXT('2D SPACE',''
  ) );
#1102 = ORIENTED_EDGE('',*,*,#352,.T.);
#1103 = ORIENTED_EDGE('',*,*,#1082,.T.);
#1104 = ADVANCED_FACE('',(#1105),#408,.T.);
#1105 = FACE_BOUND('',#1106,.T.);
#1106 = EDGE_LOOP('',(#1107,#1136,#1157,#1158));
#1107 = ORIENTED_EDGE('',*,*,#1108,.F.);
#1108 = EDGE_CURVE('',#1109,#1109,#1111,.T.);
#1109 = VERTEX_POINT('',#1110);
#1110 = CARTESIAN_POINT('',(-0.5,39.6,-8.));
#1111 = SURFACE_CURVE('',#1112,(#1117,#1124),.PCURVE_S1.);
#1112 = CIRCLE('',#1113,0.5);
#1113 = AXIS2_PLACEMENT_3D('',#1114,#1115,#1116);
#1114 = CARTESIAN_POINT('',(2.424800662312E-15,39.6,-8.));
#1115 = DIRECTION('',(0.,0.,-1.));
#1116 = DIRECTION('',(-1.,0.,-0.));
#1117 = PCURVE('',#408,#1118);
#1118 = DEFINITIONAL_REPRESENTATION('',(#1119),#1123);
#1119 = LINE('',#1120,#1121);
#1120 = CARTESIAN_POINT('',(-0.,-8.));
#1121 = VECTOR('',#1122,1.);
#1122 = DIRECTION('',(-1.,-0.));
#1123 = ( GEOMETRIC_REPRESENTATION_CONTEXT(2) 
PARAMETRIC_REPRESENTATION_CONTEXT() REPRESENTATION_CONTEXT('2D SPACE',''
  ) );
#1124 = PCURVE('',#1125,#1130);
#1125 = PLANE('',#1126);
#1126 = AXIS2_PLACEMENT_3D('',#1127,#1128,#1129);
#1127 = CARTESIAN_POINT('',(2.424800662312E-15,39.6,-8.));
#1128 = DIRECTION('',(0.,0.,-1.));
#1129 = DIRECTION('',(-1.,0.,-0.));
#1130 = DEFINITIONAL_REPRESENTATION('',(#1131),#1135);
#1131 = CIRCLE('',#1132,0.5);
#1132 = AXIS2_PLACEMENT_2D('',#1133,#1134);
#1133 = CARTESIAN_POINT('',(0.,0.));
#1134 = DIRECTION('',(1.,0.));
#1135 = ( GEOMETRIC_REPRESENTATION_CONTEXT(2) 
PARAMETRIC_REPRESENTATION_CONTEXT() REPRESENTATION_CONTEXT('2D SPACE',''
  ) );
#1136 = ORIENTED_EDGE('',*,*,#1137,.F.);
#1137 = EDGE_CURVE('',#388,#1109,#1138,.T.);
#1138 = SEAM_CURVE('',#1139,(#1143,#1150),.PCURVE_S1.);
#1139 = LINE('',#1140,#1141);
#1140 = CARTESIAN_POINT('',(-4.,39.6,0.));
#1141 = VECTOR('',#1142,1.);
#1142 = DIRECTION('',(0.40081883402,9.817230042404E-17,-0.916157334902)
  );
#1143 = PCURVE('',#408,#1144);
#1144 = DEFINITIONAL_REPRESENTATION('',(#1145),#1149);
#1145 = LINE('',#1146,#1147);
#1146 = CARTESIAN_POINT('',(-6.28318530718,0.));
#1147 = VECTOR('',#1148,1.);
#1148 = DIRECTION('',(-0.,-1.));
#1149 = ( GEOMETRIC_REPRESENTATION_CONTEXT(2) 
PARAMETRIC_REPRESENTATION_CONTEXT() REPRESENTATION_CONTEXT('2D SPACE',''
  ) );
#1150 = PCURVE('',#408,#1151);
#1151 = DEFINITIONAL_REPRESENTATION('',(#1152),#1156);
#1152 = LINE('',#1153,#1154);
#1153 = CARTESIAN_POINT('',(0.,-0.));
#1154 = VECTOR('',#1155,1.);
#1155 = DIRECTION('',(-0.,-1.));
#1156 = ( GEOMETRIC_REPRESENTATION_CONTEXT(2) 
PARAMETRIC_REPRESENTATION_CONTEXT() REPRESENTATION_CONTEXT('2D SPACE',''
  ) );
#1157 = ORIENTED_EDGE('',*,*,#387,.T.);
#1158 = ORIENTED_EDGE('',*,*,#1137,.T.);
#1159 = ADVANCED_FACE('',(#1160,#1186),#515,.T.);
#1160 = FACE_BOUND('',#1161,.T.);
#1161 = EDGE_LOOP('',(#1162,#1163,#1164,#1185));
#1162 = ORIENTED_EDGE('',*,*,#599,.F.);
#1163 = ORIENTED_EDGE('',*,*,#695,.F.);
#1164 = ORIENTED_EDGE('',*,*,#1165,.F.);
#1165 = EDGE_CURVE('',#472,#673,#1166,.T.);
#1166 = SURFACE_CURVE('',#1167,(#1171,#1178),.PCURVE_S1.);
#1167 = LINE('',#1168,#1169);
#1168 = CARTESIAN_POINT('',(52.,-10.,8.));
#1169 = VECTOR('',#1170,1.);
#1170 = DIRECTION('',(0.,1.,0.));
#1171 = PCURVE('',#515,#1172);
#1172 = DEFINITIONAL_REPRESENTATION('',(#1173),#1177);
#1173 = LINE('',#1174,#1175);
#1174 = CARTESIAN_POINT('',(-58.,-10.));
#1175 = VECTOR('',#1176,1.);
#1176 = DIRECTION('',(0.,1.));
#1177 = ( GEOMETRIC_REPRESENTATION_CONTEXT(2) 
PARAMETRIC_REPRESENTATION_CONTEXT() REPRESENTATION_CONTEXT('2D SPACE',''
  ) );
#1178 = PCURVE('',#487,#1179);
#1179 = DEFINITIONAL_REPRESENTATION('',(#1180),#1184);
#1180 = LINE('',#1181,#1182);
#1181 = CARTESIAN_POINT('',(8.,0.));
#1182 = VECTOR('',#1183,1.);
#1183 = DIRECTION('',(0.,-1.));
#1184 = ( GEOMETRIC_REPRESENTATION_CONTEXT(2) 
PARAMETRIC_REPRESENTATION_CONTEXT() REPRESENTATION_CONTEXT('2D SPACE',''
  ) );
#1185 = ORIENTED_EDGE('',*,*,#499,.T.);
#1186 = FACE_BOUND('',#1187,.T.);
#1187 = EDGE_LOOP('',(#1188));
#1188 = ORIENTED_EDGE('',*,*,#968,.T.);
#1189 = ADVANCED_FACE('',(#1190),#487,.F.);
#1190 = FACE_BOUND('',#1191,.F.);
#1191 = EDGE_LOOP('',(#1192,#1193,#1214,#1240,#1266,#1292,#1311,#1312));
#1192 = ORIENTED_EDGE('',*,*,#471,.F.);
#1193 = ORIENTED_EDGE('',*,*,#1194,.T.);
#1194 = EDGE_CURVE('',#446,#1195,#1197,.T.);
#1195 = VERTEX_POINT('',#1196);
#1196 = CARTESIAN_POINT('',(52.,-1.5,4.));
#1197 = SURFACE_CURVE('',#1198,(#1202,#1208),.PCURVE_S1.);
#1198 = LINE('',#1199,#1200);
#1199 = CARTESIAN_POINT('',(52.,-5.,4.));
#1200 = VECTOR('',#1201,1.);
#1201 = DIRECTION('',(0.,1.,0.));
#1202 = PCURVE('',#487,#1203);
#1203 = DEFINITIONAL_REPRESENTATION('',(#1204),#1207);
#1204 = B_SPLINE_CURVE_WITH_KNOTS('',1,(#1205,#1206),.UNSPECIFIED.,.F.,
  .F.,(2,2),(-5.,15.),.PIECEWISE_BEZIER_KNOTS.);
#1205 = CARTESIAN_POINT('',(4.,0.));
#1206 = CARTESIAN_POINT('',(4.,-20.));
#1207 = ( GEOMETRIC_REPRESENTATION_CONTEXT(2) 
PARAMETRIC_REPRESENTATION_CONTEXT() REPRESENTATION_CONTEXT('2D SPACE',''
  ) );
#1208 = PCURVE('',#460,#1209);
#1209 = DEFINITIONAL_REPRESENTATION('',(#1210),#1213);
#1210 = B_SPLINE_CURVE_WITH_KNOTS('',1,(#1211,#1212),.UNSPECIFIED.,.F.,
  .F.,(2,2),(-5.,15.),.PIECEWISE_BEZIER_KNOTS.);
#1211 = CARTESIAN_POINT('',(52.,-10.));
#1212 = CARTESIAN_POINT('',(52.,10.));
#1213 = ( GEOMETRIC_REPRESENTATION_CONTEXT(2) 
PARAMETRIC_REPRESENTATION_CONTEXT() REPRESENTATION_CONTEXT('2D SPACE',''
  ) );
#1214 = ORIENTED_EDGE('',*,*,#1215,.T.);
#1215 = EDGE_CURVE('',#1195,#1216,#1218,.T.);
#1216 = VERTEX_POINT('',#1217);
#1217 = CARTESIAN_POINT('',(52.,-1.5,7.13475177305));
#1218 = SURFACE_CURVE('',#1219,(#1223,#1229),.PCURVE_S1.);
#1219 = LINE('',#1220,#1221);
#1220 = CARTESIAN_POINT('',(52.,-1.5,5.988440464422));
#1221 = VECTOR('',#1222,1.);
#1222 = DIRECTION('',(0.,0.,1.));
#1223 = PCURVE('',#487,#1224);
#1224 = DEFINITIONAL_REPRESENTATION('',(#1225),#1228);
#1225 = B_SPLINE_CURVE_WITH_KNOTS('',1,(#1226,#1227),.UNSPECIFIED.,.F.,
  .F.,(2,2),(-1.988440464422,2.011559535578),.PIECEWISE_BEZIER_KNOTS.);
#1226 = CARTESIAN_POINT('',(4.,-8.5));
#1227 = CARTESIAN_POINT('',(8.,-8.5));
#1228 = ( GEOMETRIC_REPRESENTATION_CONTEXT(2) 
PARAMETRIC_REPRESENTATION_CONTEXT() REPRESENTATION_CONTEXT('2D SPACE',''
  ) );
#1229 = PCURVE('',#1230,#1235);
#1230 = PLANE('',#1231);
#1231 = AXIS2_PLACEMENT_3D('',#1232,#1233,#1234);
#1232 = CARTESIAN_POINT('',(35.638545479543,-1.5,11.976880928845));
#1233 = DIRECTION('',(-0.,-1.,-0.));
#1234 = DIRECTION('',(0.,0.,-1.));
#1235 = DEFINITIONAL_REPRESENTATION('',(#1236),#1239);
#1236 = B_SPLINE_CURVE_WITH_KNOTS('',1,(#1237,#1238),.UNSPECIFIED.,.F.,
  .F.,(2,2),(-1.988440464422,2.011559535578),.PIECEWISE_BEZIER_KNOTS.);
#1237 = CARTESIAN_POINT('',(7.976880928845,16.361454520457));
#1238 = CARTESIAN_POINT('',(3.976880928845,16.361454520457));
#1239 = ( GEOMETRIC_REPRESENTATION_CONTEXT(2) 
PARAMETRIC_REPRESENTATION_CONTEXT() REPRESENTATION_CONTEXT('2D SPACE',''
  ) );
#1240 = ORIENTED_EDGE('',*,*,#1241,.F.);
#1241 = EDGE_CURVE('',#1242,#1216,#1244,.T.);
#1242 = VERTEX_POINT('',#1243);
#1243 = CARTESIAN_POINT('',(52.,1.5,7.13475177305));
#1244 = SURFACE_CURVE('',#1245,(#1249,#1255),.PCURVE_S1.);
#1245 = LINE('',#1246,#1247);
#1246 = CARTESIAN_POINT('',(52.,-5.,7.13475177305));
#1247 = VECTOR('',#1248,1.);
#1248 = DIRECTION('',(0.,-1.,0.));
#1249 = PCURVE('',#487,#1250);
#1250 = DEFINITIONAL_REPRESENTATION('',(#1251),#1254);
#1251 = B_SPLINE_CURVE_WITH_KNOTS('',1,(#1252,#1253),.UNSPECIFIED.,.F.,
  .F.,(2,2),(-6.5,-3.5),.PIECEWISE_BEZIER_KNOTS.);
#1252 = CARTESIAN_POINT('',(7.13475177305,-11.5));
#1253 = CARTESIAN_POINT('',(7.13475177305,-8.5));
#1254 = ( GEOMETRIC_REPRESENTATION_CONTEXT(2) 
PARAMETRIC_REPRESENTATION_CONTEXT() REPRESENTATION_CONTEXT('2D SPACE',''
  ) );
#1255 = PCURVE('',#1256,#1261);
#1256 = PLANE('',#1257);
#1257 = AXIS2_PLACEMENT_3D('',#1258,#1259,#1260);
#1258 = CARTESIAN_POINT('',(52.2,0.,7.));
#1259 = DIRECTION('',(-0.55876552908,-0.,-0.829325680003));
#1260 = DIRECTION('',(-0.829325680003,0.,0.55876552908));
#1261 = DEFINITIONAL_REPRESENTATION('',(#1262),#1265);
#1262 = B_SPLINE_CURVE_WITH_KNOTS('',1,(#1263,#1264),.UNSPECIFIED.,.F.,
  .F.,(2,2),(-6.5,-3.5),.PIECEWISE_BEZIER_KNOTS.);
#1263 = CARTESIAN_POINT('',(0.241159781763,1.5));
#1264 = CARTESIAN_POINT('',(0.241159781763,-1.5));
#1265 = ( GEOMETRIC_REPRESENTATION_CONTEXT(2) 
PARAMETRIC_REPRESENTATION_CONTEXT() REPRESENTATION_CONTEXT('2D SPACE',''
  ) );
#1266 = ORIENTED_EDGE('',*,*,#1267,.F.);
#1267 = EDGE_CURVE('',#1268,#1242,#1270,.T.);
#1268 = VERTEX_POINT('',#1269);
#1269 = CARTESIAN_POINT('',(52.,1.5,4.));
#1270 = SURFACE_CURVE('',#1271,(#1275,#1281),.PCURVE_S1.);
#1271 = LINE('',#1272,#1273);
#1272 = CARTESIAN_POINT('',(52.,1.5,5.988440464422));
#1273 = VECTOR('',#1274,1.);
#1274 = DIRECTION('',(0.,0.,1.));
#1275 = PCURVE('',#487,#1276);
#1276 = DEFINITIONAL_REPRESENTATION('',(#1277),#1280);
#1277 = B_SPLINE_CURVE_WITH_KNOTS('',1,(#1278,#1279),.UNSPECIFIED.,.F.,
  .F.,(2,2),(-1.988440464422,2.011559535578),.PIECEWISE_BEZIER_KNOTS.);
#1278 = CARTESIAN_POINT('',(4.,-11.5));
#1279 = CARTESIAN_POINT('',(8.,-11.5));
#1280 = ( GEOMETRIC_REPRESENTATION_CONTEXT(2) 
PARAMETRIC_REPRESENTATION_CONTEXT() REPRESENTATION_CONTEXT('2D SPACE',''
  ) );
#1281 = PCURVE('',#1282,#1287);
#1282 = PLANE('',#1283);
#1283 = AXIS2_PLACEMENT_3D('',#1284,#1285,#1286);
#1284 = CARTESIAN_POINT('',(35.638545479543,1.5,11.976880928845));
#1285 = DIRECTION('',(-0.,-1.,-0.));
#1286 = DIRECTION('',(0.,0.,-1.));
#1287 = DEFINITIONAL_REPRESENTATION('',(#1288),#1291);
#1288 = B_SPLINE_CURVE_WITH_KNOTS('',1,(#1289,#1290),.UNSPECIFIED.,.F.,
  .F.,(2,2),(-1.988440464422,2.011559535578),.PIECEWISE_BEZIER_KNOTS.);
#1289 = CARTESIAN_POINT('',(7.976880928845,16.361454520457));
#1290 = CARTESIAN_POINT('',(3.976880928845,16.361454520457));
#1291 = ( GEOMETRIC_REPRESENTATION_CONTEXT(2) 
PARAMETRIC_REPRESENTATION_CONTEXT() REPRESENTATION_CONTEXT('2D SPACE',''
  ) );
#1292 = ORIENTED_EDGE('',*,*,#1293,.T.);
#1293 = EDGE_CURVE('',#1268,#652,#1294,.T.);
#1294 = SURFACE_CURVE('',#1295,(#1299,#1305),.PCURVE_S1.);
#1295 = LINE('',#1296,#1297);
#1296 = CARTESIAN_POINT('',(52.,-5.,4.));
#1297 = VECTOR('',#1298,1.);
#1298 = DIRECTION('',(0.,1.,0.));
#1299 = PCURVE('',#487,#1300);
#1300 = DEFINITIONAL_REPRESENTATION('',(#1301),#1304);
#1301 = B_SPLINE_CURVE_WITH_KNOTS('',1,(#1302,#1303),.UNSPECIFIED.,.F.,
  .F.,(2,2),(-5.,15.),.PIECEWISE_BEZIER_KNOTS.);
#1302 = CARTESIAN_POINT('',(4.,0.));
#1303 = CARTESIAN_POINT('',(4.,-20.));
#1304 = ( GEOMETRIC_REPRESENTATION_CONTEXT(2) 
PARAMETRIC_REPRESENTATION_CONTEXT() REPRESENTATION_CONTEXT('2D SPACE',''
  ) );
#1305 = PCURVE('',#460,#1306);
#1306 = DEFINITIONAL_REPRESENTATION('',(#1307),#1310);
#1307 = B_SPLINE_CURVE_WITH_KNOTS('',1,(#1308,#1309),.UNSPECIFIED.,.F.,
  .F.,(2,2),(-5.,15.),.PIECEWISE_BEZIER_KNOTS.);
#1308 = CARTESIAN_POINT('',(52.,-10.));
#1309 = CARTESIAN_POINT('',(52.,10.));
#1310 = ( GEOMETRIC_REPRESENTATION_CONTEXT(2) 
PARAMETRIC_REPRESENTATION_CONTEXT() REPRESENTATION_CONTEXT('2D SPACE',''
  ) );
#1311 = ORIENTED_EDGE('',*,*,#672,.T.);
#1312 = ORIENTED_EDGE('',*,*,#1165,.F.);
#1313 = ADVANCED_FACE('',(#1314),#460,.T.);
#1314 = FACE_BOUND('',#1315,.T.);
#1315 = EDGE_LOOP('',(#1316,#1317,#1318,#1319,#1320,#1343,#1372,#1400,
    #1428,#1456,#1480,#1508,#1536,#1564,#1588,#1616,#1644,#1672,#1696,
    #1724,#1752,#1780,#1804,#1832,#1860,#1888,#1912,#1933));
#1316 = ORIENTED_EDGE('',*,*,#651,.F.);
#1317 = ORIENTED_EDGE('',*,*,#571,.T.);
#1318 = ORIENTED_EDGE('',*,*,#445,.T.);
#1319 = ORIENTED_EDGE('',*,*,#1194,.T.);
#1320 = ORIENTED_EDGE('',*,*,#1321,.F.);
#1321 = EDGE_CURVE('',#1322,#1195,#1324,.T.);
#1322 = VERTEX_POINT('',#1323);
#1323 = CARTESIAN_POINT('',(29.962476533157,-1.499999999999,4.));
#1324 = SURFACE_CURVE('',#1325,(#1329,#1336),.PCURVE_S1.);
#1325 = LINE('',#1326,#1327);
#1326 = CARTESIAN_POINT('',(27.,-1.5,4.));
#1327 = VECTOR('',#1328,1.);
#1328 = DIRECTION('',(1.,0.,0.));
#1329 = PCURVE('',#460,#1330);
#1330 = DEFINITIONAL_REPRESENTATION('',(#1331),#1335);
#1331 = LINE('',#1332,#1333);
#1332 = CARTESIAN_POINT('',(27.,-1.5));
#1333 = VECTOR('',#1334,1.);
#1334 = DIRECTION('',(1.,0.));
#1335 = ( GEOMETRIC_REPRESENTATION_CONTEXT(2) 
PARAMETRIC_REPRESENTATION_CONTEXT() REPRESENTATION_CONTEXT('2D SPACE',''
  ) );
#1336 = PCURVE('',#1230,#1337);
#1337 = DEFINITIONAL_REPRESENTATION('',(#1338),#1342);
#1338 = LINE('',#1339,#1340);
#1339 = CARTESIAN_POINT('',(7.976880928845,-8.638545479543));
#1340 = VECTOR('',#1341,1.);
#1341 = DIRECTION('',(0.,1.));
#1342 = ( GEOMETRIC_REPRESENTATION_CONTEXT(2) 
PARAMETRIC_REPRESENTATION_CONTEXT() REPRESENTATION_CONTEXT('2D SPACE',''
  ) );
#1343 = ORIENTED_EDGE('',*,*,#1344,.F.);
#1344 = EDGE_CURVE('',#1345,#1322,#1347,.T.);
#1345 = VERTEX_POINT('',#1346);
#1346 = CARTESIAN_POINT('',(16.280276372255,-25.198265838,4.));
#1347 = SURFACE_CURVE('',#1348,(#1353,#1360),.PCURVE_S1.);
#1348 = CIRCLE('',#1349,30.);
#1349 = AXIS2_PLACEMENT_3D('',#1350,#1351,#1352);
#1350 = CARTESIAN_POINT('',(0.,0.,4.));
#1351 = DIRECTION('',(0.,0.,1.));
#1352 = DIRECTION('',(1.,0.,-0.));
#1353 = PCURVE('',#460,#1354);
#1354 = DEFINITIONAL_REPRESENTATION('',(#1355),#1359);
#1355 = CIRCLE('',#1356,30.);
#1356 = AXIS2_PLACEMENT_2D('',#1357,#1358);
#1357 = CARTESIAN_POINT('',(2.917205616084E-15,-4.679120177894E-16));
#1358 = DIRECTION('',(1.,0.));
#1359 = ( GEOMETRIC_REPRESENTATION_CONTEXT(2) 
PARAMETRIC_REPRESENTATION_CONTEXT() REPRESENTATION_CONTEXT('2D SPACE',''
  ) );
#1360 = PCURVE('',#1361,#1366);
#1361 = CONICAL_SURFACE('',#1362,30.,0.434670215149);
#1362 = AXIS2_PLACEMENT_3D('',#1363,#1364,#1365);
#1363 = CARTESIAN_POINT('',(0.,0.,4.));
#1364 = DIRECTION('',(-0.,-0.,-1.));
#1365 = DIRECTION('',(1.,0.,-0.));
#1366 = DEFINITIONAL_REPRESENTATION('',(#1367),#1371);
#1367 = LINE('',#1368,#1369);
#1368 = CARTESIAN_POINT('',(-0.,-0.));
#1369 = VECTOR('',#1370,1.);
#1370 = DIRECTION('',(-1.,-0.));
#1371 = ( GEOMETRIC_REPRESENTATION_CONTEXT(2) 
PARAMETRIC_REPRESENTATION_CONTEXT() REPRESENTATION_CONTEXT('2D SPACE',''
  ) );
#1372 = ORIENTED_EDGE('',*,*,#1373,.T.);
#1373 = EDGE_CURVE('',#1345,#1374,#1376,.T.);
#1374 = VERTEX_POINT('',#1375);
#1375 = CARTESIAN_POINT('',(27.399038105677,-44.45652607754,4.));
#1376 = SURFACE_CURVE('',#1377,(#1381,#1388),.PCURVE_S1.);
#1377 = LINE('',#1378,#1379);
#1378 = CARTESIAN_POINT('',(14.799038105677,-22.63268590218,4.));
#1379 = VECTOR('',#1380,1.);
#1380 = DIRECTION('',(0.5,-0.866025403784,0.));
#1381 = PCURVE('',#460,#1382);
#1382 = DEFINITIONAL_REPRESENTATION('',(#1383),#1387);
#1383 = LINE('',#1384,#1385);
#1384 = CARTESIAN_POINT('',(14.799038105677,-22.63268590218));
#1385 = VECTOR('',#1386,1.);
#1386 = DIRECTION('',(0.5,-0.866025403784));
#1387 = ( GEOMETRIC_REPRESENTATION_CONTEXT(2) 
PARAMETRIC_REPRESENTATION_CONTEXT() REPRESENTATION_CONTEXT('2D SPACE',''
  ) );
#1388 = PCURVE('',#1389,#1394);
#1389 = PLANE('',#1390);
#1390 = AXIS2_PLACEMENT_3D('',#1391,#1392,#1393);
#1391 = CARTESIAN_POINT('',(19.118310845448,-30.11388573921,
    11.976880928845));
#1392 = DIRECTION('',(-0.866025403784,-0.5,-0.));
#1393 = DIRECTION('',(0.,0.,-1.));
#1394 = DEFINITIONAL_REPRESENTATION('',(#1395),#1399);
#1395 = LINE('',#1396,#1397);
#1396 = CARTESIAN_POINT('',(7.976880928845,-8.638545479543));
#1397 = VECTOR('',#1398,1.);
#1398 = DIRECTION('',(0.,1.));
#1399 = ( GEOMETRIC_REPRESENTATION_CONTEXT(2) 
PARAMETRIC_REPRESENTATION_CONTEXT() REPRESENTATION_CONTEXT('2D SPACE',''
  ) );
#1400 = ORIENTED_EDGE('',*,*,#1401,.T.);
#1401 = EDGE_CURVE('',#1374,#1402,#1404,.T.);
#1402 = VERTEX_POINT('',#1403);
#1403 = CARTESIAN_POINT('',(24.800961894323,-45.95652607754,4.));
#1404 = SURFACE_CURVE('',#1405,(#1409,#1416),.PCURVE_S1.);
#1405 = LINE('',#1406,#1407);
#1406 = CARTESIAN_POINT('',(27.399038105677,-44.45652607754,4.));
#1407 = VECTOR('',#1408,1.);
#1408 = DIRECTION('',(-0.866025403784,-0.5,0.));
#1409 = PCURVE('',#460,#1410);
#1410 = DEFINITIONAL_REPRESENTATION('',(#1411),#1415);
#1411 = LINE('',#1412,#1413);
#1412 = CARTESIAN_POINT('',(27.399038105677,-44.45652607754));
#1413 = VECTOR('',#1414,1.);
#1414 = DIRECTION('',(-0.866025403784,-0.5));
#1415 = ( GEOMETRIC_REPRESENTATION_CONTEXT(2) 
PARAMETRIC_REPRESENTATION_CONTEXT() REPRESENTATION_CONTEXT('2D SPACE',''
  ) );
#1416 = PCURVE('',#1417,#1422);
#1417 = PLANE('',#1418);
#1418 = AXIS2_PLACEMENT_3D('',#1419,#1420,#1421);
#1419 = CARTESIAN_POINT('',(26.1,-45.20652607754,4.));
#1420 = DIRECTION('',(-0.5,0.866025403784,0.));
#1421 = DIRECTION('',(0.,0.,1.));
#1422 = DEFINITIONAL_REPRESENTATION('',(#1423),#1427);
#1423 = LINE('',#1424,#1425);
#1424 = CARTESIAN_POINT('',(0.,1.5));
#1425 = VECTOR('',#1426,1.);
#1426 = DIRECTION('',(0.,-1.));
#1427 = ( GEOMETRIC_REPRESENTATION_CONTEXT(2) 
PARAMETRIC_REPRESENTATION_CONTEXT() REPRESENTATION_CONTEXT('2D SPACE',''
  ) );
#1428 = ORIENTED_EDGE('',*,*,#1429,.F.);
#1429 = EDGE_CURVE('',#1430,#1402,#1432,.T.);
#1430 = VERTEX_POINT('',#1431);
#1431 = CARTESIAN_POINT('',(13.682200160902,-26.698265838,4.));
#1432 = SURFACE_CURVE('',#1433,(#1437,#1444),.PCURVE_S1.);
#1433 = LINE('',#1434,#1435);
#1434 = CARTESIAN_POINT('',(12.200961894323,-24.13268590218,4.));
#1435 = VECTOR('',#1436,1.);
#1436 = DIRECTION('',(0.5,-0.866025403784,0.));
#1437 = PCURVE('',#460,#1438);
#1438 = DEFINITIONAL_REPRESENTATION('',(#1439),#1443);
#1439 = LINE('',#1440,#1441);
#1440 = CARTESIAN_POINT('',(12.200961894323,-24.13268590218));
#1441 = VECTOR('',#1442,1.);
#1442 = DIRECTION('',(0.5,-0.866025403784));
#1443 = ( GEOMETRIC_REPRESENTATION_CONTEXT(2) 
PARAMETRIC_REPRESENTATION_CONTEXT() REPRESENTATION_CONTEXT('2D SPACE',''
  ) );
#1444 = PCURVE('',#1445,#1450);
#1445 = PLANE('',#1446);
#1446 = AXIS2_PLACEMENT_3D('',#1447,#1448,#1449);
#1447 = CARTESIAN_POINT('',(16.520234634095,-31.61388573921,
    11.976880928845));
#1448 = DIRECTION('',(-0.866025403784,-0.5,-0.));
#1449 = DIRECTION('',(0.,0.,-1.));
#1450 = DEFINITIONAL_REPRESENTATION('',(#1451),#1455);
#1451 = LINE('',#1452,#1453);
#1452 = CARTESIAN_POINT('',(7.976880928845,-8.638545479543));
#1453 = VECTOR('',#1454,1.);
#1454 = DIRECTION('',(0.,1.));
#1455 = ( GEOMETRIC_REPRESENTATION_CONTEXT(2) 
PARAMETRIC_REPRESENTATION_CONTEXT() REPRESENTATION_CONTEXT('2D SPACE',''
  ) );
#1456 = ORIENTED_EDGE('',*,*,#1457,.F.);
#1457 = EDGE_CURVE('',#1458,#1430,#1460,.T.);
#1458 = VERTEX_POINT('',#1459);
#1459 = CARTESIAN_POINT('',(-13.6822001609,-26.698265838,4.));
#1460 = SURFACE_CURVE('',#1461,(#1466,#1473),.PCURVE_S1.);
#1461 = CIRCLE('',#1462,30.);
#1462 = AXIS2_PLACEMENT_3D('',#1463,#1464,#1465);
#1463 = CARTESIAN_POINT('',(0.,0.,4.));
#1464 = DIRECTION('',(0.,0.,1.));
#1465 = DIRECTION('',(1.,0.,-0.));
#1466 = PCURVE('',#460,#1467);
#1467 = DEFINITIONAL_REPRESENTATION('',(#1468),#1472);
#1468 = CIRCLE('',#1469,30.);
#1469 = AXIS2_PLACEMENT_2D('',#1470,#1471);
#1470 = CARTESIAN_POINT('',(2.917205616084E-15,-4.679120177894E-16));
#1471 = DIRECTION('',(1.,0.));
#1472 = ( GEOMETRIC_REPRESENTATION_CONTEXT(2) 
PARAMETRIC_REPRESENTATION_CONTEXT() REPRESENTATION_CONTEXT('2D SPACE',''
  ) );
#1473 = PCURVE('',#1361,#1474);
#1474 = DEFINITIONAL_REPRESENTATION('',(#1475),#1479);
#1475 = LINE('',#1476,#1477);
#1476 = CARTESIAN_POINT('',(-0.,-0.));
#1477 = VECTOR('',#1478,1.);
#1478 = DIRECTION('',(-1.,-0.));
#1479 = ( GEOMETRIC_REPRESENTATION_CONTEXT(2) 
PARAMETRIC_REPRESENTATION_CONTEXT() REPRESENTATION_CONTEXT('2D SPACE',''
  ) );
#1480 = ORIENTED_EDGE('',*,*,#1481,.T.);
#1481 = EDGE_CURVE('',#1458,#1482,#1484,.T.);
#1482 = VERTEX_POINT('',#1483);
#1483 = CARTESIAN_POINT('',(-24.80096189432,-45.95652607754,4.));
#1484 = SURFACE_CURVE('',#1485,(#1489,#1496),.PCURVE_S1.);
#1485 = LINE('',#1486,#1487);
#1486 = CARTESIAN_POINT('',(-12.20096189432,-24.13268590218,4.));
#1487 = VECTOR('',#1488,1.);
#1488 = DIRECTION('',(-0.5,-0.866025403784,0.));
#1489 = PCURVE('',#460,#1490);
#1490 = DEFINITIONAL_REPRESENTATION('',(#1491),#1495);
#1491 = LINE('',#1492,#1493);
#1492 = CARTESIAN_POINT('',(-12.20096189432,-24.13268590218));
#1493 = VECTOR('',#1494,1.);
#1494 = DIRECTION('',(-0.5,-0.866025403784));
#1495 = ( GEOMETRIC_REPRESENTATION_CONTEXT(2) 
PARAMETRIC_REPRESENTATION_CONTEXT() REPRESENTATION_CONTEXT('2D SPACE',''
  ) );
#1496 = PCURVE('',#1497,#1502);
#1497 = PLANE('',#1498);
#1498 = AXIS2_PLACEMENT_3D('',#1499,#1500,#1501);
#1499 = CARTESIAN_POINT('',(-16.52023463409,-31.61388573921,
    11.976880928845));
#1500 = DIRECTION('',(-0.866025403784,0.5,-0.));
#1501 = DIRECTION('',(0.,-0.,-1.));
#1502 = DEFINITIONAL_REPRESENTATION('',(#1503),#1507);
#1503 = LINE('',#1504,#1505);
#1504 = CARTESIAN_POINT('',(7.976880928845,-8.638545479542));
#1505 = VECTOR('',#1506,1.);
#1506 = DIRECTION('',(0.,1.));
#1507 = ( GEOMETRIC_REPRESENTATION_CONTEXT(2) 
PARAMETRIC_REPRESENTATION_CONTEXT() REPRESENTATION_CONTEXT('2D SPACE',''
  ) );
#1508 = ORIENTED_EDGE('',*,*,#1509,.T.);
#1509 = EDGE_CURVE('',#1482,#1510,#1512,.T.);
#1510 = VERTEX_POINT('',#1511);
#1511 = CARTESIAN_POINT('',(-27.39903810567,-44.45652607754,4.));
#1512 = SURFACE_CURVE('',#1513,(#1517,#1524),.PCURVE_S1.);
#1513 = LINE('',#1514,#1515);
#1514 = CARTESIAN_POINT('',(-24.80096189432,-45.95652607754,4.));
#1515 = VECTOR('',#1516,1.);
#1516 = DIRECTION('',(-0.866025403784,0.5,0.));
#1517 = PCURVE('',#460,#1518);
#1518 = DEFINITIONAL_REPRESENTATION('',(#1519),#1523);
#1519 = LINE('',#1520,#1521);
#1520 = CARTESIAN_POINT('',(-24.80096189432,-45.95652607754));
#1521 = VECTOR('',#1522,1.);
#1522 = DIRECTION('',(-0.866025403784,0.5));
#1523 = ( GEOMETRIC_REPRESENTATION_CONTEXT(2) 
PARAMETRIC_REPRESENTATION_CONTEXT() REPRESENTATION_CONTEXT('2D SPACE',''
  ) );
#1524 = PCURVE('',#1525,#1530);
#1525 = PLANE('',#1526);
#1526 = AXIS2_PLACEMENT_3D('',#1527,#1528,#1529);
#1527 = CARTESIAN_POINT('',(-26.1,-45.20652607754,4.));
#1528 = DIRECTION('',(0.5,0.866025403784,0.));
#1529 = DIRECTION('',(0.,0.,1.));
#1530 = DEFINITIONAL_REPRESENTATION('',(#1531),#1535);
#1531 = LINE('',#1532,#1533);
#1532 = CARTESIAN_POINT('',(0.,1.5));
#1533 = VECTOR('',#1534,1.);
#1534 = DIRECTION('',(0.,-1.));
#1535 = ( GEOMETRIC_REPRESENTATION_CONTEXT(2) 
PARAMETRIC_REPRESENTATION_CONTEXT() REPRESENTATION_CONTEXT('2D SPACE',''
  ) );
#1536 = ORIENTED_EDGE('',*,*,#1537,.F.);
#1537 = EDGE_CURVE('',#1538,#1510,#1540,.T.);
#1538 = VERTEX_POINT('',#1539);
#1539 = CARTESIAN_POINT('',(-16.28027637225,-25.198265838,4.));
#1540 = SURFACE_CURVE('',#1541,(#1545,#1552),.PCURVE_S1.);
#1541 = LINE('',#1542,#1543);
#1542 = CARTESIAN_POINT('',(-14.79903810567,-22.63268590218,4.));
#1543 = VECTOR('',#1544,1.);
#1544 = DIRECTION('',(-0.5,-0.866025403784,0.));
#1545 = PCURVE('',#460,#1546);
#1546 = DEFINITIONAL_REPRESENTATION('',(#1547),#1551);
#1547 = LINE('',#1548,#1549);
#1548 = CARTESIAN_POINT('',(-14.79903810567,-22.63268590218));
#1549 = VECTOR('',#1550,1.);
#1550 = DIRECTION('',(-0.5,-0.866025403784));
#1551 = ( GEOMETRIC_REPRESENTATION_CONTEXT(2) 
PARAMETRIC_REPRESENTATION_CONTEXT() REPRESENTATION_CONTEXT('2D SPACE',''
  ) );
#1552 = PCURVE('',#1553,#1558);
#1553 = PLANE('',#1554);
#1554 = AXIS2_PLACEMENT_3D('',#1555,#1556,#1557);
#1555 = CARTESIAN_POINT('',(-19.11831084544,-30.11388573921,
    11.976880928845));
#1556 = DIRECTION('',(-0.866025403784,0.5,-0.));
#1557 = DIRECTION('',(0.,-0.,-1.));
#1558 = DEFINITIONAL_REPRESENTATION('',(#1559),#1563);
#1559 = LINE('',#1560,#1561);
#1560 = CARTESIAN_POINT('',(7.976880928845,-8.638545479542));
#1561 = VECTOR('',#1562,1.);
#1562 = DIRECTION('',(0.,1.));
#1563 = ( GEOMETRIC_REPRESENTATION_CONTEXT(2) 
PARAMETRIC_REPRESENTATION_CONTEXT() REPRESENTATION_CONTEXT('2D SPACE',''
  ) );
#1564 = ORIENTED_EDGE('',*,*,#1565,.F.);
#1565 = EDGE_CURVE('',#1566,#1538,#1568,.T.);
#1566 = VERTEX_POINT('',#1567);
#1567 = CARTESIAN_POINT('',(-29.96247653315,-1.5,4.));
#1568 = SURFACE_CURVE('',#1569,(#1574,#1581),.PCURVE_S1.);
#1569 = CIRCLE('',#1570,30.);
#1570 = AXIS2_PLACEMENT_3D('',#1571,#1572,#1573);
#1571 = CARTESIAN_POINT('',(0.,0.,4.));
#1572 = DIRECTION('',(0.,0.,1.));
#1573 = DIRECTION('',(1.,0.,-0.));
#1574 = PCURVE('',#460,#1575);
#1575 = DEFINITIONAL_REPRESENTATION('',(#1576),#1580);
#1576 = CIRCLE('',#1577,30.);
#1577 = AXIS2_PLACEMENT_2D('',#1578,#1579);
#1578 = CARTESIAN_POINT('',(2.917205616084E-15,-4.679120177894E-16));
#1579 = DIRECTION('',(1.,0.));
#1580 = ( GEOMETRIC_REPRESENTATION_CONTEXT(2) 
PARAMETRIC_REPRESENTATION_CONTEXT() REPRESENTATION_CONTEXT('2D SPACE',''
  ) );
#1581 = PCURVE('',#1361,#1582);
#1582 = DEFINITIONAL_REPRESENTATION('',(#1583),#1587);
#1583 = LINE('',#1584,#1585);
#1584 = CARTESIAN_POINT('',(-0.,-0.));
#1585 = VECTOR('',#1586,1.);
#1586 = DIRECTION('',(-1.,-0.));
#1587 = ( GEOMETRIC_REPRESENTATION_CONTEXT(2) 
PARAMETRIC_REPRESENTATION_CONTEXT() REPRESENTATION_CONTEXT('2D SPACE',''
  ) );
#1588 = ORIENTED_EDGE('',*,*,#1589,.T.);
#1589 = EDGE_CURVE('',#1566,#1590,#1592,.T.);
#1590 = VERTEX_POINT('',#1591);
#1591 = CARTESIAN_POINT('',(-52.2,-1.5,4.));
#1592 = SURFACE_CURVE('',#1593,(#1597,#1604),.PCURVE_S1.);
#1593 = LINE('',#1594,#1595);
#1594 = CARTESIAN_POINT('',(-27.,-1.5,4.));
#1595 = VECTOR('',#1596,1.);
#1596 = DIRECTION('',(-1.,1.224646799147E-16,0.));
#1597 = PCURVE('',#460,#1598);
#1598 = DEFINITIONAL_REPRESENTATION('',(#1599),#1603);
#1599 = LINE('',#1600,#1601);
#1600 = CARTESIAN_POINT('',(-27.,-1.5));
#1601 = VECTOR('',#1602,1.);
#1602 = DIRECTION('',(-1.,1.224646799147E-16));
#1603 = ( GEOMETRIC_REPRESENTATION_CONTEXT(2) 
PARAMETRIC_REPRESENTATION_CONTEXT() REPRESENTATION_CONTEXT('2D SPACE',''
  ) );
#1604 = PCURVE('',#1605,#1610);
#1605 = PLANE('',#1606);
#1606 = AXIS2_PLACEMENT_3D('',#1607,#1608,#1609);
#1607 = CARTESIAN_POINT('',(-35.63854547954,-1.5,11.976880928845));
#1608 = DIRECTION('',(1.224646799147E-16,1.,-0.));
#1609 = DIRECTION('',(-0.,0.,-1.));
#1610 = DEFINITIONAL_REPRESENTATION('',(#1611),#1615);
#1611 = LINE('',#1612,#1613);
#1612 = CARTESIAN_POINT('',(7.976880928845,-8.638545479543));
#1613 = VECTOR('',#1614,1.);
#1614 = DIRECTION('',(0.,1.));
#1615 = ( GEOMETRIC_REPRESENTATION_CONTEXT(2) 
PARAMETRIC_REPRESENTATION_CONTEXT() REPRESENTATION_CONTEXT('2D SPACE',''
  ) );
#1616 = ORIENTED_EDGE('',*,*,#1617,.T.);
#1617 = EDGE_CURVE('',#1590,#1618,#1620,.T.);
#1618 = VERTEX_POINT('',#1619);
#1619 = CARTESIAN_POINT('',(-52.2,1.5,4.));
#1620 = SURFACE_CURVE('',#1621,(#1625,#1632),.PCURVE_S1.);
#1621 = LINE('',#1622,#1623);
#1622 = CARTESIAN_POINT('',(-52.2,-1.5,4.));
#1623 = VECTOR('',#1624,1.);
#1624 = DIRECTION('',(1.224646799147E-16,1.,0.));
#1625 = PCURVE('',#460,#1626);
#1626 = DEFINITIONAL_REPRESENTATION('',(#1627),#1631);
#1627 = LINE('',#1628,#1629);
#1628 = CARTESIAN_POINT('',(-52.2,-1.5));
#1629 = VECTOR('',#1630,1.);
#1630 = DIRECTION('',(1.224646799147E-16,1.));
#1631 = ( GEOMETRIC_REPRESENTATION_CONTEXT(2) 
PARAMETRIC_REPRESENTATION_CONTEXT() REPRESENTATION_CONTEXT('2D SPACE',''
  ) );
#1632 = PCURVE('',#1633,#1638);
#1633 = PLANE('',#1634);
#1634 = AXIS2_PLACEMENT_3D('',#1635,#1636,#1637);
#1635 = CARTESIAN_POINT('',(-52.2,6.392656291549E-15,4.));
#1636 = DIRECTION('',(1.,-1.224646799147E-16,0.));
#1637 = DIRECTION('',(0.,0.,1.));
#1638 = DEFINITIONAL_REPRESENTATION('',(#1639),#1643);
#1639 = LINE('',#1640,#1641);
#1640 = CARTESIAN_POINT('',(0.,1.5));
#1641 = VECTOR('',#1642,1.);
#1642 = DIRECTION('',(0.,-1.));
#1643 = ( GEOMETRIC_REPRESENTATION_CONTEXT(2) 
PARAMETRIC_REPRESENTATION_CONTEXT() REPRESENTATION_CONTEXT('2D SPACE',''
  ) );
#1644 = ORIENTED_EDGE('',*,*,#1645,.F.);
#1645 = EDGE_CURVE('',#1646,#1618,#1648,.T.);
#1646 = VERTEX_POINT('',#1647);
#1647 = CARTESIAN_POINT('',(-29.96247653315,1.5,4.));
#1648 = SURFACE_CURVE('',#1649,(#1653,#1660),.PCURVE_S1.);
#1649 = LINE('',#1650,#1651);
#1650 = CARTESIAN_POINT('',(-27.,1.5,4.));
#1651 = VECTOR('',#1652,1.);
#1652 = DIRECTION('',(-1.,1.224646799147E-16,0.));
#1653 = PCURVE('',#460,#1654);
#1654 = DEFINITIONAL_REPRESENTATION('',(#1655),#1659);
#1655 = LINE('',#1656,#1657);
#1656 = CARTESIAN_POINT('',(-27.,1.5));
#1657 = VECTOR('',#1658,1.);
#1658 = DIRECTION('',(-1.,1.224646799147E-16));
#1659 = ( GEOMETRIC_REPRESENTATION_CONTEXT(2) 
PARAMETRIC_REPRESENTATION_CONTEXT() REPRESENTATION_CONTEXT('2D SPACE',''
  ) );
#1660 = PCURVE('',#1661,#1666);
#1661 = PLANE('',#1662);
#1662 = AXIS2_PLACEMENT_3D('',#1663,#1664,#1665);
#1663 = CARTESIAN_POINT('',(-35.63854547954,1.5,11.976880928845));
#1664 = DIRECTION('',(1.224646799147E-16,1.,-0.));
#1665 = DIRECTION('',(-0.,0.,-1.));
#1666 = DEFINITIONAL_REPRESENTATION('',(#1667),#1671);
#1667 = LINE('',#1668,#1669);
#1668 = CARTESIAN_POINT('',(7.976880928845,-8.638545479543));
#1669 = VECTOR('',#1670,1.);
#1670 = DIRECTION('',(0.,1.));
#1671 = ( GEOMETRIC_REPRESENTATION_CONTEXT(2) 
PARAMETRIC_REPRESENTATION_CONTEXT() REPRESENTATION_CONTEXT('2D SPACE',''
  ) );
#1672 = ORIENTED_EDGE('',*,*,#1673,.F.);
#1673 = EDGE_CURVE('',#1674,#1646,#1676,.T.);
#1674 = VERTEX_POINT('',#1675);
#1675 = CARTESIAN_POINT('',(-16.28027637225,25.198265838009,4.));
#1676 = SURFACE_CURVE('',#1677,(#1682,#1689),.PCURVE_S1.);
#1677 = CIRCLE('',#1678,30.);
#1678 = AXIS2_PLACEMENT_3D('',#1679,#1680,#1681);
#1679 = CARTESIAN_POINT('',(0.,0.,4.));
#1680 = DIRECTION('',(0.,0.,1.));
#1681 = DIRECTION('',(1.,0.,-0.));
#1682 = PCURVE('',#460,#1683);
#1683 = DEFINITIONAL_REPRESENTATION('',(#1684),#1688);
#1684 = CIRCLE('',#1685,30.);
#1685 = AXIS2_PLACEMENT_2D('',#1686,#1687);
#1686 = CARTESIAN_POINT('',(2.917205616084E-15,-4.679120177894E-16));
#1687 = DIRECTION('',(1.,0.));
#1688 = ( GEOMETRIC_REPRESENTATION_CONTEXT(2) 
PARAMETRIC_REPRESENTATION_CONTEXT() REPRESENTATION_CONTEXT('2D SPACE',''
  ) );
#1689 = PCURVE('',#1361,#1690);
#1690 = DEFINITIONAL_REPRESENTATION('',(#1691),#1695);
#1691 = LINE('',#1692,#1693);
#1692 = CARTESIAN_POINT('',(-0.,-0.));
#1693 = VECTOR('',#1694,1.);
#1694 = DIRECTION('',(-1.,-0.));
#1695 = ( GEOMETRIC_REPRESENTATION_CONTEXT(2) 
PARAMETRIC_REPRESENTATION_CONTEXT() REPRESENTATION_CONTEXT('2D SPACE',''
  ) );
#1696 = ORIENTED_EDGE('',*,*,#1697,.T.);
#1697 = EDGE_CURVE('',#1674,#1698,#1700,.T.);
#1698 = VERTEX_POINT('',#1699);
#1699 = CARTESIAN_POINT('',(-27.39903810567,44.456526077548,4.));
#1700 = SURFACE_CURVE('',#1701,(#1705,#1712),.PCURVE_S1.);
#1701 = LINE('',#1702,#1703);
#1702 = CARTESIAN_POINT('',(-14.79903810567,22.63268590218,4.));
#1703 = VECTOR('',#1704,1.);
#1704 = DIRECTION('',(-0.5,0.866025403784,0.));
#1705 = PCURVE('',#460,#1706);
#1706 = DEFINITIONAL_REPRESENTATION('',(#1707),#1711);
#1707 = LINE('',#1708,#1709);
#1708 = CARTESIAN_POINT('',(-14.79903810567,22.63268590218));
#1709 = VECTOR('',#1710,1.);
#1710 = DIRECTION('',(-0.5,0.866025403784));
#1711 = ( GEOMETRIC_REPRESENTATION_CONTEXT(2) 
PARAMETRIC_REPRESENTATION_CONTEXT() REPRESENTATION_CONTEXT('2D SPACE',''
  ) );
#1712 = PCURVE('',#1713,#1718);
#1713 = PLANE('',#1714);
#1714 = AXIS2_PLACEMENT_3D('',#1715,#1716,#1717);
#1715 = CARTESIAN_POINT('',(-19.11831084544,30.113885739211,
    11.976880928845));
#1716 = DIRECTION('',(0.866025403784,0.5,-0.));
#1717 = DIRECTION('',(-0.,0.,-1.));
#1718 = DEFINITIONAL_REPRESENTATION('',(#1719),#1723);
#1719 = LINE('',#1720,#1721);
#1720 = CARTESIAN_POINT('',(7.976880928845,-8.638545479543));
#1721 = VECTOR('',#1722,1.);
#1722 = DIRECTION('',(0.,1.));
#1723 = ( GEOMETRIC_REPRESENTATION_CONTEXT(2) 
PARAMETRIC_REPRESENTATION_CONTEXT() REPRESENTATION_CONTEXT('2D SPACE',''
  ) );
#1724 = ORIENTED_EDGE('',*,*,#1725,.T.);
#1725 = EDGE_CURVE('',#1698,#1726,#1728,.T.);
#1726 = VERTEX_POINT('',#1727);
#1727 = CARTESIAN_POINT('',(-24.80096189432,45.956526077548,4.));
#1728 = SURFACE_CURVE('',#1729,(#1733,#1740),.PCURVE_S1.);
#1729 = LINE('',#1730,#1731);
#1730 = CARTESIAN_POINT('',(-27.39903810567,44.456526077548,4.));
#1731 = VECTOR('',#1732,1.);
#1732 = DIRECTION('',(0.866025403784,0.5,0.));
#1733 = PCURVE('',#460,#1734);
#1734 = DEFINITIONAL_REPRESENTATION('',(#1735),#1739);
#1735 = LINE('',#1736,#1737);
#1736 = CARTESIAN_POINT('',(-27.39903810567,44.456526077548));
#1737 = VECTOR('',#1738,1.);
#1738 = DIRECTION('',(0.866025403784,0.5));
#1739 = ( GEOMETRIC_REPRESENTATION_CONTEXT(2) 
PARAMETRIC_REPRESENTATION_CONTEXT() REPRESENTATION_CONTEXT('2D SPACE',''
  ) );
#1740 = PCURVE('',#1741,#1746);
#1741 = PLANE('',#1742);
#1742 = AXIS2_PLACEMENT_3D('',#1743,#1744,#1745);
#1743 = CARTESIAN_POINT('',(-26.1,45.206526077548,4.));
#1744 = DIRECTION('',(0.5,-0.866025403784,0.));
#1745 = DIRECTION('',(0.,0.,1.));
#1746 = DEFINITIONAL_REPRESENTATION('',(#1747),#1751);
#1747 = LINE('',#1748,#1749);
#1748 = CARTESIAN_POINT('',(0.,1.5));
#1749 = VECTOR('',#1750,1.);
#1750 = DIRECTION('',(0.,-1.));
#1751 = ( GEOMETRIC_REPRESENTATION_CONTEXT(2) 
PARAMETRIC_REPRESENTATION_CONTEXT() REPRESENTATION_CONTEXT('2D SPACE',''
  ) );
#1752 = ORIENTED_EDGE('',*,*,#1753,.F.);
#1753 = EDGE_CURVE('',#1754,#1726,#1756,.T.);
#1754 = VERTEX_POINT('',#1755);
#1755 = CARTESIAN_POINT('',(-13.6822001609,26.698265838009,4.));
#1756 = SURFACE_CURVE('',#1757,(#1761,#1768),.PCURVE_S1.);
#1757 = LINE('',#1758,#1759);
#1758 = CARTESIAN_POINT('',(-12.20096189432,24.13268590218,4.));
#1759 = VECTOR('',#1760,1.);
#1760 = DIRECTION('',(-0.5,0.866025403784,0.));
#1761 = PCURVE('',#460,#1762);
#1762 = DEFINITIONAL_REPRESENTATION('',(#1763),#1767);
#1763 = LINE('',#1764,#1765);
#1764 = CARTESIAN_POINT('',(-12.20096189432,24.13268590218));
#1765 = VECTOR('',#1766,1.);
#1766 = DIRECTION('',(-0.5,0.866025403784));
#1767 = ( GEOMETRIC_REPRESENTATION_CONTEXT(2) 
PARAMETRIC_REPRESENTATION_CONTEXT() REPRESENTATION_CONTEXT('2D SPACE',''
  ) );
#1768 = PCURVE('',#1769,#1774);
#1769 = PLANE('',#1770);
#1770 = AXIS2_PLACEMENT_3D('',#1771,#1772,#1773);
#1771 = CARTESIAN_POINT('',(-16.52023463409,31.613885739211,
    11.976880928845));
#1772 = DIRECTION('',(0.866025403784,0.5,-0.));
#1773 = DIRECTION('',(-0.,0.,-1.));
#1774 = DEFINITIONAL_REPRESENTATION('',(#1775),#1779);
#1775 = LINE('',#1776,#1777);
#1776 = CARTESIAN_POINT('',(7.976880928845,-8.638545479543));
#1777 = VECTOR('',#1778,1.);
#1778 = DIRECTION('',(0.,1.));
#1779 = ( GEOMETRIC_REPRESENTATION_CONTEXT(2) 
PARAMETRIC_REPRESENTATION_CONTEXT() REPRESENTATION_CONTEXT('2D SPACE',''
  ) );
#1780 = ORIENTED_EDGE('',*,*,#1781,.F.);
#1781 = EDGE_CURVE('',#1782,#1754,#1784,.T.);
#1782 = VERTEX_POINT('',#1783);
#1783 = CARTESIAN_POINT('',(13.682200160902,26.698265838009,4.));
#1784 = SURFACE_CURVE('',#1785,(#1790,#1797),.PCURVE_S1.);
#1785 = CIRCLE('',#1786,30.);
#1786 = AXIS2_PLACEMENT_3D('',#1787,#1788,#1789);
#1787 = CARTESIAN_POINT('',(0.,0.,4.));
#1788 = DIRECTION('',(0.,0.,1.));
#1789 = DIRECTION('',(1.,0.,-0.));
#1790 = PCURVE('',#460,#1791);
#1791 = DEFINITIONAL_REPRESENTATION('',(#1792),#1796);
#1792 = CIRCLE('',#1793,30.);
#1793 = AXIS2_PLACEMENT_2D('',#1794,#1795);
#1794 = CARTESIAN_POINT('',(2.917205616084E-15,-4.679120177894E-16));
#1795 = DIRECTION('',(1.,0.));
#1796 = ( GEOMETRIC_REPRESENTATION_CONTEXT(2) 
PARAMETRIC_REPRESENTATION_CONTEXT() REPRESENTATION_CONTEXT('2D SPACE',''
  ) );
#1797 = PCURVE('',#1361,#1798);
#1798 = DEFINITIONAL_REPRESENTATION('',(#1799),#1803);
#1799 = LINE('',#1800,#1801);
#1800 = CARTESIAN_POINT('',(-0.,-0.));
#1801 = VECTOR('',#1802,1.);
#1802 = DIRECTION('',(-1.,-0.));
#1803 = ( GEOMETRIC_REPRESENTATION_CONTEXT(2) 
PARAMETRIC_REPRESENTATION_CONTEXT() REPRESENTATION_CONTEXT('2D SPACE',''
  ) );
#1804 = ORIENTED_EDGE('',*,*,#1805,.T.);
#1805 = EDGE_CURVE('',#1782,#1806,#1808,.T.);
#1806 = VERTEX_POINT('',#1807);
#1807 = CARTESIAN_POINT('',(24.800961894323,45.956526077548,4.));
#1808 = SURFACE_CURVE('',#1809,(#1813,#1820),.PCURVE_S1.);
#1809 = LINE('',#1810,#1811);
#1810 = CARTESIAN_POINT('',(12.200961894323,24.13268590218,4.));
#1811 = VECTOR('',#1812,1.);
#1812 = DIRECTION('',(0.5,0.866025403784,0.));
#1813 = PCURVE('',#460,#1814);
#1814 = DEFINITIONAL_REPRESENTATION('',(#1815),#1819);
#1815 = LINE('',#1816,#1817);
#1816 = CARTESIAN_POINT('',(12.200961894323,24.13268590218));
#1817 = VECTOR('',#1818,1.);
#1818 = DIRECTION('',(0.5,0.866025403784));
#1819 = ( GEOMETRIC_REPRESENTATION_CONTEXT(2) 
PARAMETRIC_REPRESENTATION_CONTEXT() REPRESENTATION_CONTEXT('2D SPACE',''
  ) );
#1820 = PCURVE('',#1821,#1826);
#1821 = PLANE('',#1822);
#1822 = AXIS2_PLACEMENT_3D('',#1823,#1824,#1825);
#1823 = CARTESIAN_POINT('',(16.520234634095,31.613885739211,
    11.976880928845));
#1824 = DIRECTION('',(0.866025403784,-0.5,-0.));
#1825 = DIRECTION('',(0.,0.,-1.));
#1826 = DEFINITIONAL_REPRESENTATION('',(#1827),#1831);
#1827 = LINE('',#1828,#1829);
#1828 = CARTESIAN_POINT('',(7.976880928845,-8.638545479543));
#1829 = VECTOR('',#1830,1.);
#1830 = DIRECTION('',(0.,1.));
#1831 = ( GEOMETRIC_REPRESENTATION_CONTEXT(2) 
PARAMETRIC_REPRESENTATION_CONTEXT() REPRESENTATION_CONTEXT('2D SPACE',''
  ) );
#1832 = ORIENTED_EDGE('',*,*,#1833,.T.);
#1833 = EDGE_CURVE('',#1806,#1834,#1836,.T.);
#1834 = VERTEX_POINT('',#1835);
#1835 = CARTESIAN_POINT('',(27.399038105677,44.456526077548,4.));
#1836 = SURFACE_CURVE('',#1837,(#1841,#1848),.PCURVE_S1.);
#1837 = LINE('',#1838,#1839);
#1838 = CARTESIAN_POINT('',(24.800961894323,45.956526077548,4.));
#1839 = VECTOR('',#1840,1.);
#1840 = DIRECTION('',(0.866025403784,-0.5,0.));
#1841 = PCURVE('',#460,#1842);
#1842 = DEFINITIONAL_REPRESENTATION('',(#1843),#1847);
#1843 = LINE('',#1844,#1845);
#1844 = CARTESIAN_POINT('',(24.800961894323,45.956526077548));
#1845 = VECTOR('',#1846,1.);
#1846 = DIRECTION('',(0.866025403784,-0.5));
#1847 = ( GEOMETRIC_REPRESENTATION_CONTEXT(2) 
PARAMETRIC_REPRESENTATION_CONTEXT() REPRESENTATION_CONTEXT('2D SPACE',''
  ) );
#1848 = PCURVE('',#1849,#1854);
#1849 = PLANE('',#1850);
#1850 = AXIS2_PLACEMENT_3D('',#1851,#1852,#1853);
#1851 = CARTESIAN_POINT('',(26.1,45.206526077548,4.));
#1852 = DIRECTION('',(-0.5,-0.866025403784,0.));
#1853 = DIRECTION('',(0.,0.,1.));
#1854 = DEFINITIONAL_REPRESENTATION('',(#1855),#1859);
#1855 = LINE('',#1856,#1857);
#1856 = CARTESIAN_POINT('',(0.,1.5));
#1857 = VECTOR('',#1858,1.);
#1858 = DIRECTION('',(0.,-1.));
#1859 = ( GEOMETRIC_REPRESENTATION_CONTEXT(2) 
PARAMETRIC_REPRESENTATION_CONTEXT() REPRESENTATION_CONTEXT('2D SPACE',''
  ) );
#1860 = ORIENTED_EDGE('',*,*,#1861,.F.);
#1861 = EDGE_CURVE('',#1862,#1834,#1864,.T.);
#1862 = VERTEX_POINT('',#1863);
#1863 = CARTESIAN_POINT('',(16.280276372255,25.198265838009,4.));
#1864 = SURFACE_CURVE('',#1865,(#1869,#1876),.PCURVE_S1.);
#1865 = LINE('',#1866,#1867);
#1866 = CARTESIAN_POINT('',(14.799038105677,22.63268590218,4.));
#1867 = VECTOR('',#1868,1.);
#1868 = DIRECTION('',(0.5,0.866025403784,0.));
#1869 = PCURVE('',#460,#1870);
#1870 = DEFINITIONAL_REPRESENTATION('',(#1871),#1875);
#1871 = LINE('',#1872,#1873);
#1872 = CARTESIAN_POINT('',(14.799038105677,22.63268590218));
#1873 = VECTOR('',#1874,1.);
#1874 = DIRECTION('',(0.5,0.866025403784));
#1875 = ( GEOMETRIC_REPRESENTATION_CONTEXT(2) 
PARAMETRIC_REPRESENTATION_CONTEXT() REPRESENTATION_CONTEXT('2D SPACE',''
  ) );
#1876 = PCURVE('',#1877,#1882);
#1877 = PLANE('',#1878);
#1878 = AXIS2_PLACEMENT_3D('',#1879,#1880,#1881);
#1879 = CARTESIAN_POINT('',(19.118310845448,30.113885739211,
    11.976880928845));
#1880 = DIRECTION('',(0.866025403784,-0.5,-0.));
#1881 = DIRECTION('',(0.,0.,-1.));
#1882 = DEFINITIONAL_REPRESENTATION('',(#1883),#1887);
#1883 = LINE('',#1884,#1885);
#1884 = CARTESIAN_POINT('',(7.976880928845,-8.638545479543));
#1885 = VECTOR('',#1886,1.);
#1886 = DIRECTION('',(0.,1.));
#1887 = ( GEOMETRIC_REPRESENTATION_CONTEXT(2) 
PARAMETRIC_REPRESENTATION_CONTEXT() REPRESENTATION_CONTEXT('2D SPACE',''
  ) );
#1888 = ORIENTED_EDGE('',*,*,#1889,.F.);
#1889 = EDGE_CURVE('',#1890,#1862,#1892,.T.);
#1890 = VERTEX_POINT('',#1891);
#1891 = CARTESIAN_POINT('',(29.962476533157,1.499999999999,4.));
#1892 = SURFACE_CURVE('',#1893,(#1898,#1905),.PCURVE_S1.);
#1893 = CIRCLE('',#1894,30.);
#1894 = AXIS2_PLACEMENT_3D('',#1895,#1896,#1897);
#1895 = CARTESIAN_POINT('',(0.,0.,4.));
#1896 = DIRECTION('',(0.,0.,1.));
#1897 = DIRECTION('',(1.,0.,-0.));
#1898 = PCURVE('',#460,#1899);
#1899 = DEFINITIONAL_REPRESENTATION('',(#1900),#1904);
#1900 = CIRCLE('',#1901,30.);
#1901 = AXIS2_PLACEMENT_2D('',#1902,#1903);
#1902 = CARTESIAN_POINT('',(2.917205616084E-15,-4.679120177894E-16));
#1903 = DIRECTION('',(1.,0.));
#1904 = ( GEOMETRIC_REPRESENTATION_CONTEXT(2) 
PARAMETRIC_REPRESENTATION_CONTEXT() REPRESENTATION_CONTEXT('2D SPACE',''
  ) );
#1905 = PCURVE('',#1361,#1906);
#1906 = DEFINITIONAL_REPRESENTATION('',(#1907),#1911);
#1907 = LINE('',#1908,#1909);
#1908 = CARTESIAN_POINT('',(-0.,-0.));
#1909 = VECTOR('',#1910,1.);
#1910 = DIRECTION('',(-1.,-0.));
#1911 = ( GEOMETRIC_REPRESENTATION_CONTEXT(2) 
PARAMETRIC_REPRESENTATION_CONTEXT() REPRESENTATION_CONTEXT('2D SPACE',''
  ) );
#1912 = ORIENTED_EDGE('',*,*,#1913,.T.);
#1913 = EDGE_CURVE('',#1890,#1268,#1914,.T.);
#1914 = SURFACE_CURVE('',#1915,(#1919,#1926),.PCURVE_S1.);
#1915 = LINE('',#1916,#1917);
#1916 = CARTESIAN_POINT('',(27.,1.5,4.));
#1917 = VECTOR('',#1918,1.);
#1918 = DIRECTION('',(1.,0.,0.));
#1919 = PCURVE('',#460,#1920);
#1920 = DEFINITIONAL_REPRESENTATION('',(#1921),#1925);
#1921 = LINE('',#1922,#1923);
#1922 = CARTESIAN_POINT('',(27.,1.5));
#1923 = VECTOR('',#1924,1.);
#1924 = DIRECTION('',(1.,0.));
#1925 = ( GEOMETRIC_REPRESENTATION_CONTEXT(2) 
PARAMETRIC_REPRESENTATION_CONTEXT() REPRESENTATION_CONTEXT('2D SPACE',''
  ) );
#1926 = PCURVE('',#1282,#1927);
#1927 = DEFINITIONAL_REPRESENTATION('',(#1928),#1932);
#1928 = LINE('',#1929,#1930);
#1929 = CARTESIAN_POINT('',(7.976880928845,-8.638545479543));
#1930 = VECTOR('',#1931,1.);
#1931 = DIRECTION('',(0.,1.));
#1932 = ( GEOMETRIC_REPRESENTATION_CONTEXT(2) 
PARAMETRIC_REPRESENTATION_CONTEXT() REPRESENTATION_CONTEXT('2D SPACE',''
  ) );
#1933 = ORIENTED_EDGE('',*,*,#1293,.T.);
#1934 = ADVANCED_FACE('',(#1935),#737,.T.);
#1935 = FACE_BOUND('',#1936,.T.);
#1936 = EDGE_LOOP('',(#1937));
#1937 = ORIENTED_EDGE('',*,*,#720,.T.);
#1938 = ADVANCED_FACE('',(#1939),#792,.T.);
#1939 = FACE_BOUND('',#1940,.T.);
#1940 = EDGE_LOOP('',(#1941));
#1941 = ORIENTED_EDGE('',*,*,#775,.T.);
#1942 = ADVANCED_FACE('',(#1943,#1978),#869,.T.);
#1943 = FACE_BOUND('',#1944,.T.);
#1944 = EDGE_LOOP('',(#1945));
#1945 = ORIENTED_EDGE('',*,*,#1946,.F.);
#1946 = EDGE_CURVE('',#1947,#1947,#1949,.T.);
#1947 = VERTEX_POINT('',#1948);
#1948 = CARTESIAN_POINT('',(27.,-6.613092715396E-15,4.));
#1949 = SURFACE_CURVE('',#1950,(#1955,#1966),.PCURVE_S1.);
#1950 = CIRCLE('',#1951,27.);
#1951 = AXIS2_PLACEMENT_3D('',#1952,#1953,#1954);
#1952 = CARTESIAN_POINT('',(-4.107825191113E-15,7.105427357601E-15,4.));
#1953 = DIRECTION('',(-0.,0.,-1.));
#1954 = DIRECTION('',(1.,-5.080933360369E-16,-0.));
#1955 = PCURVE('',#869,#1956);
#1956 = DEFINITIONAL_REPRESENTATION('',(#1957),#1965);
#1957 = ( BOUNDED_CURVE() B_SPLINE_CURVE(2,(#1958,#1959,#1960,#1961,
#1962,#1963,#1964),.UNSPECIFIED.,.T.,.F.) B_SPLINE_CURVE_WITH_KNOTS((1,2
    ,2,2,2,1),(-2.094395102393,0.,2.094395102393,4.188790204786,
6.28318530718,8.377580409573),.UNSPECIFIED.) CURVE() 
GEOMETRIC_REPRESENTATION_ITEM() RATIONAL_B_SPLINE_CURVE((1.,0.5,1.,0.5,
1.,0.5,1.)) REPRESENTATION_ITEM('') );
#1958 = CARTESIAN_POINT('',(27.,-7.081004733185E-15));
#1959 = CARTESIAN_POINT('',(27.,-46.76537180436));
#1960 = CARTESIAN_POINT('',(-13.5,-23.38268590218));
#1961 = CARTESIAN_POINT('',(-54.,2.746146277041E-14));
#1962 = CARTESIAN_POINT('',(-13.5,23.38268590218));
#1963 = CARTESIAN_POINT('',(27.,46.76537180436));
#1964 = CARTESIAN_POINT('',(27.,-7.081004733185E-15));
#1965 = ( GEOMETRIC_REPRESENTATION_CONTEXT(2) 
PARAMETRIC_REPRESENTATION_CONTEXT() REPRESENTATION_CONTEXT('2D SPACE',''
  ) );
#1966 = PCURVE('',#1967,#1972);
#1967 = CONICAL_SURFACE('',#1968,27.,0.643501108793);
#1968 = AXIS2_PLACEMENT_3D('',#1969,#1970,#1971);
#1969 = CARTESIAN_POINT('',(0.,0.,4.));
#1970 = DIRECTION('',(-0.,-0.,-1.));
#1971 = DIRECTION('',(1.,0.,-0.));
#1972 = DEFINITIONAL_REPRESENTATION('',(#1973),#1977);
#1973 = LINE('',#1974,#1975);
#1974 = CARTESIAN_POINT('',(-6.28318530718,-0.));
#1975 = VECTOR('',#1976,1.);
#1976 = DIRECTION('',(1.,-0.));
#1977 = ( GEOMETRIC_REPRESENTATION_CONTEXT(2) 
PARAMETRIC_REPRESENTATION_CONTEXT() REPRESENTATION_CONTEXT('2D SPACE',''
  ) );
#1978 = FACE_BOUND('',#1979,.T.);
#1979 = EDGE_LOOP('',(#1980));
#1980 = ORIENTED_EDGE('',*,*,#854,.T.);
#1981 = ADVANCED_FACE('',(#1982),#906,.T.);
#1982 = FACE_BOUND('',#1983,.T.);
#1983 = EDGE_LOOP('',(#1984));
#1984 = ORIENTED_EDGE('',*,*,#889,.T.);
#1985 = ADVANCED_FACE('',(#1986),#1015,.T.);
#1986 = FACE_BOUND('',#1987,.T.);
#1987 = EDGE_LOOP('',(#1988));
#1988 = ORIENTED_EDGE('',*,*,#998,.T.);
#1989 = ADVANCED_FACE('',(#1990),#1070,.T.);
#1990 = FACE_BOUND('',#1991,.T.);
#1991 = EDGE_LOOP('',(#1992));
#1992 = ORIENTED_EDGE('',*,*,#1053,.T.);
#1993 = ADVANCED_FACE('',(#1994),#1125,.T.);
#1994 = FACE_BOUND('',#1995,.T.);
#1995 = EDGE_LOOP('',(#1996));
#1996 = ORIENTED_EDGE('',*,*,#1108,.T.);
#1997 = ADVANCED_FACE('',(#1998),#1282,.F.);
#1998 = FACE_BOUND('',#1999,.F.);
#1999 = EDGE_LOOP('',(#2000,#2030,#2056,#2057,#2058,#2081));
#2000 = ORIENTED_EDGE('',*,*,#2001,.T.);
#2001 = EDGE_CURVE('',#2002,#2004,#2006,.T.);
#2002 = VERTEX_POINT('',#2003);
#2003 = CARTESIAN_POINT('',(24.,1.5,21.));
#2004 = VERTEX_POINT('',#2005);
#2005 = CARTESIAN_POINT('',(25.187945067301,1.5,14.268311285297));
#2006 = SURFACE_CURVE('',#2007,(#2011,#2018),.PCURVE_S1.);
#2007 = LINE('',#2008,#2009);
#2008 = CARTESIAN_POINT('',(24.,1.5,21.));
#2009 = VECTOR('',#2010,1.);
#2010 = DIRECTION('',(0.173785333909,0.,-0.984783558818));
#2011 = PCURVE('',#1282,#2012);
#2012 = DEFINITIONAL_REPRESENTATION('',(#2013),#2017);
#2013 = LINE('',#2014,#2015);
#2014 = CARTESIAN_POINT('',(-9.023119071155,-11.63854547954));
#2015 = VECTOR('',#2016,1.);
#2016 = DIRECTION('',(0.984783558818,0.173785333909));
#2017 = ( GEOMETRIC_REPRESENTATION_CONTEXT(2) 
PARAMETRIC_REPRESENTATION_CONTEXT() REPRESENTATION_CONTEXT('2D SPACE',''
  ) );
#2018 = PCURVE('',#2019,#2024);
#2019 = PLANE('',#2020);
#2020 = AXIS2_PLACEMENT_3D('',#2021,#2022,#2023);
#2021 = CARTESIAN_POINT('',(24.,0.,21.));
#2022 = DIRECTION('',(0.984783558818,0.,0.173785333909));
#2023 = DIRECTION('',(0.173785333909,0.,-0.984783558818));
#2024 = DEFINITIONAL_REPRESENTATION('',(#2025),#2029);
#2025 = LINE('',#2026,#2027);
#2026 = CARTESIAN_POINT('',(0.,1.5));
#2027 = VECTOR('',#2028,1.);
#2028 = DIRECTION('',(1.,0.));
#2029 = ( GEOMETRIC_REPRESENTATION_CONTEXT(2) 
PARAMETRIC_REPRESENTATION_CONTEXT() REPRESENTATION_CONTEXT('2D SPACE',''
  ) );
#2030 = ORIENTED_EDGE('',*,*,#2031,.T.);
#2031 = EDGE_CURVE('',#2004,#1890,#2032,.T.);
#2032 = SURFACE_CURVE('',#2033,(#2038,#2045),.PCURVE_S1.);
#2033 = HYPERBOLA('',#2034,3.230769230769,1.5);
#2034 = AXIS2_PLACEMENT_3D('',#2035,#2036,#2037);
#2035 = CARTESIAN_POINT('',(0.,1.5,68.615384615385));
#2036 = DIRECTION('',(0.,-1.,-0.));
#2037 = DIRECTION('',(0.,0.,-1.));
#2038 = PCURVE('',#1282,#2039);
#2039 = DEFINITIONAL_REPRESENTATION('',(#2040),#2044);
#2040 = ( BOUNDED_CURVE() B_SPLINE_CURVE(2,(#2041,#2042,#2043),
.UNSPECIFIED.,.F.,.F.) B_SPLINE_CURVE_WITH_KNOTS((3,3),(3.341990982963,
3.688253867361),.PIECEWISE_BEZIER_KNOTS.) CURVE() 
GEOMETRIC_REPRESENTATION_ITEM() RATIONAL_B_SPLINE_CURVE((1.,
1.015024721831,1.)) REPRESENTATION_ITEM('') );
#2041 = CARTESIAN_POINT('',(-10.90578123359,-14.45854547954));
#2042 = CARTESIAN_POINT('',(-3.085769147529,-10.81873169015));
#2043 = CARTESIAN_POINT('',(7.976880928845,-5.676068946385));
#2044 = ( GEOMETRIC_REPRESENTATION_CONTEXT(2) 
PARAMETRIC_REPRESENTATION_CONTEXT() REPRESENTATION_CONTEXT('2D SPACE',''
  ) );
#2045 = PCURVE('',#1361,#2046);
#2046 = DEFINITIONAL_REPRESENTATION('',(#2047),#2055);
#2047 = B_SPLINE_CURVE_WITH_KNOTS('',6,(#2048,#2049,#2050,#2051,#2052,
    #2053,#2054),.UNSPECIFIED.,.F.,.F.,(7,7),(3.341990982963,
    3.688253867361),.PIECEWISE_BEZIER_KNOTS.);
#2048 = CARTESIAN_POINT('',(-7.070347854909E-02,-18.88266216243));
#2049 = CARTESIAN_POINT('',(-6.662654554697E-02,-16.24999881674));
#2050 = CARTESIAN_POINT('',(-6.283124523921E-02,-13.43456005849));
#2051 = CARTESIAN_POINT('',(-5.92933808762E-02,-10.42056360288));
#2052 = CARTESIAN_POINT('',(-5.59914849258E-02,-7.190399745503));
#2053 = CARTESIAN_POINT('',(-5.290638084243E-02,-3.724320760856));
#2054 = CARTESIAN_POINT('',(-5.002085680577E-02,-1.304774173746E-14));
#2055 = ( GEOMETRIC_REPRESENTATION_CONTEXT(2) 
PARAMETRIC_REPRESENTATION_CONTEXT() REPRESENTATION_CONTEXT('2D SPACE',''
  ) );
#2056 = ORIENTED_EDGE('',*,*,#1913,.T.);
#2057 = ORIENTED_EDGE('',*,*,#1267,.T.);
#2058 = ORIENTED_EDGE('',*,*,#2059,.T.);
#2059 = EDGE_CURVE('',#1242,#2060,#2062,.T.);
#2060 = VERTEX_POINT('',#2061);
#2061 = CARTESIAN_POINT('',(24.,1.5,26.));
#2062 = SURFACE_CURVE('',#2063,(#2067,#2074),.PCURVE_S1.);
#2063 = LINE('',#2064,#2065);
#2064 = CARTESIAN_POINT('',(52.2,1.5,7.));
#2065 = VECTOR('',#2066,1.);
#2066 = DIRECTION('',(-0.829325680003,0.,0.55876552908));
#2067 = PCURVE('',#1282,#2068);
#2068 = DEFINITIONAL_REPRESENTATION('',(#2069),#2073);
#2069 = LINE('',#2070,#2071);
#2070 = CARTESIAN_POINT('',(4.976880928845,16.561454520458));
#2071 = VECTOR('',#2072,1.);
#2072 = DIRECTION('',(-0.55876552908,-0.829325680003));
#2073 = ( GEOMETRIC_REPRESENTATION_CONTEXT(2) 
PARAMETRIC_REPRESENTATION_CONTEXT() REPRESENTATION_CONTEXT('2D SPACE',''
  ) );
#2074 = PCURVE('',#1256,#2075);
#2075 = DEFINITIONAL_REPRESENTATION('',(#2076),#2080);
#2076 = LINE('',#2077,#2078);
#2077 = CARTESIAN_POINT('',(0.,1.5));
#2078 = VECTOR('',#2079,1.);
#2079 = DIRECTION('',(1.,0.));
#2080 = ( GEOMETRIC_REPRESENTATION_CONTEXT(2) 
PARAMETRIC_REPRESENTATION_CONTEXT() REPRESENTATION_CONTEXT('2D SPACE',''
  ) );
#2081 = ORIENTED_EDGE('',*,*,#2082,.T.);
#2082 = EDGE_CURVE('',#2060,#2002,#2083,.T.);
#2083 = SURFACE_CURVE('',#2084,(#2088,#2095),.PCURVE_S1.);
#2084 = LINE('',#2085,#2086);
#2085 = CARTESIAN_POINT('',(24.,1.5,26.));
#2086 = VECTOR('',#2087,1.);
#2087 = DIRECTION('',(0.,0.,-1.));
#2088 = PCURVE('',#1282,#2089);
#2089 = DEFINITIONAL_REPRESENTATION('',(#2090),#2094);
#2090 = LINE('',#2091,#2092);
#2091 = CARTESIAN_POINT('',(-14.02311907115,-11.63854547954));
#2092 = VECTOR('',#2093,1.);
#2093 = DIRECTION('',(1.,0.));
#2094 = ( GEOMETRIC_REPRESENTATION_CONTEXT(2) 
PARAMETRIC_REPRESENTATION_CONTEXT() REPRESENTATION_CONTEXT('2D SPACE',''
  ) );
#2095 = PCURVE('',#2096,#2101);
#2096 = PLANE('',#2097);
#2097 = AXIS2_PLACEMENT_3D('',#2098,#2099,#2100);
#2098 = CARTESIAN_POINT('',(24.,0.,26.));
#2099 = DIRECTION('',(1.,0.,0.));
#2100 = DIRECTION('',(0.,0.,-1.));
#2101 = DEFINITIONAL_REPRESENTATION('',(#2102),#2106);
#2102 = LINE('',#2103,#2104);
#2103 = CARTESIAN_POINT('',(0.,1.5));
#2104 = VECTOR('',#2105,1.);
#2105 = DIRECTION('',(1.,0.));
#2106 = ( GEOMETRIC_REPRESENTATION_CONTEXT(2) 
PARAMETRIC_REPRESENTATION_CONTEXT() REPRESENTATION_CONTEXT('2D SPACE',''
  ) );
#2107 = ADVANCED_FACE('',(#2108),#1256,.F.);
#2108 = FACE_BOUND('',#2109,.F.);
#2109 = EDGE_LOOP('',(#2110,#2111,#2134,#2155));
#2110 = ORIENTED_EDGE('',*,*,#1241,.T.);
#2111 = ORIENTED_EDGE('',*,*,#2112,.T.);
#2112 = EDGE_CURVE('',#1216,#2113,#2115,.T.);
#2113 = VERTEX_POINT('',#2114);
#2114 = CARTESIAN_POINT('',(24.,-1.5,26.));
#2115 = SURFACE_CURVE('',#2116,(#2120,#2127),.PCURVE_S1.);
#2116 = LINE('',#2117,#2118);
#2117 = CARTESIAN_POINT('',(52.2,-1.5,7.));
#2118 = VECTOR('',#2119,1.);
#2119 = DIRECTION('',(-0.829325680003,0.,0.55876552908));
#2120 = PCURVE('',#1256,#2121);
#2121 = DEFINITIONAL_REPRESENTATION('',(#2122),#2126);
#2122 = LINE('',#2123,#2124);
#2123 = CARTESIAN_POINT('',(0.,-1.5));
#2124 = VECTOR('',#2125,1.);
#2125 = DIRECTION('',(1.,0.));
#2126 = ( GEOMETRIC_REPRESENTATION_CONTEXT(2) 
PARAMETRIC_REPRESENTATION_CONTEXT() REPRESENTATION_CONTEXT('2D SPACE',''
  ) );
#2127 = PCURVE('',#1230,#2128);
#2128 = DEFINITIONAL_REPRESENTATION('',(#2129),#2133);
#2129 = LINE('',#2130,#2131);
#2130 = CARTESIAN_POINT('',(4.976880928845,16.561454520458));
#2131 = VECTOR('',#2132,1.);
#2132 = DIRECTION('',(-0.55876552908,-0.829325680003));
#2133 = ( GEOMETRIC_REPRESENTATION_CONTEXT(2) 
PARAMETRIC_REPRESENTATION_CONTEXT() REPRESENTATION_CONTEXT('2D SPACE',''
  ) );
#2134 = ORIENTED_EDGE('',*,*,#2135,.T.);
#2135 = EDGE_CURVE('',#2113,#2060,#2136,.T.);
#2136 = SURFACE_CURVE('',#2137,(#2141,#2148),.PCURVE_S1.);
#2137 = LINE('',#2138,#2139);
#2138 = CARTESIAN_POINT('',(24.,-1.5,26.));
#2139 = VECTOR('',#2140,1.);
#2140 = DIRECTION('',(0.,1.,0.));
#2141 = PCURVE('',#1256,#2142);
#2142 = DEFINITIONAL_REPRESENTATION('',(#2143),#2147);
#2143 = LINE('',#2144,#2145);
#2144 = CARTESIAN_POINT('',(34.003529228596,-1.5));
#2145 = VECTOR('',#2146,1.);
#2146 = DIRECTION('',(0.,1.));
#2147 = ( GEOMETRIC_REPRESENTATION_CONTEXT(2) 
PARAMETRIC_REPRESENTATION_CONTEXT() REPRESENTATION_CONTEXT('2D SPACE',''
  ) );
#2148 = PCURVE('',#2096,#2149);
#2149 = DEFINITIONAL_REPRESENTATION('',(#2150),#2154);
#2150 = LINE('',#2151,#2152);
#2151 = CARTESIAN_POINT('',(0.,-1.5));
#2152 = VECTOR('',#2153,1.);
#2153 = DIRECTION('',(0.,1.));
#2154 = ( GEOMETRIC_REPRESENTATION_CONTEXT(2) 
PARAMETRIC_REPRESENTATION_CONTEXT() REPRESENTATION_CONTEXT('2D SPACE',''
  ) );
#2155 = ORIENTED_EDGE('',*,*,#2059,.F.);
#2156 = ADVANCED_FACE('',(#2157),#1230,.T.);
#2157 = FACE_BOUND('',#2158,.T.);
#2158 = EDGE_LOOP('',(#2159,#2184,#2210,#2211,#2212,#2213));
#2159 = ORIENTED_EDGE('',*,*,#2160,.T.);
#2160 = EDGE_CURVE('',#2161,#2163,#2165,.T.);
#2161 = VERTEX_POINT('',#2162);
#2162 = CARTESIAN_POINT('',(24.,-1.5,21.));
#2163 = VERTEX_POINT('',#2164);
#2164 = CARTESIAN_POINT('',(25.187945067301,-1.5,14.268311285297));
#2165 = SURFACE_CURVE('',#2166,(#2170,#2177),.PCURVE_S1.);
#2166 = LINE('',#2167,#2168);
#2167 = CARTESIAN_POINT('',(24.,-1.5,21.));
#2168 = VECTOR('',#2169,1.);
#2169 = DIRECTION('',(0.173785333909,0.,-0.984783558818));
#2170 = PCURVE('',#1230,#2171);
#2171 = DEFINITIONAL_REPRESENTATION('',(#2172),#2176);
#2172 = LINE('',#2173,#2174);
#2173 = CARTESIAN_POINT('',(-9.023119071155,-11.63854547954));
#2174 = VECTOR('',#2175,1.);
#2175 = DIRECTION('',(0.984783558818,0.173785333909));
#2176 = ( GEOMETRIC_REPRESENTATION_CONTEXT(2) 
PARAMETRIC_REPRESENTATION_CONTEXT() REPRESENTATION_CONTEXT('2D SPACE',''
  ) );
#2177 = PCURVE('',#2019,#2178);
#2178 = DEFINITIONAL_REPRESENTATION('',(#2179),#2183);
#2179 = LINE('',#2180,#2181);
#2180 = CARTESIAN_POINT('',(0.,-1.5));
#2181 = VECTOR('',#2182,1.);
#2182 = DIRECTION('',(1.,0.));
#2183 = ( GEOMETRIC_REPRESENTATION_CONTEXT(2) 
PARAMETRIC_REPRESENTATION_CONTEXT() REPRESENTATION_CONTEXT('2D SPACE',''
  ) );
#2184 = ORIENTED_EDGE('',*,*,#2185,.T.);
#2185 = EDGE_CURVE('',#2163,#1322,#2186,.T.);
#2186 = SURFACE_CURVE('',#2187,(#2192,#2199),.PCURVE_S1.);
#2187 = HYPERBOLA('',#2188,3.230769230769,1.5);
#2188 = AXIS2_PLACEMENT_3D('',#2189,#2190,#2191);
#2189 = CARTESIAN_POINT('',(0.,-1.5,68.615384615385));
#2190 = DIRECTION('',(0.,-1.,-0.));
#2191 = DIRECTION('',(0.,0.,-1.));
#2192 = PCURVE('',#1230,#2193);
#2193 = DEFINITIONAL_REPRESENTATION('',(#2194),#2198);
#2194 = ( BOUNDED_CURVE() B_SPLINE_CURVE(2,(#2195,#2196,#2197),
.UNSPECIFIED.,.F.,.F.) B_SPLINE_CURVE_WITH_KNOTS((3,3),(3.341990982963,
3.688253867361),.PIECEWISE_BEZIER_KNOTS.) CURVE() 
GEOMETRIC_REPRESENTATION_ITEM() RATIONAL_B_SPLINE_CURVE((1.,
1.015024721831,1.)) REPRESENTATION_ITEM('') );
#2195 = CARTESIAN_POINT('',(-10.90578123359,-14.45854547954));
#2196 = CARTESIAN_POINT('',(-3.085769147529,-10.81873169015));
#2197 = CARTESIAN_POINT('',(7.976880928845,-5.676068946385));
#2198 = ( GEOMETRIC_REPRESENTATION_CONTEXT(2) 
PARAMETRIC_REPRESENTATION_CONTEXT() REPRESENTATION_CONTEXT('2D SPACE',''
  ) );
#2199 = PCURVE('',#1361,#2200);
#2200 = DEFINITIONAL_REPRESENTATION('',(#2201),#2209);
#2201 = B_SPLINE_CURVE_WITH_KNOTS('',6,(#2202,#2203,#2204,#2205,#2206,
    #2207,#2208),.UNSPECIFIED.,.F.,.F.,(7,7),(3.341990982963,
    3.688253867361),.PIECEWISE_BEZIER_KNOTS.);
#2202 = CARTESIAN_POINT('',(-6.21248182863,-18.88266216243));
#2203 = CARTESIAN_POINT('',(-6.216558761633,-16.24999881674));
#2204 = CARTESIAN_POINT('',(-6.22035406194,-13.43456005849));
#2205 = CARTESIAN_POINT('',(-6.223891926303,-10.42056360288));
#2206 = CARTESIAN_POINT('',(-6.227193822254,-7.190399745503));
#2207 = CARTESIAN_POINT('',(-6.230278926337,-3.724320760856));
#2208 = CARTESIAN_POINT('',(-6.233164450374,-1.304774173746E-14));
#2209 = ( GEOMETRIC_REPRESENTATION_CONTEXT(2) 
PARAMETRIC_REPRESENTATION_CONTEXT() REPRESENTATION_CONTEXT('2D SPACE',''
  ) );
#2210 = ORIENTED_EDGE('',*,*,#1321,.T.);
#2211 = ORIENTED_EDGE('',*,*,#1215,.T.);
#2212 = ORIENTED_EDGE('',*,*,#2112,.T.);
#2213 = ORIENTED_EDGE('',*,*,#2214,.T.);
#2214 = EDGE_CURVE('',#2113,#2161,#2215,.T.);
#2215 = SURFACE_CURVE('',#2216,(#2220,#2227),.PCURVE_S1.);
#2216 = LINE('',#2217,#2218);
#2217 = CARTESIAN_POINT('',(24.,-1.5,26.));
#2218 = VECTOR('',#2219,1.);
#2219 = DIRECTION('',(0.,0.,-1.));
#2220 = PCURVE('',#1230,#2221);
#2221 = DEFINITIONAL_REPRESENTATION('',(#2222),#2226);
#2222 = LINE('',#2223,#2224);
#2223 = CARTESIAN_POINT('',(-14.02311907115,-11.63854547954));
#2224 = VECTOR('',#2225,1.);
#2225 = DIRECTION('',(1.,0.));
#2226 = ( GEOMETRIC_REPRESENTATION_CONTEXT(2) 
PARAMETRIC_REPRESENTATION_CONTEXT() REPRESENTATION_CONTEXT('2D SPACE',''
  ) );
#2227 = PCURVE('',#2096,#2228);
#2228 = DEFINITIONAL_REPRESENTATION('',(#2229),#2233);
#2229 = LINE('',#2230,#2231);
#2230 = CARTESIAN_POINT('',(0.,-1.5));
#2231 = VECTOR('',#2232,1.);
#2232 = DIRECTION('',(1.,0.));
#2233 = ( GEOMETRIC_REPRESENTATION_CONTEXT(2) 
PARAMETRIC_REPRESENTATION_CONTEXT() REPRESENTATION_CONTEXT('2D SPACE',''
  ) );
#2234 = ADVANCED_FACE('',(#2235),#1361,.T.);
#2235 = FACE_BOUND('',#2236,.T.);
#2236 = EDGE_LOOP('',(#2237,#2268,#2383,#2417,#2440,#2465,#2466,#2467,
    #2495,#2527,#2553,#2554,#2582,#2614,#2640,#2641,#2669,#2701,#2727,
    #2728,#2756,#2788,#2814,#2815,#2843,#2875,#2901,#2902,#2903,#2928,
    #2929,#2958));
#2237 = ORIENTED_EDGE('',*,*,#2238,.F.);
#2238 = EDGE_CURVE('',#2239,#2241,#2243,.T.);
#2239 = VERTEX_POINT('',#2240);
#2240 = CARTESIAN_POINT('',(-2.431334611175,16.825237353705,32.));
#2241 = VERTEX_POINT('',#2242);
#2242 = CARTESIAN_POINT('',(-2.431334611175,-16.8252373537,32.));
#2243 = SURFACE_CURVE('',#2244,(#2249,#2256),.PCURVE_S1.);
#2244 = CIRCLE('',#2245,17.);
#2245 = AXIS2_PLACEMENT_3D('',#2246,#2247,#2248);
#2246 = CARTESIAN_POINT('',(0.,0.,32.));
#2247 = DIRECTION('',(0.,0.,1.));
#2248 = DIRECTION('',(1.,0.,-0.));
#2249 = PCURVE('',#1361,#2250);
#2250 = DEFINITIONAL_REPRESENTATION('',(#2251),#2255);
#2251 = LINE('',#2252,#2253);
#2252 = CARTESIAN_POINT('',(-0.,-28.));
#2253 = VECTOR('',#2254,1.);
#2254 = DIRECTION('',(-1.,-0.));
#2255 = ( GEOMETRIC_REPRESENTATION_CONTEXT(2) 
PARAMETRIC_REPRESENTATION_CONTEXT() REPRESENTATION_CONTEXT('2D SPACE',''
  ) );
#2256 = PCURVE('',#2257,#2262);
#2257 = PLANE('',#2258);
#2258 = AXIS2_PLACEMENT_3D('',#2259,#2260,#2261);
#2259 = CARTESIAN_POINT('',(0.,0.,32.));
#2260 = DIRECTION('',(0.,0.,1.));
#2261 = DIRECTION('',(1.,0.,-0.));
#2262 = DEFINITIONAL_REPRESENTATION('',(#2263),#2267);
#2263 = CIRCLE('',#2264,17.);
#2264 = AXIS2_PLACEMENT_2D('',#2265,#2266);
#2265 = CARTESIAN_POINT('',(0.,0.));
#2266 = DIRECTION('',(1.,0.));
#2267 = ( GEOMETRIC_REPRESENTATION_CONTEXT(2) 
PARAMETRIC_REPRESENTATION_CONTEXT() REPRESENTATION_CONTEXT('2D SPACE',''
  ) );
#2268 = ORIENTED_EDGE('',*,*,#2269,.T.);
#2269 = EDGE_CURVE('',#2239,#2270,#2272,.T.);
#2270 = VERTEX_POINT('',#2271);
#2271 = CARTESIAN_POINT('',(12.250845244864,17.997146591564,
    21.723799482711));
#2272 = SURFACE_CURVE('',#2273,(#2306,#2342),.PCURVE_S1.);
#2273 = B_SPLINE_CURVE_WITH_KNOTS('',7,(#2274,#2275,#2276,#2277,#2278,
    #2279,#2280,#2281,#2282,#2283,#2284,#2285,#2286,#2287,#2288,#2289,
    #2290,#2291,#2292,#2293,#2294,#2295,#2296,#2297,#2298,#2299,#2300,
    #2301,#2302,#2303,#2304,#2305),.UNSPECIFIED.,.F.,.F.,(8,6,6,6,6,8),(
    0.,0.101913382211,0.225185550561,0.386804522609,0.62950281594,1.),
  .UNSPECIFIED.);
#2274 = CARTESIAN_POINT('',(-2.431334611175,16.825237353705,32.));
#2275 = CARTESIAN_POINT('',(-2.134504104915,16.904029841628,
    31.923474096066));
#2276 = CARTESIAN_POINT('',(-1.840044571125,16.977851785007,
    31.843058808305));
#2277 = CARTESIAN_POINT('',(-1.548176104066,17.046948994548,
    31.758779895626));
#2278 = CARTESIAN_POINT('',(-1.259087597403,17.111571272556,
    31.670681859189));
#2279 = CARTESIAN_POINT('',(-0.972938178118,17.171968614069,
    31.578825788081));
#2280 = CARTESIAN_POINT('',(-0.689858640432,17.228387408004,
    31.483287204999));
#2281 = CARTESIAN_POINT('',(-7.138507529117E-02,17.344786267695,
    31.264244477775));
#2282 = CARTESIAN_POINT('',(0.262540394924,17.403034709191,
    31.139075185207));
#2283 = CARTESIAN_POINT('',(0.591642478684,17.456236997408,
    31.008799938945));
#2284 = CARTESIAN_POINT('',(0.915801374372,17.504802043953,
    30.873596139307));
#2285 = CARTESIAN_POINT('',(1.234950902952,17.549118381825,
    30.733657436585));
#2286 = CARTESIAN_POINT('',(1.549070879933,17.589549909816,
    30.589186485419));
#2287 = CARTESIAN_POINT('',(2.263443838921,17.674786321526,
    30.245301434411));
#2288 = CARTESIAN_POINT('',(2.660088076399,17.717038868239,
    30.042778935893));
#2289 = CARTESIAN_POINT('',(3.048164734443,17.753948300712,
    29.833276277856));
#2290 = CARTESIAN_POINT('',(3.427826450578,17.786190848907,
    29.617260498011));
#2291 = CARTESIAN_POINT('',(3.79929706983,17.814359495398,
    29.395188072119));
#2292 = CARTESIAN_POINT('',(4.162850128418,17.83896921692,
    29.167489099114));
#2293 = CARTESIAN_POINT('',(5.05330587529,17.8927518713,28.584770445643)
  );
#2294 = CARTESIAN_POINT('',(5.570618294343,17.918017797025,
    28.223210295451));
#2295 = CARTESIAN_POINT('',(6.071815188512,17.937785697189,
    27.851193582748));
#2296 = CARTESIAN_POINT('',(6.55802556872,17.953218387271,
    27.469924929996));
#2297 = CARTESIAN_POINT('',(7.030360815665,17.965211975829,
    27.080458447921));
#2298 = CARTESIAN_POINT('',(7.489886149396,17.974465512461,
    26.68368085328));
#2299 = CARTESIAN_POINT('',(8.621137043764,17.992313984207,
    25.664549242984));
#2300 = CARTESIAN_POINT('',(9.27706623952,17.997994462518,
    25.033536721448));
#2301 = CARTESIAN_POINT('',(9.909058694111,18.000532602207,
    24.389876178731));
#2302 = CARTESIAN_POINT('',(10.52010617105,18.001077811558,
    23.735637028566));
#2303 = CARTESIAN_POINT('',(11.112704298456,18.000388589369,
    23.072439088379));
#2304 = CARTESIAN_POINT('',(11.688993165283,17.998964664205,
    22.401523841332));
#2305 = CARTESIAN_POINT('',(12.250845630401,17.997146590317,
    21.723799017664));
#2306 = PCURVE('',#1361,#2307);
#2307 = DEFINITIONAL_REPRESENTATION('',(#2308),#2341);
#2308 = B_SPLINE_CURVE_WITH_KNOTS('',7,(#2309,#2310,#2311,#2312,#2313,
    #2314,#2315,#2316,#2317,#2318,#2319,#2320,#2321,#2322,#2323,#2324,
    #2325,#2326,#2327,#2328,#2329,#2330,#2331,#2332,#2333,#2334,#2335,
    #2336,#2337,#2338,#2339,#2340),.UNSPECIFIED.,.F.,.F.,(8,6,6,6,6,8),(
    0.,0.101913382211,0.225185550561,0.386804522609,0.62950281594,1.),
  .UNSPECIFIED.);
#2309 = CARTESIAN_POINT('',(-1.714308122199,-28.));
#2310 = CARTESIAN_POINT('',(-1.696364126959,-27.92347409606));
#2311 = CARTESIAN_POINT('',(-1.678687490376,-27.8430588083));
#2312 = CARTESIAN_POINT('',(-1.661285179325,-27.75877989562));
#2313 = CARTESIAN_POINT('',(-1.644162891512,-27.67068185918));
#2314 = CARTESIAN_POINT('',(-1.627325076039,-27.57882578808));
#2315 = CARTESIAN_POINT('',(-1.610774953964,-27.48328720499));
#2316 = CARTESIAN_POINT('',(-1.574846301154,-27.26424447777));
#2317 = CARTESIAN_POINT('',(-1.555601857566,-27.1390751852));
#2318 = CARTESIAN_POINT('',(-1.53678461715,-27.00879993894));
#2319 = CARTESIAN_POINT('',(-1.518395176231,-26.8735961393));
#2320 = CARTESIAN_POINT('',(-1.500431641492,-26.73365743658));
#2321 = CARTESIAN_POINT('',(-1.482889953063,-26.58918648541));
#2322 = CARTESIAN_POINT('',(-1.44331108283,-26.24530143441));
#2323 = CARTESIAN_POINT('',(-1.421573265417,-26.04277893589));
#2324 = CARTESIAN_POINT('',(-1.400536827015,-25.83327627785));
#2325 = CARTESIAN_POINT('',(-1.380183232581,-25.61726049801));
#2326 = CARTESIAN_POINT('',(-1.36049065951,-25.39518807211));
#2327 = CARTESIAN_POINT('',(-1.341435073948,-25.16748909911));
#2328 = CARTESIAN_POINT('',(-1.2952942561,-24.58477044564));
#2329 = CARTESIAN_POINT('',(-1.268978704511,-24.22321029545));
#2330 = CARTESIAN_POINT('',(-1.243956349061,-23.85119358274));
#2331 = CARTESIAN_POINT('',(-1.220139130548,-23.46992492999));
#2332 = CARTESIAN_POINT('',(-1.197441958569,-23.08045844792));
#2333 = CARTESIAN_POINT('',(-1.175784266278,-22.68368085328));
#2334 = CARTESIAN_POINT('',(-1.123499032325,-21.66454924298));
#2335 = CARTESIAN_POINT('',(-1.094158904119,-21.03353672144));
#2336 = CARTESIAN_POINT('',(-1.066799261439,-20.38987617873));
#2337 = CARTESIAN_POINT('',(-1.041194668076,-19.73563702856));
#2338 = CARTESIAN_POINT('',(-1.017154331871,-19.07243908837));
#2339 = CARTESIAN_POINT('',(-0.994514678906,-18.40152384133));
#2340 = CARTESIAN_POINT('',(-0.973134022881,-17.72379901766));
#2341 = ( GEOMETRIC_REPRESENTATION_CONTEXT(2) 
PARAMETRIC_REPRESENTATION_CONTEXT() REPRESENTATION_CONTEXT('2D SPACE',''
  ) );
#2342 = PCURVE('',#2343,#2348);
#2343 = CYLINDRICAL_SURFACE('',#2344,18.);
#2344 = AXIS2_PLACEMENT_3D('',#2345,#2346,#2347);
#2345 = CARTESIAN_POINT('',(11.982058770331,0.,21.549247505201));
#2346 = DIRECTION('',(-0.544639035015,0.,0.838670567945));
#2347 = DIRECTION('',(0.838670567945,0.,0.544639035015));
#2348 = DEFINITIONAL_REPRESENTATION('',(#2349),#2382);
#2349 = B_SPLINE_CURVE_WITH_KNOTS('',7,(#2350,#2351,#2352,#2353,#2354,
    #2355,#2356,#2357,#2358,#2359,#2360,#2361,#2362,#2363,#2364,#2365,
    #2366,#2367,#2368,#2369,#2370,#2371,#2372,#2373,#2374,#2375,#2376,
    #2377,#2378,#2379,#2380,#2381),.UNSPECIFIED.,.F.,.F.,(8,6,6,6,6,8),(
    0.,0.101913382211,0.225185550561,0.386804522609,0.62950281594,1.),
  .UNSPECIFIED.);
#2350 = CARTESIAN_POINT('',(1.934078925279,16.614835192865));
#2351 = CARTESIAN_POINT('',(1.921760286888,16.388989689058));
#2352 = CARTESIAN_POINT('',(1.909753038177,16.161173597666));
#2353 = CARTESIAN_POINT('',(1.898058127783,15.931528393854));
#2354 = CARTESIAN_POINT('',(1.886675237584,15.700194278296));
#2355 = CARTESIAN_POINT('',(1.875602888366,15.467309151382));
#2356 = CARTESIAN_POINT('',(1.864838545495,15.23300758741));
#2357 = CARTESIAN_POINT('',(1.841726757032,14.712458053264));
#2358 = CARTESIAN_POINT('',(1.829520287818,14.425613405712));
#2359 = CARTESIAN_POINT('',(1.817753038336,14.137113549619));
#2360 = CARTESIAN_POINT('',(1.806416590054,13.84717251405));
#2361 = CARTESIAN_POINT('',(1.795500798768,13.555988751489));
#2362 = CARTESIAN_POINT('',(1.78499420886,13.263743215681));
#2363 = CARTESIAN_POINT('',(1.761629845534,12.58626154562));
#2364 = CARTESIAN_POINT('',(1.749057565124,12.200383952022));
#2365 = CARTESIAN_POINT('',(1.737139367442,11.813318542271));
#2366 = CARTESIAN_POINT('',(1.725844792263,11.425373874796));
#2367 = CARTESIAN_POINT('',(1.715142492711,11.036810867641));
#2368 = CARTESIAN_POINT('',(1.705001181757,10.647841253625));
#2369 = CARTESIAN_POINT('',(1.680957707435,9.674155310866));
#2370 = CARTESIAN_POINT('',(1.667722250646,9.089176917644));
#2371 = CARTESIAN_POINT('',(1.65557885947,8.504206057124));
#2372 = CARTESIAN_POINT('',(1.644429803248,7.91963810729));
#2373 = CARTESIAN_POINT('',(1.634186018584,7.335751818472));
#2374 = CARTESIAN_POINT('',(1.624767390455,6.752710693498));
#2375 = CARTESIAN_POINT('',(1.602873370452,5.281871611611));
#2376 = CARTESIAN_POINT('',(1.591402261652,4.395415337579));
#2377 = CARTESIAN_POINT('',(1.581431742863,3.511388424051));
#2378 = CARTESIAN_POINT('',(1.572757760588,2.62989699622));
#2379 = CARTESIAN_POINT('',(1.565214008243,1.750940330802));
#2380 = CARTESIAN_POINT('',(1.558663092727,0.874394047199));
#2381 = CARTESIAN_POINT('',(1.55299031946,-6.E-07));
#2382 = ( GEOMETRIC_REPRESENTATION_CONTEXT(2) 
PARAMETRIC_REPRESENTATION_CONTEXT() REPRESENTATION_CONTEXT('2D SPACE',''
  ) );
#2383 = ORIENTED_EDGE('',*,*,#2384,.F.);
#2384 = EDGE_CURVE('',#2385,#2270,#2387,.T.);
#2385 = VERTEX_POINT('',#2386);
#2386 = CARTESIAN_POINT('',(19.565612679772,-4.792192988328E-15,
    26.474064997414));
#2387 = SURFACE_CURVE('',#2388,(#2393,#2405),.PCURVE_S1.);
#2388 = ELLIPSE('',#2389,33.399677420174,26.707757817965);
#2389 = AXIS2_PLACEMENT_3D('',#2390,#2391,#2392);
#2390 = CARTESIAN_POINT('',(-8.445713751399,0.,8.283296917478));
#2391 = DIRECTION('',(-0.544639035015,0.,0.838670567945));
#2392 = DIRECTION('',(-0.838670567945,0.,-0.544639035015));
#2393 = PCURVE('',#1361,#2394);
#2394 = DEFINITIONAL_REPRESENTATION('',(#2395),#2404);
#2395 = B_SPLINE_CURVE_WITH_KNOTS('',7,(#2396,#2397,#2398,#2399,#2400,
    #2401,#2402,#2403),.UNSPECIFIED.,.F.,.F.,(8,8),(3.14159265359,
    4.083622774761),.PIECEWISE_BEZIER_KNOTS.);
#2396 = CARTESIAN_POINT('',(0.,-22.47406499741));
#2397 = CARTESIAN_POINT('',(-0.183700664347,-22.47406499741));
#2398 = CARTESIAN_POINT('',(-0.367400221342,-22.08971068359));
#2399 = CARTESIAN_POINT('',(-0.548762187196,-21.32100520721));
#2400 = CARTESIAN_POINT('',(-0.725404359527,-20.18499026727));
#2401 = CARTESIAN_POINT('',(-0.895704233,-18.71580879384));
#2402 = CARTESIAN_POINT('',(-1.058935665382,-16.96200761945));
#2403 = CARTESIAN_POINT('',(-1.214907533113,-14.98214932174));
#2404 = ( GEOMETRIC_REPRESENTATION_CONTEXT(2) 
PARAMETRIC_REPRESENTATION_CONTEXT() REPRESENTATION_CONTEXT('2D SPACE',''
  ) );
#2405 = PCURVE('',#2406,#2411);
#2406 = PLANE('',#2407);
#2407 = AXIS2_PLACEMENT_3D('',#2408,#2409,#2410);
#2408 = CARTESIAN_POINT('',(11.982058770331,0.,21.549247505201));
#2409 = DIRECTION('',(-0.544639035015,0.,0.838670567945));
#2410 = DIRECTION('',(0.838670567945,0.,0.544639035015));
#2411 = DEFINITIONAL_REPRESENTATION('',(#2412),#2416);
#2412 = ELLIPSE('',#2413,33.399677420174,26.707757817965);
#2413 = AXIS2_PLACEMENT_2D('',#2414,#2415);
#2414 = CARTESIAN_POINT('',(-24.35732610931,0.));
#2415 = DIRECTION('',(-1.,0.));
#2416 = ( GEOMETRIC_REPRESENTATION_CONTEXT(2) 
PARAMETRIC_REPRESENTATION_CONTEXT() REPRESENTATION_CONTEXT('2D SPACE',''
  ) );
#2417 = ORIENTED_EDGE('',*,*,#2418,.F.);
#2418 = EDGE_CURVE('',#2419,#2385,#2421,.T.);
#2419 = VERTEX_POINT('',#2420);
#2420 = CARTESIAN_POINT('',(25.160583941606,-6.162565717753E-15,
    14.423357664234));
#2421 = SEAM_CURVE('',#2422,(#2426,#2433),.PCURVE_S1.);
#2422 = LINE('',#2423,#2424);
#2423 = CARTESIAN_POINT('',(30.,-7.347880794884E-15,4.));
#2424 = VECTOR('',#2425,1.);
#2425 = DIRECTION('',(-0.421111306455,1.031425227069E-16,0.907008967748)
  );
#2426 = PCURVE('',#1361,#2427);
#2427 = DEFINITIONAL_REPRESENTATION('',(#2428),#2432);
#2428 = LINE('',#2429,#2430);
#2429 = CARTESIAN_POINT('',(-6.28318530718,0.));
#2430 = VECTOR('',#2431,1.);
#2431 = DIRECTION('',(-0.,-1.));
#2432 = ( GEOMETRIC_REPRESENTATION_CONTEXT(2) 
PARAMETRIC_REPRESENTATION_CONTEXT() REPRESENTATION_CONTEXT('2D SPACE',''
  ) );
#2433 = PCURVE('',#1361,#2434);
#2434 = DEFINITIONAL_REPRESENTATION('',(#2435),#2439);
#2435 = LINE('',#2436,#2437);
#2436 = CARTESIAN_POINT('',(0.,-0.));
#2437 = VECTOR('',#2438,1.);
#2438 = DIRECTION('',(-0.,-1.));
#2439 = ( GEOMETRIC_REPRESENTATION_CONTEXT(2) 
PARAMETRIC_REPRESENTATION_CONTEXT() REPRESENTATION_CONTEXT('2D SPACE',''
  ) );
#2440 = ORIENTED_EDGE('',*,*,#2441,.T.);
#2441 = EDGE_CURVE('',#2419,#2004,#2442,.T.);
#2442 = SURFACE_CURVE('',#2443,(#2448,#2458),.PCURVE_S1.);
#2443 = HYPERBOLA('',#2444,39.873746206331,16.862854011082);
#2444 = AXIS2_PLACEMENT_3D('',#2445,#2446,#2447);
#2445 = CARTESIAN_POINT('',(18.231111642934,0.,53.690367356707));
#2446 = DIRECTION('',(0.984783558818,0.,0.173785333909));
#2447 = DIRECTION('',(0.173785333909,0.,-0.984783558818));
#2448 = PCURVE('',#1361,#2449);
#2449 = DEFINITIONAL_REPRESENTATION('',(#2450),#2457);
#2450 = B_SPLINE_CURVE_WITH_KNOTS('',5,(#2451,#2452,#2453,#2454,#2455,
    #2456),.UNSPECIFIED.,.F.,.F.,(6,6),(0.,0.106541819986),
  .PIECEWISE_BEZIER_KNOTS.);
#2451 = CARTESIAN_POINT('',(0.,-10.42335766423));
#2452 = CARTESIAN_POINT('',(-1.428106089004E-02,-10.42335766423));
#2453 = CARTESIAN_POINT('',(-2.856212180696E-02,-10.40107136166));
#2454 = CARTESIAN_POINT('',(-4.283339418128E-02,-10.35649874503));
#2455 = CARTESIAN_POINT('',(-5.708509010306E-02,-10.2895976917));
#2456 = CARTESIAN_POINT('',(-7.130760598614E-02,-10.20028372841));
#2457 = ( GEOMETRIC_REPRESENTATION_CONTEXT(2) 
PARAMETRIC_REPRESENTATION_CONTEXT() REPRESENTATION_CONTEXT('2D SPACE',''
  ) );
#2458 = PCURVE('',#2019,#2459);
#2459 = DEFINITIONAL_REPRESENTATION('',(#2460),#2464);
#2460 = ( BOUNDED_CURVE() B_SPLINE_CURVE(2,(#2461,#2462,#2463),
.UNSPECIFIED.,.F.,.F.) B_SPLINE_CURVE_WITH_KNOTS((3,3),(0.,
0.106541819986),.PIECEWISE_BEZIER_KNOTS.) CURVE() 
GEOMETRIC_REPRESENTATION_ITEM() RATIONAL_B_SPLINE_CURVE((1.,
1.001419230501,1.)) REPRESENTATION_ITEM('') );
#2461 = CARTESIAN_POINT('',(6.67826171231,0.));
#2462 = CARTESIAN_POINT('',(6.67826171231,0.897450813206));
#2463 = CARTESIAN_POINT('',(6.904782488188,1.8));
#2464 = ( GEOMETRIC_REPRESENTATION_CONTEXT(2) 
PARAMETRIC_REPRESENTATION_CONTEXT() REPRESENTATION_CONTEXT('2D SPACE',''
  ) );
#2465 = ORIENTED_EDGE('',*,*,#2031,.T.);
#2466 = ORIENTED_EDGE('',*,*,#1889,.T.);
#2467 = ORIENTED_EDGE('',*,*,#2468,.F.);
#2468 = EDGE_CURVE('',#2469,#1862,#2471,.T.);
#2469 = VERTEX_POINT('',#2470);
#2470 = CARTESIAN_POINT('',(13.893010639327,21.063400297409,
    14.268311285297));
#2471 = SURFACE_CURVE('',#2472,(#2477,#2488),.PCURVE_S1.);
#2472 = HYPERBOLA('',#2473,3.230769230769,1.5);
#2473 = AXIS2_PLACEMENT_3D('',#2474,#2475,#2476);
#2474 = CARTESIAN_POINT('',(1.299038105677,-0.75,68.615384615385));
#2475 = DIRECTION('',(0.866025403784,-0.5,-0.));
#2476 = DIRECTION('',(-0.,0.,-1.));
#2477 = PCURVE('',#1361,#2478);
#2478 = DEFINITIONAL_REPRESENTATION('',(#2479),#2487);
#2479 = B_SPLINE_CURVE_WITH_KNOTS('',6,(#2480,#2481,#2482,#2483,#2484,
    #2485,#2486),.UNSPECIFIED.,.F.,.F.,(7,7),(3.341990982963,
    3.688253867361),.PIECEWISE_BEZIER_KNOTS.);
#2480 = CARTESIAN_POINT('',(-0.976494072648,-18.88266216243));
#2481 = CARTESIAN_POINT('',(-0.98057100565,-16.24999881674));
#2482 = CARTESIAN_POINT('',(-0.984366305957,-13.43456005849));
#2483 = CARTESIAN_POINT('',(-0.98790417032,-10.42056360288));
#2484 = CARTESIAN_POINT('',(-0.991206066271,-7.190399745503));
#2485 = CARTESIAN_POINT('',(-0.994291170354,-3.724320760856));
#2486 = CARTESIAN_POINT('',(-0.997176694391,-1.169077659677E-14));
#2487 = ( GEOMETRIC_REPRESENTATION_CONTEXT(2) 
PARAMETRIC_REPRESENTATION_CONTEXT() REPRESENTATION_CONTEXT('2D SPACE',''
  ) );
#2488 = PCURVE('',#1877,#2489);
#2489 = DEFINITIONAL_REPRESENTATION('',(#2490),#2494);
#2490 = ( BOUNDED_CURVE() B_SPLINE_CURVE(2,(#2491,#2492,#2493),
.UNSPECIFIED.,.F.,.F.) B_SPLINE_CURVE_WITH_KNOTS((3,3),(3.341990982963,
3.688253867361),.PIECEWISE_BEZIER_KNOTS.) CURVE() 
GEOMETRIC_REPRESENTATION_ITEM() RATIONAL_B_SPLINE_CURVE((1.,
1.015024721831,1.)) REPRESENTATION_ITEM('') );
#2491 = CARTESIAN_POINT('',(-10.90578123359,-14.45854547954));
#2492 = CARTESIAN_POINT('',(-3.085769147529,-10.81873169015));
#2493 = CARTESIAN_POINT('',(7.976880928845,-5.676068946385));
#2494 = ( GEOMETRIC_REPRESENTATION_CONTEXT(2) 
PARAMETRIC_REPRESENTATION_CONTEXT() REPRESENTATION_CONTEXT('2D SPACE',''
  ) );
#2495 = ORIENTED_EDGE('',*,*,#2496,.T.);
#2496 = EDGE_CURVE('',#2469,#2497,#2499,.T.);
#2497 = VERTEX_POINT('',#2498);
#2498 = CARTESIAN_POINT('',(11.294934427974,22.563400297409,
    14.268311285297));
#2499 = SURFACE_CURVE('',#2500,(#2505,#2515),.PCURVE_S1.);
#2500 = HYPERBOLA('',#2501,39.873746206331,16.862854011082);
#2501 = AXIS2_PLACEMENT_3D('',#2502,#2503,#2504);
#2502 = CARTESIAN_POINT('',(9.115555821467,15.788605822011,
    53.690367356707));
#2503 = DIRECTION('',(0.492391779409,0.852847579166,0.173785333909));
#2504 = DIRECTION('',(8.689266695452E-02,0.15050251397,-0.984783558818)
  );
#2505 = PCURVE('',#1361,#2506);
#2506 = DEFINITIONAL_REPRESENTATION('',(#2507),#2514);
#2507 = B_SPLINE_CURVE_WITH_KNOTS('',5,(#2508,#2509,#2510,#2511,#2512,
    #2513),.UNSPECIFIED.,.F.,.F.,(6,6),(-0.106541819986,0.106541819986),
  .PIECEWISE_BEZIER_KNOTS.);
#2508 = CARTESIAN_POINT('',(-0.97588994521,-10.20028372841));
#2509 = CARTESIAN_POINT('',(-1.004334976977,-10.37891165499));
#2510 = CARTESIAN_POINT('',(-1.032896728596,-10.46788804655));
#2511 = CARTESIAN_POINT('',(-1.061498373797,-10.46788804655));
#2512 = CARTESIAN_POINT('',(-1.090060125417,-10.37891165499));
#2513 = CARTESIAN_POINT('',(-1.118505157183,-10.20028372841));
#2514 = ( GEOMETRIC_REPRESENTATION_CONTEXT(2) 
PARAMETRIC_REPRESENTATION_CONTEXT() REPRESENTATION_CONTEXT('2D SPACE',''
  ) );
#2515 = PCURVE('',#2516,#2521);
#2516 = PLANE('',#2517);
#2517 = AXIS2_PLACEMENT_3D('',#2518,#2519,#2520);
#2518 = CARTESIAN_POINT('',(12.,20.784609690827,21.));
#2519 = DIRECTION('',(0.492391779409,0.852847579166,0.173785333909));
#2520 = DIRECTION('',(8.689266695452E-02,0.15050251397,-0.984783558818)
  );
#2521 = DEFINITIONAL_REPRESENTATION('',(#2522),#2526);
#2522 = ( BOUNDED_CURVE() B_SPLINE_CURVE(2,(#2523,#2524,#2525),
.UNSPECIFIED.,.F.,.F.) B_SPLINE_CURVE_WITH_KNOTS((3,3),(-0.106541819986,
0.106541819986),.PIECEWISE_BEZIER_KNOTS.) CURVE() 
GEOMETRIC_REPRESENTATION_ITEM() RATIONAL_B_SPLINE_CURVE((1.,
1.005680950436,1.)) REPRESENTATION_ITEM('') );
#2523 = CARTESIAN_POINT('',(6.904782488188,-1.8));
#2524 = CARTESIAN_POINT('',(6.453020520479,-1.743972615504E-14));
#2525 = CARTESIAN_POINT('',(6.904782488188,1.8));
#2526 = ( GEOMETRIC_REPRESENTATION_CONTEXT(2) 
PARAMETRIC_REPRESENTATION_CONTEXT() REPRESENTATION_CONTEXT('2D SPACE',''
  ) );
#2527 = ORIENTED_EDGE('',*,*,#2528,.T.);
#2528 = EDGE_CURVE('',#2497,#1782,#2529,.T.);
#2529 = SURFACE_CURVE('',#2530,(#2535,#2546),.PCURVE_S1.);
#2530 = HYPERBOLA('',#2531,3.230769230769,1.5);
#2531 = AXIS2_PLACEMENT_3D('',#2532,#2533,#2534);
#2532 = CARTESIAN_POINT('',(-1.299038105677,0.75,68.615384615385));
#2533 = DIRECTION('',(0.866025403784,-0.5,-0.));
#2534 = DIRECTION('',(-0.,0.,-1.));
#2535 = PCURVE('',#1361,#2536);
#2536 = DEFINITIONAL_REPRESENTATION('',(#2537),#2545);
#2537 = B_SPLINE_CURVE_WITH_KNOTS('',6,(#2538,#2539,#2540,#2541,#2542,
    #2543,#2544),.UNSPECIFIED.,.F.,.F.,(7,7),(3.341990982963,
    3.688253867361),.PIECEWISE_BEZIER_KNOTS.);
#2538 = CARTESIAN_POINT('',(-1.117901029746,-18.88266216243));
#2539 = CARTESIAN_POINT('',(-1.113824096744,-16.24999881674));
#2540 = CARTESIAN_POINT('',(-1.110028796436,-13.43456005849));
#2541 = CARTESIAN_POINT('',(-1.106490932073,-10.42056360288));
#2542 = CARTESIAN_POINT('',(-1.103189036122,-7.190399745503));
#2543 = CARTESIAN_POINT('',(-1.100103932039,-3.724320760856));
#2544 = CARTESIAN_POINT('',(-1.097218408002,-1.440470687816E-14));
#2545 = ( GEOMETRIC_REPRESENTATION_CONTEXT(2) 
PARAMETRIC_REPRESENTATION_CONTEXT() REPRESENTATION_CONTEXT('2D SPACE',''
  ) );
#2546 = PCURVE('',#1821,#2547);
#2547 = DEFINITIONAL_REPRESENTATION('',(#2548),#2552);
#2548 = ( BOUNDED_CURVE() B_SPLINE_CURVE(2,(#2549,#2550,#2551),
.UNSPECIFIED.,.F.,.F.) B_SPLINE_CURVE_WITH_KNOTS((3,3),(3.341990982963,
3.688253867361),.PIECEWISE_BEZIER_KNOTS.) CURVE() 
GEOMETRIC_REPRESENTATION_ITEM() RATIONAL_B_SPLINE_CURVE((1.,
1.015024721831,1.)) REPRESENTATION_ITEM('') );
#2549 = CARTESIAN_POINT('',(-10.90578123359,-14.45854547954));
#2550 = CARTESIAN_POINT('',(-3.085769147529,-10.81873169015));
#2551 = CARTESIAN_POINT('',(7.976880928845,-5.676068946385));
#2552 = ( GEOMETRIC_REPRESENTATION_CONTEXT(2) 
PARAMETRIC_REPRESENTATION_CONTEXT() REPRESENTATION_CONTEXT('2D SPACE',''
  ) );
#2553 = ORIENTED_EDGE('',*,*,#1781,.T.);
#2554 = ORIENTED_EDGE('',*,*,#2555,.F.);
#2555 = EDGE_CURVE('',#2556,#1754,#2558,.T.);
#2556 = VERTEX_POINT('',#2557);
#2557 = CARTESIAN_POINT('',(-11.29493442797,22.563400297409,
    14.268311285297));
#2558 = SURFACE_CURVE('',#2559,(#2564,#2575),.PCURVE_S1.);
#2559 = HYPERBOLA('',#2560,3.230769230769,1.5);
#2560 = AXIS2_PLACEMENT_3D('',#2561,#2562,#2563);
#2561 = CARTESIAN_POINT('',(1.299038105677,0.75,68.615384615385));
#2562 = DIRECTION('',(0.866025403784,0.5,0.));
#2563 = DIRECTION('',(0.,-0.,-1.));
#2564 = PCURVE('',#1361,#2565);
#2565 = DEFINITIONAL_REPRESENTATION('',(#2566),#2574);
#2566 = B_SPLINE_CURVE_WITH_KNOTS('',6,(#2567,#2568,#2569,#2570,#2571,
    #2572,#2573),.UNSPECIFIED.,.F.,.F.,(7,7),(3.341990982963,
    3.688253867361),.PIECEWISE_BEZIER_KNOTS.);
#2567 = CARTESIAN_POINT('',(-2.023691623844,-18.88266216243));
#2568 = CARTESIAN_POINT('',(-2.027768556846,-16.24999881674));
#2569 = CARTESIAN_POINT('',(-2.031563857154,-13.43456005849));
#2570 = CARTESIAN_POINT('',(-2.035101721517,-10.42056360288));
#2571 = CARTESIAN_POINT('',(-2.038403617467,-7.190399745504));
#2572 = CARTESIAN_POINT('',(-2.041488721551,-3.724320760856));
#2573 = CARTESIAN_POINT('',(-2.044374245587,5.427860562784E-15));
#2574 = ( GEOMETRIC_REPRESENTATION_CONTEXT(2) 
PARAMETRIC_REPRESENTATION_CONTEXT() REPRESENTATION_CONTEXT('2D SPACE',''
  ) );
#2575 = PCURVE('',#1769,#2576);
#2576 = DEFINITIONAL_REPRESENTATION('',(#2577),#2581);
#2577 = ( BOUNDED_CURVE() B_SPLINE_CURVE(2,(#2578,#2579,#2580),
.UNSPECIFIED.,.F.,.F.) B_SPLINE_CURVE_WITH_KNOTS((3,3),(3.341990982963,
3.688253867361),.PIECEWISE_BEZIER_KNOTS.) CURVE() 
GEOMETRIC_REPRESENTATION_ITEM() RATIONAL_B_SPLINE_CURVE((1.,
1.015024721831,1.)) REPRESENTATION_ITEM('') );
#2578 = CARTESIAN_POINT('',(-10.90578123359,-14.45854547954));
#2579 = CARTESIAN_POINT('',(-3.085769147529,-10.81873169015));
#2580 = CARTESIAN_POINT('',(7.976880928845,-5.676068946385));
#2581 = ( GEOMETRIC_REPRESENTATION_CONTEXT(2) 
PARAMETRIC_REPRESENTATION_CONTEXT() REPRESENTATION_CONTEXT('2D SPACE',''
  ) );
#2582 = ORIENTED_EDGE('',*,*,#2583,.T.);
#2583 = EDGE_CURVE('',#2556,#2584,#2586,.T.);
#2584 = VERTEX_POINT('',#2585);
#2585 = CARTESIAN_POINT('',(-13.89301063932,21.063400297409,
    14.268311285297));
#2586 = SURFACE_CURVE('',#2587,(#2592,#2602),.PCURVE_S1.);
#2587 = HYPERBOLA('',#2588,39.873746206331,16.862854011082);
#2588 = AXIS2_PLACEMENT_3D('',#2589,#2590,#2591);
#2589 = CARTESIAN_POINT('',(-9.115555821467,15.788605822011,
    53.690367356707));
#2590 = DIRECTION('',(-0.492391779409,0.852847579166,0.173785333909));
#2591 = DIRECTION('',(-8.689266695452E-02,0.15050251397,-0.984783558818)
  );
#2592 = PCURVE('',#1361,#2593);
#2593 = DEFINITIONAL_REPRESENTATION('',(#2594),#2601);
#2594 = B_SPLINE_CURVE_WITH_KNOTS('',5,(#2595,#2596,#2597,#2598,#2599,
    #2600),.UNSPECIFIED.,.F.,.F.,(6,6),(-0.106541819986,0.106541819986),
  .PIECEWISE_BEZIER_KNOTS.);
#2595 = CARTESIAN_POINT('',(-2.023087496407,-10.20028372841));
#2596 = CARTESIAN_POINT('',(-2.051532528173,-10.37891165499));
#2597 = CARTESIAN_POINT('',(-2.080094279793,-10.46788804655));
#2598 = CARTESIAN_POINT('',(-2.108695924994,-10.46788804655));
#2599 = CARTESIAN_POINT('',(-2.137257676613,-10.37891165499));
#2600 = CARTESIAN_POINT('',(-2.165702708379,-10.20028372841));
#2601 = ( GEOMETRIC_REPRESENTATION_CONTEXT(2) 
PARAMETRIC_REPRESENTATION_CONTEXT() REPRESENTATION_CONTEXT('2D SPACE',''
  ) );
#2602 = PCURVE('',#2603,#2608);
#2603 = PLANE('',#2604);
#2604 = AXIS2_PLACEMENT_3D('',#2605,#2606,#2607);
#2605 = CARTESIAN_POINT('',(-12.,20.784609690827,21.));
#2606 = DIRECTION('',(-0.492391779409,0.852847579166,0.173785333909));
#2607 = DIRECTION('',(-8.689266695452E-02,0.15050251397,-0.984783558818)
  );
#2608 = DEFINITIONAL_REPRESENTATION('',(#2609),#2613);
#2609 = ( BOUNDED_CURVE() B_SPLINE_CURVE(2,(#2610,#2611,#2612),
.UNSPECIFIED.,.F.,.F.) B_SPLINE_CURVE_WITH_KNOTS((3,3),(-0.106541819986,
0.106541819986),.PIECEWISE_BEZIER_KNOTS.) CURVE() 
GEOMETRIC_REPRESENTATION_ITEM() RATIONAL_B_SPLINE_CURVE((1.,
1.005680950436,1.)) REPRESENTATION_ITEM('') );
#2610 = CARTESIAN_POINT('',(6.904782488188,-1.8));
#2611 = CARTESIAN_POINT('',(6.453020520479,1.061443296382E-16));
#2612 = CARTESIAN_POINT('',(6.904782488188,1.8));
#2613 = ( GEOMETRIC_REPRESENTATION_CONTEXT(2) 
PARAMETRIC_REPRESENTATION_CONTEXT() REPRESENTATION_CONTEXT('2D SPACE',''
  ) );
#2614 = ORIENTED_EDGE('',*,*,#2615,.T.);
#2615 = EDGE_CURVE('',#2584,#1674,#2616,.T.);
#2616 = SURFACE_CURVE('',#2617,(#2622,#2633),.PCURVE_S1.);
#2617 = HYPERBOLA('',#2618,3.230769230769,1.5);
#2618 = AXIS2_PLACEMENT_3D('',#2619,#2620,#2621);
#2619 = CARTESIAN_POINT('',(-1.299038105677,-0.75,68.615384615385));
#2620 = DIRECTION('',(0.866025403784,0.5,0.));
#2621 = DIRECTION('',(0.,-0.,-1.));
#2622 = PCURVE('',#1361,#2623);
#2623 = DEFINITIONAL_REPRESENTATION('',(#2624),#2632);
#2624 = B_SPLINE_CURVE_WITH_KNOTS('',6,(#2625,#2626,#2627,#2628,#2629,
    #2630,#2631),.UNSPECIFIED.,.F.,.F.,(7,7),(3.341990982963,
    3.688253867361),.PIECEWISE_BEZIER_KNOTS.);
#2625 = CARTESIAN_POINT('',(-2.165098580942,-18.88266216243));
#2626 = CARTESIAN_POINT('',(-2.16102164794,-16.24999881674));
#2627 = CARTESIAN_POINT('',(-2.157226347632,-13.43456005849));
#2628 = CARTESIAN_POINT('',(-2.153688483269,-10.42056360288));
#2629 = CARTESIAN_POINT('',(-2.150386587319,-7.190399745504));
#2630 = CARTESIAN_POINT('',(-2.147301483236,-3.724320760856));
#2631 = CARTESIAN_POINT('',(-2.144415959199,2.713930281392E-15));
#2632 = ( GEOMETRIC_REPRESENTATION_CONTEXT(2) 
PARAMETRIC_REPRESENTATION_CONTEXT() REPRESENTATION_CONTEXT('2D SPACE',''
  ) );
#2633 = PCURVE('',#1713,#2634);
#2634 = DEFINITIONAL_REPRESENTATION('',(#2635),#2639);
#2635 = ( BOUNDED_CURVE() B_SPLINE_CURVE(2,(#2636,#2637,#2638),
.UNSPECIFIED.,.F.,.F.) B_SPLINE_CURVE_WITH_KNOTS((3,3),(3.341990982963,
3.688253867361),.PIECEWISE_BEZIER_KNOTS.) CURVE() 
GEOMETRIC_REPRESENTATION_ITEM() RATIONAL_B_SPLINE_CURVE((1.,
1.015024721831,1.)) REPRESENTATION_ITEM('') );
#2636 = CARTESIAN_POINT('',(-10.90578123359,-14.45854547954));
#2637 = CARTESIAN_POINT('',(-3.085769147529,-10.81873169015));
#2638 = CARTESIAN_POINT('',(7.976880928845,-5.676068946385));
#2639 = ( GEOMETRIC_REPRESENTATION_CONTEXT(2) 
PARAMETRIC_REPRESENTATION_CONTEXT() REPRESENTATION_CONTEXT('2D SPACE',''
  ) );
#2640 = ORIENTED_EDGE('',*,*,#1673,.T.);
#2641 = ORIENTED_EDGE('',*,*,#2642,.F.);
#2642 = EDGE_CURVE('',#2643,#1646,#2645,.T.);
#2643 = VERTEX_POINT('',#2644);
#2644 = CARTESIAN_POINT('',(-25.1879450673,1.5,14.268311285297));
#2645 = SURFACE_CURVE('',#2646,(#2651,#2662),.PCURVE_S1.);
#2646 = HYPERBOLA('',#2647,3.230769230769,1.5);
#2647 = AXIS2_PLACEMENT_3D('',#2648,#2649,#2650);
#2648 = CARTESIAN_POINT('',(1.836970198721E-16,1.5,68.615384615385));
#2649 = DIRECTION('',(1.224646799147E-16,1.,0.));
#2650 = DIRECTION('',(0.,-0.,-1.));
#2651 = PCURVE('',#1361,#2652);
#2652 = DEFINITIONAL_REPRESENTATION('',(#2653),#2661);
#2653 = B_SPLINE_CURVE_WITH_KNOTS('',6,(#2654,#2655,#2656,#2657,#2658,
    #2659,#2660),.UNSPECIFIED.,.F.,.F.,(7,7),(3.341990982963,
    3.688253867361),.PIECEWISE_BEZIER_KNOTS.);
#2654 = CARTESIAN_POINT('',(-3.070889175041,-18.88266216243));
#2655 = CARTESIAN_POINT('',(-3.074966108043,-16.24999881674));
#2656 = CARTESIAN_POINT('',(-3.078761408351,-13.43456005849));
#2657 = CARTESIAN_POINT('',(-3.082299272714,-10.42056360288));
#2658 = CARTESIAN_POINT('',(-3.085601168664,-7.190399745503));
#2659 = CARTESIAN_POINT('',(-3.088686272747,-3.724320760856));
#2660 = CARTESIAN_POINT('',(-3.091571796784,-1.304774173746E-14));
#2661 = ( GEOMETRIC_REPRESENTATION_CONTEXT(2) 
PARAMETRIC_REPRESENTATION_CONTEXT() REPRESENTATION_CONTEXT('2D SPACE',''
  ) );
#2662 = PCURVE('',#1661,#2663);
#2663 = DEFINITIONAL_REPRESENTATION('',(#2664),#2668);
#2664 = ( BOUNDED_CURVE() B_SPLINE_CURVE(2,(#2665,#2666,#2667),
.UNSPECIFIED.,.F.,.F.) B_SPLINE_CURVE_WITH_KNOTS((3,3),(3.341990982963,
3.688253867361),.PIECEWISE_BEZIER_KNOTS.) CURVE() 
GEOMETRIC_REPRESENTATION_ITEM() RATIONAL_B_SPLINE_CURVE((1.,
1.015024721831,1.)) REPRESENTATION_ITEM('') );
#2665 = CARTESIAN_POINT('',(-10.90578123359,-14.45854547954));
#2666 = CARTESIAN_POINT('',(-3.085769147529,-10.81873169015));
#2667 = CARTESIAN_POINT('',(7.976880928845,-5.676068946385));
#2668 = ( GEOMETRIC_REPRESENTATION_CONTEXT(2) 
PARAMETRIC_REPRESENTATION_CONTEXT() REPRESENTATION_CONTEXT('2D SPACE',''
  ) );
#2669 = ORIENTED_EDGE('',*,*,#2670,.T.);
#2670 = EDGE_CURVE('',#2643,#2671,#2673,.T.);
#2671 = VERTEX_POINT('',#2672);
#2672 = CARTESIAN_POINT('',(-25.1879450673,-1.5,14.268311285297));
#2673 = SURFACE_CURVE('',#2674,(#2679,#2689),.PCURVE_S1.);
#2674 = HYPERBOLA('',#2675,39.873746206331,16.862854011082);
#2675 = AXIS2_PLACEMENT_3D('',#2676,#2677,#2678);
#2676 = CARTESIAN_POINT('',(-18.23111164293,2.232667251842E-15,
    53.690367356707));
#2677 = DIRECTION('',(-0.984783558818,1.206012033159E-16,0.173785333909)
  );
#2678 = DIRECTION('',(-0.173785333909,2.128256529105E-17,-0.984783558818
    ));
#2679 = PCURVE('',#1361,#2680);
#2680 = DEFINITIONAL_REPRESENTATION('',(#2681),#2688);
#2681 = B_SPLINE_CURVE_WITH_KNOTS('',5,(#2682,#2683,#2684,#2685,#2686,
    #2687),.UNSPECIFIED.,.F.,.F.,(6,6),(-0.106541819986,0.106541819986),
  .PIECEWISE_BEZIER_KNOTS.);
#2682 = CARTESIAN_POINT('',(-3.070285047604,-10.20028372841));
#2683 = CARTESIAN_POINT('',(-3.09873007937,-10.37891165499));
#2684 = CARTESIAN_POINT('',(-3.127291830989,-10.46788804655));
#2685 = CARTESIAN_POINT('',(-3.15589347619,-10.46788804655));
#2686 = CARTESIAN_POINT('',(-3.18445522781,-10.37891165499));
#2687 = CARTESIAN_POINT('',(-3.212900259576,-10.20028372841));
#2688 = ( GEOMETRIC_REPRESENTATION_CONTEXT(2) 
PARAMETRIC_REPRESENTATION_CONTEXT() REPRESENTATION_CONTEXT('2D SPACE',''
  ) );
#2689 = PCURVE('',#2690,#2695);
#2690 = PLANE('',#2691);
#2691 = AXIS2_PLACEMENT_3D('',#2692,#2693,#2694);
#2692 = CARTESIAN_POINT('',(-24.,2.939152317954E-15,21.));
#2693 = DIRECTION('',(-0.984783558818,1.206012033159E-16,0.173785333909)
  );
#2694 = DIRECTION('',(-0.173785333909,2.128256529105E-17,-0.984783558818
    ));
#2695 = DEFINITIONAL_REPRESENTATION('',(#2696),#2700);
#2696 = ( BOUNDED_CURVE() B_SPLINE_CURVE(2,(#2697,#2698,#2699),
.UNSPECIFIED.,.F.,.F.) B_SPLINE_CURVE_WITH_KNOTS((3,3),(-0.106541819986,
0.106541819986),.PIECEWISE_BEZIER_KNOTS.) CURVE() 
GEOMETRIC_REPRESENTATION_ITEM() RATIONAL_B_SPLINE_CURVE((1.,
1.005680950436,1.)) REPRESENTATION_ITEM('') );
#2697 = CARTESIAN_POINT('',(6.904782488188,-1.8));
#2698 = CARTESIAN_POINT('',(6.453020520479,-1.972152263053E-31));
#2699 = CARTESIAN_POINT('',(6.904782488188,1.8));
#2700 = ( GEOMETRIC_REPRESENTATION_CONTEXT(2) 
PARAMETRIC_REPRESENTATION_CONTEXT() REPRESENTATION_CONTEXT('2D SPACE',''
  ) );
#2701 = ORIENTED_EDGE('',*,*,#2702,.T.);
#2702 = EDGE_CURVE('',#2671,#1566,#2703,.T.);
#2703 = SURFACE_CURVE('',#2704,(#2709,#2720),.PCURVE_S1.);
#2704 = HYPERBOLA('',#2705,3.230769230769,1.5);
#2705 = AXIS2_PLACEMENT_3D('',#2706,#2707,#2708);
#2706 = CARTESIAN_POINT('',(-1.836970198721E-16,-1.5,68.615384615385));
#2707 = DIRECTION('',(1.224646799147E-16,1.,0.));
#2708 = DIRECTION('',(0.,-0.,-1.));
#2709 = PCURVE('',#1361,#2710);
#2710 = DEFINITIONAL_REPRESENTATION('',(#2711),#2719);
#2711 = B_SPLINE_CURVE_WITH_KNOTS('',6,(#2712,#2713,#2714,#2715,#2716,
    #2717,#2718),.UNSPECIFIED.,.F.,.F.,(7,7),(3.341990982963,
    3.688253867361),.PIECEWISE_BEZIER_KNOTS.);
#2712 = CARTESIAN_POINT('',(-3.212296132139,-18.88266216243));
#2713 = CARTESIAN_POINT('',(-3.208219199137,-16.24999881674));
#2714 = CARTESIAN_POINT('',(-3.204423898829,-13.43456005849));
#2715 = CARTESIAN_POINT('',(-3.200886034466,-10.42056360288));
#2716 = CARTESIAN_POINT('',(-3.197584138516,-7.190399745503));
#2717 = CARTESIAN_POINT('',(-3.194499034432,-3.724320760856));
#2718 = CARTESIAN_POINT('',(-3.191613510396,-1.304774173746E-14));
#2719 = ( GEOMETRIC_REPRESENTATION_CONTEXT(2) 
PARAMETRIC_REPRESENTATION_CONTEXT() REPRESENTATION_CONTEXT('2D SPACE',''
  ) );
#2720 = PCURVE('',#1605,#2721);
#2721 = DEFINITIONAL_REPRESENTATION('',(#2722),#2726);
#2722 = ( BOUNDED_CURVE() B_SPLINE_CURVE(2,(#2723,#2724,#2725),
.UNSPECIFIED.,.F.,.F.) B_SPLINE_CURVE_WITH_KNOTS((3,3),(3.341990982963,
3.688253867361),.PIECEWISE_BEZIER_KNOTS.) CURVE() 
GEOMETRIC_REPRESENTATION_ITEM() RATIONAL_B_SPLINE_CURVE((1.,
1.015024721831,1.)) REPRESENTATION_ITEM('') );
#2723 = CARTESIAN_POINT('',(-10.90578123359,-14.45854547954));
#2724 = CARTESIAN_POINT('',(-3.085769147529,-10.81873169015));
#2725 = CARTESIAN_POINT('',(7.976880928845,-5.676068946385));
#2726 = ( GEOMETRIC_REPRESENTATION_CONTEXT(2) 
PARAMETRIC_REPRESENTATION_CONTEXT() REPRESENTATION_CONTEXT('2D SPACE',''
  ) );
#2727 = ORIENTED_EDGE('',*,*,#1565,.T.);
#2728 = ORIENTED_EDGE('',*,*,#2729,.F.);
#2729 = EDGE_CURVE('',#2730,#1538,#2732,.T.);
#2730 = VERTEX_POINT('',#2731);
#2731 = CARTESIAN_POINT('',(-13.89301063932,-21.0634002974,
    14.268311285297));
#2732 = SURFACE_CURVE('',#2733,(#2738,#2749),.PCURVE_S1.);
#2733 = HYPERBOLA('',#2734,3.230769230769,1.5);
#2734 = AXIS2_PLACEMENT_3D('',#2735,#2736,#2737);
#2735 = CARTESIAN_POINT('',(-1.299038105677,0.75,68.615384615385));
#2736 = DIRECTION('',(-0.866025403784,0.5,-0.));
#2737 = DIRECTION('',(0.,-0.,-1.));
#2738 = PCURVE('',#1361,#2739);
#2739 = DEFINITIONAL_REPRESENTATION('',(#2740),#2748);
#2740 = B_SPLINE_CURVE_WITH_KNOTS('',6,(#2741,#2742,#2743,#2744,#2745,
    #2746,#2747),.UNSPECIFIED.,.F.,.F.,(7,7),(3.341990982963,
    3.688253867361),.PIECEWISE_BEZIER_KNOTS.);
#2741 = CARTESIAN_POINT('',(-4.118086726237,-18.88266216243));
#2742 = CARTESIAN_POINT('',(-4.122163659239,-16.24999881674));
#2743 = CARTESIAN_POINT('',(-4.125958959547,-13.43456005849));
#2744 = CARTESIAN_POINT('',(-4.12949682391,-10.42056360288));
#2745 = CARTESIAN_POINT('',(-4.132798719861,-7.190399745504));
#2746 = CARTESIAN_POINT('',(-4.135883823944,-3.724320760856));
#2747 = CARTESIAN_POINT('',(-4.138769347981,1.356965140696E-15));
#2748 = ( GEOMETRIC_REPRESENTATION_CONTEXT(2) 
PARAMETRIC_REPRESENTATION_CONTEXT() REPRESENTATION_CONTEXT('2D SPACE',''
  ) );
#2749 = PCURVE('',#1553,#2750);
#2750 = DEFINITIONAL_REPRESENTATION('',(#2751),#2755);
#2751 = ( BOUNDED_CURVE() B_SPLINE_CURVE(2,(#2752,#2753,#2754),
.UNSPECIFIED.,.F.,.F.) B_SPLINE_CURVE_WITH_KNOTS((3,3),(3.341990982963,
3.688253867361),.PIECEWISE_BEZIER_KNOTS.) CURVE() 
GEOMETRIC_REPRESENTATION_ITEM() RATIONAL_B_SPLINE_CURVE((1.,
1.015024721831,1.)) REPRESENTATION_ITEM('') );
#2752 = CARTESIAN_POINT('',(-10.90578123359,-14.45854547954));
#2753 = CARTESIAN_POINT('',(-3.085769147529,-10.81873169015));
#2754 = CARTESIAN_POINT('',(7.976880928845,-5.676068946385));
#2755 = ( GEOMETRIC_REPRESENTATION_CONTEXT(2) 
PARAMETRIC_REPRESENTATION_CONTEXT() REPRESENTATION_CONTEXT('2D SPACE',''
  ) );
#2756 = ORIENTED_EDGE('',*,*,#2757,.T.);
#2757 = EDGE_CURVE('',#2730,#2758,#2760,.T.);
#2758 = VERTEX_POINT('',#2759);
#2759 = CARTESIAN_POINT('',(-11.29493442797,-22.5634002974,
    14.268311285297));
#2760 = SURFACE_CURVE('',#2761,(#2766,#2776),.PCURVE_S1.);
#2761 = HYPERBOLA('',#2762,39.873746206331,16.862854011082);
#2762 = AXIS2_PLACEMENT_3D('',#2763,#2764,#2765);
#2763 = CARTESIAN_POINT('',(-9.115555821467,-15.78860582201,
    53.690367356707));
#2764 = DIRECTION('',(-0.492391779409,-0.852847579166,0.173785333909));
#2765 = DIRECTION('',(-8.689266695452E-02,-0.15050251397,-0.984783558818
    ));
#2766 = PCURVE('',#1361,#2767);
#2767 = DEFINITIONAL_REPRESENTATION('',(#2768),#2775);
#2768 = B_SPLINE_CURVE_WITH_KNOTS('',5,(#2769,#2770,#2771,#2772,#2773,
    #2774),.UNSPECIFIED.,.F.,.F.,(6,6),(-0.106541819986,0.106541819986),
  .PIECEWISE_BEZIER_KNOTS.);
#2769 = CARTESIAN_POINT('',(-4.1174825988,-10.20028372841));
#2770 = CARTESIAN_POINT('',(-4.145927630566,-10.37891165499));
#2771 = CARTESIAN_POINT('',(-4.174489382186,-10.46788804655));
#2772 = CARTESIAN_POINT('',(-4.203091027387,-10.46788804655));
#2773 = CARTESIAN_POINT('',(-4.231652779006,-10.37891165499));
#2774 = CARTESIAN_POINT('',(-4.260097810773,-10.20028372841));
#2775 = ( GEOMETRIC_REPRESENTATION_CONTEXT(2) 
PARAMETRIC_REPRESENTATION_CONTEXT() REPRESENTATION_CONTEXT('2D SPACE',''
  ) );
#2776 = PCURVE('',#2777,#2782);
#2777 = PLANE('',#2778);
#2778 = AXIS2_PLACEMENT_3D('',#2779,#2780,#2781);
#2779 = CARTESIAN_POINT('',(-12.,-20.78460969082,21.));
#2780 = DIRECTION('',(-0.492391779409,-0.852847579166,0.173785333909));
#2781 = DIRECTION('',(-8.689266695452E-02,-0.15050251397,-0.984783558818
    ));
#2782 = DEFINITIONAL_REPRESENTATION('',(#2783),#2787);
#2783 = ( BOUNDED_CURVE() B_SPLINE_CURVE(2,(#2784,#2785,#2786),
.UNSPECIFIED.,.F.,.F.) B_SPLINE_CURVE_WITH_KNOTS((3,3),(-0.106541819986,
0.106541819986),.PIECEWISE_BEZIER_KNOTS.) CURVE() 
GEOMETRIC_REPRESENTATION_ITEM() RATIONAL_B_SPLINE_CURVE((1.,
1.005680950436,1.)) REPRESENTATION_ITEM('') );
#2784 = CARTESIAN_POINT('',(6.904782488188,-1.8));
#2785 = CARTESIAN_POINT('',(6.453020520479,1.64454034057E-14));
#2786 = CARTESIAN_POINT('',(6.904782488188,1.8));
#2787 = ( GEOMETRIC_REPRESENTATION_CONTEXT(2) 
PARAMETRIC_REPRESENTATION_CONTEXT() REPRESENTATION_CONTEXT('2D SPACE',''
  ) );
#2788 = ORIENTED_EDGE('',*,*,#2789,.T.);
#2789 = EDGE_CURVE('',#2758,#1458,#2790,.T.);
#2790 = SURFACE_CURVE('',#2791,(#2796,#2807),.PCURVE_S1.);
#2791 = HYPERBOLA('',#2792,3.230769230769,1.5);
#2792 = AXIS2_PLACEMENT_3D('',#2793,#2794,#2795);
#2793 = CARTESIAN_POINT('',(1.299038105677,-0.75,68.615384615385));
#2794 = DIRECTION('',(-0.866025403784,0.5,-0.));
#2795 = DIRECTION('',(0.,-0.,-1.));
#2796 = PCURVE('',#1361,#2797);
#2797 = DEFINITIONAL_REPRESENTATION('',(#2798),#2806);
#2798 = B_SPLINE_CURVE_WITH_KNOTS('',6,(#2799,#2800,#2801,#2802,#2803,
    #2804,#2805),.UNSPECIFIED.,.F.,.F.,(7,7),(3.341990982963,
    3.688253867361),.PIECEWISE_BEZIER_KNOTS.);
#2799 = CARTESIAN_POINT('',(-4.259493683335,-18.88266216243));
#2800 = CARTESIAN_POINT('',(-4.255416750333,-16.24999881674));
#2801 = CARTESIAN_POINT('',(-4.251621450025,-13.43456005849));
#2802 = CARTESIAN_POINT('',(-4.248083585663,-10.42056360288));
#2803 = CARTESIAN_POINT('',(-4.244781689712,-7.190399745504));
#2804 = CARTESIAN_POINT('',(-4.241696585629,-3.724320760856));
#2805 = CARTESIAN_POINT('',(-4.238811061592,1.356965140696E-15));
#2806 = ( GEOMETRIC_REPRESENTATION_CONTEXT(2) 
PARAMETRIC_REPRESENTATION_CONTEXT() REPRESENTATION_CONTEXT('2D SPACE',''
  ) );
#2807 = PCURVE('',#1497,#2808);
#2808 = DEFINITIONAL_REPRESENTATION('',(#2809),#2813);
#2809 = ( BOUNDED_CURVE() B_SPLINE_CURVE(2,(#2810,#2811,#2812),
.UNSPECIFIED.,.F.,.F.) B_SPLINE_CURVE_WITH_KNOTS((3,3),(3.341990982963,
3.688253867361),.PIECEWISE_BEZIER_KNOTS.) CURVE() 
GEOMETRIC_REPRESENTATION_ITEM() RATIONAL_B_SPLINE_CURVE((1.,
1.015024721831,1.)) REPRESENTATION_ITEM('') );
#2810 = CARTESIAN_POINT('',(-10.90578123359,-14.45854547954));
#2811 = CARTESIAN_POINT('',(-3.085769147529,-10.81873169015));
#2812 = CARTESIAN_POINT('',(7.976880928845,-5.676068946385));
#2813 = ( GEOMETRIC_REPRESENTATION_CONTEXT(2) 
PARAMETRIC_REPRESENTATION_CONTEXT() REPRESENTATION_CONTEXT('2D SPACE',''
  ) );
#2814 = ORIENTED_EDGE('',*,*,#1457,.T.);
#2815 = ORIENTED_EDGE('',*,*,#2816,.F.);
#2816 = EDGE_CURVE('',#2817,#1430,#2819,.T.);
#2817 = VERTEX_POINT('',#2818);
#2818 = CARTESIAN_POINT('',(11.294934427974,-22.5634002974,
    14.268311285297));
#2819 = SURFACE_CURVE('',#2820,(#2825,#2836),.PCURVE_S1.);
#2820 = HYPERBOLA('',#2821,3.230769230769,1.5);
#2821 = AXIS2_PLACEMENT_3D('',#2822,#2823,#2824);
#2822 = CARTESIAN_POINT('',(-1.299038105677,-0.75,68.615384615385));
#2823 = DIRECTION('',(-0.866025403784,-0.5,-0.));
#2824 = DIRECTION('',(0.,0.,-1.));
#2825 = PCURVE('',#1361,#2826);
#2826 = DEFINITIONAL_REPRESENTATION('',(#2827),#2835);
#2827 = B_SPLINE_CURVE_WITH_KNOTS('',6,(#2828,#2829,#2830,#2831,#2832,
    #2833,#2834),.UNSPECIFIED.,.F.,.F.,(7,7),(3.341990982963,
    3.688253867361),.PIECEWISE_BEZIER_KNOTS.);
#2828 = CARTESIAN_POINT('',(-5.165284277434,-18.88266216243));
#2829 = CARTESIAN_POINT('',(-5.169361210436,-16.24999881674));
#2830 = CARTESIAN_POINT('',(-5.173156510744,-13.43456005849));
#2831 = CARTESIAN_POINT('',(-5.176694375106,-10.42056360288));
#2832 = CARTESIAN_POINT('',(-5.179996271057,-7.190399745503));
#2833 = CARTESIAN_POINT('',(-5.183081375141,-3.724320760856));
#2834 = CARTESIAN_POINT('',(-5.185966899177,-1.440470687816E-14));
#2835 = ( GEOMETRIC_REPRESENTATION_CONTEXT(2) 
PARAMETRIC_REPRESENTATION_CONTEXT() REPRESENTATION_CONTEXT('2D SPACE',''
  ) );
#2836 = PCURVE('',#1445,#2837);
#2837 = DEFINITIONAL_REPRESENTATION('',(#2838),#2842);
#2838 = ( BOUNDED_CURVE() B_SPLINE_CURVE(2,(#2839,#2840,#2841),
.UNSPECIFIED.,.F.,.F.) B_SPLINE_CURVE_WITH_KNOTS((3,3),(3.341990982963,
3.688253867361),.PIECEWISE_BEZIER_KNOTS.) CURVE() 
GEOMETRIC_REPRESENTATION_ITEM() RATIONAL_B_SPLINE_CURVE((1.,
1.015024721831,1.)) REPRESENTATION_ITEM('') );
#2839 = CARTESIAN_POINT('',(-10.90578123359,-14.45854547954));
#2840 = CARTESIAN_POINT('',(-3.085769147529,-10.81873169015));
#2841 = CARTESIAN_POINT('',(7.976880928845,-5.676068946385));
#2842 = ( GEOMETRIC_REPRESENTATION_CONTEXT(2) 
PARAMETRIC_REPRESENTATION_CONTEXT() REPRESENTATION_CONTEXT('2D SPACE',''
  ) );
#2843 = ORIENTED_EDGE('',*,*,#2844,.T.);
#2844 = EDGE_CURVE('',#2817,#2845,#2847,.T.);
#2845 = VERTEX_POINT('',#2846);
#2846 = CARTESIAN_POINT('',(13.893010639327,-21.0634002974,
    14.268311285297));
#2847 = SURFACE_CURVE('',#2848,(#2853,#2863),.PCURVE_S1.);
#2848 = HYPERBOLA('',#2849,39.873746206331,16.862854011082);
#2849 = AXIS2_PLACEMENT_3D('',#2850,#2851,#2852);
#2850 = CARTESIAN_POINT('',(9.115555821467,-15.78860582201,
    53.690367356707));
#2851 = DIRECTION('',(0.492391779409,-0.852847579166,0.173785333909));
#2852 = DIRECTION('',(8.689266695452E-02,-0.15050251397,-0.984783558818)
  );
#2853 = PCURVE('',#1361,#2854);
#2854 = DEFINITIONAL_REPRESENTATION('',(#2855),#2862);
#2855 = B_SPLINE_CURVE_WITH_KNOTS('',5,(#2856,#2857,#2858,#2859,#2860,
    #2861),.UNSPECIFIED.,.F.,.F.,(6,6),(-0.106541819986,0.106541819986),
  .PIECEWISE_BEZIER_KNOTS.);
#2856 = CARTESIAN_POINT('',(-5.164680149997,-10.20028372841));
#2857 = CARTESIAN_POINT('',(-5.193125181763,-10.37891165499));
#2858 = CARTESIAN_POINT('',(-5.221686933383,-10.46788804655));
#2859 = CARTESIAN_POINT('',(-5.250288578583,-10.46788804655));
#2860 = CARTESIAN_POINT('',(-5.278850330203,-10.37891165499));
#2861 = CARTESIAN_POINT('',(-5.307295361969,-10.20028372841));
#2862 = ( GEOMETRIC_REPRESENTATION_CONTEXT(2) 
PARAMETRIC_REPRESENTATION_CONTEXT() REPRESENTATION_CONTEXT('2D SPACE',''
  ) );
#2863 = PCURVE('',#2864,#2869);
#2864 = PLANE('',#2865);
#2865 = AXIS2_PLACEMENT_3D('',#2866,#2867,#2868);
#2866 = CARTESIAN_POINT('',(12.,-20.78460969082,21.));
#2867 = DIRECTION('',(0.492391779409,-0.852847579166,0.173785333909));
#2868 = DIRECTION('',(8.689266695452E-02,-0.15050251397,-0.984783558818)
  );
#2869 = DEFINITIONAL_REPRESENTATION('',(#2870),#2874);
#2870 = ( BOUNDED_CURVE() B_SPLINE_CURVE(2,(#2871,#2872,#2873),
.UNSPECIFIED.,.F.,.F.) B_SPLINE_CURVE_WITH_KNOTS((3,3),(-0.106541819986,
0.106541819986),.PIECEWISE_BEZIER_KNOTS.) CURVE() 
GEOMETRIC_REPRESENTATION_ITEM() RATIONAL_B_SPLINE_CURVE((1.,
1.005680950436,1.)) REPRESENTATION_ITEM('') );
#2871 = CARTESIAN_POINT('',(6.904782488188,-1.8));
#2872 = CARTESIAN_POINT('',(6.453020520479,1.743972615504E-14));
#2873 = CARTESIAN_POINT('',(6.904782488188,1.8));
#2874 = ( GEOMETRIC_REPRESENTATION_CONTEXT(2) 
PARAMETRIC_REPRESENTATION_CONTEXT() REPRESENTATION_CONTEXT('2D SPACE',''
  ) );
#2875 = ORIENTED_EDGE('',*,*,#2876,.T.);
#2876 = EDGE_CURVE('',#2845,#1345,#2877,.T.);
#2877 = SURFACE_CURVE('',#2878,(#2883,#2894),.PCURVE_S1.);
#2878 = HYPERBOLA('',#2879,3.230769230769,1.5);
#2879 = AXIS2_PLACEMENT_3D('',#2880,#2881,#2882);
#2880 = CARTESIAN_POINT('',(1.299038105677,0.75,68.615384615385));
#2881 = DIRECTION('',(-0.866025403784,-0.5,-0.));
#2882 = DIRECTION('',(0.,0.,-1.));
#2883 = PCURVE('',#1361,#2884);
#2884 = DEFINITIONAL_REPRESENTATION('',(#2885),#2893);
#2885 = B_SPLINE_CURVE_WITH_KNOTS('',6,(#2886,#2887,#2888,#2889,#2890,
    #2891,#2892),.UNSPECIFIED.,.F.,.F.,(7,7),(3.341990982963,
    3.688253867361),.PIECEWISE_BEZIER_KNOTS.);
#2886 = CARTESIAN_POINT('',(-5.306691234532,-18.88266216243));
#2887 = CARTESIAN_POINT('',(-5.30261430153,-16.24999881674));
#2888 = CARTESIAN_POINT('',(-5.298819001222,-13.43456005849));
#2889 = CARTESIAN_POINT('',(-5.295281136859,-10.42056360288));
#2890 = CARTESIAN_POINT('',(-5.291979240909,-7.190399745504));
#2891 = CARTESIAN_POINT('',(-5.288894136825,-3.724320760856));
#2892 = CARTESIAN_POINT('',(-5.286008612789,-1.304774173746E-14));
#2893 = ( GEOMETRIC_REPRESENTATION_CONTEXT(2) 
PARAMETRIC_REPRESENTATION_CONTEXT() REPRESENTATION_CONTEXT('2D SPACE',''
  ) );
#2894 = PCURVE('',#1389,#2895);
#2895 = DEFINITIONAL_REPRESENTATION('',(#2896),#2900);
#2896 = ( BOUNDED_CURVE() B_SPLINE_CURVE(2,(#2897,#2898,#2899),
.UNSPECIFIED.,.F.,.F.) B_SPLINE_CURVE_WITH_KNOTS((3,3),(3.341990982963,
3.688253867361),.PIECEWISE_BEZIER_KNOTS.) CURVE() 
GEOMETRIC_REPRESENTATION_ITEM() RATIONAL_B_SPLINE_CURVE((1.,
1.015024721831,1.)) REPRESENTATION_ITEM('') );
#2897 = CARTESIAN_POINT('',(-10.90578123359,-14.45854547954));
#2898 = CARTESIAN_POINT('',(-3.085769147529,-10.81873169015));
#2899 = CARTESIAN_POINT('',(7.976880928845,-5.676068946385));
#2900 = ( GEOMETRIC_REPRESENTATION_CONTEXT(2) 
PARAMETRIC_REPRESENTATION_CONTEXT() REPRESENTATION_CONTEXT('2D SPACE',''
  ) );
#2901 = ORIENTED_EDGE('',*,*,#1344,.T.);
#2902 = ORIENTED_EDGE('',*,*,#2185,.F.);
#2903 = ORIENTED_EDGE('',*,*,#2904,.T.);
#2904 = EDGE_CURVE('',#2163,#2419,#2905,.T.);
#2905 = SURFACE_CURVE('',#2906,(#2911,#2921),.PCURVE_S1.);
#2906 = HYPERBOLA('',#2907,39.873746206331,16.862854011082);
#2907 = AXIS2_PLACEMENT_3D('',#2908,#2909,#2910);
#2908 = CARTESIAN_POINT('',(18.231111642934,0.,53.690367356707));
#2909 = DIRECTION('',(0.984783558818,0.,0.173785333909));
#2910 = DIRECTION('',(0.173785333909,0.,-0.984783558818));
#2911 = PCURVE('',#1361,#2912);
#2912 = DEFINITIONAL_REPRESENTATION('',(#2913),#2920);
#2913 = B_SPLINE_CURVE_WITH_KNOTS('',5,(#2914,#2915,#2916,#2917,#2918,
    #2919),.UNSPECIFIED.,.F.,.F.,(6,6),(-0.106541819986,
    -3.6545211823E-16),.PIECEWISE_BEZIER_KNOTS.);
#2914 = CARTESIAN_POINT('',(-6.211877701193,-10.20028372841));
#2915 = CARTESIAN_POINT('',(-6.226100217077,-10.2895976917));
#2916 = CARTESIAN_POINT('',(-6.240351912998,-10.35649874503));
#2917 = CARTESIAN_POINT('',(-6.254623185373,-10.40107136166));
#2918 = CARTESIAN_POINT('',(-6.26890424629,-10.42335766423));
#2919 = CARTESIAN_POINT('',(-6.28318530718,-10.42335766423));
#2920 = ( GEOMETRIC_REPRESENTATION_CONTEXT(2) 
PARAMETRIC_REPRESENTATION_CONTEXT() REPRESENTATION_CONTEXT('2D SPACE',''
  ) );
#2921 = PCURVE('',#2019,#2922);
#2922 = DEFINITIONAL_REPRESENTATION('',(#2923),#2927);
#2923 = ( BOUNDED_CURVE() B_SPLINE_CURVE(2,(#2924,#2925,#2926),
.UNSPECIFIED.,.F.,.F.) B_SPLINE_CURVE_WITH_KNOTS((3,3),(-0.106541819986,
-3.6545211823E-16),.PIECEWISE_BEZIER_KNOTS.) CURVE() 
GEOMETRIC_REPRESENTATION_ITEM() RATIONAL_B_SPLINE_CURVE((1.,
1.001419230501,1.)) REPRESENTATION_ITEM('') );
#2924 = CARTESIAN_POINT('',(6.904782488188,-1.8));
#2925 = CARTESIAN_POINT('',(6.67826171231,-0.897450813206));
#2926 = CARTESIAN_POINT('',(6.67826171231,-6.162565717753E-15));
#2927 = ( GEOMETRIC_REPRESENTATION_CONTEXT(2) 
PARAMETRIC_REPRESENTATION_CONTEXT() REPRESENTATION_CONTEXT('2D SPACE',''
  ) );
#2928 = ORIENTED_EDGE('',*,*,#2418,.T.);
#2929 = ORIENTED_EDGE('',*,*,#2930,.F.);
#2930 = EDGE_CURVE('',#2931,#2385,#2933,.T.);
#2931 = VERTEX_POINT('',#2932);
#2932 = CARTESIAN_POINT('',(12.250845244864,-17.99714659156,
    21.723799482711));
#2933 = SURFACE_CURVE('',#2934,(#2939,#2951),.PCURVE_S1.);
#2934 = ELLIPSE('',#2935,33.399677420174,26.707757817965);
#2935 = AXIS2_PLACEMENT_3D('',#2936,#2937,#2938);
#2936 = CARTESIAN_POINT('',(-8.445713751399,0.,8.283296917478));
#2937 = DIRECTION('',(-0.544639035015,0.,0.838670567945));
#2938 = DIRECTION('',(-0.838670567945,0.,-0.544639035015));
#2939 = PCURVE('',#1361,#2940);
#2940 = DEFINITIONAL_REPRESENTATION('',(#2941),#2950);
#2941 = B_SPLINE_CURVE_WITH_KNOTS('',7,(#2942,#2943,#2944,#2945,#2946,
    #2947,#2948,#2949),.UNSPECIFIED.,.F.,.F.,(8,8),(2.199562532419,
    3.14159265359),.PIECEWISE_BEZIER_KNOTS.);
#2942 = CARTESIAN_POINT('',(-5.068277774067,-14.98214932174));
#2943 = CARTESIAN_POINT('',(-5.224249641798,-16.96200761945));
#2944 = CARTESIAN_POINT('',(-5.387481074177,-18.71580879383));
#2945 = CARTESIAN_POINT('',(-5.557780947659,-20.18499026728));
#2946 = CARTESIAN_POINT('',(-5.73442311998,-21.3210052072));
#2947 = CARTESIAN_POINT('',(-5.91578508584,-22.08971068359));
#2948 = CARTESIAN_POINT('',(-6.099484642832,-22.47406499741));
#2949 = CARTESIAN_POINT('',(-6.28318530718,-22.47406499741));
#2950 = ( GEOMETRIC_REPRESENTATION_CONTEXT(2) 
PARAMETRIC_REPRESENTATION_CONTEXT() REPRESENTATION_CONTEXT('2D SPACE',''
  ) );
#2951 = PCURVE('',#2406,#2952);
#2952 = DEFINITIONAL_REPRESENTATION('',(#2953),#2957);
#2953 = ELLIPSE('',#2954,33.399677420174,26.707757817965);
#2954 = AXIS2_PLACEMENT_2D('',#2955,#2956);
#2955 = CARTESIAN_POINT('',(-24.35732610931,0.));
#2956 = DIRECTION('',(-1.,0.));
#2957 = ( GEOMETRIC_REPRESENTATION_CONTEXT(2) 
PARAMETRIC_REPRESENTATION_CONTEXT() REPRESENTATION_CONTEXT('2D SPACE',''
  ) );
#2958 = ORIENTED_EDGE('',*,*,#2959,.T.);
#2959 = EDGE_CURVE('',#2931,#2241,#2960,.T.);
#2960 = SURFACE_CURVE('',#2961,(#2978,#2998),.PCURVE_S1.);
#2961 = B_SPLINE_CURVE_WITH_KNOTS('',8,(#2962,#2963,#2964,#2965,#2966,
    #2967,#2968,#2969,#2970,#2971,#2972,#2973,#2974,#2975,#2976,#2977),
  .UNSPECIFIED.,.F.,.F.,(9,7,9),(0.,0.575555458954,1.),.UNSPECIFIED.);
#2962 = CARTESIAN_POINT('',(12.250845630401,-17.99714659031,
    21.723799017664));
#2963 = CARTESIAN_POINT('',(11.487061330559,-17.99961808662,
    22.645100626304));
#2964 = CARTESIAN_POINT('',(10.69762967332,-18.00137434571,
    23.553489356225));
#2965 = CARTESIAN_POINT('',(9.877711013308,-18.00162191693,
    24.447471415537));
#2966 = CARTESIAN_POINT('',(9.021889424528,-17.99909580218,
    25.324248441753));
#2967 = CARTESIAN_POINT('',(8.12383352251,-17.99175635867,
    26.179531117934));
#2968 = CARTESIAN_POINT('',(7.176052991576,-17.97622683222,
    27.007413803196));
#2969 = CARTESIAN_POINT('',(6.169172136471,-17.94674779013,
    27.799981946886));
#2970 = CARTESIAN_POINT('',(4.298559926746,-17.85208499575,
    29.099023077734));
#2971 = CARTESIAN_POINT('',(3.466840907579,-17.79831645183,
    29.625845017767));
#2972 = CARTESIAN_POINT('',(2.593610167256,-17.72656580061,
    30.123963994607));
#2973 = CARTESIAN_POINT('',(1.675853632137,-17.63095601433,
    30.588133647517));
#2974 = CARTESIAN_POINT('',(0.711847951872,-17.50379050593,
    31.012491948244));
#2975 = CARTESIAN_POINT('',(-0.297924165231,-17.33498374675,
    31.391345682684));
#2976 = CARTESIAN_POINT('',(-1.348804180948,-17.11259078959,
    31.720912716307));
#2977 = CARTESIAN_POINT('',(-2.431334611175,-16.8252373537,32.));
#2978 = PCURVE('',#1361,#2979);
#2979 = DEFINITIONAL_REPRESENTATION('',(#2980),#2997);
#2980 = B_SPLINE_CURVE_WITH_KNOTS('',8,(#2981,#2982,#2983,#2984,#2985,
    #2986,#2987,#2988,#2989,#2990,#2991,#2992,#2993,#2994,#2995,#2996),
  .UNSPECIFIED.,.F.,.F.,(9,7,9),(0.,0.575555458954,1.),.UNSPECIFIED.);
#2981 = CARTESIAN_POINT('',(-5.310051284298,-17.72379901766));
#2982 = CARTESIAN_POINT('',(-5.280986342155,-18.6451006263));
#2983 = CARTESIAN_POINT('',(-5.249660769457,-19.55348935622));
#2984 = CARTESIAN_POINT('',(-5.215728379847,-20.44747141553));
#2985 = CARTESIAN_POINT('',(-5.178782317287,-21.32424844175));
#2986 = CARTESIAN_POINT('',(-5.138340034457,-22.17953111793));
#2987 = CARTESIAN_POINT('',(-5.093824642538,-23.00741380319));
#2988 = CARTESIAN_POINT('',(-5.044540912004,-23.79998194688));
#2989 = CARTESIAN_POINT('',(-4.949220018445,-25.09902307773));
#2990 = CARTESIAN_POINT('',(-4.905737388526,-25.62584501776));
#2991 = CARTESIAN_POINT('',(-4.858932187535,-26.12396399461));
#2992 = CARTESIAN_POINT('',(-4.808534420563,-26.5881336475));
#2993 = CARTESIAN_POINT('',(-4.754331760297,-27.01249194825));
#2994 = CARTESIAN_POINT('',(-4.696230119085,-27.39134568268));
#2995 = CARTESIAN_POINT('',(-4.634318305345,-27.7209127163));
#2996 = CARTESIAN_POINT('',(-4.56887718498,-28.));
#2997 = ( GEOMETRIC_REPRESENTATION_CONTEXT(2) 
PARAMETRIC_REPRESENTATION_CONTEXT() REPRESENTATION_CONTEXT('2D SPACE',''
  ) );
#2998 = PCURVE('',#2343,#2999);
#2999 = DEFINITIONAL_REPRESENTATION('',(#3000),#3017);
#3000 = B_SPLINE_CURVE_WITH_KNOTS('',8,(#3001,#3002,#3003,#3004,#3005,
    #3006,#3007,#3008,#3009,#3010,#3011,#3012,#3013,#3014,#3015,#3016),
  .UNSPECIFIED.,.F.,.F.,(9,7,9),(0.,0.575555458954,1.),.UNSPECIFIED.);
#3001 = CARTESIAN_POINT('',(4.730194987719,-6.000000016826E-07));
#3002 = CARTESIAN_POINT('',(4.722483398954,1.188654687393));
#3003 = CARTESIAN_POINT('',(4.713187050313,2.380448875441));
#3004 = CARTESIAN_POINT('',(4.702035544369,3.57676502463));
#3005 = CARTESIAN_POINT('',(4.68869066515,4.778205955438));
#3006 = CARTESIAN_POINT('',(4.672726458343,5.984622663078));
#3007 = CARTESIAN_POINT('',(4.653604391199,7.195141778699));
#3008 = CARTESIAN_POINT('',(4.630630612285,8.408231971201));
#3009 = CARTESIAN_POINT('',(4.582491433729,10.516507962985));
#3010 = CARTESIAN_POINT('',(4.559489959182,11.411324662641));
#3011 = CARTESIAN_POINT('',(4.533580365381,12.304677935612));
#3012 = CARTESIAN_POINT('',(4.504403421252,13.1938093957));
#3013 = CARTESIAN_POINT('',(4.471602290254,14.074741336236));
#3014 = CARTESIAN_POINT('',(4.43486908122,14.94243612431));
#3015 = CARTESIAN_POINT('',(4.394032023422,15.791184573251));
#3016 = CARTESIAN_POINT('',(4.349106381901,16.614835192865));
#3017 = ( GEOMETRIC_REPRESENTATION_CONTEXT(2) 
PARAMETRIC_REPRESENTATION_CONTEXT() REPRESENTATION_CONTEXT('2D SPACE',''
  ) );
#3018 = ADVANCED_FACE('',(#3019),#1877,.T.);
#3019 = FACE_BOUND('',#3020,.T.);
#3020 = EDGE_LOOP('',(#3021,#3022,#3023,#3046,#3074,#3102));
#3021 = ORIENTED_EDGE('',*,*,#2468,.T.);
#3022 = ORIENTED_EDGE('',*,*,#1861,.T.);
#3023 = ORIENTED_EDGE('',*,*,#3024,.T.);
#3024 = EDGE_CURVE('',#1834,#3025,#3027,.T.);
#3025 = VERTEX_POINT('',#3026);
#3026 = CARTESIAN_POINT('',(27.399038105677,44.456526077548,7.));
#3027 = SURFACE_CURVE('',#3028,(#3032,#3039),.PCURVE_S1.);
#3028 = LINE('',#3029,#3030);
#3029 = CARTESIAN_POINT('',(27.399038105677,44.456526077548,4.));
#3030 = VECTOR('',#3031,1.);
#3031 = DIRECTION('',(0.,0.,1.));
#3032 = PCURVE('',#1877,#3033);
#3033 = DEFINITIONAL_REPRESENTATION('',(#3034),#3038);
#3034 = LINE('',#3035,#3036);
#3035 = CARTESIAN_POINT('',(7.976880928845,16.561454520458));
#3036 = VECTOR('',#3037,1.);
#3037 = DIRECTION('',(-1.,0.));
#3038 = ( GEOMETRIC_REPRESENTATION_CONTEXT(2) 
PARAMETRIC_REPRESENTATION_CONTEXT() REPRESENTATION_CONTEXT('2D SPACE',''
  ) );
#3039 = PCURVE('',#1849,#3040);
#3040 = DEFINITIONAL_REPRESENTATION('',(#3041),#3045);
#3041 = LINE('',#3042,#3043);
#3042 = CARTESIAN_POINT('',(0.,-1.5));
#3043 = VECTOR('',#3044,1.);
#3044 = DIRECTION('',(1.,0.));
#3045 = ( GEOMETRIC_REPRESENTATION_CONTEXT(2) 
PARAMETRIC_REPRESENTATION_CONTEXT() REPRESENTATION_CONTEXT('2D SPACE',''
  ) );
#3046 = ORIENTED_EDGE('',*,*,#3047,.T.);
#3047 = EDGE_CURVE('',#3025,#3048,#3050,.T.);
#3048 = VERTEX_POINT('',#3049);
#3049 = CARTESIAN_POINT('',(13.299038105677,20.034609690827,26.));
#3050 = SURFACE_CURVE('',#3051,(#3055,#3062),.PCURVE_S1.);
#3051 = LINE('',#3052,#3053);
#3052 = CARTESIAN_POINT('',(27.399038105677,44.456526077548,7.));
#3053 = VECTOR('',#3054,1.);
#3054 = DIRECTION('',(-0.414662840001,-0.718217106893,0.55876552908));
#3055 = PCURVE('',#1877,#3056);
#3056 = DEFINITIONAL_REPRESENTATION('',(#3057),#3061);
#3057 = LINE('',#3058,#3059);
#3058 = CARTESIAN_POINT('',(4.976880928845,16.561454520458));
#3059 = VECTOR('',#3060,1.);
#3060 = DIRECTION('',(-0.55876552908,-0.829325680003));
#3061 = ( GEOMETRIC_REPRESENTATION_CONTEXT(2) 
PARAMETRIC_REPRESENTATION_CONTEXT() REPRESENTATION_CONTEXT('2D SPACE',''
  ) );
#3062 = PCURVE('',#3063,#3068);
#3063 = PLANE('',#3064);
#3064 = AXIS2_PLACEMENT_3D('',#3065,#3066,#3067);
#3065 = CARTESIAN_POINT('',(26.1,45.206526077548,7.));
#3066 = DIRECTION('',(-0.27938276454,-0.483905142942,-0.829325680003));
#3067 = DIRECTION('',(-0.414662840001,-0.718217106893,0.55876552908));
#3068 = DEFINITIONAL_REPRESENTATION('',(#3069),#3073);
#3069 = LINE('',#3070,#3071);
#3070 = CARTESIAN_POINT('',(-1.110223024625E-16,-1.5));
#3071 = VECTOR('',#3072,1.);
#3072 = DIRECTION('',(1.,5.551115123126E-17));
#3073 = ( GEOMETRIC_REPRESENTATION_CONTEXT(2) 
PARAMETRIC_REPRESENTATION_CONTEXT() REPRESENTATION_CONTEXT('2D SPACE',''
  ) );
#3074 = ORIENTED_EDGE('',*,*,#3075,.T.);
#3075 = EDGE_CURVE('',#3048,#3076,#3078,.T.);
#3076 = VERTEX_POINT('',#3077);
#3077 = CARTESIAN_POINT('',(13.299038105677,20.034609690827,21.));
#3078 = SURFACE_CURVE('',#3079,(#3083,#3090),.PCURVE_S1.);
#3079 = LINE('',#3080,#3081);
#3080 = CARTESIAN_POINT('',(13.299038105677,20.034609690827,26.));
#3081 = VECTOR('',#3082,1.);
#3082 = DIRECTION('',(0.,0.,-1.));
#3083 = PCURVE('',#1877,#3084);
#3084 = DEFINITIONAL_REPRESENTATION('',(#3085),#3089);
#3085 = LINE('',#3086,#3087);
#3086 = CARTESIAN_POINT('',(-14.02311907115,-11.63854547954));
#3087 = VECTOR('',#3088,1.);
#3088 = DIRECTION('',(1.,0.));
#3089 = ( GEOMETRIC_REPRESENTATION_CONTEXT(2) 
PARAMETRIC_REPRESENTATION_CONTEXT() REPRESENTATION_CONTEXT('2D SPACE',''
  ) );
#3090 = PCURVE('',#3091,#3096);
#3091 = PLANE('',#3092);
#3092 = AXIS2_PLACEMENT_3D('',#3093,#3094,#3095);
#3093 = CARTESIAN_POINT('',(12.,20.784609690827,26.));
#3094 = DIRECTION('',(0.5,0.866025403784,0.));
#3095 = DIRECTION('',(0.,0.,-1.));
#3096 = DEFINITIONAL_REPRESENTATION('',(#3097),#3101);
#3097 = LINE('',#3098,#3099);
#3098 = CARTESIAN_POINT('',(0.,-1.5));
#3099 = VECTOR('',#3100,1.);
#3100 = DIRECTION('',(1.,0.));
#3101 = ( GEOMETRIC_REPRESENTATION_CONTEXT(2) 
PARAMETRIC_REPRESENTATION_CONTEXT() REPRESENTATION_CONTEXT('2D SPACE',''
  ) );
#3102 = ORIENTED_EDGE('',*,*,#3103,.T.);
#3103 = EDGE_CURVE('',#3076,#2469,#3104,.T.);
#3104 = SURFACE_CURVE('',#3105,(#3109,#3116),.PCURVE_S1.);
#3105 = LINE('',#3106,#3107);
#3106 = CARTESIAN_POINT('',(13.299038105677,20.034609690827,21.));
#3107 = VECTOR('',#3108,1.);
#3108 = DIRECTION('',(8.689266695452E-02,0.15050251397,-0.984783558818)
  );
#3109 = PCURVE('',#1877,#3110);
#3110 = DEFINITIONAL_REPRESENTATION('',(#3111),#3115);
#3111 = LINE('',#3112,#3113);
#3112 = CARTESIAN_POINT('',(-9.023119071155,-11.63854547954));
#3113 = VECTOR('',#3114,1.);
#3114 = DIRECTION('',(0.984783558818,0.173785333909));
#3115 = ( GEOMETRIC_REPRESENTATION_CONTEXT(2) 
PARAMETRIC_REPRESENTATION_CONTEXT() REPRESENTATION_CONTEXT('2D SPACE',''
  ) );
#3116 = PCURVE('',#2516,#3117);
#3117 = DEFINITIONAL_REPRESENTATION('',(#3118),#3122);
#3118 = LINE('',#3119,#3120);
#3119 = CARTESIAN_POINT('',(1.387778780781E-17,-1.5));
#3120 = VECTOR('',#3121,1.);
#3121 = DIRECTION('',(1.,0.));
#3122 = ( GEOMETRIC_REPRESENTATION_CONTEXT(2) 
PARAMETRIC_REPRESENTATION_CONTEXT() REPRESENTATION_CONTEXT('2D SPACE',''
  ) );
#3123 = ADVANCED_FACE('',(#3124),#1849,.F.);
#3124 = FACE_BOUND('',#3125,.F.);
#3125 = EDGE_LOOP('',(#3126,#3127,#3150,#3171));
#3126 = ORIENTED_EDGE('',*,*,#3024,.T.);
#3127 = ORIENTED_EDGE('',*,*,#3128,.F.);
#3128 = EDGE_CURVE('',#3129,#3025,#3131,.T.);
#3129 = VERTEX_POINT('',#3130);
#3130 = CARTESIAN_POINT('',(24.800961894323,45.956526077548,7.));
#3131 = SURFACE_CURVE('',#3132,(#3136,#3143),.PCURVE_S1.);
#3132 = LINE('',#3133,#3134);
#3133 = CARTESIAN_POINT('',(24.800961894323,45.956526077548,7.));
#3134 = VECTOR('',#3135,1.);
#3135 = DIRECTION('',(0.866025403784,-0.5,0.));
#3136 = PCURVE('',#1849,#3137);
#3137 = DEFINITIONAL_REPRESENTATION('',(#3138),#3142);
#3138 = LINE('',#3139,#3140);
#3139 = CARTESIAN_POINT('',(3.,1.5));
#3140 = VECTOR('',#3141,1.);
#3141 = DIRECTION('',(0.,-1.));
#3142 = ( GEOMETRIC_REPRESENTATION_CONTEXT(2) 
PARAMETRIC_REPRESENTATION_CONTEXT() REPRESENTATION_CONTEXT('2D SPACE',''
  ) );
#3143 = PCURVE('',#3063,#3144);
#3144 = DEFINITIONAL_REPRESENTATION('',(#3145),#3149);
#3145 = LINE('',#3146,#3147);
#3146 = CARTESIAN_POINT('',(1.110223024625E-16,1.5));
#3147 = VECTOR('',#3148,1.);
#3148 = DIRECTION('',(-5.551115123126E-17,-1.));
#3149 = ( GEOMETRIC_REPRESENTATION_CONTEXT(2) 
PARAMETRIC_REPRESENTATION_CONTEXT() REPRESENTATION_CONTEXT('2D SPACE',''
  ) );
#3150 = ORIENTED_EDGE('',*,*,#3151,.F.);
#3151 = EDGE_CURVE('',#1806,#3129,#3152,.T.);
#3152 = SURFACE_CURVE('',#3153,(#3157,#3164),.PCURVE_S1.);
#3153 = LINE('',#3154,#3155);
#3154 = CARTESIAN_POINT('',(24.800961894323,45.956526077548,4.));
#3155 = VECTOR('',#3156,1.);
#3156 = DIRECTION('',(0.,0.,1.));
#3157 = PCURVE('',#1849,#3158);
#3158 = DEFINITIONAL_REPRESENTATION('',(#3159),#3163);
#3159 = LINE('',#3160,#3161);
#3160 = CARTESIAN_POINT('',(0.,1.5));
#3161 = VECTOR('',#3162,1.);
#3162 = DIRECTION('',(1.,0.));
#3163 = ( GEOMETRIC_REPRESENTATION_CONTEXT(2) 
PARAMETRIC_REPRESENTATION_CONTEXT() REPRESENTATION_CONTEXT('2D SPACE',''
  ) );
#3164 = PCURVE('',#1821,#3165);
#3165 = DEFINITIONAL_REPRESENTATION('',(#3166),#3170);
#3166 = LINE('',#3167,#3168);
#3167 = CARTESIAN_POINT('',(7.976880928845,16.561454520458));
#3168 = VECTOR('',#3169,1.);
#3169 = DIRECTION('',(-1.,0.));
#3170 = ( GEOMETRIC_REPRESENTATION_CONTEXT(2) 
PARAMETRIC_REPRESENTATION_CONTEXT() REPRESENTATION_CONTEXT('2D SPACE',''
  ) );
#3171 = ORIENTED_EDGE('',*,*,#1833,.T.);
#3172 = ADVANCED_FACE('',(#3173),#1821,.F.);
#3173 = FACE_BOUND('',#3174,.F.);
#3174 = EDGE_LOOP('',(#3175,#3176,#3177,#3178,#3201,#3224));
#3175 = ORIENTED_EDGE('',*,*,#2528,.T.);
#3176 = ORIENTED_EDGE('',*,*,#1805,.T.);
#3177 = ORIENTED_EDGE('',*,*,#3151,.T.);
#3178 = ORIENTED_EDGE('',*,*,#3179,.T.);
#3179 = EDGE_CURVE('',#3129,#3180,#3182,.T.);
#3180 = VERTEX_POINT('',#3181);
#3181 = CARTESIAN_POINT('',(10.700961894323,21.534609690827,26.));
#3182 = SURFACE_CURVE('',#3183,(#3187,#3194),.PCURVE_S1.);
#3183 = LINE('',#3184,#3185);
#3184 = CARTESIAN_POINT('',(24.800961894323,45.956526077548,7.));
#3185 = VECTOR('',#3186,1.);
#3186 = DIRECTION('',(-0.414662840001,-0.718217106893,0.55876552908));
#3187 = PCURVE('',#1821,#3188);
#3188 = DEFINITIONAL_REPRESENTATION('',(#3189),#3193);
#3189 = LINE('',#3190,#3191);
#3190 = CARTESIAN_POINT('',(4.976880928845,16.561454520458));
#3191 = VECTOR('',#3192,1.);
#3192 = DIRECTION('',(-0.55876552908,-0.829325680003));
#3193 = ( GEOMETRIC_REPRESENTATION_CONTEXT(2) 
PARAMETRIC_REPRESENTATION_CONTEXT() REPRESENTATION_CONTEXT('2D SPACE',''
  ) );
#3194 = PCURVE('',#3063,#3195);
#3195 = DEFINITIONAL_REPRESENTATION('',(#3196),#3200);
#3196 = LINE('',#3197,#3198);
#3197 = CARTESIAN_POINT('',(1.110223024625E-16,1.5));
#3198 = VECTOR('',#3199,1.);
#3199 = DIRECTION('',(1.,5.551115123126E-17));
#3200 = ( GEOMETRIC_REPRESENTATION_CONTEXT(2) 
PARAMETRIC_REPRESENTATION_CONTEXT() REPRESENTATION_CONTEXT('2D SPACE',''
  ) );
#3201 = ORIENTED_EDGE('',*,*,#3202,.T.);
#3202 = EDGE_CURVE('',#3180,#3203,#3205,.T.);
#3203 = VERTEX_POINT('',#3204);
#3204 = CARTESIAN_POINT('',(10.700961894323,21.534609690827,21.));
#3205 = SURFACE_CURVE('',#3206,(#3210,#3217),.PCURVE_S1.);
#3206 = LINE('',#3207,#3208);
#3207 = CARTESIAN_POINT('',(10.700961894323,21.534609690827,26.));
#3208 = VECTOR('',#3209,1.);
#3209 = DIRECTION('',(0.,0.,-1.));
#3210 = PCURVE('',#1821,#3211);
#3211 = DEFINITIONAL_REPRESENTATION('',(#3212),#3216);
#3212 = LINE('',#3213,#3214);
#3213 = CARTESIAN_POINT('',(-14.02311907115,-11.63854547954));
#3214 = VECTOR('',#3215,1.);
#3215 = DIRECTION('',(1.,0.));
#3216 = ( GEOMETRIC_REPRESENTATION_CONTEXT(2) 
PARAMETRIC_REPRESENTATION_CONTEXT() REPRESENTATION_CONTEXT('2D SPACE',''
  ) );
#3217 = PCURVE('',#3091,#3218);
#3218 = DEFINITIONAL_REPRESENTATION('',(#3219),#3223);
#3219 = LINE('',#3220,#3221);
#3220 = CARTESIAN_POINT('',(0.,1.5));
#3221 = VECTOR('',#3222,1.);
#3222 = DIRECTION('',(1.,0.));
#3223 = ( GEOMETRIC_REPRESENTATION_CONTEXT(2) 
PARAMETRIC_REPRESENTATION_CONTEXT() REPRESENTATION_CONTEXT('2D SPACE',''
  ) );
#3224 = ORIENTED_EDGE('',*,*,#3225,.T.);
#3225 = EDGE_CURVE('',#3203,#2497,#3226,.T.);
#3226 = SURFACE_CURVE('',#3227,(#3231,#3238),.PCURVE_S1.);
#3227 = LINE('',#3228,#3229);
#3228 = CARTESIAN_POINT('',(10.700961894323,21.534609690827,21.));
#3229 = VECTOR('',#3230,1.);
#3230 = DIRECTION('',(8.689266695452E-02,0.15050251397,-0.984783558818)
  );
#3231 = PCURVE('',#1821,#3232);
#3232 = DEFINITIONAL_REPRESENTATION('',(#3233),#3237);
#3233 = LINE('',#3234,#3235);
#3234 = CARTESIAN_POINT('',(-9.023119071155,-11.63854547954));
#3235 = VECTOR('',#3236,1.);
#3236 = DIRECTION('',(0.984783558818,0.173785333909));
#3237 = ( GEOMETRIC_REPRESENTATION_CONTEXT(2) 
PARAMETRIC_REPRESENTATION_CONTEXT() REPRESENTATION_CONTEXT('2D SPACE',''
  ) );
#3238 = PCURVE('',#2516,#3239);
#3239 = DEFINITIONAL_REPRESENTATION('',(#3240),#3244);
#3240 = LINE('',#3241,#3242);
#3241 = CARTESIAN_POINT('',(-1.387778780781E-17,1.5));
#3242 = VECTOR('',#3243,1.);
#3243 = DIRECTION('',(1.,0.));
#3244 = ( GEOMETRIC_REPRESENTATION_CONTEXT(2) 
PARAMETRIC_REPRESENTATION_CONTEXT() REPRESENTATION_CONTEXT('2D SPACE',''
  ) );
#3245 = ADVANCED_FACE('',(#3246),#1769,.T.);
#3246 = FACE_BOUND('',#3247,.T.);
#3247 = EDGE_LOOP('',(#3248,#3249,#3250,#3273,#3301,#3329));
#3248 = ORIENTED_EDGE('',*,*,#2555,.T.);
#3249 = ORIENTED_EDGE('',*,*,#1753,.T.);
#3250 = ORIENTED_EDGE('',*,*,#3251,.T.);
#3251 = EDGE_CURVE('',#1726,#3252,#3254,.T.);
#3252 = VERTEX_POINT('',#3253);
#3253 = CARTESIAN_POINT('',(-24.80096189432,45.956526077548,7.));
#3254 = SURFACE_CURVE('',#3255,(#3259,#3266),.PCURVE_S1.);
#3255 = LINE('',#3256,#3257);
#3256 = CARTESIAN_POINT('',(-24.80096189432,45.956526077548,4.));
#3257 = VECTOR('',#3258,1.);
#3258 = DIRECTION('',(0.,0.,1.));
#3259 = PCURVE('',#1769,#3260);
#3260 = DEFINITIONAL_REPRESENTATION('',(#3261),#3265);
#3261 = LINE('',#3262,#3263);
#3262 = CARTESIAN_POINT('',(7.976880928845,16.561454520458));
#3263 = VECTOR('',#3264,1.);
#3264 = DIRECTION('',(-1.,0.));
#3265 = ( GEOMETRIC_REPRESENTATION_CONTEXT(2) 
PARAMETRIC_REPRESENTATION_CONTEXT() REPRESENTATION_CONTEXT('2D SPACE',''
  ) );
#3266 = PCURVE('',#1741,#3267);
#3267 = DEFINITIONAL_REPRESENTATION('',(#3268),#3272);
#3268 = LINE('',#3269,#3270);
#3269 = CARTESIAN_POINT('',(0.,-1.5));
#3270 = VECTOR('',#3271,1.);
#3271 = DIRECTION('',(1.,0.));
#3272 = ( GEOMETRIC_REPRESENTATION_CONTEXT(2) 
PARAMETRIC_REPRESENTATION_CONTEXT() REPRESENTATION_CONTEXT('2D SPACE',''
  ) );
#3273 = ORIENTED_EDGE('',*,*,#3274,.T.);
#3274 = EDGE_CURVE('',#3252,#3275,#3277,.T.);
#3275 = VERTEX_POINT('',#3276);
#3276 = CARTESIAN_POINT('',(-10.70096189432,21.534609690827,26.));
#3277 = SURFACE_CURVE('',#3278,(#3282,#3289),.PCURVE_S1.);
#3278 = LINE('',#3279,#3280);
#3279 = CARTESIAN_POINT('',(-24.80096189432,45.956526077548,7.));
#3280 = VECTOR('',#3281,1.);
#3281 = DIRECTION('',(0.414662840001,-0.718217106893,0.55876552908));
#3282 = PCURVE('',#1769,#3283);
#3283 = DEFINITIONAL_REPRESENTATION('',(#3284),#3288);
#3284 = LINE('',#3285,#3286);
#3285 = CARTESIAN_POINT('',(4.976880928845,16.561454520458));
#3286 = VECTOR('',#3287,1.);
#3287 = DIRECTION('',(-0.55876552908,-0.829325680003));
#3288 = ( GEOMETRIC_REPRESENTATION_CONTEXT(2) 
PARAMETRIC_REPRESENTATION_CONTEXT() REPRESENTATION_CONTEXT('2D SPACE',''
  ) );
#3289 = PCURVE('',#3290,#3295);
#3290 = PLANE('',#3291);
#3291 = AXIS2_PLACEMENT_3D('',#3292,#3293,#3294);
#3292 = CARTESIAN_POINT('',(-26.1,45.206526077548,7.));
#3293 = DIRECTION('',(0.27938276454,-0.483905142942,-0.829325680003));
#3294 = DIRECTION('',(0.414662840001,-0.718217106893,0.55876552908));
#3295 = DEFINITIONAL_REPRESENTATION('',(#3296),#3300);
#3296 = LINE('',#3297,#3298);
#3297 = CARTESIAN_POINT('',(-3.330669073875E-16,-1.5));
#3298 = VECTOR('',#3299,1.);
#3299 = DIRECTION('',(1.,0.));
#3300 = ( GEOMETRIC_REPRESENTATION_CONTEXT(2) 
PARAMETRIC_REPRESENTATION_CONTEXT() REPRESENTATION_CONTEXT('2D SPACE',''
  ) );
#3301 = ORIENTED_EDGE('',*,*,#3302,.T.);
#3302 = EDGE_CURVE('',#3275,#3303,#3305,.T.);
#3303 = VERTEX_POINT('',#3304);
#3304 = CARTESIAN_POINT('',(-10.70096189432,21.534609690827,21.));
#3305 = SURFACE_CURVE('',#3306,(#3310,#3317),.PCURVE_S1.);
#3306 = LINE('',#3307,#3308);
#3307 = CARTESIAN_POINT('',(-10.70096189432,21.534609690827,26.));
#3308 = VECTOR('',#3309,1.);
#3309 = DIRECTION('',(-0.,0.,-1.));
#3310 = PCURVE('',#1769,#3311);
#3311 = DEFINITIONAL_REPRESENTATION('',(#3312),#3316);
#3312 = LINE('',#3313,#3314);
#3313 = CARTESIAN_POINT('',(-14.02311907115,-11.63854547954));
#3314 = VECTOR('',#3315,1.);
#3315 = DIRECTION('',(1.,0.));
#3316 = ( GEOMETRIC_REPRESENTATION_CONTEXT(2) 
PARAMETRIC_REPRESENTATION_CONTEXT() REPRESENTATION_CONTEXT('2D SPACE',''
  ) );
#3317 = PCURVE('',#3318,#3323);
#3318 = PLANE('',#3319);
#3319 = AXIS2_PLACEMENT_3D('',#3320,#3321,#3322);
#3320 = CARTESIAN_POINT('',(-12.,20.784609690827,26.));
#3321 = DIRECTION('',(-0.5,0.866025403784,0.));
#3322 = DIRECTION('',(-0.,0.,-1.));
#3323 = DEFINITIONAL_REPRESENTATION('',(#3324),#3328);
#3324 = LINE('',#3325,#3326);
#3325 = CARTESIAN_POINT('',(0.,-1.5));
#3326 = VECTOR('',#3327,1.);
#3327 = DIRECTION('',(1.,-0.));
#3328 = ( GEOMETRIC_REPRESENTATION_CONTEXT(2) 
PARAMETRIC_REPRESENTATION_CONTEXT() REPRESENTATION_CONTEXT('2D SPACE',''
  ) );
#3329 = ORIENTED_EDGE('',*,*,#3330,.T.);
#3330 = EDGE_CURVE('',#3303,#2556,#3331,.T.);
#3331 = SURFACE_CURVE('',#3332,(#3336,#3343),.PCURVE_S1.);
#3332 = LINE('',#3333,#3334);
#3333 = CARTESIAN_POINT('',(-10.70096189432,21.534609690827,21.));
#3334 = VECTOR('',#3335,1.);
#3335 = DIRECTION('',(-8.689266695452E-02,0.15050251397,-0.984783558818)
  );
#3336 = PCURVE('',#1769,#3337);
#3337 = DEFINITIONAL_REPRESENTATION('',(#3338),#3342);
#3338 = LINE('',#3339,#3340);
#3339 = CARTESIAN_POINT('',(-9.023119071155,-11.63854547954));
#3340 = VECTOR('',#3341,1.);
#3341 = DIRECTION('',(0.984783558818,0.173785333909));
#3342 = ( GEOMETRIC_REPRESENTATION_CONTEXT(2) 
PARAMETRIC_REPRESENTATION_CONTEXT() REPRESENTATION_CONTEXT('2D SPACE',''
  ) );
#3343 = PCURVE('',#2603,#3344);
#3344 = DEFINITIONAL_REPRESENTATION('',(#3345),#3349);
#3345 = LINE('',#3346,#3347);
#3346 = CARTESIAN_POINT('',(5.551115123126E-17,-1.5));
#3347 = VECTOR('',#3348,1.);
#3348 = DIRECTION('',(1.,0.));
#3349 = ( GEOMETRIC_REPRESENTATION_CONTEXT(2) 
PARAMETRIC_REPRESENTATION_CONTEXT() REPRESENTATION_CONTEXT('2D SPACE',''
  ) );
#3350 = ADVANCED_FACE('',(#3351),#1741,.F.);
#3351 = FACE_BOUND('',#3352,.F.);
#3352 = EDGE_LOOP('',(#3353,#3354,#3377,#3398));
#3353 = ORIENTED_EDGE('',*,*,#3251,.T.);
#3354 = ORIENTED_EDGE('',*,*,#3355,.F.);
#3355 = EDGE_CURVE('',#3356,#3252,#3358,.T.);
#3356 = VERTEX_POINT('',#3357);
#3357 = CARTESIAN_POINT('',(-27.39903810567,44.456526077548,7.));
#3358 = SURFACE_CURVE('',#3359,(#3363,#3370),.PCURVE_S1.);
#3359 = LINE('',#3360,#3361);
#3360 = CARTESIAN_POINT('',(-27.39903810567,44.456526077548,7.));
#3361 = VECTOR('',#3362,1.);
#3362 = DIRECTION('',(0.866025403784,0.5,0.));
#3363 = PCURVE('',#1741,#3364);
#3364 = DEFINITIONAL_REPRESENTATION('',(#3365),#3369);
#3365 = LINE('',#3366,#3367);
#3366 = CARTESIAN_POINT('',(3.,1.5));
#3367 = VECTOR('',#3368,1.);
#3368 = DIRECTION('',(0.,-1.));
#3369 = ( GEOMETRIC_REPRESENTATION_CONTEXT(2) 
PARAMETRIC_REPRESENTATION_CONTEXT() REPRESENTATION_CONTEXT('2D SPACE',''
  ) );
#3370 = PCURVE('',#3290,#3371);
#3371 = DEFINITIONAL_REPRESENTATION('',(#3372),#3376);
#3372 = LINE('',#3373,#3374);
#3373 = CARTESIAN_POINT('',(3.330669073875E-16,1.5));
#3374 = VECTOR('',#3375,1.);
#3375 = DIRECTION('',(1.286189494815E-17,-1.));
#3376 = ( GEOMETRIC_REPRESENTATION_CONTEXT(2) 
PARAMETRIC_REPRESENTATION_CONTEXT() REPRESENTATION_CONTEXT('2D SPACE',''
  ) );
#3377 = ORIENTED_EDGE('',*,*,#3378,.F.);
#3378 = EDGE_CURVE('',#1698,#3356,#3379,.T.);
#3379 = SURFACE_CURVE('',#3380,(#3384,#3391),.PCURVE_S1.);
#3380 = LINE('',#3381,#3382);
#3381 = CARTESIAN_POINT('',(-27.39903810567,44.456526077548,4.));
#3382 = VECTOR('',#3383,1.);
#3383 = DIRECTION('',(0.,0.,1.));
#3384 = PCURVE('',#1741,#3385);
#3385 = DEFINITIONAL_REPRESENTATION('',(#3386),#3390);
#3386 = LINE('',#3387,#3388);
#3387 = CARTESIAN_POINT('',(0.,1.5));
#3388 = VECTOR('',#3389,1.);
#3389 = DIRECTION('',(1.,0.));
#3390 = ( GEOMETRIC_REPRESENTATION_CONTEXT(2) 
PARAMETRIC_REPRESENTATION_CONTEXT() REPRESENTATION_CONTEXT('2D SPACE',''
  ) );
#3391 = PCURVE('',#1713,#3392);
#3392 = DEFINITIONAL_REPRESENTATION('',(#3393),#3397);
#3393 = LINE('',#3394,#3395);
#3394 = CARTESIAN_POINT('',(7.976880928845,16.561454520458));
#3395 = VECTOR('',#3396,1.);
#3396 = DIRECTION('',(-1.,0.));
#3397 = ( GEOMETRIC_REPRESENTATION_CONTEXT(2) 
PARAMETRIC_REPRESENTATION_CONTEXT() REPRESENTATION_CONTEXT('2D SPACE',''
  ) );
#3398 = ORIENTED_EDGE('',*,*,#1725,.T.);
#3399 = ADVANCED_FACE('',(#3400),#1713,.F.);
#3400 = FACE_BOUND('',#3401,.F.);
#3401 = EDGE_LOOP('',(#3402,#3403,#3404,#3405,#3428,#3451));
#3402 = ORIENTED_EDGE('',*,*,#2615,.T.);
#3403 = ORIENTED_EDGE('',*,*,#1697,.T.);
#3404 = ORIENTED_EDGE('',*,*,#3378,.T.);
#3405 = ORIENTED_EDGE('',*,*,#3406,.T.);
#3406 = EDGE_CURVE('',#3356,#3407,#3409,.T.);
#3407 = VERTEX_POINT('',#3408);
#3408 = CARTESIAN_POINT('',(-13.29903810567,20.034609690827,26.));
#3409 = SURFACE_CURVE('',#3410,(#3414,#3421),.PCURVE_S1.);
#3410 = LINE('',#3411,#3412);
#3411 = CARTESIAN_POINT('',(-27.39903810567,44.456526077548,7.));
#3412 = VECTOR('',#3413,1.);
#3413 = DIRECTION('',(0.414662840001,-0.718217106893,0.55876552908));
#3414 = PCURVE('',#1713,#3415);
#3415 = DEFINITIONAL_REPRESENTATION('',(#3416),#3420);
#3416 = LINE('',#3417,#3418);
#3417 = CARTESIAN_POINT('',(4.976880928845,16.561454520458));
#3418 = VECTOR('',#3419,1.);
#3419 = DIRECTION('',(-0.55876552908,-0.829325680003));
#3420 = ( GEOMETRIC_REPRESENTATION_CONTEXT(2) 
PARAMETRIC_REPRESENTATION_CONTEXT() REPRESENTATION_CONTEXT('2D SPACE',''
  ) );
#3421 = PCURVE('',#3290,#3422);
#3422 = DEFINITIONAL_REPRESENTATION('',(#3423),#3427);
#3423 = LINE('',#3424,#3425);
#3424 = CARTESIAN_POINT('',(3.330669073875E-16,1.5));
#3425 = VECTOR('',#3426,1.);
#3426 = DIRECTION('',(1.,0.));
#3427 = ( GEOMETRIC_REPRESENTATION_CONTEXT(2) 
PARAMETRIC_REPRESENTATION_CONTEXT() REPRESENTATION_CONTEXT('2D SPACE',''
  ) );
#3428 = ORIENTED_EDGE('',*,*,#3429,.T.);
#3429 = EDGE_CURVE('',#3407,#3430,#3432,.T.);
#3430 = VERTEX_POINT('',#3431);
#3431 = CARTESIAN_POINT('',(-13.29903810567,20.034609690827,21.));
#3432 = SURFACE_CURVE('',#3433,(#3437,#3444),.PCURVE_S1.);
#3433 = LINE('',#3434,#3435);
#3434 = CARTESIAN_POINT('',(-13.29903810567,20.034609690827,26.));
#3435 = VECTOR('',#3436,1.);
#3436 = DIRECTION('',(-0.,0.,-1.));
#3437 = PCURVE('',#1713,#3438);
#3438 = DEFINITIONAL_REPRESENTATION('',(#3439),#3443);
#3439 = LINE('',#3440,#3441);
#3440 = CARTESIAN_POINT('',(-14.02311907115,-11.63854547954));
#3441 = VECTOR('',#3442,1.);
#3442 = DIRECTION('',(1.,0.));
#3443 = ( GEOMETRIC_REPRESENTATION_CONTEXT(2) 
PARAMETRIC_REPRESENTATION_CONTEXT() REPRESENTATION_CONTEXT('2D SPACE',''
  ) );
#3444 = PCURVE('',#3318,#3445);
#3445 = DEFINITIONAL_REPRESENTATION('',(#3446),#3450);
#3446 = LINE('',#3447,#3448);
#3447 = CARTESIAN_POINT('',(0.,1.5));
#3448 = VECTOR('',#3449,1.);
#3449 = DIRECTION('',(1.,-0.));
#3450 = ( GEOMETRIC_REPRESENTATION_CONTEXT(2) 
PARAMETRIC_REPRESENTATION_CONTEXT() REPRESENTATION_CONTEXT('2D SPACE',''
  ) );
#3451 = ORIENTED_EDGE('',*,*,#3452,.T.);
#3452 = EDGE_CURVE('',#3430,#2584,#3453,.T.);
#3453 = SURFACE_CURVE('',#3454,(#3458,#3465),.PCURVE_S1.);
#3454 = LINE('',#3455,#3456);
#3455 = CARTESIAN_POINT('',(-13.29903810567,20.034609690827,21.));
#3456 = VECTOR('',#3457,1.);
#3457 = DIRECTION('',(-8.689266695452E-02,0.15050251397,-0.984783558818)
  );
#3458 = PCURVE('',#1713,#3459);
#3459 = DEFINITIONAL_REPRESENTATION('',(#3460),#3464);
#3460 = LINE('',#3461,#3462);
#3461 = CARTESIAN_POINT('',(-9.023119071155,-11.63854547954));
#3462 = VECTOR('',#3463,1.);
#3463 = DIRECTION('',(0.984783558818,0.173785333909));
#3464 = ( GEOMETRIC_REPRESENTATION_CONTEXT(2) 
PARAMETRIC_REPRESENTATION_CONTEXT() REPRESENTATION_CONTEXT('2D SPACE',''
  ) );
#3465 = PCURVE('',#2603,#3466);
#3466 = DEFINITIONAL_REPRESENTATION('',(#3467),#3471);
#3467 = LINE('',#3468,#3469);
#3468 = CARTESIAN_POINT('',(-5.551115123126E-17,1.5));
#3469 = VECTOR('',#3470,1.);
#3470 = DIRECTION('',(1.,0.));
#3471 = ( GEOMETRIC_REPRESENTATION_CONTEXT(2) 
PARAMETRIC_REPRESENTATION_CONTEXT() REPRESENTATION_CONTEXT('2D SPACE',''
  ) );
#3472 = ADVANCED_FACE('',(#3473),#1661,.T.);
#3473 = FACE_BOUND('',#3474,.T.);
#3474 = EDGE_LOOP('',(#3475,#3476,#3477,#3500,#3528,#3556));
#3475 = ORIENTED_EDGE('',*,*,#2642,.T.);
#3476 = ORIENTED_EDGE('',*,*,#1645,.T.);
#3477 = ORIENTED_EDGE('',*,*,#3478,.T.);
#3478 = EDGE_CURVE('',#1618,#3479,#3481,.T.);
#3479 = VERTEX_POINT('',#3480);
#3480 = CARTESIAN_POINT('',(-52.2,1.5,7.));
#3481 = SURFACE_CURVE('',#3482,(#3486,#3493),.PCURVE_S1.);
#3482 = LINE('',#3483,#3484);
#3483 = CARTESIAN_POINT('',(-52.2,1.5,4.));
#3484 = VECTOR('',#3485,1.);
#3485 = DIRECTION('',(0.,0.,1.));
#3486 = PCURVE('',#1661,#3487);
#3487 = DEFINITIONAL_REPRESENTATION('',(#3488),#3492);
#3488 = LINE('',#3489,#3490);
#3489 = CARTESIAN_POINT('',(7.976880928845,16.561454520458));
#3490 = VECTOR('',#3491,1.);
#3491 = DIRECTION('',(-1.,0.));
#3492 = ( GEOMETRIC_REPRESENTATION_CONTEXT(2) 
PARAMETRIC_REPRESENTATION_CONTEXT() REPRESENTATION_CONTEXT('2D SPACE',''
  ) );
#3493 = PCURVE('',#1633,#3494);
#3494 = DEFINITIONAL_REPRESENTATION('',(#3495),#3499);
#3495 = LINE('',#3496,#3497);
#3496 = CARTESIAN_POINT('',(0.,-1.5));
#3497 = VECTOR('',#3498,1.);
#3498 = DIRECTION('',(1.,0.));
#3499 = ( GEOMETRIC_REPRESENTATION_CONTEXT(2) 
PARAMETRIC_REPRESENTATION_CONTEXT() REPRESENTATION_CONTEXT('2D SPACE',''
  ) );
#3500 = ORIENTED_EDGE('',*,*,#3501,.T.);
#3501 = EDGE_CURVE('',#3479,#3502,#3504,.T.);
#3502 = VERTEX_POINT('',#3503);
#3503 = CARTESIAN_POINT('',(-24.,1.5,26.));
#3504 = SURFACE_CURVE('',#3505,(#3509,#3516),.PCURVE_S1.);
#3505 = LINE('',#3506,#3507);
#3506 = CARTESIAN_POINT('',(-52.2,1.5,7.));
#3507 = VECTOR('',#3508,1.);
#3508 = DIRECTION('',(0.829325680003,-1.015631039466E-16,0.55876552908)
  );
#3509 = PCURVE('',#1661,#3510);
#3510 = DEFINITIONAL_REPRESENTATION('',(#3511),#3515);
#3511 = LINE('',#3512,#3513);
#3512 = CARTESIAN_POINT('',(4.976880928845,16.561454520458));
#3513 = VECTOR('',#3514,1.);
#3514 = DIRECTION('',(-0.55876552908,-0.829325680003));
#3515 = ( GEOMETRIC_REPRESENTATION_CONTEXT(2) 
PARAMETRIC_REPRESENTATION_CONTEXT() REPRESENTATION_CONTEXT('2D SPACE',''
  ) );
#3516 = PCURVE('',#3517,#3522);
#3517 = PLANE('',#3518);
#3518 = AXIS2_PLACEMENT_3D('',#3519,#3520,#3521);
#3519 = CARTESIAN_POINT('',(-52.2,6.392656291549E-15,7.));
#3520 = DIRECTION('',(0.55876552908,-6.842904166616E-17,-0.829325680003)
  );
#3521 = DIRECTION('',(0.829325680003,-1.015631039466E-16,0.55876552908)
  );
#3522 = DEFINITIONAL_REPRESENTATION('',(#3523),#3527);
#3523 = LINE('',#3524,#3525);
#3524 = CARTESIAN_POINT('',(-1.523446559199E-16,-1.5));
#3525 = VECTOR('',#3526,1.);
#3526 = DIRECTION('',(1.,0.));
#3527 = ( GEOMETRIC_REPRESENTATION_CONTEXT(2) 
PARAMETRIC_REPRESENTATION_CONTEXT() REPRESENTATION_CONTEXT('2D SPACE',''
  ) );
#3528 = ORIENTED_EDGE('',*,*,#3529,.T.);
#3529 = EDGE_CURVE('',#3502,#3530,#3532,.T.);
#3530 = VERTEX_POINT('',#3531);
#3531 = CARTESIAN_POINT('',(-24.,1.5,21.));
#3532 = SURFACE_CURVE('',#3533,(#3537,#3544),.PCURVE_S1.);
#3533 = LINE('',#3534,#3535);
#3534 = CARTESIAN_POINT('',(-24.,1.5,26.));
#3535 = VECTOR('',#3536,1.);
#3536 = DIRECTION('',(-0.,0.,-1.));
#3537 = PCURVE('',#1661,#3538);
#3538 = DEFINITIONAL_REPRESENTATION('',(#3539),#3543);
#3539 = LINE('',#3540,#3541);
#3540 = CARTESIAN_POINT('',(-14.02311907115,-11.63854547954));
#3541 = VECTOR('',#3542,1.);
#3542 = DIRECTION('',(1.,0.));
#3543 = ( GEOMETRIC_REPRESENTATION_CONTEXT(2) 
PARAMETRIC_REPRESENTATION_CONTEXT() REPRESENTATION_CONTEXT('2D SPACE',''
  ) );
#3544 = PCURVE('',#3545,#3550);
#3545 = PLANE('',#3546);
#3546 = AXIS2_PLACEMENT_3D('',#3547,#3548,#3549);
#3547 = CARTESIAN_POINT('',(-24.,2.939152317954E-15,26.));
#3548 = DIRECTION('',(-1.,1.224646799147E-16,0.));
#3549 = DIRECTION('',(-0.,0.,-1.));
#3550 = DEFINITIONAL_REPRESENTATION('',(#3551),#3555);
#3551 = LINE('',#3552,#3553);
#3552 = CARTESIAN_POINT('',(0.,-1.5));
#3553 = VECTOR('',#3554,1.);
#3554 = DIRECTION('',(1.,-0.));
#3555 = ( GEOMETRIC_REPRESENTATION_CONTEXT(2) 
PARAMETRIC_REPRESENTATION_CONTEXT() REPRESENTATION_CONTEXT('2D SPACE',''
  ) );
#3556 = ORIENTED_EDGE('',*,*,#3557,.T.);
#3557 = EDGE_CURVE('',#3530,#2643,#3558,.T.);
#3558 = SURFACE_CURVE('',#3559,(#3563,#3570),.PCURVE_S1.);
#3559 = LINE('',#3560,#3561);
#3560 = CARTESIAN_POINT('',(-24.,1.5,21.));
#3561 = VECTOR('',#3562,1.);
#3562 = DIRECTION('',(-0.173785333909,2.128256529105E-17,-0.984783558818
    ));
#3563 = PCURVE('',#1661,#3564);
#3564 = DEFINITIONAL_REPRESENTATION('',(#3565),#3569);
#3565 = LINE('',#3566,#3567);
#3566 = CARTESIAN_POINT('',(-9.023119071155,-11.63854547954));
#3567 = VECTOR('',#3568,1.);
#3568 = DIRECTION('',(0.984783558818,0.173785333909));
#3569 = ( GEOMETRIC_REPRESENTATION_CONTEXT(2) 
PARAMETRIC_REPRESENTATION_CONTEXT() REPRESENTATION_CONTEXT('2D SPACE',''
  ) );
#3570 = PCURVE('',#2690,#3571);
#3571 = DEFINITIONAL_REPRESENTATION('',(#3572),#3576);
#3572 = LINE('',#3573,#3574);
#3573 = CARTESIAN_POINT('',(3.192384793657E-17,-1.5));
#3574 = VECTOR('',#3575,1.);
#3575 = DIRECTION('',(1.,0.));
#3576 = ( GEOMETRIC_REPRESENTATION_CONTEXT(2) 
PARAMETRIC_REPRESENTATION_CONTEXT() REPRESENTATION_CONTEXT('2D SPACE',''
  ) );
#3577 = ADVANCED_FACE('',(#3578),#1633,.F.);
#3578 = FACE_BOUND('',#3579,.F.);
#3579 = EDGE_LOOP('',(#3580,#3581,#3604,#3625));
#3580 = ORIENTED_EDGE('',*,*,#3478,.T.);
#3581 = ORIENTED_EDGE('',*,*,#3582,.F.);
#3582 = EDGE_CURVE('',#3583,#3479,#3585,.T.);
#3583 = VERTEX_POINT('',#3584);
#3584 = CARTESIAN_POINT('',(-52.2,-1.5,7.));
#3585 = SURFACE_CURVE('',#3586,(#3590,#3597),.PCURVE_S1.);
#3586 = LINE('',#3587,#3588);
#3587 = CARTESIAN_POINT('',(-52.2,-1.5,7.));
#3588 = VECTOR('',#3589,1.);
#3589 = DIRECTION('',(1.224646799147E-16,1.,0.));
#3590 = PCURVE('',#1633,#3591);
#3591 = DEFINITIONAL_REPRESENTATION('',(#3592),#3596);
#3592 = LINE('',#3593,#3594);
#3593 = CARTESIAN_POINT('',(3.,1.5));
#3594 = VECTOR('',#3595,1.);
#3595 = DIRECTION('',(0.,-1.));
#3596 = ( GEOMETRIC_REPRESENTATION_CONTEXT(2) 
PARAMETRIC_REPRESENTATION_CONTEXT() REPRESENTATION_CONTEXT('2D SPACE',''
  ) );
#3597 = PCURVE('',#3517,#3598);
#3598 = DEFINITIONAL_REPRESENTATION('',(#3599),#3603);
#3599 = LINE('',#3600,#3601);
#3600 = CARTESIAN_POINT('',(1.523446559199E-16,1.5));
#3601 = VECTOR('',#3602,1.);
#3602 = DIRECTION('',(0.,-1.));
#3603 = ( GEOMETRIC_REPRESENTATION_CONTEXT(2) 
PARAMETRIC_REPRESENTATION_CONTEXT() REPRESENTATION_CONTEXT('2D SPACE',''
  ) );
#3604 = ORIENTED_EDGE('',*,*,#3605,.F.);
#3605 = EDGE_CURVE('',#1590,#3583,#3606,.T.);
#3606 = SURFACE_CURVE('',#3607,(#3611,#3618),.PCURVE_S1.);
#3607 = LINE('',#3608,#3609);
#3608 = CARTESIAN_POINT('',(-52.2,-1.5,4.));
#3609 = VECTOR('',#3610,1.);
#3610 = DIRECTION('',(0.,0.,1.));
#3611 = PCURVE('',#1633,#3612);
#3612 = DEFINITIONAL_REPRESENTATION('',(#3613),#3617);
#3613 = LINE('',#3614,#3615);
#3614 = CARTESIAN_POINT('',(0.,1.5));
#3615 = VECTOR('',#3616,1.);
#3616 = DIRECTION('',(1.,0.));
#3617 = ( GEOMETRIC_REPRESENTATION_CONTEXT(2) 
PARAMETRIC_REPRESENTATION_CONTEXT() REPRESENTATION_CONTEXT('2D SPACE',''
  ) );
#3618 = PCURVE('',#1605,#3619);
#3619 = DEFINITIONAL_REPRESENTATION('',(#3620),#3624);
#3620 = LINE('',#3621,#3622);
#3621 = CARTESIAN_POINT('',(7.976880928845,16.561454520458));
#3622 = VECTOR('',#3623,1.);
#3623 = DIRECTION('',(-1.,0.));
#3624 = ( GEOMETRIC_REPRESENTATION_CONTEXT(2) 
PARAMETRIC_REPRESENTATION_CONTEXT() REPRESENTATION_CONTEXT('2D SPACE',''
  ) );
#3625 = ORIENTED_EDGE('',*,*,#1617,.T.);
#3626 = ADVANCED_FACE('',(#3627),#1605,.F.);
#3627 = FACE_BOUND('',#3628,.F.);
#3628 = EDGE_LOOP('',(#3629,#3630,#3631,#3632,#3655,#3678));
#3629 = ORIENTED_EDGE('',*,*,#2702,.T.);
#3630 = ORIENTED_EDGE('',*,*,#1589,.T.);
#3631 = ORIENTED_EDGE('',*,*,#3605,.T.);
#3632 = ORIENTED_EDGE('',*,*,#3633,.T.);
#3633 = EDGE_CURVE('',#3583,#3634,#3636,.T.);
#3634 = VERTEX_POINT('',#3635);
#3635 = CARTESIAN_POINT('',(-24.,-1.5,26.));
#3636 = SURFACE_CURVE('',#3637,(#3641,#3648),.PCURVE_S1.);
#3637 = LINE('',#3638,#3639);
#3638 = CARTESIAN_POINT('',(-52.2,-1.5,7.));
#3639 = VECTOR('',#3640,1.);
#3640 = DIRECTION('',(0.829325680003,-1.015631039466E-16,0.55876552908)
  );
#3641 = PCURVE('',#1605,#3642);
#3642 = DEFINITIONAL_REPRESENTATION('',(#3643),#3647);
#3643 = LINE('',#3644,#3645);
#3644 = CARTESIAN_POINT('',(4.976880928845,16.561454520458));
#3645 = VECTOR('',#3646,1.);
#3646 = DIRECTION('',(-0.55876552908,-0.829325680003));
#3647 = ( GEOMETRIC_REPRESENTATION_CONTEXT(2) 
PARAMETRIC_REPRESENTATION_CONTEXT() REPRESENTATION_CONTEXT('2D SPACE',''
  ) );
#3648 = PCURVE('',#3517,#3649);
#3649 = DEFINITIONAL_REPRESENTATION('',(#3650),#3654);
#3650 = LINE('',#3651,#3652);
#3651 = CARTESIAN_POINT('',(1.523446559199E-16,1.5));
#3652 = VECTOR('',#3653,1.);
#3653 = DIRECTION('',(1.,0.));
#3654 = ( GEOMETRIC_REPRESENTATION_CONTEXT(2) 
PARAMETRIC_REPRESENTATION_CONTEXT() REPRESENTATION_CONTEXT('2D SPACE',''
  ) );
#3655 = ORIENTED_EDGE('',*,*,#3656,.T.);
#3656 = EDGE_CURVE('',#3634,#3657,#3659,.T.);
#3657 = VERTEX_POINT('',#3658);
#3658 = CARTESIAN_POINT('',(-24.,-1.5,21.));
#3659 = SURFACE_CURVE('',#3660,(#3664,#3671),.PCURVE_S1.);
#3660 = LINE('',#3661,#3662);
#3661 = CARTESIAN_POINT('',(-24.,-1.5,26.));
#3662 = VECTOR('',#3663,1.);
#3663 = DIRECTION('',(-0.,0.,-1.));
#3664 = PCURVE('',#1605,#3665);
#3665 = DEFINITIONAL_REPRESENTATION('',(#3666),#3670);
#3666 = LINE('',#3667,#3668);
#3667 = CARTESIAN_POINT('',(-14.02311907115,-11.63854547954));
#3668 = VECTOR('',#3669,1.);
#3669 = DIRECTION('',(1.,0.));
#3670 = ( GEOMETRIC_REPRESENTATION_CONTEXT(2) 
PARAMETRIC_REPRESENTATION_CONTEXT() REPRESENTATION_CONTEXT('2D SPACE',''
  ) );
#3671 = PCURVE('',#3545,#3672);
#3672 = DEFINITIONAL_REPRESENTATION('',(#3673),#3677);
#3673 = LINE('',#3674,#3675);
#3674 = CARTESIAN_POINT('',(-0.,1.5));
#3675 = VECTOR('',#3676,1.);
#3676 = DIRECTION('',(1.,-0.));
#3677 = ( GEOMETRIC_REPRESENTATION_CONTEXT(2) 
PARAMETRIC_REPRESENTATION_CONTEXT() REPRESENTATION_CONTEXT('2D SPACE',''
  ) );
#3678 = ORIENTED_EDGE('',*,*,#3679,.T.);
#3679 = EDGE_CURVE('',#3657,#2671,#3680,.T.);
#3680 = SURFACE_CURVE('',#3681,(#3685,#3692),.PCURVE_S1.);
#3681 = LINE('',#3682,#3683);
#3682 = CARTESIAN_POINT('',(-24.,-1.5,21.));
#3683 = VECTOR('',#3684,1.);
#3684 = DIRECTION('',(-0.173785333909,2.128256529105E-17,-0.984783558818
    ));
#3685 = PCURVE('',#1605,#3686);
#3686 = DEFINITIONAL_REPRESENTATION('',(#3687),#3691);
#3687 = LINE('',#3688,#3689);
#3688 = CARTESIAN_POINT('',(-9.023119071155,-11.63854547954));
#3689 = VECTOR('',#3690,1.);
#3690 = DIRECTION('',(0.984783558818,0.173785333909));
#3691 = ( GEOMETRIC_REPRESENTATION_CONTEXT(2) 
PARAMETRIC_REPRESENTATION_CONTEXT() REPRESENTATION_CONTEXT('2D SPACE',''
  ) );
#3692 = PCURVE('',#2690,#3693);
#3693 = DEFINITIONAL_REPRESENTATION('',(#3694),#3698);
#3694 = LINE('',#3695,#3696);
#3695 = CARTESIAN_POINT('',(-3.192384793657E-17,1.5));
#3696 = VECTOR('',#3697,1.);
#3697 = DIRECTION('',(1.,0.));
#3698 = ( GEOMETRIC_REPRESENTATION_CONTEXT(2) 
PARAMETRIC_REPRESENTATION_CONTEXT() REPRESENTATION_CONTEXT('2D SPACE',''
  ) );
#3699 = ADVANCED_FACE('',(#3700),#1553,.T.);
#3700 = FACE_BOUND('',#3701,.T.);
#3701 = EDGE_LOOP('',(#3702,#3703,#3704,#3727,#3755,#3783));
#3702 = ORIENTED_EDGE('',*,*,#2729,.T.);
#3703 = ORIENTED_EDGE('',*,*,#1537,.T.);
#3704 = ORIENTED_EDGE('',*,*,#3705,.T.);
#3705 = EDGE_CURVE('',#1510,#3706,#3708,.T.);
#3706 = VERTEX_POINT('',#3707);
#3707 = CARTESIAN_POINT('',(-27.39903810567,-44.45652607754,7.));
#3708 = SURFACE_CURVE('',#3709,(#3713,#3720),.PCURVE_S1.);
#3709 = LINE('',#3710,#3711);
#3710 = CARTESIAN_POINT('',(-27.39903810567,-44.45652607754,4.));
#3711 = VECTOR('',#3712,1.);
#3712 = DIRECTION('',(0.,0.,1.));
#3713 = PCURVE('',#1553,#3714);
#3714 = DEFINITIONAL_REPRESENTATION('',(#3715),#3719);
#3715 = LINE('',#3716,#3717);
#3716 = CARTESIAN_POINT('',(7.976880928845,16.561454520458));
#3717 = VECTOR('',#3718,1.);
#3718 = DIRECTION('',(-1.,0.));
#3719 = ( GEOMETRIC_REPRESENTATION_CONTEXT(2) 
PARAMETRIC_REPRESENTATION_CONTEXT() REPRESENTATION_CONTEXT('2D SPACE',''
  ) );
#3720 = PCURVE('',#1525,#3721);
#3721 = DEFINITIONAL_REPRESENTATION('',(#3722),#3726);
#3722 = LINE('',#3723,#3724);
#3723 = CARTESIAN_POINT('',(0.,-1.5));
#3724 = VECTOR('',#3725,1.);
#3725 = DIRECTION('',(1.,0.));
#3726 = ( GEOMETRIC_REPRESENTATION_CONTEXT(2) 
PARAMETRIC_REPRESENTATION_CONTEXT() REPRESENTATION_CONTEXT('2D SPACE',''
  ) );
#3727 = ORIENTED_EDGE('',*,*,#3728,.T.);
#3728 = EDGE_CURVE('',#3706,#3729,#3731,.T.);
#3729 = VERTEX_POINT('',#3730);
#3730 = CARTESIAN_POINT('',(-13.29903810567,-20.03460969082,26.));
#3731 = SURFACE_CURVE('',#3732,(#3736,#3743),.PCURVE_S1.);
#3732 = LINE('',#3733,#3734);
#3733 = CARTESIAN_POINT('',(-27.39903810567,-44.45652607754,7.));
#3734 = VECTOR('',#3735,1.);
#3735 = DIRECTION('',(0.414662840001,0.718217106893,0.55876552908));
#3736 = PCURVE('',#1553,#3737);
#3737 = DEFINITIONAL_REPRESENTATION('',(#3738),#3742);
#3738 = LINE('',#3739,#3740);
#3739 = CARTESIAN_POINT('',(4.976880928845,16.561454520458));
#3740 = VECTOR('',#3741,1.);
#3741 = DIRECTION('',(-0.55876552908,-0.829325680003));
#3742 = ( GEOMETRIC_REPRESENTATION_CONTEXT(2) 
PARAMETRIC_REPRESENTATION_CONTEXT() REPRESENTATION_CONTEXT('2D SPACE',''
  ) );
#3743 = PCURVE('',#3744,#3749);
#3744 = PLANE('',#3745);
#3745 = AXIS2_PLACEMENT_3D('',#3746,#3747,#3748);
#3746 = CARTESIAN_POINT('',(-26.1,-45.20652607754,7.));
#3747 = DIRECTION('',(0.27938276454,0.483905142942,-0.829325680003));
#3748 = DIRECTION('',(0.414662840001,0.718217106893,0.55876552908));
#3749 = DEFINITIONAL_REPRESENTATION('',(#3750),#3754);
#3750 = LINE('',#3751,#3752);
#3751 = CARTESIAN_POINT('',(-7.771561172376E-16,-1.5));
#3752 = VECTOR('',#3753,1.);
#3753 = DIRECTION('',(1.,0.));
#3754 = ( GEOMETRIC_REPRESENTATION_CONTEXT(2) 
PARAMETRIC_REPRESENTATION_CONTEXT() REPRESENTATION_CONTEXT('2D SPACE',''
  ) );
#3755 = ORIENTED_EDGE('',*,*,#3756,.T.);
#3756 = EDGE_CURVE('',#3729,#3757,#3759,.T.);
#3757 = VERTEX_POINT('',#3758);
#3758 = CARTESIAN_POINT('',(-13.29903810567,-20.03460969082,21.));
#3759 = SURFACE_CURVE('',#3760,(#3764,#3771),.PCURVE_S1.);
#3760 = LINE('',#3761,#3762);
#3761 = CARTESIAN_POINT('',(-13.29903810567,-20.03460969082,26.));
#3762 = VECTOR('',#3763,1.);
#3763 = DIRECTION('',(0.,-0.,-1.));
#3764 = PCURVE('',#1553,#3765);
#3765 = DEFINITIONAL_REPRESENTATION('',(#3766),#3770);
#3766 = LINE('',#3767,#3768);
#3767 = CARTESIAN_POINT('',(-14.02311907115,-11.63854547954));
#3768 = VECTOR('',#3769,1.);
#3769 = DIRECTION('',(1.,0.));
#3770 = ( GEOMETRIC_REPRESENTATION_CONTEXT(2) 
PARAMETRIC_REPRESENTATION_CONTEXT() REPRESENTATION_CONTEXT('2D SPACE',''
  ) );
#3771 = PCURVE('',#3772,#3777);
#3772 = PLANE('',#3773);
#3773 = AXIS2_PLACEMENT_3D('',#3774,#3775,#3776);
#3774 = CARTESIAN_POINT('',(-12.,-20.78460969082,26.));
#3775 = DIRECTION('',(-0.5,-0.866025403784,0.));
#3776 = DIRECTION('',(0.,-0.,-1.));
#3777 = DEFINITIONAL_REPRESENTATION('',(#3778),#3782);
#3778 = LINE('',#3779,#3780);
#3779 = CARTESIAN_POINT('',(-0.,-1.5));
#3780 = VECTOR('',#3781,1.);
#3781 = DIRECTION('',(1.,0.));
#3782 = ( GEOMETRIC_REPRESENTATION_CONTEXT(2) 
PARAMETRIC_REPRESENTATION_CONTEXT() REPRESENTATION_CONTEXT('2D SPACE',''
  ) );
#3783 = ORIENTED_EDGE('',*,*,#3784,.T.);
#3784 = EDGE_CURVE('',#3757,#2730,#3785,.T.);
#3785 = SURFACE_CURVE('',#3786,(#3790,#3797),.PCURVE_S1.);
#3786 = LINE('',#3787,#3788);
#3787 = CARTESIAN_POINT('',(-13.29903810567,-20.03460969082,21.));
#3788 = VECTOR('',#3789,1.);
#3789 = DIRECTION('',(-8.689266695452E-02,-0.15050251397,-0.984783558818
    ));
#3790 = PCURVE('',#1553,#3791);
#3791 = DEFINITIONAL_REPRESENTATION('',(#3792),#3796);
#3792 = LINE('',#3793,#3794);
#3793 = CARTESIAN_POINT('',(-9.023119071155,-11.63854547954));
#3794 = VECTOR('',#3795,1.);
#3795 = DIRECTION('',(0.984783558818,0.173785333909));
#3796 = ( GEOMETRIC_REPRESENTATION_CONTEXT(2) 
PARAMETRIC_REPRESENTATION_CONTEXT() REPRESENTATION_CONTEXT('2D SPACE',''
  ) );
#3797 = PCURVE('',#2777,#3798);
#3798 = DEFINITIONAL_REPRESENTATION('',(#3799),#3803);
#3799 = LINE('',#3800,#3801);
#3800 = CARTESIAN_POINT('',(1.665334536938E-16,-1.5));
#3801 = VECTOR('',#3802,1.);
#3802 = DIRECTION('',(1.,0.));
#3803 = ( GEOMETRIC_REPRESENTATION_CONTEXT(2) 
PARAMETRIC_REPRESENTATION_CONTEXT() REPRESENTATION_CONTEXT('2D SPACE',''
  ) );
#3804 = ADVANCED_FACE('',(#3805),#1525,.F.);
#3805 = FACE_BOUND('',#3806,.F.);
#3806 = EDGE_LOOP('',(#3807,#3808,#3831,#3852));
#3807 = ORIENTED_EDGE('',*,*,#3705,.T.);
#3808 = ORIENTED_EDGE('',*,*,#3809,.F.);
#3809 = EDGE_CURVE('',#3810,#3706,#3812,.T.);
#3810 = VERTEX_POINT('',#3811);
#3811 = CARTESIAN_POINT('',(-24.80096189432,-45.95652607754,7.));
#3812 = SURFACE_CURVE('',#3813,(#3817,#3824),.PCURVE_S1.);
#3813 = LINE('',#3814,#3815);
#3814 = CARTESIAN_POINT('',(-24.80096189432,-45.95652607754,7.));
#3815 = VECTOR('',#3816,1.);
#3816 = DIRECTION('',(-0.866025403784,0.5,0.));
#3817 = PCURVE('',#1525,#3818);
#3818 = DEFINITIONAL_REPRESENTATION('',(#3819),#3823);
#3819 = LINE('',#3820,#3821);
#3820 = CARTESIAN_POINT('',(3.,1.5));
#3821 = VECTOR('',#3822,1.);
#3822 = DIRECTION('',(0.,-1.));
#3823 = ( GEOMETRIC_REPRESENTATION_CONTEXT(2) 
PARAMETRIC_REPRESENTATION_CONTEXT() REPRESENTATION_CONTEXT('2D SPACE',''
  ) );
#3824 = PCURVE('',#3744,#3825);
#3825 = DEFINITIONAL_REPRESENTATION('',(#3826),#3830);
#3826 = LINE('',#3827,#3828);
#3827 = CARTESIAN_POINT('',(7.771561172376E-16,1.5));
#3828 = VECTOR('',#3829,1.);
#3829 = DIRECTION('',(1.286189494815E-17,-1.));
#3830 = ( GEOMETRIC_REPRESENTATION_CONTEXT(2) 
PARAMETRIC_REPRESENTATION_CONTEXT() REPRESENTATION_CONTEXT('2D SPACE',''
  ) );
#3831 = ORIENTED_EDGE('',*,*,#3832,.F.);
#3832 = EDGE_CURVE('',#1482,#3810,#3833,.T.);
#3833 = SURFACE_CURVE('',#3834,(#3838,#3845),.PCURVE_S1.);
#3834 = LINE('',#3835,#3836);
#3835 = CARTESIAN_POINT('',(-24.80096189432,-45.95652607754,4.));
#3836 = VECTOR('',#3837,1.);
#3837 = DIRECTION('',(0.,0.,1.));
#3838 = PCURVE('',#1525,#3839);
#3839 = DEFINITIONAL_REPRESENTATION('',(#3840),#3844);
#3840 = LINE('',#3841,#3842);
#3841 = CARTESIAN_POINT('',(0.,1.5));
#3842 = VECTOR('',#3843,1.);
#3843 = DIRECTION('',(1.,0.));
#3844 = ( GEOMETRIC_REPRESENTATION_CONTEXT(2) 
PARAMETRIC_REPRESENTATION_CONTEXT() REPRESENTATION_CONTEXT('2D SPACE',''
  ) );
#3845 = PCURVE('',#1497,#3846);
#3846 = DEFINITIONAL_REPRESENTATION('',(#3847),#3851);
#3847 = LINE('',#3848,#3849);
#3848 = CARTESIAN_POINT('',(7.976880928845,16.561454520458));
#3849 = VECTOR('',#3850,1.);
#3850 = DIRECTION('',(-1.,0.));
#3851 = ( GEOMETRIC_REPRESENTATION_CONTEXT(2) 
PARAMETRIC_REPRESENTATION_CONTEXT() REPRESENTATION_CONTEXT('2D SPACE',''
  ) );
#3852 = ORIENTED_EDGE('',*,*,#1509,.T.);
#3853 = ADVANCED_FACE('',(#3854),#1497,.F.);
#3854 = FACE_BOUND('',#3855,.F.);
#3855 = EDGE_LOOP('',(#3856,#3857,#3858,#3859,#3882,#3905));
#3856 = ORIENTED_EDGE('',*,*,#2789,.T.);
#3857 = ORIENTED_EDGE('',*,*,#1481,.T.);
#3858 = ORIENTED_EDGE('',*,*,#3832,.T.);
#3859 = ORIENTED_EDGE('',*,*,#3860,.T.);
#3860 = EDGE_CURVE('',#3810,#3861,#3863,.T.);
#3861 = VERTEX_POINT('',#3862);
#3862 = CARTESIAN_POINT('',(-10.70096189432,-21.53460969082,26.));
#3863 = SURFACE_CURVE('',#3864,(#3868,#3875),.PCURVE_S1.);
#3864 = LINE('',#3865,#3866);
#3865 = CARTESIAN_POINT('',(-24.80096189432,-45.95652607754,7.));
#3866 = VECTOR('',#3867,1.);
#3867 = DIRECTION('',(0.414662840001,0.718217106893,0.55876552908));
#3868 = PCURVE('',#1497,#3869);
#3869 = DEFINITIONAL_REPRESENTATION('',(#3870),#3874);
#3870 = LINE('',#3871,#3872);
#3871 = CARTESIAN_POINT('',(4.976880928845,16.561454520458));
#3872 = VECTOR('',#3873,1.);
#3873 = DIRECTION('',(-0.55876552908,-0.829325680003));
#3874 = ( GEOMETRIC_REPRESENTATION_CONTEXT(2) 
PARAMETRIC_REPRESENTATION_CONTEXT() REPRESENTATION_CONTEXT('2D SPACE',''
  ) );
#3875 = PCURVE('',#3744,#3876);
#3876 = DEFINITIONAL_REPRESENTATION('',(#3877),#3881);
#3877 = LINE('',#3878,#3879);
#3878 = CARTESIAN_POINT('',(7.771561172376E-16,1.5));
#3879 = VECTOR('',#3880,1.);
#3880 = DIRECTION('',(1.,0.));
#3881 = ( GEOMETRIC_REPRESENTATION_CONTEXT(2) 
PARAMETRIC_REPRESENTATION_CONTEXT() REPRESENTATION_CONTEXT('2D SPACE',''
  ) );
#3882 = ORIENTED_EDGE('',*,*,#3883,.T.);
#3883 = EDGE_CURVE('',#3861,#3884,#3886,.T.);
#3884 = VERTEX_POINT('',#3885);
#3885 = CARTESIAN_POINT('',(-10.70096189432,-21.53460969082,21.));
#3886 = SURFACE_CURVE('',#3887,(#3891,#3898),.PCURVE_S1.);
#3887 = LINE('',#3888,#3889);
#3888 = CARTESIAN_POINT('',(-10.70096189432,-21.53460969082,26.));
#3889 = VECTOR('',#3890,1.);
#3890 = DIRECTION('',(0.,-0.,-1.));
#3891 = PCURVE('',#1497,#3892);
#3892 = DEFINITIONAL_REPRESENTATION('',(#3893),#3897);
#3893 = LINE('',#3894,#3895);
#3894 = CARTESIAN_POINT('',(-14.02311907115,-11.63854547954));
#3895 = VECTOR('',#3896,1.);
#3896 = DIRECTION('',(1.,0.));
#3897 = ( GEOMETRIC_REPRESENTATION_CONTEXT(2) 
PARAMETRIC_REPRESENTATION_CONTEXT() REPRESENTATION_CONTEXT('2D SPACE',''
  ) );
#3898 = PCURVE('',#3772,#3899);
#3899 = DEFINITIONAL_REPRESENTATION('',(#3900),#3904);
#3900 = LINE('',#3901,#3902);
#3901 = CARTESIAN_POINT('',(0.,1.5));
#3902 = VECTOR('',#3903,1.);
#3903 = DIRECTION('',(1.,0.));
#3904 = ( GEOMETRIC_REPRESENTATION_CONTEXT(2) 
PARAMETRIC_REPRESENTATION_CONTEXT() REPRESENTATION_CONTEXT('2D SPACE',''
  ) );
#3905 = ORIENTED_EDGE('',*,*,#3906,.T.);
#3906 = EDGE_CURVE('',#3884,#2758,#3907,.T.);
#3907 = SURFACE_CURVE('',#3908,(#3912,#3919),.PCURVE_S1.);
#3908 = LINE('',#3909,#3910);
#3909 = CARTESIAN_POINT('',(-10.70096189432,-21.53460969082,21.));
#3910 = VECTOR('',#3911,1.);
#3911 = DIRECTION('',(-8.689266695452E-02,-0.15050251397,-0.984783558818
    ));
#3912 = PCURVE('',#1497,#3913);
#3913 = DEFINITIONAL_REPRESENTATION('',(#3914),#3918);
#3914 = LINE('',#3915,#3916);
#3915 = CARTESIAN_POINT('',(-9.023119071155,-11.63854547954));
#3916 = VECTOR('',#3917,1.);
#3917 = DIRECTION('',(0.984783558818,0.173785333909));
#3918 = ( GEOMETRIC_REPRESENTATION_CONTEXT(2) 
PARAMETRIC_REPRESENTATION_CONTEXT() REPRESENTATION_CONTEXT('2D SPACE',''
  ) );
#3919 = PCURVE('',#2777,#3920);
#3920 = DEFINITIONAL_REPRESENTATION('',(#3921),#3925);
#3921 = LINE('',#3922,#3923);
#3922 = CARTESIAN_POINT('',(-1.665334536938E-16,1.5));
#3923 = VECTOR('',#3924,1.);
#3924 = DIRECTION('',(1.,0.));
#3925 = ( GEOMETRIC_REPRESENTATION_CONTEXT(2) 
PARAMETRIC_REPRESENTATION_CONTEXT() REPRESENTATION_CONTEXT('2D SPACE',''
  ) );
#3926 = ADVANCED_FACE('',(#3927),#1445,.T.);
#3927 = FACE_BOUND('',#3928,.T.);
#3928 = EDGE_LOOP('',(#3929,#3930,#3931,#3954,#3982,#4010));
#3929 = ORIENTED_EDGE('',*,*,#2816,.T.);
#3930 = ORIENTED_EDGE('',*,*,#1429,.T.);
#3931 = ORIENTED_EDGE('',*,*,#3932,.T.);
#3932 = EDGE_CURVE('',#1402,#3933,#3935,.T.);
#3933 = VERTEX_POINT('',#3934);
#3934 = CARTESIAN_POINT('',(24.800961894323,-45.95652607754,7.));
#3935 = SURFACE_CURVE('',#3936,(#3940,#3947),.PCURVE_S1.);
#3936 = LINE('',#3937,#3938);
#3937 = CARTESIAN_POINT('',(24.800961894323,-45.95652607754,4.));
#3938 = VECTOR('',#3939,1.);
#3939 = DIRECTION('',(0.,0.,1.));
#3940 = PCURVE('',#1445,#3941);
#3941 = DEFINITIONAL_REPRESENTATION('',(#3942),#3946);
#3942 = LINE('',#3943,#3944);
#3943 = CARTESIAN_POINT('',(7.976880928845,16.561454520458));
#3944 = VECTOR('',#3945,1.);
#3945 = DIRECTION('',(-1.,0.));
#3946 = ( GEOMETRIC_REPRESENTATION_CONTEXT(2) 
PARAMETRIC_REPRESENTATION_CONTEXT() REPRESENTATION_CONTEXT('2D SPACE',''
  ) );
#3947 = PCURVE('',#1417,#3948);
#3948 = DEFINITIONAL_REPRESENTATION('',(#3949),#3953);
#3949 = LINE('',#3950,#3951);
#3950 = CARTESIAN_POINT('',(0.,-1.5));
#3951 = VECTOR('',#3952,1.);
#3952 = DIRECTION('',(1.,0.));
#3953 = ( GEOMETRIC_REPRESENTATION_CONTEXT(2) 
PARAMETRIC_REPRESENTATION_CONTEXT() REPRESENTATION_CONTEXT('2D SPACE',''
  ) );
#3954 = ORIENTED_EDGE('',*,*,#3955,.T.);
#3955 = EDGE_CURVE('',#3933,#3956,#3958,.T.);
#3956 = VERTEX_POINT('',#3957);
#3957 = CARTESIAN_POINT('',(10.700961894323,-21.53460969082,26.));
#3958 = SURFACE_CURVE('',#3959,(#3963,#3970),.PCURVE_S1.);
#3959 = LINE('',#3960,#3961);
#3960 = CARTESIAN_POINT('',(24.800961894323,-45.95652607754,7.));
#3961 = VECTOR('',#3962,1.);
#3962 = DIRECTION('',(-0.414662840001,0.718217106893,0.55876552908));
#3963 = PCURVE('',#1445,#3964);
#3964 = DEFINITIONAL_REPRESENTATION('',(#3965),#3969);
#3965 = LINE('',#3966,#3967);
#3966 = CARTESIAN_POINT('',(4.976880928845,16.561454520458));
#3967 = VECTOR('',#3968,1.);
#3968 = DIRECTION('',(-0.55876552908,-0.829325680003));
#3969 = ( GEOMETRIC_REPRESENTATION_CONTEXT(2) 
PARAMETRIC_REPRESENTATION_CONTEXT() REPRESENTATION_CONTEXT('2D SPACE',''
  ) );
#3970 = PCURVE('',#3971,#3976);
#3971 = PLANE('',#3972);
#3972 = AXIS2_PLACEMENT_3D('',#3973,#3974,#3975);
#3973 = CARTESIAN_POINT('',(26.1,-45.20652607754,7.));
#3974 = DIRECTION('',(-0.27938276454,0.483905142942,-0.829325680003));
#3975 = DIRECTION('',(-0.414662840001,0.718217106893,0.55876552908));
#3976 = DEFINITIONAL_REPRESENTATION('',(#3977),#3981);
#3977 = LINE('',#3978,#3979);
#3978 = CARTESIAN_POINT('',(1.110223024625E-16,-1.5));
#3979 = VECTOR('',#3980,1.);
#3980 = DIRECTION('',(1.,-5.551115123126E-17));
#3981 = ( GEOMETRIC_REPRESENTATION_CONTEXT(2) 
PARAMETRIC_REPRESENTATION_CONTEXT() REPRESENTATION_CONTEXT('2D SPACE',''
  ) );
#3982 = ORIENTED_EDGE('',*,*,#3983,.T.);
#3983 = EDGE_CURVE('',#3956,#3984,#3986,.T.);
#3984 = VERTEX_POINT('',#3985);
#3985 = CARTESIAN_POINT('',(10.700961894323,-21.53460969082,21.));
#3986 = SURFACE_CURVE('',#3987,(#3991,#3998),.PCURVE_S1.);
#3987 = LINE('',#3988,#3989);
#3988 = CARTESIAN_POINT('',(10.700961894323,-21.53460969082,26.));
#3989 = VECTOR('',#3990,1.);
#3990 = DIRECTION('',(0.,0.,-1.));
#3991 = PCURVE('',#1445,#3992);
#3992 = DEFINITIONAL_REPRESENTATION('',(#3993),#3997);
#3993 = LINE('',#3994,#3995);
#3994 = CARTESIAN_POINT('',(-14.02311907115,-11.63854547954));
#3995 = VECTOR('',#3996,1.);
#3996 = DIRECTION('',(1.,0.));
#3997 = ( GEOMETRIC_REPRESENTATION_CONTEXT(2) 
PARAMETRIC_REPRESENTATION_CONTEXT() REPRESENTATION_CONTEXT('2D SPACE',''
  ) );
#3998 = PCURVE('',#3999,#4004);
#3999 = PLANE('',#4000);
#4000 = AXIS2_PLACEMENT_3D('',#4001,#4002,#4003);
#4001 = CARTESIAN_POINT('',(12.,-20.78460969082,26.));
#4002 = DIRECTION('',(0.5,-0.866025403784,0.));
#4003 = DIRECTION('',(0.,0.,-1.));
#4004 = DEFINITIONAL_REPRESENTATION('',(#4005),#4009);
#4005 = LINE('',#4006,#4007);
#4006 = CARTESIAN_POINT('',(-0.,-1.5));
#4007 = VECTOR('',#4008,1.);
#4008 = DIRECTION('',(1.,0.));
#4009 = ( GEOMETRIC_REPRESENTATION_CONTEXT(2) 
PARAMETRIC_REPRESENTATION_CONTEXT() REPRESENTATION_CONTEXT('2D SPACE',''
  ) );
#4010 = ORIENTED_EDGE('',*,*,#4011,.T.);
#4011 = EDGE_CURVE('',#3984,#2817,#4012,.T.);
#4012 = SURFACE_CURVE('',#4013,(#4017,#4024),.PCURVE_S1.);
#4013 = LINE('',#4014,#4015);
#4014 = CARTESIAN_POINT('',(10.700961894323,-21.53460969082,21.));
#4015 = VECTOR('',#4016,1.);
#4016 = DIRECTION('',(8.689266695452E-02,-0.15050251397,-0.984783558818)
  );
#4017 = PCURVE('',#1445,#4018);
#4018 = DEFINITIONAL_REPRESENTATION('',(#4019),#4023);
#4019 = LINE('',#4020,#4021);
#4020 = CARTESIAN_POINT('',(-9.023119071155,-11.63854547954));
#4021 = VECTOR('',#4022,1.);
#4022 = DIRECTION('',(0.984783558818,0.173785333909));
#4023 = ( GEOMETRIC_REPRESENTATION_CONTEXT(2) 
PARAMETRIC_REPRESENTATION_CONTEXT() REPRESENTATION_CONTEXT('2D SPACE',''
  ) );
#4024 = PCURVE('',#2864,#4025);
#4025 = DEFINITIONAL_REPRESENTATION('',(#4026),#4030);
#4026 = LINE('',#4027,#4028);
#4027 = CARTESIAN_POINT('',(-1.387778780781E-17,-1.5));
#4028 = VECTOR('',#4029,1.);
#4029 = DIRECTION('',(1.,0.));
#4030 = ( GEOMETRIC_REPRESENTATION_CONTEXT(2) 
PARAMETRIC_REPRESENTATION_CONTEXT() REPRESENTATION_CONTEXT('2D SPACE',''
  ) );
#4031 = ADVANCED_FACE('',(#4032),#1417,.F.);
#4032 = FACE_BOUND('',#4033,.F.);
#4033 = EDGE_LOOP('',(#4034,#4035,#4058,#4079));
#4034 = ORIENTED_EDGE('',*,*,#3932,.T.);
#4035 = ORIENTED_EDGE('',*,*,#4036,.F.);
#4036 = EDGE_CURVE('',#4037,#3933,#4039,.T.);
#4037 = VERTEX_POINT('',#4038);
#4038 = CARTESIAN_POINT('',(27.399038105677,-44.45652607754,7.));
#4039 = SURFACE_CURVE('',#4040,(#4044,#4051),.PCURVE_S1.);
#4040 = LINE('',#4041,#4042);
#4041 = CARTESIAN_POINT('',(27.399038105677,-44.45652607754,7.));
#4042 = VECTOR('',#4043,1.);
#4043 = DIRECTION('',(-0.866025403784,-0.5,0.));
#4044 = PCURVE('',#1417,#4045);
#4045 = DEFINITIONAL_REPRESENTATION('',(#4046),#4050);
#4046 = LINE('',#4047,#4048);
#4047 = CARTESIAN_POINT('',(3.,1.5));
#4048 = VECTOR('',#4049,1.);
#4049 = DIRECTION('',(0.,-1.));
#4050 = ( GEOMETRIC_REPRESENTATION_CONTEXT(2) 
PARAMETRIC_REPRESENTATION_CONTEXT() REPRESENTATION_CONTEXT('2D SPACE',''
  ) );
#4051 = PCURVE('',#3971,#4052);
#4052 = DEFINITIONAL_REPRESENTATION('',(#4053),#4057);
#4053 = LINE('',#4054,#4055);
#4054 = CARTESIAN_POINT('',(-1.110223024625E-16,1.5));
#4055 = VECTOR('',#4056,1.);
#4056 = DIRECTION('',(5.551115123126E-17,-1.));
#4057 = ( GEOMETRIC_REPRESENTATION_CONTEXT(2) 
PARAMETRIC_REPRESENTATION_CONTEXT() REPRESENTATION_CONTEXT('2D SPACE',''
  ) );
#4058 = ORIENTED_EDGE('',*,*,#4059,.F.);
#4059 = EDGE_CURVE('',#1374,#4037,#4060,.T.);
#4060 = SURFACE_CURVE('',#4061,(#4065,#4072),.PCURVE_S1.);
#4061 = LINE('',#4062,#4063);
#4062 = CARTESIAN_POINT('',(27.399038105677,-44.45652607754,4.));
#4063 = VECTOR('',#4064,1.);
#4064 = DIRECTION('',(0.,0.,1.));
#4065 = PCURVE('',#1417,#4066);
#4066 = DEFINITIONAL_REPRESENTATION('',(#4067),#4071);
#4067 = LINE('',#4068,#4069);
#4068 = CARTESIAN_POINT('',(0.,1.5));
#4069 = VECTOR('',#4070,1.);
#4070 = DIRECTION('',(1.,0.));
#4071 = ( GEOMETRIC_REPRESENTATION_CONTEXT(2) 
PARAMETRIC_REPRESENTATION_CONTEXT() REPRESENTATION_CONTEXT('2D SPACE',''
  ) );
#4072 = PCURVE('',#1389,#4073);
#4073 = DEFINITIONAL_REPRESENTATION('',(#4074),#4078);
#4074 = LINE('',#4075,#4076);
#4075 = CARTESIAN_POINT('',(7.976880928845,16.561454520458));
#4076 = VECTOR('',#4077,1.);
#4077 = DIRECTION('',(-1.,0.));
#4078 = ( GEOMETRIC_REPRESENTATION_CONTEXT(2) 
PARAMETRIC_REPRESENTATION_CONTEXT() REPRESENTATION_CONTEXT('2D SPACE',''
  ) );
#4079 = ORIENTED_EDGE('',*,*,#1401,.T.);
#4080 = ADVANCED_FACE('',(#4081),#1389,.F.);
#4081 = FACE_BOUND('',#4082,.F.);
#4082 = EDGE_LOOP('',(#4083,#4084,#4085,#4086,#4109,#4132));
#4083 = ORIENTED_EDGE('',*,*,#2876,.T.);
#4084 = ORIENTED_EDGE('',*,*,#1373,.T.);
#4085 = ORIENTED_EDGE('',*,*,#4059,.T.);
#4086 = ORIENTED_EDGE('',*,*,#4087,.T.);
#4087 = EDGE_CURVE('',#4037,#4088,#4090,.T.);
#4088 = VERTEX_POINT('',#4089);
#4089 = CARTESIAN_POINT('',(13.299038105677,-20.03460969082,26.));
#4090 = SURFACE_CURVE('',#4091,(#4095,#4102),.PCURVE_S1.);
#4091 = LINE('',#4092,#4093);
#4092 = CARTESIAN_POINT('',(27.399038105677,-44.45652607754,7.));
#4093 = VECTOR('',#4094,1.);
#4094 = DIRECTION('',(-0.414662840001,0.718217106893,0.55876552908));
#4095 = PCURVE('',#1389,#4096);
#4096 = DEFINITIONAL_REPRESENTATION('',(#4097),#4101);
#4097 = LINE('',#4098,#4099);
#4098 = CARTESIAN_POINT('',(4.976880928845,16.561454520458));
#4099 = VECTOR('',#4100,1.);
#4100 = DIRECTION('',(-0.55876552908,-0.829325680003));
#4101 = ( GEOMETRIC_REPRESENTATION_CONTEXT(2) 
PARAMETRIC_REPRESENTATION_CONTEXT() REPRESENTATION_CONTEXT('2D SPACE',''
  ) );
#4102 = PCURVE('',#3971,#4103);
#4103 = DEFINITIONAL_REPRESENTATION('',(#4104),#4108);
#4104 = LINE('',#4105,#4106);
#4105 = CARTESIAN_POINT('',(-1.110223024625E-16,1.5));
#4106 = VECTOR('',#4107,1.);
#4107 = DIRECTION('',(1.,-5.551115123126E-17));
#4108 = ( GEOMETRIC_REPRESENTATION_CONTEXT(2) 
PARAMETRIC_REPRESENTATION_CONTEXT() REPRESENTATION_CONTEXT('2D SPACE',''
  ) );
#4109 = ORIENTED_EDGE('',*,*,#4110,.T.);
#4110 = EDGE_CURVE('',#4088,#4111,#4113,.T.);
#4111 = VERTEX_POINT('',#4112);
#4112 = CARTESIAN_POINT('',(13.299038105677,-20.03460969082,21.));
#4113 = SURFACE_CURVE('',#4114,(#4118,#4125),.PCURVE_S1.);
#4114 = LINE('',#4115,#4116);
#4115 = CARTESIAN_POINT('',(13.299038105677,-20.03460969082,26.));
#4116 = VECTOR('',#4117,1.);
#4117 = DIRECTION('',(0.,0.,-1.));
#4118 = PCURVE('',#1389,#4119);
#4119 = DEFINITIONAL_REPRESENTATION('',(#4120),#4124);
#4120 = LINE('',#4121,#4122);
#4121 = CARTESIAN_POINT('',(-14.02311907115,-11.63854547954));
#4122 = VECTOR('',#4123,1.);
#4123 = DIRECTION('',(1.,0.));
#4124 = ( GEOMETRIC_REPRESENTATION_CONTEXT(2) 
PARAMETRIC_REPRESENTATION_CONTEXT() REPRESENTATION_CONTEXT('2D SPACE',''
  ) );
#4125 = PCURVE('',#3999,#4126);
#4126 = DEFINITIONAL_REPRESENTATION('',(#4127),#4131);
#4127 = LINE('',#4128,#4129);
#4128 = CARTESIAN_POINT('',(0.,1.5));
#4129 = VECTOR('',#4130,1.);
#4130 = DIRECTION('',(1.,0.));
#4131 = ( GEOMETRIC_REPRESENTATION_CONTEXT(2) 
PARAMETRIC_REPRESENTATION_CONTEXT() REPRESENTATION_CONTEXT('2D SPACE',''
  ) );
#4132 = ORIENTED_EDGE('',*,*,#4133,.T.);
#4133 = EDGE_CURVE('',#4111,#2845,#4134,.T.);
#4134 = SURFACE_CURVE('',#4135,(#4139,#4146),.PCURVE_S1.);
#4135 = LINE('',#4136,#4137);
#4136 = CARTESIAN_POINT('',(13.299038105677,-20.03460969082,21.));
#4137 = VECTOR('',#4138,1.);
#4138 = DIRECTION('',(8.689266695452E-02,-0.15050251397,-0.984783558818)
  );
#4139 = PCURVE('',#1389,#4140);
#4140 = DEFINITIONAL_REPRESENTATION('',(#4141),#4145);
#4141 = LINE('',#4142,#4143);
#4142 = CARTESIAN_POINT('',(-9.023119071155,-11.63854547954));
#4143 = VECTOR('',#4144,1.);
#4144 = DIRECTION('',(0.984783558818,0.173785333909));
#4145 = ( GEOMETRIC_REPRESENTATION_CONTEXT(2) 
PARAMETRIC_REPRESENTATION_CONTEXT() REPRESENTATION_CONTEXT('2D SPACE',''
  ) );
#4146 = PCURVE('',#2864,#4147);
#4147 = DEFINITIONAL_REPRESENTATION('',(#4148),#4152);
#4148 = LINE('',#4149,#4150);
#4149 = CARTESIAN_POINT('',(1.387778780781E-17,1.5));
#4150 = VECTOR('',#4151,1.);
#4151 = DIRECTION('',(1.,0.));
#4152 = ( GEOMETRIC_REPRESENTATION_CONTEXT(2) 
PARAMETRIC_REPRESENTATION_CONTEXT() REPRESENTATION_CONTEXT('2D SPACE',''
  ) );
#4153 = ADVANCED_FACE('',(#4154),#1967,.F.);
#4154 = FACE_BOUND('',#4155,.F.);
#4155 = EDGE_LOOP('',(#4156,#4187,#4266,#4304,#4325,#4326,#4327,#4360));
#4156 = ORIENTED_EDGE('',*,*,#4157,.F.);
#4157 = EDGE_CURVE('',#4158,#4160,#4162,.T.);
#4158 = VERTEX_POINT('',#4159);
#4159 = CARTESIAN_POINT('',(-8.631278512595,8.336727849584,24.));
#4160 = VERTEX_POINT('',#4161);
#4161 = CARTESIAN_POINT('',(-8.631278512595,-8.336727849584,24.));
#4162 = SURFACE_CURVE('',#4163,(#4168,#4175),.PCURVE_S1.);
#4163 = CIRCLE('',#4164,12.);
#4164 = AXIS2_PLACEMENT_3D('',#4165,#4166,#4167);
#4165 = CARTESIAN_POINT('',(0.,0.,24.));
#4166 = DIRECTION('',(0.,0.,1.));
#4167 = DIRECTION('',(1.,0.,-0.));
#4168 = PCURVE('',#1967,#4169);
#4169 = DEFINITIONAL_REPRESENTATION('',(#4170),#4174);
#4170 = LINE('',#4171,#4172);
#4171 = CARTESIAN_POINT('',(-0.,-20.));
#4172 = VECTOR('',#4173,1.);
#4173 = DIRECTION('',(-1.,-0.));
#4174 = ( GEOMETRIC_REPRESENTATION_CONTEXT(2) 
PARAMETRIC_REPRESENTATION_CONTEXT() REPRESENTATION_CONTEXT('2D SPACE',''
  ) );
#4175 = PCURVE('',#4176,#4181);
#4176 = PLANE('',#4177);
#4177 = AXIS2_PLACEMENT_3D('',#4178,#4179,#4180);
#4178 = CARTESIAN_POINT('',(0.,0.,24.));
#4179 = DIRECTION('',(0.,0.,1.));
#4180 = DIRECTION('',(1.,0.,-0.));
#4181 = DEFINITIONAL_REPRESENTATION('',(#4182),#4186);
#4182 = CIRCLE('',#4183,12.);
#4183 = AXIS2_PLACEMENT_2D('',#4184,#4185);
#4184 = CARTESIAN_POINT('',(0.,0.));
#4185 = DIRECTION('',(1.,0.));
#4186 = ( GEOMETRIC_REPRESENTATION_CONTEXT(2) 
PARAMETRIC_REPRESENTATION_CONTEXT() REPRESENTATION_CONTEXT('2D SPACE',''
  ) );
#4187 = ORIENTED_EDGE('',*,*,#4188,.F.);
#4188 = EDGE_CURVE('',#4189,#4158,#4191,.T.);
#4189 = VERTEX_POINT('',#4190);
#4190 = CARTESIAN_POINT('',(5.376776978408,16.185495646549,
    17.259727354317));
#4191 = SURFACE_CURVE('',#4192,(#4213,#4237),.PCURVE_S1.);
#4192 = B_SPLINE_CURVE_WITH_KNOTS('',7,(#4193,#4194,#4195,#4196,#4197,
    #4198,#4199,#4200,#4201,#4202,#4203,#4204,#4205,#4206,#4207,#4208,
    #4209,#4210,#4211,#4212),.UNSPECIFIED.,.F.,.F.,(8,6,6,8),(0.,
    0.38530611403,0.65961894161,1.),.UNSPECIFIED.);
#4193 = CARTESIAN_POINT('',(5.376777507996,16.185495764218,
    17.259726982817));
#4194 = CARTESIAN_POINT('',(4.679477746084,16.030563573308,
    17.748874241802));
#4195 = CARTESIAN_POINT('',(3.970086285055,15.859377160687,
    18.229410037486));
#4196 = CARTESIAN_POINT('',(3.247740900039,15.669469025146,
    18.700444593372));
#4197 = CARTESIAN_POINT('',(2.511782497785,15.457862112088,
    19.160798664689));
#4198 = CARTESIAN_POINT('',(1.761818997307,15.220906179213,
    19.609024321966));
#4199 = CARTESIAN_POINT('',(0.997832728088,14.954091766483,
    20.043452173222));
#4200 = CARTESIAN_POINT('',(-0.333005660339,14.436266826202,
    20.76050218921));
#4201 = CARTESIAN_POINT('',(-0.893127963945,14.202891040397,
    21.0507397063));
#4202 = CARTESIAN_POINT('',(-1.459710851765,13.949397746503,
    21.332393618472));
#4203 = CARTESIAN_POINT('',(-2.032188725754,13.673436922697,
    21.604705943648));
#4204 = CARTESIAN_POINT('',(-2.609569442015,13.372379980881,
    21.866837953731));
#4205 = CARTESIAN_POINT('',(-3.190341852264,13.04330215603,
    22.117935844915));
#4206 = CARTESIAN_POINT('',(-4.494565363499,12.235836471215,
    22.654112266602));
#4207 = CARTESIAN_POINT('',(-5.218313509253,11.740810463423,
    22.932653627759));
#4208 = CARTESIAN_POINT('',(-5.939828566612,11.191580523856,
    23.191488338052));
#4209 = CARTESIAN_POINT('',(-6.652662961402,10.581742504747,
    23.428875989687));
#4210 = CARTESIAN_POINT('',(-7.347412841758,9.905270865979,
    23.643230755151));
#4211 = CARTESIAN_POINT('',(-8.011774627864,9.157639525211,
    23.833710371166));
#4212 = CARTESIAN_POINT('',(-8.631278512595,8.336727849584,24.));
#4213 = PCURVE('',#1967,#4214);
#4214 = DEFINITIONAL_REPRESENTATION('',(#4215),#4236);
#4215 = B_SPLINE_CURVE_WITH_KNOTS('',7,(#4216,#4217,#4218,#4219,#4220,
    #4221,#4222,#4223,#4224,#4225,#4226,#4227,#4228,#4229,#4230,#4231,
    #4232,#4233,#4234,#4235),.UNSPECIFIED.,.F.,.F.,(8,6,6,8),(0.,
    0.38530611403,0.65961894161,1.),.UNSPECIFIED.);
#4216 = CARTESIAN_POINT('',(-1.250068577548,-13.25972698281));
#4217 = CARTESIAN_POINT('',(-1.286004723319,-13.7488742418));
#4218 = CARTESIAN_POINT('',(-1.324116868506,-14.22941003748));
#4219 = CARTESIAN_POINT('',(-1.364622751978,-14.70044459337));
#4220 = CARTESIAN_POINT('',(-1.407761199884,-15.16079866468));
#4221 = CARTESIAN_POINT('',(-1.453796250227,-15.60902432196));
#4222 = CARTESIAN_POINT('',(-1.503016062472,-16.04345217322));
#4223 = CARTESIAN_POINT('',(-1.593296084917,-16.76050218921));
#4224 = CARTESIAN_POINT('',(-1.632614341787,-17.0507397063));
#4225 = CARTESIAN_POINT('',(-1.673825538228,-17.33239361847));
#4226 = CARTESIAN_POINT('',(-1.717047944707,-17.60470594364));
#4227 = CARTESIAN_POINT('',(-1.762394740108,-17.86683795373));
#4228 = CARTESIAN_POINT('',(-1.809974818129,-18.11793584491));
#4229 = CARTESIAN_POINT('',(-1.921846799283,-18.6541122666));
#4230 = CARTESIAN_POINT('',(-1.98737142751,-18.93265362775));
#4231 = CARTESIAN_POINT('',(-2.056704778869,-19.19148833805));
#4232 = CARTESIAN_POINT('',(-2.129992207924,-19.42887598968));
#4233 = CARTESIAN_POINT('',(-2.207269346399,-19.64323075515));
#4234 = CARTESIAN_POINT('',(-2.288481421889,-19.83371037116));
#4235 = CARTESIAN_POINT('',(-2.373551926024,-20.));
#4236 = ( GEOMETRIC_REPRESENTATION_CONTEXT(2) 
PARAMETRIC_REPRESENTATION_CONTEXT() REPRESENTATION_CONTEXT('2D SPACE',''
  ) );
#4237 = PCURVE('',#4238,#4243);
#4238 = CYLINDRICAL_SURFACE('',#4239,18.);
#4239 = AXIS2_PLACEMENT_3D('',#4240,#4241,#4242);
#4240 = CARTESIAN_POINT('',(11.982058770331,0.,21.549247505201));
#4241 = DIRECTION('',(-0.544639035015,0.,0.838670567945));
#4242 = DIRECTION('',(0.838670567945,0.,0.544639035015));
#4243 = DEFINITIONAL_REPRESENTATION('',(#4244),#4265);
#4244 = B_SPLINE_CURVE_WITH_KNOTS('',7,(#4245,#4246,#4247,#4248,#4249,
    #4250,#4251,#4252,#4253,#4254,#4255,#4256,#4257,#4258,#4259,#4260,
    #4261,#4262,#4263,#4264),.UNSPECIFIED.,.F.,.F.,(8,6,6,8),(0.,
    0.38530611403,0.65961894161,1.),.UNSPECIFIED.);
#4245 = CARTESIAN_POINT('',(2.023668236105,-5.999999803663E-07));
#4246 = CARTESIAN_POINT('',(2.043339928642,0.790009478946));
#4247 = CARTESIAN_POINT('',(2.064147618139,1.579382988413));
#4248 = CARTESIAN_POINT('',(2.086224097837,2.367843300361));
#4249 = CARTESIAN_POINT('',(2.109720167522,3.154760384825));
#4250 = CARTESIAN_POINT('',(2.134810066279,3.939133448578));
#4251 = CARTESIAN_POINT('',(2.161695704763,4.719572045754));
#4252 = CARTESIAN_POINT('',(2.211219370704,6.045767325541));
#4253 = CARTESIAN_POINT('',(2.232845518831,6.594245459765));
#4254 = CARTESIAN_POINT('',(2.255591535281,7.139043463529));
#4255 = CARTESIAN_POINT('',(2.279551336552,7.679217592799));
#4256 = CARTESIAN_POINT('',(2.304822848128,8.213524070713));
#4257 = CARTESIAN_POINT('',(2.331508981716,8.740423806803));
#4258 = CARTESIAN_POINT('',(2.39472695812,9.900430225502));
#4259 = CARTESIAN_POINT('',(2.432063855656,10.528216158757));
#4260 = CARTESIAN_POINT('',(2.471954417866,11.138258476831));
#4261 = CARTESIAN_POINT('',(2.514588864776,11.725585950355));
#4262 = CARTESIAN_POINT('',(2.560107847163,12.283746887663));
#4263 = CARTESIAN_POINT('',(2.608586753349,12.805333897493));
#4264 = CARTESIAN_POINT('',(2.660044814547,13.282202112919));
#4265 = ( GEOMETRIC_REPRESENTATION_CONTEXT(2) 
PARAMETRIC_REPRESENTATION_CONTEXT() REPRESENTATION_CONTEXT('2D SPACE',''
  ) );
#4266 = ORIENTED_EDGE('',*,*,#4267,.F.);
#4267 = EDGE_CURVE('',#4268,#4189,#4270,.T.);
#4268 = VERTEX_POINT('',#4269);
#4269 = CARTESIAN_POINT('',(13.230166428394,-3.240456193744E-15,
    22.359778095475));
#4270 = SURFACE_CURVE('',#4271,(#4276,#4292),.PCURVE_S1.);
#4271 = ELLIPSE('',#4272,30.754147478437,22.526505130495);
#4272 = AXIS2_PLACEMENT_3D('',#4273,#4274,#4275);
#4273 = CARTESIAN_POINT('',(-12.56243190402,0.,5.609868890109));
#4274 = DIRECTION('',(-0.544639035015,0.,0.838670567945));
#4275 = DIRECTION('',(-0.838670567945,0.,-0.544639035015));
#4276 = PCURVE('',#1967,#4277);
#4277 = DEFINITIONAL_REPRESENTATION('',(#4278),#4291);
#4278 = B_SPLINE_CURVE_WITH_KNOTS('',6,(#4279,#4280,#4281,#4282,#4283,
    #4284,#4285,#4286,#4287,#4288,#4289,#4290),.UNSPECIFIED.,.F.,.F.,(7,
    5,7),(3.14159265359,3.783090454293,4.424588254997),.UNSPECIFIED.);
#4279 = CARTESIAN_POINT('',(0.,-18.35977809547));
#4280 = CARTESIAN_POINT('',(-0.182042349668,-18.35977809547));
#4281 = CARTESIAN_POINT('',(-0.36408379147,-18.1300145733));
#4282 = CARTESIAN_POINT('',(-0.542577408232,-17.67048579748));
#4283 = CARTESIAN_POINT('',(-0.713910108331,-16.98907689067));
#4284 = CARTESIAN_POINT('',(-0.87643744772,-16.10153324633));
#4285 = CARTESIAN_POINT('',(-1.182708550423,-13.95827173271));
#4286 = CARTESIAN_POINT('',(-1.326454503721,-12.70255484639));
#4287 = CARTESIAN_POINT('',(-1.460224506917,-11.28479668112));
#4288 = CARTESIAN_POINT('',(-1.584599897316,-9.733377756869));
#4289 = CARTESIAN_POINT('',(-1.70049267987,-8.081413626682));
#4290 = CARTESIAN_POINT('',(-1.808850506487,-6.364231690206));
#4291 = ( GEOMETRIC_REPRESENTATION_CONTEXT(2) 
PARAMETRIC_REPRESENTATION_CONTEXT() REPRESENTATION_CONTEXT('2D SPACE',''
  ) );
#4292 = PCURVE('',#4293,#4298);
#4293 = PLANE('',#4294);
#4294 = AXIS2_PLACEMENT_3D('',#4295,#4296,#4297);
#4295 = CARTESIAN_POINT('',(11.982058770331,0.,21.549247505201));
#4296 = DIRECTION('',(-0.544639035015,0.,0.838670567945));
#4297 = DIRECTION('',(0.838670567945,0.,0.544639035015));
#4298 = DEFINITIONAL_REPRESENTATION('',(#4299),#4303);
#4299 = ELLIPSE('',#4300,30.754147478437,22.526505130495);
#4300 = AXIS2_PLACEMENT_2D('',#4301,#4302);
#4301 = CARTESIAN_POINT('',(-29.26594972145,0.));
#4302 = DIRECTION('',(-1.,0.));
#4303 = ( GEOMETRIC_REPRESENTATION_CONTEXT(2) 
PARAMETRIC_REPRESENTATION_CONTEXT() REPRESENTATION_CONTEXT('2D SPACE',''
  ) );
#4304 = ORIENTED_EDGE('',*,*,#4305,.F.);
#4305 = EDGE_CURVE('',#1947,#4268,#4306,.T.);
#4306 = SEAM_CURVE('',#4307,(#4311,#4318),.PCURVE_S1.);
#4307 = LINE('',#4308,#4309);
#4308 = CARTESIAN_POINT('',(27.,-6.613092715396E-15,4.));
#4309 = VECTOR('',#4310,1.);
#4310 = DIRECTION('',(-0.6,1.469576158977E-16,0.8));
#4311 = PCURVE('',#1967,#4312);
#4312 = DEFINITIONAL_REPRESENTATION('',(#4313),#4317);
#4313 = LINE('',#4314,#4315);
#4314 = CARTESIAN_POINT('',(0.,-0.));
#4315 = VECTOR('',#4316,1.);
#4316 = DIRECTION('',(-0.,-1.));
#4317 = ( GEOMETRIC_REPRESENTATION_CONTEXT(2) 
PARAMETRIC_REPRESENTATION_CONTEXT() REPRESENTATION_CONTEXT('2D SPACE',''
  ) );
#4318 = PCURVE('',#1967,#4319);
#4319 = DEFINITIONAL_REPRESENTATION('',(#4320),#4324);
#4320 = LINE('',#4321,#4322);
#4321 = CARTESIAN_POINT('',(-6.28318530718,0.));
#4322 = VECTOR('',#4323,1.);
#4323 = DIRECTION('',(-0.,-1.));
#4324 = ( GEOMETRIC_REPRESENTATION_CONTEXT(2) 
PARAMETRIC_REPRESENTATION_CONTEXT() REPRESENTATION_CONTEXT('2D SPACE',''
  ) );
#4325 = ORIENTED_EDGE('',*,*,#1946,.F.);
#4326 = ORIENTED_EDGE('',*,*,#4305,.T.);
#4327 = ORIENTED_EDGE('',*,*,#4328,.F.);
#4328 = EDGE_CURVE('',#4329,#4268,#4331,.T.);
#4329 = VERTEX_POINT('',#4330);
#4330 = CARTESIAN_POINT('',(5.376776978408,-16.18549564654,
    17.259727354317));
#4331 = SURFACE_CURVE('',#4332,(#4337,#4353),.PCURVE_S1.);
#4332 = ELLIPSE('',#4333,30.754147478437,22.526505130495);
#4333 = AXIS2_PLACEMENT_3D('',#4334,#4335,#4336);
#4334 = CARTESIAN_POINT('',(-12.56243190402,0.,5.609868890109));
#4335 = DIRECTION('',(-0.544639035015,0.,0.838670567945));
#4336 = DIRECTION('',(-0.838670567945,0.,-0.544639035015));
#4337 = PCURVE('',#1967,#4338);
#4338 = DEFINITIONAL_REPRESENTATION('',(#4339),#4352);
#4339 = B_SPLINE_CURVE_WITH_KNOTS('',6,(#4340,#4341,#4342,#4343,#4344,
    #4345,#4346,#4347,#4348,#4349,#4350,#4351),.UNSPECIFIED.,.F.,.F.,(7,
    5,7),(1.858597052182,2.500094852886,3.14159265359),.UNSPECIFIED.);
#4340 = CARTESIAN_POINT('',(-4.474334800693,-6.364231690206));
#4341 = CARTESIAN_POINT('',(-4.582692627309,-8.081413626682));
#4342 = CARTESIAN_POINT('',(-4.698585409864,-9.73337775687));
#4343 = CARTESIAN_POINT('',(-4.822960800263,-11.28479668112));
#4344 = CARTESIAN_POINT('',(-4.956730803458,-12.70255484639));
#4345 = CARTESIAN_POINT('',(-5.100476756756,-13.95827173271));
#4346 = CARTESIAN_POINT('',(-5.40674785946,-16.10153324633));
#4347 = CARTESIAN_POINT('',(-5.569275198848,-16.98907689067));
#4348 = CARTESIAN_POINT('',(-5.740607898948,-17.67048579748));
#4349 = CARTESIAN_POINT('',(-5.919101515709,-18.1300145733));
#4350 = CARTESIAN_POINT('',(-6.101142957511,-18.35977809547));
#4351 = CARTESIAN_POINT('',(-6.28318530718,-18.35977809547));
#4352 = ( GEOMETRIC_REPRESENTATION_CONTEXT(2) 
PARAMETRIC_REPRESENTATION_CONTEXT() REPRESENTATION_CONTEXT('2D SPACE',''
  ) );
#4353 = PCURVE('',#4293,#4354);
#4354 = DEFINITIONAL_REPRESENTATION('',(#4355),#4359);
#4355 = ELLIPSE('',#4356,30.754147478437,22.526505130495);
#4356 = AXIS2_PLACEMENT_2D('',#4357,#4358);
#4357 = CARTESIAN_POINT('',(-29.26594972145,0.));
#4358 = DIRECTION('',(-1.,0.));
#4359 = ( GEOMETRIC_REPRESENTATION_CONTEXT(2) 
PARAMETRIC_REPRESENTATION_CONTEXT() REPRESENTATION_CONTEXT('2D SPACE',''
  ) );
#4360 = ORIENTED_EDGE('',*,*,#4361,.F.);
#4361 = EDGE_CURVE('',#4160,#4329,#4362,.T.);
#4362 = SURFACE_CURVE('',#4363,(#4390,#4420),.PCURVE_S1.);
#4363 = B_SPLINE_CURVE_WITH_KNOTS('',7,(#4364,#4365,#4366,#4367,#4368,
    #4369,#4370,#4371,#4372,#4373,#4374,#4375,#4376,#4377,#4378,#4379,
    #4380,#4381,#4382,#4383,#4384,#4385,#4386,#4387,#4388,#4389),
  .UNSPECIFIED.,.F.,.F.,(8,6,6,6,8),(0.,0.308179510674,0.555199826683,
    0.896338290075,1.),.UNSPECIFIED.);
#4364 = CARTESIAN_POINT('',(-8.631278512595,-8.336727849584,24.));
#4365 = CARTESIAN_POINT('',(-8.070441627857,-9.079899213236,
    23.849457994214));
#4366 = CARTESIAN_POINT('',(-7.472729349669,-9.763159411128,
    23.679060836518));
#4367 = CARTESIAN_POINT('',(-6.848960133757,-10.38789752273,
    23.489056798978));
#4368 = CARTESIAN_POINT('',(-6.208494385052,-10.95726542611,
    23.280055649129));
#4369 = CARTESIAN_POINT('',(-5.558731332331,-11.47554325145,
    23.053146331375));
#4370 = CARTESIAN_POINT('',(-4.90501763119,-11.94743217835,
    22.809563455833));
#4371 = CARTESIAN_POINT('',(-3.726385624511,-12.72254740294,
    22.342542148118));
#4372 = CARTESIAN_POINT('',(-3.201810907001,-13.04055683054,
    22.124761899135));
#4373 = CARTESIAN_POINT('',(-2.67892235832,-13.33412096993,
    21.897564225385));
#4374 = CARTESIAN_POINT('',(-2.15910977327,-13.60548077744,
    21.66157805007));
#4375 = CARTESIAN_POINT('',(-1.643356723446,-13.85670180739,
    21.417434020738));
#4376 = CARTESIAN_POINT('',(-1.132299901581,-14.0896718832,
    21.165717683277));
#4377 = CARTESIAN_POINT('',(7.253662512657E-02,-14.60499525856,
    20.549535890876));
#4378 = CARTESIAN_POINT('',(0.761576605759,-14.87227236699,
    20.178739866824));
#4379 = CARTESIAN_POINT('',(1.439929775483,-15.11245843925,
    19.795876370762));
#4380 = CARTESIAN_POINT('',(2.107246888245,-15.32923174887,
    19.402233471252));
#4381 = CARTESIAN_POINT('',(2.763560548552,-15.52564028435,
    18.998964764162));
#4382 = CARTESIAN_POINT('',(3.409172491723,-15.70424922847,
    18.587035578573));
#4383 = CARTESIAN_POINT('',(4.237694596421,-15.91674123371,
    18.039626551525));
#4384 = CARTESIAN_POINT('',(4.429836819259,-15.96481739253,
    17.911326187019));
#4385 = CARTESIAN_POINT('',(4.621043986308,-16.01150769795,
    17.782323781358));
#4386 = CARTESIAN_POINT('',(4.811328415992,-16.05686876427,
    17.652641733803));
#4387 = CARTESIAN_POINT('',(5.000703029596,-16.10095407862,
    17.522301460312));
#4388 = CARTESIAN_POINT('',(5.189181351264,-16.14381400099,
    17.391323393535));
#4389 = CARTESIAN_POINT('',(5.376777507996,-16.18549576421,
    17.259726982817));
#4390 = PCURVE('',#1967,#4391);
#4391 = DEFINITIONAL_REPRESENTATION('',(#4392),#4419);
#4392 = B_SPLINE_CURVE_WITH_KNOTS('',7,(#4393,#4394,#4395,#4396,#4397,
    #4398,#4399,#4400,#4401,#4402,#4403,#4404,#4405,#4406,#4407,#4408,
    #4409,#4410,#4411,#4412,#4413,#4414,#4415,#4416,#4417,#4418),
  .UNSPECIFIED.,.F.,.F.,(8,6,6,6,8),(0.,0.308179510674,0.555199826683,
    0.896338290075,1.),.UNSPECIFIED.);
#4393 = CARTESIAN_POINT('',(-3.909633381156,-20.));
#4394 = CARTESIAN_POINT('',(-3.986647711005,-19.84945799421));
#4395 = CARTESIAN_POINT('',(-4.060515063103,-19.67906083651));
#4396 = CARTESIAN_POINT('',(-4.131161592374,-19.48905679898));
#4397 = CARTESIAN_POINT('',(-4.19853993818,-19.28005564912));
#4398 = CARTESIAN_POINT('',(-4.262664569936,-19.05314633137));
#4399 = CARTESIAN_POINT('',(-4.323627310921,-18.80956345583));
#4400 = CARTESIAN_POINT('',(-4.42804101229,-18.34254214811));
#4401 = CARTESIAN_POINT('',(-4.472552364137,-18.12476189913));
#4402 = CARTESIAN_POINT('',(-4.515193543437,-17.89756422538));
#4403 = CARTESIAN_POINT('',(-4.556039908504,-17.66157805007));
#4404 = CARTESIAN_POINT('',(-4.595171875341,-17.41743402073));
#4405 = CARTESIAN_POINT('',(-4.632675515065,-17.16571768327));
#4406 = CARTESIAN_POINT('',(-4.718306682131,-16.54953589087));
#4407 = CARTESIAN_POINT('',(-4.765025758454,-16.17873986682));
#4408 = CARTESIAN_POINT('',(-4.809032195182,-15.79587637076));
#4409 = CARTESIAN_POINT('',(-4.850538656636,-15.40223347125));
#4410 = CARTESIAN_POINT('',(-4.889743137628,-14.99896476416));
#4411 = CARTESIAN_POINT('',(-4.926831858995,-14.58703557857));
#4412 = CARTESIAN_POINT('',(-4.972656685807,-14.03962655152));
#4413 = CARTESIAN_POINT('',(-4.983156446468,-13.91132618701));
#4414 = CARTESIAN_POINT('',(-4.993481068392,-13.78232378135));
#4415 = CARTESIAN_POINT('',(-5.0036350887,-13.6526417338));
#4416 = CARTESIAN_POINT('',(-5.01362289908,-13.52230146031));
#4417 = CARTESIAN_POINT('',(-5.023448745785,-13.39132339353));
#4418 = CARTESIAN_POINT('',(-5.033116729631,-13.25972698281));
#4419 = ( GEOMETRIC_REPRESENTATION_CONTEXT(2) 
PARAMETRIC_REPRESENTATION_CONTEXT() REPRESENTATION_CONTEXT('2D SPACE',''
  ) );
#4420 = PCURVE('',#4238,#4421);
#4421 = DEFINITIONAL_REPRESENTATION('',(#4422),#4449);
#4422 = B_SPLINE_CURVE_WITH_KNOTS('',7,(#4423,#4424,#4425,#4426,#4427,
    #4428,#4429,#4430,#4431,#4432,#4433,#4434,#4435,#4436,#4437,#4438,
    #4439,#4440,#4441,#4442,#4443,#4444,#4445,#4446,#4447,#4448),
  .UNSPECIFIED.,.F.,.F.,(8,6,6,6,8),(0.,0.308179510674,0.555199826683,
    0.896338290075,1.),.UNSPECIFIED.);
#4423 = CARTESIAN_POINT('',(3.623140492633,13.282202112919));
#4424 = CARTESIAN_POINT('',(3.669725476921,12.850493303722));
#4425 = CARTESIAN_POINT('',(3.713878069325,12.382048784291));
#4426 = CARTESIAN_POINT('',(3.755601867813,11.882968926392));
#4427 = CARTESIAN_POINT('',(3.794945944109,11.358863166008));
#4428 = CARTESIAN_POINT('',(3.83200616222,10.814674677595));
#4429 = CARTESIAN_POINT('',(3.86691666118,10.254350889656));
#4430 = CARTESIAN_POINT('',(3.926227115239,9.220744865518));
#4431 = CARTESIAN_POINT('',(3.951330090495,8.752395112477));
#4432 = CARTESIAN_POINT('',(3.97522706202,8.277065595823));
#4433 = CARTESIAN_POINT('',(3.997993921194,7.796040711434));
#4434 = CARTESIAN_POINT('',(4.019704534728,7.310385056332));
#4435 = CARTESIAN_POINT('',(4.040431110986,6.820936478333));
#4436 = CARTESIAN_POINT('',(4.087604287281,5.647961941286));
#4437 = CARTESIAN_POINT('',(4.113214857832,4.961708159065));
#4438 = CARTESIAN_POINT('',(4.137259361429,4.271154197619));
#4439 = CARTESIAN_POINT('',(4.159894567563,3.577570535175));
#4440 = CARTESIAN_POINT('',(4.181257986018,2.881906900949));
#4441 = CARTESIAN_POINT('',(4.20147260009,2.184808551195));
#4442 = CARTESIAN_POINT('',(4.226474887375,1.27446723199));
#4443 = CARTESIAN_POINT('',(4.232205577102,1.06221733759));
#4444 = CARTESIAN_POINT('',(4.237843102632,0.849887929819));
#4445 = CARTESIAN_POINT('',(4.243390330056,0.637491085183));
#4446 = CARTESIAN_POINT('',(4.248850004564,0.425037727178));
#4447 = CARTESIAN_POINT('',(4.254224750443,0.212537626291));
#4448 = CARTESIAN_POINT('',(4.259517071075,-6.E-07));
#4449 = ( GEOMETRIC_REPRESENTATION_CONTEXT(2) 
PARAMETRIC_REPRESENTATION_CONTEXT() REPRESENTATION_CONTEXT('2D SPACE',''
  ) );
#4450 = ADVANCED_FACE('',(#4451),#2019,.F.);
#4451 = FACE_BOUND('',#4452,.F.);
#4452 = EDGE_LOOP('',(#4453,#4474,#4475,#4476,#4477));
#4453 = ORIENTED_EDGE('',*,*,#4454,.F.);
#4454 = EDGE_CURVE('',#2161,#2002,#4455,.T.);
#4455 = SURFACE_CURVE('',#4456,(#4460,#4467),.PCURVE_S1.);
#4456 = LINE('',#4457,#4458);
#4457 = CARTESIAN_POINT('',(24.,-1.5,21.));
#4458 = VECTOR('',#4459,1.);
#4459 = DIRECTION('',(0.,1.,0.));
#4460 = PCURVE('',#2019,#4461);
#4461 = DEFINITIONAL_REPRESENTATION('',(#4462),#4466);
#4462 = LINE('',#4463,#4464);
#4463 = CARTESIAN_POINT('',(0.,-1.5));
#4464 = VECTOR('',#4465,1.);
#4465 = DIRECTION('',(0.,1.));
#4466 = ( GEOMETRIC_REPRESENTATION_CONTEXT(2) 
PARAMETRIC_REPRESENTATION_CONTEXT() REPRESENTATION_CONTEXT('2D SPACE',''
  ) );
#4467 = PCURVE('',#2096,#4468);
#4468 = DEFINITIONAL_REPRESENTATION('',(#4469),#4473);
#4469 = LINE('',#4470,#4471);
#4470 = CARTESIAN_POINT('',(5.,-1.5));
#4471 = VECTOR('',#4472,1.);
#4472 = DIRECTION('',(0.,1.));
#4473 = ( GEOMETRIC_REPRESENTATION_CONTEXT(2) 
PARAMETRIC_REPRESENTATION_CONTEXT() REPRESENTATION_CONTEXT('2D SPACE',''
  ) );
#4474 = ORIENTED_EDGE('',*,*,#2160,.T.);
#4475 = ORIENTED_EDGE('',*,*,#2904,.T.);
#4476 = ORIENTED_EDGE('',*,*,#2441,.T.);
#4477 = ORIENTED_EDGE('',*,*,#2001,.F.);
#4478 = ADVANCED_FACE('',(#4479),#2096,.F.);
#4479 = FACE_BOUND('',#4480,.F.);
#4480 = EDGE_LOOP('',(#4481,#4482,#4483,#4484));
#4481 = ORIENTED_EDGE('',*,*,#2135,.F.);
#4482 = ORIENTED_EDGE('',*,*,#2214,.T.);
#4483 = ORIENTED_EDGE('',*,*,#4454,.T.);
#4484 = ORIENTED_EDGE('',*,*,#2082,.F.);
#4485 = ADVANCED_FACE('',(#4486),#2257,.T.);
#4486 = FACE_BOUND('',#4487,.T.);
#4487 = EDGE_LOOP('',(#4488,#4537));
#4488 = ORIENTED_EDGE('',*,*,#4489,.F.);
#4489 = EDGE_CURVE('',#2239,#2241,#4490,.T.);
#4490 = SURFACE_CURVE('',#4491,(#4496,#4503),.PCURVE_S1.);
#4491 = ELLIPSE('',#4492,21.462539271047,18.);
#4492 = AXIS2_PLACEMENT_3D('',#4493,#4494,#4495);
#4493 = CARTESIAN_POINT('',(5.19526074558,0.,32.));
#4494 = DIRECTION('',(0.,0.,1.));
#4495 = DIRECTION('',(-1.,0.,0.));
#4496 = PCURVE('',#2257,#4497);
#4497 = DEFINITIONAL_REPRESENTATION('',(#4498),#4502);
#4498 = ELLIPSE('',#4499,21.462539271047,18.);
#4499 = AXIS2_PLACEMENT_2D('',#4500,#4501);
#4500 = CARTESIAN_POINT('',(5.19526074558,0.));
#4501 = DIRECTION('',(-1.,0.));
#4502 = ( GEOMETRIC_REPRESENTATION_CONTEXT(2) 
PARAMETRIC_REPRESENTATION_CONTEXT() REPRESENTATION_CONTEXT('2D SPACE',''
  ) );
#4503 = PCURVE('',#2343,#4504);
#4504 = DEFINITIONAL_REPRESENTATION('',(#4505),#4536);
#4505 = B_SPLINE_CURVE_WITH_KNOTS('',8,(#4506,#4507,#4508,#4509,#4510,
    #4511,#4512,#4513,#4514,#4515,#4516,#4517,#4518,#4519,#4520,#4521,
    #4522,#4523,#4524,#4525,#4526,#4527,#4528,#4529,#4530,#4531,#4532,
    #4533,#4534,#4535),.UNSPECIFIED.,.F.,.F.,(9,7,7,7,9),(3.925115598315
    ,5.104150452747,6.872702734396,7.75697887522,8.641255016044),
  .UNSPECIFIED.);
#4506 = CARTESIAN_POINT('',(0.783522944725,4.17999914213));
#4507 = CARTESIAN_POINT('',(0.930902301529,5.395892819678));
#4508 = CARTESIAN_POINT('',(1.078281658333,6.817353604086));
#4509 = CARTESIAN_POINT('',(1.225661015137,8.404135515141));
#4510 = CARTESIAN_POINT('',(1.373040371941,10.106476169698));
#4511 = CARTESIAN_POINT('',(1.520419728745,11.867864131858));
#4512 = CARTESIAN_POINT('',(1.667799085549,13.628996018481));
#4513 = CARTESIAN_POINT('',(1.815178442353,15.332034886163));
#4514 = CARTESIAN_POINT('',(2.183626834364,19.312651235404));
#4515 = CARTESIAN_POINT('',(2.404695869565,21.451738620708));
#4516 = CARTESIAN_POINT('',(2.625764904788,23.163672616138));
#4517 = CARTESIAN_POINT('',(2.846833939953,24.296611388098));
#4518 = CARTESIAN_POINT('',(3.067902975195,24.75238496004));
#4519 = CARTESIAN_POINT('',(3.288972010389,24.508058998592));
#4520 = CARTESIAN_POINT('',(3.5100410456,23.614060456644));
#4521 = CARTESIAN_POINT('',(3.841644598409,21.459034208468));
#4522 = CARTESIAN_POINT('',(3.952179116012,20.605020777568));
#4523 = CARTESIAN_POINT('',(4.062713633615,19.628710353151));
#4524 = CARTESIAN_POINT('',(4.173248151218,18.547011672053));
#4525 = CARTESIAN_POINT('',(4.283782668821,17.379850709837));
#4526 = CARTESIAN_POINT('',(4.394317186424,16.149408054626));
#4527 = CARTESIAN_POINT('',(4.504851704027,14.879215199841));
#4528 = CARTESIAN_POINT('',(4.725920739233,12.307213115029));
#4529 = CARTESIAN_POINT('',(4.836455256836,11.005403982464));
#4530 = CARTESIAN_POINT('',(4.946989774441,9.7117289213));
#4531 = CARTESIAN_POINT('',(5.057524292043,8.450543052981));
#4532 = CARTESIAN_POINT('',(5.168058809644,7.245675853815));
#4533 = CARTESIAN_POINT('',(5.278593327249,6.119471036135));
#4534 = CARTESIAN_POINT('',(5.389127844851,5.091919400291));
#4535 = CARTESIAN_POINT('',(5.499662362454,4.17999914213));
#4536 = ( GEOMETRIC_REPRESENTATION_CONTEXT(2) 
PARAMETRIC_REPRESENTATION_CONTEXT() REPRESENTATION_CONTEXT('2D SPACE',''
  ) );
#4537 = ORIENTED_EDGE('',*,*,#2238,.T.);
#4538 = ADVANCED_FACE('',(#4539),#2343,.T.);
#4539 = FACE_BOUND('',#4540,.T.);
#4540 = EDGE_LOOP('',(#4541,#4566,#4593,#4594,#4616,#4617,#4618,#4619));
#4541 = ORIENTED_EDGE('',*,*,#4542,.T.);
#4542 = EDGE_CURVE('',#4543,#4545,#4547,.T.);
#4543 = VERTEX_POINT('',#4544);
#4544 = CARTESIAN_POINT('',(27.078128993348,-4.40872847693E-15,
    31.352750135471));
#4545 = VERTEX_POINT('',#4546);
#4546 = CARTESIAN_POINT('',(10.738957942897,-4.40872847693E-15,
    56.512867173834));
#4547 = SEAM_CURVE('',#4548,(#4552,#4559),.PCURVE_S1.);
#4548 = LINE('',#4549,#4550);
#4549 = CARTESIAN_POINT('',(27.078128993348,-4.40872847693E-15,
    31.352750135471));
#4550 = VECTOR('',#4551,1.);
#4551 = DIRECTION('',(-0.544639035015,0.,0.838670567945));
#4552 = PCURVE('',#2343,#4553);
#4553 = DEFINITIONAL_REPRESENTATION('',(#4554),#4558);
#4554 = LINE('',#4555,#4556);
#4555 = CARTESIAN_POINT('',(6.28318530718,-0.));
#4556 = VECTOR('',#4557,1.);
#4557 = DIRECTION('',(0.,1.));
#4558 = ( GEOMETRIC_REPRESENTATION_CONTEXT(2) 
PARAMETRIC_REPRESENTATION_CONTEXT() REPRESENTATION_CONTEXT('2D SPACE',''
  ) );
#4559 = PCURVE('',#2343,#4560);
#4560 = DEFINITIONAL_REPRESENTATION('',(#4561),#4565);
#4561 = LINE('',#4562,#4563);
#4562 = CARTESIAN_POINT('',(0.,-0.));
#4563 = VECTOR('',#4564,1.);
#4564 = DIRECTION('',(0.,1.));
#4565 = ( GEOMETRIC_REPRESENTATION_CONTEXT(2) 
PARAMETRIC_REPRESENTATION_CONTEXT() REPRESENTATION_CONTEXT('2D SPACE',''
  ) );
#4566 = ORIENTED_EDGE('',*,*,#4567,.F.);
#4567 = EDGE_CURVE('',#4545,#4545,#4568,.T.);
#4568 = SURFACE_CURVE('',#4569,(#4574,#4581),.PCURVE_S1.);
#4569 = CIRCLE('',#4570,18.);
#4570 = AXIS2_PLACEMENT_3D('',#4571,#4572,#4573);
#4571 = CARTESIAN_POINT('',(-4.35711228012,0.,46.709364543563));
#4572 = DIRECTION('',(-0.544639035015,0.,0.838670567945));
#4573 = DIRECTION('',(0.838670567945,0.,0.544639035015));
#4574 = PCURVE('',#2343,#4575);
#4575 = DEFINITIONAL_REPRESENTATION('',(#4576),#4580);
#4576 = LINE('',#4577,#4578);
#4577 = CARTESIAN_POINT('',(0.,30.));
#4578 = VECTOR('',#4579,1.);
#4579 = DIRECTION('',(1.,0.));
#4580 = ( GEOMETRIC_REPRESENTATION_CONTEXT(2) 
PARAMETRIC_REPRESENTATION_CONTEXT() REPRESENTATION_CONTEXT('2D SPACE',''
  ) );
#4581 = PCURVE('',#4582,#4587);
#4582 = PLANE('',#4583);
#4583 = AXIS2_PLACEMENT_3D('',#4584,#4585,#4586);
#4584 = CARTESIAN_POINT('',(-4.35711228012,0.,46.709364543563));
#4585 = DIRECTION('',(-0.544639035015,0.,0.838670567945));
#4586 = DIRECTION('',(0.838670567945,0.,0.544639035015));
#4587 = DEFINITIONAL_REPRESENTATION('',(#4588),#4592);
#4588 = CIRCLE('',#4589,18.);
#4589 = AXIS2_PLACEMENT_2D('',#4590,#4591);
#4590 = CARTESIAN_POINT('',(0.,0.));
#4591 = DIRECTION('',(1.,0.));
#4592 = ( GEOMETRIC_REPRESENTATION_CONTEXT(2) 
PARAMETRIC_REPRESENTATION_CONTEXT() REPRESENTATION_CONTEXT('2D SPACE',''
  ) );
#4593 = ORIENTED_EDGE('',*,*,#4542,.F.);
#4594 = ORIENTED_EDGE('',*,*,#4595,.T.);
#4595 = EDGE_CURVE('',#4543,#2270,#4596,.T.);
#4596 = SURFACE_CURVE('',#4597,(#4602,#4609),.PCURVE_S1.);
#4597 = CIRCLE('',#4598,18.);
#4598 = AXIS2_PLACEMENT_3D('',#4599,#4600,#4601);
#4599 = CARTESIAN_POINT('',(11.982058770331,0.,21.549247505201));
#4600 = DIRECTION('',(-0.544639035015,0.,0.838670567945));
#4601 = DIRECTION('',(0.838670567945,0.,0.544639035015));
#4602 = PCURVE('',#2343,#4603);
#4603 = DEFINITIONAL_REPRESENTATION('',(#4604),#4608);
#4604 = LINE('',#4605,#4606);
#4605 = CARTESIAN_POINT('',(0.,0.));
#4606 = VECTOR('',#4607,1.);
#4607 = DIRECTION('',(1.,0.));
#4608 = ( GEOMETRIC_REPRESENTATION_CONTEXT(2) 
PARAMETRIC_REPRESENTATION_CONTEXT() REPRESENTATION_CONTEXT('2D SPACE',''
  ) );
#4609 = PCURVE('',#2406,#4610);
#4610 = DEFINITIONAL_REPRESENTATION('',(#4611),#4615);
#4611 = CIRCLE('',#4612,18.);
#4612 = AXIS2_PLACEMENT_2D('',#4613,#4614);
#4613 = CARTESIAN_POINT('',(0.,0.));
#4614 = DIRECTION('',(1.,0.));
#4615 = ( GEOMETRIC_REPRESENTATION_CONTEXT(2) 
PARAMETRIC_REPRESENTATION_CONTEXT() REPRESENTATION_CONTEXT('2D SPACE',''
  ) );
#4616 = ORIENTED_EDGE('',*,*,#2269,.F.);
#4617 = ORIENTED_EDGE('',*,*,#4489,.T.);
#4618 = ORIENTED_EDGE('',*,*,#2959,.F.);
#4619 = ORIENTED_EDGE('',*,*,#4620,.T.);
#4620 = EDGE_CURVE('',#2931,#4543,#4621,.T.);
#4621 = SURFACE_CURVE('',#4622,(#4627,#4634),.PCURVE_S1.);
#4622 = CIRCLE('',#4623,18.);
#4623 = AXIS2_PLACEMENT_3D('',#4624,#4625,#4626);
#4624 = CARTESIAN_POINT('',(11.982058770331,0.,21.549247505201));
#4625 = DIRECTION('',(-0.544639035015,0.,0.838670567945));
#4626 = DIRECTION('',(0.838670567945,0.,0.544639035015));
#4627 = PCURVE('',#2343,#4628);
#4628 = DEFINITIONAL_REPRESENTATION('',(#4629),#4633);
#4629 = LINE('',#4630,#4631);
#4630 = CARTESIAN_POINT('',(0.,0.));
#4631 = VECTOR('',#4632,1.);
#4632 = DIRECTION('',(1.,0.));
#4633 = ( GEOMETRIC_REPRESENTATION_CONTEXT(2) 
PARAMETRIC_REPRESENTATION_CONTEXT() REPRESENTATION_CONTEXT('2D SPACE',''
  ) );
#4634 = PCURVE('',#2406,#4635);
#4635 = DEFINITIONAL_REPRESENTATION('',(#4636),#4640);
#4636 = CIRCLE('',#4637,18.);
#4637 = AXIS2_PLACEMENT_2D('',#4638,#4639);
#4638 = CARTESIAN_POINT('',(0.,0.));
#4639 = DIRECTION('',(1.,0.));
#4640 = ( GEOMETRIC_REPRESENTATION_CONTEXT(2) 
PARAMETRIC_REPRESENTATION_CONTEXT() REPRESENTATION_CONTEXT('2D SPACE',''
  ) );
#4641 = ADVANCED_FACE('',(#4642),#2406,.F.);
#4642 = FACE_BOUND('',#4643,.F.);
#4643 = EDGE_LOOP('',(#4644,#4645,#4646,#4647));
#4644 = ORIENTED_EDGE('',*,*,#4620,.T.);
#4645 = ORIENTED_EDGE('',*,*,#4595,.T.);
#4646 = ORIENTED_EDGE('',*,*,#2384,.F.);
#4647 = ORIENTED_EDGE('',*,*,#2930,.F.);
#4648 = ADVANCED_FACE('',(#4649),#2864,.F.);
#4649 = FACE_BOUND('',#4650,.F.);
#4650 = EDGE_LOOP('',(#4651,#4672,#4673,#4674));
#4651 = ORIENTED_EDGE('',*,*,#4652,.F.);
#4652 = EDGE_CURVE('',#3984,#4111,#4653,.T.);
#4653 = SURFACE_CURVE('',#4654,(#4658,#4665),.PCURVE_S1.);
#4654 = LINE('',#4655,#4656);
#4655 = CARTESIAN_POINT('',(10.700961894323,-21.53460969082,21.));
#4656 = VECTOR('',#4657,1.);
#4657 = DIRECTION('',(0.866025403784,0.5,0.));
#4658 = PCURVE('',#2864,#4659);
#4659 = DEFINITIONAL_REPRESENTATION('',(#4660),#4664);
#4660 = LINE('',#4661,#4662);
#4661 = CARTESIAN_POINT('',(-1.387778780781E-17,-1.5));
#4662 = VECTOR('',#4663,1.);
#4663 = DIRECTION('',(0.,1.));
#4664 = ( GEOMETRIC_REPRESENTATION_CONTEXT(2) 
PARAMETRIC_REPRESENTATION_CONTEXT() REPRESENTATION_CONTEXT('2D SPACE',''
  ) );
#4665 = PCURVE('',#3999,#4666);
#4666 = DEFINITIONAL_REPRESENTATION('',(#4667),#4671);
#4667 = LINE('',#4668,#4669);
#4668 = CARTESIAN_POINT('',(5.,-1.5));
#4669 = VECTOR('',#4670,1.);
#4670 = DIRECTION('',(0.,1.));
#4671 = ( GEOMETRIC_REPRESENTATION_CONTEXT(2) 
PARAMETRIC_REPRESENTATION_CONTEXT() REPRESENTATION_CONTEXT('2D SPACE',''
  ) );
#4672 = ORIENTED_EDGE('',*,*,#4011,.T.);
#4673 = ORIENTED_EDGE('',*,*,#2844,.T.);
#4674 = ORIENTED_EDGE('',*,*,#4133,.F.);
#4675 = ADVANCED_FACE('',(#4676),#2777,.F.);
#4676 = FACE_BOUND('',#4677,.F.);
#4677 = EDGE_LOOP('',(#4678,#4699,#4700,#4701));
#4678 = ORIENTED_EDGE('',*,*,#4679,.F.);
#4679 = EDGE_CURVE('',#3757,#3884,#4680,.T.);
#4680 = SURFACE_CURVE('',#4681,(#4685,#4692),.PCURVE_S1.);
#4681 = LINE('',#4682,#4683);
#4682 = CARTESIAN_POINT('',(-13.29903810567,-20.03460969082,21.));
#4683 = VECTOR('',#4684,1.);
#4684 = DIRECTION('',(0.866025403784,-0.5,0.));
#4685 = PCURVE('',#2777,#4686);
#4686 = DEFINITIONAL_REPRESENTATION('',(#4687),#4691);
#4687 = LINE('',#4688,#4689);
#4688 = CARTESIAN_POINT('',(1.665334536938E-16,-1.5));
#4689 = VECTOR('',#4690,1.);
#4690 = DIRECTION('',(-1.387778780781E-17,1.));
#4691 = ( GEOMETRIC_REPRESENTATION_CONTEXT(2) 
PARAMETRIC_REPRESENTATION_CONTEXT() REPRESENTATION_CONTEXT('2D SPACE',''
  ) );
#4692 = PCURVE('',#3772,#4693);
#4693 = DEFINITIONAL_REPRESENTATION('',(#4694),#4698);
#4694 = LINE('',#4695,#4696);
#4695 = CARTESIAN_POINT('',(5.,-1.5));
#4696 = VECTOR('',#4697,1.);
#4697 = DIRECTION('',(0.,1.));
#4698 = ( GEOMETRIC_REPRESENTATION_CONTEXT(2) 
PARAMETRIC_REPRESENTATION_CONTEXT() REPRESENTATION_CONTEXT('2D SPACE',''
  ) );
#4699 = ORIENTED_EDGE('',*,*,#3784,.T.);
#4700 = ORIENTED_EDGE('',*,*,#2757,.T.);
#4701 = ORIENTED_EDGE('',*,*,#3906,.F.);
#4702 = ADVANCED_FACE('',(#4703),#2690,.F.);
#4703 = FACE_BOUND('',#4704,.F.);
#4704 = EDGE_LOOP('',(#4705,#4726,#4727,#4728));
#4705 = ORIENTED_EDGE('',*,*,#4706,.F.);
#4706 = EDGE_CURVE('',#3530,#3657,#4707,.T.);
#4707 = SURFACE_CURVE('',#4708,(#4712,#4719),.PCURVE_S1.);
#4708 = LINE('',#4709,#4710);
#4709 = CARTESIAN_POINT('',(-24.,1.5,21.));
#4710 = VECTOR('',#4711,1.);
#4711 = DIRECTION('',(-1.224646799147E-16,-1.,0.));
#4712 = PCURVE('',#2690,#4713);
#4713 = DEFINITIONAL_REPRESENTATION('',(#4714),#4718);
#4714 = LINE('',#4715,#4716);
#4715 = CARTESIAN_POINT('',(3.192384793657E-17,-1.5));
#4716 = VECTOR('',#4717,1.);
#4717 = DIRECTION('',(0.,1.));
#4718 = ( GEOMETRIC_REPRESENTATION_CONTEXT(2) 
PARAMETRIC_REPRESENTATION_CONTEXT() REPRESENTATION_CONTEXT('2D SPACE',''
  ) );
#4719 = PCURVE('',#3545,#4720);
#4720 = DEFINITIONAL_REPRESENTATION('',(#4721),#4725);
#4721 = LINE('',#4722,#4723);
#4722 = CARTESIAN_POINT('',(5.,-1.5));
#4723 = VECTOR('',#4724,1.);
#4724 = DIRECTION('',(0.,1.));
#4725 = ( GEOMETRIC_REPRESENTATION_CONTEXT(2) 
PARAMETRIC_REPRESENTATION_CONTEXT() REPRESENTATION_CONTEXT('2D SPACE',''
  ) );
#4726 = ORIENTED_EDGE('',*,*,#3557,.T.);
#4727 = ORIENTED_EDGE('',*,*,#2670,.T.);
#4728 = ORIENTED_EDGE('',*,*,#3679,.F.);
#4729 = ADVANCED_FACE('',(#4730),#2603,.F.);
#4730 = FACE_BOUND('',#4731,.F.);
#4731 = EDGE_LOOP('',(#4732,#4753,#4754,#4755));
#4732 = ORIENTED_EDGE('',*,*,#4733,.F.);
#4733 = EDGE_CURVE('',#3303,#3430,#4734,.T.);
#4734 = SURFACE_CURVE('',#4735,(#4739,#4746),.PCURVE_S1.);
#4735 = LINE('',#4736,#4737);
#4736 = CARTESIAN_POINT('',(-10.70096189432,21.534609690827,21.));
#4737 = VECTOR('',#4738,1.);
#4738 = DIRECTION('',(-0.866025403784,-0.5,0.));
#4739 = PCURVE('',#2603,#4740);
#4740 = DEFINITIONAL_REPRESENTATION('',(#4741),#4745);
#4741 = LINE('',#4742,#4743);
#4742 = CARTESIAN_POINT('',(5.551115123126E-17,-1.5));
#4743 = VECTOR('',#4744,1.);
#4744 = DIRECTION('',(9.500230579846E-18,1.));
#4745 = ( GEOMETRIC_REPRESENTATION_CONTEXT(2) 
PARAMETRIC_REPRESENTATION_CONTEXT() REPRESENTATION_CONTEXT('2D SPACE',''
  ) );
#4746 = PCURVE('',#3318,#4747);
#4747 = DEFINITIONAL_REPRESENTATION('',(#4748),#4752);
#4748 = LINE('',#4749,#4750);
#4749 = CARTESIAN_POINT('',(5.,-1.5));
#4750 = VECTOR('',#4751,1.);
#4751 = DIRECTION('',(0.,1.));
#4752 = ( GEOMETRIC_REPRESENTATION_CONTEXT(2) 
PARAMETRIC_REPRESENTATION_CONTEXT() REPRESENTATION_CONTEXT('2D SPACE',''
  ) );
#4753 = ORIENTED_EDGE('',*,*,#3330,.T.);
#4754 = ORIENTED_EDGE('',*,*,#2583,.T.);
#4755 = ORIENTED_EDGE('',*,*,#3452,.F.);
#4756 = ADVANCED_FACE('',(#4757),#2516,.F.);
#4757 = FACE_BOUND('',#4758,.F.);
#4758 = EDGE_LOOP('',(#4759,#4780,#4781,#4782));
#4759 = ORIENTED_EDGE('',*,*,#4760,.F.);
#4760 = EDGE_CURVE('',#3076,#3203,#4761,.T.);
#4761 = SURFACE_CURVE('',#4762,(#4766,#4773),.PCURVE_S1.);
#4762 = LINE('',#4763,#4764);
#4763 = CARTESIAN_POINT('',(13.299038105677,20.034609690827,21.));
#4764 = VECTOR('',#4765,1.);
#4765 = DIRECTION('',(-0.866025403784,0.5,0.));
#4766 = PCURVE('',#2516,#4767);
#4767 = DEFINITIONAL_REPRESENTATION('',(#4768),#4772);
#4768 = LINE('',#4769,#4770);
#4769 = CARTESIAN_POINT('',(1.387778780781E-17,-1.5));
#4770 = VECTOR('',#4771,1.);
#4771 = DIRECTION('',(0.,1.));
#4772 = ( GEOMETRIC_REPRESENTATION_CONTEXT(2) 
PARAMETRIC_REPRESENTATION_CONTEXT() REPRESENTATION_CONTEXT('2D SPACE',''
  ) );
#4773 = PCURVE('',#3091,#4774);
#4774 = DEFINITIONAL_REPRESENTATION('',(#4775),#4779);
#4775 = LINE('',#4776,#4777);
#4776 = CARTESIAN_POINT('',(5.,-1.5));
#4777 = VECTOR('',#4778,1.);
#4778 = DIRECTION('',(0.,1.));
#4779 = ( GEOMETRIC_REPRESENTATION_CONTEXT(2) 
PARAMETRIC_REPRESENTATION_CONTEXT() REPRESENTATION_CONTEXT('2D SPACE',''
  ) );
#4780 = ORIENTED_EDGE('',*,*,#3103,.T.);
#4781 = ORIENTED_EDGE('',*,*,#2496,.T.);
#4782 = ORIENTED_EDGE('',*,*,#3225,.F.);
#4783 = ADVANCED_FACE('',(#4784),#3091,.F.);
#4784 = FACE_BOUND('',#4785,.F.);
#4785 = EDGE_LOOP('',(#4786,#4807,#4808,#4809));
#4786 = ORIENTED_EDGE('',*,*,#4787,.F.);
#4787 = EDGE_CURVE('',#3048,#3180,#4788,.T.);
#4788 = SURFACE_CURVE('',#4789,(#4793,#4800),.PCURVE_S1.);
#4789 = LINE('',#4790,#4791);
#4790 = CARTESIAN_POINT('',(13.299038105677,20.034609690827,26.));
#4791 = VECTOR('',#4792,1.);
#4792 = DIRECTION('',(-0.866025403784,0.5,0.));
#4793 = PCURVE('',#3091,#4794);
#4794 = DEFINITIONAL_REPRESENTATION('',(#4795),#4799);
#4795 = LINE('',#4796,#4797);
#4796 = CARTESIAN_POINT('',(0.,-1.5));
#4797 = VECTOR('',#4798,1.);
#4798 = DIRECTION('',(0.,1.));
#4799 = ( GEOMETRIC_REPRESENTATION_CONTEXT(2) 
PARAMETRIC_REPRESENTATION_CONTEXT() REPRESENTATION_CONTEXT('2D SPACE',''
  ) );
#4800 = PCURVE('',#3063,#4801);
#4801 = DEFINITIONAL_REPRESENTATION('',(#4802),#4806);
#4802 = LINE('',#4803,#4804);
#4803 = CARTESIAN_POINT('',(34.003529228596,-1.5));
#4804 = VECTOR('',#4805,1.);
#4805 = DIRECTION('',(5.551115123126E-17,1.));
#4806 = ( GEOMETRIC_REPRESENTATION_CONTEXT(2) 
PARAMETRIC_REPRESENTATION_CONTEXT() REPRESENTATION_CONTEXT('2D SPACE',''
  ) );
#4807 = ORIENTED_EDGE('',*,*,#3075,.T.);
#4808 = ORIENTED_EDGE('',*,*,#4760,.T.);
#4809 = ORIENTED_EDGE('',*,*,#3202,.F.);
#4810 = ADVANCED_FACE('',(#4811),#3063,.F.);
#4811 = FACE_BOUND('',#4812,.F.);
#4812 = EDGE_LOOP('',(#4813,#4814,#4815,#4816));
#4813 = ORIENTED_EDGE('',*,*,#3047,.T.);
#4814 = ORIENTED_EDGE('',*,*,#4787,.T.);
#4815 = ORIENTED_EDGE('',*,*,#3179,.F.);
#4816 = ORIENTED_EDGE('',*,*,#3128,.T.);
#4817 = ADVANCED_FACE('',(#4818),#3318,.F.);
#4818 = FACE_BOUND('',#4819,.F.);
#4819 = EDGE_LOOP('',(#4820,#4841,#4842,#4843));
#4820 = ORIENTED_EDGE('',*,*,#4821,.F.);
#4821 = EDGE_CURVE('',#3275,#3407,#4822,.T.);
#4822 = SURFACE_CURVE('',#4823,(#4827,#4834),.PCURVE_S1.);
#4823 = LINE('',#4824,#4825);
#4824 = CARTESIAN_POINT('',(-10.70096189432,21.534609690827,26.));
#4825 = VECTOR('',#4826,1.);
#4826 = DIRECTION('',(-0.866025403784,-0.5,0.));
#4827 = PCURVE('',#3318,#4828);
#4828 = DEFINITIONAL_REPRESENTATION('',(#4829),#4833);
#4829 = LINE('',#4830,#4831);
#4830 = CARTESIAN_POINT('',(0.,-1.5));
#4831 = VECTOR('',#4832,1.);
#4832 = DIRECTION('',(0.,1.));
#4833 = ( GEOMETRIC_REPRESENTATION_CONTEXT(2) 
PARAMETRIC_REPRESENTATION_CONTEXT() REPRESENTATION_CONTEXT('2D SPACE',''
  ) );
#4834 = PCURVE('',#3290,#4835);
#4835 = DEFINITIONAL_REPRESENTATION('',(#4836),#4840);
#4836 = LINE('',#4837,#4838);
#4837 = CARTESIAN_POINT('',(34.003529228596,-1.5));
#4838 = VECTOR('',#4839,1.);
#4839 = DIRECTION('',(-1.286189494815E-17,1.));
#4840 = ( GEOMETRIC_REPRESENTATION_CONTEXT(2) 
PARAMETRIC_REPRESENTATION_CONTEXT() REPRESENTATION_CONTEXT('2D SPACE',''
  ) );
#4841 = ORIENTED_EDGE('',*,*,#3302,.T.);
#4842 = ORIENTED_EDGE('',*,*,#4733,.T.);
#4843 = ORIENTED_EDGE('',*,*,#3429,.F.);
#4844 = ADVANCED_FACE('',(#4845),#3290,.F.);
#4845 = FACE_BOUND('',#4846,.F.);
#4846 = EDGE_LOOP('',(#4847,#4848,#4849,#4850));
#4847 = ORIENTED_EDGE('',*,*,#3274,.T.);
#4848 = ORIENTED_EDGE('',*,*,#4821,.T.);
#4849 = ORIENTED_EDGE('',*,*,#3406,.F.);
#4850 = ORIENTED_EDGE('',*,*,#3355,.T.);
#4851 = ADVANCED_FACE('',(#4852),#3545,.F.);
#4852 = FACE_BOUND('',#4853,.F.);
#4853 = EDGE_LOOP('',(#4854,#4875,#4876,#4877));
#4854 = ORIENTED_EDGE('',*,*,#4855,.F.);
#4855 = EDGE_CURVE('',#3502,#3634,#4856,.T.);
#4856 = SURFACE_CURVE('',#4857,(#4861,#4868),.PCURVE_S1.);
#4857 = LINE('',#4858,#4859);
#4858 = CARTESIAN_POINT('',(-24.,1.5,26.));
#4859 = VECTOR('',#4860,1.);
#4860 = DIRECTION('',(-1.224646799147E-16,-1.,0.));
#4861 = PCURVE('',#3545,#4862);
#4862 = DEFINITIONAL_REPRESENTATION('',(#4863),#4867);
#4863 = LINE('',#4864,#4865);
#4864 = CARTESIAN_POINT('',(0.,-1.5));
#4865 = VECTOR('',#4866,1.);
#4866 = DIRECTION('',(0.,1.));
#4867 = ( GEOMETRIC_REPRESENTATION_CONTEXT(2) 
PARAMETRIC_REPRESENTATION_CONTEXT() REPRESENTATION_CONTEXT('2D SPACE',''
  ) );
#4868 = PCURVE('',#3517,#4869);
#4869 = DEFINITIONAL_REPRESENTATION('',(#4870),#4874);
#4870 = LINE('',#4871,#4872);
#4871 = CARTESIAN_POINT('',(34.003529228596,-1.5));
#4872 = VECTOR('',#4873,1.);
#4873 = DIRECTION('',(0.,1.));
#4874 = ( GEOMETRIC_REPRESENTATION_CONTEXT(2) 
PARAMETRIC_REPRESENTATION_CONTEXT() REPRESENTATION_CONTEXT('2D SPACE',''
  ) );
#4875 = ORIENTED_EDGE('',*,*,#3529,.T.);
#4876 = ORIENTED_EDGE('',*,*,#4706,.T.);
#4877 = ORIENTED_EDGE('',*,*,#3656,.F.);
#4878 = ADVANCED_FACE('',(#4879),#3517,.F.);
#4879 = FACE_BOUND('',#4880,.F.);
#4880 = EDGE_LOOP('',(#4881,#4882,#4883,#4884));
#4881 = ORIENTED_EDGE('',*,*,#3501,.T.);
#4882 = ORIENTED_EDGE('',*,*,#4855,.T.);
#4883 = ORIENTED_EDGE('',*,*,#3633,.F.);
#4884 = ORIENTED_EDGE('',*,*,#3582,.T.);
#4885 = ADVANCED_FACE('',(#4886),#3772,.F.);
#4886 = FACE_BOUND('',#4887,.F.);
#4887 = EDGE_LOOP('',(#4888,#4909,#4910,#4911));
#4888 = ORIENTED_EDGE('',*,*,#4889,.F.);
#4889 = EDGE_CURVE('',#3729,#3861,#4890,.T.);
#4890 = SURFACE_CURVE('',#4891,(#4895,#4902),.PCURVE_S1.);
#4891 = LINE('',#4892,#4893);
#4892 = CARTESIAN_POINT('',(-13.29903810567,-20.03460969082,26.));
#4893 = VECTOR('',#4894,1.);
#4894 = DIRECTION('',(0.866025403784,-0.5,0.));
#4895 = PCURVE('',#3772,#4896);
#4896 = DEFINITIONAL_REPRESENTATION('',(#4897),#4901);
#4897 = LINE('',#4898,#4899);
#4898 = CARTESIAN_POINT('',(-0.,-1.5));
#4899 = VECTOR('',#4900,1.);
#4900 = DIRECTION('',(0.,1.));
#4901 = ( GEOMETRIC_REPRESENTATION_CONTEXT(2) 
PARAMETRIC_REPRESENTATION_CONTEXT() REPRESENTATION_CONTEXT('2D SPACE',''
  ) );
#4902 = PCURVE('',#3744,#4903);
#4903 = DEFINITIONAL_REPRESENTATION('',(#4904),#4908);
#4904 = LINE('',#4905,#4906);
#4905 = CARTESIAN_POINT('',(34.003529228596,-1.5));
#4906 = VECTOR('',#4907,1.);
#4907 = DIRECTION('',(-1.286189494815E-17,1.));
#4908 = ( GEOMETRIC_REPRESENTATION_CONTEXT(2) 
PARAMETRIC_REPRESENTATION_CONTEXT() REPRESENTATION_CONTEXT('2D SPACE',''
  ) );
#4909 = ORIENTED_EDGE('',*,*,#3756,.T.);
#4910 = ORIENTED_EDGE('',*,*,#4679,.T.);
#4911 = ORIENTED_EDGE('',*,*,#3883,.F.);
#4912 = ADVANCED_FACE('',(#4913),#3744,.F.);
#4913 = FACE_BOUND('',#4914,.F.);
#4914 = EDGE_LOOP('',(#4915,#4916,#4917,#4918));
#4915 = ORIENTED_EDGE('',*,*,#3728,.T.);
#4916 = ORIENTED_EDGE('',*,*,#4889,.T.);
#4917 = ORIENTED_EDGE('',*,*,#3860,.F.);
#4918 = ORIENTED_EDGE('',*,*,#3809,.T.);
#4919 = ADVANCED_FACE('',(#4920),#3999,.F.);
#4920 = FACE_BOUND('',#4921,.F.);
#4921 = EDGE_LOOP('',(#4922,#4943,#4944,#4945));
#4922 = ORIENTED_EDGE('',*,*,#4923,.F.);
#4923 = EDGE_CURVE('',#3956,#4088,#4924,.T.);
#4924 = SURFACE_CURVE('',#4925,(#4929,#4936),.PCURVE_S1.);
#4925 = LINE('',#4926,#4927);
#4926 = CARTESIAN_POINT('',(10.700961894323,-21.53460969082,26.));
#4927 = VECTOR('',#4928,1.);
#4928 = DIRECTION('',(0.866025403784,0.5,0.));
#4929 = PCURVE('',#3999,#4930);
#4930 = DEFINITIONAL_REPRESENTATION('',(#4931),#4935);
#4931 = LINE('',#4932,#4933);
#4932 = CARTESIAN_POINT('',(-0.,-1.5));
#4933 = VECTOR('',#4934,1.);
#4934 = DIRECTION('',(0.,1.));
#4935 = ( GEOMETRIC_REPRESENTATION_CONTEXT(2) 
PARAMETRIC_REPRESENTATION_CONTEXT() REPRESENTATION_CONTEXT('2D SPACE',''
  ) );
#4936 = PCURVE('',#3971,#4937);
#4937 = DEFINITIONAL_REPRESENTATION('',(#4938),#4942);
#4938 = LINE('',#4939,#4940);
#4939 = CARTESIAN_POINT('',(34.003529228596,-1.5));
#4940 = VECTOR('',#4941,1.);
#4941 = DIRECTION('',(-5.551115123126E-17,1.));
#4942 = ( GEOMETRIC_REPRESENTATION_CONTEXT(2) 
PARAMETRIC_REPRESENTATION_CONTEXT() REPRESENTATION_CONTEXT('2D SPACE',''
  ) );
#4943 = ORIENTED_EDGE('',*,*,#3983,.T.);
#4944 = ORIENTED_EDGE('',*,*,#4652,.T.);
#4945 = ORIENTED_EDGE('',*,*,#4110,.F.);
#4946 = ADVANCED_FACE('',(#4947),#3971,.F.);
#4947 = FACE_BOUND('',#4948,.F.);
#4948 = EDGE_LOOP('',(#4949,#4950,#4951,#4952));
#4949 = ORIENTED_EDGE('',*,*,#3955,.T.);
#4950 = ORIENTED_EDGE('',*,*,#4923,.T.);
#4951 = ORIENTED_EDGE('',*,*,#4087,.F.);
#4952 = ORIENTED_EDGE('',*,*,#4036,.T.);
#4953 = ADVANCED_FACE('',(#4954),#4176,.F.);
#4954 = FACE_BOUND('',#4955,.F.);
#4955 = EDGE_LOOP('',(#4956,#4984));
#4956 = ORIENTED_EDGE('',*,*,#4957,.F.);
#4957 = EDGE_CURVE('',#4158,#4160,#4958,.T.);
#4958 = SURFACE_CURVE('',#4959,(#4964,#4971),.PCURVE_S1.);
#4959 = ELLIPSE('',#4960,21.462539271047,18.);
#4960 = AXIS2_PLACEMENT_3D('',#4961,#4962,#4963);
#4961 = CARTESIAN_POINT('',(10.39052149116,0.,24.));
#4962 = DIRECTION('',(0.,0.,1.));
#4963 = DIRECTION('',(-1.,0.,0.));
#4964 = PCURVE('',#4176,#4965);
#4965 = DEFINITIONAL_REPRESENTATION('',(#4966),#4970);
#4966 = ELLIPSE('',#4967,21.462539271047,18.);
#4967 = AXIS2_PLACEMENT_2D('',#4968,#4969);
#4968 = CARTESIAN_POINT('',(10.39052149116,0.));
#4969 = DIRECTION('',(-1.,0.));
#4970 = ( GEOMETRIC_REPRESENTATION_CONTEXT(2) 
PARAMETRIC_REPRESENTATION_CONTEXT() REPRESENTATION_CONTEXT('2D SPACE',''
  ) );
#4971 = PCURVE('',#4238,#4972);
#4972 = DEFINITIONAL_REPRESENTATION('',(#4973),#4983);
#4973 = B_SPLINE_CURVE_WITH_KNOTS('',8,(#4974,#4975,#4976,#4977,#4978,
    #4979,#4980,#4981,#4982),.UNSPECIFIED.,.F.,.F.,(9,9),(5.355890089178
    ,7.210480525181),.PIECEWISE_BEZIER_KNOTS.);
#4974 = CARTESIAN_POINT('',(2.214297435588,9.935789321158));
#4975 = CARTESIAN_POINT('',(2.446121240089,12.1036825217));
#4976 = CARTESIAN_POINT('',(2.677945044586,13.840802277067));
#4977 = CARTESIAN_POINT('',(2.909768849091,14.969611005734));
#4978 = CARTESIAN_POINT('',(3.141592653576,15.361975434193));
#4979 = CARTESIAN_POINT('',(3.373416458096,14.96961100569));
#4980 = CARTESIAN_POINT('',(3.605240262586,13.840802277067));
#4981 = CARTESIAN_POINT('',(3.837064067091,12.1036825217));
#4982 = CARTESIAN_POINT('',(4.068887871591,9.935789321158));
#4983 = ( GEOMETRIC_REPRESENTATION_CONTEXT(2) 
PARAMETRIC_REPRESENTATION_CONTEXT() REPRESENTATION_CONTEXT('2D SPACE',''
  ) );
#4984 = ORIENTED_EDGE('',*,*,#4157,.T.);
#4985 = ADVANCED_FACE('',(#4986),#4238,.T.);
#4986 = FACE_BOUND('',#4987,.T.);
#4987 = EDGE_LOOP('',(#4988,#4989,#5011,#5012));
#4988 = ORIENTED_EDGE('',*,*,#4188,.F.);
#4989 = ORIENTED_EDGE('',*,*,#4990,.T.);
#4990 = EDGE_CURVE('',#4189,#4329,#4991,.T.);
#4991 = SURFACE_CURVE('',#4992,(#4997,#5004),.PCURVE_S1.);
#4992 = CIRCLE('',#4993,18.);
#4993 = AXIS2_PLACEMENT_3D('',#4994,#4995,#4996);
#4994 = CARTESIAN_POINT('',(11.982058770331,0.,21.549247505201));
#4995 = DIRECTION('',(-0.544639035015,0.,0.838670567945));
#4996 = DIRECTION('',(0.838670567945,0.,0.544639035015));
#4997 = PCURVE('',#4238,#4998);
#4998 = DEFINITIONAL_REPRESENTATION('',(#4999),#5003);
#4999 = LINE('',#5000,#5001);
#5000 = CARTESIAN_POINT('',(0.,0.));
#5001 = VECTOR('',#5002,1.);
#5002 = DIRECTION('',(1.,0.));
#5003 = ( GEOMETRIC_REPRESENTATION_CONTEXT(2) 
PARAMETRIC_REPRESENTATION_CONTEXT() REPRESENTATION_CONTEXT('2D SPACE',''
  ) );
#5004 = PCURVE('',#4293,#5005);
#5005 = DEFINITIONAL_REPRESENTATION('',(#5006),#5010);
#5006 = CIRCLE('',#5007,18.);
#5007 = AXIS2_PLACEMENT_2D('',#5008,#5009);
#5008 = CARTESIAN_POINT('',(0.,0.));
#5009 = DIRECTION('',(1.,0.));
#5010 = ( GEOMETRIC_REPRESENTATION_CONTEXT(2) 
PARAMETRIC_REPRESENTATION_CONTEXT() REPRESENTATION_CONTEXT('2D SPACE',''
  ) );
#5011 = ORIENTED_EDGE('',*,*,#4361,.F.);
#5012 = ORIENTED_EDGE('',*,*,#4957,.F.);
#5013 = ADVANCED_FACE('',(#5014),#4293,.F.);
#5014 = FACE_BOUND('',#5015,.F.);
#5015 = EDGE_LOOP('',(#5016,#5017,#5018));
#5016 = ORIENTED_EDGE('',*,*,#4267,.T.);
#5017 = ORIENTED_EDGE('',*,*,#4990,.T.);
#5018 = ORIENTED_EDGE('',*,*,#4328,.T.);
#5019 = ADVANCED_FACE('',(#5020,#5023),#4582,.T.);
#5020 = FACE_BOUND('',#5021,.T.);
#5021 = EDGE_LOOP('',(#5022));
#5022 = ORIENTED_EDGE('',*,*,#4567,.T.);
#5023 = FACE_BOUND('',#5024,.T.);
#5024 = EDGE_LOOP('',(#5025));
#5025 = ORIENTED_EDGE('',*,*,#5026,.F.);
#5026 = EDGE_CURVE('',#5027,#5027,#5029,.T.);
#5027 = VERTEX_POINT('',#5028);
#5028 = CARTESIAN_POINT('',(2.2166955719,-5.429338273624E-16,
    50.978445278887));
#5029 = SURFACE_CURVE('',#5030,(#5035,#5042),.PCURVE_S1.);
#5030 = CIRCLE('',#5031,7.838367176906);
#5031 = AXIS2_PLACEMENT_3D('',#5032,#5033,#5034);
#5032 = CARTESIAN_POINT('',(-4.35711228012,0.,46.709364543563));
#5033 = DIRECTION('',(-0.544639035015,0.,0.838670567945));
#5034 = DIRECTION('',(-0.838670567945,0.,-0.544639035015));
#5035 = PCURVE('',#4582,#5036);
#5036 = DEFINITIONAL_REPRESENTATION('',(#5037),#5041);
#5037 = CIRCLE('',#5038,7.838367176906);
#5038 = AXIS2_PLACEMENT_2D('',#5039,#5040);
#5039 = CARTESIAN_POINT('',(-1.635225800353E-15,0.));
#5040 = DIRECTION('',(-1.,0.));
#5041 = ( GEOMETRIC_REPRESENTATION_CONTEXT(2) 
PARAMETRIC_REPRESENTATION_CONTEXT() REPRESENTATION_CONTEXT('2D SPACE',''
  ) );
#5042 = PCURVE('',#5043,#5048);
#5043 = SPHERICAL_SURFACE('',#5044,11.2);
#5044 = AXIS2_PLACEMENT_3D('',#5045,#5046,#5047);
#5045 = CARTESIAN_POINT('',(0.,0.,40.));
#5046 = DIRECTION('',(0.,0.,1.));
#5047 = DIRECTION('',(1.,0.,0.));
#5048 = DEFINITIONAL_REPRESENTATION('',(#5049),#5150);
#5049 = B_SPLINE_CURVE_WITH_KNOTS('',8,(#5050,#5051,#5052,#5053,#5054,
    #5055,#5056,#5057,#5058,#5059,#5060,#5061,#5062,#5063,#5064,#5065,
    #5066,#5067,#5068,#5069,#5070,#5071,#5072,#5073,#5074,#5075,#5076,
    #5077,#5078,#5079,#5080,#5081,#5082,#5083,#5084,#5085,#5086,#5087,
    #5088,#5089,#5090,#5091,#5092,#5093,#5094,#5095,#5096,#5097,#5098,
    #5099,#5100,#5101,#5102,#5103,#5104,#5105,#5106,#5107,#5108,#5109,
    #5110,#5111,#5112,#5113,#5114,#5115,#5116,#5117,#5118,#5119,#5120,
    #5121,#5122,#5123,#5124,#5125,#5126,#5127,#5128,#5129,#5130,#5131,
    #5132,#5133,#5134,#5135,#5136,#5137,#5138,#5139,#5140,#5141,#5142,
    #5143,#5144,#5145,#5146,#5147,#5148,#5149),.UNSPECIFIED.,.F.,.F.,(9,
    7,7,7,7,7,7,7,7,7,7,7,7,7,9),(3.14159265359,3.239767424014,
    3.433049003288,3.620290533209,3.983070997432,4.663284367849,
    5.258471066964,6.300047790415,7.081230333004,7.667117239945,
    8.106532420151,8.76565519046,9.095216575615,9.259997268192,
    9.424777960769),.UNSPECIFIED.);
#5050 = CARTESIAN_POINT('',(1.137283436973E-15,1.371561606643));
#5051 = CARTESIAN_POINT('',(4.339397727026E-02,1.371561606643));
#5052 = CARTESIAN_POINT('',(8.678789706794E-02,1.371230145059));
#5053 = CARTESIAN_POINT('',(0.130011664426,1.370567197024));
#5054 = CARTESIAN_POINT('',(0.172894301502,1.369575957036));
#5055 = CARTESIAN_POINT('',(0.215275486171,1.368262719989));
#5056 = CARTESIAN_POINT('',(0.257013664835,1.366636533391));
#5057 = CARTESIAN_POINT('',(0.297990739459,1.364708620782));
#5058 = CARTESIAN_POINT('',(0.417104676671,1.358126770119));
#5059 = CARTESIAN_POINT('',(0.492783894126,1.352641324661));
#5060 = CARTESIAN_POINT('',(0.564437185408,1.346131501103));
#5061 = CARTESIAN_POINT('',(0.631714670189,1.338715666107));
#5062 = CARTESIAN_POINT('',(0.694656419486,1.330513929125));
#5063 = CARTESIAN_POINT('',(0.753469351615,1.321632972301));
#5064 = CARTESIAN_POINT('',(0.808445129663,1.312166614295));
#5065 = CARTESIAN_POINT('',(0.909749373147,1.2925356387));
#5066 = CARTESIAN_POINT('',(0.956294362757,1.282402087254));
#5067 = CARTESIAN_POINT('',(0.999825245608,1.271867911852));
#5068 = CARTESIAN_POINT('',(1.040653910181,1.26099470836));
#5069 = CARTESIAN_POINT('',(1.079071451683,1.249833379264));
#5070 = CARTESIAN_POINT('',(1.115336936263,1.238426167852));
#5071 = CARTESIAN_POINT('',(1.149680678911,1.226808739892));
#5072 = CARTESIAN_POINT('',(1.245512055326,1.192153695359));
#5073 = CARTESIAN_POINT('',(1.302262191284,1.168620294954));
#5074 = CARTESIAN_POINT('',(1.354022177562,1.144630803913));
#5075 = CARTESIAN_POINT('',(1.401860250859,1.120328929514));
#5076 = CARTESIAN_POINT('',(1.446534186975,1.095820177683));
#5077 = CARTESIAN_POINT('',(1.488630051232,1.071186100669));
#5078 = CARTESIAN_POINT('',(1.528595975918,1.046492567909));
#5079 = CARTESIAN_POINT('',(1.638402106577,0.975486243476));
#5080 = CARTESIAN_POINT('',(1.70378334999,0.929162619931));
#5081 = CARTESIAN_POINT('',(1.765284083156,0.88318693666));
#5082 = CARTESIAN_POINT('',(1.824109240571,0.837791396432));
#5083 = CARTESIAN_POINT('',(1.881128620671,0.793183031107));
#5084 = CARTESIAN_POINT('',(1.936933548685,0.749544650252));
#5085 = CARTESIAN_POINT('',(1.991984015125,0.707055421922));
#5086 = CARTESIAN_POINT('',(2.09444269521,0.629872028792));
#5087 = CARTESIAN_POINT('',(2.141946156488,0.594867397252));
#5088 = CARTESIAN_POINT('',(2.189373311964,0.560994830479));
#5089 = CARTESIAN_POINT('',(2.236897538476,0.528370753783));
#5090 = CARTESIAN_POINT('',(2.284652990829,0.497112400582));
#5091 = CARTESIAN_POINT('',(2.332742991976,0.467338001252));
#5092 = CARTESIAN_POINT('',(2.381242126624,0.439165491427));
#5093 = CARTESIAN_POINT('',(2.515873628035,0.366413529743));
#5094 = CARTESIAN_POINT('',(2.602950094643,0.325375881144));
#5095 = CARTESIAN_POINT('',(2.69168877948,0.290215713538));
#5096 = CARTESIAN_POINT('',(2.782102504398,0.261526023909));
#5097 = CARTESIAN_POINT('',(2.873990079566,0.239839717794));
#5098 = CARTESIAN_POINT('',(2.966913748271,0.225550352084));
#5099 = CARTESIAN_POINT('',(3.060325282806,0.218842421115));
#5100 = CARTESIAN_POINT('',(3.223703580427,0.220342877265));
#5101 = CARTESIAN_POINT('',(3.293693266528,0.225241422196));
#5102 = CARTESIAN_POINT('',(3.363425671934,0.234388507108));
#5103 = CARTESIAN_POINT('',(3.432674364733,0.247713521868));
#5104 = CARTESIAN_POINT('',(3.501245604355,0.265082011217));
#5105 = CARTESIAN_POINT('',(3.569001239318,0.286308332095));
#5106 = CARTESIAN_POINT('',(3.635871766881,0.311172767715));
#5107 = CARTESIAN_POINT('',(3.751348104593,0.360631167611));
#5108 = CARTESIAN_POINT('',(3.800340789658,0.383738712628));
#5109 = CARTESIAN_POINT('',(3.84883649791,0.408655876958));
#5110 = CARTESIAN_POINT('',(3.89685913467,0.435274451664));
#5111 = CARTESIAN_POINT('',(3.944455650839,0.463482897549));
#5112 = CARTESIAN_POINT('',(3.991697500273,0.493168674714));
#5113 = CARTESIAN_POINT('',(4.038684217116,0.524219491592));
#5114 = CARTESIAN_POINT('',(4.120697785078,0.580751459854));
#5115 = CARTESIAN_POINT('',(4.155778038805,0.605684341661));
#5116 = CARTESIAN_POINT('',(4.190846033295,0.631274932347));
#5117 = CARTESIAN_POINT('',(4.225969720665,0.657476076693));
#5118 = CARTESIAN_POINT('',(4.261229543442,0.684240765083));
#5119 = CARTESIAN_POINT('',(4.296722011569,0.711521844788));
#5120 = CARTESIAN_POINT('',(4.332566159096,0.739271328238));
#5121 = CARTESIAN_POINT('',(4.423432962736,0.809691253357));
#5122 = CARTESIAN_POINT('',(4.479084144393,0.852884717711));
#5123 = CARTESIAN_POINT('',(4.536375411019,0.896851711554));
#5124 = CARTESIAN_POINT('',(4.595989865818,0.941410859753));
#5125 = CARTESIAN_POINT('',(4.658840255326,0.986369247134));
#5126 = CARTESIAN_POINT('',(4.726318936026,1.031474963803));
#5127 = CARTESIAN_POINT('',(4.800458010507,1.076428698861));
#5128 = CARTESIAN_POINT('',(4.928104217131,1.142731523499));
#5129 = CARTESIAN_POINT('',(4.973392384931,1.164644495437));
#5130 = CARTESIAN_POINT('',(5.021958966141,1.186294267012));
#5131 = CARTESIAN_POINT('',(5.074476053476,1.207587221053));
#5132 = CARTESIAN_POINT('',(5.131832965828,1.228400117357));
#5133 = CARTESIAN_POINT('',(5.195126305429,1.248571983454));
#5134 = CARTESIAN_POINT('',(5.265915338088,1.267868624204));
#5135 = CARTESIAN_POINT('',(5.385772929348,1.294994390718));
#5136 = CARTESIAN_POINT('',(5.428004330206,1.303733118168));
#5137 = CARTESIAN_POINT('',(5.472717442783,1.312126490209));
#5138 = CARTESIAN_POINT('',(5.520116271753,1.320125919277));
#5139 = CARTESIAN_POINT('',(5.570397535956,1.327675759681));
#5140 = CARTESIAN_POINT('',(5.623718277389,1.334712695381));
#5141 = CARTESIAN_POINT('',(5.680145977872,1.341167238143));
#5142 = CARTESIAN_POINT('',(5.79904928781,1.352771616733));
#5143 = CARTESIAN_POINT('',(5.861524956365,1.357921455881));
#5144 = CARTESIAN_POINT('',(5.926942818551,1.362348952379));
#5145 = CARTESIAN_POINT('',(5.995071278106,1.365983768225));
#5146 = CARTESIAN_POINT('',(6.065487947762,1.368760238582));
#5147 = CARTESIAN_POINT('',(6.137516762189,1.370627804497));
#5148 = CARTESIAN_POINT('',(6.210351017908,1.371561606643));
#5149 = CARTESIAN_POINT('',(6.28318530718,1.371561606643));
#5150 = ( GEOMETRIC_REPRESENTATION_CONTEXT(2) 
PARAMETRIC_REPRESENTATION_CONTEXT() REPRESENTATION_CONTEXT('2D SPACE',''
  ) );
#5151 = ADVANCED_FACE('',(#5152),#5043,.F.);
#5152 = FACE_BOUND('',#5153,.F.);
#5153 = EDGE_LOOP('',(#5154,#5155,#5179));
#5154 = ORIENTED_EDGE('',*,*,#5026,.F.);
#5155 = ORIENTED_EDGE('',*,*,#5156,.F.);
#5156 = EDGE_CURVE('',#5157,#5027,#5159,.T.);
#5157 = VERTEX_POINT('',#5158);
#5158 = CARTESIAN_POINT('',(6.858022075225E-16,-1.679730956581E-31,28.8)
  );
#5159 = SEAM_CURVE('',#5160,(#5165,#5172),.PCURVE_S1.);
#5160 = CIRCLE('',#5161,11.2);
#5161 = AXIS2_PLACEMENT_3D('',#5162,#5163,#5164);
#5162 = CARTESIAN_POINT('',(0.,0.,40.));
#5163 = DIRECTION('',(-2.449293598295E-16,-1.,0.));
#5164 = DIRECTION('',(1.,-2.449293598295E-16,0.));
#5165 = PCURVE('',#5043,#5166);
#5166 = DEFINITIONAL_REPRESENTATION('',(#5167),#5171);
#5167 = LINE('',#5168,#5169);
#5168 = CARTESIAN_POINT('',(6.28318530718,-6.28318530718));
#5169 = VECTOR('',#5170,1.);
#5170 = DIRECTION('',(0.,1.));
#5171 = ( GEOMETRIC_REPRESENTATION_CONTEXT(2) 
PARAMETRIC_REPRESENTATION_CONTEXT() REPRESENTATION_CONTEXT('2D SPACE',''
  ) );
#5172 = PCURVE('',#5043,#5173);
#5173 = DEFINITIONAL_REPRESENTATION('',(#5174),#5178);
#5174 = LINE('',#5175,#5176);
#5175 = CARTESIAN_POINT('',(0.,-6.28318530718));
#5176 = VECTOR('',#5177,1.);
#5177 = DIRECTION('',(0.,1.));
#5178 = ( GEOMETRIC_REPRESENTATION_CONTEXT(2) 
PARAMETRIC_REPRESENTATION_CONTEXT() REPRESENTATION_CONTEXT('2D SPACE',''
  ) );
#5179 = ORIENTED_EDGE('',*,*,#5156,.T.);
#5180 = ( GEOMETRIC_REPRESENTATION_CONTEXT(3) 
GLOBAL_UNCERTAINTY_ASSIGNED_CONTEXT((#5184)) 
GLOBAL_UNIT_ASSIGNED_CONTEXT((#5181,#5182,#5183)) REPRESENTATION_CONTEXT
('Context #1','3D Context with UNIT and UNCERTAINTY') );
#5181 = ( LENGTH_UNIT() NAMED_UNIT(*) SI_UNIT(.MILLI.,.METRE.) );
#5182 = ( NAMED_UNIT(*) PLANE_ANGLE_UNIT() SI_UNIT($,.RADIAN.) );
#5183 = ( NAMED_UNIT(*) SI_UNIT($,.STERADIAN.) SOLID_ANGLE_UNIT() );
#5184 = UNCERTAINTY_MEASURE_WITH_UNIT(LENGTH_MEASURE(2.E-07),#5181,
  'distance_accuracy_value','confusion accuracy');
#5185 = PRODUCT_RELATED_PRODUCT_CATEGORY('part',$,(#7));
ENDSEC;
END-ISO-10303-21;
