ISO-10303-21;
HEADER;
FILE_DESCRIPTION(('Open CASCADE Model'),'2;1');
FILE_NAME('Open CASCADE Shape Model','2026-10-03T08:37:29',('Author'),(
    'Open CASCADE'),'Open CASCADE STEP processor 7.9','Open CASCADE 7.9'
  ,'Unknown');
FILE_SCHEMA(('AUTOMOTIVE_DESIGN { 1 0 10303 214 1 1 1 1 }'));
ENDSEC;
DATA;
#1 = APPLICATION_PROTOCOL_DEFINITION('international standard',
  'automotive_design',2000,#2);
#2 = APPLICATION_CONTEXT(
  'core data for automotive mechanical design processes');
#3 = SHAPE_DEFINITION_REPRESENTATION(#4,#10);
#4 = PRODUCT_DEFINITION_SHAPE('','',#5);
#5 = PRODUCT_DEFINITION('design','',#6,#9);
#6 = PRODUCT_DEFINITION_FORMATION('','',#7);
#7 = PRODUCT('Open CASCADE STEP translator 7.9 15',
  'Open CASCADE STEP translator 7.9 15','',(#8));
#8 = PRODUCT_CONTEXT('',#2,'mechanical');
#9 = PRODUCT_DEFINITION_CONTEXT('part definition',#2,'design');
#10 = ADVANCED_BREP_SHAPE_REPRESENTATION('',(#11,#15),#2998);
#11 = AXIS2_PLACEMENT_3D('',#12,#13,#14);
#12 = CARTESIAN_POINT('',(0.,0.,0.));
#13 = DIRECTION('',(0.,0.,1.));
#14 = DIRECTION('',(1.,0.,-0.));
#15 = MANIFOLD_SOLID_BREP('',#16);
#16 = CLOSED_SHELL('',(#17,#342,#486,#937,#1193,#1351,#1500,#1554,#1703,
    #1758,#1813,#2255,#2302,#2349,#2397,#2445,#2472,#2499,#2546,#2593,
    #2621,#2671,#2713,#2718,#2724,#2759,#2765,#2775,#2785,#2796,#2851,
    #2906,#2941,#2971));
#17 = ADVANCED_FACE('',(#18,#105),#32,.T.);
#18 = FACE_BOUND('',#19,.F.);
#19 = EDGE_LOOP('',(#20,#50,#77,#78));
#20 = ORIENTED_EDGE('',*,*,#21,.T.);
#21 = EDGE_CURVE('',#22,#24,#26,.T.);
#22 = VERTEX_POINT('',#23);
#23 = CARTESIAN_POINT('',(31.,0.,65.));
#24 = VERTEX_POINT('',#25);
#25 = CARTESIAN_POINT('',(31.,0.,5.));
#26 = SEAM_CURVE('',#27,(#31,#43),.PCURVE_S1.);
#27 = LINE('',#28,#29);
#28 = CARTESIAN_POINT('',(31.,0.,65.));
#29 = VECTOR('',#30,1.);
#30 = DIRECTION('',(0.,0.,-1.));
#31 = PCURVE('',#32,#37);
#32 = CYLINDRICAL_SURFACE('',#33,31.);
#33 = AXIS2_PLACEMENT_3D('',#34,#35,#36);
#34 = CARTESIAN_POINT('',(0.,0.,5.));
#35 = DIRECTION('',(-0.,-0.,-1.));
#36 = DIRECTION('',(1.,0.,0.));
#37 = DEFINITIONAL_REPRESENTATION('',(#38),#42);
#38 = LINE('',#39,#40);
#39 = CARTESIAN_POINT('',(-6.28318530718,-60.));
#40 = VECTOR('',#41,1.);
#41 = DIRECTION('',(0.,1.));
#42 = ( GEOMETRIC_REPRESENTATION_CONTEXT(2) 
PARAMETRIC_REPRESENTATION_CONTEXT() REPRESENTATION_CONTEXT('2D SPACE',''
  ) );
#43 = PCURVE('',#32,#44);
#44 = DEFINITIONAL_REPRESENTATION('',(#45),#49);
#45 = LINE('',#46,#47);
#46 = CARTESIAN_POINT('',(-0.,-60.));
#47 = VECTOR('',#48,1.);
#48 = DIRECTION('',(0.,1.));
#49 = ( GEOMETRIC_REPRESENTATION_CONTEXT(2) 
PARAMETRIC_REPRESENTATION_CONTEXT() REPRESENTATION_CONTEXT('2D SPACE',''
  ) );
#50 = ORIENTED_EDGE('',*,*,#51,.F.);
#51 = EDGE_CURVE('',#24,#24,#52,.T.);
#52 = SURFACE_CURVE('',#53,(#58,#65),.PCURVE_S1.);
#53 = CIRCLE('',#54,31.);
#54 = AXIS2_PLACEMENT_3D('',#55,#56,#57);
#55 = CARTESIAN_POINT('',(0.,0.,5.));
#56 = DIRECTION('',(0.,0.,1.));
#57 = DIRECTION('',(1.,0.,0.));
#58 = PCURVE('',#32,#59);
#59 = DEFINITIONAL_REPRESENTATION('',(#60),#64);
#60 = LINE('',#61,#62);
#61 = CARTESIAN_POINT('',(-0.,0.));
#62 = VECTOR('',#63,1.);
#63 = DIRECTION('',(-1.,0.));
#64 = ( GEOMETRIC_REPRESENTATION_CONTEXT(2) 
PARAMETRIC_REPRESENTATION_CONTEXT() REPRESENTATION_CONTEXT('2D SPACE',''
  ) );
#65 = PCURVE('',#66,#71);
#66 = PLANE('',#67);
#67 = AXIS2_PLACEMENT_3D('',#68,#69,#70);
#68 = CARTESIAN_POINT('',(-1.411551104557E-15,1.557633849995E-15,5.));
#69 = DIRECTION('',(0.,0.,1.));
#70 = DIRECTION('',(1.,0.,-0.));
#71 = DEFINITIONAL_REPRESENTATION('',(#72),#76);
#72 = CIRCLE('',#73,31.);
#73 = AXIS2_PLACEMENT_2D('',#74,#75);
#74 = CARTESIAN_POINT('',(1.411551104557E-15,-1.557633849995E-15));
#75 = DIRECTION('',(1.,0.));
#76 = ( GEOMETRIC_REPRESENTATION_CONTEXT(2) 
PARAMETRIC_REPRESENTATION_CONTEXT() REPRESENTATION_CONTEXT('2D SPACE',''
  ) );
#77 = ORIENTED_EDGE('',*,*,#21,.F.);
#78 = ORIENTED_EDGE('',*,*,#79,.T.);
#79 = EDGE_CURVE('',#22,#22,#80,.T.);
#80 = SURFACE_CURVE('',#81,(#86,#93),.PCURVE_S1.);
#81 = CIRCLE('',#82,31.);
#82 = AXIS2_PLACEMENT_3D('',#83,#84,#85);
#83 = CARTESIAN_POINT('',(0.,0.,65.));
#84 = DIRECTION('',(0.,0.,1.));
#85 = DIRECTION('',(1.,0.,0.));
#86 = PCURVE('',#32,#87);
#87 = DEFINITIONAL_REPRESENTATION('',(#88),#92);
#88 = LINE('',#89,#90);
#89 = CARTESIAN_POINT('',(-0.,-60.));
#90 = VECTOR('',#91,1.);
#91 = DIRECTION('',(-1.,0.));
#92 = ( GEOMETRIC_REPRESENTATION_CONTEXT(2) 
PARAMETRIC_REPRESENTATION_CONTEXT() REPRESENTATION_CONTEXT('2D SPACE',''
  ) );
#93 = PCURVE('',#94,#99);
#94 = PLANE('',#95);
#95 = AXIS2_PLACEMENT_3D('',#96,#97,#98);
#96 = CARTESIAN_POINT('',(-1.411551104557E-15,1.557633849995E-15,65.));
#97 = DIRECTION('',(0.,0.,1.));
#98 = DIRECTION('',(1.,0.,-0.));
#99 = DEFINITIONAL_REPRESENTATION('',(#100),#104);
#100 = CIRCLE('',#101,31.);
#101 = AXIS2_PLACEMENT_2D('',#102,#103);
#102 = CARTESIAN_POINT('',(1.411551104557E-15,-1.557633849995E-15));
#103 = DIRECTION('',(1.,0.));
#104 = ( GEOMETRIC_REPRESENTATION_CONTEXT(2) 
PARAMETRIC_REPRESENTATION_CONTEXT() REPRESENTATION_CONTEXT('2D SPACE',''
  ) );
#105 = FACE_BOUND('',#106,.F.);
#106 = EDGE_LOOP('',(#107));
#107 = ORIENTED_EDGE('',*,*,#108,.T.);
#108 = EDGE_CURVE('',#109,#109,#111,.T.);
#109 = VERTEX_POINT('',#110);
#110 = CARTESIAN_POINT('',(23.,20.784609690827,14.));
#111 = SURFACE_CURVE('',#112,(#185,#261),.PCURVE_S1.);
#112 = B_SPLINE_CURVE_WITH_KNOTS('',8,(#113,#114,#115,#116,#117,#118,
    #119,#120,#121,#122,#123,#124,#125,#126,#127,#128,#129,#130,#131,
    #132,#133,#134,#135,#136,#137,#138,#139,#140,#141,#142,#143,#144,
    #145,#146,#147,#148,#149,#150,#151,#152,#153,#154,#155,#156,#157,
    #158,#159,#160,#161,#162,#163,#164,#165,#166,#167,#168,#169,#170,
    #171,#172,#173,#174,#175,#176,#177,#178,#179,#180,#181,#182,#183,
    #184),.UNSPECIFIED.,.T.,.F.,(9,7,7,7,7,7,7,7,7,7,9),(0.,
    0.136485479488,0.221413407767,0.294791012881,0.395682509837,
    0.500123318668,0.6045641275,0.705455624455,0.795189235747,
    0.863757350608,1.),.UNSPECIFIED.);
#113 = CARTESIAN_POINT('',(23.,20.784609690827,14.));
#114 = CARTESIAN_POINT('',(23.,20.784609690827,14.602220597755));
#115 = CARTESIAN_POINT('',(23.043725329528,20.736223423662,
    15.203451625365));
#116 = CARTESIAN_POINT('',(23.130924188784,20.639731479999,
    15.800174554856));
#117 = CARTESIAN_POINT('',(23.261638844541,20.493936650519,
    16.388652032054));
#118 = CARTESIAN_POINT('',(23.43601563769,20.296422310623,
    16.964225656543));
#119 = CARTESIAN_POINT('',(23.654019409728,20.043610661099,
    17.520799128079));
#120 = CARTESIAN_POINT('',(23.915013087352,19.730848969376,
    18.050101324239));
#121 = CARTESIAN_POINT('',(24.405175692648,19.117481536336,
    18.845364276314));
#122 = CARTESIAN_POINT('',(24.610409734543,18.85530509767,
    19.137359401315));
#123 = CARTESIAN_POINT('',(24.831918706387,18.565427508343,
    19.41166227537));
#124 = CARTESIAN_POINT('',(25.068252196976,18.247391023531,
    19.663517767569));
#125 = CARTESIAN_POINT('',(25.31749974494,17.90109357709,19.88806206945)
  );
#126 = CARTESIAN_POINT('',(25.577347289506,17.526859840454,
    20.080297830152));
#127 = CARTESIAN_POINT('',(25.845146294684,17.125565048568,
    20.235044947123));
#128 = CARTESIAN_POINT('',(26.353736899427,16.330097234827,
    20.443481112304));
#129 = CARTESIAN_POINT('',(26.591520895516,15.94507988786,
    20.507344064613));
#130 = CARTESIAN_POINT('',(26.827271801675,15.548581213169,
    20.534903580082));
#131 = CARTESIAN_POINT('',(27.057132175423,15.146032236221,
    20.524458196635));
#132 = CARTESIAN_POINT('',(27.277744955611,14.743305863455,
    20.476109527891));
#133 = CARTESIAN_POINT('',(27.486404618779,14.346477191491,
    20.39174502033));
#134 = CARTESIAN_POINT('',(27.681090584699,13.961533399214,
    20.275047374561));
#135 = CARTESIAN_POINT('',(28.106934452577,13.088785804408,
    19.934191277834));
#136 = CARTESIAN_POINT('',(28.324793659878,12.615720110827,
    19.685828144935));
#137 = CARTESIAN_POINT('',(28.515866169397,12.177849956584,
    19.395891527482));
#138 = CARTESIAN_POINT('',(28.682494166125,11.776963086039,
    19.072317897993));
#139 = CARTESIAN_POINT('',(28.827048432752,11.413915407917,
    18.721838781845));
#140 = CARTESIAN_POINT('',(28.951735358473,11.088872589083,
    18.350189953743));
#141 = CARTESIAN_POINT('',(29.05853455526,10.801503665217,
    17.962242520186));
#142 = CARTESIAN_POINT('',(29.242993111739,10.291906667266,
    17.147842605847));
#143 = CARTESIAN_POINT('',(29.319853750973,10.071335104989,
    16.71893172848));
#144 = CARTESIAN_POINT('',(29.381590367309,9.888716926467,16.27900059224
    ));
#145 = CARTESIAN_POINT('',(29.429616443603,9.743386028861,
    15.830937737177));
#146 = CARTESIAN_POINT('',(29.464964884879,9.634771416542,
    15.377092522628));
#147 = CARTESIAN_POINT('',(29.488314762528,9.562465790797,
    14.919464442777));
#148 = CARTESIAN_POINT('',(29.5,9.526279441629,14.459857552001));
#149 = CARTESIAN_POINT('',(29.5,9.526279441629,13.540142447999));
#150 = CARTESIAN_POINT('',(29.488314762528,9.562465790797,
    13.080535557223));
#151 = CARTESIAN_POINT('',(29.464964884879,9.634771416542,
    12.622907477373));
#152 = CARTESIAN_POINT('',(29.429616443603,9.743386028861,
    12.169062262823));
#153 = CARTESIAN_POINT('',(29.381590367309,9.888716926467,11.72099940776
    ));
#154 = CARTESIAN_POINT('',(29.319853750973,10.071335104989,
    11.28106827152));
#155 = CARTESIAN_POINT('',(29.242993111739,10.291906667266,
    10.852157394153));
#156 = CARTESIAN_POINT('',(29.05853455526,10.801503665216,
    10.037757479814));
#157 = CARTESIAN_POINT('',(28.951735358473,11.088872589084,
    9.649810046256));
#158 = CARTESIAN_POINT('',(28.827048432752,11.413915407916,
    9.278161218156));
#159 = CARTESIAN_POINT('',(28.682494166125,11.776963086039,
    8.927682102007));
#160 = CARTESIAN_POINT('',(28.515866169397,12.177849956585,
    8.604108472517));
#161 = CARTESIAN_POINT('',(28.324793659878,12.615720110826,
    8.314171855066));
#162 = CARTESIAN_POINT('',(28.106934452576,13.088785804408,
    8.065808722166));
#163 = CARTESIAN_POINT('',(27.641123058319,14.043445022579,
    7.692961616374));
#164 = CARTESIAN_POINT('',(27.39889732501,14.518855347302,7.557602618215
    ));
#165 = CARTESIAN_POINT('',(27.136300392461,15.010073531029,
    7.472433293674));
#166 = CARTESIAN_POINT('',(26.8572651942,15.506049289588,7.443391321716)
  );
#167 = CARTESIAN_POINT('',(26.567255186786,15.995688739062,
    7.472433293673));
#168 = CARTESIAN_POINT('',(26.273146227136,16.468713445496,
    7.557602618216));
#169 = CARTESIAN_POINT('',(25.982541675364,16.916192246346,
    7.692961616374));
#170 = CARTESIAN_POINT('',(25.489385106722,17.647584512342,
    8.002586833014));
#171 = CARTESIAN_POINT('',(25.28167319047,17.946011157822,8.160495481012
    ));
#172 = CARTESIAN_POINT('',(25.081094752826,18.225865819279,
    8.339316239685));
#173 = CARTESIAN_POINT('',(24.888732907502,18.487175554118,
    8.536377721375));
#174 = CARTESIAN_POINT('',(24.705502819091,18.730140944189,
    8.749194967314));
#175 = CARTESIAN_POINT('',(24.532145226946,18.955093810885,
    8.975447028997));
#176 = CARTESIAN_POINT('',(24.369229063121,19.162463531375,9.21295723252
    ));
#177 = CARTESIAN_POINT('',(23.915013091135,19.730848964643,
    9.949898669624));
#178 = CARTESIAN_POINT('',(23.65401940089,20.043610672043,
    10.479200892142));
#179 = CARTESIAN_POINT('',(23.436015644186,20.296422302677,
    11.035774319988));
#180 = CARTESIAN_POINT('',(23.261638847198,20.493936647203,
    11.611347968793));
#181 = CARTESIAN_POINT('',(23.130924182157,20.639731488113,
    12.199825468561));
#182 = CARTESIAN_POINT('',(23.04372533254,20.736223419993,
    12.796548352548));
#183 = CARTESIAN_POINT('',(23.,20.784609690827,13.39777940962));
#184 = CARTESIAN_POINT('',(23.,20.784609690827,14.));
#185 = PCURVE('',#32,#186);
#186 = DEFINITIONAL_REPRESENTATION('',(#187),#260);
#187 = B_SPLINE_CURVE_WITH_KNOTS('',8,(#188,#189,#190,#191,#192,#193,
    #194,#195,#196,#197,#198,#199,#200,#201,#202,#203,#204,#205,#206,
    #207,#208,#209,#210,#211,#212,#213,#214,#215,#216,#217,#218,#219,
    #220,#221,#222,#223,#224,#225,#226,#227,#228,#229,#230,#231,#232,
    #233,#234,#235,#236,#237,#238,#239,#240,#241,#242,#243,#244,#245,
    #246,#247,#248,#249,#250,#251,#252,#253,#254,#255,#256,#257,#258,
    #259),.UNSPECIFIED.,.T.,.F.,(9,7,7,7,7,7,7,7,7,7,9),(0.,
    0.136485479488,0.221413407767,0.294791012881,0.395682509837,
    0.500123318668,0.6045641275,0.705455624455,0.795189235747,
    0.863757350608,1.),.UNSPECIFIED.);
#188 = CARTESIAN_POINT('',(-0.73484380924,-9.));
#189 = CARTESIAN_POINT('',(-0.73484380924,-9.602220597755));
#190 = CARTESIAN_POINT('',(-0.732740068118,-10.20345162536));
#191 = CARTESIAN_POINT('',(-0.728544728335,-10.80017455485));
#192 = CARTESIAN_POINT('',(-0.722228278358,-11.38865203205));
#193 = CARTESIAN_POINT('',(-0.713729612952,-11.96422565654));
#194 = CARTESIAN_POINT('',(-0.702962789031,-12.52079912807));
#195 = CARTESIAN_POINT('',(-0.689825276835,-13.05010132423));
#196 = CARTESIAN_POINT('',(-0.664497478163,-13.84536427631));
#197 = CARTESIAN_POINT('',(-0.653757625216,-14.13735940131));
#198 = CARTESIAN_POINT('',(-0.641990507797,-14.41166227537));
#199 = CARTESIAN_POINT('',(-0.62921127324,-14.66351776756));
#200 = CARTESIAN_POINT('',(-0.615451325201,-14.88806206945));
#201 = CARTESIAN_POINT('',(-0.600758498827,-15.08029783015));
#202 = CARTESIAN_POINT('',(-0.585198741666,-15.23504494712));
#203 = CARTESIAN_POINT('',(-0.554742047073,-15.4434811123));
#204 = CARTESIAN_POINT('',(-0.540146217141,-15.50734406461));
#205 = CARTESIAN_POINT('',(-0.525269394143,-15.53490358008));
#206 = CARTESIAN_POINT('',(-0.510320689884,-15.52445819663));
#207 = CARTESIAN_POINT('',(-0.49551241077,-15.47610952789));
#208 = CARTESIAN_POINT('',(-0.481052784612,-15.39174502033));
#209 = CARTESIAN_POINT('',(-0.467138885451,-15.27504737456));
#210 = CARTESIAN_POINT('',(-0.435813142877,-14.93419127783));
#211 = CARTESIAN_POINT('',(-0.419016697864,-14.68582814493));
#212 = CARTESIAN_POINT('',(-0.403610414231,-14.39589152748));
#213 = CARTESIAN_POINT('',(-0.389609614593,-14.07231789799));
#214 = CARTESIAN_POINT('',(-0.37700635024,-13.72183878184));
#215 = CARTESIAN_POINT('',(-0.365777187275,-13.35018995374));
#216 = CARTESIAN_POINT('',(-0.355888093036,-12.96224252018));
#217 = CARTESIAN_POINT('',(-0.338405708282,-12.14784260584));
#218 = CARTESIAN_POINT('',(-0.330871422639,-11.71893172848));
#219 = CARTESIAN_POINT('',(-0.324653345252,-11.27900059224));
#220 = CARTESIAN_POINT('',(-0.31971600576,-10.83093773717));
#221 = CARTESIAN_POINT('',(-0.316031433031,-10.37709252262));
#222 = CARTESIAN_POINT('',(-0.3135804003,-9.919464442777));
#223 = CARTESIAN_POINT('',(-0.312353741957,-9.459857552001));
#224 = CARTESIAN_POINT('',(-0.312353741957,-8.540142447999));
#225 = CARTESIAN_POINT('',(-0.3135804003,-8.080535557223));
#226 = CARTESIAN_POINT('',(-0.316031433031,-7.622907477373));
#227 = CARTESIAN_POINT('',(-0.31971600576,-7.169062262823));
#228 = CARTESIAN_POINT('',(-0.324653345252,-6.72099940776));
#229 = CARTESIAN_POINT('',(-0.330871422639,-6.28106827152));
#230 = CARTESIAN_POINT('',(-0.338405708282,-5.852157394153));
#231 = CARTESIAN_POINT('',(-0.355888093036,-5.037757479814));
#232 = CARTESIAN_POINT('',(-0.365777187275,-4.649810046256));
#233 = CARTESIAN_POINT('',(-0.37700635024,-4.278161218156));
#234 = CARTESIAN_POINT('',(-0.389609614593,-3.927682102007));
#235 = CARTESIAN_POINT('',(-0.403610414231,-3.604108472517));
#236 = CARTESIAN_POINT('',(-0.419016697864,-3.314171855066));
#237 = CARTESIAN_POINT('',(-0.435813142877,-3.065808722166));
#238 = CARTESIAN_POINT('',(-0.470078959354,-2.692961616374));
#239 = CARTESIAN_POINT('',(-0.487288061711,-2.557602618213));
#240 = CARTESIAN_POINT('',(-0.505250029289,-2.472433293679));
#241 = CARTESIAN_POINT('',(-0.523598775599,-2.443391321709));
#242 = CARTESIAN_POINT('',(-0.541947521906,-2.472433293678));
#243 = CARTESIAN_POINT('',(-0.559909489485,-2.557602618214));
#244 = CARTESIAN_POINT('',(-0.577118591843,-2.692961616374));
#245 = CARTESIAN_POINT('',(-0.605574118747,-3.002586833014));
#246 = CARTESIAN_POINT('',(-0.617301762931,-3.160495481012));
#247 = CARTESIAN_POINT('',(-0.628406896898,-3.339316239685));
#248 = CARTESIAN_POINT('',(-0.638872378296,-3.536377721375));
#249 = CARTESIAN_POINT('',(-0.648687737133,-3.749194967314));
#250 = CARTESIAN_POINT('',(-0.657848386324,-3.975447028997));
#251 = CARTESIAN_POINT('',(-0.66635492095,-4.21295723252));
#252 = CARTESIAN_POINT('',(-0.68982527664,-4.949898669624));
#253 = CARTESIAN_POINT('',(-0.702962789484,-5.479200892142));
#254 = CARTESIAN_POINT('',(-0.713729612621,-6.035774319988));
#255 = CARTESIAN_POINT('',(-0.722228278221,-6.611347968793));
#256 = CARTESIAN_POINT('',(-0.728544728673,-7.199825468561));
#257 = CARTESIAN_POINT('',(-0.732740067965,-7.796548352548));
#258 = CARTESIAN_POINT('',(-0.73484380924,-8.39777940962));
#259 = CARTESIAN_POINT('',(-0.73484380924,-9.));
#260 = ( GEOMETRIC_REPRESENTATION_CONTEXT(2) 
PARAMETRIC_REPRESENTATION_CONTEXT() REPRESENTATION_CONTEXT('2D SPACE',''
  ) );
#261 = PCURVE('',#262,#267);
#262 = CYLINDRICAL_SURFACE('',#263,6.5);
#263 = AXIS2_PLACEMENT_3D('',#264,#265,#266);
#264 = CARTESIAN_POINT('',(22.516660498395,13.,14.));
#265 = DIRECTION('',(0.866025403784,0.5,0.));
#266 = DIRECTION('',(-0.5,0.866025403784,0.));
#267 = DEFINITIONAL_REPRESENTATION('',(#268),#341);
#268 = B_SPLINE_CURVE_WITH_KNOTS('',8,(#269,#270,#271,#272,#273,#274,
    #275,#276,#277,#278,#279,#280,#281,#282,#283,#284,#285,#286,#287,
    #288,#289,#290,#291,#292,#293,#294,#295,#296,#297,#298,#299,#300,
    #301,#302,#303,#304,#305,#306,#307,#308,#309,#310,#311,#312,#313,
    #314,#315,#316,#317,#318,#319,#320,#321,#322,#323,#324,#325,#326,
    #327,#328,#329,#330,#331,#332,#333,#334,#335,#336,#337,#338,#339,
    #340),.UNSPECIFIED.,.F.,.F.,(9,7,7,7,7,7,7,7,7,7,9),(0.,
    0.136485479488,0.221413407767,0.294791012881,0.395682509837,
    0.500123318668,0.6045641275,0.705455624455,0.795189235747,
    0.863757350608,1.),.UNSPECIFIED.);
#269 = CARTESIAN_POINT('',(0.,4.310889132455));
#270 = CARTESIAN_POINT('',(9.264932273153E-02,4.310889132455));
#271 = CARTESIAN_POINT('',(0.185146207377,4.324563245034));
#272 = CARTESIAN_POINT('',(0.278162339343,4.351833700499));
#273 = CARTESIAN_POINT('',(0.372315247192,4.392138498291));
#274 = CARTESIAN_POINT('',(0.468220445803,4.44439606104));
#275 = CARTESIAN_POINT('',(0.566519079749,4.506787040984));
#276 = CARTESIAN_POINT('',(0.667922488462,4.576433350173));
#277 = CARTESIAN_POINT('',(0.838895551846,4.694242901823));
#278 = CARTESIAN_POINT('',(0.906469437861,4.740892576493));
#279 = CARTESIAN_POINT('',(0.975976964921,4.787786178613));
#280 = CARTESIAN_POINT('',(1.047400593513,4.833438742822));
#281 = CARTESIAN_POINT('',(1.120760845725,4.876144727969));
#282 = CARTESIAN_POINT('',(1.196117537917,4.914062434356));
#283 = CARTESIAN_POINT('',(1.273576452774,4.945335780006));
#284 = CARTESIAN_POINT('',(1.422183731786,4.988054256969));
#285 = CARTESIAN_POINT('',(1.492253111288,5.001472564712));
#286 = CARTESIAN_POINT('',(1.562956371561,5.007389501065));
#287 = CARTESIAN_POINT('',(1.633810723077,5.005179935581));
#288 = CARTESIAN_POINT('',(1.704359243635,4.99487302124));
#289 = CARTESIAN_POINT('',(1.774130673695,4.977163254306));
#290 = CARTESIAN_POINT('',(1.842596928738,4.953294350414));
#291 = CARTESIAN_POINT('',(2.000590778543,4.885712160639));
#292 = CARTESIAN_POINT('',(2.088537165459,4.83785092182));
#293 = CARTESIAN_POINT('',(2.173404736043,4.784389491907));
#294 = CARTESIAN_POINT('',(2.255524930882,4.728250134783));
#295 = CARTESIAN_POINT('',(2.33517580883,4.671913962846));
#296 = CARTESIAN_POINT('',(2.41259937297,4.617374598623));
#297 = CARTESIAN_POINT('',(2.488007437936,4.566180954211));
#298 = CARTESIAN_POINT('',(2.637794368539,4.471128251093));
#299 = CARTESIAN_POINT('',(2.712335264332,4.427405736082));
#300 = CARTESIAN_POINT('',(2.785557980187,4.389562124911));
#301 = CARTESIAN_POINT('',(2.857754089182,4.358488478223));
#302 = CARTESIAN_POINT('',(2.929193249626,4.334793820193));
#303 = CARTESIAN_POINT('',(3.000136210921,4.318862594539));
#304 = CARTESIAN_POINT('',(3.070845337897,4.310889132455));
#305 = CARTESIAN_POINT('',(3.212339969282,4.310889132455));
#306 = CARTESIAN_POINT('',(3.283049096258,4.318862594539));
#307 = CARTESIAN_POINT('',(3.353992057554,4.334793820193));
#308 = CARTESIAN_POINT('',(3.425431217997,4.358488478223));
#309 = CARTESIAN_POINT('',(3.497627326993,4.389562124911));
#310 = CARTESIAN_POINT('',(3.570850042847,4.427405736082));
#311 = CARTESIAN_POINT('',(3.64539093864,4.471128251093));
#312 = CARTESIAN_POINT('',(3.795177869243,4.566180954211));
#313 = CARTESIAN_POINT('',(3.87058593421,4.617374598624));
#314 = CARTESIAN_POINT('',(3.948009498349,4.671913962846));
#315 = CARTESIAN_POINT('',(4.027660376298,4.728250134783));
#316 = CARTESIAN_POINT('',(4.109780571137,4.784389491907));
#317 = CARTESIAN_POINT('',(4.194648141721,4.83785092182));
#318 = CARTESIAN_POINT('',(4.282594528636,4.885712160639));
#319 = CARTESIAN_POINT('',(4.455416872724,4.959637268926));
#320 = CARTESIAN_POINT('',(4.539655660009,4.987568792791));
#321 = CARTESIAN_POINT('',(4.625616702154,5.005762270113));
#322 = CARTESIAN_POINT('',(4.712388980388,5.012098579145));
#323 = CARTESIAN_POINT('',(4.799161258611,5.005762270113));
#324 = CARTESIAN_POINT('',(4.885122300762,4.98756879279));
#325 = CARTESIAN_POINT('',(4.969361088046,4.959637268926));
#326 = CARTESIAN_POINT('',(5.11287877907,4.898247285437));
#327 = CARTESIAN_POINT('',(5.173520994962,4.867576812034));
#328 = CARTESIAN_POINT('',(5.232745042809,4.833798120311));
#329 = CARTESIAN_POINT('',(5.290630784781,4.797862742961));
#330 = CARTESIAN_POINT('',(5.347241333783,4.760663526696));
#331 = CARTESIAN_POINT('',(5.4026273593,4.723007881307));
#332 = CARTESIAN_POINT('',(5.45682825848,4.685603204992));
#333 = CARTESIAN_POINT('',(5.615262817398,4.576433351082));
#334 = CARTESIAN_POINT('',(5.716666231362,4.506787038802));
#335 = CARTESIAN_POINT('',(5.814964857214,4.444396062693));
#336 = CARTESIAN_POINT('',(5.910870059857,4.392138498934));
#337 = CARTESIAN_POINT('',(6.005022972006,4.351833698816));
#338 = CARTESIAN_POINT('',(6.098039096158,4.324563245808));
#339 = CARTESIAN_POINT('',(6.190535985583,4.310889132455));
#340 = CARTESIAN_POINT('',(6.28318530718,4.310889132455));
#341 = ( GEOMETRIC_REPRESENTATION_CONTEXT(2) 
PARAMETRIC_REPRESENTATION_CONTEXT() REPRESENTATION_CONTEXT('2D SPACE',''
  ) );
#342 = ADVANCED_FACE('',(#343,#346,#381,#416,#451),#94,.T.);
#343 = FACE_BOUND('',#344,.T.);
#344 = EDGE_LOOP('',(#345));
#345 = ORIENTED_EDGE('',*,*,#79,.T.);
#346 = FACE_BOUND('',#347,.T.);
#347 = EDGE_LOOP('',(#348));
#348 = ORIENTED_EDGE('',*,*,#349,.T.);
#349 = EDGE_CURVE('',#350,#350,#352,.T.);
#350 = VERTEX_POINT('',#351);
#351 = CARTESIAN_POINT('',(-22.99871130596,-14.,65.));
#352 = SURFACE_CURVE('',#353,(#358,#369),.PCURVE_S1.);
#353 = CIRCLE('',#354,1.25);
#354 = AXIS2_PLACEMENT_3D('',#355,#356,#357);
#355 = CARTESIAN_POINT('',(-24.24871130596,-14.,65.));
#356 = DIRECTION('',(0.,0.,-1.));
#357 = DIRECTION('',(1.,0.,0.));
#358 = PCURVE('',#94,#359);
#359 = DEFINITIONAL_REPRESENTATION('',(#360),#368);
#360 = ( BOUNDED_CURVE() B_SPLINE_CURVE(2,(#361,#362,#363,#364,#365,#366
,#367),.UNSPECIFIED.,.T.,.F.) B_SPLINE_CURVE_WITH_KNOTS((1,2,2,2,2,1),(
    -2.094395102393,0.,2.094395102393,4.188790204786,6.28318530718,
8.377580409573),.UNSPECIFIED.) CURVE() GEOMETRIC_REPRESENTATION_ITEM() 
RATIONAL_B_SPLINE_CURVE((1.,0.5,1.,0.5,1.,0.5,1.)) REPRESENTATION_ITEM(
  '') );
#361 = CARTESIAN_POINT('',(-22.99871130596,-14.));
#362 = CARTESIAN_POINT('',(-22.99871130596,-16.16506350946));
#363 = CARTESIAN_POINT('',(-24.87371130596,-15.08253175473));
#364 = CARTESIAN_POINT('',(-26.74871130596,-14.));
#365 = CARTESIAN_POINT('',(-24.87371130596,-12.91746824526));
#366 = CARTESIAN_POINT('',(-22.99871130596,-11.83493649053));
#367 = CARTESIAN_POINT('',(-22.99871130596,-14.));
#368 = ( GEOMETRIC_REPRESENTATION_CONTEXT(2) 
PARAMETRIC_REPRESENTATION_CONTEXT() REPRESENTATION_CONTEXT('2D SPACE',''
  ) );
#369 = PCURVE('',#370,#375);
#370 = CYLINDRICAL_SURFACE('',#371,1.25);
#371 = AXIS2_PLACEMENT_3D('',#372,#373,#374);
#372 = CARTESIAN_POINT('',(-24.24871130596,-14.,58.5));
#373 = DIRECTION('',(-0.,-0.,-1.));
#374 = DIRECTION('',(1.,0.,0.));
#375 = DEFINITIONAL_REPRESENTATION('',(#376),#380);
#376 = LINE('',#377,#378);
#377 = CARTESIAN_POINT('',(-6.28318530718,-6.5));
#378 = VECTOR('',#379,1.);
#379 = DIRECTION('',(1.,-0.));
#380 = ( GEOMETRIC_REPRESENTATION_CONTEXT(2) 
PARAMETRIC_REPRESENTATION_CONTEXT() REPRESENTATION_CONTEXT('2D SPACE',''
  ) );
#381 = FACE_BOUND('',#382,.T.);
#382 = EDGE_LOOP('',(#383));
#383 = ORIENTED_EDGE('',*,*,#384,.T.);
#384 = EDGE_CURVE('',#385,#385,#387,.T.);
#385 = VERTEX_POINT('',#386);
#386 = CARTESIAN_POINT('',(25.498711305964,-14.,65.));
#387 = SURFACE_CURVE('',#388,(#393,#404),.PCURVE_S1.);
#388 = CIRCLE('',#389,1.25);
#389 = AXIS2_PLACEMENT_3D('',#390,#391,#392);
#390 = CARTESIAN_POINT('',(24.248711305964,-14.,65.));
#391 = DIRECTION('',(0.,0.,-1.));
#392 = DIRECTION('',(1.,0.,0.));
#393 = PCURVE('',#94,#394);
#394 = DEFINITIONAL_REPRESENTATION('',(#395),#403);
#395 = ( BOUNDED_CURVE() B_SPLINE_CURVE(2,(#396,#397,#398,#399,#400,#401
,#402),.UNSPECIFIED.,.T.,.F.) B_SPLINE_CURVE_WITH_KNOTS((1,2,2,2,2,1),(
    -2.094395102393,0.,2.094395102393,4.188790204786,6.28318530718,
8.377580409573),.UNSPECIFIED.) CURVE() GEOMETRIC_REPRESENTATION_ITEM() 
RATIONAL_B_SPLINE_CURVE((1.,0.5,1.,0.5,1.,0.5,1.)) REPRESENTATION_ITEM(
  '') );
#396 = CARTESIAN_POINT('',(25.498711305964,-14.));
#397 = CARTESIAN_POINT('',(25.498711305964,-16.16506350946));
#398 = CARTESIAN_POINT('',(23.623711305964,-15.08253175473));
#399 = CARTESIAN_POINT('',(21.748711305964,-14.));
#400 = CARTESIAN_POINT('',(23.623711305964,-12.91746824526));
#401 = CARTESIAN_POINT('',(25.498711305964,-11.83493649053));
#402 = CARTESIAN_POINT('',(25.498711305964,-14.));
#403 = ( GEOMETRIC_REPRESENTATION_CONTEXT(2) 
PARAMETRIC_REPRESENTATION_CONTEXT() REPRESENTATION_CONTEXT('2D SPACE',''
  ) );
#404 = PCURVE('',#405,#410);
#405 = CYLINDRICAL_SURFACE('',#406,1.25);
#406 = AXIS2_PLACEMENT_3D('',#407,#408,#409);
#407 = CARTESIAN_POINT('',(24.248711305964,-14.,58.5));
#408 = DIRECTION('',(-0.,-0.,-1.));
#409 = DIRECTION('',(1.,0.,0.));
#410 = DEFINITIONAL_REPRESENTATION('',(#411),#415);
#411 = LINE('',#412,#413);
#412 = CARTESIAN_POINT('',(-6.28318530718,-6.5));
#413 = VECTOR('',#414,1.);
#414 = DIRECTION('',(1.,-0.));
#415 = ( GEOMETRIC_REPRESENTATION_CONTEXT(2) 
PARAMETRIC_REPRESENTATION_CONTEXT() REPRESENTATION_CONTEXT('2D SPACE',''
  ) );
#416 = FACE_BOUND('',#417,.T.);
#417 = EDGE_LOOP('',(#418));
#418 = ORIENTED_EDGE('',*,*,#419,.T.);
#419 = EDGE_CURVE('',#420,#420,#422,.T.);
#420 = VERTEX_POINT('',#421);
#421 = CARTESIAN_POINT('',(21.,0.,65.));
#422 = SURFACE_CURVE('',#423,(#428,#439),.PCURVE_S1.);
#423 = CIRCLE('',#424,21.);
#424 = AXIS2_PLACEMENT_3D('',#425,#426,#427);
#425 = CARTESIAN_POINT('',(0.,0.,65.));
#426 = DIRECTION('',(0.,0.,-1.));
#427 = DIRECTION('',(1.,0.,0.));
#428 = PCURVE('',#94,#429);
#429 = DEFINITIONAL_REPRESENTATION('',(#430),#438);
#430 = ( BOUNDED_CURVE() B_SPLINE_CURVE(2,(#431,#432,#433,#434,#435,#436
,#437),.UNSPECIFIED.,.T.,.F.) B_SPLINE_CURVE_WITH_KNOTS((1,2,2,2,2,1),(
    -2.094395102393,0.,2.094395102393,4.188790204786,6.28318530718,
8.377580409573),.UNSPECIFIED.) CURVE() GEOMETRIC_REPRESENTATION_ITEM() 
RATIONAL_B_SPLINE_CURVE((1.,0.5,1.,0.5,1.,0.5,1.)) REPRESENTATION_ITEM(
  '') );
#431 = CARTESIAN_POINT('',(21.,-1.557633849995E-15));
#432 = CARTESIAN_POINT('',(21.,-36.37306695894));
#433 = CARTESIAN_POINT('',(-10.5,-18.18653347947));
#434 = CARTESIAN_POINT('',(-42.,-6.701150406414E-15));
#435 = CARTESIAN_POINT('',(-10.5,18.186533479473));
#436 = CARTESIAN_POINT('',(21.,36.373066958946));
#437 = CARTESIAN_POINT('',(21.,-1.557633849995E-15));
#438 = ( GEOMETRIC_REPRESENTATION_CONTEXT(2) 
PARAMETRIC_REPRESENTATION_CONTEXT() REPRESENTATION_CONTEXT('2D SPACE',''
  ) );
#439 = PCURVE('',#440,#445);
#440 = CYLINDRICAL_SURFACE('',#441,21.);
#441 = AXIS2_PLACEMENT_3D('',#442,#443,#444);
#442 = CARTESIAN_POINT('',(0.,0.,58.));
#443 = DIRECTION('',(-0.,-0.,-1.));
#444 = DIRECTION('',(1.,0.,0.));
#445 = DEFINITIONAL_REPRESENTATION('',(#446),#450);
#446 = LINE('',#447,#448);
#447 = CARTESIAN_POINT('',(-6.28318530718,-7.));
#448 = VECTOR('',#449,1.);
#449 = DIRECTION('',(1.,-0.));
#450 = ( GEOMETRIC_REPRESENTATION_CONTEXT(2) 
PARAMETRIC_REPRESENTATION_CONTEXT() REPRESENTATION_CONTEXT('2D SPACE',''
  ) );
#451 = FACE_BOUND('',#452,.T.);
#452 = EDGE_LOOP('',(#453));
#453 = ORIENTED_EDGE('',*,*,#454,.T.);
#454 = EDGE_CURVE('',#455,#455,#457,.T.);
#455 = VERTEX_POINT('',#456);
#456 = CARTESIAN_POINT('',(1.25,28.,65.));
#457 = SURFACE_CURVE('',#458,(#463,#474),.PCURVE_S1.);
#458 = CIRCLE('',#459,1.25);
#459 = AXIS2_PLACEMENT_3D('',#460,#461,#462);
#460 = CARTESIAN_POINT('',(1.714505518806E-15,28.,65.));
#461 = DIRECTION('',(0.,0.,-1.));
#462 = DIRECTION('',(1.,0.,0.));
#463 = PCURVE('',#94,#464);
#464 = DEFINITIONAL_REPRESENTATION('',(#465),#473);
#465 = ( BOUNDED_CURVE() B_SPLINE_CURVE(2,(#466,#467,#468,#469,#470,#471
,#472),.UNSPECIFIED.,.T.,.F.) B_SPLINE_CURVE_WITH_KNOTS((1,2,2,2,2,1),(
    -2.094395102393,0.,2.094395102393,4.188790204786,6.28318530718,
8.377580409573),.UNSPECIFIED.) CURVE() GEOMETRIC_REPRESENTATION_ITEM() 
RATIONAL_B_SPLINE_CURVE((1.,0.5,1.,0.5,1.,0.5,1.)) REPRESENTATION_ITEM(
  '') );
#466 = CARTESIAN_POINT('',(1.25,28.));
#467 = CARTESIAN_POINT('',(1.25,25.834936490539));
#468 = CARTESIAN_POINT('',(-0.625,26.917468245269));
#469 = CARTESIAN_POINT('',(-2.5,28.));
#470 = CARTESIAN_POINT('',(-0.625,29.082531754731));
#471 = CARTESIAN_POINT('',(1.25,30.165063509461));
#472 = CARTESIAN_POINT('',(1.25,28.));
#473 = ( GEOMETRIC_REPRESENTATION_CONTEXT(2) 
PARAMETRIC_REPRESENTATION_CONTEXT() REPRESENTATION_CONTEXT('2D SPACE',''
  ) );
#474 = PCURVE('',#475,#480);
#475 = CYLINDRICAL_SURFACE('',#476,1.25);
#476 = AXIS2_PLACEMENT_3D('',#477,#478,#479);
#477 = CARTESIAN_POINT('',(1.714505518806E-15,28.,58.5));
#478 = DIRECTION('',(-0.,-0.,-1.));
#479 = DIRECTION('',(1.,0.,0.));
#480 = DEFINITIONAL_REPRESENTATION('',(#481),#485);
#481 = LINE('',#482,#483);
#482 = CARTESIAN_POINT('',(-6.28318530718,-6.5));
#483 = VECTOR('',#484,1.);
#484 = DIRECTION('',(1.,-0.));
#485 = ( GEOMETRIC_REPRESENTATION_CONTEXT(2) 
PARAMETRIC_REPRESENTATION_CONTEXT() REPRESENTATION_CONTEXT('2D SPACE',''
  ) );
#486 = ADVANCED_FACE('',(#487,#490,#525,#560,#902),#66,.F.);
#487 = FACE_BOUND('',#488,.F.);
#488 = EDGE_LOOP('',(#489));
#489 = ORIENTED_EDGE('',*,*,#51,.T.);
#490 = FACE_BOUND('',#491,.F.);
#491 = EDGE_LOOP('',(#492));
#492 = ORIENTED_EDGE('',*,*,#493,.T.);
#493 = EDGE_CURVE('',#494,#494,#496,.T.);
#494 = VERTEX_POINT('',#495);
#495 = CARTESIAN_POINT('',(-8.75,-17.32050807568,5.));
#496 = SURFACE_CURVE('',#497,(#502,#513),.PCURVE_S1.);
#497 = CIRCLE('',#498,1.25);
#498 = AXIS2_PLACEMENT_3D('',#499,#500,#501);
#499 = CARTESIAN_POINT('',(-10.,-17.32050807568,5.));
#500 = DIRECTION('',(0.,0.,-1.));
#501 = DIRECTION('',(1.,0.,0.));
#502 = PCURVE('',#66,#503);
#503 = DEFINITIONAL_REPRESENTATION('',(#504),#512);
#504 = ( BOUNDED_CURVE() B_SPLINE_CURVE(2,(#505,#506,#507,#508,#509,#510
,#511),.UNSPECIFIED.,.T.,.F.) B_SPLINE_CURVE_WITH_KNOTS((1,2,2,2,2,1),(
    -2.094395102393,0.,2.094395102393,4.188790204786,6.28318530718,
8.377580409573),.UNSPECIFIED.) CURVE() GEOMETRIC_REPRESENTATION_ITEM() 
RATIONAL_B_SPLINE_CURVE((1.,0.5,1.,0.5,1.,0.5,1.)) REPRESENTATION_ITEM(
  '') );
#505 = CARTESIAN_POINT('',(-8.75,-17.32050807568));
#506 = CARTESIAN_POINT('',(-8.75,-19.48557158515));
#507 = CARTESIAN_POINT('',(-10.625,-18.40303983041));
#508 = CARTESIAN_POINT('',(-12.5,-17.32050807568));
#509 = CARTESIAN_POINT('',(-10.625,-16.23797632095));
#510 = CARTESIAN_POINT('',(-8.75,-15.15544456622));
#511 = CARTESIAN_POINT('',(-8.75,-17.32050807568));
#512 = ( GEOMETRIC_REPRESENTATION_CONTEXT(2) 
PARAMETRIC_REPRESENTATION_CONTEXT() REPRESENTATION_CONTEXT('2D SPACE',''
  ) );
#513 = PCURVE('',#514,#519);
#514 = CYLINDRICAL_SURFACE('',#515,1.25);
#515 = AXIS2_PLACEMENT_3D('',#516,#517,#518);
#516 = CARTESIAN_POINT('',(-10.,-17.32050807568,4.));
#517 = DIRECTION('',(-0.,-0.,-1.));
#518 = DIRECTION('',(1.,0.,0.));
#519 = DEFINITIONAL_REPRESENTATION('',(#520),#524);
#520 = LINE('',#521,#522);
#521 = CARTESIAN_POINT('',(-6.28318530718,-1.));
#522 = VECTOR('',#523,1.);
#523 = DIRECTION('',(1.,-0.));
#524 = ( GEOMETRIC_REPRESENTATION_CONTEXT(2) 
PARAMETRIC_REPRESENTATION_CONTEXT() REPRESENTATION_CONTEXT('2D SPACE',''
  ) );
#525 = FACE_BOUND('',#526,.F.);
#526 = EDGE_LOOP('',(#527));
#527 = ORIENTED_EDGE('',*,*,#528,.T.);
#528 = EDGE_CURVE('',#529,#529,#531,.T.);
#529 = VERTEX_POINT('',#530);
#530 = CARTESIAN_POINT('',(-8.75,17.320508075689,5.));
#531 = SURFACE_CURVE('',#532,(#537,#548),.PCURVE_S1.);
#532 = CIRCLE('',#533,1.25);
#533 = AXIS2_PLACEMENT_3D('',#534,#535,#536);
#534 = CARTESIAN_POINT('',(-10.,17.320508075689,5.));
#535 = DIRECTION('',(0.,0.,-1.));
#536 = DIRECTION('',(1.,0.,0.));
#537 = PCURVE('',#66,#538);
#538 = DEFINITIONAL_REPRESENTATION('',(#539),#547);
#539 = ( BOUNDED_CURVE() B_SPLINE_CURVE(2,(#540,#541,#542,#543,#544,#545
,#546),.UNSPECIFIED.,.T.,.F.) B_SPLINE_CURVE_WITH_KNOTS((1,2,2,2,2,1),(
    -2.094395102393,0.,2.094395102393,4.188790204786,6.28318530718,
8.377580409573),.UNSPECIFIED.) CURVE() GEOMETRIC_REPRESENTATION_ITEM() 
RATIONAL_B_SPLINE_CURVE((1.,0.5,1.,0.5,1.,0.5,1.)) REPRESENTATION_ITEM(
  '') );
#540 = CARTESIAN_POINT('',(-8.75,17.320508075689));
#541 = CARTESIAN_POINT('',(-8.75,15.155444566228));
#542 = CARTESIAN_POINT('',(-10.625,16.237976320958));
#543 = CARTESIAN_POINT('',(-12.5,17.320508075689));
#544 = CARTESIAN_POINT('',(-10.625,18.403039830419));
#545 = CARTESIAN_POINT('',(-8.75,19.48557158515));
#546 = CARTESIAN_POINT('',(-8.75,17.320508075689));
#547 = ( GEOMETRIC_REPRESENTATION_CONTEXT(2) 
PARAMETRIC_REPRESENTATION_CONTEXT() REPRESENTATION_CONTEXT('2D SPACE',''
  ) );
#548 = PCURVE('',#549,#554);
#549 = CYLINDRICAL_SURFACE('',#550,1.25);
#550 = AXIS2_PLACEMENT_3D('',#551,#552,#553);
#551 = CARTESIAN_POINT('',(-10.,17.320508075689,4.));
#552 = DIRECTION('',(-0.,-0.,-1.));
#553 = DIRECTION('',(1.,0.,0.));
#554 = DEFINITIONAL_REPRESENTATION('',(#555),#559);
#555 = LINE('',#556,#557);
#556 = CARTESIAN_POINT('',(-6.28318530718,-1.));
#557 = VECTOR('',#558,1.);
#558 = DIRECTION('',(1.,-0.));
#559 = ( GEOMETRIC_REPRESENTATION_CONTEXT(2) 
PARAMETRIC_REPRESENTATION_CONTEXT() REPRESENTATION_CONTEXT('2D SPACE',''
  ) );
#560 = FACE_BOUND('',#561,.F.);
#561 = EDGE_LOOP('',(#562,#593,#621,#650,#678,#702,#730,#763,#791,#815,
    #843,#876));
#562 = ORIENTED_EDGE('',*,*,#563,.F.);
#563 = EDGE_CURVE('',#564,#566,#568,.T.);
#564 = VERTEX_POINT('',#565);
#565 = CARTESIAN_POINT('',(27.928480087538,2.,5.));
#566 = VERTEX_POINT('',#567);
#567 = CARTESIAN_POINT('',(-12.2321892362,25.186773244895,5.));
#568 = SURFACE_CURVE('',#569,(#574,#581),.PCURVE_S1.);
#569 = CIRCLE('',#570,28.);
#570 = AXIS2_PLACEMENT_3D('',#571,#572,#573);
#571 = CARTESIAN_POINT('',(1.471511085026E-13,2.292073341162E-15,5.));
#572 = DIRECTION('',(0.,0.,1.));
#573 = DIRECTION('',(1.,0.,0.));
#574 = PCURVE('',#66,#575);
#575 = DEFINITIONAL_REPRESENTATION('',(#576),#580);
#576 = CIRCLE('',#577,28.);
#577 = AXIS2_PLACEMENT_2D('',#578,#579);
#578 = CARTESIAN_POINT('',(1.485626596071E-13,7.344394911669E-16));
#579 = DIRECTION('',(1.,0.));
#580 = ( GEOMETRIC_REPRESENTATION_CONTEXT(2) 
PARAMETRIC_REPRESENTATION_CONTEXT() REPRESENTATION_CONTEXT('2D SPACE',''
  ) );
#581 = PCURVE('',#582,#587);
#582 = CYLINDRICAL_SURFACE('',#583,28.);
#583 = AXIS2_PLACEMENT_3D('',#584,#585,#586);
#584 = CARTESIAN_POINT('',(1.471511085026E-13,2.292073341162E-15,5.));
#585 = DIRECTION('',(-0.,-0.,-1.));
#586 = DIRECTION('',(1.,0.,0.));
#587 = DEFINITIONAL_REPRESENTATION('',(#588),#592);
#588 = LINE('',#589,#590);
#589 = CARTESIAN_POINT('',(-0.,0.));
#590 = VECTOR('',#591,1.);
#591 = DIRECTION('',(-1.,0.));
#592 = ( GEOMETRIC_REPRESENTATION_CONTEXT(2) 
PARAMETRIC_REPRESENTATION_CONTEXT() REPRESENTATION_CONTEXT('2D SPACE',''
  ) );
#593 = ORIENTED_EDGE('',*,*,#594,.F.);
#594 = EDGE_CURVE('',#595,#564,#597,.T.);
#595 = VERTEX_POINT('',#596);
#596 = CARTESIAN_POINT('',(23.464101615138,2.,5.));
#597 = SURFACE_CURVE('',#598,(#602,#609),.PCURVE_S1.);
#598 = LINE('',#599,#600);
#599 = CARTESIAN_POINT('',(20.,2.,5.));
#600 = VECTOR('',#601,1.);
#601 = DIRECTION('',(1.,0.,0.));
#602 = PCURVE('',#66,#603);
#603 = DEFINITIONAL_REPRESENTATION('',(#604),#608);
#604 = LINE('',#605,#606);
#605 = CARTESIAN_POINT('',(20.,2.));
#606 = VECTOR('',#607,1.);
#607 = DIRECTION('',(1.,0.));
#608 = ( GEOMETRIC_REPRESENTATION_CONTEXT(2) 
PARAMETRIC_REPRESENTATION_CONTEXT() REPRESENTATION_CONTEXT('2D SPACE',''
  ) );
#609 = PCURVE('',#610,#615);
#610 = PLANE('',#611);
#611 = AXIS2_PLACEMENT_3D('',#612,#613,#614);
#612 = CARTESIAN_POINT('',(20.,2.,5.));
#613 = DIRECTION('',(0.,1.,0.));
#614 = DIRECTION('',(0.,0.,1.));
#615 = DEFINITIONAL_REPRESENTATION('',(#616),#620);
#616 = LINE('',#617,#618);
#617 = CARTESIAN_POINT('',(0.,0.));
#618 = VECTOR('',#619,1.);
#619 = DIRECTION('',(0.,1.));
#620 = ( GEOMETRIC_REPRESENTATION_CONTEXT(2) 
PARAMETRIC_REPRESENTATION_CONTEXT() REPRESENTATION_CONTEXT('2D SPACE',''
  ) );
#621 = ORIENTED_EDGE('',*,*,#622,.T.);
#622 = EDGE_CURVE('',#595,#623,#625,.T.);
#623 = VERTEX_POINT('',#624);
#624 = CARTESIAN_POINT('',(23.464101615138,-2.,5.));
#625 = SURFACE_CURVE('',#626,(#631,#638),.PCURVE_S1.);
#626 = CIRCLE('',#627,4.);
#627 = AXIS2_PLACEMENT_3D('',#628,#629,#630);
#628 = CARTESIAN_POINT('',(20.,0.,5.));
#629 = DIRECTION('',(0.,0.,1.));
#630 = DIRECTION('',(1.,0.,0.));
#631 = PCURVE('',#66,#632);
#632 = DEFINITIONAL_REPRESENTATION('',(#633),#637);
#633 = CIRCLE('',#634,4.);
#634 = AXIS2_PLACEMENT_2D('',#635,#636);
#635 = CARTESIAN_POINT('',(20.,-1.557633849995E-15));
#636 = DIRECTION('',(1.,0.));
#637 = ( GEOMETRIC_REPRESENTATION_CONTEXT(2) 
PARAMETRIC_REPRESENTATION_CONTEXT() REPRESENTATION_CONTEXT('2D SPACE',''
  ) );
#638 = PCURVE('',#639,#644);
#639 = CYLINDRICAL_SURFACE('',#640,4.);
#640 = AXIS2_PLACEMENT_3D('',#641,#642,#643);
#641 = CARTESIAN_POINT('',(20.,0.,5.));
#642 = DIRECTION('',(-0.,-0.,-1.));
#643 = DIRECTION('',(1.,0.,0.));
#644 = DEFINITIONAL_REPRESENTATION('',(#645),#649);
#645 = LINE('',#646,#647);
#646 = CARTESIAN_POINT('',(-0.,0.));
#647 = VECTOR('',#648,1.);
#648 = DIRECTION('',(-1.,0.));
#649 = ( GEOMETRIC_REPRESENTATION_CONTEXT(2) 
PARAMETRIC_REPRESENTATION_CONTEXT() REPRESENTATION_CONTEXT('2D SPACE',''
  ) );
#650 = ORIENTED_EDGE('',*,*,#651,.T.);
#651 = EDGE_CURVE('',#623,#652,#654,.T.);
#652 = VERTEX_POINT('',#653);
#653 = CARTESIAN_POINT('',(27.928480087538,-2.,5.));
#654 = SURFACE_CURVE('',#655,(#659,#666),.PCURVE_S1.);
#655 = LINE('',#656,#657);
#656 = CARTESIAN_POINT('',(20.,-2.,5.));
#657 = VECTOR('',#658,1.);
#658 = DIRECTION('',(1.,0.,0.));
#659 = PCURVE('',#66,#660);
#660 = DEFINITIONAL_REPRESENTATION('',(#661),#665);
#661 = LINE('',#662,#663);
#662 = CARTESIAN_POINT('',(20.,-2.));
#663 = VECTOR('',#664,1.);
#664 = DIRECTION('',(1.,0.));
#665 = ( GEOMETRIC_REPRESENTATION_CONTEXT(2) 
PARAMETRIC_REPRESENTATION_CONTEXT() REPRESENTATION_CONTEXT('2D SPACE',''
  ) );
#666 = PCURVE('',#667,#672);
#667 = PLANE('',#668);
#668 = AXIS2_PLACEMENT_3D('',#669,#670,#671);
#669 = CARTESIAN_POINT('',(20.,-2.,5.));
#670 = DIRECTION('',(0.,1.,0.));
#671 = DIRECTION('',(0.,0.,1.));
#672 = DEFINITIONAL_REPRESENTATION('',(#673),#677);
#673 = LINE('',#674,#675);
#674 = CARTESIAN_POINT('',(0.,0.));
#675 = VECTOR('',#676,1.);
#676 = DIRECTION('',(0.,1.));
#677 = ( GEOMETRIC_REPRESENTATION_CONTEXT(2) 
PARAMETRIC_REPRESENTATION_CONTEXT() REPRESENTATION_CONTEXT('2D SPACE',''
  ) );
#678 = ORIENTED_EDGE('',*,*,#679,.F.);
#679 = EDGE_CURVE('',#680,#652,#682,.T.);
#680 = VERTEX_POINT('',#681);
#681 = CARTESIAN_POINT('',(-12.2321892362,-25.18677324489,5.));
#682 = SURFACE_CURVE('',#683,(#688,#695),.PCURVE_S1.);
#683 = CIRCLE('',#684,28.);
#684 = AXIS2_PLACEMENT_3D('',#685,#686,#687);
#685 = CARTESIAN_POINT('',(1.471511085026E-13,2.292073341162E-15,5.));
#686 = DIRECTION('',(0.,0.,1.));
#687 = DIRECTION('',(1.,0.,0.));
#688 = PCURVE('',#66,#689);
#689 = DEFINITIONAL_REPRESENTATION('',(#690),#694);
#690 = CIRCLE('',#691,28.);
#691 = AXIS2_PLACEMENT_2D('',#692,#693);
#692 = CARTESIAN_POINT('',(1.485626596071E-13,7.344394911669E-16));
#693 = DIRECTION('',(1.,0.));
#694 = ( GEOMETRIC_REPRESENTATION_CONTEXT(2) 
PARAMETRIC_REPRESENTATION_CONTEXT() REPRESENTATION_CONTEXT('2D SPACE',''
  ) );
#695 = PCURVE('',#582,#696);
#696 = DEFINITIONAL_REPRESENTATION('',(#697),#701);
#697 = LINE('',#698,#699);
#698 = CARTESIAN_POINT('',(-0.,0.));
#699 = VECTOR('',#700,1.);
#700 = DIRECTION('',(-1.,0.));
#701 = ( GEOMETRIC_REPRESENTATION_CONTEXT(2) 
PARAMETRIC_REPRESENTATION_CONTEXT() REPRESENTATION_CONTEXT('2D SPACE',''
  ) );
#702 = ORIENTED_EDGE('',*,*,#703,.F.);
#703 = EDGE_CURVE('',#704,#680,#706,.T.);
#704 = VERTEX_POINT('',#705);
#705 = CARTESIAN_POINT('',(-10.,-21.32050807568,5.));
#706 = SURFACE_CURVE('',#707,(#711,#718),.PCURVE_S1.);
#707 = LINE('',#708,#709);
#708 = CARTESIAN_POINT('',(-8.267949192431,-18.32050807568,5.));
#709 = VECTOR('',#710,1.);
#710 = DIRECTION('',(-0.5,-0.866025403784,0.));
#711 = PCURVE('',#66,#712);
#712 = DEFINITIONAL_REPRESENTATION('',(#713),#717);
#713 = LINE('',#714,#715);
#714 = CARTESIAN_POINT('',(-8.267949192431,-18.32050807568));
#715 = VECTOR('',#716,1.);
#716 = DIRECTION('',(-0.5,-0.866025403784));
#717 = ( GEOMETRIC_REPRESENTATION_CONTEXT(2) 
PARAMETRIC_REPRESENTATION_CONTEXT() REPRESENTATION_CONTEXT('2D SPACE',''
  ) );
#718 = PCURVE('',#719,#724);
#719 = PLANE('',#720);
#720 = AXIS2_PLACEMENT_3D('',#721,#722,#723);
#721 = CARTESIAN_POINT('',(-8.267949192431,-18.32050807568,5.));
#722 = DIRECTION('',(0.866025403784,-0.5,0.));
#723 = DIRECTION('',(0.,0.,1.));
#724 = DEFINITIONAL_REPRESENTATION('',(#725),#729);
#725 = LINE('',#726,#727);
#726 = CARTESIAN_POINT('',(0.,0.));
#727 = VECTOR('',#728,1.);
#728 = DIRECTION('',(0.,1.));
#729 = ( GEOMETRIC_REPRESENTATION_CONTEXT(2) 
PARAMETRIC_REPRESENTATION_CONTEXT() REPRESENTATION_CONTEXT('2D SPACE',''
  ) );
#730 = ORIENTED_EDGE('',*,*,#731,.F.);
#731 = EDGE_CURVE('',#732,#704,#734,.T.);
#732 = VERTEX_POINT('',#733);
#733 = CARTESIAN_POINT('',(-13.46410161513,-19.32050807568,5.));
#734 = SURFACE_CURVE('',#735,(#740,#751),.PCURVE_S1.);
#735 = CIRCLE('',#736,4.);
#736 = AXIS2_PLACEMENT_3D('',#737,#738,#739);
#737 = CARTESIAN_POINT('',(-10.,-17.32050807568,5.));
#738 = DIRECTION('',(-0.,0.,-1.));
#739 = DIRECTION('',(-0.866025403784,-0.5,0.));
#740 = PCURVE('',#66,#741);
#741 = DEFINITIONAL_REPRESENTATION('',(#742),#750);
#742 = ( BOUNDED_CURVE() B_SPLINE_CURVE(2,(#743,#744,#745,#746,#747,#748
,#749),.UNSPECIFIED.,.T.,.F.) B_SPLINE_CURVE_WITH_KNOTS((1,2,2,2,2,1),(
    -2.094395102393,0.,2.094395102393,4.188790204786,6.28318530718,
8.377580409573),.UNSPECIFIED.) CURVE() GEOMETRIC_REPRESENTATION_ITEM() 
RATIONAL_B_SPLINE_CURVE((1.,0.5,1.,0.5,1.,0.5,1.)) REPRESENTATION_ITEM(
  '') );
#743 = CARTESIAN_POINT('',(-13.46410161513,-19.32050807568));
#744 = CARTESIAN_POINT('',(-16.92820323027,-13.32050807568));
#745 = CARTESIAN_POINT('',(-10.,-13.32050807568));
#746 = CARTESIAN_POINT('',(-3.071796769724,-13.32050807568));
#747 = CARTESIAN_POINT('',(-6.535898384862,-19.32050807568));
#748 = CARTESIAN_POINT('',(-10.,-25.32050807568));
#749 = CARTESIAN_POINT('',(-13.46410161513,-19.32050807568));
#750 = ( GEOMETRIC_REPRESENTATION_CONTEXT(2) 
PARAMETRIC_REPRESENTATION_CONTEXT() REPRESENTATION_CONTEXT('2D SPACE',''
  ) );
#751 = PCURVE('',#752,#757);
#752 = CYLINDRICAL_SURFACE('',#753,4.);
#753 = AXIS2_PLACEMENT_3D('',#754,#755,#756);
#754 = CARTESIAN_POINT('',(-10.,-17.32050807568,5.));
#755 = DIRECTION('',(-0.,-0.,-1.));
#756 = DIRECTION('',(1.,0.,0.));
#757 = DEFINITIONAL_REPRESENTATION('',(#758),#762);
#758 = LINE('',#759,#760);
#759 = CARTESIAN_POINT('',(-9.948376736368,0.));
#760 = VECTOR('',#761,1.);
#761 = DIRECTION('',(1.,-0.));
#762 = ( GEOMETRIC_REPRESENTATION_CONTEXT(2) 
PARAMETRIC_REPRESENTATION_CONTEXT() REPRESENTATION_CONTEXT('2D SPACE',''
  ) );
#763 = ORIENTED_EDGE('',*,*,#764,.T.);
#764 = EDGE_CURVE('',#732,#765,#767,.T.);
#765 = VERTEX_POINT('',#766);
#766 = CARTESIAN_POINT('',(-15.69629085133,-23.18677324489,5.));
#767 = SURFACE_CURVE('',#768,(#772,#779),.PCURVE_S1.);
#768 = LINE('',#769,#770);
#769 = CARTESIAN_POINT('',(-11.73205080756,-16.32050807568,5.));
#770 = VECTOR('',#771,1.);
#771 = DIRECTION('',(-0.5,-0.866025403784,0.));
#772 = PCURVE('',#66,#773);
#773 = DEFINITIONAL_REPRESENTATION('',(#774),#778);
#774 = LINE('',#775,#776);
#775 = CARTESIAN_POINT('',(-11.73205080756,-16.32050807568));
#776 = VECTOR('',#777,1.);
#777 = DIRECTION('',(-0.5,-0.866025403784));
#778 = ( GEOMETRIC_REPRESENTATION_CONTEXT(2) 
PARAMETRIC_REPRESENTATION_CONTEXT() REPRESENTATION_CONTEXT('2D SPACE',''
  ) );
#779 = PCURVE('',#780,#785);
#780 = PLANE('',#781);
#781 = AXIS2_PLACEMENT_3D('',#782,#783,#784);
#782 = CARTESIAN_POINT('',(-11.73205080756,-16.32050807568,5.));
#783 = DIRECTION('',(0.866025403784,-0.5,0.));
#784 = DIRECTION('',(0.,0.,1.));
#785 = DEFINITIONAL_REPRESENTATION('',(#786),#790);
#786 = LINE('',#787,#788);
#787 = CARTESIAN_POINT('',(0.,0.));
#788 = VECTOR('',#789,1.);
#789 = DIRECTION('',(0.,1.));
#790 = ( GEOMETRIC_REPRESENTATION_CONTEXT(2) 
PARAMETRIC_REPRESENTATION_CONTEXT() REPRESENTATION_CONTEXT('2D SPACE',''
  ) );
#791 = ORIENTED_EDGE('',*,*,#792,.F.);
#792 = EDGE_CURVE('',#793,#765,#795,.T.);
#793 = VERTEX_POINT('',#794);
#794 = CARTESIAN_POINT('',(-15.69629085133,23.186773244896,5.));
#795 = SURFACE_CURVE('',#796,(#801,#808),.PCURVE_S1.);
#796 = CIRCLE('',#797,28.);
#797 = AXIS2_PLACEMENT_3D('',#798,#799,#800);
#798 = CARTESIAN_POINT('',(1.471511085026E-13,2.292073341162E-15,5.));
#799 = DIRECTION('',(0.,0.,1.));
#800 = DIRECTION('',(1.,0.,0.));
#801 = PCURVE('',#66,#802);
#802 = DEFINITIONAL_REPRESENTATION('',(#803),#807);
#803 = CIRCLE('',#804,28.);
#804 = AXIS2_PLACEMENT_2D('',#805,#806);
#805 = CARTESIAN_POINT('',(1.485626596071E-13,7.344394911669E-16));
#806 = DIRECTION('',(1.,0.));
#807 = ( GEOMETRIC_REPRESENTATION_CONTEXT(2) 
PARAMETRIC_REPRESENTATION_CONTEXT() REPRESENTATION_CONTEXT('2D SPACE',''
  ) );
#808 = PCURVE('',#582,#809);
#809 = DEFINITIONAL_REPRESENTATION('',(#810),#814);
#810 = LINE('',#811,#812);
#811 = CARTESIAN_POINT('',(-0.,0.));
#812 = VECTOR('',#813,1.);
#813 = DIRECTION('',(-1.,0.));
#814 = ( GEOMETRIC_REPRESENTATION_CONTEXT(2) 
PARAMETRIC_REPRESENTATION_CONTEXT() REPRESENTATION_CONTEXT('2D SPACE',''
  ) );
#815 = ORIENTED_EDGE('',*,*,#816,.F.);
#816 = EDGE_CURVE('',#817,#793,#819,.T.);
#817 = VERTEX_POINT('',#818);
#818 = CARTESIAN_POINT('',(-13.46410161513,19.320508075689,5.));
#819 = SURFACE_CURVE('',#820,(#824,#831),.PCURVE_S1.);
#820 = LINE('',#821,#822);
#821 = CARTESIAN_POINT('',(-11.73205080756,16.320508075689,5.));
#822 = VECTOR('',#823,1.);
#823 = DIRECTION('',(-0.5,0.866025403784,0.));
#824 = PCURVE('',#66,#825);
#825 = DEFINITIONAL_REPRESENTATION('',(#826),#830);
#826 = LINE('',#827,#828);
#827 = CARTESIAN_POINT('',(-11.73205080756,16.320508075689));
#828 = VECTOR('',#829,1.);
#829 = DIRECTION('',(-0.5,0.866025403784));
#830 = ( GEOMETRIC_REPRESENTATION_CONTEXT(2) 
PARAMETRIC_REPRESENTATION_CONTEXT() REPRESENTATION_CONTEXT('2D SPACE',''
  ) );
#831 = PCURVE('',#832,#837);
#832 = PLANE('',#833);
#833 = AXIS2_PLACEMENT_3D('',#834,#835,#836);
#834 = CARTESIAN_POINT('',(-11.73205080756,16.320508075689,5.));
#835 = DIRECTION('',(-0.866025403784,-0.5,0.));
#836 = DIRECTION('',(0.,0.,1.));
#837 = DEFINITIONAL_REPRESENTATION('',(#838),#842);
#838 = LINE('',#839,#840);
#839 = CARTESIAN_POINT('',(0.,0.));
#840 = VECTOR('',#841,1.);
#841 = DIRECTION('',(0.,1.));
#842 = ( GEOMETRIC_REPRESENTATION_CONTEXT(2) 
PARAMETRIC_REPRESENTATION_CONTEXT() REPRESENTATION_CONTEXT('2D SPACE',''
  ) );
#843 = ORIENTED_EDGE('',*,*,#844,.F.);
#844 = EDGE_CURVE('',#845,#817,#847,.T.);
#845 = VERTEX_POINT('',#846);
#846 = CARTESIAN_POINT('',(-10.,21.320508075689,5.));
#847 = SURFACE_CURVE('',#848,(#853,#864),.PCURVE_S1.);
#848 = CIRCLE('',#849,4.);
#849 = AXIS2_PLACEMENT_3D('',#850,#851,#852);
#850 = CARTESIAN_POINT('',(-10.,17.320508075689,5.));
#851 = DIRECTION('',(0.,0.,-1.));
#852 = DIRECTION('',(4.574118861456E-14,1.,0.));
#853 = PCURVE('',#66,#854);
#854 = DEFINITIONAL_REPRESENTATION('',(#855),#863);
#855 = ( BOUNDED_CURVE() B_SPLINE_CURVE(2,(#856,#857,#858,#859,#860,#861
,#862),.UNSPECIFIED.,.T.,.F.) B_SPLINE_CURVE_WITH_KNOTS((1,2,2,2,2,1),(
    -2.094395102393,0.,2.094395102393,4.188790204786,6.28318530718,
8.377580409573),.UNSPECIFIED.) CURVE() GEOMETRIC_REPRESENTATION_ITEM() 
RATIONAL_B_SPLINE_CURVE((1.,0.5,1.,0.5,1.,0.5,1.)) REPRESENTATION_ITEM(
  '') );
#856 = CARTESIAN_POINT('',(-10.,21.320508075689));
#857 = CARTESIAN_POINT('',(-3.071796769724,21.320508075688));
#858 = CARTESIAN_POINT('',(-6.535898384862,15.320508075689));
#859 = CARTESIAN_POINT('',(-10.,9.320508075689));
#860 = CARTESIAN_POINT('',(-13.46410161513,15.320508075689));
#861 = CARTESIAN_POINT('',(-16.92820323027,21.320508075689));
#862 = CARTESIAN_POINT('',(-10.,21.320508075689));
#863 = ( GEOMETRIC_REPRESENTATION_CONTEXT(2) 
PARAMETRIC_REPRESENTATION_CONTEXT() REPRESENTATION_CONTEXT('2D SPACE',''
  ) );
#864 = PCURVE('',#865,#870);
#865 = CYLINDRICAL_SURFACE('',#866,4.);
#866 = AXIS2_PLACEMENT_3D('',#867,#868,#869);
#867 = CARTESIAN_POINT('',(-10.,17.320508075689,5.));
#868 = DIRECTION('',(-0.,-0.,-1.));
#869 = DIRECTION('',(1.,0.,0.));
#870 = DEFINITIONAL_REPRESENTATION('',(#871),#875);
#871 = LINE('',#872,#873);
#872 = CARTESIAN_POINT('',(-7.853981633974,0.));
#873 = VECTOR('',#874,1.);
#874 = DIRECTION('',(1.,-0.));
#875 = ( GEOMETRIC_REPRESENTATION_CONTEXT(2) 
PARAMETRIC_REPRESENTATION_CONTEXT() REPRESENTATION_CONTEXT('2D SPACE',''
  ) );
#876 = ORIENTED_EDGE('',*,*,#877,.T.);
#877 = EDGE_CURVE('',#845,#566,#878,.T.);
#878 = SURFACE_CURVE('',#879,(#883,#890),.PCURVE_S1.);
#879 = LINE('',#880,#881);
#880 = CARTESIAN_POINT('',(-8.267949192431,18.320508075689,5.));
#881 = VECTOR('',#882,1.);
#882 = DIRECTION('',(-0.5,0.866025403784,0.));
#883 = PCURVE('',#66,#884);
#884 = DEFINITIONAL_REPRESENTATION('',(#885),#889);
#885 = LINE('',#886,#887);
#886 = CARTESIAN_POINT('',(-8.267949192431,18.320508075689));
#887 = VECTOR('',#888,1.);
#888 = DIRECTION('',(-0.5,0.866025403784));
#889 = ( GEOMETRIC_REPRESENTATION_CONTEXT(2) 
PARAMETRIC_REPRESENTATION_CONTEXT() REPRESENTATION_CONTEXT('2D SPACE',''
  ) );
#890 = PCURVE('',#891,#896);
#891 = PLANE('',#892);
#892 = AXIS2_PLACEMENT_3D('',#893,#894,#895);
#893 = CARTESIAN_POINT('',(-8.267949192431,18.320508075689,5.));
#894 = DIRECTION('',(-0.866025403784,-0.5,0.));
#895 = DIRECTION('',(0.,0.,1.));
#896 = DEFINITIONAL_REPRESENTATION('',(#897),#901);
#897 = LINE('',#898,#899);
#898 = CARTESIAN_POINT('',(0.,0.));
#899 = VECTOR('',#900,1.);
#900 = DIRECTION('',(0.,1.));
#901 = ( GEOMETRIC_REPRESENTATION_CONTEXT(2) 
PARAMETRIC_REPRESENTATION_CONTEXT() REPRESENTATION_CONTEXT('2D SPACE',''
  ) );
#902 = FACE_BOUND('',#903,.F.);
#903 = EDGE_LOOP('',(#904));
#904 = ORIENTED_EDGE('',*,*,#905,.T.);
#905 = EDGE_CURVE('',#906,#906,#908,.T.);
#906 = VERTEX_POINT('',#907);
#907 = CARTESIAN_POINT('',(21.25,0.,5.));
#908 = SURFACE_CURVE('',#909,(#914,#925),.PCURVE_S1.);
#909 = CIRCLE('',#910,1.25);
#910 = AXIS2_PLACEMENT_3D('',#911,#912,#913);
#911 = CARTESIAN_POINT('',(20.,0.,5.));
#912 = DIRECTION('',(0.,0.,-1.));
#913 = DIRECTION('',(1.,0.,0.));
#914 = PCURVE('',#66,#915);
#915 = DEFINITIONAL_REPRESENTATION('',(#916),#924);
#916 = ( BOUNDED_CURVE() B_SPLINE_CURVE(2,(#917,#918,#919,#920,#921,#922
,#923),.UNSPECIFIED.,.T.,.F.) B_SPLINE_CURVE_WITH_KNOTS((1,2,2,2,2,1),(
    -2.094395102393,0.,2.094395102393,4.188790204786,6.28318530718,
8.377580409573),.UNSPECIFIED.) CURVE() GEOMETRIC_REPRESENTATION_ITEM() 
RATIONAL_B_SPLINE_CURVE((1.,0.5,1.,0.5,1.,0.5,1.)) REPRESENTATION_ITEM(
  '') );
#917 = CARTESIAN_POINT('',(21.25,-1.557633849995E-15));
#918 = CARTESIAN_POINT('',(21.25,-2.165063509461));
#919 = CARTESIAN_POINT('',(19.375,-1.082531754731));
#920 = CARTESIAN_POINT('',(17.5,-1.863795549782E-15));
#921 = CARTESIAN_POINT('',(19.375,1.082531754731));
#922 = CARTESIAN_POINT('',(21.25,2.165063509461));
#923 = CARTESIAN_POINT('',(21.25,-1.557633849995E-15));
#924 = ( GEOMETRIC_REPRESENTATION_CONTEXT(2) 
PARAMETRIC_REPRESENTATION_CONTEXT() REPRESENTATION_CONTEXT('2D SPACE',''
  ) );
#925 = PCURVE('',#926,#931);
#926 = CYLINDRICAL_SURFACE('',#927,1.25);
#927 = AXIS2_PLACEMENT_3D('',#928,#929,#930);
#928 = CARTESIAN_POINT('',(20.,0.,4.));
#929 = DIRECTION('',(-0.,-0.,-1.));
#930 = DIRECTION('',(1.,0.,0.));
#931 = DEFINITIONAL_REPRESENTATION('',(#932),#936);
#932 = LINE('',#933,#934);
#933 = CARTESIAN_POINT('',(-6.28318530718,-1.));
#934 = VECTOR('',#935,1.);
#935 = DIRECTION('',(1.,-0.));
#936 = ( GEOMETRIC_REPRESENTATION_CONTEXT(2) 
PARAMETRIC_REPRESENTATION_CONTEXT() REPRESENTATION_CONTEXT('2D SPACE',''
  ) );
#937 = ADVANCED_FACE('',(#938),#262,.F.);
#938 = FACE_BOUND('',#939,.F.);
#939 = EDGE_LOOP('',(#940,#941,#964,#1192));
#940 = ORIENTED_EDGE('',*,*,#108,.F.);
#941 = ORIENTED_EDGE('',*,*,#942,.F.);
#942 = EDGE_CURVE('',#943,#109,#945,.T.);
#943 = VERTEX_POINT('',#944);
#944 = CARTESIAN_POINT('',(20.336277790275,19.246708955995,14.));
#945 = SEAM_CURVE('',#946,(#950,#957),.PCURVE_S1.);
#946 = LINE('',#947,#948);
#947 = CARTESIAN_POINT('',(19.266660498395,18.629165124599,14.));
#948 = VECTOR('',#949,1.);
#949 = DIRECTION('',(0.866025403784,0.5,0.));
#950 = PCURVE('',#262,#951);
#951 = DEFINITIONAL_REPRESENTATION('',(#952),#956);
#952 = LINE('',#953,#954);
#953 = CARTESIAN_POINT('',(6.28318530718,-0.));
#954 = VECTOR('',#955,1.);
#955 = DIRECTION('',(0.,1.));
#956 = ( GEOMETRIC_REPRESENTATION_CONTEXT(2) 
PARAMETRIC_REPRESENTATION_CONTEXT() REPRESENTATION_CONTEXT('2D SPACE',''
  ) );
#957 = PCURVE('',#262,#958);
#958 = DEFINITIONAL_REPRESENTATION('',(#959),#963);
#959 = LINE('',#960,#961);
#960 = CARTESIAN_POINT('',(0.,-0.));
#961 = VECTOR('',#962,1.);
#962 = DIRECTION('',(0.,1.));
#963 = ( GEOMETRIC_REPRESENTATION_CONTEXT(2) 
PARAMETRIC_REPRESENTATION_CONTEXT() REPRESENTATION_CONTEXT('2D SPACE',''
  ) );
#964 = ORIENTED_EDGE('',*,*,#965,.T.);
#965 = EDGE_CURVE('',#943,#943,#966,.T.);
#966 = SURFACE_CURVE('',#967,(#1040,#1116),.PCURVE_S1.);
#967 = B_SPLINE_CURVE_WITH_KNOTS('',8,(#968,#969,#970,#971,#972,#973,
    #974,#975,#976,#977,#978,#979,#980,#981,#982,#983,#984,#985,#986,
    #987,#988,#989,#990,#991,#992,#993,#994,#995,#996,#997,#998,#999,
    #1000,#1001,#1002,#1003,#1004,#1005,#1006,#1007,#1008,#1009,#1010,
    #1011,#1012,#1013,#1014,#1015,#1016,#1017,#1018,#1019,#1020,#1021,
    #1022,#1023,#1024,#1025,#1026,#1027,#1028,#1029,#1030,#1031,#1032,
    #1033,#1034,#1035,#1036,#1037,#1038,#1039),.UNSPECIFIED.,.T.,.F.,(9,
    7,7,7,7,7,7,7,7,7,9),(0.,0.108425317112,0.205191800174,0.29483641058
    ,0.391602893642,0.500028210754,0.608453527866,0.705220010928,
    0.794864621334,0.887515835219,1.),.UNSPECIFIED.);
#968 = CARTESIAN_POINT('',(20.336277790275,19.246708955995,14.));
#969 = CARTESIAN_POINT('',(20.336277790275,19.246708955995,
    14.478317129518));
#970 = CARTESIAN_POINT('',(20.36470496273,19.216672514962,
    14.956314510259));
#971 = CARTESIAN_POINT('',(20.421494581678,19.156667948858,
    15.432031450715));
#972 = CARTESIAN_POINT('',(20.506603534596,19.066243388703,
    15.903419191754));
#973 = CARTESIAN_POINT('',(20.619976852563,18.944466979959,
    16.368196672174));
#974 = CARTESIAN_POINT('',(20.761481006356,18.789945351665,
    16.823668699834));
#975 = CARTESIAN_POINT('',(20.930808804015,18.600831950725,
    17.266497780155));
#976 = CARTESIAN_POINT('',(21.302777673074,18.173142684962,
    18.072544970379));
#977 = CARTESIAN_POINT('',(21.500507001405,17.941349535927,
    18.440565119687));
#978 = CARTESIAN_POINT('',(21.720144816866,17.677749368344,
    18.792731136944));
#979 = CARTESIAN_POINT('',(21.960858657227,17.380599486113,
    19.124608692783));
#980 = CARTESIAN_POINT('',(22.221306836033,17.048200067113,
    19.431013089289));
#981 = CARTESIAN_POINT('',(22.499528899371,16.679024490461,
    19.705900125541));
#982 = CARTESIAN_POINT('',(22.792860359955,16.271963628783,
    19.942193321134));
#983 = CARTESIAN_POINT('',(23.380537081799,15.41429437837,
    20.306925583087));
#984 = CARTESIAN_POINT('',(23.673726833343,14.968354783024,
    20.442337348198));
#985 = CARTESIAN_POINT('',(23.969605253145,14.496193239364,
    20.527582936601));
#986 = CARTESIAN_POINT('',(24.26031917897,14.006701808612,
    20.556656519377));
#987 = CARTESIAN_POINT('',(24.538874230034,13.510190448219,20.5275829366
    ));
#988 = CARTESIAN_POINT('',(24.799838911627,13.01787144842,
    20.442337348198));
#989 = CARTESIAN_POINT('',(25.03943905398,12.540991877777,
    20.306925583086));
#990 = CARTESIAN_POINT('',(25.48836405196,11.603214282241,
    19.942193321134));
#991 = CARTESIAN_POINT('',(25.694223368768,11.145651354807,
    19.705900125541));
#992 = CARTESIAN_POINT('',(25.874827764935,10.720116191738,
    19.43101308929));
#993 = CARTESIAN_POINT('',(26.03247001659,10.328361743021,
    19.124608692783));
#994 = CARTESIAN_POINT('',(26.169452443153,9.97132250111,18.792731136943
    ));
#995 = CARTESIAN_POINT('',(26.287917976991,9.649310489499,
    18.440565119688));
#996 = CARTESIAN_POINT('',(26.389792068313,9.362175293573,
    18.072544970378));
#997 = CARTESIAN_POINT('',(26.574197402861,8.826196170669,
    17.266497780154));
#998 = CARTESIAN_POINT('',(26.653310513441,8.584997295861,
    16.823668699836));
#999 = CARTESIAN_POINT('',(26.716378092082,8.385190289787,
    16.368196672171));
#1000 = CARTESIAN_POINT('',(26.765152896652,8.226117911944,
    15.903419191754));
#1001 = CARTESIAN_POINT('',(26.800908386413,8.107199116551,
    15.432031450717));
#1002 = CARTESIAN_POINT('',(26.824479055529,8.028015580818,
    14.956314510257));
#1003 = CARTESIAN_POINT('',(26.836277790275,7.988378706798,
    14.478317129519));
#1004 = CARTESIAN_POINT('',(26.836277790275,7.988378706798,
    13.521682870481));
#1005 = CARTESIAN_POINT('',(26.824479055528,8.028015580818,
    13.043685489742));
#1006 = CARTESIAN_POINT('',(26.800908386414,8.10719911655,
    12.567968549284));
#1007 = CARTESIAN_POINT('',(26.765152896652,8.226117911944,
    12.096580808246));
#1008 = CARTESIAN_POINT('',(26.716378092081,8.385190289787,
    11.631803327827));
#1009 = CARTESIAN_POINT('',(26.653310513441,8.58499729586,
    11.176331300165));
#1010 = CARTESIAN_POINT('',(26.574197402861,8.826196170669,
    10.733502219846));
#1011 = CARTESIAN_POINT('',(26.389792068313,9.362175293573,
    9.927455029621));
#1012 = CARTESIAN_POINT('',(26.287917976991,9.649310489499,
    9.559434880313));
#1013 = CARTESIAN_POINT('',(26.169452443153,9.97132250111,9.207268863056
    ));
#1014 = CARTESIAN_POINT('',(26.03247001659,10.328361743022,
    8.875391307217));
#1015 = CARTESIAN_POINT('',(25.874827764936,10.720116191738,
    8.568986910711));
#1016 = CARTESIAN_POINT('',(25.694223368768,11.145651354807,
    8.294099874459));
#1017 = CARTESIAN_POINT('',(25.48836405196,11.603214282241,
    8.057806678866));
#1018 = CARTESIAN_POINT('',(25.03943905398,12.540991877775,
    7.693074416914));
#1019 = CARTESIAN_POINT('',(24.799838911628,13.017871448419,7.5576626518
    ));
#1020 = CARTESIAN_POINT('',(24.538874230028,13.510190448226,
    7.472417063404));
#1021 = CARTESIAN_POINT('',(24.260319178978,14.006701808603,
    7.443343480617));
#1022 = CARTESIAN_POINT('',(23.96960525314,14.496193239369,
    7.472417063404));
#1023 = CARTESIAN_POINT('',(23.673726833347,14.96835478302,
    7.557662651799));
#1024 = CARTESIAN_POINT('',(23.380537081798,15.414294378372,
    7.693074416914));
#1025 = CARTESIAN_POINT('',(22.805834093732,16.253029456117,
    8.049754736207));
#1026 = CARTESIAN_POINT('',(22.524428105194,16.644437069406,
    8.274131261028));
#1027 = CARTESIAN_POINT('',(22.256700817555,17.001146091937,
    8.534282595199));
#1028 = CARTESIAN_POINT('',(22.005053568137,17.324047505431,
    8.823939442833));
#1029 = CARTESIAN_POINT('',(21.771295476651,17.614409322237,
    9.137681135808));
#1030 = CARTESIAN_POINT('',(21.556703330266,17.873676126803,
    9.470798619376));
#1031 = CARTESIAN_POINT('',(21.362101317456,18.103359188584,
    9.819207487182));
#1032 = CARTESIAN_POINT('',(20.976455426547,18.549742529706,
    10.616686280727));
#1033 = CARTESIAN_POINT('',(20.794170127393,18.754204415475,
    11.073241679686));
#1034 = CARTESIAN_POINT('',(20.641799996706,18.921011510189,
    11.544081959236));
#1035 = CARTESIAN_POINT('',(20.519712767168,19.05231225437,
    12.025364250146));
#1036 = CARTESIAN_POINT('',(20.428060012226,19.149730849189,
    12.514029600697));
#1037 = CARTESIAN_POINT('',(20.36689893738,19.214354336796,
    13.007521968826));
#1038 = CARTESIAN_POINT('',(20.336277790275,19.246708955995,
    13.503567240828));
#1039 = CARTESIAN_POINT('',(20.336277790275,19.246708955995,14.));
#1040 = PCURVE('',#262,#1041);
#1041 = DEFINITIONAL_REPRESENTATION('',(#1042),#1115);
#1042 = B_SPLINE_CURVE_WITH_KNOTS('',8,(#1043,#1044,#1045,#1046,#1047,
    #1048,#1049,#1050,#1051,#1052,#1053,#1054,#1055,#1056,#1057,#1058,
    #1059,#1060,#1061,#1062,#1063,#1064,#1065,#1066,#1067,#1068,#1069,
    #1070,#1071,#1072,#1073,#1074,#1075,#1076,#1077,#1078,#1079,#1080,
    #1081,#1082,#1083,#1084,#1085,#1086,#1087,#1088,#1089,#1090,#1091,
    #1092,#1093,#1094,#1095,#1096,#1097,#1098,#1099,#1100,#1101,#1102,
    #1103,#1104,#1105,#1106,#1107,#1108,#1109,#1110,#1111,#1112,#1113,
    #1114),.UNSPECIFIED.,.F.,.F.,(9,7,7,7,7,7,7,7,7,7,9),(0.,
    0.108425317112,0.205191800174,0.29483641058,0.391602893642,
    0.500028210754,0.608453527866,0.705220010928,0.794864621334,
    0.887515835219,1.),.UNSPECIFIED.);
#1043 = CARTESIAN_POINT('',(0.,1.235087662793));
#1044 = CARTESIAN_POINT('',(7.358725069511E-02,1.235087662793));
#1045 = CARTESIAN_POINT('',(0.147125271852,1.24468809578));
#1046 = CARTESIAN_POINT('',(0.220919835153,1.263867065409));
#1047 = CARTESIAN_POINT('',(0.29525910136,1.292361300647));
#1048 = CARTESIAN_POINT('',(0.370435235623,1.329657269746));
#1049 = CARTESIAN_POINT('',(0.446751355874,1.374942647525));
#1050 = CARTESIAN_POINT('',(0.524531641988,1.427028121395));
#1051 = CARTESIAN_POINT('',(0.675211704106,1.535317978535));
#1052 = CARTESIAN_POINT('',(0.747991414961,1.590660025425));
#1053 = CARTESIAN_POINT('',(0.822675720012,1.649071869455));
#1054 = CARTESIAN_POINT('',(0.899455208209,1.708961229134));
#1055 = CARTESIAN_POINT('',(0.97854694329,1.76831625885));
#1056 = CARTESIAN_POINT('',(1.060200110269,1.824675845268));
#1057 = CARTESIAN_POINT('',(1.1447109876,1.875177911024));
#1058 = CARTESIAN_POINT('',(1.313771933751,1.955286256147));
#1059 = CARTESIAN_POINT('',(1.398007556488,1.986226231441));
#1060 = CARTESIAN_POINT('',(1.483990807686,2.006383687589));
#1061 = CARTESIAN_POINT('',(1.570796326793,2.013403617216));
#1062 = CARTESIAN_POINT('',(1.657601845906,2.006383687588));
#1063 = CARTESIAN_POINT('',(1.743585097101,1.986226231442));
#1064 = CARTESIAN_POINT('',(1.827820719839,1.955286256147));
#1065 = CARTESIAN_POINT('',(1.99688166599,1.875177911024));
#1066 = CARTESIAN_POINT('',(2.081392543321,1.824675845268));
#1067 = CARTESIAN_POINT('',(2.1630457103,1.76831625885));
#1068 = CARTESIAN_POINT('',(2.242137445381,1.708961229134));
#1069 = CARTESIAN_POINT('',(2.318916933578,1.649071869455));
#1070 = CARTESIAN_POINT('',(2.393601238628,1.590660025426));
#1071 = CARTESIAN_POINT('',(2.466380949484,1.535317978535));
#1072 = CARTESIAN_POINT('',(2.617061011602,1.427028121395));
#1073 = CARTESIAN_POINT('',(2.694841297715,1.374942647525));
#1074 = CARTESIAN_POINT('',(2.771157417967,1.329657269746));
#1075 = CARTESIAN_POINT('',(2.84633355223,1.292361300647));
#1076 = CARTESIAN_POINT('',(2.920672818436,1.263867065409));
#1077 = CARTESIAN_POINT('',(2.994467381738,1.24468809578));
#1078 = CARTESIAN_POINT('',(3.068005402895,1.235087662793));
#1079 = CARTESIAN_POINT('',(3.215179904285,1.235087662793));
#1080 = CARTESIAN_POINT('',(3.288717925442,1.24468809578));
#1081 = CARTESIAN_POINT('',(3.362512488743,1.263867065409));
#1082 = CARTESIAN_POINT('',(3.43685175495,1.292361300647));
#1083 = CARTESIAN_POINT('',(3.512027889213,1.329657269746));
#1084 = CARTESIAN_POINT('',(3.588344009464,1.374942647525));
#1085 = CARTESIAN_POINT('',(3.666124295578,1.427028121395));
#1086 = CARTESIAN_POINT('',(3.816804357695,1.535317978535));
#1087 = CARTESIAN_POINT('',(3.889584068551,1.590660025425));
#1088 = CARTESIAN_POINT('',(3.964268373601,1.649071869455));
#1089 = CARTESIAN_POINT('',(4.041047861799,1.708961229134));
#1090 = CARTESIAN_POINT('',(4.12013959688,1.76831625885));
#1091 = CARTESIAN_POINT('',(4.201792763859,1.824675845268));
#1092 = CARTESIAN_POINT('',(4.286303641189,1.875177911024));
#1093 = CARTESIAN_POINT('',(4.455364587341,1.955286256147));
#1094 = CARTESIAN_POINT('',(4.539600210078,1.986226231442));
#1095 = CARTESIAN_POINT('',(4.625583461275,2.006383687588));
#1096 = CARTESIAN_POINT('',(4.712388980384,2.013403617216));
#1097 = CARTESIAN_POINT('',(4.799194499495,2.006383687588));
#1098 = CARTESIAN_POINT('',(4.885177750691,1.986226231442));
#1099 = CARTESIAN_POINT('',(4.969413373429,1.955286256147));
#1100 = CARTESIAN_POINT('',(5.134742077642,1.876946407723));
#1101 = CARTESIAN_POINT('',(5.215811762353,1.828945479517));
#1102 = CARTESIAN_POINT('',(5.294258356737,1.775441358401));
#1103 = CARTESIAN_POINT('',(5.370337574214,1.71895915436));
#1104 = CARTESIAN_POINT('',(5.444263598309,1.661699617196));
#1105 = CARTESIAN_POINT('',(5.516221424443,1.605490769257));
#1106 = CARTESIAN_POINT('',(5.586371805134,1.551802013425));
#1107 = CARTESIAN_POINT('',(5.738023805047,1.441014545595));
#1108 = CARTESIAN_POINT('',(5.819102612856,1.385381788676));
#1109 = CARTESIAN_POINT('',(5.898533951531,1.33682893208));
#1110 = CARTESIAN_POINT('',(5.976684320912,1.296748661913));
#1111 = CARTESIAN_POINT('',(6.05389549616,1.266084345215));
#1112 = CARTESIAN_POINT('',(6.130496431999,1.245429044479));
#1113 = CARTESIAN_POINT('',(6.206811036538,1.235087662793));
#1114 = CARTESIAN_POINT('',(6.28318530718,1.235087662793));
#1115 = ( GEOMETRIC_REPRESENTATION_CONTEXT(2) 
PARAMETRIC_REPRESENTATION_CONTEXT() REPRESENTATION_CONTEXT('2D SPACE',''
  ) );
#1116 = PCURVE('',#582,#1117);
#1117 = DEFINITIONAL_REPRESENTATION('',(#1118),#1191);
#1118 = B_SPLINE_CURVE_WITH_KNOTS('',8,(#1119,#1120,#1121,#1122,#1123,
    #1124,#1125,#1126,#1127,#1128,#1129,#1130,#1131,#1132,#1133,#1134,
    #1135,#1136,#1137,#1138,#1139,#1140,#1141,#1142,#1143,#1144,#1145,
    #1146,#1147,#1148,#1149,#1150,#1151,#1152,#1153,#1154,#1155,#1156,
    #1157,#1158,#1159,#1160,#1161,#1162,#1163,#1164,#1165,#1166,#1167,
    #1168,#1169,#1170,#1171,#1172,#1173,#1174,#1175,#1176,#1177,#1178,
    #1179,#1180,#1181,#1182,#1183,#1184,#1185,#1186,#1187,#1188,#1189,
    #1190),.UNSPECIFIED.,.T.,.F.,(9,7,7,7,7,7,7,7,7,7,9),(0.,
    0.108425317112,0.205191800174,0.29483641058,0.391602893642,
    0.500028210754,0.608453527866,0.705220010928,0.794864621334,
    0.887515835219,1.),.UNSPECIFIED.);
#1119 = CARTESIAN_POINT('',(-0.757878921842,-9.));
#1120 = CARTESIAN_POINT('',(-0.757878921842,-9.478317129518));
#1121 = CARTESIAN_POINT('',(-0.756401934256,-9.956314510259));
#1122 = CARTESIAN_POINT('',(-0.753451314913,-10.43203145071));
#1123 = CARTESIAN_POINT('',(-0.749016415618,-10.90341919175));
#1124 = CARTESIAN_POINT('',(-0.743074390475,-11.36819667217));
#1125 = CARTESIAN_POINT('',(-0.735591980328,-11.82366869983));
#1126 = CARTESIAN_POINT('',(-0.726527135548,-12.26649778015));
#1127 = CARTESIAN_POINT('',(-0.706283752036,-13.07254497037));
#1128 = CARTESIAN_POINT('',(-0.695403108087,-13.44056511968));
#1129 = CARTESIAN_POINT('',(-0.683150542747,-13.79273113694));
#1130 = CARTESIAN_POINT('',(-0.669495656919,-14.12460869278));
#1131 = CARTESIAN_POINT('',(-0.654418682257,-14.43101308928));
#1132 = CARTESIAN_POINT('',(-0.637914716835,-14.70590012554));
#1133 = CARTESIAN_POINT('',(-0.620000507203,-14.94219332113));
#1134 = CARTESIAN_POINT('',(-0.582868632582,-15.30692558308));
#1135 = CARTESIAN_POINT('',(-0.563811851822,-15.44233734819));
#1136 = CARTESIAN_POINT('',(-0.543919552945,-15.52758293659));
#1137 = CARTESIAN_POINT('',(-0.523598775598,-15.55665651938));
#1138 = CARTESIAN_POINT('',(-0.503277998251,-15.52758293659));
#1139 = CARTESIAN_POINT('',(-0.483385699374,-15.4423373482));
#1140 = CARTESIAN_POINT('',(-0.464328918615,-15.30692558308));
#1141 = CARTESIAN_POINT('',(-0.427197043994,-14.94219332113));
#1142 = CARTESIAN_POINT('',(-0.409282834361,-14.70590012554));
#1143 = CARTESIAN_POINT('',(-0.39277886894,-14.43101308928));
#1144 = CARTESIAN_POINT('',(-0.377701894278,-14.12460869278));
#1145 = CARTESIAN_POINT('',(-0.36404700845,-13.79273113694));
#1146 = CARTESIAN_POINT('',(-0.351794443109,-13.44056511968));
#1147 = CARTESIAN_POINT('',(-0.34091379916,-13.07254497037));
#1148 = CARTESIAN_POINT('',(-0.320670415648,-12.26649778015));
#1149 = CARTESIAN_POINT('',(-0.311605570869,-11.82366869983));
#1150 = CARTESIAN_POINT('',(-0.304123160722,-11.36819667217));
#1151 = CARTESIAN_POINT('',(-0.298181135578,-10.90341919175));
#1152 = CARTESIAN_POINT('',(-0.293746236284,-10.43203145071));
#1153 = CARTESIAN_POINT('',(-0.290795616941,-9.956314510257));
#1154 = CARTESIAN_POINT('',(-0.289318629355,-9.478317129519));
#1155 = CARTESIAN_POINT('',(-0.289318629355,-8.521682870481));
#1156 = CARTESIAN_POINT('',(-0.290795616941,-8.043685489743));
#1157 = CARTESIAN_POINT('',(-0.293746236284,-7.567968549283));
#1158 = CARTESIAN_POINT('',(-0.298181135578,-7.096580808246));
#1159 = CARTESIAN_POINT('',(-0.304123160722,-6.631803327828));
#1160 = CARTESIAN_POINT('',(-0.311605570869,-6.176331300165));
#1161 = CARTESIAN_POINT('',(-0.320670415648,-5.733502219846));
#1162 = CARTESIAN_POINT('',(-0.34091379916,-4.927455029621));
#1163 = CARTESIAN_POINT('',(-0.351794443109,-4.559434880313));
#1164 = CARTESIAN_POINT('',(-0.36404700845,-4.207268863056));
#1165 = CARTESIAN_POINT('',(-0.377701894278,-3.875391307217));
#1166 = CARTESIAN_POINT('',(-0.39277886894,-3.568986910711));
#1167 = CARTESIAN_POINT('',(-0.409282834361,-3.294099874459));
#1168 = CARTESIAN_POINT('',(-0.427197043994,-3.057806678866));
#1169 = CARTESIAN_POINT('',(-0.464328918615,-2.693074416914));
#1170 = CARTESIAN_POINT('',(-0.483385699374,-2.5576626518));
#1171 = CARTESIAN_POINT('',(-0.503277998251,-2.472417063402));
#1172 = CARTESIAN_POINT('',(-0.523598775598,-2.443343480619));
#1173 = CARTESIAN_POINT('',(-0.543919552946,-2.472417063402));
#1174 = CARTESIAN_POINT('',(-0.563811851822,-2.5576626518));
#1175 = CARTESIAN_POINT('',(-0.582868632582,-2.693074416914));
#1176 = CARTESIAN_POINT('',(-0.61918077241,-3.049754736207));
#1177 = CARTESIAN_POINT('',(-0.636393071211,-3.274131261028));
#1178 = CARTESIAN_POINT('',(-0.652316552812,-3.5342825952));
#1179 = CARTESIAN_POINT('',(-0.666933095531,-3.823939442833));
#1180 = CARTESIAN_POINT('',(-0.680243459043,-4.137681135808));
#1181 = CARTESIAN_POINT('',(-0.692261887113,-4.470798619376));
#1182 = CARTESIAN_POINT('',(-0.703012771471,-4.819207487182));
#1183 = CARTESIAN_POINT('',(-0.724080593208,-5.616686280727));
#1184 = CARTESIAN_POINT('',(-0.733862290147,-6.073241679686));
#1185 = CARTESIAN_POINT('',(-0.741930230281,-6.544081959236));
#1186 = CARTESIAN_POINT('',(-0.748333231972,-7.025364250146));
#1187 = CARTESIAN_POINT('',(-0.753110194503,-7.514029600697));
#1188 = CARTESIAN_POINT('',(-0.756287942294,-8.007521968826));
#1189 = CARTESIAN_POINT('',(-0.757878921842,-8.503567240828));
#1190 = CARTESIAN_POINT('',(-0.757878921842,-9.));
#1191 = ( GEOMETRIC_REPRESENTATION_CONTEXT(2) 
PARAMETRIC_REPRESENTATION_CONTEXT() REPRESENTATION_CONTEXT('2D SPACE',''
  ) );
#1192 = ORIENTED_EDGE('',*,*,#942,.T.);
#1193 = ADVANCED_FACE('',(#1194),#370,.F.);
#1194 = FACE_BOUND('',#1195,.T.);
#1195 = EDGE_LOOP('',(#1196,#1231,#1252,#1253,#1254,#1282,#1303,#1332));
#1196 = ORIENTED_EDGE('',*,*,#1197,.T.);
#1197 = EDGE_CURVE('',#1198,#1200,#1202,.T.);
#1198 = VERTEX_POINT('',#1199);
#1199 = CARTESIAN_POINT('',(-24.84939192939,-12.90378706966,59.));
#1200 = VERTEX_POINT('',#1201);
#1201 = CARTESIAN_POINT('',(-22.99871130596,-14.,59.));
#1202 = SURFACE_CURVE('',#1203,(#1208,#1215),.PCURVE_S1.);
#1203 = CIRCLE('',#1204,1.25);
#1204 = AXIS2_PLACEMENT_3D('',#1205,#1206,#1207);
#1205 = CARTESIAN_POINT('',(-24.24871130596,-14.,59.));
#1206 = DIRECTION('',(0.,0.,-1.));
#1207 = DIRECTION('',(1.,0.,0.));
#1208 = PCURVE('',#370,#1209);
#1209 = DEFINITIONAL_REPRESENTATION('',(#1210),#1214);
#1210 = LINE('',#1211,#1212);
#1211 = CARTESIAN_POINT('',(-6.28318530718,-0.5));
#1212 = VECTOR('',#1213,1.);
#1213 = DIRECTION('',(1.,-0.));
#1214 = ( GEOMETRIC_REPRESENTATION_CONTEXT(2) 
PARAMETRIC_REPRESENTATION_CONTEXT() REPRESENTATION_CONTEXT('2D SPACE',''
  ) );
#1215 = PCURVE('',#1216,#1221);
#1216 = PLANE('',#1217);
#1217 = AXIS2_PLACEMENT_3D('',#1218,#1219,#1220);
#1218 = CARTESIAN_POINT('',(-1.411551104557E-15,1.557633849995E-15,59.)
  );
#1219 = DIRECTION('',(0.,0.,1.));
#1220 = DIRECTION('',(1.,0.,-0.));
#1221 = DEFINITIONAL_REPRESENTATION('',(#1222),#1230);
#1222 = ( BOUNDED_CURVE() B_SPLINE_CURVE(2,(#1223,#1224,#1225,#1226,
#1227,#1228,#1229),.UNSPECIFIED.,.T.,.F.) B_SPLINE_CURVE_WITH_KNOTS((1,2
    ,2,2,2,1),(-2.094395102393,0.,2.094395102393,4.188790204786,
6.28318530718,8.377580409573),.UNSPECIFIED.) CURVE() 
GEOMETRIC_REPRESENTATION_ITEM() RATIONAL_B_SPLINE_CURVE((1.,0.5,1.,0.5,
1.,0.5,1.)) REPRESENTATION_ITEM('') );
#1223 = CARTESIAN_POINT('',(-22.99871130596,-14.));
#1224 = CARTESIAN_POINT('',(-22.99871130596,-16.16506350946));
#1225 = CARTESIAN_POINT('',(-24.87371130596,-15.08253175473));
#1226 = CARTESIAN_POINT('',(-26.74871130596,-14.));
#1227 = CARTESIAN_POINT('',(-24.87371130596,-12.91746824526));
#1228 = CARTESIAN_POINT('',(-22.99871130596,-11.83493649053));
#1229 = CARTESIAN_POINT('',(-22.99871130596,-14.));
#1230 = ( GEOMETRIC_REPRESENTATION_CONTEXT(2) 
PARAMETRIC_REPRESENTATION_CONTEXT() REPRESENTATION_CONTEXT('2D SPACE',''
  ) );
#1231 = ORIENTED_EDGE('',*,*,#1232,.T.);
#1232 = EDGE_CURVE('',#1200,#350,#1233,.T.);
#1233 = SEAM_CURVE('',#1234,(#1238,#1245),.PCURVE_S1.);
#1234 = LINE('',#1235,#1236);
#1235 = CARTESIAN_POINT('',(-22.99871130596,-14.,58.5));
#1236 = VECTOR('',#1237,1.);
#1237 = DIRECTION('',(0.,0.,1.));
#1238 = PCURVE('',#370,#1239);
#1239 = DEFINITIONAL_REPRESENTATION('',(#1240),#1244);
#1240 = LINE('',#1241,#1242);
#1241 = CARTESIAN_POINT('',(-6.28318530718,0.));
#1242 = VECTOR('',#1243,1.);
#1243 = DIRECTION('',(-0.,-1.));
#1244 = ( GEOMETRIC_REPRESENTATION_CONTEXT(2) 
PARAMETRIC_REPRESENTATION_CONTEXT() REPRESENTATION_CONTEXT('2D SPACE',''
  ) );
#1245 = PCURVE('',#370,#1246);
#1246 = DEFINITIONAL_REPRESENTATION('',(#1247),#1251);
#1247 = LINE('',#1248,#1249);
#1248 = CARTESIAN_POINT('',(-0.,0.));
#1249 = VECTOR('',#1250,1.);
#1250 = DIRECTION('',(-0.,-1.));
#1251 = ( GEOMETRIC_REPRESENTATION_CONTEXT(2) 
PARAMETRIC_REPRESENTATION_CONTEXT() REPRESENTATION_CONTEXT('2D SPACE',''
  ) );
#1252 = ORIENTED_EDGE('',*,*,#349,.F.);
#1253 = ORIENTED_EDGE('',*,*,#1232,.F.);
#1254 = ORIENTED_EDGE('',*,*,#1255,.T.);
#1255 = EDGE_CURVE('',#1200,#1256,#1258,.T.);
#1256 = VERTEX_POINT('',#1257);
#1257 = CARTESIAN_POINT('',(-23.59970337205,-15.06831114462,59.));
#1258 = SURFACE_CURVE('',#1259,(#1264,#1271),.PCURVE_S1.);
#1259 = CIRCLE('',#1260,1.25);
#1260 = AXIS2_PLACEMENT_3D('',#1261,#1262,#1263);
#1261 = CARTESIAN_POINT('',(-24.24871130596,-14.,59.));
#1262 = DIRECTION('',(0.,0.,-1.));
#1263 = DIRECTION('',(1.,0.,0.));
#1264 = PCURVE('',#370,#1265);
#1265 = DEFINITIONAL_REPRESENTATION('',(#1266),#1270);
#1266 = LINE('',#1267,#1268);
#1267 = CARTESIAN_POINT('',(-6.28318530718,-0.5));
#1268 = VECTOR('',#1269,1.);
#1269 = DIRECTION('',(1.,-0.));
#1270 = ( GEOMETRIC_REPRESENTATION_CONTEXT(2) 
PARAMETRIC_REPRESENTATION_CONTEXT() REPRESENTATION_CONTEXT('2D SPACE',''
  ) );
#1271 = PCURVE('',#1216,#1272);
#1272 = DEFINITIONAL_REPRESENTATION('',(#1273),#1281);
#1273 = ( BOUNDED_CURVE() B_SPLINE_CURVE(2,(#1274,#1275,#1276,#1277,
#1278,#1279,#1280),.UNSPECIFIED.,.T.,.F.) B_SPLINE_CURVE_WITH_KNOTS((1,2
    ,2,2,2,1),(-2.094395102393,0.,2.094395102393,4.188790204786,
6.28318530718,8.377580409573),.UNSPECIFIED.) CURVE() 
GEOMETRIC_REPRESENTATION_ITEM() RATIONAL_B_SPLINE_CURVE((1.,0.5,1.,0.5,
1.,0.5,1.)) REPRESENTATION_ITEM('') );
#1274 = CARTESIAN_POINT('',(-22.99871130596,-14.));
#1275 = CARTESIAN_POINT('',(-22.99871130596,-16.16506350946));
#1276 = CARTESIAN_POINT('',(-24.87371130596,-15.08253175473));
#1277 = CARTESIAN_POINT('',(-26.74871130596,-14.));
#1278 = CARTESIAN_POINT('',(-24.87371130596,-12.91746824526));
#1279 = CARTESIAN_POINT('',(-22.99871130596,-11.83493649053));
#1280 = CARTESIAN_POINT('',(-22.99871130596,-14.));
#1281 = ( GEOMETRIC_REPRESENTATION_CONTEXT(2) 
PARAMETRIC_REPRESENTATION_CONTEXT() REPRESENTATION_CONTEXT('2D SPACE',''
  ) );
#1282 = ORIENTED_EDGE('',*,*,#1283,.T.);
#1283 = EDGE_CURVE('',#1256,#1284,#1286,.T.);
#1284 = VERTEX_POINT('',#1285);
#1285 = CARTESIAN_POINT('',(-23.59970337205,-15.06831114462,58.5));
#1286 = SURFACE_CURVE('',#1287,(#1291,#1297),.PCURVE_S1.);
#1287 = LINE('',#1288,#1289);
#1288 = CARTESIAN_POINT('',(-23.59970337205,-15.06831114462,5.));
#1289 = VECTOR('',#1290,1.);
#1290 = DIRECTION('',(-0.,-0.,-1.));
#1291 = PCURVE('',#370,#1292);
#1292 = DEFINITIONAL_REPRESENTATION('',(#1293),#1296);
#1293 = B_SPLINE_CURVE_WITH_KNOTS('',1,(#1294,#1295),.UNSPECIFIED.,.F.,
  .F.,(2,2),(-54.0000006,-53.4999994),.PIECEWISE_BEZIER_KNOTS.);
#1294 = CARTESIAN_POINT('',(-5.258311038565,-0.5000006));
#1295 = CARTESIAN_POINT('',(-5.258311038565,5.999999999062E-07));
#1296 = ( GEOMETRIC_REPRESENTATION_CONTEXT(2) 
PARAMETRIC_REPRESENTATION_CONTEXT() REPRESENTATION_CONTEXT('2D SPACE',''
  ) );
#1297 = PCURVE('',#582,#1298);
#1298 = DEFINITIONAL_REPRESENTATION('',(#1299),#1302);
#1299 = B_SPLINE_CURVE_WITH_KNOTS('',1,(#1300,#1301),.UNSPECIFIED.,.F.,
  .F.,(2,2),(-54.0000006,-53.4999994),.PIECEWISE_BEZIER_KNOTS.);
#1300 = CARTESIAN_POINT('',(-3.709837994351,-54.0000006));
#1301 = CARTESIAN_POINT('',(-3.709837994351,-53.4999994));
#1302 = ( GEOMETRIC_REPRESENTATION_CONTEXT(2) 
PARAMETRIC_REPRESENTATION_CONTEXT() REPRESENTATION_CONTEXT('2D SPACE',''
  ) );
#1303 = ORIENTED_EDGE('',*,*,#1304,.F.);
#1304 = EDGE_CURVE('',#1305,#1284,#1307,.T.);
#1305 = VERTEX_POINT('',#1306);
#1306 = CARTESIAN_POINT('',(-24.84939192939,-12.90378706966,58.5));
#1307 = SURFACE_CURVE('',#1308,(#1313,#1320),.PCURVE_S1.);
#1308 = CIRCLE('',#1309,1.25);
#1309 = AXIS2_PLACEMENT_3D('',#1310,#1311,#1312);
#1310 = CARTESIAN_POINT('',(-24.24871130596,-14.,58.5));
#1311 = DIRECTION('',(0.,0.,1.));
#1312 = DIRECTION('',(1.,0.,0.));
#1313 = PCURVE('',#370,#1314);
#1314 = DEFINITIONAL_REPRESENTATION('',(#1315),#1319);
#1315 = LINE('',#1316,#1317);
#1316 = CARTESIAN_POINT('',(-0.,0.));
#1317 = VECTOR('',#1318,1.);
#1318 = DIRECTION('',(-1.,0.));
#1319 = ( GEOMETRIC_REPRESENTATION_CONTEXT(2) 
PARAMETRIC_REPRESENTATION_CONTEXT() REPRESENTATION_CONTEXT('2D SPACE',''
  ) );
#1320 = PCURVE('',#1321,#1326);
#1321 = PLANE('',#1322);
#1322 = AXIS2_PLACEMENT_3D('',#1323,#1324,#1325);
#1323 = CARTESIAN_POINT('',(-24.24871130596,-14.,58.5));
#1324 = DIRECTION('',(0.,0.,1.));
#1325 = DIRECTION('',(1.,0.,-0.));
#1326 = DEFINITIONAL_REPRESENTATION('',(#1327),#1331);
#1327 = CIRCLE('',#1328,1.25);
#1328 = AXIS2_PLACEMENT_2D('',#1329,#1330);
#1329 = CARTESIAN_POINT('',(0.,0.));
#1330 = DIRECTION('',(1.,0.));
#1331 = ( GEOMETRIC_REPRESENTATION_CONTEXT(2) 
PARAMETRIC_REPRESENTATION_CONTEXT() REPRESENTATION_CONTEXT('2D SPACE',''
  ) );
#1332 = ORIENTED_EDGE('',*,*,#1333,.F.);
#1333 = EDGE_CURVE('',#1198,#1305,#1334,.T.);
#1334 = SURFACE_CURVE('',#1335,(#1339,#1345),.PCURVE_S1.);
#1335 = LINE('',#1336,#1337);
#1336 = CARTESIAN_POINT('',(-24.84939192939,-12.90378706966,5.));
#1337 = VECTOR('',#1338,1.);
#1338 = DIRECTION('',(-0.,-0.,-1.));
#1339 = PCURVE('',#370,#1340);
#1340 = DEFINITIONAL_REPRESENTATION('',(#1341),#1344);
#1341 = B_SPLINE_CURVE_WITH_KNOTS('',1,(#1342,#1343),.UNSPECIFIED.,.F.,
  .F.,(2,2),(-54.0000006,-53.4999994),.PIECEWISE_BEZIER_KNOTS.);
#1342 = CARTESIAN_POINT('',(-2.072071819812,-0.5000006));
#1343 = CARTESIAN_POINT('',(-2.072071819812,5.999999999062E-07));
#1344 = ( GEOMETRIC_REPRESENTATION_CONTEXT(2) 
PARAMETRIC_REPRESENTATION_CONTEXT() REPRESENTATION_CONTEXT('2D SPACE',''
  ) );
#1345 = PCURVE('',#582,#1346);
#1346 = DEFINITIONAL_REPRESENTATION('',(#1347),#1350);
#1347 = B_SPLINE_CURVE_WITH_KNOTS('',1,(#1348,#1349),.UNSPECIFIED.,.F.,
  .F.,(2,2),(-54.0000006,-53.4999994),.PIECEWISE_BEZIER_KNOTS.);
#1348 = CARTESIAN_POINT('',(-3.620544864025,-54.0000006));
#1349 = CARTESIAN_POINT('',(-3.620544864025,-53.4999994));
#1350 = ( GEOMETRIC_REPRESENTATION_CONTEXT(2) 
PARAMETRIC_REPRESENTATION_CONTEXT() REPRESENTATION_CONTEXT('2D SPACE',''
  ) );
#1351 = ADVANCED_FACE('',(#1352),#405,.F.);
#1352 = FACE_BOUND('',#1353,.T.);
#1353 = EDGE_LOOP('',(#1354,#1385,#1406,#1407,#1408,#1432,#1453,#1481));
#1354 = ORIENTED_EDGE('',*,*,#1355,.F.);
#1355 = EDGE_CURVE('',#1356,#1358,#1360,.T.);
#1356 = VERTEX_POINT('',#1357);
#1357 = CARTESIAN_POINT('',(25.498711305964,-14.,58.5));
#1358 = VERTEX_POINT('',#1359);
#1359 = CARTESIAN_POINT('',(24.849391929396,-12.90378706966,58.5));
#1360 = SURFACE_CURVE('',#1361,(#1366,#1373),.PCURVE_S1.);
#1361 = CIRCLE('',#1362,1.25);
#1362 = AXIS2_PLACEMENT_3D('',#1363,#1364,#1365);
#1363 = CARTESIAN_POINT('',(24.248711305964,-14.,58.5));
#1364 = DIRECTION('',(0.,0.,1.));
#1365 = DIRECTION('',(1.,0.,0.));
#1366 = PCURVE('',#405,#1367);
#1367 = DEFINITIONAL_REPRESENTATION('',(#1368),#1372);
#1368 = LINE('',#1369,#1370);
#1369 = CARTESIAN_POINT('',(-0.,0.));
#1370 = VECTOR('',#1371,1.);
#1371 = DIRECTION('',(-1.,0.));
#1372 = ( GEOMETRIC_REPRESENTATION_CONTEXT(2) 
PARAMETRIC_REPRESENTATION_CONTEXT() REPRESENTATION_CONTEXT('2D SPACE',''
  ) );
#1373 = PCURVE('',#1374,#1379);
#1374 = PLANE('',#1375);
#1375 = AXIS2_PLACEMENT_3D('',#1376,#1377,#1378);
#1376 = CARTESIAN_POINT('',(24.248711305964,-14.,58.5));
#1377 = DIRECTION('',(0.,0.,1.));
#1378 = DIRECTION('',(1.,0.,-0.));
#1379 = DEFINITIONAL_REPRESENTATION('',(#1380),#1384);
#1380 = CIRCLE('',#1381,1.25);
#1381 = AXIS2_PLACEMENT_2D('',#1382,#1383);
#1382 = CARTESIAN_POINT('',(0.,0.));
#1383 = DIRECTION('',(1.,0.));
#1384 = ( GEOMETRIC_REPRESENTATION_CONTEXT(2) 
PARAMETRIC_REPRESENTATION_CONTEXT() REPRESENTATION_CONTEXT('2D SPACE',''
  ) );
#1385 = ORIENTED_EDGE('',*,*,#1386,.T.);
#1386 = EDGE_CURVE('',#1356,#385,#1387,.T.);
#1387 = SEAM_CURVE('',#1388,(#1392,#1399),.PCURVE_S1.);
#1388 = LINE('',#1389,#1390);
#1389 = CARTESIAN_POINT('',(25.498711305964,-14.,58.5));
#1390 = VECTOR('',#1391,1.);
#1391 = DIRECTION('',(0.,0.,1.));
#1392 = PCURVE('',#405,#1393);
#1393 = DEFINITIONAL_REPRESENTATION('',(#1394),#1398);
#1394 = LINE('',#1395,#1396);
#1395 = CARTESIAN_POINT('',(-6.28318530718,0.));
#1396 = VECTOR('',#1397,1.);
#1397 = DIRECTION('',(-0.,-1.));
#1398 = ( GEOMETRIC_REPRESENTATION_CONTEXT(2) 
PARAMETRIC_REPRESENTATION_CONTEXT() REPRESENTATION_CONTEXT('2D SPACE',''
  ) );
#1399 = PCURVE('',#405,#1400);
#1400 = DEFINITIONAL_REPRESENTATION('',(#1401),#1405);
#1401 = LINE('',#1402,#1403);
#1402 = CARTESIAN_POINT('',(-0.,0.));
#1403 = VECTOR('',#1404,1.);
#1404 = DIRECTION('',(-0.,-1.));
#1405 = ( GEOMETRIC_REPRESENTATION_CONTEXT(2) 
PARAMETRIC_REPRESENTATION_CONTEXT() REPRESENTATION_CONTEXT('2D SPACE',''
  ) );
#1406 = ORIENTED_EDGE('',*,*,#384,.F.);
#1407 = ORIENTED_EDGE('',*,*,#1386,.F.);
#1408 = ORIENTED_EDGE('',*,*,#1409,.F.);
#1409 = EDGE_CURVE('',#1410,#1356,#1412,.T.);
#1410 = VERTEX_POINT('',#1411);
#1411 = CARTESIAN_POINT('',(23.599703372053,-15.06831114462,58.5));
#1412 = SURFACE_CURVE('',#1413,(#1418,#1425),.PCURVE_S1.);
#1413 = CIRCLE('',#1414,1.25);
#1414 = AXIS2_PLACEMENT_3D('',#1415,#1416,#1417);
#1415 = CARTESIAN_POINT('',(24.248711305964,-14.,58.5));
#1416 = DIRECTION('',(0.,0.,1.));
#1417 = DIRECTION('',(1.,0.,0.));
#1418 = PCURVE('',#405,#1419);
#1419 = DEFINITIONAL_REPRESENTATION('',(#1420),#1424);
#1420 = LINE('',#1421,#1422);
#1421 = CARTESIAN_POINT('',(-0.,0.));
#1422 = VECTOR('',#1423,1.);
#1423 = DIRECTION('',(-1.,0.));
#1424 = ( GEOMETRIC_REPRESENTATION_CONTEXT(2) 
PARAMETRIC_REPRESENTATION_CONTEXT() REPRESENTATION_CONTEXT('2D SPACE',''
  ) );
#1425 = PCURVE('',#1374,#1426);
#1426 = DEFINITIONAL_REPRESENTATION('',(#1427),#1431);
#1427 = CIRCLE('',#1428,1.25);
#1428 = AXIS2_PLACEMENT_2D('',#1429,#1430);
#1429 = CARTESIAN_POINT('',(0.,0.));
#1430 = DIRECTION('',(1.,0.));
#1431 = ( GEOMETRIC_REPRESENTATION_CONTEXT(2) 
PARAMETRIC_REPRESENTATION_CONTEXT() REPRESENTATION_CONTEXT('2D SPACE',''
  ) );
#1432 = ORIENTED_EDGE('',*,*,#1433,.F.);
#1433 = EDGE_CURVE('',#1434,#1410,#1436,.T.);
#1434 = VERTEX_POINT('',#1435);
#1435 = CARTESIAN_POINT('',(23.599703372053,-15.06831114462,59.));
#1436 = SURFACE_CURVE('',#1437,(#1441,#1447),.PCURVE_S1.);
#1437 = LINE('',#1438,#1439);
#1438 = CARTESIAN_POINT('',(23.599703372053,-15.06831114462,5.));
#1439 = VECTOR('',#1440,1.);
#1440 = DIRECTION('',(-0.,-0.,-1.));
#1441 = PCURVE('',#405,#1442);
#1442 = DEFINITIONAL_REPRESENTATION('',(#1443),#1446);
#1443 = B_SPLINE_CURVE_WITH_KNOTS('',1,(#1444,#1445),.UNSPECIFIED.,.F.,
  .F.,(2,2),(-54.0000006,-53.4999994),.PIECEWISE_BEZIER_KNOTS.);
#1444 = CARTESIAN_POINT('',(-4.166466922205,-0.5000006));
#1445 = CARTESIAN_POINT('',(-4.166466922205,5.999999999062E-07));
#1446 = ( GEOMETRIC_REPRESENTATION_CONTEXT(2) 
PARAMETRIC_REPRESENTATION_CONTEXT() REPRESENTATION_CONTEXT('2D SPACE',''
  ) );
#1447 = PCURVE('',#582,#1448);
#1448 = DEFINITIONAL_REPRESENTATION('',(#1449),#1452);
#1449 = B_SPLINE_CURVE_WITH_KNOTS('',1,(#1450,#1451),.UNSPECIFIED.,.F.,
  .F.,(2,2),(-54.0000006,-53.4999994),.PIECEWISE_BEZIER_KNOTS.);
#1450 = CARTESIAN_POINT('',(-5.714939966418,-54.0000006));
#1451 = CARTESIAN_POINT('',(-5.714939966418,-53.4999994));
#1452 = ( GEOMETRIC_REPRESENTATION_CONTEXT(2) 
PARAMETRIC_REPRESENTATION_CONTEXT() REPRESENTATION_CONTEXT('2D SPACE',''
  ) );
#1453 = ORIENTED_EDGE('',*,*,#1454,.T.);
#1454 = EDGE_CURVE('',#1434,#1455,#1457,.T.);
#1455 = VERTEX_POINT('',#1456);
#1456 = CARTESIAN_POINT('',(24.849391929396,-12.90378706966,59.));
#1457 = SURFACE_CURVE('',#1458,(#1463,#1470),.PCURVE_S1.);
#1458 = CIRCLE('',#1459,1.25);
#1459 = AXIS2_PLACEMENT_3D('',#1460,#1461,#1462);
#1460 = CARTESIAN_POINT('',(24.248711305964,-14.,59.));
#1461 = DIRECTION('',(0.,0.,-1.));
#1462 = DIRECTION('',(1.,0.,0.));
#1463 = PCURVE('',#405,#1464);
#1464 = DEFINITIONAL_REPRESENTATION('',(#1465),#1469);
#1465 = LINE('',#1466,#1467);
#1466 = CARTESIAN_POINT('',(-6.28318530718,-0.5));
#1467 = VECTOR('',#1468,1.);
#1468 = DIRECTION('',(1.,-0.));
#1469 = ( GEOMETRIC_REPRESENTATION_CONTEXT(2) 
PARAMETRIC_REPRESENTATION_CONTEXT() REPRESENTATION_CONTEXT('2D SPACE',''
  ) );
#1470 = PCURVE('',#1216,#1471);
#1471 = DEFINITIONAL_REPRESENTATION('',(#1472),#1480);
#1472 = ( BOUNDED_CURVE() B_SPLINE_CURVE(2,(#1473,#1474,#1475,#1476,
#1477,#1478,#1479),.UNSPECIFIED.,.T.,.F.) B_SPLINE_CURVE_WITH_KNOTS((1,2
    ,2,2,2,1),(-2.094395102393,0.,2.094395102393,4.188790204786,
6.28318530718,8.377580409573),.UNSPECIFIED.) CURVE() 
GEOMETRIC_REPRESENTATION_ITEM() RATIONAL_B_SPLINE_CURVE((1.,0.5,1.,0.5,
1.,0.5,1.)) REPRESENTATION_ITEM('') );
#1473 = CARTESIAN_POINT('',(25.498711305964,-14.));
#1474 = CARTESIAN_POINT('',(25.498711305964,-16.16506350946));
#1475 = CARTESIAN_POINT('',(23.623711305964,-15.08253175473));
#1476 = CARTESIAN_POINT('',(21.748711305964,-14.));
#1477 = CARTESIAN_POINT('',(23.623711305964,-12.91746824526));
#1478 = CARTESIAN_POINT('',(25.498711305964,-11.83493649053));
#1479 = CARTESIAN_POINT('',(25.498711305964,-14.));
#1480 = ( GEOMETRIC_REPRESENTATION_CONTEXT(2) 
PARAMETRIC_REPRESENTATION_CONTEXT() REPRESENTATION_CONTEXT('2D SPACE',''
  ) );
#1481 = ORIENTED_EDGE('',*,*,#1482,.T.);
#1482 = EDGE_CURVE('',#1455,#1358,#1483,.T.);
#1483 = SURFACE_CURVE('',#1484,(#1488,#1494),.PCURVE_S1.);
#1484 = LINE('',#1485,#1486);
#1485 = CARTESIAN_POINT('',(24.849391929396,-12.90378706966,5.));
#1486 = VECTOR('',#1487,1.);
#1487 = DIRECTION('',(-0.,-0.,-1.));
#1488 = PCURVE('',#405,#1489);
#1489 = DEFINITIONAL_REPRESENTATION('',(#1490),#1493);
#1490 = B_SPLINE_CURVE_WITH_KNOTS('',1,(#1491,#1492),.UNSPECIFIED.,.F.,
  .F.,(2,2),(-54.0000006,-53.4999994),.PIECEWISE_BEZIER_KNOTS.);
#1491 = CARTESIAN_POINT('',(-1.069520833778,-0.5000006));
#1492 = CARTESIAN_POINT('',(-1.069520833778,5.999999999062E-07));
#1493 = ( GEOMETRIC_REPRESENTATION_CONTEXT(2) 
PARAMETRIC_REPRESENTATION_CONTEXT() REPRESENTATION_CONTEXT('2D SPACE',''
  ) );
#1494 = PCURVE('',#582,#1495);
#1495 = DEFINITIONAL_REPRESENTATION('',(#1496),#1499);
#1496 = B_SPLINE_CURVE_WITH_KNOTS('',1,(#1497,#1498),.UNSPECIFIED.,.F.,
  .F.,(2,2),(-54.0000006,-53.4999994),.PIECEWISE_BEZIER_KNOTS.);
#1497 = CARTESIAN_POINT('',(-5.804233096744,-54.0000006));
#1498 = CARTESIAN_POINT('',(-5.804233096744,-53.4999994));
#1499 = ( GEOMETRIC_REPRESENTATION_CONTEXT(2) 
PARAMETRIC_REPRESENTATION_CONTEXT() REPRESENTATION_CONTEXT('2D SPACE',''
  ) );
#1500 = ADVANCED_FACE('',(#1501),#440,.F.);
#1501 = FACE_BOUND('',#1502,.T.);
#1502 = EDGE_LOOP('',(#1503,#1504,#1527,#1553));
#1503 = ORIENTED_EDGE('',*,*,#419,.F.);
#1504 = ORIENTED_EDGE('',*,*,#1505,.T.);
#1505 = EDGE_CURVE('',#420,#1506,#1508,.T.);
#1506 = VERTEX_POINT('',#1507);
#1507 = CARTESIAN_POINT('',(21.,0.,58.));
#1508 = SEAM_CURVE('',#1509,(#1513,#1520),.PCURVE_S1.);
#1509 = LINE('',#1510,#1511);
#1510 = CARTESIAN_POINT('',(21.,0.,65.));
#1511 = VECTOR('',#1512,1.);
#1512 = DIRECTION('',(0.,0.,-1.));
#1513 = PCURVE('',#440,#1514);
#1514 = DEFINITIONAL_REPRESENTATION('',(#1515),#1519);
#1515 = LINE('',#1516,#1517);
#1516 = CARTESIAN_POINT('',(-6.28318530718,-7.));
#1517 = VECTOR('',#1518,1.);
#1518 = DIRECTION('',(0.,1.));
#1519 = ( GEOMETRIC_REPRESENTATION_CONTEXT(2) 
PARAMETRIC_REPRESENTATION_CONTEXT() REPRESENTATION_CONTEXT('2D SPACE',''
  ) );
#1520 = PCURVE('',#440,#1521);
#1521 = DEFINITIONAL_REPRESENTATION('',(#1522),#1526);
#1522 = LINE('',#1523,#1524);
#1523 = CARTESIAN_POINT('',(-0.,-7.));
#1524 = VECTOR('',#1525,1.);
#1525 = DIRECTION('',(0.,1.));
#1526 = ( GEOMETRIC_REPRESENTATION_CONTEXT(2) 
PARAMETRIC_REPRESENTATION_CONTEXT() REPRESENTATION_CONTEXT('2D SPACE',''
  ) );
#1527 = ORIENTED_EDGE('',*,*,#1528,.F.);
#1528 = EDGE_CURVE('',#1506,#1506,#1529,.T.);
#1529 = SURFACE_CURVE('',#1530,(#1535,#1541),.PCURVE_S1.);
#1530 = CIRCLE('',#1531,21.);
#1531 = AXIS2_PLACEMENT_3D('',#1532,#1533,#1534);
#1532 = CARTESIAN_POINT('',(0.,0.,58.));
#1533 = DIRECTION('',(0.,0.,1.));
#1534 = DIRECTION('',(1.,0.,0.));
#1535 = PCURVE('',#440,#1536);
#1536 = DEFINITIONAL_REPRESENTATION('',(#1537),#1540);
#1537 = B_SPLINE_CURVE_WITH_KNOTS('',1,(#1538,#1539),.UNSPECIFIED.,.F.,
  .F.,(2,2),(0.,6.28318530718),.PIECEWISE_BEZIER_KNOTS.);
#1538 = CARTESIAN_POINT('',(0.,0.));
#1539 = CARTESIAN_POINT('',(-6.28318530718,0.));
#1540 = ( GEOMETRIC_REPRESENTATION_CONTEXT(2) 
PARAMETRIC_REPRESENTATION_CONTEXT() REPRESENTATION_CONTEXT('2D SPACE',''
  ) );
#1541 = PCURVE('',#1542,#1547);
#1542 = PLANE('',#1543);
#1543 = AXIS2_PLACEMENT_3D('',#1544,#1545,#1546);
#1544 = CARTESIAN_POINT('',(-1.041859148601E-15,1.846063891983E-16,58.)
  );
#1545 = DIRECTION('',(0.,0.,1.));
#1546 = DIRECTION('',(1.,0.,-0.));
#1547 = DEFINITIONAL_REPRESENTATION('',(#1548),#1552);
#1548 = CIRCLE('',#1549,21.);
#1549 = AXIS2_PLACEMENT_2D('',#1550,#1551);
#1550 = CARTESIAN_POINT('',(1.041859148601E-15,-1.846063891983E-16));
#1551 = DIRECTION('',(1.,0.));
#1552 = ( GEOMETRIC_REPRESENTATION_CONTEXT(2) 
PARAMETRIC_REPRESENTATION_CONTEXT() REPRESENTATION_CONTEXT('2D SPACE',''
  ) );
#1553 = ORIENTED_EDGE('',*,*,#1505,.F.);
#1554 = ADVANCED_FACE('',(#1555),#475,.F.);
#1555 = FACE_BOUND('',#1556,.T.);
#1556 = EDGE_LOOP('',(#1557,#1588,#1609,#1610,#1611,#1635,#1656,#1684));
#1557 = ORIENTED_EDGE('',*,*,#1558,.F.);
#1558 = EDGE_CURVE('',#1559,#1561,#1563,.T.);
#1559 = VERTEX_POINT('',#1560);
#1560 = CARTESIAN_POINT('',(1.25,28.,58.5));
#1561 = VERTEX_POINT('',#1562);
#1562 = CARTESIAN_POINT('',(-1.249688557343,27.972098214286,58.5));
#1563 = SURFACE_CURVE('',#1564,(#1569,#1576),.PCURVE_S1.);
#1564 = CIRCLE('',#1565,1.25);
#1565 = AXIS2_PLACEMENT_3D('',#1566,#1567,#1568);
#1566 = CARTESIAN_POINT('',(1.714505518806E-15,28.,58.5));
#1567 = DIRECTION('',(0.,0.,1.));
#1568 = DIRECTION('',(1.,0.,0.));
#1569 = PCURVE('',#475,#1570);
#1570 = DEFINITIONAL_REPRESENTATION('',(#1571),#1575);
#1571 = LINE('',#1572,#1573);
#1572 = CARTESIAN_POINT('',(-0.,0.));
#1573 = VECTOR('',#1574,1.);
#1574 = DIRECTION('',(-1.,0.));
#1575 = ( GEOMETRIC_REPRESENTATION_CONTEXT(2) 
PARAMETRIC_REPRESENTATION_CONTEXT() REPRESENTATION_CONTEXT('2D SPACE',''
  ) );
#1576 = PCURVE('',#1577,#1582);
#1577 = PLANE('',#1578);
#1578 = AXIS2_PLACEMENT_3D('',#1579,#1580,#1581);
#1579 = CARTESIAN_POINT('',(1.646133512179E-15,28.,58.5));
#1580 = DIRECTION('',(0.,0.,1.));
#1581 = DIRECTION('',(1.,0.,-0.));
#1582 = DEFINITIONAL_REPRESENTATION('',(#1583),#1587);
#1583 = CIRCLE('',#1584,1.25);
#1584 = AXIS2_PLACEMENT_2D('',#1585,#1586);
#1585 = CARTESIAN_POINT('',(6.837200662697E-17,0.));
#1586 = DIRECTION('',(1.,0.));
#1587 = ( GEOMETRIC_REPRESENTATION_CONTEXT(2) 
PARAMETRIC_REPRESENTATION_CONTEXT() REPRESENTATION_CONTEXT('2D SPACE',''
  ) );
#1588 = ORIENTED_EDGE('',*,*,#1589,.T.);
#1589 = EDGE_CURVE('',#1559,#455,#1590,.T.);
#1590 = SEAM_CURVE('',#1591,(#1595,#1602),.PCURVE_S1.);
#1591 = LINE('',#1592,#1593);
#1592 = CARTESIAN_POINT('',(1.25,28.,58.5));
#1593 = VECTOR('',#1594,1.);
#1594 = DIRECTION('',(0.,0.,1.));
#1595 = PCURVE('',#475,#1596);
#1596 = DEFINITIONAL_REPRESENTATION('',(#1597),#1601);
#1597 = LINE('',#1598,#1599);
#1598 = CARTESIAN_POINT('',(-6.28318530718,0.));
#1599 = VECTOR('',#1600,1.);
#1600 = DIRECTION('',(-0.,-1.));
#1601 = ( GEOMETRIC_REPRESENTATION_CONTEXT(2) 
PARAMETRIC_REPRESENTATION_CONTEXT() REPRESENTATION_CONTEXT('2D SPACE',''
  ) );
#1602 = PCURVE('',#475,#1603);
#1603 = DEFINITIONAL_REPRESENTATION('',(#1604),#1608);
#1604 = LINE('',#1605,#1606);
#1605 = CARTESIAN_POINT('',(-0.,0.));
#1606 = VECTOR('',#1607,1.);
#1607 = DIRECTION('',(-0.,-1.));
#1608 = ( GEOMETRIC_REPRESENTATION_CONTEXT(2) 
PARAMETRIC_REPRESENTATION_CONTEXT() REPRESENTATION_CONTEXT('2D SPACE',''
  ) );
#1609 = ORIENTED_EDGE('',*,*,#454,.F.);
#1610 = ORIENTED_EDGE('',*,*,#1589,.F.);
#1611 = ORIENTED_EDGE('',*,*,#1612,.F.);
#1612 = EDGE_CURVE('',#1613,#1559,#1615,.T.);
#1613 = VERTEX_POINT('',#1614);
#1614 = CARTESIAN_POINT('',(1.249688557343,27.972098214286,58.5));
#1615 = SURFACE_CURVE('',#1616,(#1621,#1628),.PCURVE_S1.);
#1616 = CIRCLE('',#1617,1.25);
#1617 = AXIS2_PLACEMENT_3D('',#1618,#1619,#1620);
#1618 = CARTESIAN_POINT('',(1.714505518806E-15,28.,58.5));
#1619 = DIRECTION('',(0.,0.,1.));
#1620 = DIRECTION('',(1.,0.,0.));
#1621 = PCURVE('',#475,#1622);
#1622 = DEFINITIONAL_REPRESENTATION('',(#1623),#1627);
#1623 = LINE('',#1624,#1625);
#1624 = CARTESIAN_POINT('',(-0.,0.));
#1625 = VECTOR('',#1626,1.);
#1626 = DIRECTION('',(-1.,0.));
#1627 = ( GEOMETRIC_REPRESENTATION_CONTEXT(2) 
PARAMETRIC_REPRESENTATION_CONTEXT() REPRESENTATION_CONTEXT('2D SPACE',''
  ) );
#1628 = PCURVE('',#1577,#1629);
#1629 = DEFINITIONAL_REPRESENTATION('',(#1630),#1634);
#1630 = CIRCLE('',#1631,1.25);
#1631 = AXIS2_PLACEMENT_2D('',#1632,#1633);
#1632 = CARTESIAN_POINT('',(6.837200662697E-17,0.));
#1633 = DIRECTION('',(1.,0.));
#1634 = ( GEOMETRIC_REPRESENTATION_CONTEXT(2) 
PARAMETRIC_REPRESENTATION_CONTEXT() REPRESENTATION_CONTEXT('2D SPACE',''
  ) );
#1635 = ORIENTED_EDGE('',*,*,#1636,.F.);
#1636 = EDGE_CURVE('',#1637,#1613,#1639,.T.);
#1637 = VERTEX_POINT('',#1638);
#1638 = CARTESIAN_POINT('',(1.249688557343,27.972098214286,59.));
#1639 = SURFACE_CURVE('',#1640,(#1644,#1650),.PCURVE_S1.);
#1640 = LINE('',#1641,#1642);
#1641 = CARTESIAN_POINT('',(1.249688557343,27.972098214286,5.));
#1642 = VECTOR('',#1643,1.);
#1643 = DIRECTION('',(-0.,-0.,-1.));
#1644 = PCURVE('',#475,#1645);
#1645 = DEFINITIONAL_REPRESENTATION('',(#1646),#1649);
#1646 = B_SPLINE_CURVE_WITH_KNOTS('',1,(#1647,#1648),.UNSPECIFIED.,.F.,
  .F.,(2,2),(-54.0000006,-53.4999994),.PIECEWISE_BEZIER_KNOTS.);
#1647 = CARTESIAN_POINT('',(-6.260862024598,-0.5000006));
#1648 = CARTESIAN_POINT('',(-6.260862024598,5.999999999062E-07));
#1649 = ( GEOMETRIC_REPRESENTATION_CONTEXT(2) 
PARAMETRIC_REPRESENTATION_CONTEXT() REPRESENTATION_CONTEXT('2D SPACE',''
  ) );
#1650 = PCURVE('',#582,#1651);
#1651 = DEFINITIONAL_REPRESENTATION('',(#1652),#1655);
#1652 = B_SPLINE_CURVE_WITH_KNOTS('',1,(#1653,#1654),.UNSPECIFIED.,.F.,
  .F.,(2,2),(-54.0000006,-53.4999994),.PIECEWISE_BEZIER_KNOTS.);
#1653 = CARTESIAN_POINT('',(-1.526149761632,-54.0000006));
#1654 = CARTESIAN_POINT('',(-1.526149761632,-53.4999994));
#1655 = ( GEOMETRIC_REPRESENTATION_CONTEXT(2) 
PARAMETRIC_REPRESENTATION_CONTEXT() REPRESENTATION_CONTEXT('2D SPACE',''
  ) );
#1656 = ORIENTED_EDGE('',*,*,#1657,.T.);
#1657 = EDGE_CURVE('',#1637,#1658,#1660,.T.);
#1658 = VERTEX_POINT('',#1659);
#1659 = CARTESIAN_POINT('',(-1.249688557343,27.972098214286,59.));
#1660 = SURFACE_CURVE('',#1661,(#1666,#1673),.PCURVE_S1.);
#1661 = CIRCLE('',#1662,1.25);
#1662 = AXIS2_PLACEMENT_3D('',#1663,#1664,#1665);
#1663 = CARTESIAN_POINT('',(1.714505518806E-15,28.,59.));
#1664 = DIRECTION('',(0.,0.,-1.));
#1665 = DIRECTION('',(1.,0.,0.));
#1666 = PCURVE('',#475,#1667);
#1667 = DEFINITIONAL_REPRESENTATION('',(#1668),#1672);
#1668 = LINE('',#1669,#1670);
#1669 = CARTESIAN_POINT('',(-6.28318530718,-0.5));
#1670 = VECTOR('',#1671,1.);
#1671 = DIRECTION('',(1.,-0.));
#1672 = ( GEOMETRIC_REPRESENTATION_CONTEXT(2) 
PARAMETRIC_REPRESENTATION_CONTEXT() REPRESENTATION_CONTEXT('2D SPACE',''
  ) );
#1673 = PCURVE('',#1216,#1674);
#1674 = DEFINITIONAL_REPRESENTATION('',(#1675),#1683);
#1675 = ( BOUNDED_CURVE() B_SPLINE_CURVE(2,(#1676,#1677,#1678,#1679,
#1680,#1681,#1682),.UNSPECIFIED.,.T.,.F.) B_SPLINE_CURVE_WITH_KNOTS((1,2
    ,2,2,2,1),(-2.094395102393,0.,2.094395102393,4.188790204786,
6.28318530718,8.377580409573),.UNSPECIFIED.) CURVE() 
GEOMETRIC_REPRESENTATION_ITEM() RATIONAL_B_SPLINE_CURVE((1.,0.5,1.,0.5,
1.,0.5,1.)) REPRESENTATION_ITEM('') );
#1676 = CARTESIAN_POINT('',(1.25,28.));
#1677 = CARTESIAN_POINT('',(1.25,25.834936490539));
#1678 = CARTESIAN_POINT('',(-0.625,26.917468245269));
#1679 = CARTESIAN_POINT('',(-2.5,28.));
#1680 = CARTESIAN_POINT('',(-0.625,29.082531754731));
#1681 = CARTESIAN_POINT('',(1.25,30.165063509461));
#1682 = CARTESIAN_POINT('',(1.25,28.));
#1683 = ( GEOMETRIC_REPRESENTATION_CONTEXT(2) 
PARAMETRIC_REPRESENTATION_CONTEXT() REPRESENTATION_CONTEXT('2D SPACE',''
  ) );
#1684 = ORIENTED_EDGE('',*,*,#1685,.T.);
#1685 = EDGE_CURVE('',#1658,#1561,#1686,.T.);
#1686 = SURFACE_CURVE('',#1687,(#1691,#1697),.PCURVE_S1.);
#1687 = LINE('',#1688,#1689);
#1688 = CARTESIAN_POINT('',(-1.249688557343,27.972098214286,5.));
#1689 = VECTOR('',#1690,1.);
#1690 = DIRECTION('',(-0.,-0.,-1.));
#1691 = PCURVE('',#475,#1692);
#1692 = DEFINITIONAL_REPRESENTATION('',(#1693),#1696);
#1693 = B_SPLINE_CURVE_WITH_KNOTS('',1,(#1694,#1695),.UNSPECIFIED.,.F.,
  .F.,(2,2),(-54.0000006,-53.4999994),.PIECEWISE_BEZIER_KNOTS.);
#1694 = CARTESIAN_POINT('',(-3.163915936171,-0.5000006));
#1695 = CARTESIAN_POINT('',(-3.163915936171,5.999999999062E-07));
#1696 = ( GEOMETRIC_REPRESENTATION_CONTEXT(2) 
PARAMETRIC_REPRESENTATION_CONTEXT() REPRESENTATION_CONTEXT('2D SPACE',''
  ) );
#1697 = PCURVE('',#582,#1698);
#1698 = DEFINITIONAL_REPRESENTATION('',(#1699),#1702);
#1699 = B_SPLINE_CURVE_WITH_KNOTS('',1,(#1700,#1701),.UNSPECIFIED.,.F.,
  .F.,(2,2),(-54.0000006,-53.4999994),.PIECEWISE_BEZIER_KNOTS.);
#1700 = CARTESIAN_POINT('',(-1.615442891958,-54.0000006));
#1701 = CARTESIAN_POINT('',(-1.615442891958,-53.4999994));
#1702 = ( GEOMETRIC_REPRESENTATION_CONTEXT(2) 
PARAMETRIC_REPRESENTATION_CONTEXT() REPRESENTATION_CONTEXT('2D SPACE',''
  ) );
#1703 = ADVANCED_FACE('',(#1704),#514,.F.);
#1704 = FACE_BOUND('',#1705,.T.);
#1705 = EDGE_LOOP('',(#1706,#1707,#1730,#1757));
#1706 = ORIENTED_EDGE('',*,*,#493,.T.);
#1707 = ORIENTED_EDGE('',*,*,#1708,.T.);
#1708 = EDGE_CURVE('',#494,#1709,#1711,.T.);
#1709 = VERTEX_POINT('',#1710);
#1710 = CARTESIAN_POINT('',(-8.75,-17.32050807568,13.));
#1711 = SEAM_CURVE('',#1712,(#1716,#1723),.PCURVE_S1.);
#1712 = LINE('',#1713,#1714);
#1713 = CARTESIAN_POINT('',(-8.75,-17.32050807568,4.));
#1714 = VECTOR('',#1715,1.);
#1715 = DIRECTION('',(0.,0.,1.));
#1716 = PCURVE('',#514,#1717);
#1717 = DEFINITIONAL_REPRESENTATION('',(#1718),#1722);
#1718 = LINE('',#1719,#1720);
#1719 = CARTESIAN_POINT('',(-6.28318530718,0.));
#1720 = VECTOR('',#1721,1.);
#1721 = DIRECTION('',(-0.,-1.));
#1722 = ( GEOMETRIC_REPRESENTATION_CONTEXT(2) 
PARAMETRIC_REPRESENTATION_CONTEXT() REPRESENTATION_CONTEXT('2D SPACE',''
  ) );
#1723 = PCURVE('',#514,#1724);
#1724 = DEFINITIONAL_REPRESENTATION('',(#1725),#1729);
#1725 = LINE('',#1726,#1727);
#1726 = CARTESIAN_POINT('',(-0.,0.));
#1727 = VECTOR('',#1728,1.);
#1728 = DIRECTION('',(-0.,-1.));
#1729 = ( GEOMETRIC_REPRESENTATION_CONTEXT(2) 
PARAMETRIC_REPRESENTATION_CONTEXT() REPRESENTATION_CONTEXT('2D SPACE',''
  ) );
#1730 = ORIENTED_EDGE('',*,*,#1731,.T.);
#1731 = EDGE_CURVE('',#1709,#1709,#1732,.T.);
#1732 = SURFACE_CURVE('',#1733,(#1738,#1745),.PCURVE_S1.);
#1733 = CIRCLE('',#1734,1.25);
#1734 = AXIS2_PLACEMENT_3D('',#1735,#1736,#1737);
#1735 = CARTESIAN_POINT('',(-10.,-17.32050807568,13.));
#1736 = DIRECTION('',(0.,0.,1.));
#1737 = DIRECTION('',(1.,0.,0.));
#1738 = PCURVE('',#514,#1739);
#1739 = DEFINITIONAL_REPRESENTATION('',(#1740),#1744);
#1740 = LINE('',#1741,#1742);
#1741 = CARTESIAN_POINT('',(-0.,-9.));
#1742 = VECTOR('',#1743,1.);
#1743 = DIRECTION('',(-1.,0.));
#1744 = ( GEOMETRIC_REPRESENTATION_CONTEXT(2) 
PARAMETRIC_REPRESENTATION_CONTEXT() REPRESENTATION_CONTEXT('2D SPACE',''
  ) );
#1745 = PCURVE('',#1746,#1751);
#1746 = PLANE('',#1747);
#1747 = AXIS2_PLACEMENT_3D('',#1748,#1749,#1750);
#1748 = CARTESIAN_POINT('',(-11.73205080756,-16.32050807568,13.));
#1749 = DIRECTION('',(0.,0.,1.));
#1750 = DIRECTION('',(-0.5,-0.866025403784,0.));
#1751 = DEFINITIONAL_REPRESENTATION('',(#1752),#1756);
#1752 = CIRCLE('',#1753,1.25);
#1753 = AXIS2_PLACEMENT_2D('',#1754,#1755);
#1754 = CARTESIAN_POINT('',(-7.771561172376E-16,2.));
#1755 = DIRECTION('',(-0.5,0.866025403784));
#1756 = ( GEOMETRIC_REPRESENTATION_CONTEXT(2) 
PARAMETRIC_REPRESENTATION_CONTEXT() REPRESENTATION_CONTEXT('2D SPACE',''
  ) );
#1757 = ORIENTED_EDGE('',*,*,#1708,.F.);
#1758 = ADVANCED_FACE('',(#1759),#549,.F.);
#1759 = FACE_BOUND('',#1760,.T.);
#1760 = EDGE_LOOP('',(#1761,#1762,#1785,#1812));
#1761 = ORIENTED_EDGE('',*,*,#528,.T.);
#1762 = ORIENTED_EDGE('',*,*,#1763,.T.);
#1763 = EDGE_CURVE('',#529,#1764,#1766,.T.);
#1764 = VERTEX_POINT('',#1765);
#1765 = CARTESIAN_POINT('',(-8.75,17.320508075689,13.));
#1766 = SEAM_CURVE('',#1767,(#1771,#1778),.PCURVE_S1.);
#1767 = LINE('',#1768,#1769);
#1768 = CARTESIAN_POINT('',(-8.75,17.320508075689,4.));
#1769 = VECTOR('',#1770,1.);
#1770 = DIRECTION('',(0.,0.,1.));
#1771 = PCURVE('',#549,#1772);
#1772 = DEFINITIONAL_REPRESENTATION('',(#1773),#1777);
#1773 = LINE('',#1774,#1775);
#1774 = CARTESIAN_POINT('',(-6.28318530718,0.));
#1775 = VECTOR('',#1776,1.);
#1776 = DIRECTION('',(-0.,-1.));
#1777 = ( GEOMETRIC_REPRESENTATION_CONTEXT(2) 
PARAMETRIC_REPRESENTATION_CONTEXT() REPRESENTATION_CONTEXT('2D SPACE',''
  ) );
#1778 = PCURVE('',#549,#1779);
#1779 = DEFINITIONAL_REPRESENTATION('',(#1780),#1784);
#1780 = LINE('',#1781,#1782);
#1781 = CARTESIAN_POINT('',(-0.,0.));
#1782 = VECTOR('',#1783,1.);
#1783 = DIRECTION('',(-0.,-1.));
#1784 = ( GEOMETRIC_REPRESENTATION_CONTEXT(2) 
PARAMETRIC_REPRESENTATION_CONTEXT() REPRESENTATION_CONTEXT('2D SPACE',''
  ) );
#1785 = ORIENTED_EDGE('',*,*,#1786,.T.);
#1786 = EDGE_CURVE('',#1764,#1764,#1787,.T.);
#1787 = SURFACE_CURVE('',#1788,(#1793,#1800),.PCURVE_S1.);
#1788 = CIRCLE('',#1789,1.25);
#1789 = AXIS2_PLACEMENT_3D('',#1790,#1791,#1792);
#1790 = CARTESIAN_POINT('',(-10.,17.320508075689,13.));
#1791 = DIRECTION('',(0.,0.,1.));
#1792 = DIRECTION('',(1.,0.,0.));
#1793 = PCURVE('',#549,#1794);
#1794 = DEFINITIONAL_REPRESENTATION('',(#1795),#1799);
#1795 = LINE('',#1796,#1797);
#1796 = CARTESIAN_POINT('',(-0.,-9.));
#1797 = VECTOR('',#1798,1.);
#1798 = DIRECTION('',(-1.,0.));
#1799 = ( GEOMETRIC_REPRESENTATION_CONTEXT(2) 
PARAMETRIC_REPRESENTATION_CONTEXT() REPRESENTATION_CONTEXT('2D SPACE',''
  ) );
#1800 = PCURVE('',#1801,#1806);
#1801 = PLANE('',#1802);
#1802 = AXIS2_PLACEMENT_3D('',#1803,#1804,#1805);
#1803 = CARTESIAN_POINT('',(-8.267949192431,18.320508075689,13.));
#1804 = DIRECTION('',(0.,0.,1.));
#1805 = DIRECTION('',(-0.5,0.866025403784,0.));
#1806 = DEFINITIONAL_REPRESENTATION('',(#1807),#1811);
#1807 = CIRCLE('',#1808,1.25);
#1808 = AXIS2_PLACEMENT_2D('',#1809,#1810);
#1809 = CARTESIAN_POINT('',(-7.771561172376E-16,2.));
#1810 = DIRECTION('',(-0.5,-0.866025403784));
#1811 = ( GEOMETRIC_REPRESENTATION_CONTEXT(2) 
PARAMETRIC_REPRESENTATION_CONTEXT() REPRESENTATION_CONTEXT('2D SPACE',''
  ) );
#1812 = ORIENTED_EDGE('',*,*,#1763,.F.);
#1813 = ADVANCED_FACE('',(#1814,#2252),#582,.F.);
#1814 = FACE_BOUND('',#1815,.T.);
#1815 = EDGE_LOOP('',(#1816,#1817,#1838,#1871,#1894,#1916,#1917,#1943,
    #1944,#1966,#1967,#1993,#1994,#2016,#2017,#2043,#2044,#2066,#2067,
    #2095,#2114,#2115,#2136,#2164,#2183,#2184,#2205,#2233));
#1816 = ORIENTED_EDGE('',*,*,#563,.F.);
#1817 = ORIENTED_EDGE('',*,*,#1818,.F.);
#1818 = EDGE_CURVE('',#1819,#564,#1821,.T.);
#1819 = VERTEX_POINT('',#1820);
#1820 = CARTESIAN_POINT('',(27.928480087538,2.,13.));
#1821 = SURFACE_CURVE('',#1822,(#1826,#1832),.PCURVE_S1.);
#1822 = LINE('',#1823,#1824);
#1823 = CARTESIAN_POINT('',(27.928480087538,2.,5.));
#1824 = VECTOR('',#1825,1.);
#1825 = DIRECTION('',(-0.,-0.,-1.));
#1826 = PCURVE('',#582,#1827);
#1827 = DEFINITIONAL_REPRESENTATION('',(#1828),#1831);
#1828 = B_SPLINE_CURVE_WITH_KNOTS('',1,(#1829,#1830),.UNSPECIFIED.,.F.,
  .F.,(2,2),(-8.8,5.999999999062E-07),.PIECEWISE_BEZIER_KNOTS.);
#1829 = CARTESIAN_POINT('',(-7.148944988552E-02,-8.8));
#1830 = CARTESIAN_POINT('',(-7.148944988552E-02,5.999999999062E-07));
#1831 = ( GEOMETRIC_REPRESENTATION_CONTEXT(2) 
PARAMETRIC_REPRESENTATION_CONTEXT() REPRESENTATION_CONTEXT('2D SPACE',''
  ) );
#1832 = PCURVE('',#610,#1833);
#1833 = DEFINITIONAL_REPRESENTATION('',(#1834),#1837);
#1834 = B_SPLINE_CURVE_WITH_KNOTS('',1,(#1835,#1836),.UNSPECIFIED.,.F.,
  .F.,(2,2),(-8.8,5.999999999062E-07),.PIECEWISE_BEZIER_KNOTS.);
#1835 = CARTESIAN_POINT('',(8.8,7.928480087538));
#1836 = CARTESIAN_POINT('',(-5.999999999062E-07,7.928480087538));
#1837 = ( GEOMETRIC_REPRESENTATION_CONTEXT(2) 
PARAMETRIC_REPRESENTATION_CONTEXT() REPRESENTATION_CONTEXT('2D SPACE',''
  ) );
#1838 = ORIENTED_EDGE('',*,*,#1839,.T.);
#1839 = EDGE_CURVE('',#1819,#1840,#1842,.T.);
#1840 = VERTEX_POINT('',#1841);
#1841 = CARTESIAN_POINT('',(28.,2.292073341162E-15,13.));
#1842 = SURFACE_CURVE('',#1843,(#1848,#1855),.PCURVE_S1.);
#1843 = CIRCLE('',#1844,28.);
#1844 = AXIS2_PLACEMENT_3D('',#1845,#1846,#1847);
#1845 = CARTESIAN_POINT('',(1.471511085026E-13,2.292073341162E-15,13.));
#1846 = DIRECTION('',(0.,0.,-1.));
#1847 = DIRECTION('',(1.,0.,0.));
#1848 = PCURVE('',#582,#1849);
#1849 = DEFINITIONAL_REPRESENTATION('',(#1850),#1854);
#1850 = LINE('',#1851,#1852);
#1851 = CARTESIAN_POINT('',(-6.28318530718,-8.));
#1852 = VECTOR('',#1853,1.);
#1853 = DIRECTION('',(1.,-0.));
#1854 = ( GEOMETRIC_REPRESENTATION_CONTEXT(2) 
PARAMETRIC_REPRESENTATION_CONTEXT() REPRESENTATION_CONTEXT('2D SPACE',''
  ) );
#1855 = PCURVE('',#1856,#1861);
#1856 = PLANE('',#1857);
#1857 = AXIS2_PLACEMENT_3D('',#1858,#1859,#1860);
#1858 = CARTESIAN_POINT('',(20.,-2.,13.));
#1859 = DIRECTION('',(0.,0.,1.));
#1860 = DIRECTION('',(1.,0.,0.));
#1861 = DEFINITIONAL_REPRESENTATION('',(#1862),#1870);
#1862 = ( BOUNDED_CURVE() B_SPLINE_CURVE(2,(#1863,#1864,#1865,#1866,
#1867,#1868,#1869),.UNSPECIFIED.,.T.,.F.) B_SPLINE_CURVE_WITH_KNOTS((1,2
    ,2,2,2,1),(-2.094395102393,0.,2.094395102393,4.188790204786,
6.28318530718,8.377580409573),.UNSPECIFIED.) CURVE() 
GEOMETRIC_REPRESENTATION_ITEM() RATIONAL_B_SPLINE_CURVE((1.,0.5,1.,0.5,
1.,0.5,1.)) REPRESENTATION_ITEM('') );
#1863 = CARTESIAN_POINT('',(8.,2.));
#1864 = CARTESIAN_POINT('',(8.,-46.49742261192));
#1865 = CARTESIAN_POINT('',(-34.,-22.24871130596));
#1866 = CARTESIAN_POINT('',(-76.,2.));
#1867 = CARTESIAN_POINT('',(-34.,26.248711305964));
#1868 = CARTESIAN_POINT('',(8.,50.497422611929));
#1869 = CARTESIAN_POINT('',(8.,2.));
#1870 = ( GEOMETRIC_REPRESENTATION_CONTEXT(2) 
PARAMETRIC_REPRESENTATION_CONTEXT() REPRESENTATION_CONTEXT('2D SPACE',''
  ) );
#1871 = ORIENTED_EDGE('',*,*,#1872,.T.);
#1872 = EDGE_CURVE('',#1840,#1873,#1875,.T.);
#1873 = VERTEX_POINT('',#1874);
#1874 = CARTESIAN_POINT('',(28.,2.292073341162E-15,59.));
#1875 = SEAM_CURVE('',#1876,(#1880,#1887),.PCURVE_S1.);
#1876 = LINE('',#1877,#1878);
#1877 = CARTESIAN_POINT('',(28.,2.292073341162E-15,5.));
#1878 = VECTOR('',#1879,1.);
#1879 = DIRECTION('',(0.,0.,1.));
#1880 = PCURVE('',#582,#1881);
#1881 = DEFINITIONAL_REPRESENTATION('',(#1882),#1886);
#1882 = LINE('',#1883,#1884);
#1883 = CARTESIAN_POINT('',(-6.28318530718,0.));
#1884 = VECTOR('',#1885,1.);
#1885 = DIRECTION('',(-0.,-1.));
#1886 = ( GEOMETRIC_REPRESENTATION_CONTEXT(2) 
PARAMETRIC_REPRESENTATION_CONTEXT() REPRESENTATION_CONTEXT('2D SPACE',''
  ) );
#1887 = PCURVE('',#582,#1888);
#1888 = DEFINITIONAL_REPRESENTATION('',(#1889),#1893);
#1889 = LINE('',#1890,#1891);
#1890 = CARTESIAN_POINT('',(-0.,0.));
#1891 = VECTOR('',#1892,1.);
#1892 = DIRECTION('',(-0.,-1.));
#1893 = ( GEOMETRIC_REPRESENTATION_CONTEXT(2) 
PARAMETRIC_REPRESENTATION_CONTEXT() REPRESENTATION_CONTEXT('2D SPACE',''
  ) );
#1894 = ORIENTED_EDGE('',*,*,#1895,.T.);
#1895 = EDGE_CURVE('',#1873,#1637,#1896,.T.);
#1896 = SURFACE_CURVE('',#1897,(#1902,#1909),.PCURVE_S1.);
#1897 = CIRCLE('',#1898,28.);
#1898 = AXIS2_PLACEMENT_3D('',#1899,#1900,#1901);
#1899 = CARTESIAN_POINT('',(1.471511085026E-13,2.292073341162E-15,59.));
#1900 = DIRECTION('',(0.,0.,1.));
#1901 = DIRECTION('',(1.,0.,0.));
#1902 = PCURVE('',#582,#1903);
#1903 = DEFINITIONAL_REPRESENTATION('',(#1904),#1908);
#1904 = LINE('',#1905,#1906);
#1905 = CARTESIAN_POINT('',(-0.,-54.));
#1906 = VECTOR('',#1907,1.);
#1907 = DIRECTION('',(-1.,0.));
#1908 = ( GEOMETRIC_REPRESENTATION_CONTEXT(2) 
PARAMETRIC_REPRESENTATION_CONTEXT() REPRESENTATION_CONTEXT('2D SPACE',''
  ) );
#1909 = PCURVE('',#1216,#1910);
#1910 = DEFINITIONAL_REPRESENTATION('',(#1911),#1915);
#1911 = CIRCLE('',#1912,28.);
#1912 = AXIS2_PLACEMENT_2D('',#1913,#1914);
#1913 = CARTESIAN_POINT('',(1.485626596071E-13,7.344394911669E-16));
#1914 = DIRECTION('',(1.,0.));
#1915 = ( GEOMETRIC_REPRESENTATION_CONTEXT(2) 
PARAMETRIC_REPRESENTATION_CONTEXT() REPRESENTATION_CONTEXT('2D SPACE',''
  ) );
#1916 = ORIENTED_EDGE('',*,*,#1636,.T.);
#1917 = ORIENTED_EDGE('',*,*,#1918,.F.);
#1918 = EDGE_CURVE('',#1561,#1613,#1919,.T.);
#1919 = SURFACE_CURVE('',#1920,(#1925,#1932),.PCURVE_S1.);
#1920 = CIRCLE('',#1921,28.);
#1921 = AXIS2_PLACEMENT_3D('',#1922,#1923,#1924);
#1922 = CARTESIAN_POINT('',(1.471511085026E-13,2.292073341162E-15,58.5)
  );
#1923 = DIRECTION('',(0.,0.,-1.));
#1924 = DIRECTION('',(1.,0.,0.));
#1925 = PCURVE('',#582,#1926);
#1926 = DEFINITIONAL_REPRESENTATION('',(#1927),#1931);
#1927 = LINE('',#1928,#1929);
#1928 = CARTESIAN_POINT('',(-6.28318530718,-53.5));
#1929 = VECTOR('',#1930,1.);
#1930 = DIRECTION('',(1.,-0.));
#1931 = ( GEOMETRIC_REPRESENTATION_CONTEXT(2) 
PARAMETRIC_REPRESENTATION_CONTEXT() REPRESENTATION_CONTEXT('2D SPACE',''
  ) );
#1932 = PCURVE('',#1577,#1933);
#1933 = DEFINITIONAL_REPRESENTATION('',(#1934),#1942);
#1934 = ( BOUNDED_CURVE() B_SPLINE_CURVE(2,(#1935,#1936,#1937,#1938,
#1939,#1940,#1941),.UNSPECIFIED.,.T.,.F.) B_SPLINE_CURVE_WITH_KNOTS((1,2
    ,2,2,2,1),(-2.094395102393,0.,2.094395102393,4.188790204786,
6.28318530718,8.377580409573),.UNSPECIFIED.) CURVE() 
GEOMETRIC_REPRESENTATION_ITEM() RATIONAL_B_SPLINE_CURVE((1.,0.5,1.,0.5,
1.,0.5,1.)) REPRESENTATION_ITEM('') );
#1935 = CARTESIAN_POINT('',(28.,-28.));
#1936 = CARTESIAN_POINT('',(28.,-76.49742261192));
#1937 = CARTESIAN_POINT('',(-14.,-52.24871130596));
#1938 = CARTESIAN_POINT('',(-56.,-28.));
#1939 = CARTESIAN_POINT('',(-14.,-3.751288694036));
#1940 = CARTESIAN_POINT('',(28.,20.497422611929));
#1941 = CARTESIAN_POINT('',(28.,-28.));
#1942 = ( GEOMETRIC_REPRESENTATION_CONTEXT(2) 
PARAMETRIC_REPRESENTATION_CONTEXT() REPRESENTATION_CONTEXT('2D SPACE',''
  ) );
#1943 = ORIENTED_EDGE('',*,*,#1685,.F.);
#1944 = ORIENTED_EDGE('',*,*,#1945,.T.);
#1945 = EDGE_CURVE('',#1658,#1198,#1946,.T.);
#1946 = SURFACE_CURVE('',#1947,(#1952,#1959),.PCURVE_S1.);
#1947 = CIRCLE('',#1948,28.);
#1948 = AXIS2_PLACEMENT_3D('',#1949,#1950,#1951);
#1949 = CARTESIAN_POINT('',(1.471511085026E-13,2.292073341162E-15,59.));
#1950 = DIRECTION('',(0.,0.,1.));
#1951 = DIRECTION('',(1.,0.,0.));
#1952 = PCURVE('',#582,#1953);
#1953 = DEFINITIONAL_REPRESENTATION('',(#1954),#1958);
#1954 = LINE('',#1955,#1956);
#1955 = CARTESIAN_POINT('',(-0.,-54.));
#1956 = VECTOR('',#1957,1.);
#1957 = DIRECTION('',(-1.,0.));
#1958 = ( GEOMETRIC_REPRESENTATION_CONTEXT(2) 
PARAMETRIC_REPRESENTATION_CONTEXT() REPRESENTATION_CONTEXT('2D SPACE',''
  ) );
#1959 = PCURVE('',#1216,#1960);
#1960 = DEFINITIONAL_REPRESENTATION('',(#1961),#1965);
#1961 = CIRCLE('',#1962,28.);
#1962 = AXIS2_PLACEMENT_2D('',#1963,#1964);
#1963 = CARTESIAN_POINT('',(1.485626596071E-13,7.344394911669E-16));
#1964 = DIRECTION('',(1.,0.));
#1965 = ( GEOMETRIC_REPRESENTATION_CONTEXT(2) 
PARAMETRIC_REPRESENTATION_CONTEXT() REPRESENTATION_CONTEXT('2D SPACE',''
  ) );
#1966 = ORIENTED_EDGE('',*,*,#1333,.T.);
#1967 = ORIENTED_EDGE('',*,*,#1968,.F.);
#1968 = EDGE_CURVE('',#1284,#1305,#1969,.T.);
#1969 = SURFACE_CURVE('',#1970,(#1975,#1982),.PCURVE_S1.);
#1970 = CIRCLE('',#1971,28.);
#1971 = AXIS2_PLACEMENT_3D('',#1972,#1973,#1974);
#1972 = CARTESIAN_POINT('',(1.471511085026E-13,2.292073341162E-15,58.5)
  );
#1973 = DIRECTION('',(0.,0.,-1.));
#1974 = DIRECTION('',(1.,0.,0.));
#1975 = PCURVE('',#582,#1976);
#1976 = DEFINITIONAL_REPRESENTATION('',(#1977),#1981);
#1977 = LINE('',#1978,#1979);
#1978 = CARTESIAN_POINT('',(-6.28318530718,-53.5));
#1979 = VECTOR('',#1980,1.);
#1980 = DIRECTION('',(1.,-0.));
#1981 = ( GEOMETRIC_REPRESENTATION_CONTEXT(2) 
PARAMETRIC_REPRESENTATION_CONTEXT() REPRESENTATION_CONTEXT('2D SPACE',''
  ) );
#1982 = PCURVE('',#1321,#1983);
#1983 = DEFINITIONAL_REPRESENTATION('',(#1984),#1992);
#1984 = ( BOUNDED_CURVE() B_SPLINE_CURVE(2,(#1985,#1986,#1987,#1988,
#1989,#1990,#1991),.UNSPECIFIED.,.T.,.F.) B_SPLINE_CURVE_WITH_KNOTS((1,2
    ,2,2,2,1),(-2.094395102393,0.,2.094395102393,4.188790204786,
6.28318530718,8.377580409573),.UNSPECIFIED.) CURVE() 
GEOMETRIC_REPRESENTATION_ITEM() RATIONAL_B_SPLINE_CURVE((1.,0.5,1.,0.5,
1.,0.5,1.)) REPRESENTATION_ITEM('') );
#1985 = CARTESIAN_POINT('',(52.248711305964,14.));
#1986 = CARTESIAN_POINT('',(52.248711305964,-34.49742261192));
#1987 = CARTESIAN_POINT('',(10.248711305964,-10.24871130596));
#1988 = CARTESIAN_POINT('',(-31.75128869403,14.));
#1989 = CARTESIAN_POINT('',(10.248711305964,38.248711305964));
#1990 = CARTESIAN_POINT('',(52.248711305964,62.497422611929));
#1991 = CARTESIAN_POINT('',(52.248711305964,14.));
#1992 = ( GEOMETRIC_REPRESENTATION_CONTEXT(2) 
PARAMETRIC_REPRESENTATION_CONTEXT() REPRESENTATION_CONTEXT('2D SPACE',''
  ) );
#1993 = ORIENTED_EDGE('',*,*,#1283,.F.);
#1994 = ORIENTED_EDGE('',*,*,#1995,.T.);
#1995 = EDGE_CURVE('',#1256,#1434,#1996,.T.);
#1996 = SURFACE_CURVE('',#1997,(#2002,#2009),.PCURVE_S1.);
#1997 = CIRCLE('',#1998,28.);
#1998 = AXIS2_PLACEMENT_3D('',#1999,#2000,#2001);
#1999 = CARTESIAN_POINT('',(1.471511085026E-13,2.292073341162E-15,59.));
#2000 = DIRECTION('',(0.,0.,1.));
#2001 = DIRECTION('',(1.,0.,0.));
#2002 = PCURVE('',#582,#2003);
#2003 = DEFINITIONAL_REPRESENTATION('',(#2004),#2008);
#2004 = LINE('',#2005,#2006);
#2005 = CARTESIAN_POINT('',(-0.,-54.));
#2006 = VECTOR('',#2007,1.);
#2007 = DIRECTION('',(-1.,0.));
#2008 = ( GEOMETRIC_REPRESENTATION_CONTEXT(2) 
PARAMETRIC_REPRESENTATION_CONTEXT() REPRESENTATION_CONTEXT('2D SPACE',''
  ) );
#2009 = PCURVE('',#1216,#2010);
#2010 = DEFINITIONAL_REPRESENTATION('',(#2011),#2015);
#2011 = CIRCLE('',#2012,28.);
#2012 = AXIS2_PLACEMENT_2D('',#2013,#2014);
#2013 = CARTESIAN_POINT('',(1.485626596071E-13,7.344394911669E-16));
#2014 = DIRECTION('',(1.,0.));
#2015 = ( GEOMETRIC_REPRESENTATION_CONTEXT(2) 
PARAMETRIC_REPRESENTATION_CONTEXT() REPRESENTATION_CONTEXT('2D SPACE',''
  ) );
#2016 = ORIENTED_EDGE('',*,*,#1433,.T.);
#2017 = ORIENTED_EDGE('',*,*,#2018,.F.);
#2018 = EDGE_CURVE('',#1358,#1410,#2019,.T.);
#2019 = SURFACE_CURVE('',#2020,(#2025,#2032),.PCURVE_S1.);
#2020 = CIRCLE('',#2021,28.);
#2021 = AXIS2_PLACEMENT_3D('',#2022,#2023,#2024);
#2022 = CARTESIAN_POINT('',(1.471511085026E-13,2.292073341162E-15,58.5)
  );
#2023 = DIRECTION('',(0.,0.,-1.));
#2024 = DIRECTION('',(1.,0.,0.));
#2025 = PCURVE('',#582,#2026);
#2026 = DEFINITIONAL_REPRESENTATION('',(#2027),#2031);
#2027 = LINE('',#2028,#2029);
#2028 = CARTESIAN_POINT('',(-6.28318530718,-53.5));
#2029 = VECTOR('',#2030,1.);
#2030 = DIRECTION('',(1.,-0.));
#2031 = ( GEOMETRIC_REPRESENTATION_CONTEXT(2) 
PARAMETRIC_REPRESENTATION_CONTEXT() REPRESENTATION_CONTEXT('2D SPACE',''
  ) );
#2032 = PCURVE('',#1374,#2033);
#2033 = DEFINITIONAL_REPRESENTATION('',(#2034),#2042);
#2034 = ( BOUNDED_CURVE() B_SPLINE_CURVE(2,(#2035,#2036,#2037,#2038,
#2039,#2040,#2041),.UNSPECIFIED.,.T.,.F.) B_SPLINE_CURVE_WITH_KNOTS((1,2
    ,2,2,2,1),(-2.094395102393,0.,2.094395102393,4.188790204786,
6.28318530718,8.377580409573),.UNSPECIFIED.) CURVE() 
GEOMETRIC_REPRESENTATION_ITEM() RATIONAL_B_SPLINE_CURVE((1.,0.5,1.,0.5,
1.,0.5,1.)) REPRESENTATION_ITEM('') );
#2035 = CARTESIAN_POINT('',(3.751288694036,14.));
#2036 = CARTESIAN_POINT('',(3.751288694036,-34.49742261192));
#2037 = CARTESIAN_POINT('',(-38.24871130596,-10.24871130596));
#2038 = CARTESIAN_POINT('',(-80.24871130596,14.));
#2039 = CARTESIAN_POINT('',(-38.24871130596,38.248711305964));
#2040 = CARTESIAN_POINT('',(3.751288694036,62.497422611929));
#2041 = CARTESIAN_POINT('',(3.751288694036,14.));
#2042 = ( GEOMETRIC_REPRESENTATION_CONTEXT(2) 
PARAMETRIC_REPRESENTATION_CONTEXT() REPRESENTATION_CONTEXT('2D SPACE',''
  ) );
#2043 = ORIENTED_EDGE('',*,*,#1482,.F.);
#2044 = ORIENTED_EDGE('',*,*,#2045,.T.);
#2045 = EDGE_CURVE('',#1455,#1873,#2046,.T.);
#2046 = SURFACE_CURVE('',#2047,(#2052,#2059),.PCURVE_S1.);
#2047 = CIRCLE('',#2048,28.);
#2048 = AXIS2_PLACEMENT_3D('',#2049,#2050,#2051);
#2049 = CARTESIAN_POINT('',(1.471511085026E-13,2.292073341162E-15,59.));
#2050 = DIRECTION('',(0.,0.,1.));
#2051 = DIRECTION('',(1.,0.,0.));
#2052 = PCURVE('',#582,#2053);
#2053 = DEFINITIONAL_REPRESENTATION('',(#2054),#2058);
#2054 = LINE('',#2055,#2056);
#2055 = CARTESIAN_POINT('',(-0.,-54.));
#2056 = VECTOR('',#2057,1.);
#2057 = DIRECTION('',(-1.,0.));
#2058 = ( GEOMETRIC_REPRESENTATION_CONTEXT(2) 
PARAMETRIC_REPRESENTATION_CONTEXT() REPRESENTATION_CONTEXT('2D SPACE',''
  ) );
#2059 = PCURVE('',#1216,#2060);
#2060 = DEFINITIONAL_REPRESENTATION('',(#2061),#2065);
#2061 = CIRCLE('',#2062,28.);
#2062 = AXIS2_PLACEMENT_2D('',#2063,#2064);
#2063 = CARTESIAN_POINT('',(1.485626596071E-13,7.344394911669E-16));
#2064 = DIRECTION('',(1.,0.));
#2065 = ( GEOMETRIC_REPRESENTATION_CONTEXT(2) 
PARAMETRIC_REPRESENTATION_CONTEXT() REPRESENTATION_CONTEXT('2D SPACE',''
  ) );
#2066 = ORIENTED_EDGE('',*,*,#1872,.F.);
#2067 = ORIENTED_EDGE('',*,*,#2068,.T.);
#2068 = EDGE_CURVE('',#1840,#2069,#2071,.T.);
#2069 = VERTEX_POINT('',#2070);
#2070 = CARTESIAN_POINT('',(27.928480087538,-2.,13.));
#2071 = SURFACE_CURVE('',#2072,(#2077,#2084),.PCURVE_S1.);
#2072 = CIRCLE('',#2073,28.);
#2073 = AXIS2_PLACEMENT_3D('',#2074,#2075,#2076);
#2074 = CARTESIAN_POINT('',(1.471511085026E-13,2.292073341162E-15,13.));
#2075 = DIRECTION('',(0.,0.,-1.));
#2076 = DIRECTION('',(1.,0.,0.));
#2077 = PCURVE('',#582,#2078);
#2078 = DEFINITIONAL_REPRESENTATION('',(#2079),#2083);
#2079 = LINE('',#2080,#2081);
#2080 = CARTESIAN_POINT('',(-6.28318530718,-8.));
#2081 = VECTOR('',#2082,1.);
#2082 = DIRECTION('',(1.,-0.));
#2083 = ( GEOMETRIC_REPRESENTATION_CONTEXT(2) 
PARAMETRIC_REPRESENTATION_CONTEXT() REPRESENTATION_CONTEXT('2D SPACE',''
  ) );
#2084 = PCURVE('',#1856,#2085);
#2085 = DEFINITIONAL_REPRESENTATION('',(#2086),#2094);
#2086 = ( BOUNDED_CURVE() B_SPLINE_CURVE(2,(#2087,#2088,#2089,#2090,
#2091,#2092,#2093),.UNSPECIFIED.,.T.,.F.) B_SPLINE_CURVE_WITH_KNOTS((1,2
    ,2,2,2,1),(-2.094395102393,0.,2.094395102393,4.188790204786,
6.28318530718,8.377580409573),.UNSPECIFIED.) CURVE() 
GEOMETRIC_REPRESENTATION_ITEM() RATIONAL_B_SPLINE_CURVE((1.,0.5,1.,0.5,
1.,0.5,1.)) REPRESENTATION_ITEM('') );
#2087 = CARTESIAN_POINT('',(8.,2.));
#2088 = CARTESIAN_POINT('',(8.,-46.49742261192));
#2089 = CARTESIAN_POINT('',(-34.,-22.24871130596));
#2090 = CARTESIAN_POINT('',(-76.,2.));
#2091 = CARTESIAN_POINT('',(-34.,26.248711305964));
#2092 = CARTESIAN_POINT('',(8.,50.497422611929));
#2093 = CARTESIAN_POINT('',(8.,2.));
#2094 = ( GEOMETRIC_REPRESENTATION_CONTEXT(2) 
PARAMETRIC_REPRESENTATION_CONTEXT() REPRESENTATION_CONTEXT('2D SPACE',''
  ) );
#2095 = ORIENTED_EDGE('',*,*,#2096,.T.);
#2096 = EDGE_CURVE('',#2069,#652,#2097,.T.);
#2097 = SURFACE_CURVE('',#2098,(#2102,#2108),.PCURVE_S1.);
#2098 = LINE('',#2099,#2100);
#2099 = CARTESIAN_POINT('',(27.928480087538,-2.,5.));
#2100 = VECTOR('',#2101,1.);
#2101 = DIRECTION('',(-0.,-0.,-1.));
#2102 = PCURVE('',#582,#2103);
#2103 = DEFINITIONAL_REPRESENTATION('',(#2104),#2107);
#2104 = B_SPLINE_CURVE_WITH_KNOTS('',1,(#2105,#2106),.UNSPECIFIED.,.F.,
  .F.,(2,2),(-8.8,5.999999999062E-07),.PIECEWISE_BEZIER_KNOTS.);
#2105 = CARTESIAN_POINT('',(-6.211695857294,-8.8));
#2106 = CARTESIAN_POINT('',(-6.211695857294,5.999999999062E-07));
#2107 = ( GEOMETRIC_REPRESENTATION_CONTEXT(2) 
PARAMETRIC_REPRESENTATION_CONTEXT() REPRESENTATION_CONTEXT('2D SPACE',''
  ) );
#2108 = PCURVE('',#667,#2109);
#2109 = DEFINITIONAL_REPRESENTATION('',(#2110),#2113);
#2110 = B_SPLINE_CURVE_WITH_KNOTS('',1,(#2111,#2112),.UNSPECIFIED.,.F.,
  .F.,(2,2),(-8.8,5.999999999062E-07),.PIECEWISE_BEZIER_KNOTS.);
#2111 = CARTESIAN_POINT('',(8.8,7.928480087538));
#2112 = CARTESIAN_POINT('',(-5.999999999062E-07,7.928480087538));
#2113 = ( GEOMETRIC_REPRESENTATION_CONTEXT(2) 
PARAMETRIC_REPRESENTATION_CONTEXT() REPRESENTATION_CONTEXT('2D SPACE',''
  ) );
#2114 = ORIENTED_EDGE('',*,*,#679,.F.);
#2115 = ORIENTED_EDGE('',*,*,#2116,.F.);
#2116 = EDGE_CURVE('',#2117,#680,#2119,.T.);
#2117 = VERTEX_POINT('',#2118);
#2118 = CARTESIAN_POINT('',(-12.2321892362,-25.18677324489,13.));
#2119 = SURFACE_CURVE('',#2120,(#2124,#2130),.PCURVE_S1.);
#2120 = LINE('',#2121,#2122);
#2121 = CARTESIAN_POINT('',(-12.2321892362,-25.18677324489,5.));
#2122 = VECTOR('',#2123,1.);
#2123 = DIRECTION('',(-0.,-0.,-1.));
#2124 = PCURVE('',#582,#2125);
#2125 = DEFINITIONAL_REPRESENTATION('',(#2126),#2129);
#2126 = B_SPLINE_CURVE_WITH_KNOTS('',1,(#2127,#2128),.UNSPECIFIED.,.F.,
  .F.,(2,2),(-8.8,5.999999999062E-07),.PIECEWISE_BEZIER_KNOTS.);
#2127 = CARTESIAN_POINT('',(-4.260279654672,-8.8));
#2128 = CARTESIAN_POINT('',(-4.260279654672,5.999999999062E-07));
#2129 = ( GEOMETRIC_REPRESENTATION_CONTEXT(2) 
PARAMETRIC_REPRESENTATION_CONTEXT() REPRESENTATION_CONTEXT('2D SPACE',''
  ) );
#2130 = PCURVE('',#719,#2131);
#2131 = DEFINITIONAL_REPRESENTATION('',(#2132),#2135);
#2132 = B_SPLINE_CURVE_WITH_KNOTS('',1,(#2133,#2134),.UNSPECIFIED.,.F.,
  .F.,(2,2),(-8.8,5.999999999062E-07),.PIECEWISE_BEZIER_KNOTS.);
#2133 = CARTESIAN_POINT('',(8.8,7.928480087538));
#2134 = CARTESIAN_POINT('',(-5.999999999062E-07,7.928480087538));
#2135 = ( GEOMETRIC_REPRESENTATION_CONTEXT(2) 
PARAMETRIC_REPRESENTATION_CONTEXT() REPRESENTATION_CONTEXT('2D SPACE',''
  ) );
#2136 = ORIENTED_EDGE('',*,*,#2137,.T.);
#2137 = EDGE_CURVE('',#2117,#2138,#2140,.T.);
#2138 = VERTEX_POINT('',#2139);
#2139 = CARTESIAN_POINT('',(-15.69629085133,-23.18677324489,13.));
#2140 = SURFACE_CURVE('',#2141,(#2146,#2153),.PCURVE_S1.);
#2141 = CIRCLE('',#2142,28.);
#2142 = AXIS2_PLACEMENT_3D('',#2143,#2144,#2145);
#2143 = CARTESIAN_POINT('',(1.471511085026E-13,2.292073341162E-15,13.));
#2144 = DIRECTION('',(0.,0.,-1.));
#2145 = DIRECTION('',(1.,0.,0.));
#2146 = PCURVE('',#582,#2147);
#2147 = DEFINITIONAL_REPRESENTATION('',(#2148),#2152);
#2148 = LINE('',#2149,#2150);
#2149 = CARTESIAN_POINT('',(-6.28318530718,-8.));
#2150 = VECTOR('',#2151,1.);
#2151 = DIRECTION('',(1.,-0.));
#2152 = ( GEOMETRIC_REPRESENTATION_CONTEXT(2) 
PARAMETRIC_REPRESENTATION_CONTEXT() REPRESENTATION_CONTEXT('2D SPACE',''
  ) );
#2153 = PCURVE('',#1746,#2154);
#2154 = DEFINITIONAL_REPRESENTATION('',(#2155),#2163);
#2155 = ( BOUNDED_CURVE() B_SPLINE_CURVE(2,(#2156,#2157,#2158,#2159,
#2160,#2161,#2162),.UNSPECIFIED.,.T.,.F.) B_SPLINE_CURVE_WITH_KNOTS((1,2
    ,2,2,2,1),(-2.094395102393,0.,2.094395102393,4.188790204786,
6.28318530718,8.377580409573),.UNSPECIFIED.) CURVE() 
GEOMETRIC_REPRESENTATION_ITEM() RATIONAL_B_SPLINE_CURVE((1.,0.5,1.,0.5,
1.,0.5,1.)) REPRESENTATION_ITEM('') );
#2156 = CARTESIAN_POINT('',(-34.,26.248711305964));
#2157 = CARTESIAN_POINT('',(8.,50.497422611929));
#2158 = CARTESIAN_POINT('',(8.,2.));
#2159 = CARTESIAN_POINT('',(8.,-46.49742261192));
#2160 = CARTESIAN_POINT('',(-34.,-22.24871130596));
#2161 = CARTESIAN_POINT('',(-76.,2.));
#2162 = CARTESIAN_POINT('',(-34.,26.248711305964));
#2163 = ( GEOMETRIC_REPRESENTATION_CONTEXT(2) 
PARAMETRIC_REPRESENTATION_CONTEXT() REPRESENTATION_CONTEXT('2D SPACE',''
  ) );
#2164 = ORIENTED_EDGE('',*,*,#2165,.T.);
#2165 = EDGE_CURVE('',#2138,#765,#2166,.T.);
#2166 = SURFACE_CURVE('',#2167,(#2171,#2177),.PCURVE_S1.);
#2167 = LINE('',#2168,#2169);
#2168 = CARTESIAN_POINT('',(-15.69629085133,-23.18677324489,5.));
#2169 = VECTOR('',#2170,1.);
#2170 = DIRECTION('',(-0.,-0.,-1.));
#2171 = PCURVE('',#582,#2172);
#2172 = DEFINITIONAL_REPRESENTATION('',(#2173),#2176);
#2173 = B_SPLINE_CURVE_WITH_KNOTS('',1,(#2174,#2175),.UNSPECIFIED.,.F.,
  .F.,(2,2),(-8.8,5.999999999062E-07),.PIECEWISE_BEZIER_KNOTS.);
#2174 = CARTESIAN_POINT('',(-4.117300754901,-8.8));
#2175 = CARTESIAN_POINT('',(-4.117300754901,5.999999999062E-07));
#2176 = ( GEOMETRIC_REPRESENTATION_CONTEXT(2) 
PARAMETRIC_REPRESENTATION_CONTEXT() REPRESENTATION_CONTEXT('2D SPACE',''
  ) );
#2177 = PCURVE('',#780,#2178);
#2178 = DEFINITIONAL_REPRESENTATION('',(#2179),#2182);
#2179 = B_SPLINE_CURVE_WITH_KNOTS('',1,(#2180,#2181),.UNSPECIFIED.,.F.,
  .F.,(2,2),(-8.8,5.999999999062E-07),.PIECEWISE_BEZIER_KNOTS.);
#2180 = CARTESIAN_POINT('',(8.8,7.928480087538));
#2181 = CARTESIAN_POINT('',(-5.999999999062E-07,7.928480087538));
#2182 = ( GEOMETRIC_REPRESENTATION_CONTEXT(2) 
PARAMETRIC_REPRESENTATION_CONTEXT() REPRESENTATION_CONTEXT('2D SPACE',''
  ) );
#2183 = ORIENTED_EDGE('',*,*,#792,.F.);
#2184 = ORIENTED_EDGE('',*,*,#2185,.F.);
#2185 = EDGE_CURVE('',#2186,#793,#2188,.T.);
#2186 = VERTEX_POINT('',#2187);
#2187 = CARTESIAN_POINT('',(-15.69629085133,23.186773244896,13.));
#2188 = SURFACE_CURVE('',#2189,(#2193,#2199),.PCURVE_S1.);
#2189 = LINE('',#2190,#2191);
#2190 = CARTESIAN_POINT('',(-15.69629085133,23.186773244896,5.));
#2191 = VECTOR('',#2192,1.);
#2192 = DIRECTION('',(-0.,-0.,-1.));
#2193 = PCURVE('',#582,#2194);
#2194 = DEFINITIONAL_REPRESENTATION('',(#2195),#2198);
#2195 = B_SPLINE_CURVE_WITH_KNOTS('',1,(#2196,#2197),.UNSPECIFIED.,.F.,
  .F.,(2,2),(-8.8,5.999999999062E-07),.PIECEWISE_BEZIER_KNOTS.);
#2196 = CARTESIAN_POINT('',(-2.165884552279,-8.8));
#2197 = CARTESIAN_POINT('',(-2.165884552279,5.999999999062E-07));
#2198 = ( GEOMETRIC_REPRESENTATION_CONTEXT(2) 
PARAMETRIC_REPRESENTATION_CONTEXT() REPRESENTATION_CONTEXT('2D SPACE',''
  ) );
#2199 = PCURVE('',#832,#2200);
#2200 = DEFINITIONAL_REPRESENTATION('',(#2201),#2204);
#2201 = B_SPLINE_CURVE_WITH_KNOTS('',1,(#2202,#2203),.UNSPECIFIED.,.F.,
  .F.,(2,2),(-8.8,5.999999999062E-07),.PIECEWISE_BEZIER_KNOTS.);
#2202 = CARTESIAN_POINT('',(8.8,7.928480087538));
#2203 = CARTESIAN_POINT('',(-5.999999999062E-07,7.928480087538));
#2204 = ( GEOMETRIC_REPRESENTATION_CONTEXT(2) 
PARAMETRIC_REPRESENTATION_CONTEXT() REPRESENTATION_CONTEXT('2D SPACE',''
  ) );
#2205 = ORIENTED_EDGE('',*,*,#2206,.T.);
#2206 = EDGE_CURVE('',#2186,#2207,#2209,.T.);
#2207 = VERTEX_POINT('',#2208);
#2208 = CARTESIAN_POINT('',(-12.2321892362,25.186773244896,13.));
#2209 = SURFACE_CURVE('',#2210,(#2215,#2222),.PCURVE_S1.);
#2210 = CIRCLE('',#2211,28.);
#2211 = AXIS2_PLACEMENT_3D('',#2212,#2213,#2214);
#2212 = CARTESIAN_POINT('',(1.471511085026E-13,2.292073341162E-15,13.));
#2213 = DIRECTION('',(0.,0.,-1.));
#2214 = DIRECTION('',(1.,0.,0.));
#2215 = PCURVE('',#582,#2216);
#2216 = DEFINITIONAL_REPRESENTATION('',(#2217),#2221);
#2217 = LINE('',#2218,#2219);
#2218 = CARTESIAN_POINT('',(-6.28318530718,-8.));
#2219 = VECTOR('',#2220,1.);
#2220 = DIRECTION('',(1.,-0.));
#2221 = ( GEOMETRIC_REPRESENTATION_CONTEXT(2) 
PARAMETRIC_REPRESENTATION_CONTEXT() REPRESENTATION_CONTEXT('2D SPACE',''
  ) );
#2222 = PCURVE('',#1801,#2223);
#2223 = DEFINITIONAL_REPRESENTATION('',(#2224),#2232);
#2224 = ( BOUNDED_CURVE() B_SPLINE_CURVE(2,(#2225,#2226,#2227,#2228,
#2229,#2230,#2231),.UNSPECIFIED.,.T.,.F.) B_SPLINE_CURVE_WITH_KNOTS((1,2
    ,2,2,2,1),(-2.094395102393,0.,2.094395102393,4.188790204786,
6.28318530718,8.377580409573),.UNSPECIFIED.) CURVE() 
GEOMETRIC_REPRESENTATION_ITEM() RATIONAL_B_SPLINE_CURVE((1.,0.5,1.,0.5,
1.,0.5,1.)) REPRESENTATION_ITEM('') );
#2225 = CARTESIAN_POINT('',(-34.,-22.24871130596));
#2226 = CARTESIAN_POINT('',(-76.,2.));
#2227 = CARTESIAN_POINT('',(-34.,26.248711305964));
#2228 = CARTESIAN_POINT('',(8.,50.497422611928));
#2229 = CARTESIAN_POINT('',(8.,2.));
#2230 = CARTESIAN_POINT('',(8.,-46.49742261192));
#2231 = CARTESIAN_POINT('',(-34.,-22.24871130596));
#2232 = ( GEOMETRIC_REPRESENTATION_CONTEXT(2) 
PARAMETRIC_REPRESENTATION_CONTEXT() REPRESENTATION_CONTEXT('2D SPACE',''
  ) );
#2233 = ORIENTED_EDGE('',*,*,#2234,.T.);
#2234 = EDGE_CURVE('',#2207,#566,#2235,.T.);
#2235 = SURFACE_CURVE('',#2236,(#2240,#2246),.PCURVE_S1.);
#2236 = LINE('',#2237,#2238);
#2237 = CARTESIAN_POINT('',(-12.2321892362,25.186773244896,5.));
#2238 = VECTOR('',#2239,1.);
#2239 = DIRECTION('',(-0.,-0.,-1.));
#2240 = PCURVE('',#582,#2241);
#2241 = DEFINITIONAL_REPRESENTATION('',(#2242),#2245);
#2242 = B_SPLINE_CURVE_WITH_KNOTS('',1,(#2243,#2244),.UNSPECIFIED.,.F.,
  .F.,(2,2),(-8.8,5.999999999062E-07),.PIECEWISE_BEZIER_KNOTS.);
#2243 = CARTESIAN_POINT('',(-2.022905652508,-8.8));
#2244 = CARTESIAN_POINT('',(-2.022905652508,5.999999999062E-07));
#2245 = ( GEOMETRIC_REPRESENTATION_CONTEXT(2) 
PARAMETRIC_REPRESENTATION_CONTEXT() REPRESENTATION_CONTEXT('2D SPACE',''
  ) );
#2246 = PCURVE('',#891,#2247);
#2247 = DEFINITIONAL_REPRESENTATION('',(#2248),#2251);
#2248 = B_SPLINE_CURVE_WITH_KNOTS('',1,(#2249,#2250),.UNSPECIFIED.,.F.,
  .F.,(2,2),(-8.8,5.999999999062E-07),.PIECEWISE_BEZIER_KNOTS.);
#2249 = CARTESIAN_POINT('',(8.8,7.928480087538));
#2250 = CARTESIAN_POINT('',(-5.999999999062E-07,7.928480087538));
#2251 = ( GEOMETRIC_REPRESENTATION_CONTEXT(2) 
PARAMETRIC_REPRESENTATION_CONTEXT() REPRESENTATION_CONTEXT('2D SPACE',''
  ) );
#2252 = FACE_BOUND('',#2253,.T.);
#2253 = EDGE_LOOP('',(#2254));
#2254 = ORIENTED_EDGE('',*,*,#965,.T.);
#2255 = ADVANCED_FACE('',(#2256),#610,.T.);
#2256 = FACE_BOUND('',#2257,.T.);
#2257 = EDGE_LOOP('',(#2258,#2259,#2280,#2301));
#2258 = ORIENTED_EDGE('',*,*,#594,.F.);
#2259 = ORIENTED_EDGE('',*,*,#2260,.F.);
#2260 = EDGE_CURVE('',#2261,#595,#2263,.T.);
#2261 = VERTEX_POINT('',#2262);
#2262 = CARTESIAN_POINT('',(23.464101615138,2.,13.));
#2263 = SURFACE_CURVE('',#2264,(#2268,#2274),.PCURVE_S1.);
#2264 = LINE('',#2265,#2266);
#2265 = CARTESIAN_POINT('',(23.464101615138,2.,5.));
#2266 = VECTOR('',#2267,1.);
#2267 = DIRECTION('',(-0.,-0.,-1.));
#2268 = PCURVE('',#610,#2269);
#2269 = DEFINITIONAL_REPRESENTATION('',(#2270),#2273);
#2270 = B_SPLINE_CURVE_WITH_KNOTS('',1,(#2271,#2272),.UNSPECIFIED.,.F.,
  .F.,(2,2),(-8.0000006,5.999999999062E-07),.PIECEWISE_BEZIER_KNOTS.);
#2271 = CARTESIAN_POINT('',(8.0000006,3.464101615138));
#2272 = CARTESIAN_POINT('',(-5.999999999062E-07,3.464101615138));
#2273 = ( GEOMETRIC_REPRESENTATION_CONTEXT(2) 
PARAMETRIC_REPRESENTATION_CONTEXT() REPRESENTATION_CONTEXT('2D SPACE',''
  ) );
#2274 = PCURVE('',#639,#2275);
#2275 = DEFINITIONAL_REPRESENTATION('',(#2276),#2279);
#2276 = B_SPLINE_CURVE_WITH_KNOTS('',1,(#2277,#2278),.UNSPECIFIED.,.F.,
  .F.,(2,2),(-8.0000006,5.999999999062E-07),.PIECEWISE_BEZIER_KNOTS.);
#2277 = CARTESIAN_POINT('',(-0.523598775598,-8.0000006));
#2278 = CARTESIAN_POINT('',(-0.523598775598,5.999999999062E-07));
#2279 = ( GEOMETRIC_REPRESENTATION_CONTEXT(2) 
PARAMETRIC_REPRESENTATION_CONTEXT() REPRESENTATION_CONTEXT('2D SPACE',''
  ) );
#2280 = ORIENTED_EDGE('',*,*,#2281,.T.);
#2281 = EDGE_CURVE('',#2261,#1819,#2282,.T.);
#2282 = SURFACE_CURVE('',#2283,(#2287,#2294),.PCURVE_S1.);
#2283 = LINE('',#2284,#2285);
#2284 = CARTESIAN_POINT('',(20.,2.,13.));
#2285 = VECTOR('',#2286,1.);
#2286 = DIRECTION('',(1.,0.,0.));
#2287 = PCURVE('',#610,#2288);
#2288 = DEFINITIONAL_REPRESENTATION('',(#2289),#2293);
#2289 = LINE('',#2290,#2291);
#2290 = CARTESIAN_POINT('',(8.,0.));
#2291 = VECTOR('',#2292,1.);
#2292 = DIRECTION('',(0.,1.));
#2293 = ( GEOMETRIC_REPRESENTATION_CONTEXT(2) 
PARAMETRIC_REPRESENTATION_CONTEXT() REPRESENTATION_CONTEXT('2D SPACE',''
  ) );
#2294 = PCURVE('',#1856,#2295);
#2295 = DEFINITIONAL_REPRESENTATION('',(#2296),#2300);
#2296 = LINE('',#2297,#2298);
#2297 = CARTESIAN_POINT('',(0.,4.));
#2298 = VECTOR('',#2299,1.);
#2299 = DIRECTION('',(1.,0.));
#2300 = ( GEOMETRIC_REPRESENTATION_CONTEXT(2) 
PARAMETRIC_REPRESENTATION_CONTEXT() REPRESENTATION_CONTEXT('2D SPACE',''
  ) );
#2301 = ORIENTED_EDGE('',*,*,#1818,.T.);
#2302 = ADVANCED_FACE('',(#2303),#891,.F.);
#2303 = FACE_BOUND('',#2304,.F.);
#2304 = EDGE_LOOP('',(#2305,#2306,#2327,#2348));
#2305 = ORIENTED_EDGE('',*,*,#877,.F.);
#2306 = ORIENTED_EDGE('',*,*,#2307,.F.);
#2307 = EDGE_CURVE('',#2308,#845,#2310,.T.);
#2308 = VERTEX_POINT('',#2309);
#2309 = CARTESIAN_POINT('',(-10.,21.320508075689,13.));
#2310 = SURFACE_CURVE('',#2311,(#2315,#2321),.PCURVE_S1.);
#2311 = LINE('',#2312,#2313);
#2312 = CARTESIAN_POINT('',(-10.,21.320508075689,5.));
#2313 = VECTOR('',#2314,1.);
#2314 = DIRECTION('',(-0.,-0.,-1.));
#2315 = PCURVE('',#891,#2316);
#2316 = DEFINITIONAL_REPRESENTATION('',(#2317),#2320);
#2317 = B_SPLINE_CURVE_WITH_KNOTS('',1,(#2318,#2319),.UNSPECIFIED.,.F.,
  .F.,(2,2),(-8.0000006,5.999999999062E-07),.PIECEWISE_BEZIER_KNOTS.);
#2318 = CARTESIAN_POINT('',(8.0000006,3.464101615138));
#2319 = CARTESIAN_POINT('',(-5.999999999062E-07,3.464101615138));
#2320 = ( GEOMETRIC_REPRESENTATION_CONTEXT(2) 
PARAMETRIC_REPRESENTATION_CONTEXT() REPRESENTATION_CONTEXT('2D SPACE',''
  ) );
#2321 = PCURVE('',#865,#2322);
#2322 = DEFINITIONAL_REPRESENTATION('',(#2323),#2326);
#2323 = B_SPLINE_CURVE_WITH_KNOTS('',1,(#2324,#2325),.UNSPECIFIED.,.F.,
  .F.,(2,2),(-8.,0.),.PIECEWISE_BEZIER_KNOTS.);
#2324 = CARTESIAN_POINT('',(-7.853981633974,-8.));
#2325 = CARTESIAN_POINT('',(-7.853981633974,0.));
#2326 = ( GEOMETRIC_REPRESENTATION_CONTEXT(2) 
PARAMETRIC_REPRESENTATION_CONTEXT() REPRESENTATION_CONTEXT('2D SPACE',''
  ) );
#2327 = ORIENTED_EDGE('',*,*,#2328,.T.);
#2328 = EDGE_CURVE('',#2308,#2207,#2329,.T.);
#2329 = SURFACE_CURVE('',#2330,(#2334,#2341),.PCURVE_S1.);
#2330 = LINE('',#2331,#2332);
#2331 = CARTESIAN_POINT('',(-8.267949192431,18.320508075689,13.));
#2332 = VECTOR('',#2333,1.);
#2333 = DIRECTION('',(-0.5,0.866025403784,0.));
#2334 = PCURVE('',#891,#2335);
#2335 = DEFINITIONAL_REPRESENTATION('',(#2336),#2340);
#2336 = LINE('',#2337,#2338);
#2337 = CARTESIAN_POINT('',(8.,0.));
#2338 = VECTOR('',#2339,1.);
#2339 = DIRECTION('',(0.,1.));
#2340 = ( GEOMETRIC_REPRESENTATION_CONTEXT(2) 
PARAMETRIC_REPRESENTATION_CONTEXT() REPRESENTATION_CONTEXT('2D SPACE',''
  ) );
#2341 = PCURVE('',#1801,#2342);
#2342 = DEFINITIONAL_REPRESENTATION('',(#2343),#2347);
#2343 = LINE('',#2344,#2345);
#2344 = CARTESIAN_POINT('',(0.,0.));
#2345 = VECTOR('',#2346,1.);
#2346 = DIRECTION('',(1.,0.));
#2347 = ( GEOMETRIC_REPRESENTATION_CONTEXT(2) 
PARAMETRIC_REPRESENTATION_CONTEXT() REPRESENTATION_CONTEXT('2D SPACE',''
  ) );
#2348 = ORIENTED_EDGE('',*,*,#2234,.T.);
#2349 = ADVANCED_FACE('',(#2350),#639,.T.);
#2350 = FACE_BOUND('',#2351,.F.);
#2351 = EDGE_LOOP('',(#2352,#2353,#2354,#2378));
#2352 = ORIENTED_EDGE('',*,*,#622,.F.);
#2353 = ORIENTED_EDGE('',*,*,#2260,.F.);
#2354 = ORIENTED_EDGE('',*,*,#2355,.T.);
#2355 = EDGE_CURVE('',#2261,#2356,#2358,.T.);
#2356 = VERTEX_POINT('',#2357);
#2357 = CARTESIAN_POINT('',(23.464101615138,-2.,13.));
#2358 = SURFACE_CURVE('',#2359,(#2364,#2371),.PCURVE_S1.);
#2359 = CIRCLE('',#2360,4.);
#2360 = AXIS2_PLACEMENT_3D('',#2361,#2362,#2363);
#2361 = CARTESIAN_POINT('',(20.,0.,13.));
#2362 = DIRECTION('',(0.,0.,1.));
#2363 = DIRECTION('',(1.,0.,0.));
#2364 = PCURVE('',#639,#2365);
#2365 = DEFINITIONAL_REPRESENTATION('',(#2366),#2370);
#2366 = LINE('',#2367,#2368);
#2367 = CARTESIAN_POINT('',(-0.,-8.));
#2368 = VECTOR('',#2369,1.);
#2369 = DIRECTION('',(-1.,0.));
#2370 = ( GEOMETRIC_REPRESENTATION_CONTEXT(2) 
PARAMETRIC_REPRESENTATION_CONTEXT() REPRESENTATION_CONTEXT('2D SPACE',''
  ) );
#2371 = PCURVE('',#1856,#2372);
#2372 = DEFINITIONAL_REPRESENTATION('',(#2373),#2377);
#2373 = CIRCLE('',#2374,4.);
#2374 = AXIS2_PLACEMENT_2D('',#2375,#2376);
#2375 = CARTESIAN_POINT('',(0.,2.));
#2376 = DIRECTION('',(1.,0.));
#2377 = ( GEOMETRIC_REPRESENTATION_CONTEXT(2) 
PARAMETRIC_REPRESENTATION_CONTEXT() REPRESENTATION_CONTEXT('2D SPACE',''
  ) );
#2378 = ORIENTED_EDGE('',*,*,#2379,.T.);
#2379 = EDGE_CURVE('',#2356,#623,#2380,.T.);
#2380 = SURFACE_CURVE('',#2381,(#2385,#2391),.PCURVE_S1.);
#2381 = LINE('',#2382,#2383);
#2382 = CARTESIAN_POINT('',(23.464101615138,-2.,5.));
#2383 = VECTOR('',#2384,1.);
#2384 = DIRECTION('',(-0.,-0.,-1.));
#2385 = PCURVE('',#639,#2386);
#2386 = DEFINITIONAL_REPRESENTATION('',(#2387),#2390);
#2387 = B_SPLINE_CURVE_WITH_KNOTS('',1,(#2388,#2389),.UNSPECIFIED.,.F.,
  .F.,(2,2),(-8.0000006,5.999999999062E-07),.PIECEWISE_BEZIER_KNOTS.);
#2388 = CARTESIAN_POINT('',(-5.759586531581,-8.0000006));
#2389 = CARTESIAN_POINT('',(-5.759586531581,5.999999999062E-07));
#2390 = ( GEOMETRIC_REPRESENTATION_CONTEXT(2) 
PARAMETRIC_REPRESENTATION_CONTEXT() REPRESENTATION_CONTEXT('2D SPACE',''
  ) );
#2391 = PCURVE('',#667,#2392);
#2392 = DEFINITIONAL_REPRESENTATION('',(#2393),#2396);
#2393 = B_SPLINE_CURVE_WITH_KNOTS('',1,(#2394,#2395),.UNSPECIFIED.,.F.,
  .F.,(2,2),(-8.0000006,5.999999999062E-07),.PIECEWISE_BEZIER_KNOTS.);
#2394 = CARTESIAN_POINT('',(8.0000006,3.464101615138));
#2395 = CARTESIAN_POINT('',(-5.999999999062E-07,3.464101615138));
#2396 = ( GEOMETRIC_REPRESENTATION_CONTEXT(2) 
PARAMETRIC_REPRESENTATION_CONTEXT() REPRESENTATION_CONTEXT('2D SPACE',''
  ) );
#2397 = ADVANCED_FACE('',(#2398),#865,.T.);
#2398 = FACE_BOUND('',#2399,.F.);
#2399 = EDGE_LOOP('',(#2400,#2401,#2422,#2444));
#2400 = ORIENTED_EDGE('',*,*,#844,.T.);
#2401 = ORIENTED_EDGE('',*,*,#2402,.F.);
#2402 = EDGE_CURVE('',#2403,#817,#2405,.T.);
#2403 = VERTEX_POINT('',#2404);
#2404 = CARTESIAN_POINT('',(-13.46410161513,19.320508075689,13.));
#2405 = SURFACE_CURVE('',#2406,(#2410,#2416),.PCURVE_S1.);
#2406 = LINE('',#2407,#2408);
#2407 = CARTESIAN_POINT('',(-13.46410161513,19.320508075689,5.));
#2408 = VECTOR('',#2409,1.);
#2409 = DIRECTION('',(-0.,-0.,-1.));
#2410 = PCURVE('',#865,#2411);
#2411 = DEFINITIONAL_REPRESENTATION('',(#2412),#2415);
#2412 = B_SPLINE_CURVE_WITH_KNOTS('',1,(#2413,#2414),.UNSPECIFIED.,.F.,
  .F.,(2,2),(-8.,0.),.PIECEWISE_BEZIER_KNOTS.);
#2413 = CARTESIAN_POINT('',(-2.617993877991,-8.));
#2414 = CARTESIAN_POINT('',(-2.617993877991,0.));
#2415 = ( GEOMETRIC_REPRESENTATION_CONTEXT(2) 
PARAMETRIC_REPRESENTATION_CONTEXT() REPRESENTATION_CONTEXT('2D SPACE',''
  ) );
#2416 = PCURVE('',#832,#2417);
#2417 = DEFINITIONAL_REPRESENTATION('',(#2418),#2421);
#2418 = B_SPLINE_CURVE_WITH_KNOTS('',1,(#2419,#2420),.UNSPECIFIED.,.F.,
  .F.,(2,2),(-8.0000006,5.999999999062E-07),.PIECEWISE_BEZIER_KNOTS.);
#2419 = CARTESIAN_POINT('',(8.0000006,3.464101615138));
#2420 = CARTESIAN_POINT('',(-5.999999999062E-07,3.464101615138));
#2421 = ( GEOMETRIC_REPRESENTATION_CONTEXT(2) 
PARAMETRIC_REPRESENTATION_CONTEXT() REPRESENTATION_CONTEXT('2D SPACE',''
  ) );
#2422 = ORIENTED_EDGE('',*,*,#2423,.T.);
#2423 = EDGE_CURVE('',#2403,#2308,#2424,.T.);
#2424 = SURFACE_CURVE('',#2425,(#2430,#2437),.PCURVE_S1.);
#2425 = CIRCLE('',#2426,4.);
#2426 = AXIS2_PLACEMENT_3D('',#2427,#2428,#2429);
#2427 = CARTESIAN_POINT('',(-10.,17.320508075689,13.));
#2428 = DIRECTION('',(0.,0.,1.));
#2429 = DIRECTION('',(-0.866025403784,0.5,0.));
#2430 = PCURVE('',#865,#2431);
#2431 = DEFINITIONAL_REPRESENTATION('',(#2432),#2436);
#2432 = LINE('',#2433,#2434);
#2433 = CARTESIAN_POINT('',(-2.617993877992,-8.));
#2434 = VECTOR('',#2435,1.);
#2435 = DIRECTION('',(-1.,0.));
#2436 = ( GEOMETRIC_REPRESENTATION_CONTEXT(2) 
PARAMETRIC_REPRESENTATION_CONTEXT() REPRESENTATION_CONTEXT('2D SPACE',''
  ) );
#2437 = PCURVE('',#1801,#2438);
#2438 = DEFINITIONAL_REPRESENTATION('',(#2439),#2443);
#2439 = CIRCLE('',#2440,4.);
#2440 = AXIS2_PLACEMENT_2D('',#2441,#2442);
#2441 = CARTESIAN_POINT('',(-7.771561172376E-16,2.));
#2442 = DIRECTION('',(0.866025403784,0.5));
#2443 = ( GEOMETRIC_REPRESENTATION_CONTEXT(2) 
PARAMETRIC_REPRESENTATION_CONTEXT() REPRESENTATION_CONTEXT('2D SPACE',''
  ) );
#2444 = ORIENTED_EDGE('',*,*,#2307,.T.);
#2445 = ADVANCED_FACE('',(#2446),#667,.F.);
#2446 = FACE_BOUND('',#2447,.F.);
#2447 = EDGE_LOOP('',(#2448,#2449,#2450,#2471));
#2448 = ORIENTED_EDGE('',*,*,#651,.F.);
#2449 = ORIENTED_EDGE('',*,*,#2379,.F.);
#2450 = ORIENTED_EDGE('',*,*,#2451,.T.);
#2451 = EDGE_CURVE('',#2356,#2069,#2452,.T.);
#2452 = SURFACE_CURVE('',#2453,(#2457,#2464),.PCURVE_S1.);
#2453 = LINE('',#2454,#2455);
#2454 = CARTESIAN_POINT('',(20.,-2.,13.));
#2455 = VECTOR('',#2456,1.);
#2456 = DIRECTION('',(1.,0.,0.));
#2457 = PCURVE('',#667,#2458);
#2458 = DEFINITIONAL_REPRESENTATION('',(#2459),#2463);
#2459 = LINE('',#2460,#2461);
#2460 = CARTESIAN_POINT('',(8.,0.));
#2461 = VECTOR('',#2462,1.);
#2462 = DIRECTION('',(0.,1.));
#2463 = ( GEOMETRIC_REPRESENTATION_CONTEXT(2) 
PARAMETRIC_REPRESENTATION_CONTEXT() REPRESENTATION_CONTEXT('2D SPACE',''
  ) );
#2464 = PCURVE('',#1856,#2465);
#2465 = DEFINITIONAL_REPRESENTATION('',(#2466),#2470);
#2466 = LINE('',#2467,#2468);
#2467 = CARTESIAN_POINT('',(0.,0.));
#2468 = VECTOR('',#2469,1.);
#2469 = DIRECTION('',(1.,0.));
#2470 = ( GEOMETRIC_REPRESENTATION_CONTEXT(2) 
PARAMETRIC_REPRESENTATION_CONTEXT() REPRESENTATION_CONTEXT('2D SPACE',''
  ) );
#2471 = ORIENTED_EDGE('',*,*,#2096,.T.);
#2472 = ADVANCED_FACE('',(#2473),#832,.T.);
#2473 = FACE_BOUND('',#2474,.T.);
#2474 = EDGE_LOOP('',(#2475,#2476,#2477,#2498));
#2475 = ORIENTED_EDGE('',*,*,#816,.F.);
#2476 = ORIENTED_EDGE('',*,*,#2402,.F.);
#2477 = ORIENTED_EDGE('',*,*,#2478,.T.);
#2478 = EDGE_CURVE('',#2403,#2186,#2479,.T.);
#2479 = SURFACE_CURVE('',#2480,(#2484,#2491),.PCURVE_S1.);
#2480 = LINE('',#2481,#2482);
#2481 = CARTESIAN_POINT('',(-11.73205080756,16.320508075689,13.));
#2482 = VECTOR('',#2483,1.);
#2483 = DIRECTION('',(-0.5,0.866025403784,0.));
#2484 = PCURVE('',#832,#2485);
#2485 = DEFINITIONAL_REPRESENTATION('',(#2486),#2490);
#2486 = LINE('',#2487,#2488);
#2487 = CARTESIAN_POINT('',(8.,0.));
#2488 = VECTOR('',#2489,1.);
#2489 = DIRECTION('',(0.,1.));
#2490 = ( GEOMETRIC_REPRESENTATION_CONTEXT(2) 
PARAMETRIC_REPRESENTATION_CONTEXT() REPRESENTATION_CONTEXT('2D SPACE',''
  ) );
#2491 = PCURVE('',#1801,#2492);
#2492 = DEFINITIONAL_REPRESENTATION('',(#2493),#2497);
#2493 = LINE('',#2494,#2495);
#2494 = CARTESIAN_POINT('',(-1.554312234475E-15,4.));
#2495 = VECTOR('',#2496,1.);
#2496 = DIRECTION('',(1.,0.));
#2497 = ( GEOMETRIC_REPRESENTATION_CONTEXT(2) 
PARAMETRIC_REPRESENTATION_CONTEXT() REPRESENTATION_CONTEXT('2D SPACE',''
  ) );
#2498 = ORIENTED_EDGE('',*,*,#2185,.T.);
#2499 = ADVANCED_FACE('',(#2500),#719,.T.);
#2500 = FACE_BOUND('',#2501,.T.);
#2501 = EDGE_LOOP('',(#2502,#2503,#2524,#2545));
#2502 = ORIENTED_EDGE('',*,*,#703,.F.);
#2503 = ORIENTED_EDGE('',*,*,#2504,.F.);
#2504 = EDGE_CURVE('',#2505,#704,#2507,.T.);
#2505 = VERTEX_POINT('',#2506);
#2506 = CARTESIAN_POINT('',(-10.,-21.32050807568,13.));
#2507 = SURFACE_CURVE('',#2508,(#2512,#2518),.PCURVE_S1.);
#2508 = LINE('',#2509,#2510);
#2509 = CARTESIAN_POINT('',(-10.,-21.32050807568,5.));
#2510 = VECTOR('',#2511,1.);
#2511 = DIRECTION('',(-0.,-0.,-1.));
#2512 = PCURVE('',#719,#2513);
#2513 = DEFINITIONAL_REPRESENTATION('',(#2514),#2517);
#2514 = B_SPLINE_CURVE_WITH_KNOTS('',1,(#2515,#2516),.UNSPECIFIED.,.F.,
  .F.,(2,2),(-8.0000006,5.999999999062E-07),.PIECEWISE_BEZIER_KNOTS.);
#2515 = CARTESIAN_POINT('',(8.0000006,3.464101615138));
#2516 = CARTESIAN_POINT('',(-5.999999999062E-07,3.464101615138));
#2517 = ( GEOMETRIC_REPRESENTATION_CONTEXT(2) 
PARAMETRIC_REPRESENTATION_CONTEXT() REPRESENTATION_CONTEXT('2D SPACE',''
  ) );
#2518 = PCURVE('',#752,#2519);
#2519 = DEFINITIONAL_REPRESENTATION('',(#2520),#2523);
#2520 = B_SPLINE_CURVE_WITH_KNOTS('',1,(#2521,#2522),.UNSPECIFIED.,.F.,
  .F.,(2,2),(-8.,-0.),.PIECEWISE_BEZIER_KNOTS.);
#2521 = CARTESIAN_POINT('',(-4.712388980385,-8.));
#2522 = CARTESIAN_POINT('',(-4.712388980385,0.));
#2523 = ( GEOMETRIC_REPRESENTATION_CONTEXT(2) 
PARAMETRIC_REPRESENTATION_CONTEXT() REPRESENTATION_CONTEXT('2D SPACE',''
  ) );
#2524 = ORIENTED_EDGE('',*,*,#2525,.T.);
#2525 = EDGE_CURVE('',#2505,#2117,#2526,.T.);
#2526 = SURFACE_CURVE('',#2527,(#2531,#2538),.PCURVE_S1.);
#2527 = LINE('',#2528,#2529);
#2528 = CARTESIAN_POINT('',(-8.267949192431,-18.32050807568,13.));
#2529 = VECTOR('',#2530,1.);
#2530 = DIRECTION('',(-0.5,-0.866025403784,0.));
#2531 = PCURVE('',#719,#2532);
#2532 = DEFINITIONAL_REPRESENTATION('',(#2533),#2537);
#2533 = LINE('',#2534,#2535);
#2534 = CARTESIAN_POINT('',(8.,0.));
#2535 = VECTOR('',#2536,1.);
#2536 = DIRECTION('',(0.,1.));
#2537 = ( GEOMETRIC_REPRESENTATION_CONTEXT(2) 
PARAMETRIC_REPRESENTATION_CONTEXT() REPRESENTATION_CONTEXT('2D SPACE',''
  ) );
#2538 = PCURVE('',#1746,#2539);
#2539 = DEFINITIONAL_REPRESENTATION('',(#2540),#2544);
#2540 = LINE('',#2541,#2542);
#2541 = CARTESIAN_POINT('',(-1.554312234475E-15,4.));
#2542 = VECTOR('',#2543,1.);
#2543 = DIRECTION('',(1.,0.));
#2544 = ( GEOMETRIC_REPRESENTATION_CONTEXT(2) 
PARAMETRIC_REPRESENTATION_CONTEXT() REPRESENTATION_CONTEXT('2D SPACE',''
  ) );
#2545 = ORIENTED_EDGE('',*,*,#2116,.T.);
#2546 = ADVANCED_FACE('',(#2547),#780,.F.);
#2547 = FACE_BOUND('',#2548,.F.);
#2548 = EDGE_LOOP('',(#2549,#2550,#2571,#2592));
#2549 = ORIENTED_EDGE('',*,*,#764,.F.);
#2550 = ORIENTED_EDGE('',*,*,#2551,.F.);
#2551 = EDGE_CURVE('',#2552,#732,#2554,.T.);
#2552 = VERTEX_POINT('',#2553);
#2553 = CARTESIAN_POINT('',(-13.46410161513,-19.32050807568,13.));
#2554 = SURFACE_CURVE('',#2555,(#2559,#2565),.PCURVE_S1.);
#2555 = LINE('',#2556,#2557);
#2556 = CARTESIAN_POINT('',(-13.46410161513,-19.32050807568,5.));
#2557 = VECTOR('',#2558,1.);
#2558 = DIRECTION('',(-0.,-0.,-1.));
#2559 = PCURVE('',#780,#2560);
#2560 = DEFINITIONAL_REPRESENTATION('',(#2561),#2564);
#2561 = B_SPLINE_CURVE_WITH_KNOTS('',1,(#2562,#2563),.UNSPECIFIED.,.F.,
  .F.,(2,2),(-8.0000006,5.999999999062E-07),.PIECEWISE_BEZIER_KNOTS.);
#2562 = CARTESIAN_POINT('',(8.0000006,3.464101615138));
#2563 = CARTESIAN_POINT('',(-5.999999999062E-07,3.464101615138));
#2564 = ( GEOMETRIC_REPRESENTATION_CONTEXT(2) 
PARAMETRIC_REPRESENTATION_CONTEXT() REPRESENTATION_CONTEXT('2D SPACE',''
  ) );
#2565 = PCURVE('',#752,#2566);
#2566 = DEFINITIONAL_REPRESENTATION('',(#2567),#2570);
#2567 = B_SPLINE_CURVE_WITH_KNOTS('',1,(#2568,#2569),.UNSPECIFIED.,.F.,
  .F.,(2,2),(-8.,0.),.PIECEWISE_BEZIER_KNOTS.);
#2568 = CARTESIAN_POINT('',(-9.948376736368,-8.));
#2569 = CARTESIAN_POINT('',(-9.948376736368,0.));
#2570 = ( GEOMETRIC_REPRESENTATION_CONTEXT(2) 
PARAMETRIC_REPRESENTATION_CONTEXT() REPRESENTATION_CONTEXT('2D SPACE',''
  ) );
#2571 = ORIENTED_EDGE('',*,*,#2572,.T.);
#2572 = EDGE_CURVE('',#2552,#2138,#2573,.T.);
#2573 = SURFACE_CURVE('',#2574,(#2578,#2585),.PCURVE_S1.);
#2574 = LINE('',#2575,#2576);
#2575 = CARTESIAN_POINT('',(-11.73205080756,-16.32050807568,13.));
#2576 = VECTOR('',#2577,1.);
#2577 = DIRECTION('',(-0.5,-0.866025403784,0.));
#2578 = PCURVE('',#780,#2579);
#2579 = DEFINITIONAL_REPRESENTATION('',(#2580),#2584);
#2580 = LINE('',#2581,#2582);
#2581 = CARTESIAN_POINT('',(8.,0.));
#2582 = VECTOR('',#2583,1.);
#2583 = DIRECTION('',(0.,1.));
#2584 = ( GEOMETRIC_REPRESENTATION_CONTEXT(2) 
PARAMETRIC_REPRESENTATION_CONTEXT() REPRESENTATION_CONTEXT('2D SPACE',''
  ) );
#2585 = PCURVE('',#1746,#2586);
#2586 = DEFINITIONAL_REPRESENTATION('',(#2587),#2591);
#2587 = LINE('',#2588,#2589);
#2588 = CARTESIAN_POINT('',(0.,0.));
#2589 = VECTOR('',#2590,1.);
#2590 = DIRECTION('',(1.,0.));
#2591 = ( GEOMETRIC_REPRESENTATION_CONTEXT(2) 
PARAMETRIC_REPRESENTATION_CONTEXT() REPRESENTATION_CONTEXT('2D SPACE',''
  ) );
#2592 = ORIENTED_EDGE('',*,*,#2165,.T.);
#2593 = ADVANCED_FACE('',(#2594),#752,.T.);
#2594 = FACE_BOUND('',#2595,.F.);
#2595 = EDGE_LOOP('',(#2596,#2597,#2598,#2620));
#2596 = ORIENTED_EDGE('',*,*,#731,.T.);
#2597 = ORIENTED_EDGE('',*,*,#2504,.F.);
#2598 = ORIENTED_EDGE('',*,*,#2599,.T.);
#2599 = EDGE_CURVE('',#2505,#2552,#2600,.T.);
#2600 = SURFACE_CURVE('',#2601,(#2606,#2613),.PCURVE_S1.);
#2601 = CIRCLE('',#2602,4.);
#2602 = AXIS2_PLACEMENT_3D('',#2603,#2604,#2605);
#2603 = CARTESIAN_POINT('',(-10.,-17.32050807568,13.));
#2604 = DIRECTION('',(-0.,0.,1.));
#2605 = DIRECTION('',(4.396483177516E-14,-1.,0.));
#2606 = PCURVE('',#752,#2607);
#2607 = DEFINITIONAL_REPRESENTATION('',(#2608),#2612);
#2608 = LINE('',#2609,#2610);
#2609 = CARTESIAN_POINT('',(-4.712388980385,-8.));
#2610 = VECTOR('',#2611,1.);
#2611 = DIRECTION('',(-1.,0.));
#2612 = ( GEOMETRIC_REPRESENTATION_CONTEXT(2) 
PARAMETRIC_REPRESENTATION_CONTEXT() REPRESENTATION_CONTEXT('2D SPACE',''
  ) );
#2613 = PCURVE('',#1746,#2614);
#2614 = DEFINITIONAL_REPRESENTATION('',(#2615),#2619);
#2615 = CIRCLE('',#2616,4.);
#2616 = AXIS2_PLACEMENT_2D('',#2617,#2618);
#2617 = CARTESIAN_POINT('',(-7.771561172376E-16,2.));
#2618 = DIRECTION('',(0.866025403784,0.5));
#2619 = ( GEOMETRIC_REPRESENTATION_CONTEXT(2) 
PARAMETRIC_REPRESENTATION_CONTEXT() REPRESENTATION_CONTEXT('2D SPACE',''
  ) );
#2620 = ORIENTED_EDGE('',*,*,#2551,.T.);
#2621 = ADVANCED_FACE('',(#2622),#926,.F.);
#2622 = FACE_BOUND('',#2623,.T.);
#2623 = EDGE_LOOP('',(#2624,#2625,#2648,#2670));
#2624 = ORIENTED_EDGE('',*,*,#905,.T.);
#2625 = ORIENTED_EDGE('',*,*,#2626,.T.);
#2626 = EDGE_CURVE('',#906,#2627,#2629,.T.);
#2627 = VERTEX_POINT('',#2628);
#2628 = CARTESIAN_POINT('',(21.25,0.,13.));
#2629 = SEAM_CURVE('',#2630,(#2634,#2641),.PCURVE_S1.);
#2630 = LINE('',#2631,#2632);
#2631 = CARTESIAN_POINT('',(21.25,0.,4.));
#2632 = VECTOR('',#2633,1.);
#2633 = DIRECTION('',(0.,0.,1.));
#2634 = PCURVE('',#926,#2635);
#2635 = DEFINITIONAL_REPRESENTATION('',(#2636),#2640);
#2636 = LINE('',#2637,#2638);
#2637 = CARTESIAN_POINT('',(-6.28318530718,0.));
#2638 = VECTOR('',#2639,1.);
#2639 = DIRECTION('',(-0.,-1.));
#2640 = ( GEOMETRIC_REPRESENTATION_CONTEXT(2) 
PARAMETRIC_REPRESENTATION_CONTEXT() REPRESENTATION_CONTEXT('2D SPACE',''
  ) );
#2641 = PCURVE('',#926,#2642);
#2642 = DEFINITIONAL_REPRESENTATION('',(#2643),#2647);
#2643 = LINE('',#2644,#2645);
#2644 = CARTESIAN_POINT('',(-0.,0.));
#2645 = VECTOR('',#2646,1.);
#2646 = DIRECTION('',(-0.,-1.));
#2647 = ( GEOMETRIC_REPRESENTATION_CONTEXT(2) 
PARAMETRIC_REPRESENTATION_CONTEXT() REPRESENTATION_CONTEXT('2D SPACE',''
  ) );
#2648 = ORIENTED_EDGE('',*,*,#2649,.T.);
#2649 = EDGE_CURVE('',#2627,#2627,#2650,.T.);
#2650 = SURFACE_CURVE('',#2651,(#2656,#2663),.PCURVE_S1.);
#2651 = CIRCLE('',#2652,1.25);
#2652 = AXIS2_PLACEMENT_3D('',#2653,#2654,#2655);
#2653 = CARTESIAN_POINT('',(20.,0.,13.));
#2654 = DIRECTION('',(0.,0.,1.));
#2655 = DIRECTION('',(1.,0.,0.));
#2656 = PCURVE('',#926,#2657);
#2657 = DEFINITIONAL_REPRESENTATION('',(#2658),#2662);
#2658 = LINE('',#2659,#2660);
#2659 = CARTESIAN_POINT('',(-0.,-9.));
#2660 = VECTOR('',#2661,1.);
#2661 = DIRECTION('',(-1.,0.));
#2662 = ( GEOMETRIC_REPRESENTATION_CONTEXT(2) 
PARAMETRIC_REPRESENTATION_CONTEXT() REPRESENTATION_CONTEXT('2D SPACE',''
  ) );
#2663 = PCURVE('',#1856,#2664);
#2664 = DEFINITIONAL_REPRESENTATION('',(#2665),#2669);
#2665 = CIRCLE('',#2666,1.25);
#2666 = AXIS2_PLACEMENT_2D('',#2667,#2668);
#2667 = CARTESIAN_POINT('',(0.,2.));
#2668 = DIRECTION('',(1.,0.));
#2669 = ( GEOMETRIC_REPRESENTATION_CONTEXT(2) 
PARAMETRIC_REPRESENTATION_CONTEXT() REPRESENTATION_CONTEXT('2D SPACE',''
  ) );
#2670 = ORIENTED_EDGE('',*,*,#2626,.F.);
#2671 = ADVANCED_FACE('',(#2672,#2682),#1216,.F.);
#2672 = FACE_BOUND('',#2673,.F.);
#2673 = EDGE_LOOP('',(#2674,#2675,#2676,#2677,#2678,#2679,#2680,#2681));
#2674 = ORIENTED_EDGE('',*,*,#1895,.T.);
#2675 = ORIENTED_EDGE('',*,*,#1657,.T.);
#2676 = ORIENTED_EDGE('',*,*,#1945,.T.);
#2677 = ORIENTED_EDGE('',*,*,#1197,.T.);
#2678 = ORIENTED_EDGE('',*,*,#1255,.T.);
#2679 = ORIENTED_EDGE('',*,*,#1995,.T.);
#2680 = ORIENTED_EDGE('',*,*,#1454,.T.);
#2681 = ORIENTED_EDGE('',*,*,#2045,.T.);
#2682 = FACE_BOUND('',#2683,.F.);
#2683 = EDGE_LOOP('',(#2684));
#2684 = ORIENTED_EDGE('',*,*,#2685,.F.);
#2685 = EDGE_CURVE('',#2686,#2686,#2688,.T.);
#2686 = VERTEX_POINT('',#2687);
#2687 = CARTESIAN_POINT('',(25.,0.,59.));
#2688 = SURFACE_CURVE('',#2689,(#2694,#2701),.PCURVE_S1.);
#2689 = CIRCLE('',#2690,25.);
#2690 = AXIS2_PLACEMENT_3D('',#2691,#2692,#2693);
#2691 = CARTESIAN_POINT('',(0.,0.,59.));
#2692 = DIRECTION('',(0.,0.,1.));
#2693 = DIRECTION('',(1.,0.,0.));
#2694 = PCURVE('',#1216,#2695);
#2695 = DEFINITIONAL_REPRESENTATION('',(#2696),#2700);
#2696 = CIRCLE('',#2697,25.);
#2697 = AXIS2_PLACEMENT_2D('',#2698,#2699);
#2698 = CARTESIAN_POINT('',(1.411551104557E-15,-1.557633849995E-15));
#2699 = DIRECTION('',(1.,0.));
#2700 = ( GEOMETRIC_REPRESENTATION_CONTEXT(2) 
PARAMETRIC_REPRESENTATION_CONTEXT() REPRESENTATION_CONTEXT('2D SPACE',''
  ) );
#2701 = PCURVE('',#2702,#2707);
#2702 = CYLINDRICAL_SURFACE('',#2703,25.);
#2703 = AXIS2_PLACEMENT_3D('',#2704,#2705,#2706);
#2704 = CARTESIAN_POINT('',(0.,0.,45.));
#2705 = DIRECTION('',(-0.,-0.,-1.));
#2706 = DIRECTION('',(1.,0.,0.));
#2707 = DEFINITIONAL_REPRESENTATION('',(#2708),#2712);
#2708 = LINE('',#2709,#2710);
#2709 = CARTESIAN_POINT('',(-0.,-14.));
#2710 = VECTOR('',#2711,1.);
#2711 = DIRECTION('',(-1.,0.));
#2712 = ( GEOMETRIC_REPRESENTATION_CONTEXT(2) 
PARAMETRIC_REPRESENTATION_CONTEXT() REPRESENTATION_CONTEXT('2D SPACE',''
  ) );
#2713 = ADVANCED_FACE('',(#2714),#1321,.T.);
#2714 = FACE_BOUND('',#2715,.T.);
#2715 = EDGE_LOOP('',(#2716,#2717));
#2716 = ORIENTED_EDGE('',*,*,#1968,.T.);
#2717 = ORIENTED_EDGE('',*,*,#1304,.T.);
#2718 = ADVANCED_FACE('',(#2719),#1374,.T.);
#2719 = FACE_BOUND('',#2720,.T.);
#2720 = EDGE_LOOP('',(#2721,#2722,#2723));
#2721 = ORIENTED_EDGE('',*,*,#1409,.T.);
#2722 = ORIENTED_EDGE('',*,*,#1355,.T.);
#2723 = ORIENTED_EDGE('',*,*,#2018,.T.);
#2724 = ADVANCED_FACE('',(#2725,#2728),#1542,.T.);
#2725 = FACE_BOUND('',#2726,.T.);
#2726 = EDGE_LOOP('',(#2727));
#2727 = ORIENTED_EDGE('',*,*,#1528,.T.);
#2728 = FACE_BOUND('',#2729,.T.);
#2729 = EDGE_LOOP('',(#2730));
#2730 = ORIENTED_EDGE('',*,*,#2731,.F.);
#2731 = EDGE_CURVE('',#2732,#2732,#2734,.T.);
#2732 = VERTEX_POINT('',#2733);
#2733 = CARTESIAN_POINT('',(18.,5.075305255429E-16,58.));
#2734 = SURFACE_CURVE('',#2735,(#2740,#2747),.PCURVE_S1.);
#2735 = CIRCLE('',#2736,18.);
#2736 = AXIS2_PLACEMENT_3D('',#2737,#2738,#2739);
#2737 = CARTESIAN_POINT('',(9.981433669011E-14,5.075305255429E-16,58.));
#2738 = DIRECTION('',(0.,0.,1.));
#2739 = DIRECTION('',(1.,0.,0.));
#2740 = PCURVE('',#1542,#2741);
#2741 = DEFINITIONAL_REPRESENTATION('',(#2742),#2746);
#2742 = CIRCLE('',#2743,18.);
#2743 = AXIS2_PLACEMENT_2D('',#2744,#2745);
#2744 = CARTESIAN_POINT('',(1.008561958387E-13,3.229241363446E-16));
#2745 = DIRECTION('',(1.,0.));
#2746 = ( GEOMETRIC_REPRESENTATION_CONTEXT(2) 
PARAMETRIC_REPRESENTATION_CONTEXT() REPRESENTATION_CONTEXT('2D SPACE',''
  ) );
#2747 = PCURVE('',#2748,#2753);
#2748 = CYLINDRICAL_SURFACE('',#2749,18.);
#2749 = AXIS2_PLACEMENT_3D('',#2750,#2751,#2752);
#2750 = CARTESIAN_POINT('',(9.981433669011E-14,5.075305255429E-16,52.));
#2751 = DIRECTION('',(-0.,-0.,-1.));
#2752 = DIRECTION('',(1.,0.,0.));
#2753 = DEFINITIONAL_REPRESENTATION('',(#2754),#2758);
#2754 = LINE('',#2755,#2756);
#2755 = CARTESIAN_POINT('',(-0.,-6.));
#2756 = VECTOR('',#2757,1.);
#2757 = DIRECTION('',(-1.,0.));
#2758 = ( GEOMETRIC_REPRESENTATION_CONTEXT(2) 
PARAMETRIC_REPRESENTATION_CONTEXT() REPRESENTATION_CONTEXT('2D SPACE',''
  ) );
#2759 = ADVANCED_FACE('',(#2760),#1577,.T.);
#2760 = FACE_BOUND('',#2761,.T.);
#2761 = EDGE_LOOP('',(#2762,#2763,#2764));
#2762 = ORIENTED_EDGE('',*,*,#1612,.T.);
#2763 = ORIENTED_EDGE('',*,*,#1558,.T.);
#2764 = ORIENTED_EDGE('',*,*,#1918,.T.);
#2765 = ADVANCED_FACE('',(#2766,#2772),#1746,.T.);
#2766 = FACE_BOUND('',#2767,.T.);
#2767 = EDGE_LOOP('',(#2768,#2769,#2770,#2771));
#2768 = ORIENTED_EDGE('',*,*,#2525,.F.);
#2769 = ORIENTED_EDGE('',*,*,#2599,.T.);
#2770 = ORIENTED_EDGE('',*,*,#2572,.T.);
#2771 = ORIENTED_EDGE('',*,*,#2137,.F.);
#2772 = FACE_BOUND('',#2773,.T.);
#2773 = EDGE_LOOP('',(#2774));
#2774 = ORIENTED_EDGE('',*,*,#1731,.F.);
#2775 = ADVANCED_FACE('',(#2776,#2782),#1801,.T.);
#2776 = FACE_BOUND('',#2777,.T.);
#2777 = EDGE_LOOP('',(#2778,#2779,#2780,#2781));
#2778 = ORIENTED_EDGE('',*,*,#2478,.F.);
#2779 = ORIENTED_EDGE('',*,*,#2423,.T.);
#2780 = ORIENTED_EDGE('',*,*,#2328,.T.);
#2781 = ORIENTED_EDGE('',*,*,#2206,.F.);
#2782 = FACE_BOUND('',#2783,.T.);
#2783 = EDGE_LOOP('',(#2784));
#2784 = ORIENTED_EDGE('',*,*,#1786,.F.);
#2785 = ADVANCED_FACE('',(#2786,#2793),#1856,.T.);
#2786 = FACE_BOUND('',#2787,.T.);
#2787 = EDGE_LOOP('',(#2788,#2789,#2790,#2791,#2792));
#2788 = ORIENTED_EDGE('',*,*,#2281,.F.);
#2789 = ORIENTED_EDGE('',*,*,#2355,.T.);
#2790 = ORIENTED_EDGE('',*,*,#2451,.T.);
#2791 = ORIENTED_EDGE('',*,*,#2068,.F.);
#2792 = ORIENTED_EDGE('',*,*,#1839,.F.);
#2793 = FACE_BOUND('',#2794,.T.);
#2794 = EDGE_LOOP('',(#2795));
#2795 = ORIENTED_EDGE('',*,*,#2649,.F.);
#2796 = ADVANCED_FACE('',(#2797),#2702,.T.);
#2797 = FACE_BOUND('',#2798,.F.);
#2798 = EDGE_LOOP('',(#2799,#2822,#2823,#2824));
#2799 = ORIENTED_EDGE('',*,*,#2800,.T.);
#2800 = EDGE_CURVE('',#2801,#2686,#2803,.T.);
#2801 = VERTEX_POINT('',#2802);
#2802 = CARTESIAN_POINT('',(25.,0.,45.));
#2803 = SEAM_CURVE('',#2804,(#2808,#2815),.PCURVE_S1.);
#2804 = LINE('',#2805,#2806);
#2805 = CARTESIAN_POINT('',(25.,0.,45.));
#2806 = VECTOR('',#2807,1.);
#2807 = DIRECTION('',(0.,0.,1.));
#2808 = PCURVE('',#2702,#2809);
#2809 = DEFINITIONAL_REPRESENTATION('',(#2810),#2814);
#2810 = LINE('',#2811,#2812);
#2811 = CARTESIAN_POINT('',(-0.,0.));
#2812 = VECTOR('',#2813,1.);
#2813 = DIRECTION('',(-0.,-1.));
#2814 = ( GEOMETRIC_REPRESENTATION_CONTEXT(2) 
PARAMETRIC_REPRESENTATION_CONTEXT() REPRESENTATION_CONTEXT('2D SPACE',''
  ) );
#2815 = PCURVE('',#2702,#2816);
#2816 = DEFINITIONAL_REPRESENTATION('',(#2817),#2821);
#2817 = LINE('',#2818,#2819);
#2818 = CARTESIAN_POINT('',(-6.28318530718,0.));
#2819 = VECTOR('',#2820,1.);
#2820 = DIRECTION('',(-0.,-1.));
#2821 = ( GEOMETRIC_REPRESENTATION_CONTEXT(2) 
PARAMETRIC_REPRESENTATION_CONTEXT() REPRESENTATION_CONTEXT('2D SPACE',''
  ) );
#2822 = ORIENTED_EDGE('',*,*,#2685,.T.);
#2823 = ORIENTED_EDGE('',*,*,#2800,.F.);
#2824 = ORIENTED_EDGE('',*,*,#2825,.F.);
#2825 = EDGE_CURVE('',#2801,#2801,#2826,.T.);
#2826 = SURFACE_CURVE('',#2827,(#2832,#2839),.PCURVE_S1.);
#2827 = CIRCLE('',#2828,25.);
#2828 = AXIS2_PLACEMENT_3D('',#2829,#2830,#2831);
#2829 = CARTESIAN_POINT('',(0.,0.,45.));
#2830 = DIRECTION('',(0.,0.,1.));
#2831 = DIRECTION('',(1.,0.,0.));
#2832 = PCURVE('',#2702,#2833);
#2833 = DEFINITIONAL_REPRESENTATION('',(#2834),#2838);
#2834 = LINE('',#2835,#2836);
#2835 = CARTESIAN_POINT('',(-0.,0.));
#2836 = VECTOR('',#2837,1.);
#2837 = DIRECTION('',(-1.,0.));
#2838 = ( GEOMETRIC_REPRESENTATION_CONTEXT(2) 
PARAMETRIC_REPRESENTATION_CONTEXT() REPRESENTATION_CONTEXT('2D SPACE',''
  ) );
#2839 = PCURVE('',#2840,#2845);
#2840 = PLANE('',#2841);
#2841 = AXIS2_PLACEMENT_3D('',#2842,#2843,#2844);
#2842 = CARTESIAN_POINT('',(-8.751616848252E-16,1.604946055186E-15,45.)
  );
#2843 = DIRECTION('',(0.,0.,1.));
#2844 = DIRECTION('',(1.,0.,-0.));
#2845 = DEFINITIONAL_REPRESENTATION('',(#2846),#2850);
#2846 = CIRCLE('',#2847,25.);
#2847 = AXIS2_PLACEMENT_2D('',#2848,#2849);
#2848 = CARTESIAN_POINT('',(8.751616848252E-16,-1.604946055186E-15));
#2849 = DIRECTION('',(1.,0.));
#2850 = ( GEOMETRIC_REPRESENTATION_CONTEXT(2) 
PARAMETRIC_REPRESENTATION_CONTEXT() REPRESENTATION_CONTEXT('2D SPACE',''
  ) );
#2851 = ADVANCED_FACE('',(#2852),#2748,.F.);
#2852 = FACE_BOUND('',#2853,.T.);
#2853 = EDGE_LOOP('',(#2854,#2877,#2878,#2879));
#2854 = ORIENTED_EDGE('',*,*,#2855,.T.);
#2855 = EDGE_CURVE('',#2856,#2732,#2858,.T.);
#2856 = VERTEX_POINT('',#2857);
#2857 = CARTESIAN_POINT('',(18.,5.075305255429E-16,52.));
#2858 = SEAM_CURVE('',#2859,(#2863,#2870),.PCURVE_S1.);
#2859 = LINE('',#2860,#2861);
#2860 = CARTESIAN_POINT('',(18.,5.075305255429E-16,52.));
#2861 = VECTOR('',#2862,1.);
#2862 = DIRECTION('',(0.,0.,1.));
#2863 = PCURVE('',#2748,#2864);
#2864 = DEFINITIONAL_REPRESENTATION('',(#2865),#2869);
#2865 = LINE('',#2866,#2867);
#2866 = CARTESIAN_POINT('',(-0.,0.));
#2867 = VECTOR('',#2868,1.);
#2868 = DIRECTION('',(-0.,-1.));
#2869 = ( GEOMETRIC_REPRESENTATION_CONTEXT(2) 
PARAMETRIC_REPRESENTATION_CONTEXT() REPRESENTATION_CONTEXT('2D SPACE',''
  ) );
#2870 = PCURVE('',#2748,#2871);
#2871 = DEFINITIONAL_REPRESENTATION('',(#2872),#2876);
#2872 = LINE('',#2873,#2874);
#2873 = CARTESIAN_POINT('',(-6.28318530718,0.));
#2874 = VECTOR('',#2875,1.);
#2875 = DIRECTION('',(-0.,-1.));
#2876 = ( GEOMETRIC_REPRESENTATION_CONTEXT(2) 
PARAMETRIC_REPRESENTATION_CONTEXT() REPRESENTATION_CONTEXT('2D SPACE',''
  ) );
#2877 = ORIENTED_EDGE('',*,*,#2731,.T.);
#2878 = ORIENTED_EDGE('',*,*,#2855,.F.);
#2879 = ORIENTED_EDGE('',*,*,#2880,.F.);
#2880 = EDGE_CURVE('',#2856,#2856,#2881,.T.);
#2881 = SURFACE_CURVE('',#2882,(#2887,#2894),.PCURVE_S1.);
#2882 = CIRCLE('',#2883,18.);
#2883 = AXIS2_PLACEMENT_3D('',#2884,#2885,#2886);
#2884 = CARTESIAN_POINT('',(9.981433669011E-14,5.075305255429E-16,52.));
#2885 = DIRECTION('',(0.,0.,1.));
#2886 = DIRECTION('',(1.,0.,0.));
#2887 = PCURVE('',#2748,#2888);
#2888 = DEFINITIONAL_REPRESENTATION('',(#2889),#2893);
#2889 = LINE('',#2890,#2891);
#2890 = CARTESIAN_POINT('',(-0.,0.));
#2891 = VECTOR('',#2892,1.);
#2892 = DIRECTION('',(-1.,0.));
#2893 = ( GEOMETRIC_REPRESENTATION_CONTEXT(2) 
PARAMETRIC_REPRESENTATION_CONTEXT() REPRESENTATION_CONTEXT('2D SPACE',''
  ) );
#2894 = PCURVE('',#2895,#2900);
#2895 = PLANE('',#2896);
#2896 = AXIS2_PLACEMENT_3D('',#2897,#2898,#2899);
#2897 = CARTESIAN_POINT('',(-1.041859148601E-15,1.846063891983E-16,52.)
  );
#2898 = DIRECTION('',(0.,0.,1.));
#2899 = DIRECTION('',(1.,0.,-0.));
#2900 = DEFINITIONAL_REPRESENTATION('',(#2901),#2905);
#2901 = CIRCLE('',#2902,18.);
#2902 = AXIS2_PLACEMENT_2D('',#2903,#2904);
#2903 = CARTESIAN_POINT('',(1.008561958387E-13,3.229241363446E-16));
#2904 = DIRECTION('',(1.,0.));
#2905 = ( GEOMETRIC_REPRESENTATION_CONTEXT(2) 
PARAMETRIC_REPRESENTATION_CONTEXT() REPRESENTATION_CONTEXT('2D SPACE',''
  ) );
#2906 = ADVANCED_FACE('',(#2907,#2910),#2840,.F.);
#2907 = FACE_BOUND('',#2908,.F.);
#2908 = EDGE_LOOP('',(#2909));
#2909 = ORIENTED_EDGE('',*,*,#2825,.T.);
#2910 = FACE_BOUND('',#2911,.F.);
#2911 = EDGE_LOOP('',(#2912));
#2912 = ORIENTED_EDGE('',*,*,#2913,.F.);
#2913 = EDGE_CURVE('',#2914,#2914,#2916,.T.);
#2914 = VERTEX_POINT('',#2915);
#2915 = CARTESIAN_POINT('',(21.,8.526512829121E-16,45.));
#2916 = SURFACE_CURVE('',#2917,(#2922,#2929),.PCURVE_S1.);
#2917 = CIRCLE('',#2918,21.);
#2918 = AXIS2_PLACEMENT_3D('',#2919,#2920,#2921);
#2919 = CARTESIAN_POINT('',(1.188027454191E-13,8.526512829121E-16,45.));
#2920 = DIRECTION('',(0.,0.,1.));
#2921 = DIRECTION('',(1.,0.,0.));
#2922 = PCURVE('',#2840,#2923);
#2923 = DEFINITIONAL_REPRESENTATION('',(#2924),#2928);
#2924 = CIRCLE('',#2925,21.);
#2925 = AXIS2_PLACEMENT_2D('',#2926,#2927);
#2926 = CARTESIAN_POINT('',(1.196779071039E-13,-7.522947722741E-16));
#2927 = DIRECTION('',(1.,0.));
#2928 = ( GEOMETRIC_REPRESENTATION_CONTEXT(2) 
PARAMETRIC_REPRESENTATION_CONTEXT() REPRESENTATION_CONTEXT('2D SPACE',''
  ) );
#2929 = PCURVE('',#2930,#2935);
#2930 = CYLINDRICAL_SURFACE('',#2931,21.);
#2931 = AXIS2_PLACEMENT_3D('',#2932,#2933,#2934);
#2932 = CARTESIAN_POINT('',(1.188027454191E-13,8.526512829121E-16,45.));
#2933 = DIRECTION('',(-0.,-0.,-1.));
#2934 = DIRECTION('',(1.,0.,0.));
#2935 = DEFINITIONAL_REPRESENTATION('',(#2936),#2940);
#2936 = LINE('',#2937,#2938);
#2937 = CARTESIAN_POINT('',(-0.,0.));
#2938 = VECTOR('',#2939,1.);
#2939 = DIRECTION('',(-1.,0.));
#2940 = ( GEOMETRIC_REPRESENTATION_CONTEXT(2) 
PARAMETRIC_REPRESENTATION_CONTEXT() REPRESENTATION_CONTEXT('2D SPACE',''
  ) );
#2941 = ADVANCED_FACE('',(#2942,#2968),#2895,.F.);
#2942 = FACE_BOUND('',#2943,.F.);
#2943 = EDGE_LOOP('',(#2944));
#2944 = ORIENTED_EDGE('',*,*,#2945,.T.);
#2945 = EDGE_CURVE('',#2946,#2946,#2948,.T.);
#2946 = VERTEX_POINT('',#2947);
#2947 = CARTESIAN_POINT('',(21.,0.,52.));
#2948 = SURFACE_CURVE('',#2949,(#2954,#2961),.PCURVE_S1.);
#2949 = CIRCLE('',#2950,21.);
#2950 = AXIS2_PLACEMENT_3D('',#2951,#2952,#2953);
#2951 = CARTESIAN_POINT('',(0.,0.,52.));
#2952 = DIRECTION('',(0.,0.,1.));
#2953 = DIRECTION('',(1.,0.,0.));
#2954 = PCURVE('',#2895,#2955);
#2955 = DEFINITIONAL_REPRESENTATION('',(#2956),#2960);
#2956 = CIRCLE('',#2957,21.);
#2957 = AXIS2_PLACEMENT_2D('',#2958,#2959);
#2958 = CARTESIAN_POINT('',(1.041859148601E-15,-1.846063891983E-16));
#2959 = DIRECTION('',(1.,0.));
#2960 = ( GEOMETRIC_REPRESENTATION_CONTEXT(2) 
PARAMETRIC_REPRESENTATION_CONTEXT() REPRESENTATION_CONTEXT('2D SPACE',''
  ) );
#2961 = PCURVE('',#2930,#2962);
#2962 = DEFINITIONAL_REPRESENTATION('',(#2963),#2967);
#2963 = LINE('',#2964,#2965);
#2964 = CARTESIAN_POINT('',(-0.,-7.));
#2965 = VECTOR('',#2966,1.);
#2966 = DIRECTION('',(-1.,0.));
#2967 = ( GEOMETRIC_REPRESENTATION_CONTEXT(2) 
PARAMETRIC_REPRESENTATION_CONTEXT() REPRESENTATION_CONTEXT('2D SPACE',''
  ) );
#2968 = FACE_BOUND('',#2969,.F.);
#2969 = EDGE_LOOP('',(#2970));
#2970 = ORIENTED_EDGE('',*,*,#2880,.F.);
#2971 = ADVANCED_FACE('',(#2972),#2930,.F.);
#2972 = FACE_BOUND('',#2973,.T.);
#2973 = EDGE_LOOP('',(#2974,#2975,#2996,#2997));
#2974 = ORIENTED_EDGE('',*,*,#2913,.F.);
#2975 = ORIENTED_EDGE('',*,*,#2976,.T.);
#2976 = EDGE_CURVE('',#2914,#2946,#2977,.T.);
#2977 = SEAM_CURVE('',#2978,(#2982,#2989),.PCURVE_S1.);
#2978 = LINE('',#2979,#2980);
#2979 = CARTESIAN_POINT('',(21.,8.526512829121E-16,45.));
#2980 = VECTOR('',#2981,1.);
#2981 = DIRECTION('',(0.,0.,1.));
#2982 = PCURVE('',#2930,#2983);
#2983 = DEFINITIONAL_REPRESENTATION('',(#2984),#2988);
#2984 = LINE('',#2985,#2986);
#2985 = CARTESIAN_POINT('',(-6.28318530718,0.));
#2986 = VECTOR('',#2987,1.);
#2987 = DIRECTION('',(-0.,-1.));
#2988 = ( GEOMETRIC_REPRESENTATION_CONTEXT(2) 
PARAMETRIC_REPRESENTATION_CONTEXT() REPRESENTATION_CONTEXT('2D SPACE',''
  ) );
#2989 = PCURVE('',#2930,#2990);
#2990 = DEFINITIONAL_REPRESENTATION('',(#2991),#2995);
#2991 = LINE('',#2992,#2993);
#2992 = CARTESIAN_POINT('',(-0.,0.));
#2993 = VECTOR('',#2994,1.);
#2994 = DIRECTION('',(-0.,-1.));
#2995 = ( GEOMETRIC_REPRESENTATION_CONTEXT(2) 
PARAMETRIC_REPRESENTATION_CONTEXT() REPRESENTATION_CONTEXT('2D SPACE',''
  ) );
#2996 = ORIENTED_EDGE('',*,*,#2945,.T.);
#2997 = ORIENTED_EDGE('',*,*,#2976,.F.);
#2998 = ( GEOMETRIC_REPRESENTATION_CONTEXT(3) 
GLOBAL_UNCERTAINTY_ASSIGNED_CONTEXT((#3002)) 
GLOBAL_UNIT_ASSIGNED_CONTEXT((#2999,#3000,#3001)) REPRESENTATION_CONTEXT
('Context #1','3D Context with UNIT and UNCERTAINTY') );
#2999 = ( LENGTH_UNIT() NAMED_UNIT(*) SI_UNIT(.MILLI.,.METRE.) );
#3000 = ( NAMED_UNIT(*) PLANE_ANGLE_UNIT() SI_UNIT($,.RADIAN.) );
#3001 = ( NAMED_UNIT(*) SI_UNIT($,.STERADIAN.) SOLID_ANGLE_UNIT() );
#3002 = UNCERTAINTY_MEASURE_WITH_UNIT(LENGTH_MEASURE(1.E-07),#2999,
  'distance_accuracy_value','confusion accuracy');
#3003 = PRODUCT_RELATED_PRODUCT_CATEGORY('part',$,(#7));
ENDSEC;
END-ISO-10303-21;
