ISO-10303-21;
HEADER;
FILE_DESCRIPTION(('Open CASCADE Model'),'2;1');
FILE_NAME('Open CASCADE Shape Model','2026-10-03T09:06:59',('Author'),(
    'Open CASCADE'),'Open CASCADE STEP processor 7.9','Open CASCADE 7.9'
  ,'Unknown');
FILE_SCHEMA(('AUTOMOTIVE_DESIGN { 1 0 10303 214 1 1 1 1 }'));
ENDSEC;
DATA;
#1 = APPLICATION_PROTOCOL_DEFINITION('international standard',
  'automotive_design',2000,#2);
#2 = APPLICATION_CONTEXT(
  'core data for automotive mechanical design processes');
#3 = SHAPE_DEFINITION_REPRESENTATION(#4,#10);
#4 = PRODUCT_DEFINITION_SHAPE('','',#5);
#5 = PRODUCT_DEFINITION('design','',#6,#9);
#6 = PRODUCT_DEFINITION_FORMATION('','',#7);
#7 = PRODUCT('Open CASCADE STEP translator 7.9 30',
  'Open CASCADE STEP translator 7.9 30','',(#8));
#8 = PRODUCT_CONTEXT('',#2,'mechanical');
#9 = PRODUCT_DEFINITION_CONTEXT('part definition',#2,'design');
#10 = ADVANCED_BREP_SHAPE_REPRESENTATION('',(#11,#15),#2162);
#11 = AXIS2_PLACEMENT_3D('',#12,#13,#14);
#12 = CARTESIAN_POINT('',(0.,0.,0.));
#13 = DIRECTION('',(0.,0.,1.));
#14 = DIRECTION('',(1.,0.,-0.));
#15 = MANIFOLD_SOLID_BREP('',#16);
#16 = CLOSED_SHELL('',(#17,#193,#444,#563,#612,#850,#1295,#1322,#1331,
    #1358,#1385,#1412,#1439,#1466,#1782,#2080,#2111,#2116,#2147,#2152,
    #2157));
#17 = ADVANCED_FACE('',(#18),#32,.F.);
#18 = FACE_BOUND('',#19,.F.);
#19 = EDGE_LOOP('',(#20,#55,#83,#111,#139,#167));
#20 = ORIENTED_EDGE('',*,*,#21,.F.);
#21 = EDGE_CURVE('',#22,#24,#26,.T.);
#22 = VERTEX_POINT('',#23);
#23 = CARTESIAN_POINT('',(-54.,-56.5,100.));
#24 = VERTEX_POINT('',#25);
#25 = CARTESIAN_POINT('',(-54.,-56.5,147.));
#26 = SURFACE_CURVE('',#27,(#31,#43),.PCURVE_S1.);
#27 = LINE('',#28,#29);
#28 = CARTESIAN_POINT('',(-54.,-56.5,100.));
#29 = VECTOR('',#30,1.);
#30 = DIRECTION('',(0.,0.,1.));
#31 = PCURVE('',#32,#37);
#32 = PLANE('',#33);
#33 = AXIS2_PLACEMENT_3D('',#34,#35,#36);
#34 = CARTESIAN_POINT('',(-54.,-56.5,100.));
#35 = DIRECTION('',(1.,0.,0.));
#36 = DIRECTION('',(0.,0.,1.));
#37 = DEFINITIONAL_REPRESENTATION('',(#38),#42);
#38 = LINE('',#39,#40);
#39 = CARTESIAN_POINT('',(0.,0.));
#40 = VECTOR('',#41,1.);
#41 = DIRECTION('',(1.,0.));
#42 = ( GEOMETRIC_REPRESENTATION_CONTEXT(2) 
PARAMETRIC_REPRESENTATION_CONTEXT() REPRESENTATION_CONTEXT('2D SPACE',''
  ) );
#43 = PCURVE('',#44,#49);
#44 = PLANE('',#45);
#45 = AXIS2_PLACEMENT_3D('',#46,#47,#48);
#46 = CARTESIAN_POINT('',(-54.,-56.5,100.));
#47 = DIRECTION('',(0.,1.,0.));
#48 = DIRECTION('',(0.,0.,1.));
#49 = DEFINITIONAL_REPRESENTATION('',(#50),#54);
#50 = LINE('',#51,#52);
#51 = CARTESIAN_POINT('',(0.,0.));
#52 = VECTOR('',#53,1.);
#53 = DIRECTION('',(1.,0.));
#54 = ( GEOMETRIC_REPRESENTATION_CONTEXT(2) 
PARAMETRIC_REPRESENTATION_CONTEXT() REPRESENTATION_CONTEXT('2D SPACE',''
  ) );
#55 = ORIENTED_EDGE('',*,*,#56,.F.);
#56 = EDGE_CURVE('',#57,#22,#59,.T.);
#57 = VERTEX_POINT('',#58);
#58 = CARTESIAN_POINT('',(-54.,-34.5,100.));
#59 = SURFACE_CURVE('',#60,(#64,#71),.PCURVE_S1.);
#60 = LINE('',#61,#62);
#61 = CARTESIAN_POINT('',(-54.,-34.5,100.));
#62 = VECTOR('',#63,1.);
#63 = DIRECTION('',(0.,-1.,0.));
#64 = PCURVE('',#32,#65);
#65 = DEFINITIONAL_REPRESENTATION('',(#66),#70);
#66 = LINE('',#67,#68);
#67 = CARTESIAN_POINT('',(0.,-22.));
#68 = VECTOR('',#69,1.);
#69 = DIRECTION('',(0.,1.));
#70 = ( GEOMETRIC_REPRESENTATION_CONTEXT(2) 
PARAMETRIC_REPRESENTATION_CONTEXT() REPRESENTATION_CONTEXT('2D SPACE',''
  ) );
#71 = PCURVE('',#72,#77);
#72 = PLANE('',#73);
#73 = AXIS2_PLACEMENT_3D('',#74,#75,#76);
#74 = CARTESIAN_POINT('',(-54.,-56.5,100.));
#75 = DIRECTION('',(0.,0.,1.));
#76 = DIRECTION('',(1.,0.,0.));
#77 = DEFINITIONAL_REPRESENTATION('',(#78),#82);
#78 = LINE('',#79,#80);
#79 = CARTESIAN_POINT('',(0.,22.));
#80 = VECTOR('',#81,1.);
#81 = DIRECTION('',(0.,-1.));
#82 = ( GEOMETRIC_REPRESENTATION_CONTEXT(2) 
PARAMETRIC_REPRESENTATION_CONTEXT() REPRESENTATION_CONTEXT('2D SPACE',''
  ) );
#83 = ORIENTED_EDGE('',*,*,#84,.T.);
#84 = EDGE_CURVE('',#57,#85,#87,.T.);
#85 = VERTEX_POINT('',#86);
#86 = CARTESIAN_POINT('',(-54.,-34.5,105.));
#87 = SURFACE_CURVE('',#88,(#92,#99),.PCURVE_S1.);
#88 = LINE('',#89,#90);
#89 = CARTESIAN_POINT('',(-54.,-34.5,100.));
#90 = VECTOR('',#91,1.);
#91 = DIRECTION('',(0.,0.,1.));
#92 = PCURVE('',#32,#93);
#93 = DEFINITIONAL_REPRESENTATION('',(#94),#98);
#94 = LINE('',#95,#96);
#95 = CARTESIAN_POINT('',(0.,-22.));
#96 = VECTOR('',#97,1.);
#97 = DIRECTION('',(1.,0.));
#98 = ( GEOMETRIC_REPRESENTATION_CONTEXT(2) 
PARAMETRIC_REPRESENTATION_CONTEXT() REPRESENTATION_CONTEXT('2D SPACE',''
  ) );
#99 = PCURVE('',#100,#105);
#100 = PLANE('',#101);
#101 = AXIS2_PLACEMENT_3D('',#102,#103,#104);
#102 = CARTESIAN_POINT('',(-54.,-34.5,100.));
#103 = DIRECTION('',(0.,1.,0.));
#104 = DIRECTION('',(0.,0.,1.));
#105 = DEFINITIONAL_REPRESENTATION('',(#106),#110);
#106 = LINE('',#107,#108);
#107 = CARTESIAN_POINT('',(0.,0.));
#108 = VECTOR('',#109,1.);
#109 = DIRECTION('',(1.,0.));
#110 = ( GEOMETRIC_REPRESENTATION_CONTEXT(2) 
PARAMETRIC_REPRESENTATION_CONTEXT() REPRESENTATION_CONTEXT('2D SPACE',''
  ) );
#111 = ORIENTED_EDGE('',*,*,#112,.F.);
#112 = EDGE_CURVE('',#113,#85,#115,.T.);
#113 = VERTEX_POINT('',#114);
#114 = CARTESIAN_POINT('',(-54.,-52.5,105.));
#115 = SURFACE_CURVE('',#116,(#120,#127),.PCURVE_S1.);
#116 = LINE('',#117,#118);
#117 = CARTESIAN_POINT('',(-54.,-56.5,105.));
#118 = VECTOR('',#119,1.);
#119 = DIRECTION('',(0.,1.,0.));
#120 = PCURVE('',#32,#121);
#121 = DEFINITIONAL_REPRESENTATION('',(#122),#126);
#122 = LINE('',#123,#124);
#123 = CARTESIAN_POINT('',(5.,0.));
#124 = VECTOR('',#125,1.);
#125 = DIRECTION('',(0.,-1.));
#126 = ( GEOMETRIC_REPRESENTATION_CONTEXT(2) 
PARAMETRIC_REPRESENTATION_CONTEXT() REPRESENTATION_CONTEXT('2D SPACE',''
  ) );
#127 = PCURVE('',#128,#133);
#128 = PLANE('',#129);
#129 = AXIS2_PLACEMENT_3D('',#130,#131,#132);
#130 = CARTESIAN_POINT('',(-54.,-56.5,105.));
#131 = DIRECTION('',(0.,0.,1.));
#132 = DIRECTION('',(1.,0.,0.));
#133 = DEFINITIONAL_REPRESENTATION('',(#134),#138);
#134 = LINE('',#135,#136);
#135 = CARTESIAN_POINT('',(0.,0.));
#136 = VECTOR('',#137,1.);
#137 = DIRECTION('',(0.,1.));
#138 = ( GEOMETRIC_REPRESENTATION_CONTEXT(2) 
PARAMETRIC_REPRESENTATION_CONTEXT() REPRESENTATION_CONTEXT('2D SPACE',''
  ) );
#139 = ORIENTED_EDGE('',*,*,#140,.T.);
#140 = EDGE_CURVE('',#113,#141,#143,.T.);
#141 = VERTEX_POINT('',#142);
#142 = CARTESIAN_POINT('',(-54.,-52.5,147.));
#143 = SURFACE_CURVE('',#144,(#148,#155),.PCURVE_S1.);
#144 = LINE('',#145,#146);
#145 = CARTESIAN_POINT('',(-54.,-52.5,100.));
#146 = VECTOR('',#147,1.);
#147 = DIRECTION('',(0.,0.,1.));
#148 = PCURVE('',#32,#149);
#149 = DEFINITIONAL_REPRESENTATION('',(#150),#154);
#150 = LINE('',#151,#152);
#151 = CARTESIAN_POINT('',(0.,-4.));
#152 = VECTOR('',#153,1.);
#153 = DIRECTION('',(1.,0.));
#154 = ( GEOMETRIC_REPRESENTATION_CONTEXT(2) 
PARAMETRIC_REPRESENTATION_CONTEXT() REPRESENTATION_CONTEXT('2D SPACE',''
  ) );
#155 = PCURVE('',#156,#161);
#156 = PLANE('',#157);
#157 = AXIS2_PLACEMENT_3D('',#158,#159,#160);
#158 = CARTESIAN_POINT('',(-54.,-52.5,100.));
#159 = DIRECTION('',(0.,1.,0.));
#160 = DIRECTION('',(0.,0.,1.));
#161 = DEFINITIONAL_REPRESENTATION('',(#162),#166);
#162 = LINE('',#163,#164);
#163 = CARTESIAN_POINT('',(0.,0.));
#164 = VECTOR('',#165,1.);
#165 = DIRECTION('',(1.,0.));
#166 = ( GEOMETRIC_REPRESENTATION_CONTEXT(2) 
PARAMETRIC_REPRESENTATION_CONTEXT() REPRESENTATION_CONTEXT('2D SPACE',''
  ) );
#167 = ORIENTED_EDGE('',*,*,#168,.F.);
#168 = EDGE_CURVE('',#24,#141,#169,.T.);
#169 = SURFACE_CURVE('',#170,(#174,#181),.PCURVE_S1.);
#170 = LINE('',#171,#172);
#171 = CARTESIAN_POINT('',(-54.,-56.5,147.));
#172 = VECTOR('',#173,1.);
#173 = DIRECTION('',(0.,1.,0.));
#174 = PCURVE('',#32,#175);
#175 = DEFINITIONAL_REPRESENTATION('',(#176),#180);
#176 = LINE('',#177,#178);
#177 = CARTESIAN_POINT('',(47.,0.));
#178 = VECTOR('',#179,1.);
#179 = DIRECTION('',(0.,-1.));
#180 = ( GEOMETRIC_REPRESENTATION_CONTEXT(2) 
PARAMETRIC_REPRESENTATION_CONTEXT() REPRESENTATION_CONTEXT('2D SPACE',''
  ) );
#181 = PCURVE('',#182,#187);
#182 = PLANE('',#183);
#183 = AXIS2_PLACEMENT_3D('',#184,#185,#186);
#184 = CARTESIAN_POINT('',(-54.,-56.5,147.));
#185 = DIRECTION('',(0.,0.,1.));
#186 = DIRECTION('',(1.,0.,0.));
#187 = DEFINITIONAL_REPRESENTATION('',(#188),#192);
#188 = LINE('',#189,#190);
#189 = CARTESIAN_POINT('',(0.,0.));
#190 = VECTOR('',#191,1.);
#191 = DIRECTION('',(0.,1.));
#192 = ( GEOMETRIC_REPRESENTATION_CONTEXT(2) 
PARAMETRIC_REPRESENTATION_CONTEXT() REPRESENTATION_CONTEXT('2D SPACE',''
  ) );
#193 = ADVANCED_FACE('',(#194,#269,#304,#339,#374,#409),#44,.F.);
#194 = FACE_BOUND('',#195,.F.);
#195 = EDGE_LOOP('',(#196,#219,#220,#243));
#196 = ORIENTED_EDGE('',*,*,#197,.F.);
#197 = EDGE_CURVE('',#22,#198,#200,.T.);
#198 = VERTEX_POINT('',#199);
#199 = CARTESIAN_POINT('',(-6.,-56.5,100.));
#200 = SURFACE_CURVE('',#201,(#205,#212),.PCURVE_S1.);
#201 = LINE('',#202,#203);
#202 = CARTESIAN_POINT('',(-54.,-56.5,100.));
#203 = VECTOR('',#204,1.);
#204 = DIRECTION('',(1.,0.,0.));
#205 = PCURVE('',#44,#206);
#206 = DEFINITIONAL_REPRESENTATION('',(#207),#211);
#207 = LINE('',#208,#209);
#208 = CARTESIAN_POINT('',(0.,0.));
#209 = VECTOR('',#210,1.);
#210 = DIRECTION('',(0.,1.));
#211 = ( GEOMETRIC_REPRESENTATION_CONTEXT(2) 
PARAMETRIC_REPRESENTATION_CONTEXT() REPRESENTATION_CONTEXT('2D SPACE',''
  ) );
#212 = PCURVE('',#72,#213);
#213 = DEFINITIONAL_REPRESENTATION('',(#214),#218);
#214 = LINE('',#215,#216);
#215 = CARTESIAN_POINT('',(0.,0.));
#216 = VECTOR('',#217,1.);
#217 = DIRECTION('',(1.,0.));
#218 = ( GEOMETRIC_REPRESENTATION_CONTEXT(2) 
PARAMETRIC_REPRESENTATION_CONTEXT() REPRESENTATION_CONTEXT('2D SPACE',''
  ) );
#219 = ORIENTED_EDGE('',*,*,#21,.T.);
#220 = ORIENTED_EDGE('',*,*,#221,.T.);
#221 = EDGE_CURVE('',#24,#222,#224,.T.);
#222 = VERTEX_POINT('',#223);
#223 = CARTESIAN_POINT('',(-6.,-56.5,147.));
#224 = SURFACE_CURVE('',#225,(#229,#236),.PCURVE_S1.);
#225 = LINE('',#226,#227);
#226 = CARTESIAN_POINT('',(-54.,-56.5,147.));
#227 = VECTOR('',#228,1.);
#228 = DIRECTION('',(1.,0.,0.));
#229 = PCURVE('',#44,#230);
#230 = DEFINITIONAL_REPRESENTATION('',(#231),#235);
#231 = LINE('',#232,#233);
#232 = CARTESIAN_POINT('',(47.,0.));
#233 = VECTOR('',#234,1.);
#234 = DIRECTION('',(0.,1.));
#235 = ( GEOMETRIC_REPRESENTATION_CONTEXT(2) 
PARAMETRIC_REPRESENTATION_CONTEXT() REPRESENTATION_CONTEXT('2D SPACE',''
  ) );
#236 = PCURVE('',#182,#237);
#237 = DEFINITIONAL_REPRESENTATION('',(#238),#242);
#238 = LINE('',#239,#240);
#239 = CARTESIAN_POINT('',(0.,0.));
#240 = VECTOR('',#241,1.);
#241 = DIRECTION('',(1.,0.));
#242 = ( GEOMETRIC_REPRESENTATION_CONTEXT(2) 
PARAMETRIC_REPRESENTATION_CONTEXT() REPRESENTATION_CONTEXT('2D SPACE',''
  ) );
#243 = ORIENTED_EDGE('',*,*,#244,.F.);
#244 = EDGE_CURVE('',#198,#222,#245,.T.);
#245 = SURFACE_CURVE('',#246,(#250,#257),.PCURVE_S1.);
#246 = LINE('',#247,#248);
#247 = CARTESIAN_POINT('',(-6.,-56.5,100.));
#248 = VECTOR('',#249,1.);
#249 = DIRECTION('',(0.,0.,1.));
#250 = PCURVE('',#44,#251);
#251 = DEFINITIONAL_REPRESENTATION('',(#252),#256);
#252 = LINE('',#253,#254);
#253 = CARTESIAN_POINT('',(0.,48.));
#254 = VECTOR('',#255,1.);
#255 = DIRECTION('',(1.,0.));
#256 = ( GEOMETRIC_REPRESENTATION_CONTEXT(2) 
PARAMETRIC_REPRESENTATION_CONTEXT() REPRESENTATION_CONTEXT('2D SPACE',''
  ) );
#257 = PCURVE('',#258,#263);
#258 = PLANE('',#259);
#259 = AXIS2_PLACEMENT_3D('',#260,#261,#262);
#260 = CARTESIAN_POINT('',(-6.,-56.5,100.));
#261 = DIRECTION('',(1.,0.,0.));
#262 = DIRECTION('',(0.,0.,1.));
#263 = DEFINITIONAL_REPRESENTATION('',(#264),#268);
#264 = LINE('',#265,#266);
#265 = CARTESIAN_POINT('',(0.,0.));
#266 = VECTOR('',#267,1.);
#267 = DIRECTION('',(1.,0.));
#268 = ( GEOMETRIC_REPRESENTATION_CONTEXT(2) 
PARAMETRIC_REPRESENTATION_CONTEXT() REPRESENTATION_CONTEXT('2D SPACE',''
  ) );
#269 = FACE_BOUND('',#270,.F.);
#270 = EDGE_LOOP('',(#271));
#271 = ORIENTED_EDGE('',*,*,#272,.T.);
#272 = EDGE_CURVE('',#273,#273,#275,.T.);
#273 = VERTEX_POINT('',#274);
#274 = CARTESIAN_POINT('',(-43.8,-56.5,107.5));
#275 = SURFACE_CURVE('',#276,(#281,#292),.PCURVE_S1.);
#276 = CIRCLE('',#277,1.7);
#277 = AXIS2_PLACEMENT_3D('',#278,#279,#280);
#278 = CARTESIAN_POINT('',(-45.5,-56.5,107.5));
#279 = DIRECTION('',(0.,-1.,0.));
#280 = DIRECTION('',(1.,0.,0.));
#281 = PCURVE('',#44,#282);
#282 = DEFINITIONAL_REPRESENTATION('',(#283),#291);
#283 = ( BOUNDED_CURVE() B_SPLINE_CURVE(2,(#284,#285,#286,#287,#288,#289
,#290),.UNSPECIFIED.,.T.,.F.) B_SPLINE_CURVE_WITH_KNOTS((1,2,2,2,2,1),(
    -2.094395102393,0.,2.094395102393,4.188790204786,6.28318530718,
8.377580409573),.UNSPECIFIED.) CURVE() GEOMETRIC_REPRESENTATION_ITEM() 
RATIONAL_B_SPLINE_CURVE((1.,0.5,1.,0.5,1.,0.5,1.)) REPRESENTATION_ITEM(
  '') );
#284 = CARTESIAN_POINT('',(7.5,10.2));
#285 = CARTESIAN_POINT('',(10.444486372867,10.2));
#286 = CARTESIAN_POINT('',(8.972243186434,7.65));
#287 = CARTESIAN_POINT('',(7.5,5.1));
#288 = CARTESIAN_POINT('',(6.027756813566,7.65));
#289 = CARTESIAN_POINT('',(4.555513627133,10.2));
#290 = CARTESIAN_POINT('',(7.5,10.2));
#291 = ( GEOMETRIC_REPRESENTATION_CONTEXT(2) 
PARAMETRIC_REPRESENTATION_CONTEXT() REPRESENTATION_CONTEXT('2D SPACE',''
  ) );
#292 = PCURVE('',#293,#298);
#293 = CYLINDRICAL_SURFACE('',#294,1.7);
#294 = AXIS2_PLACEMENT_3D('',#295,#296,#297);
#295 = CARTESIAN_POINT('',(-45.5,-57.5,107.5));
#296 = DIRECTION('',(0.,-1.,0.));
#297 = DIRECTION('',(1.,0.,0.));
#298 = DEFINITIONAL_REPRESENTATION('',(#299),#303);
#299 = LINE('',#300,#301);
#300 = CARTESIAN_POINT('',(0.,-1.));
#301 = VECTOR('',#302,1.);
#302 = DIRECTION('',(1.,0.));
#303 = ( GEOMETRIC_REPRESENTATION_CONTEXT(2) 
PARAMETRIC_REPRESENTATION_CONTEXT() REPRESENTATION_CONTEXT('2D SPACE',''
  ) );
#304 = FACE_BOUND('',#305,.F.);
#305 = EDGE_LOOP('',(#306));
#306 = ORIENTED_EDGE('',*,*,#307,.T.);
#307 = EDGE_CURVE('',#308,#308,#310,.T.);
#308 = VERTEX_POINT('',#309);
#309 = CARTESIAN_POINT('',(-18.75,-56.5,123.));
#310 = SURFACE_CURVE('',#311,(#316,#327),.PCURVE_S1.);
#311 = CIRCLE('',#312,11.25);
#312 = AXIS2_PLACEMENT_3D('',#313,#314,#315);
#313 = CARTESIAN_POINT('',(-30.,-56.5,123.));
#314 = DIRECTION('',(0.,-1.,0.));
#315 = DIRECTION('',(1.,0.,0.));
#316 = PCURVE('',#44,#317);
#317 = DEFINITIONAL_REPRESENTATION('',(#318),#326);
#318 = ( BOUNDED_CURVE() B_SPLINE_CURVE(2,(#319,#320,#321,#322,#323,#324
,#325),.UNSPECIFIED.,.T.,.F.) B_SPLINE_CURVE_WITH_KNOTS((1,2,2,2,2,1),(
    -2.094395102393,0.,2.094395102393,4.188790204786,6.28318530718,
8.377580409573),.UNSPECIFIED.) CURVE() GEOMETRIC_REPRESENTATION_ITEM() 
RATIONAL_B_SPLINE_CURVE((1.,0.5,1.,0.5,1.,0.5,1.)) REPRESENTATION_ITEM(
  '') );
#319 = CARTESIAN_POINT('',(23.,35.25));
#320 = CARTESIAN_POINT('',(42.48557158515,35.25));
#321 = CARTESIAN_POINT('',(32.742785792575,18.375));
#322 = CARTESIAN_POINT('',(23.,1.5));
#323 = CARTESIAN_POINT('',(13.257214207425,18.375));
#324 = CARTESIAN_POINT('',(3.51442841485,35.25));
#325 = CARTESIAN_POINT('',(23.,35.25));
#326 = ( GEOMETRIC_REPRESENTATION_CONTEXT(2) 
PARAMETRIC_REPRESENTATION_CONTEXT() REPRESENTATION_CONTEXT('2D SPACE',''
  ) );
#327 = PCURVE('',#328,#333);
#328 = CYLINDRICAL_SURFACE('',#329,11.25);
#329 = AXIS2_PLACEMENT_3D('',#330,#331,#332);
#330 = CARTESIAN_POINT('',(-30.,-57.5,123.));
#331 = DIRECTION('',(0.,-1.,0.));
#332 = DIRECTION('',(1.,0.,0.));
#333 = DEFINITIONAL_REPRESENTATION('',(#334),#338);
#334 = LINE('',#335,#336);
#335 = CARTESIAN_POINT('',(0.,-1.));
#336 = VECTOR('',#337,1.);
#337 = DIRECTION('',(1.,0.));
#338 = ( GEOMETRIC_REPRESENTATION_CONTEXT(2) 
PARAMETRIC_REPRESENTATION_CONTEXT() REPRESENTATION_CONTEXT('2D SPACE',''
  ) );
#339 = FACE_BOUND('',#340,.F.);
#340 = EDGE_LOOP('',(#341));
#341 = ORIENTED_EDGE('',*,*,#342,.T.);
#342 = EDGE_CURVE('',#343,#343,#345,.T.);
#343 = VERTEX_POINT('',#344);
#344 = CARTESIAN_POINT('',(-43.8,-56.5,138.5));
#345 = SURFACE_CURVE('',#346,(#351,#362),.PCURVE_S1.);
#346 = CIRCLE('',#347,1.7);
#347 = AXIS2_PLACEMENT_3D('',#348,#349,#350);
#348 = CARTESIAN_POINT('',(-45.5,-56.5,138.5));
#349 = DIRECTION('',(0.,-1.,0.));
#350 = DIRECTION('',(1.,0.,0.));
#351 = PCURVE('',#44,#352);
#352 = DEFINITIONAL_REPRESENTATION('',(#353),#361);
#353 = ( BOUNDED_CURVE() B_SPLINE_CURVE(2,(#354,#355,#356,#357,#358,#359
,#360),.UNSPECIFIED.,.T.,.F.) B_SPLINE_CURVE_WITH_KNOTS((1,2,2,2,2,1),(
    -2.094395102393,0.,2.094395102393,4.188790204786,6.28318530718,
8.377580409573),.UNSPECIFIED.) CURVE() GEOMETRIC_REPRESENTATION_ITEM() 
RATIONAL_B_SPLINE_CURVE((1.,0.5,1.,0.5,1.,0.5,1.)) REPRESENTATION_ITEM(
  '') );
#354 = CARTESIAN_POINT('',(38.5,10.2));
#355 = CARTESIAN_POINT('',(41.444486372867,10.2));
#356 = CARTESIAN_POINT('',(39.972243186434,7.65));
#357 = CARTESIAN_POINT('',(38.5,5.1));
#358 = CARTESIAN_POINT('',(37.027756813566,7.65));
#359 = CARTESIAN_POINT('',(35.555513627133,10.2));
#360 = CARTESIAN_POINT('',(38.5,10.2));
#361 = ( GEOMETRIC_REPRESENTATION_CONTEXT(2) 
PARAMETRIC_REPRESENTATION_CONTEXT() REPRESENTATION_CONTEXT('2D SPACE',''
  ) );
#362 = PCURVE('',#363,#368);
#363 = CYLINDRICAL_SURFACE('',#364,1.7);
#364 = AXIS2_PLACEMENT_3D('',#365,#366,#367);
#365 = CARTESIAN_POINT('',(-45.5,-57.5,138.5));
#366 = DIRECTION('',(0.,-1.,0.));
#367 = DIRECTION('',(1.,0.,0.));
#368 = DEFINITIONAL_REPRESENTATION('',(#369),#373);
#369 = LINE('',#370,#371);
#370 = CARTESIAN_POINT('',(0.,-1.));
#371 = VECTOR('',#372,1.);
#372 = DIRECTION('',(1.,0.));
#373 = ( GEOMETRIC_REPRESENTATION_CONTEXT(2) 
PARAMETRIC_REPRESENTATION_CONTEXT() REPRESENTATION_CONTEXT('2D SPACE',''
  ) );
#374 = FACE_BOUND('',#375,.F.);
#375 = EDGE_LOOP('',(#376));
#376 = ORIENTED_EDGE('',*,*,#377,.T.);
#377 = EDGE_CURVE('',#378,#378,#380,.T.);
#378 = VERTEX_POINT('',#379);
#379 = CARTESIAN_POINT('',(-12.8,-56.5,107.5));
#380 = SURFACE_CURVE('',#381,(#386,#397),.PCURVE_S1.);
#381 = CIRCLE('',#382,1.7);
#382 = AXIS2_PLACEMENT_3D('',#383,#384,#385);
#383 = CARTESIAN_POINT('',(-14.5,-56.5,107.5));
#384 = DIRECTION('',(0.,-1.,0.));
#385 = DIRECTION('',(1.,0.,0.));
#386 = PCURVE('',#44,#387);
#387 = DEFINITIONAL_REPRESENTATION('',(#388),#396);
#388 = ( BOUNDED_CURVE() B_SPLINE_CURVE(2,(#389,#390,#391,#392,#393,#394
,#395),.UNSPECIFIED.,.T.,.F.) B_SPLINE_CURVE_WITH_KNOTS((1,2,2,2,2,1),(
    -2.094395102393,0.,2.094395102393,4.188790204786,6.28318530718,
8.377580409573),.UNSPECIFIED.) CURVE() GEOMETRIC_REPRESENTATION_ITEM() 
RATIONAL_B_SPLINE_CURVE((1.,0.5,1.,0.5,1.,0.5,1.)) REPRESENTATION_ITEM(
  '') );
#389 = CARTESIAN_POINT('',(7.5,41.2));
#390 = CARTESIAN_POINT('',(10.444486372867,41.2));
#391 = CARTESIAN_POINT('',(8.972243186434,38.65));
#392 = CARTESIAN_POINT('',(7.5,36.1));
#393 = CARTESIAN_POINT('',(6.027756813566,38.65));
#394 = CARTESIAN_POINT('',(4.555513627133,41.2));
#395 = CARTESIAN_POINT('',(7.5,41.2));
#396 = ( GEOMETRIC_REPRESENTATION_CONTEXT(2) 
PARAMETRIC_REPRESENTATION_CONTEXT() REPRESENTATION_CONTEXT('2D SPACE',''
  ) );
#397 = PCURVE('',#398,#403);
#398 = CYLINDRICAL_SURFACE('',#399,1.7);
#399 = AXIS2_PLACEMENT_3D('',#400,#401,#402);
#400 = CARTESIAN_POINT('',(-14.5,-57.5,107.5));
#401 = DIRECTION('',(0.,-1.,0.));
#402 = DIRECTION('',(1.,0.,0.));
#403 = DEFINITIONAL_REPRESENTATION('',(#404),#408);
#404 = LINE('',#405,#406);
#405 = CARTESIAN_POINT('',(0.,-1.));
#406 = VECTOR('',#407,1.);
#407 = DIRECTION('',(1.,0.));
#408 = ( GEOMETRIC_REPRESENTATION_CONTEXT(2) 
PARAMETRIC_REPRESENTATION_CONTEXT() REPRESENTATION_CONTEXT('2D SPACE',''
  ) );
#409 = FACE_BOUND('',#410,.F.);
#410 = EDGE_LOOP('',(#411));
#411 = ORIENTED_EDGE('',*,*,#412,.T.);
#412 = EDGE_CURVE('',#413,#413,#415,.T.);
#413 = VERTEX_POINT('',#414);
#414 = CARTESIAN_POINT('',(-12.8,-56.5,138.5));
#415 = SURFACE_CURVE('',#416,(#421,#432),.PCURVE_S1.);
#416 = CIRCLE('',#417,1.7);
#417 = AXIS2_PLACEMENT_3D('',#418,#419,#420);
#418 = CARTESIAN_POINT('',(-14.5,-56.5,138.5));
#419 = DIRECTION('',(0.,-1.,0.));
#420 = DIRECTION('',(1.,0.,0.));
#421 = PCURVE('',#44,#422);
#422 = DEFINITIONAL_REPRESENTATION('',(#423),#431);
#423 = ( BOUNDED_CURVE() B_SPLINE_CURVE(2,(#424,#425,#426,#427,#428,#429
,#430),.UNSPECIFIED.,.T.,.F.) B_SPLINE_CURVE_WITH_KNOTS((1,2,2,2,2,1),(
    -2.094395102393,0.,2.094395102393,4.188790204786,6.28318530718,
8.377580409573),.UNSPECIFIED.) CURVE() GEOMETRIC_REPRESENTATION_ITEM() 
RATIONAL_B_SPLINE_CURVE((1.,0.5,1.,0.5,1.,0.5,1.)) REPRESENTATION_ITEM(
  '') );
#424 = CARTESIAN_POINT('',(38.5,41.2));
#425 = CARTESIAN_POINT('',(41.444486372867,41.2));
#426 = CARTESIAN_POINT('',(39.972243186434,38.65));
#427 = CARTESIAN_POINT('',(38.5,36.1));
#428 = CARTESIAN_POINT('',(37.027756813566,38.65));
#429 = CARTESIAN_POINT('',(35.555513627133,41.2));
#430 = CARTESIAN_POINT('',(38.5,41.2));
#431 = ( GEOMETRIC_REPRESENTATION_CONTEXT(2) 
PARAMETRIC_REPRESENTATION_CONTEXT() REPRESENTATION_CONTEXT('2D SPACE',''
  ) );
#432 = PCURVE('',#433,#438);
#433 = CYLINDRICAL_SURFACE('',#434,1.7);
#434 = AXIS2_PLACEMENT_3D('',#435,#436,#437);
#435 = CARTESIAN_POINT('',(-14.5,-57.5,138.5));
#436 = DIRECTION('',(0.,-1.,0.));
#437 = DIRECTION('',(1.,0.,0.));
#438 = DEFINITIONAL_REPRESENTATION('',(#439),#443);
#439 = LINE('',#440,#441);
#440 = CARTESIAN_POINT('',(0.,-1.));
#441 = VECTOR('',#442,1.);
#442 = DIRECTION('',(1.,0.));
#443 = ( GEOMETRIC_REPRESENTATION_CONTEXT(2) 
PARAMETRIC_REPRESENTATION_CONTEXT() REPRESENTATION_CONTEXT('2D SPACE',''
  ) );
#444 = ADVANCED_FACE('',(#445,#493,#528),#72,.F.);
#445 = FACE_BOUND('',#446,.F.);
#446 = EDGE_LOOP('',(#447,#448,#471,#492));
#447 = ORIENTED_EDGE('',*,*,#197,.T.);
#448 = ORIENTED_EDGE('',*,*,#449,.F.);
#449 = EDGE_CURVE('',#450,#198,#452,.T.);
#450 = VERTEX_POINT('',#451);
#451 = CARTESIAN_POINT('',(-6.,-34.5,100.));
#452 = SURFACE_CURVE('',#453,(#457,#464),.PCURVE_S1.);
#453 = LINE('',#454,#455);
#454 = CARTESIAN_POINT('',(-6.,-34.5,100.));
#455 = VECTOR('',#456,1.);
#456 = DIRECTION('',(0.,-1.,0.));
#457 = PCURVE('',#72,#458);
#458 = DEFINITIONAL_REPRESENTATION('',(#459),#463);
#459 = LINE('',#460,#461);
#460 = CARTESIAN_POINT('',(48.,22.));
#461 = VECTOR('',#462,1.);
#462 = DIRECTION('',(0.,-1.));
#463 = ( GEOMETRIC_REPRESENTATION_CONTEXT(2) 
PARAMETRIC_REPRESENTATION_CONTEXT() REPRESENTATION_CONTEXT('2D SPACE',''
  ) );
#464 = PCURVE('',#258,#465);
#465 = DEFINITIONAL_REPRESENTATION('',(#466),#470);
#466 = LINE('',#467,#468);
#467 = CARTESIAN_POINT('',(0.,-22.));
#468 = VECTOR('',#469,1.);
#469 = DIRECTION('',(0.,1.));
#470 = ( GEOMETRIC_REPRESENTATION_CONTEXT(2) 
PARAMETRIC_REPRESENTATION_CONTEXT() REPRESENTATION_CONTEXT('2D SPACE',''
  ) );
#471 = ORIENTED_EDGE('',*,*,#472,.F.);
#472 = EDGE_CURVE('',#57,#450,#473,.T.);
#473 = SURFACE_CURVE('',#474,(#478,#485),.PCURVE_S1.);
#474 = LINE('',#475,#476);
#475 = CARTESIAN_POINT('',(-54.,-34.5,100.));
#476 = VECTOR('',#477,1.);
#477 = DIRECTION('',(1.,0.,0.));
#478 = PCURVE('',#72,#479);
#479 = DEFINITIONAL_REPRESENTATION('',(#480),#484);
#480 = LINE('',#481,#482);
#481 = CARTESIAN_POINT('',(0.,22.));
#482 = VECTOR('',#483,1.);
#483 = DIRECTION('',(1.,0.));
#484 = ( GEOMETRIC_REPRESENTATION_CONTEXT(2) 
PARAMETRIC_REPRESENTATION_CONTEXT() REPRESENTATION_CONTEXT('2D SPACE',''
  ) );
#485 = PCURVE('',#100,#486);
#486 = DEFINITIONAL_REPRESENTATION('',(#487),#491);
#487 = LINE('',#488,#489);
#488 = CARTESIAN_POINT('',(0.,0.));
#489 = VECTOR('',#490,1.);
#490 = DIRECTION('',(0.,1.));
#491 = ( GEOMETRIC_REPRESENTATION_CONTEXT(2) 
PARAMETRIC_REPRESENTATION_CONTEXT() REPRESENTATION_CONTEXT('2D SPACE',''
  ) );
#492 = ORIENTED_EDGE('',*,*,#56,.T.);
#493 = FACE_BOUND('',#494,.F.);
#494 = EDGE_LOOP('',(#495));
#495 = ORIENTED_EDGE('',*,*,#496,.T.);
#496 = EDGE_CURVE('',#497,#497,#499,.T.);
#497 = VERTEX_POINT('',#498);
#498 = CARTESIAN_POINT('',(-44.75,-52.,100.));
#499 = SURFACE_CURVE('',#500,(#505,#516),.PCURVE_S1.);
#500 = CIRCLE('',#501,1.25);
#501 = AXIS2_PLACEMENT_3D('',#502,#503,#504);
#502 = CARTESIAN_POINT('',(-46.,-52.,100.));
#503 = DIRECTION('',(0.,0.,-1.));
#504 = DIRECTION('',(1.,0.,0.));
#505 = PCURVE('',#72,#506);
#506 = DEFINITIONAL_REPRESENTATION('',(#507),#515);
#507 = ( BOUNDED_CURVE() B_SPLINE_CURVE(2,(#508,#509,#510,#511,#512,#513
,#514),.UNSPECIFIED.,.T.,.F.) B_SPLINE_CURVE_WITH_KNOTS((1,2,2,2,2,1),(
    -2.094395102393,0.,2.094395102393,4.188790204786,6.28318530718,
8.377580409573),.UNSPECIFIED.) CURVE() GEOMETRIC_REPRESENTATION_ITEM() 
RATIONAL_B_SPLINE_CURVE((1.,0.5,1.,0.5,1.,0.5,1.)) REPRESENTATION_ITEM(
  '') );
#508 = CARTESIAN_POINT('',(9.25,4.5));
#509 = CARTESIAN_POINT('',(9.25,2.334936490539));
#510 = CARTESIAN_POINT('',(7.375,3.417468245269));
#511 = CARTESIAN_POINT('',(5.5,4.5));
#512 = CARTESIAN_POINT('',(7.375,5.582531754731));
#513 = CARTESIAN_POINT('',(9.25,6.665063509461));
#514 = CARTESIAN_POINT('',(9.25,4.5));
#515 = ( GEOMETRIC_REPRESENTATION_CONTEXT(2) 
PARAMETRIC_REPRESENTATION_CONTEXT() REPRESENTATION_CONTEXT('2D SPACE',''
  ) );
#516 = PCURVE('',#517,#522);
#517 = CYLINDRICAL_SURFACE('',#518,1.25);
#518 = AXIS2_PLACEMENT_3D('',#519,#520,#521);
#519 = CARTESIAN_POINT('',(-46.,-52.,99.));
#520 = DIRECTION('',(-0.,-0.,-1.));
#521 = DIRECTION('',(1.,0.,0.));
#522 = DEFINITIONAL_REPRESENTATION('',(#523),#527);
#523 = LINE('',#524,#525);
#524 = CARTESIAN_POINT('',(-6.28318530718,-1.));
#525 = VECTOR('',#526,1.);
#526 = DIRECTION('',(1.,-0.));
#527 = ( GEOMETRIC_REPRESENTATION_CONTEXT(2) 
PARAMETRIC_REPRESENTATION_CONTEXT() REPRESENTATION_CONTEXT('2D SPACE',''
  ) );
#528 = FACE_BOUND('',#529,.F.);
#529 = EDGE_LOOP('',(#530));
#530 = ORIENTED_EDGE('',*,*,#531,.T.);
#531 = EDGE_CURVE('',#532,#532,#534,.T.);
#532 = VERTEX_POINT('',#533);
#533 = CARTESIAN_POINT('',(-12.75,-52.,100.));
#534 = SURFACE_CURVE('',#535,(#540,#551),.PCURVE_S1.);
#535 = CIRCLE('',#536,1.25);
#536 = AXIS2_PLACEMENT_3D('',#537,#538,#539);
#537 = CARTESIAN_POINT('',(-14.,-52.,100.));
#538 = DIRECTION('',(0.,0.,-1.));
#539 = DIRECTION('',(1.,0.,0.));
#540 = PCURVE('',#72,#541);
#541 = DEFINITIONAL_REPRESENTATION('',(#542),#550);
#542 = ( BOUNDED_CURVE() B_SPLINE_CURVE(2,(#543,#544,#545,#546,#547,#548
,#549),.UNSPECIFIED.,.T.,.F.) B_SPLINE_CURVE_WITH_KNOTS((1,2,2,2,2,1),(
    -2.094395102393,0.,2.094395102393,4.188790204786,6.28318530718,
8.377580409573),.UNSPECIFIED.) CURVE() GEOMETRIC_REPRESENTATION_ITEM() 
RATIONAL_B_SPLINE_CURVE((1.,0.5,1.,0.5,1.,0.5,1.)) REPRESENTATION_ITEM(
  '') );
#543 = CARTESIAN_POINT('',(41.25,4.5));
#544 = CARTESIAN_POINT('',(41.25,2.334936490539));
#545 = CARTESIAN_POINT('',(39.375,3.417468245269));
#546 = CARTESIAN_POINT('',(37.5,4.5));
#547 = CARTESIAN_POINT('',(39.375,5.582531754731));
#548 = CARTESIAN_POINT('',(41.25,6.665063509461));
#549 = CARTESIAN_POINT('',(41.25,4.5));
#550 = ( GEOMETRIC_REPRESENTATION_CONTEXT(2) 
PARAMETRIC_REPRESENTATION_CONTEXT() REPRESENTATION_CONTEXT('2D SPACE',''
  ) );
#551 = PCURVE('',#552,#557);
#552 = CYLINDRICAL_SURFACE('',#553,1.25);
#553 = AXIS2_PLACEMENT_3D('',#554,#555,#556);
#554 = CARTESIAN_POINT('',(-14.,-52.,99.));
#555 = DIRECTION('',(-0.,-0.,-1.));
#556 = DIRECTION('',(1.,0.,0.));
#557 = DEFINITIONAL_REPRESENTATION('',(#558),#562);
#558 = LINE('',#559,#560);
#559 = CARTESIAN_POINT('',(-6.28318530718,-1.));
#560 = VECTOR('',#561,1.);
#561 = DIRECTION('',(1.,-0.));
#562 = ( GEOMETRIC_REPRESENTATION_CONTEXT(2) 
PARAMETRIC_REPRESENTATION_CONTEXT() REPRESENTATION_CONTEXT('2D SPACE',''
  ) );
#563 = ADVANCED_FACE('',(#564),#100,.T.);
#564 = FACE_BOUND('',#565,.T.);
#565 = EDGE_LOOP('',(#566,#567,#568,#591));
#566 = ORIENTED_EDGE('',*,*,#472,.F.);
#567 = ORIENTED_EDGE('',*,*,#84,.T.);
#568 = ORIENTED_EDGE('',*,*,#569,.T.);
#569 = EDGE_CURVE('',#85,#570,#572,.T.);
#570 = VERTEX_POINT('',#571);
#571 = CARTESIAN_POINT('',(-6.,-34.5,105.));
#572 = SURFACE_CURVE('',#573,(#577,#584),.PCURVE_S1.);
#573 = LINE('',#574,#575);
#574 = CARTESIAN_POINT('',(-54.,-34.5,105.));
#575 = VECTOR('',#576,1.);
#576 = DIRECTION('',(1.,0.,0.));
#577 = PCURVE('',#100,#578);
#578 = DEFINITIONAL_REPRESENTATION('',(#579),#583);
#579 = LINE('',#580,#581);
#580 = CARTESIAN_POINT('',(5.,0.));
#581 = VECTOR('',#582,1.);
#582 = DIRECTION('',(0.,1.));
#583 = ( GEOMETRIC_REPRESENTATION_CONTEXT(2) 
PARAMETRIC_REPRESENTATION_CONTEXT() REPRESENTATION_CONTEXT('2D SPACE',''
  ) );
#584 = PCURVE('',#128,#585);
#585 = DEFINITIONAL_REPRESENTATION('',(#586),#590);
#586 = LINE('',#587,#588);
#587 = CARTESIAN_POINT('',(0.,22.));
#588 = VECTOR('',#589,1.);
#589 = DIRECTION('',(1.,0.));
#590 = ( GEOMETRIC_REPRESENTATION_CONTEXT(2) 
PARAMETRIC_REPRESENTATION_CONTEXT() REPRESENTATION_CONTEXT('2D SPACE',''
  ) );
#591 = ORIENTED_EDGE('',*,*,#592,.F.);
#592 = EDGE_CURVE('',#450,#570,#593,.T.);
#593 = SURFACE_CURVE('',#594,(#598,#605),.PCURVE_S1.);
#594 = LINE('',#595,#596);
#595 = CARTESIAN_POINT('',(-6.,-34.5,100.));
#596 = VECTOR('',#597,1.);
#597 = DIRECTION('',(0.,0.,1.));
#598 = PCURVE('',#100,#599);
#599 = DEFINITIONAL_REPRESENTATION('',(#600),#604);
#600 = LINE('',#601,#602);
#601 = CARTESIAN_POINT('',(0.,48.));
#602 = VECTOR('',#603,1.);
#603 = DIRECTION('',(1.,0.));
#604 = ( GEOMETRIC_REPRESENTATION_CONTEXT(2) 
PARAMETRIC_REPRESENTATION_CONTEXT() REPRESENTATION_CONTEXT('2D SPACE',''
  ) );
#605 = PCURVE('',#258,#606);
#606 = DEFINITIONAL_REPRESENTATION('',(#607),#611);
#607 = LINE('',#608,#609);
#608 = CARTESIAN_POINT('',(0.,-22.));
#609 = VECTOR('',#610,1.);
#610 = DIRECTION('',(1.,0.));
#611 = ( GEOMETRIC_REPRESENTATION_CONTEXT(2) 
PARAMETRIC_REPRESENTATION_CONTEXT() REPRESENTATION_CONTEXT('2D SPACE',''
  ) );
#612 = ADVANCED_FACE('',(#613),#128,.T.);
#613 = FACE_BOUND('',#614,.T.);
#614 = EDGE_LOOP('',(#615,#616,#638,#664,#690,#711,#733,#759,#785,#806,
    #828,#849));
#615 = ORIENTED_EDGE('',*,*,#112,.F.);
#616 = ORIENTED_EDGE('',*,*,#617,.T.);
#617 = EDGE_CURVE('',#113,#618,#620,.T.);
#618 = VERTEX_POINT('',#619);
#619 = CARTESIAN_POINT('',(-47.94948974278,-52.5,105.));
#620 = SURFACE_CURVE('',#621,(#625,#631),.PCURVE_S1.);
#621 = LINE('',#622,#623);
#622 = CARTESIAN_POINT('',(-54.,-52.5,105.));
#623 = VECTOR('',#624,1.);
#624 = DIRECTION('',(1.,0.,0.));
#625 = PCURVE('',#128,#626);
#626 = DEFINITIONAL_REPRESENTATION('',(#627),#630);
#627 = B_SPLINE_CURVE_WITH_KNOTS('',1,(#628,#629),.UNSPECIFIED.,.F.,.F.,
  (2,2),(0.,48.),.PIECEWISE_BEZIER_KNOTS.);
#628 = CARTESIAN_POINT('',(0.,4.));
#629 = CARTESIAN_POINT('',(48.,4.));
#630 = ( GEOMETRIC_REPRESENTATION_CONTEXT(2) 
PARAMETRIC_REPRESENTATION_CONTEXT() REPRESENTATION_CONTEXT('2D SPACE',''
  ) );
#631 = PCURVE('',#156,#632);
#632 = DEFINITIONAL_REPRESENTATION('',(#633),#637);
#633 = LINE('',#634,#635);
#634 = CARTESIAN_POINT('',(5.,0.));
#635 = VECTOR('',#636,1.);
#636 = DIRECTION('',(0.,1.));
#637 = ( GEOMETRIC_REPRESENTATION_CONTEXT(2) 
PARAMETRIC_REPRESENTATION_CONTEXT() REPRESENTATION_CONTEXT('2D SPACE',''
  ) );
#638 = ORIENTED_EDGE('',*,*,#639,.F.);
#639 = EDGE_CURVE('',#640,#618,#642,.T.);
#640 = VERTEX_POINT('',#641);
#641 = CARTESIAN_POINT('',(-47.94948974278,-47.5,105.));
#642 = SURFACE_CURVE('',#643,(#647,#653),.PCURVE_S1.);
#643 = LINE('',#644,#645);
#644 = CARTESIAN_POINT('',(-47.94948974278,-52.5,105.));
#645 = VECTOR('',#646,1.);
#646 = DIRECTION('',(0.,-1.,0.));
#647 = PCURVE('',#128,#648);
#648 = DEFINITIONAL_REPRESENTATION('',(#649),#652);
#649 = B_SPLINE_CURVE_WITH_KNOTS('',1,(#650,#651),.UNSPECIFIED.,.F.,.F.,
  (2,2),(-5.0000006,5.999999999062E-07),.PIECEWISE_BEZIER_KNOTS.);
#650 = CARTESIAN_POINT('',(6.050510257217,9.0000006));
#651 = CARTESIAN_POINT('',(6.050510257217,3.9999994));
#652 = ( GEOMETRIC_REPRESENTATION_CONTEXT(2) 
PARAMETRIC_REPRESENTATION_CONTEXT() REPRESENTATION_CONTEXT('2D SPACE',''
  ) );
#653 = PCURVE('',#654,#659);
#654 = CYLINDRICAL_SURFACE('',#655,3.5);
#655 = AXIS2_PLACEMENT_3D('',#656,#657,#658);
#656 = CARTESIAN_POINT('',(-45.5,-52.5,107.5));
#657 = DIRECTION('',(0.,-1.,0.));
#658 = DIRECTION('',(1.,0.,0.));
#659 = DEFINITIONAL_REPRESENTATION('',(#660),#663);
#660 = B_SPLINE_CURVE_WITH_KNOTS('',1,(#661,#662),.UNSPECIFIED.,.F.,.F.,
  (2,2),(-5.0000006,5.999999999062E-07),.PIECEWISE_BEZIER_KNOTS.);
#661 = CARTESIAN_POINT('',(3.937195607074,-5.0000006));
#662 = CARTESIAN_POINT('',(3.937195607074,5.999999999062E-07));
#663 = ( GEOMETRIC_REPRESENTATION_CONTEXT(2) 
PARAMETRIC_REPRESENTATION_CONTEXT() REPRESENTATION_CONTEXT('2D SPACE',''
  ) );
#664 = ORIENTED_EDGE('',*,*,#665,.T.);
#665 = EDGE_CURVE('',#640,#666,#668,.T.);
#666 = VERTEX_POINT('',#667);
#667 = CARTESIAN_POINT('',(-43.05051025721,-47.5,105.));
#668 = SURFACE_CURVE('',#669,(#673,#679),.PCURVE_S1.);
#669 = LINE('',#670,#671);
#670 = CARTESIAN_POINT('',(-49.75,-47.5,105.));
#671 = VECTOR('',#672,1.);
#672 = DIRECTION('',(1.,0.,0.));
#673 = PCURVE('',#128,#674);
#674 = DEFINITIONAL_REPRESENTATION('',(#675),#678);
#675 = B_SPLINE_CURVE_WITH_KNOTS('',1,(#676,#677),.UNSPECIFIED.,.F.,.F.,
  (2,2),(0.75,7.75),.PIECEWISE_BEZIER_KNOTS.);
#676 = CARTESIAN_POINT('',(5.,9.));
#677 = CARTESIAN_POINT('',(12.,9.));
#678 = ( GEOMETRIC_REPRESENTATION_CONTEXT(2) 
PARAMETRIC_REPRESENTATION_CONTEXT() REPRESENTATION_CONTEXT('2D SPACE',''
  ) );
#679 = PCURVE('',#680,#685);
#680 = PLANE('',#681);
#681 = AXIS2_PLACEMENT_3D('',#682,#683,#684);
#682 = CARTESIAN_POINT('',(-45.5,-47.5,107.5));
#683 = DIRECTION('',(-0.,-1.,-0.));
#684 = DIRECTION('',(0.,0.,-1.));
#685 = DEFINITIONAL_REPRESENTATION('',(#686),#689);
#686 = B_SPLINE_CURVE_WITH_KNOTS('',1,(#687,#688),.UNSPECIFIED.,.F.,.F.,
  (2,2),(0.75,7.75),.PIECEWISE_BEZIER_KNOTS.);
#687 = CARTESIAN_POINT('',(2.5,-3.5));
#688 = CARTESIAN_POINT('',(2.5,3.5));
#689 = ( GEOMETRIC_REPRESENTATION_CONTEXT(2) 
PARAMETRIC_REPRESENTATION_CONTEXT() REPRESENTATION_CONTEXT('2D SPACE',''
  ) );
#690 = ORIENTED_EDGE('',*,*,#691,.T.);
#691 = EDGE_CURVE('',#666,#692,#694,.T.);
#692 = VERTEX_POINT('',#693);
#693 = CARTESIAN_POINT('',(-43.05051025721,-52.5,105.));
#694 = SURFACE_CURVE('',#695,(#699,#705),.PCURVE_S1.);
#695 = LINE('',#696,#697);
#696 = CARTESIAN_POINT('',(-43.05051025721,-52.5,105.));
#697 = VECTOR('',#698,1.);
#698 = DIRECTION('',(0.,-1.,0.));
#699 = PCURVE('',#128,#700);
#700 = DEFINITIONAL_REPRESENTATION('',(#701),#704);
#701 = B_SPLINE_CURVE_WITH_KNOTS('',1,(#702,#703),.UNSPECIFIED.,.F.,.F.,
  (2,2),(-5.0000006,5.999999999062E-07),.PIECEWISE_BEZIER_KNOTS.);
#702 = CARTESIAN_POINT('',(10.949489742783,9.0000006));
#703 = CARTESIAN_POINT('',(10.949489742783,3.9999994));
#704 = ( GEOMETRIC_REPRESENTATION_CONTEXT(2) 
PARAMETRIC_REPRESENTATION_CONTEXT() REPRESENTATION_CONTEXT('2D SPACE',''
  ) );
#705 = PCURVE('',#654,#706);
#706 = DEFINITIONAL_REPRESENTATION('',(#707),#710);
#707 = B_SPLINE_CURVE_WITH_KNOTS('',1,(#708,#709),.UNSPECIFIED.,.F.,.F.,
  (2,2),(-5.0000006,5.999999999062E-07),.PIECEWISE_BEZIER_KNOTS.);
#708 = CARTESIAN_POINT('',(5.487582353695,-5.0000006));
#709 = CARTESIAN_POINT('',(5.487582353695,5.999999999062E-07));
#710 = ( GEOMETRIC_REPRESENTATION_CONTEXT(2) 
PARAMETRIC_REPRESENTATION_CONTEXT() REPRESENTATION_CONTEXT('2D SPACE',''
  ) );
#711 = ORIENTED_EDGE('',*,*,#712,.T.);
#712 = EDGE_CURVE('',#692,#713,#715,.T.);
#713 = VERTEX_POINT('',#714);
#714 = CARTESIAN_POINT('',(-16.94948974278,-52.5,105.));
#715 = SURFACE_CURVE('',#716,(#720,#726),.PCURVE_S1.);
#716 = LINE('',#717,#718);
#717 = CARTESIAN_POINT('',(-54.,-52.5,105.));
#718 = VECTOR('',#719,1.);
#719 = DIRECTION('',(1.,0.,0.));
#720 = PCURVE('',#128,#721);
#721 = DEFINITIONAL_REPRESENTATION('',(#722),#725);
#722 = B_SPLINE_CURVE_WITH_KNOTS('',1,(#723,#724),.UNSPECIFIED.,.F.,.F.,
  (2,2),(0.,48.),.PIECEWISE_BEZIER_KNOTS.);
#723 = CARTESIAN_POINT('',(0.,4.));
#724 = CARTESIAN_POINT('',(48.,4.));
#725 = ( GEOMETRIC_REPRESENTATION_CONTEXT(2) 
PARAMETRIC_REPRESENTATION_CONTEXT() REPRESENTATION_CONTEXT('2D SPACE',''
  ) );
#726 = PCURVE('',#156,#727);
#727 = DEFINITIONAL_REPRESENTATION('',(#728),#732);
#728 = LINE('',#729,#730);
#729 = CARTESIAN_POINT('',(5.,0.));
#730 = VECTOR('',#731,1.);
#731 = DIRECTION('',(0.,1.));
#732 = ( GEOMETRIC_REPRESENTATION_CONTEXT(2) 
PARAMETRIC_REPRESENTATION_CONTEXT() REPRESENTATION_CONTEXT('2D SPACE',''
  ) );
#733 = ORIENTED_EDGE('',*,*,#734,.F.);
#734 = EDGE_CURVE('',#735,#713,#737,.T.);
#735 = VERTEX_POINT('',#736);
#736 = CARTESIAN_POINT('',(-16.94948974278,-47.5,105.));
#737 = SURFACE_CURVE('',#738,(#742,#748),.PCURVE_S1.);
#738 = LINE('',#739,#740);
#739 = CARTESIAN_POINT('',(-16.94948974278,-52.5,105.));
#740 = VECTOR('',#741,1.);
#741 = DIRECTION('',(0.,-1.,0.));
#742 = PCURVE('',#128,#743);
#743 = DEFINITIONAL_REPRESENTATION('',(#744),#747);
#744 = B_SPLINE_CURVE_WITH_KNOTS('',1,(#745,#746),.UNSPECIFIED.,.F.,.F.,
  (2,2),(-5.0000006,5.999999999062E-07),.PIECEWISE_BEZIER_KNOTS.);
#745 = CARTESIAN_POINT('',(37.050510257217,9.0000006));
#746 = CARTESIAN_POINT('',(37.050510257217,3.9999994));
#747 = ( GEOMETRIC_REPRESENTATION_CONTEXT(2) 
PARAMETRIC_REPRESENTATION_CONTEXT() REPRESENTATION_CONTEXT('2D SPACE',''
  ) );
#748 = PCURVE('',#749,#754);
#749 = CYLINDRICAL_SURFACE('',#750,3.5);
#750 = AXIS2_PLACEMENT_3D('',#751,#752,#753);
#751 = CARTESIAN_POINT('',(-14.5,-52.5,107.5));
#752 = DIRECTION('',(0.,-1.,0.));
#753 = DIRECTION('',(1.,0.,0.));
#754 = DEFINITIONAL_REPRESENTATION('',(#755),#758);
#755 = B_SPLINE_CURVE_WITH_KNOTS('',1,(#756,#757),.UNSPECIFIED.,.F.,.F.,
  (2,2),(-5.0000006,5.999999999062E-07),.PIECEWISE_BEZIER_KNOTS.);
#756 = CARTESIAN_POINT('',(3.937195607074,-5.0000006));
#757 = CARTESIAN_POINT('',(3.937195607074,5.999999999062E-07));
#758 = ( GEOMETRIC_REPRESENTATION_CONTEXT(2) 
PARAMETRIC_REPRESENTATION_CONTEXT() REPRESENTATION_CONTEXT('2D SPACE',''
  ) );
#759 = ORIENTED_EDGE('',*,*,#760,.T.);
#760 = EDGE_CURVE('',#735,#761,#763,.T.);
#761 = VERTEX_POINT('',#762);
#762 = CARTESIAN_POINT('',(-12.05051025721,-47.5,105.));
#763 = SURFACE_CURVE('',#764,(#768,#774),.PCURVE_S1.);
#764 = LINE('',#765,#766);
#765 = CARTESIAN_POINT('',(-34.25,-47.5,105.));
#766 = VECTOR('',#767,1.);
#767 = DIRECTION('',(1.,0.,0.));
#768 = PCURVE('',#128,#769);
#769 = DEFINITIONAL_REPRESENTATION('',(#770),#773);
#770 = B_SPLINE_CURVE_WITH_KNOTS('',1,(#771,#772),.UNSPECIFIED.,.F.,.F.,
  (2,2),(16.25,23.25),.PIECEWISE_BEZIER_KNOTS.);
#771 = CARTESIAN_POINT('',(36.,9.));
#772 = CARTESIAN_POINT('',(43.,9.));
#773 = ( GEOMETRIC_REPRESENTATION_CONTEXT(2) 
PARAMETRIC_REPRESENTATION_CONTEXT() REPRESENTATION_CONTEXT('2D SPACE',''
  ) );
#774 = PCURVE('',#775,#780);
#775 = PLANE('',#776);
#776 = AXIS2_PLACEMENT_3D('',#777,#778,#779);
#777 = CARTESIAN_POINT('',(-14.5,-47.5,107.5));
#778 = DIRECTION('',(-0.,-1.,-0.));
#779 = DIRECTION('',(0.,0.,-1.));
#780 = DEFINITIONAL_REPRESENTATION('',(#781),#784);
#781 = B_SPLINE_CURVE_WITH_KNOTS('',1,(#782,#783),.UNSPECIFIED.,.F.,.F.,
  (2,2),(16.25,23.25),.PIECEWISE_BEZIER_KNOTS.);
#782 = CARTESIAN_POINT('',(2.5,-3.5));
#783 = CARTESIAN_POINT('',(2.5,3.5));
#784 = ( GEOMETRIC_REPRESENTATION_CONTEXT(2) 
PARAMETRIC_REPRESENTATION_CONTEXT() REPRESENTATION_CONTEXT('2D SPACE',''
  ) );
#785 = ORIENTED_EDGE('',*,*,#786,.T.);
#786 = EDGE_CURVE('',#761,#787,#789,.T.);
#787 = VERTEX_POINT('',#788);
#788 = CARTESIAN_POINT('',(-12.05051025721,-52.5,105.));
#789 = SURFACE_CURVE('',#790,(#794,#800),.PCURVE_S1.);
#790 = LINE('',#791,#792);
#791 = CARTESIAN_POINT('',(-12.05051025721,-52.5,105.));
#792 = VECTOR('',#793,1.);
#793 = DIRECTION('',(0.,-1.,0.));
#794 = PCURVE('',#128,#795);
#795 = DEFINITIONAL_REPRESENTATION('',(#796),#799);
#796 = B_SPLINE_CURVE_WITH_KNOTS('',1,(#797,#798),.UNSPECIFIED.,.F.,.F.,
  (2,2),(-5.0000006,5.999999999062E-07),.PIECEWISE_BEZIER_KNOTS.);
#797 = CARTESIAN_POINT('',(41.949489742783,9.0000006));
#798 = CARTESIAN_POINT('',(41.949489742783,3.9999994));
#799 = ( GEOMETRIC_REPRESENTATION_CONTEXT(2) 
PARAMETRIC_REPRESENTATION_CONTEXT() REPRESENTATION_CONTEXT('2D SPACE',''
  ) );
#800 = PCURVE('',#749,#801);
#801 = DEFINITIONAL_REPRESENTATION('',(#802),#805);
#802 = B_SPLINE_CURVE_WITH_KNOTS('',1,(#803,#804),.UNSPECIFIED.,.F.,.F.,
  (2,2),(-5.0000006,5.999999999062E-07),.PIECEWISE_BEZIER_KNOTS.);
#803 = CARTESIAN_POINT('',(5.487582353695,-5.0000006));
#804 = CARTESIAN_POINT('',(5.487582353695,5.999999999062E-07));
#805 = ( GEOMETRIC_REPRESENTATION_CONTEXT(2) 
PARAMETRIC_REPRESENTATION_CONTEXT() REPRESENTATION_CONTEXT('2D SPACE',''
  ) );
#806 = ORIENTED_EDGE('',*,*,#807,.T.);
#807 = EDGE_CURVE('',#787,#808,#810,.T.);
#808 = VERTEX_POINT('',#809);
#809 = CARTESIAN_POINT('',(-6.,-52.5,105.));
#810 = SURFACE_CURVE('',#811,(#815,#821),.PCURVE_S1.);
#811 = LINE('',#812,#813);
#812 = CARTESIAN_POINT('',(-54.,-52.5,105.));
#813 = VECTOR('',#814,1.);
#814 = DIRECTION('',(1.,0.,0.));
#815 = PCURVE('',#128,#816);
#816 = DEFINITIONAL_REPRESENTATION('',(#817),#820);
#817 = B_SPLINE_CURVE_WITH_KNOTS('',1,(#818,#819),.UNSPECIFIED.,.F.,.F.,
  (2,2),(0.,48.),.PIECEWISE_BEZIER_KNOTS.);
#818 = CARTESIAN_POINT('',(0.,4.));
#819 = CARTESIAN_POINT('',(48.,4.));
#820 = ( GEOMETRIC_REPRESENTATION_CONTEXT(2) 
PARAMETRIC_REPRESENTATION_CONTEXT() REPRESENTATION_CONTEXT('2D SPACE',''
  ) );
#821 = PCURVE('',#156,#822);
#822 = DEFINITIONAL_REPRESENTATION('',(#823),#827);
#823 = LINE('',#824,#825);
#824 = CARTESIAN_POINT('',(5.,0.));
#825 = VECTOR('',#826,1.);
#826 = DIRECTION('',(0.,1.));
#827 = ( GEOMETRIC_REPRESENTATION_CONTEXT(2) 
PARAMETRIC_REPRESENTATION_CONTEXT() REPRESENTATION_CONTEXT('2D SPACE',''
  ) );
#828 = ORIENTED_EDGE('',*,*,#829,.T.);
#829 = EDGE_CURVE('',#808,#570,#830,.T.);
#830 = SURFACE_CURVE('',#831,(#835,#842),.PCURVE_S1.);
#831 = LINE('',#832,#833);
#832 = CARTESIAN_POINT('',(-6.,-56.5,105.));
#833 = VECTOR('',#834,1.);
#834 = DIRECTION('',(0.,1.,0.));
#835 = PCURVE('',#128,#836);
#836 = DEFINITIONAL_REPRESENTATION('',(#837),#841);
#837 = LINE('',#838,#839);
#838 = CARTESIAN_POINT('',(48.,0.));
#839 = VECTOR('',#840,1.);
#840 = DIRECTION('',(0.,1.));
#841 = ( GEOMETRIC_REPRESENTATION_CONTEXT(2) 
PARAMETRIC_REPRESENTATION_CONTEXT() REPRESENTATION_CONTEXT('2D SPACE',''
  ) );
#842 = PCURVE('',#258,#843);
#843 = DEFINITIONAL_REPRESENTATION('',(#844),#848);
#844 = LINE('',#845,#846);
#845 = CARTESIAN_POINT('',(5.,0.));
#846 = VECTOR('',#847,1.);
#847 = DIRECTION('',(0.,-1.));
#848 = ( GEOMETRIC_REPRESENTATION_CONTEXT(2) 
PARAMETRIC_REPRESENTATION_CONTEXT() REPRESENTATION_CONTEXT('2D SPACE',''
  ) );
#849 = ORIENTED_EDGE('',*,*,#569,.F.);
#850 = ADVANCED_FACE('',(#851,#1145,#1175,#1205,#1235,#1265),#156,.T.);
#851 = FACE_BOUND('',#852,.T.);
#852 = EDGE_LOOP('',(#853,#876,#877,#905,#926,#952,#973,#999,#1000,#1028
    ,#1049,#1075,#1096,#1122,#1123,#1124));
#853 = ORIENTED_EDGE('',*,*,#854,.F.);
#854 = EDGE_CURVE('',#808,#855,#857,.T.);
#855 = VERTEX_POINT('',#856);
#856 = CARTESIAN_POINT('',(-6.,-52.5,147.));
#857 = SURFACE_CURVE('',#858,(#862,#869),.PCURVE_S1.);
#858 = LINE('',#859,#860);
#859 = CARTESIAN_POINT('',(-6.,-52.5,100.));
#860 = VECTOR('',#861,1.);
#861 = DIRECTION('',(0.,0.,1.));
#862 = PCURVE('',#156,#863);
#863 = DEFINITIONAL_REPRESENTATION('',(#864),#868);
#864 = LINE('',#865,#866);
#865 = CARTESIAN_POINT('',(0.,48.));
#866 = VECTOR('',#867,1.);
#867 = DIRECTION('',(1.,0.));
#868 = ( GEOMETRIC_REPRESENTATION_CONTEXT(2) 
PARAMETRIC_REPRESENTATION_CONTEXT() REPRESENTATION_CONTEXT('2D SPACE',''
  ) );
#869 = PCURVE('',#258,#870);
#870 = DEFINITIONAL_REPRESENTATION('',(#871),#875);
#871 = LINE('',#872,#873);
#872 = CARTESIAN_POINT('',(0.,-4.));
#873 = VECTOR('',#874,1.);
#874 = DIRECTION('',(1.,0.));
#875 = ( GEOMETRIC_REPRESENTATION_CONTEXT(2) 
PARAMETRIC_REPRESENTATION_CONTEXT() REPRESENTATION_CONTEXT('2D SPACE',''
  ) );
#876 = ORIENTED_EDGE('',*,*,#807,.F.);
#877 = ORIENTED_EDGE('',*,*,#878,.F.);
#878 = EDGE_CURVE('',#879,#787,#881,.T.);
#879 = VERTEX_POINT('',#880);
#880 = CARTESIAN_POINT('',(-12.85435607626,-52.5,104.41101050887));
#881 = SURFACE_CURVE('',#882,(#887,#898),.PCURVE_S1.);
#882 = CIRCLE('',#883,3.5);
#883 = AXIS2_PLACEMENT_3D('',#884,#885,#886);
#884 = CARTESIAN_POINT('',(-14.5,-52.5,107.5));
#885 = DIRECTION('',(0.,-1.,0.));
#886 = DIRECTION('',(1.,0.,0.));
#887 = PCURVE('',#156,#888);
#888 = DEFINITIONAL_REPRESENTATION('',(#889),#897);
#889 = ( BOUNDED_CURVE() B_SPLINE_CURVE(2,(#890,#891,#892,#893,#894,#895
,#896),.UNSPECIFIED.,.T.,.F.) B_SPLINE_CURVE_WITH_KNOTS((1,2,2,2,2,1),(
    -2.094395102393,0.,2.094395102393,4.188790204786,6.28318530718,
8.377580409573),.UNSPECIFIED.) CURVE() GEOMETRIC_REPRESENTATION_ITEM() 
RATIONAL_B_SPLINE_CURVE((1.,0.5,1.,0.5,1.,0.5,1.)) REPRESENTATION_ITEM(
  '') );
#890 = CARTESIAN_POINT('',(7.5,43.));
#891 = CARTESIAN_POINT('',(13.562177826491,43.));
#892 = CARTESIAN_POINT('',(10.531088913246,37.75));
#893 = CARTESIAN_POINT('',(7.5,32.5));
#894 = CARTESIAN_POINT('',(4.468911086754,37.75));
#895 = CARTESIAN_POINT('',(1.437822173509,43.));
#896 = CARTESIAN_POINT('',(7.5,43.));
#897 = ( GEOMETRIC_REPRESENTATION_CONTEXT(2) 
PARAMETRIC_REPRESENTATION_CONTEXT() REPRESENTATION_CONTEXT('2D SPACE',''
  ) );
#898 = PCURVE('',#749,#899);
#899 = DEFINITIONAL_REPRESENTATION('',(#900),#904);
#900 = LINE('',#901,#902);
#901 = CARTESIAN_POINT('',(0.,0.));
#902 = VECTOR('',#903,1.);
#903 = DIRECTION('',(1.,0.));
#904 = ( GEOMETRIC_REPRESENTATION_CONTEXT(2) 
PARAMETRIC_REPRESENTATION_CONTEXT() REPRESENTATION_CONTEXT('2D SPACE',''
  ) );
#905 = ORIENTED_EDGE('',*,*,#906,.F.);
#906 = EDGE_CURVE('',#907,#879,#909,.T.);
#907 = VERTEX_POINT('',#908);
#908 = CARTESIAN_POINT('',(-12.85435607626,-52.5,104.5));
#909 = SURFACE_CURVE('',#910,(#914,#920),.PCURVE_S1.);
#910 = LINE('',#911,#912);
#911 = CARTESIAN_POINT('',(-12.85435607626,-52.5,99.));
#912 = VECTOR('',#913,1.);
#913 = DIRECTION('',(-0.,-0.,-1.));
#914 = PCURVE('',#156,#915);
#915 = DEFINITIONAL_REPRESENTATION('',(#916),#919);
#916 = B_SPLINE_CURVE_WITH_KNOTS('',1,(#917,#918),.UNSPECIFIED.,.F.,.F.,
  (2,2),(-5.5000006,-0.7),.PIECEWISE_BEZIER_KNOTS.);
#917 = CARTESIAN_POINT('',(4.5000006,41.145643923739));
#918 = CARTESIAN_POINT('',(-0.3,41.145643923739));
#919 = ( GEOMETRIC_REPRESENTATION_CONTEXT(2) 
PARAMETRIC_REPRESENTATION_CONTEXT() REPRESENTATION_CONTEXT('2D SPACE',''
  ) );
#920 = PCURVE('',#552,#921);
#921 = DEFINITIONAL_REPRESENTATION('',(#922),#925);
#922 = B_SPLINE_CURVE_WITH_KNOTS('',1,(#923,#924),.UNSPECIFIED.,.F.,.F.,
  (2,2),(-5.5000006,-0.7),.PIECEWISE_BEZIER_KNOTS.);
#923 = CARTESIAN_POINT('',(-5.871668461112,-5.5000006));
#924 = CARTESIAN_POINT('',(-5.871668461112,-0.7));
#925 = ( GEOMETRIC_REPRESENTATION_CONTEXT(2) 
PARAMETRIC_REPRESENTATION_CONTEXT() REPRESENTATION_CONTEXT('2D SPACE',''
  ) );
#926 = ORIENTED_EDGE('',*,*,#927,.F.);
#927 = EDGE_CURVE('',#928,#907,#930,.T.);
#928 = VERTEX_POINT('',#929);
#929 = CARTESIAN_POINT('',(-15.14564392373,-52.5,104.5));
#930 = SURFACE_CURVE('',#931,(#935,#941),.PCURVE_S1.);
#931 = LINE('',#932,#933);
#932 = CARTESIAN_POINT('',(-34.,-52.5,104.5));
#933 = VECTOR('',#934,1.);
#934 = DIRECTION('',(1.,0.,0.));
#935 = PCURVE('',#156,#936);
#936 = DEFINITIONAL_REPRESENTATION('',(#937),#940);
#937 = B_SPLINE_CURVE_WITH_KNOTS('',1,(#938,#939),.UNSPECIFIED.,.F.,.F.,
  (2,2),(18.75,21.25),.PIECEWISE_BEZIER_KNOTS.);
#938 = CARTESIAN_POINT('',(4.5,38.75));
#939 = CARTESIAN_POINT('',(4.5,41.25));
#940 = ( GEOMETRIC_REPRESENTATION_CONTEXT(2) 
PARAMETRIC_REPRESENTATION_CONTEXT() REPRESENTATION_CONTEXT('2D SPACE',''
  ) );
#941 = PCURVE('',#942,#947);
#942 = PLANE('',#943);
#943 = AXIS2_PLACEMENT_3D('',#944,#945,#946);
#944 = CARTESIAN_POINT('',(-14.,-52.,104.5));
#945 = DIRECTION('',(0.,0.,1.));
#946 = DIRECTION('',(1.,0.,-0.));
#947 = DEFINITIONAL_REPRESENTATION('',(#948),#951);
#948 = B_SPLINE_CURVE_WITH_KNOTS('',1,(#949,#950),.UNSPECIFIED.,.F.,.F.,
  (2,2),(18.75,21.25),.PIECEWISE_BEZIER_KNOTS.);
#949 = CARTESIAN_POINT('',(-1.25,-0.5));
#950 = CARTESIAN_POINT('',(1.25,-0.5));
#951 = ( GEOMETRIC_REPRESENTATION_CONTEXT(2) 
PARAMETRIC_REPRESENTATION_CONTEXT() REPRESENTATION_CONTEXT('2D SPACE',''
  ) );
#952 = ORIENTED_EDGE('',*,*,#953,.T.);
#953 = EDGE_CURVE('',#928,#954,#956,.T.);
#954 = VERTEX_POINT('',#955);
#955 = CARTESIAN_POINT('',(-15.14564392373,-52.5,104.06006629079));
#956 = SURFACE_CURVE('',#957,(#961,#967),.PCURVE_S1.);
#957 = LINE('',#958,#959);
#958 = CARTESIAN_POINT('',(-15.14564392373,-52.5,99.));
#959 = VECTOR('',#960,1.);
#960 = DIRECTION('',(-0.,-0.,-1.));
#961 = PCURVE('',#156,#962);
#962 = DEFINITIONAL_REPRESENTATION('',(#963),#966);
#963 = B_SPLINE_CURVE_WITH_KNOTS('',1,(#964,#965),.UNSPECIFIED.,.F.,.F.,
  (2,2),(-5.5000006,-0.7),.PIECEWISE_BEZIER_KNOTS.);
#964 = CARTESIAN_POINT('',(4.5000006,38.854356076261));
#965 = CARTESIAN_POINT('',(-0.3,38.854356076261));
#966 = ( GEOMETRIC_REPRESENTATION_CONTEXT(2) 
PARAMETRIC_REPRESENTATION_CONTEXT() REPRESENTATION_CONTEXT('2D SPACE',''
  ) );
#967 = PCURVE('',#552,#968);
#968 = DEFINITIONAL_REPRESENTATION('',(#969),#972);
#969 = B_SPLINE_CURVE_WITH_KNOTS('',1,(#970,#971),.UNSPECIFIED.,.F.,.F.,
  (2,2),(-5.5000006,-0.7),.PIECEWISE_BEZIER_KNOTS.);
#970 = CARTESIAN_POINT('',(-3.553109499657,-5.5000006));
#971 = CARTESIAN_POINT('',(-3.553109499657,-0.7));
#972 = ( GEOMETRIC_REPRESENTATION_CONTEXT(2) 
PARAMETRIC_REPRESENTATION_CONTEXT() REPRESENTATION_CONTEXT('2D SPACE',''
  ) );
#973 = ORIENTED_EDGE('',*,*,#974,.F.);
#974 = EDGE_CURVE('',#713,#954,#975,.T.);
#975 = SURFACE_CURVE('',#976,(#981,#992),.PCURVE_S1.);
#976 = CIRCLE('',#977,3.5);
#977 = AXIS2_PLACEMENT_3D('',#978,#979,#980);
#978 = CARTESIAN_POINT('',(-14.5,-52.5,107.5));
#979 = DIRECTION('',(0.,-1.,0.));
#980 = DIRECTION('',(1.,0.,0.));
#981 = PCURVE('',#156,#982);
#982 = DEFINITIONAL_REPRESENTATION('',(#983),#991);
#983 = ( BOUNDED_CURVE() B_SPLINE_CURVE(2,(#984,#985,#986,#987,#988,#989
,#990),.UNSPECIFIED.,.T.,.F.) B_SPLINE_CURVE_WITH_KNOTS((1,2,2,2,2,1),(
    -2.094395102393,0.,2.094395102393,4.188790204786,6.28318530718,
8.377580409573),.UNSPECIFIED.) CURVE() GEOMETRIC_REPRESENTATION_ITEM() 
RATIONAL_B_SPLINE_CURVE((1.,0.5,1.,0.5,1.,0.5,1.)) REPRESENTATION_ITEM(
  '') );
#984 = CARTESIAN_POINT('',(7.5,43.));
#985 = CARTESIAN_POINT('',(13.562177826491,43.));
#986 = CARTESIAN_POINT('',(10.531088913246,37.75));
#987 = CARTESIAN_POINT('',(7.5,32.5));
#988 = CARTESIAN_POINT('',(4.468911086754,37.75));
#989 = CARTESIAN_POINT('',(1.437822173509,43.));
#990 = CARTESIAN_POINT('',(7.5,43.));
#991 = ( GEOMETRIC_REPRESENTATION_CONTEXT(2) 
PARAMETRIC_REPRESENTATION_CONTEXT() REPRESENTATION_CONTEXT('2D SPACE',''
  ) );
#992 = PCURVE('',#749,#993);
#993 = DEFINITIONAL_REPRESENTATION('',(#994),#998);
#994 = LINE('',#995,#996);
#995 = CARTESIAN_POINT('',(0.,0.));
#996 = VECTOR('',#997,1.);
#997 = DIRECTION('',(1.,0.));
#998 = ( GEOMETRIC_REPRESENTATION_CONTEXT(2) 
PARAMETRIC_REPRESENTATION_CONTEXT() REPRESENTATION_CONTEXT('2D SPACE',''
  ) );
#999 = ORIENTED_EDGE('',*,*,#712,.F.);
#1000 = ORIENTED_EDGE('',*,*,#1001,.F.);
#1001 = EDGE_CURVE('',#1002,#692,#1004,.T.);
#1002 = VERTEX_POINT('',#1003);
#1003 = CARTESIAN_POINT('',(-44.85435607626,-52.5,104.06006629079));
#1004 = SURFACE_CURVE('',#1005,(#1010,#1021),.PCURVE_S1.);
#1005 = CIRCLE('',#1006,3.5);
#1006 = AXIS2_PLACEMENT_3D('',#1007,#1008,#1009);
#1007 = CARTESIAN_POINT('',(-45.5,-52.5,107.5));
#1008 = DIRECTION('',(0.,-1.,0.));
#1009 = DIRECTION('',(1.,0.,0.));
#1010 = PCURVE('',#156,#1011);
#1011 = DEFINITIONAL_REPRESENTATION('',(#1012),#1020);
#1012 = ( BOUNDED_CURVE() B_SPLINE_CURVE(2,(#1013,#1014,#1015,#1016,
#1017,#1018,#1019),.UNSPECIFIED.,.T.,.F.) B_SPLINE_CURVE_WITH_KNOTS((1,2
    ,2,2,2,1),(-2.094395102393,0.,2.094395102393,4.188790204786,
6.28318530718,8.377580409573),.UNSPECIFIED.) CURVE() 
GEOMETRIC_REPRESENTATION_ITEM() RATIONAL_B_SPLINE_CURVE((1.,0.5,1.,0.5,
1.,0.5,1.)) REPRESENTATION_ITEM('') );
#1013 = CARTESIAN_POINT('',(7.5,12.));
#1014 = CARTESIAN_POINT('',(13.562177826491,12.));
#1015 = CARTESIAN_POINT('',(10.531088913246,6.75));
#1016 = CARTESIAN_POINT('',(7.5,1.5));
#1017 = CARTESIAN_POINT('',(4.468911086754,6.75));
#1018 = CARTESIAN_POINT('',(1.437822173509,12.));
#1019 = CARTESIAN_POINT('',(7.5,12.));
#1020 = ( GEOMETRIC_REPRESENTATION_CONTEXT(2) 
PARAMETRIC_REPRESENTATION_CONTEXT() REPRESENTATION_CONTEXT('2D SPACE',''
  ) );
#1021 = PCURVE('',#654,#1022);
#1022 = DEFINITIONAL_REPRESENTATION('',(#1023),#1027);
#1023 = LINE('',#1024,#1025);
#1024 = CARTESIAN_POINT('',(0.,0.));
#1025 = VECTOR('',#1026,1.);
#1026 = DIRECTION('',(1.,0.));
#1027 = ( GEOMETRIC_REPRESENTATION_CONTEXT(2) 
PARAMETRIC_REPRESENTATION_CONTEXT() REPRESENTATION_CONTEXT('2D SPACE',''
  ) );
#1028 = ORIENTED_EDGE('',*,*,#1029,.F.);
#1029 = EDGE_CURVE('',#1030,#1002,#1032,.T.);
#1030 = VERTEX_POINT('',#1031);
#1031 = CARTESIAN_POINT('',(-44.85435607626,-52.5,104.5));
#1032 = SURFACE_CURVE('',#1033,(#1037,#1043),.PCURVE_S1.);
#1033 = LINE('',#1034,#1035);
#1034 = CARTESIAN_POINT('',(-44.85435607626,-52.5,99.));
#1035 = VECTOR('',#1036,1.);
#1036 = DIRECTION('',(-0.,-0.,-1.));
#1037 = PCURVE('',#156,#1038);
#1038 = DEFINITIONAL_REPRESENTATION('',(#1039),#1042);
#1039 = B_SPLINE_CURVE_WITH_KNOTS('',1,(#1040,#1041),.UNSPECIFIED.,.F.,
  .F.,(2,2),(-5.5000006,-0.7),.PIECEWISE_BEZIER_KNOTS.);
#1040 = CARTESIAN_POINT('',(4.5000006,9.145643923739));
#1041 = CARTESIAN_POINT('',(-0.3,9.145643923739));
#1042 = ( GEOMETRIC_REPRESENTATION_CONTEXT(2) 
PARAMETRIC_REPRESENTATION_CONTEXT() REPRESENTATION_CONTEXT('2D SPACE',''
  ) );
#1043 = PCURVE('',#517,#1044);
#1044 = DEFINITIONAL_REPRESENTATION('',(#1045),#1048);
#1045 = B_SPLINE_CURVE_WITH_KNOTS('',1,(#1046,#1047),.UNSPECIFIED.,.F.,
  .F.,(2,2),(-5.5000006,-0.7),.PIECEWISE_BEZIER_KNOTS.);
#1046 = CARTESIAN_POINT('',(-5.871668461112,-5.5000006));
#1047 = CARTESIAN_POINT('',(-5.871668461112,-0.7));
#1048 = ( GEOMETRIC_REPRESENTATION_CONTEXT(2) 
PARAMETRIC_REPRESENTATION_CONTEXT() REPRESENTATION_CONTEXT('2D SPACE',''
  ) );
#1049 = ORIENTED_EDGE('',*,*,#1050,.F.);
#1050 = EDGE_CURVE('',#1051,#1030,#1053,.T.);
#1051 = VERTEX_POINT('',#1052);
#1052 = CARTESIAN_POINT('',(-47.14564392373,-52.5,104.5));
#1053 = SURFACE_CURVE('',#1054,(#1058,#1064),.PCURVE_S1.);
#1054 = LINE('',#1055,#1056);
#1055 = CARTESIAN_POINT('',(-50.,-52.5,104.5));
#1056 = VECTOR('',#1057,1.);
#1057 = DIRECTION('',(1.,0.,0.));
#1058 = PCURVE('',#156,#1059);
#1059 = DEFINITIONAL_REPRESENTATION('',(#1060),#1063);
#1060 = B_SPLINE_CURVE_WITH_KNOTS('',1,(#1061,#1062),.UNSPECIFIED.,.F.,
  .F.,(2,2),(2.75,5.25),.PIECEWISE_BEZIER_KNOTS.);
#1061 = CARTESIAN_POINT('',(4.5,6.75));
#1062 = CARTESIAN_POINT('',(4.5,9.25));
#1063 = ( GEOMETRIC_REPRESENTATION_CONTEXT(2) 
PARAMETRIC_REPRESENTATION_CONTEXT() REPRESENTATION_CONTEXT('2D SPACE',''
  ) );
#1064 = PCURVE('',#1065,#1070);
#1065 = PLANE('',#1066);
#1066 = AXIS2_PLACEMENT_3D('',#1067,#1068,#1069);
#1067 = CARTESIAN_POINT('',(-46.,-52.,104.5));
#1068 = DIRECTION('',(0.,0.,1.));
#1069 = DIRECTION('',(1.,0.,-0.));
#1070 = DEFINITIONAL_REPRESENTATION('',(#1071),#1074);
#1071 = B_SPLINE_CURVE_WITH_KNOTS('',1,(#1072,#1073),.UNSPECIFIED.,.F.,
  .F.,(2,2),(2.75,5.25),.PIECEWISE_BEZIER_KNOTS.);
#1072 = CARTESIAN_POINT('',(-1.25,-0.5));
#1073 = CARTESIAN_POINT('',(1.25,-0.5));
#1074 = ( GEOMETRIC_REPRESENTATION_CONTEXT(2) 
PARAMETRIC_REPRESENTATION_CONTEXT() REPRESENTATION_CONTEXT('2D SPACE',''
  ) );
#1075 = ORIENTED_EDGE('',*,*,#1076,.T.);
#1076 = EDGE_CURVE('',#1051,#1077,#1079,.T.);
#1077 = VERTEX_POINT('',#1078);
#1078 = CARTESIAN_POINT('',(-47.14564392373,-52.5,104.41101050887));
#1079 = SURFACE_CURVE('',#1080,(#1084,#1090),.PCURVE_S1.);
#1080 = LINE('',#1081,#1082);
#1081 = CARTESIAN_POINT('',(-47.14564392373,-52.5,99.));
#1082 = VECTOR('',#1083,1.);
#1083 = DIRECTION('',(-0.,-0.,-1.));
#1084 = PCURVE('',#156,#1085);
#1085 = DEFINITIONAL_REPRESENTATION('',(#1086),#1089);
#1086 = B_SPLINE_CURVE_WITH_KNOTS('',1,(#1087,#1088),.UNSPECIFIED.,.F.,
  .F.,(2,2),(-5.5000006,-0.7),.PIECEWISE_BEZIER_KNOTS.);
#1087 = CARTESIAN_POINT('',(4.5000006,6.854356076261));
#1088 = CARTESIAN_POINT('',(-0.3,6.854356076261));
#1089 = ( GEOMETRIC_REPRESENTATION_CONTEXT(2) 
PARAMETRIC_REPRESENTATION_CONTEXT() REPRESENTATION_CONTEXT('2D SPACE',''
  ) );
#1090 = PCURVE('',#517,#1091);
#1091 = DEFINITIONAL_REPRESENTATION('',(#1092),#1095);
#1092 = B_SPLINE_CURVE_WITH_KNOTS('',1,(#1093,#1094),.UNSPECIFIED.,.F.,
  .F.,(2,2),(-5.5000006,-0.7),.PIECEWISE_BEZIER_KNOTS.);
#1093 = CARTESIAN_POINT('',(-3.553109499657,-5.5000006));
#1094 = CARTESIAN_POINT('',(-3.553109499657,-0.7));
#1095 = ( GEOMETRIC_REPRESENTATION_CONTEXT(2) 
PARAMETRIC_REPRESENTATION_CONTEXT() REPRESENTATION_CONTEXT('2D SPACE',''
  ) );
#1096 = ORIENTED_EDGE('',*,*,#1097,.F.);
#1097 = EDGE_CURVE('',#618,#1077,#1098,.T.);
#1098 = SURFACE_CURVE('',#1099,(#1104,#1115),.PCURVE_S1.);
#1099 = CIRCLE('',#1100,3.5);
#1100 = AXIS2_PLACEMENT_3D('',#1101,#1102,#1103);
#1101 = CARTESIAN_POINT('',(-45.5,-52.5,107.5));
#1102 = DIRECTION('',(0.,-1.,0.));
#1103 = DIRECTION('',(1.,0.,0.));
#1104 = PCURVE('',#156,#1105);
#1105 = DEFINITIONAL_REPRESENTATION('',(#1106),#1114);
#1106 = ( BOUNDED_CURVE() B_SPLINE_CURVE(2,(#1107,#1108,#1109,#1110,
#1111,#1112,#1113),.UNSPECIFIED.,.T.,.F.) B_SPLINE_CURVE_WITH_KNOTS((1,2
    ,2,2,2,1),(-2.094395102393,0.,2.094395102393,4.188790204786,
6.28318530718,8.377580409573),.UNSPECIFIED.) CURVE() 
GEOMETRIC_REPRESENTATION_ITEM() RATIONAL_B_SPLINE_CURVE((1.,0.5,1.,0.5,
1.,0.5,1.)) REPRESENTATION_ITEM('') );
#1107 = CARTESIAN_POINT('',(7.5,12.));
#1108 = CARTESIAN_POINT('',(13.562177826491,12.));
#1109 = CARTESIAN_POINT('',(10.531088913246,6.75));
#1110 = CARTESIAN_POINT('',(7.5,1.5));
#1111 = CARTESIAN_POINT('',(4.468911086754,6.75));
#1112 = CARTESIAN_POINT('',(1.437822173509,12.));
#1113 = CARTESIAN_POINT('',(7.5,12.));
#1114 = ( GEOMETRIC_REPRESENTATION_CONTEXT(2) 
PARAMETRIC_REPRESENTATION_CONTEXT() REPRESENTATION_CONTEXT('2D SPACE',''
  ) );
#1115 = PCURVE('',#654,#1116);
#1116 = DEFINITIONAL_REPRESENTATION('',(#1117),#1121);
#1117 = LINE('',#1118,#1119);
#1118 = CARTESIAN_POINT('',(0.,0.));
#1119 = VECTOR('',#1120,1.);
#1120 = DIRECTION('',(1.,0.));
#1121 = ( GEOMETRIC_REPRESENTATION_CONTEXT(2) 
PARAMETRIC_REPRESENTATION_CONTEXT() REPRESENTATION_CONTEXT('2D SPACE',''
  ) );
#1122 = ORIENTED_EDGE('',*,*,#617,.F.);
#1123 = ORIENTED_EDGE('',*,*,#140,.T.);
#1124 = ORIENTED_EDGE('',*,*,#1125,.T.);
#1125 = EDGE_CURVE('',#141,#855,#1126,.T.);
#1126 = SURFACE_CURVE('',#1127,(#1131,#1138),.PCURVE_S1.);
#1127 = LINE('',#1128,#1129);
#1128 = CARTESIAN_POINT('',(-54.,-52.5,147.));
#1129 = VECTOR('',#1130,1.);
#1130 = DIRECTION('',(1.,0.,0.));
#1131 = PCURVE('',#156,#1132);
#1132 = DEFINITIONAL_REPRESENTATION('',(#1133),#1137);
#1133 = LINE('',#1134,#1135);
#1134 = CARTESIAN_POINT('',(47.,0.));
#1135 = VECTOR('',#1136,1.);
#1136 = DIRECTION('',(0.,1.));
#1137 = ( GEOMETRIC_REPRESENTATION_CONTEXT(2) 
PARAMETRIC_REPRESENTATION_CONTEXT() REPRESENTATION_CONTEXT('2D SPACE',''
  ) );
#1138 = PCURVE('',#182,#1139);
#1139 = DEFINITIONAL_REPRESENTATION('',(#1140),#1144);
#1140 = LINE('',#1141,#1142);
#1141 = CARTESIAN_POINT('',(0.,4.));
#1142 = VECTOR('',#1143,1.);
#1143 = DIRECTION('',(1.,0.));
#1144 = ( GEOMETRIC_REPRESENTATION_CONTEXT(2) 
PARAMETRIC_REPRESENTATION_CONTEXT() REPRESENTATION_CONTEXT('2D SPACE',''
  ) );
#1145 = FACE_BOUND('',#1146,.T.);
#1146 = EDGE_LOOP('',(#1147));
#1147 = ORIENTED_EDGE('',*,*,#1148,.T.);
#1148 = EDGE_CURVE('',#1149,#1149,#1151,.T.);
#1149 = VERTEX_POINT('',#1150);
#1150 = CARTESIAN_POINT('',(-43.8,-52.5,107.5));
#1151 = SURFACE_CURVE('',#1152,(#1157,#1168),.PCURVE_S1.);
#1152 = CIRCLE('',#1153,1.7);
#1153 = AXIS2_PLACEMENT_3D('',#1154,#1155,#1156);
#1154 = CARTESIAN_POINT('',(-45.5,-52.5,107.5));
#1155 = DIRECTION('',(0.,-1.,0.));
#1156 = DIRECTION('',(1.,0.,0.));
#1157 = PCURVE('',#156,#1158);
#1158 = DEFINITIONAL_REPRESENTATION('',(#1159),#1167);
#1159 = ( BOUNDED_CURVE() B_SPLINE_CURVE(2,(#1160,#1161,#1162,#1163,
#1164,#1165,#1166),.UNSPECIFIED.,.T.,.F.) B_SPLINE_CURVE_WITH_KNOTS((1,2
    ,2,2,2,1),(-2.094395102393,0.,2.094395102393,4.188790204786,
6.28318530718,8.377580409573),.UNSPECIFIED.) CURVE() 
GEOMETRIC_REPRESENTATION_ITEM() RATIONAL_B_SPLINE_CURVE((1.,0.5,1.,0.5,
1.,0.5,1.)) REPRESENTATION_ITEM('') );
#1160 = CARTESIAN_POINT('',(7.5,10.2));
#1161 = CARTESIAN_POINT('',(10.444486372867,10.2));
#1162 = CARTESIAN_POINT('',(8.972243186434,7.65));
#1163 = CARTESIAN_POINT('',(7.5,5.1));
#1164 = CARTESIAN_POINT('',(6.027756813566,7.65));
#1165 = CARTESIAN_POINT('',(4.555513627133,10.2));
#1166 = CARTESIAN_POINT('',(7.5,10.2));
#1167 = ( GEOMETRIC_REPRESENTATION_CONTEXT(2) 
PARAMETRIC_REPRESENTATION_CONTEXT() REPRESENTATION_CONTEXT('2D SPACE',''
  ) );
#1168 = PCURVE('',#293,#1169);
#1169 = DEFINITIONAL_REPRESENTATION('',(#1170),#1174);
#1170 = LINE('',#1171,#1172);
#1171 = CARTESIAN_POINT('',(0.,-5.));
#1172 = VECTOR('',#1173,1.);
#1173 = DIRECTION('',(1.,0.));
#1174 = ( GEOMETRIC_REPRESENTATION_CONTEXT(2) 
PARAMETRIC_REPRESENTATION_CONTEXT() REPRESENTATION_CONTEXT('2D SPACE',''
  ) );
#1175 = FACE_BOUND('',#1176,.T.);
#1176 = EDGE_LOOP('',(#1177));
#1177 = ORIENTED_EDGE('',*,*,#1178,.T.);
#1178 = EDGE_CURVE('',#1179,#1179,#1181,.T.);
#1179 = VERTEX_POINT('',#1180);
#1180 = CARTESIAN_POINT('',(-43.8,-52.5,138.5));
#1181 = SURFACE_CURVE('',#1182,(#1187,#1198),.PCURVE_S1.);
#1182 = CIRCLE('',#1183,1.7);
#1183 = AXIS2_PLACEMENT_3D('',#1184,#1185,#1186);
#1184 = CARTESIAN_POINT('',(-45.5,-52.5,138.5));
#1185 = DIRECTION('',(0.,-1.,0.));
#1186 = DIRECTION('',(1.,0.,0.));
#1187 = PCURVE('',#156,#1188);
#1188 = DEFINITIONAL_REPRESENTATION('',(#1189),#1197);
#1189 = ( BOUNDED_CURVE() B_SPLINE_CURVE(2,(#1190,#1191,#1192,#1193,
#1194,#1195,#1196),.UNSPECIFIED.,.T.,.F.) B_SPLINE_CURVE_WITH_KNOTS((1,2
    ,2,2,2,1),(-2.094395102393,0.,2.094395102393,4.188790204786,
6.28318530718,8.377580409573),.UNSPECIFIED.) CURVE() 
GEOMETRIC_REPRESENTATION_ITEM() RATIONAL_B_SPLINE_CURVE((1.,0.5,1.,0.5,
1.,0.5,1.)) REPRESENTATION_ITEM('') );
#1190 = CARTESIAN_POINT('',(38.5,10.2));
#1191 = CARTESIAN_POINT('',(41.444486372867,10.2));
#1192 = CARTESIAN_POINT('',(39.972243186434,7.65));
#1193 = CARTESIAN_POINT('',(38.5,5.1));
#1194 = CARTESIAN_POINT('',(37.027756813566,7.65));
#1195 = CARTESIAN_POINT('',(35.555513627133,10.2));
#1196 = CARTESIAN_POINT('',(38.5,10.2));
#1197 = ( GEOMETRIC_REPRESENTATION_CONTEXT(2) 
PARAMETRIC_REPRESENTATION_CONTEXT() REPRESENTATION_CONTEXT('2D SPACE',''
  ) );
#1198 = PCURVE('',#363,#1199);
#1199 = DEFINITIONAL_REPRESENTATION('',(#1200),#1204);
#1200 = LINE('',#1201,#1202);
#1201 = CARTESIAN_POINT('',(0.,-5.));
#1202 = VECTOR('',#1203,1.);
#1203 = DIRECTION('',(1.,0.));
#1204 = ( GEOMETRIC_REPRESENTATION_CONTEXT(2) 
PARAMETRIC_REPRESENTATION_CONTEXT() REPRESENTATION_CONTEXT('2D SPACE',''
  ) );
#1205 = FACE_BOUND('',#1206,.T.);
#1206 = EDGE_LOOP('',(#1207));
#1207 = ORIENTED_EDGE('',*,*,#1208,.T.);
#1208 = EDGE_CURVE('',#1209,#1209,#1211,.T.);
#1209 = VERTEX_POINT('',#1210);
#1210 = CARTESIAN_POINT('',(-12.8,-52.5,107.5));
#1211 = SURFACE_CURVE('',#1212,(#1217,#1228),.PCURVE_S1.);
#1212 = CIRCLE('',#1213,1.7);
#1213 = AXIS2_PLACEMENT_3D('',#1214,#1215,#1216);
#1214 = CARTESIAN_POINT('',(-14.5,-52.5,107.5));
#1215 = DIRECTION('',(0.,-1.,0.));
#1216 = DIRECTION('',(1.,0.,0.));
#1217 = PCURVE('',#156,#1218);
#1218 = DEFINITIONAL_REPRESENTATION('',(#1219),#1227);
#1219 = ( BOUNDED_CURVE() B_SPLINE_CURVE(2,(#1220,#1221,#1222,#1223,
#1224,#1225,#1226),.UNSPECIFIED.,.T.,.F.) B_SPLINE_CURVE_WITH_KNOTS((1,2
    ,2,2,2,1),(-2.094395102393,0.,2.094395102393,4.188790204786,
6.28318530718,8.377580409573),.UNSPECIFIED.) CURVE() 
GEOMETRIC_REPRESENTATION_ITEM() RATIONAL_B_SPLINE_CURVE((1.,0.5,1.,0.5,
1.,0.5,1.)) REPRESENTATION_ITEM('') );
#1220 = CARTESIAN_POINT('',(7.5,41.2));
#1221 = CARTESIAN_POINT('',(10.444486372867,41.2));
#1222 = CARTESIAN_POINT('',(8.972243186434,38.65));
#1223 = CARTESIAN_POINT('',(7.5,36.1));
#1224 = CARTESIAN_POINT('',(6.027756813566,38.65));
#1225 = CARTESIAN_POINT('',(4.555513627133,41.2));
#1226 = CARTESIAN_POINT('',(7.5,41.2));
#1227 = ( GEOMETRIC_REPRESENTATION_CONTEXT(2) 
PARAMETRIC_REPRESENTATION_CONTEXT() REPRESENTATION_CONTEXT('2D SPACE',''
  ) );
#1228 = PCURVE('',#398,#1229);
#1229 = DEFINITIONAL_REPRESENTATION('',(#1230),#1234);
#1230 = LINE('',#1231,#1232);
#1231 = CARTESIAN_POINT('',(0.,-5.));
#1232 = VECTOR('',#1233,1.);
#1233 = DIRECTION('',(1.,0.));
#1234 = ( GEOMETRIC_REPRESENTATION_CONTEXT(2) 
PARAMETRIC_REPRESENTATION_CONTEXT() REPRESENTATION_CONTEXT('2D SPACE',''
  ) );
#1235 = FACE_BOUND('',#1236,.T.);
#1236 = EDGE_LOOP('',(#1237));
#1237 = ORIENTED_EDGE('',*,*,#1238,.T.);
#1238 = EDGE_CURVE('',#1239,#1239,#1241,.T.);
#1239 = VERTEX_POINT('',#1240);
#1240 = CARTESIAN_POINT('',(-18.75,-52.5,123.));
#1241 = SURFACE_CURVE('',#1242,(#1247,#1258),.PCURVE_S1.);
#1242 = CIRCLE('',#1243,11.25);
#1243 = AXIS2_PLACEMENT_3D('',#1244,#1245,#1246);
#1244 = CARTESIAN_POINT('',(-30.,-52.5,123.));
#1245 = DIRECTION('',(0.,-1.,0.));
#1246 = DIRECTION('',(1.,0.,0.));
#1247 = PCURVE('',#156,#1248);
#1248 = DEFINITIONAL_REPRESENTATION('',(#1249),#1257);
#1249 = ( BOUNDED_CURVE() B_SPLINE_CURVE(2,(#1250,#1251,#1252,#1253,
#1254,#1255,#1256),.UNSPECIFIED.,.T.,.F.) B_SPLINE_CURVE_WITH_KNOTS((1,2
    ,2,2,2,1),(-2.094395102393,0.,2.094395102393,4.188790204786,
6.28318530718,8.377580409573),.UNSPECIFIED.) CURVE() 
GEOMETRIC_REPRESENTATION_ITEM() RATIONAL_B_SPLINE_CURVE((1.,0.5,1.,0.5,
1.,0.5,1.)) REPRESENTATION_ITEM('') );
#1250 = CARTESIAN_POINT('',(23.,35.25));
#1251 = CARTESIAN_POINT('',(42.48557158515,35.25));
#1252 = CARTESIAN_POINT('',(32.742785792575,18.375));
#1253 = CARTESIAN_POINT('',(23.,1.5));
#1254 = CARTESIAN_POINT('',(13.257214207425,18.375));
#1255 = CARTESIAN_POINT('',(3.51442841485,35.25));
#1256 = CARTESIAN_POINT('',(23.,35.25));
#1257 = ( GEOMETRIC_REPRESENTATION_CONTEXT(2) 
PARAMETRIC_REPRESENTATION_CONTEXT() REPRESENTATION_CONTEXT('2D SPACE',''
  ) );
#1258 = PCURVE('',#328,#1259);
#1259 = DEFINITIONAL_REPRESENTATION('',(#1260),#1264);
#1260 = LINE('',#1261,#1262);
#1261 = CARTESIAN_POINT('',(0.,-5.));
#1262 = VECTOR('',#1263,1.);
#1263 = DIRECTION('',(1.,0.));
#1264 = ( GEOMETRIC_REPRESENTATION_CONTEXT(2) 
PARAMETRIC_REPRESENTATION_CONTEXT() REPRESENTATION_CONTEXT('2D SPACE',''
  ) );
#1265 = FACE_BOUND('',#1266,.T.);
#1266 = EDGE_LOOP('',(#1267));
#1267 = ORIENTED_EDGE('',*,*,#1268,.T.);
#1268 = EDGE_CURVE('',#1269,#1269,#1271,.T.);
#1269 = VERTEX_POINT('',#1270);
#1270 = CARTESIAN_POINT('',(-12.8,-52.5,138.5));
#1271 = SURFACE_CURVE('',#1272,(#1277,#1288),.PCURVE_S1.);
#1272 = CIRCLE('',#1273,1.7);
#1273 = AXIS2_PLACEMENT_3D('',#1274,#1275,#1276);
#1274 = CARTESIAN_POINT('',(-14.5,-52.5,138.5));
#1275 = DIRECTION('',(0.,-1.,0.));
#1276 = DIRECTION('',(1.,0.,0.));
#1277 = PCURVE('',#156,#1278);
#1278 = DEFINITIONAL_REPRESENTATION('',(#1279),#1287);
#1279 = ( BOUNDED_CURVE() B_SPLINE_CURVE(2,(#1280,#1281,#1282,#1283,
#1284,#1285,#1286),.UNSPECIFIED.,.T.,.F.) B_SPLINE_CURVE_WITH_KNOTS((1,2
    ,2,2,2,1),(-2.094395102393,0.,2.094395102393,4.188790204786,
6.28318530718,8.377580409573),.UNSPECIFIED.) CURVE() 
GEOMETRIC_REPRESENTATION_ITEM() RATIONAL_B_SPLINE_CURVE((1.,0.5,1.,0.5,
1.,0.5,1.)) REPRESENTATION_ITEM('') );
#1280 = CARTESIAN_POINT('',(38.5,41.2));
#1281 = CARTESIAN_POINT('',(41.444486372867,41.2));
#1282 = CARTESIAN_POINT('',(39.972243186434,38.65));
#1283 = CARTESIAN_POINT('',(38.5,36.1));
#1284 = CARTESIAN_POINT('',(37.027756813566,38.65));
#1285 = CARTESIAN_POINT('',(35.555513627133,41.2));
#1286 = CARTESIAN_POINT('',(38.5,41.2));
#1287 = ( GEOMETRIC_REPRESENTATION_CONTEXT(2) 
PARAMETRIC_REPRESENTATION_CONTEXT() REPRESENTATION_CONTEXT('2D SPACE',''
  ) );
#1288 = PCURVE('',#433,#1289);
#1289 = DEFINITIONAL_REPRESENTATION('',(#1290),#1294);
#1290 = LINE('',#1291,#1292);
#1291 = CARTESIAN_POINT('',(0.,-5.));
#1292 = VECTOR('',#1293,1.);
#1293 = DIRECTION('',(1.,0.));
#1294 = ( GEOMETRIC_REPRESENTATION_CONTEXT(2) 
PARAMETRIC_REPRESENTATION_CONTEXT() REPRESENTATION_CONTEXT('2D SPACE',''
  ) );
#1295 = ADVANCED_FACE('',(#1296),#182,.T.);
#1296 = FACE_BOUND('',#1297,.T.);
#1297 = EDGE_LOOP('',(#1298,#1299,#1300,#1321));
#1298 = ORIENTED_EDGE('',*,*,#168,.F.);
#1299 = ORIENTED_EDGE('',*,*,#221,.T.);
#1300 = ORIENTED_EDGE('',*,*,#1301,.T.);
#1301 = EDGE_CURVE('',#222,#855,#1302,.T.);
#1302 = SURFACE_CURVE('',#1303,(#1307,#1314),.PCURVE_S1.);
#1303 = LINE('',#1304,#1305);
#1304 = CARTESIAN_POINT('',(-6.,-56.5,147.));
#1305 = VECTOR('',#1306,1.);
#1306 = DIRECTION('',(0.,1.,0.));
#1307 = PCURVE('',#182,#1308);
#1308 = DEFINITIONAL_REPRESENTATION('',(#1309),#1313);
#1309 = LINE('',#1310,#1311);
#1310 = CARTESIAN_POINT('',(48.,0.));
#1311 = VECTOR('',#1312,1.);
#1312 = DIRECTION('',(0.,1.));
#1313 = ( GEOMETRIC_REPRESENTATION_CONTEXT(2) 
PARAMETRIC_REPRESENTATION_CONTEXT() REPRESENTATION_CONTEXT('2D SPACE',''
  ) );
#1314 = PCURVE('',#258,#1315);
#1315 = DEFINITIONAL_REPRESENTATION('',(#1316),#1320);
#1316 = LINE('',#1317,#1318);
#1317 = CARTESIAN_POINT('',(47.,0.));
#1318 = VECTOR('',#1319,1.);
#1319 = DIRECTION('',(0.,-1.));
#1320 = ( GEOMETRIC_REPRESENTATION_CONTEXT(2) 
PARAMETRIC_REPRESENTATION_CONTEXT() REPRESENTATION_CONTEXT('2D SPACE',''
  ) );
#1321 = ORIENTED_EDGE('',*,*,#1125,.F.);
#1322 = ADVANCED_FACE('',(#1323),#258,.T.);
#1323 = FACE_BOUND('',#1324,.T.);
#1324 = EDGE_LOOP('',(#1325,#1326,#1327,#1328,#1329,#1330));
#1325 = ORIENTED_EDGE('',*,*,#244,.F.);
#1326 = ORIENTED_EDGE('',*,*,#449,.F.);
#1327 = ORIENTED_EDGE('',*,*,#592,.T.);
#1328 = ORIENTED_EDGE('',*,*,#829,.F.);
#1329 = ORIENTED_EDGE('',*,*,#854,.T.);
#1330 = ORIENTED_EDGE('',*,*,#1301,.F.);
#1331 = ADVANCED_FACE('',(#1332),#293,.F.);
#1332 = FACE_BOUND('',#1333,.F.);
#1333 = EDGE_LOOP('',(#1334,#1335,#1356,#1357));
#1334 = ORIENTED_EDGE('',*,*,#272,.F.);
#1335 = ORIENTED_EDGE('',*,*,#1336,.T.);
#1336 = EDGE_CURVE('',#273,#1149,#1337,.T.);
#1337 = SEAM_CURVE('',#1338,(#1342,#1349),.PCURVE_S1.);
#1338 = LINE('',#1339,#1340);
#1339 = CARTESIAN_POINT('',(-43.8,-57.5,107.5));
#1340 = VECTOR('',#1341,1.);
#1341 = DIRECTION('',(-0.,1.,-0.));
#1342 = PCURVE('',#293,#1343);
#1343 = DEFINITIONAL_REPRESENTATION('',(#1344),#1348);
#1344 = LINE('',#1345,#1346);
#1345 = CARTESIAN_POINT('',(6.28318530718,0.));
#1346 = VECTOR('',#1347,1.);
#1347 = DIRECTION('',(0.,-1.));
#1348 = ( GEOMETRIC_REPRESENTATION_CONTEXT(2) 
PARAMETRIC_REPRESENTATION_CONTEXT() REPRESENTATION_CONTEXT('2D SPACE',''
  ) );
#1349 = PCURVE('',#293,#1350);
#1350 = DEFINITIONAL_REPRESENTATION('',(#1351),#1355);
#1351 = LINE('',#1352,#1353);
#1352 = CARTESIAN_POINT('',(0.,0.));
#1353 = VECTOR('',#1354,1.);
#1354 = DIRECTION('',(0.,-1.));
#1355 = ( GEOMETRIC_REPRESENTATION_CONTEXT(2) 
PARAMETRIC_REPRESENTATION_CONTEXT() REPRESENTATION_CONTEXT('2D SPACE',''
  ) );
#1356 = ORIENTED_EDGE('',*,*,#1148,.T.);
#1357 = ORIENTED_EDGE('',*,*,#1336,.F.);
#1358 = ADVANCED_FACE('',(#1359),#328,.F.);
#1359 = FACE_BOUND('',#1360,.F.);
#1360 = EDGE_LOOP('',(#1361,#1362,#1383,#1384));
#1361 = ORIENTED_EDGE('',*,*,#307,.F.);
#1362 = ORIENTED_EDGE('',*,*,#1363,.T.);
#1363 = EDGE_CURVE('',#308,#1239,#1364,.T.);
#1364 = SEAM_CURVE('',#1365,(#1369,#1376),.PCURVE_S1.);
#1365 = LINE('',#1366,#1367);
#1366 = CARTESIAN_POINT('',(-18.75,-57.5,123.));
#1367 = VECTOR('',#1368,1.);
#1368 = DIRECTION('',(-0.,1.,-0.));
#1369 = PCURVE('',#328,#1370);
#1370 = DEFINITIONAL_REPRESENTATION('',(#1371),#1375);
#1371 = LINE('',#1372,#1373);
#1372 = CARTESIAN_POINT('',(6.28318530718,0.));
#1373 = VECTOR('',#1374,1.);
#1374 = DIRECTION('',(0.,-1.));
#1375 = ( GEOMETRIC_REPRESENTATION_CONTEXT(2) 
PARAMETRIC_REPRESENTATION_CONTEXT() REPRESENTATION_CONTEXT('2D SPACE',''
  ) );
#1376 = PCURVE('',#328,#1377);
#1377 = DEFINITIONAL_REPRESENTATION('',(#1378),#1382);
#1378 = LINE('',#1379,#1380);
#1379 = CARTESIAN_POINT('',(0.,0.));
#1380 = VECTOR('',#1381,1.);
#1381 = DIRECTION('',(0.,-1.));
#1382 = ( GEOMETRIC_REPRESENTATION_CONTEXT(2) 
PARAMETRIC_REPRESENTATION_CONTEXT() REPRESENTATION_CONTEXT('2D SPACE',''
  ) );
#1383 = ORIENTED_EDGE('',*,*,#1238,.T.);
#1384 = ORIENTED_EDGE('',*,*,#1363,.F.);
#1385 = ADVANCED_FACE('',(#1386),#363,.F.);
#1386 = FACE_BOUND('',#1387,.F.);
#1387 = EDGE_LOOP('',(#1388,#1389,#1410,#1411));
#1388 = ORIENTED_EDGE('',*,*,#342,.F.);
#1389 = ORIENTED_EDGE('',*,*,#1390,.T.);
#1390 = EDGE_CURVE('',#343,#1179,#1391,.T.);
#1391 = SEAM_CURVE('',#1392,(#1396,#1403),.PCURVE_S1.);
#1392 = LINE('',#1393,#1394);
#1393 = CARTESIAN_POINT('',(-43.8,-57.5,138.5));
#1394 = VECTOR('',#1395,1.);
#1395 = DIRECTION('',(-0.,1.,-0.));
#1396 = PCURVE('',#363,#1397);
#1397 = DEFINITIONAL_REPRESENTATION('',(#1398),#1402);
#1398 = LINE('',#1399,#1400);
#1399 = CARTESIAN_POINT('',(6.28318530718,0.));
#1400 = VECTOR('',#1401,1.);
#1401 = DIRECTION('',(0.,-1.));
#1402 = ( GEOMETRIC_REPRESENTATION_CONTEXT(2) 
PARAMETRIC_REPRESENTATION_CONTEXT() REPRESENTATION_CONTEXT('2D SPACE',''
  ) );
#1403 = PCURVE('',#363,#1404);
#1404 = DEFINITIONAL_REPRESENTATION('',(#1405),#1409);
#1405 = LINE('',#1406,#1407);
#1406 = CARTESIAN_POINT('',(0.,0.));
#1407 = VECTOR('',#1408,1.);
#1408 = DIRECTION('',(0.,-1.));
#1409 = ( GEOMETRIC_REPRESENTATION_CONTEXT(2) 
PARAMETRIC_REPRESENTATION_CONTEXT() REPRESENTATION_CONTEXT('2D SPACE',''
  ) );
#1410 = ORIENTED_EDGE('',*,*,#1178,.T.);
#1411 = ORIENTED_EDGE('',*,*,#1390,.F.);
#1412 = ADVANCED_FACE('',(#1413),#398,.F.);
#1413 = FACE_BOUND('',#1414,.F.);
#1414 = EDGE_LOOP('',(#1415,#1416,#1437,#1438));
#1415 = ORIENTED_EDGE('',*,*,#377,.F.);
#1416 = ORIENTED_EDGE('',*,*,#1417,.T.);
#1417 = EDGE_CURVE('',#378,#1209,#1418,.T.);
#1418 = SEAM_CURVE('',#1419,(#1423,#1430),.PCURVE_S1.);
#1419 = LINE('',#1420,#1421);
#1420 = CARTESIAN_POINT('',(-12.8,-57.5,107.5));
#1421 = VECTOR('',#1422,1.);
#1422 = DIRECTION('',(-0.,1.,-0.));
#1423 = PCURVE('',#398,#1424);
#1424 = DEFINITIONAL_REPRESENTATION('',(#1425),#1429);
#1425 = LINE('',#1426,#1427);
#1426 = CARTESIAN_POINT('',(6.28318530718,0.));
#1427 = VECTOR('',#1428,1.);
#1428 = DIRECTION('',(0.,-1.));
#1429 = ( GEOMETRIC_REPRESENTATION_CONTEXT(2) 
PARAMETRIC_REPRESENTATION_CONTEXT() REPRESENTATION_CONTEXT('2D SPACE',''
  ) );
#1430 = PCURVE('',#398,#1431);
#1431 = DEFINITIONAL_REPRESENTATION('',(#1432),#1436);
#1432 = LINE('',#1433,#1434);
#1433 = CARTESIAN_POINT('',(0.,0.));
#1434 = VECTOR('',#1435,1.);
#1435 = DIRECTION('',(0.,-1.));
#1436 = ( GEOMETRIC_REPRESENTATION_CONTEXT(2) 
PARAMETRIC_REPRESENTATION_CONTEXT() REPRESENTATION_CONTEXT('2D SPACE',''
  ) );
#1437 = ORIENTED_EDGE('',*,*,#1208,.T.);
#1438 = ORIENTED_EDGE('',*,*,#1417,.F.);
#1439 = ADVANCED_FACE('',(#1440),#433,.F.);
#1440 = FACE_BOUND('',#1441,.F.);
#1441 = EDGE_LOOP('',(#1442,#1443,#1464,#1465));
#1442 = ORIENTED_EDGE('',*,*,#412,.F.);
#1443 = ORIENTED_EDGE('',*,*,#1444,.T.);
#1444 = EDGE_CURVE('',#413,#1269,#1445,.T.);
#1445 = SEAM_CURVE('',#1446,(#1450,#1457),.PCURVE_S1.);
#1446 = LINE('',#1447,#1448);
#1447 = CARTESIAN_POINT('',(-12.8,-57.5,138.5));
#1448 = VECTOR('',#1449,1.);
#1449 = DIRECTION('',(-0.,1.,-0.));
#1450 = PCURVE('',#433,#1451);
#1451 = DEFINITIONAL_REPRESENTATION('',(#1452),#1456);
#1452 = LINE('',#1453,#1454);
#1453 = CARTESIAN_POINT('',(6.28318530718,0.));
#1454 = VECTOR('',#1455,1.);
#1455 = DIRECTION('',(0.,-1.));
#1456 = ( GEOMETRIC_REPRESENTATION_CONTEXT(2) 
PARAMETRIC_REPRESENTATION_CONTEXT() REPRESENTATION_CONTEXT('2D SPACE',''
  ) );
#1457 = PCURVE('',#433,#1458);
#1458 = DEFINITIONAL_REPRESENTATION('',(#1459),#1463);
#1459 = LINE('',#1460,#1461);
#1460 = CARTESIAN_POINT('',(0.,0.));
#1461 = VECTOR('',#1462,1.);
#1462 = DIRECTION('',(0.,-1.));
#1463 = ( GEOMETRIC_REPRESENTATION_CONTEXT(2) 
PARAMETRIC_REPRESENTATION_CONTEXT() REPRESENTATION_CONTEXT('2D SPACE',''
  ) );
#1464 = ORIENTED_EDGE('',*,*,#1268,.T.);
#1465 = ORIENTED_EDGE('',*,*,#1444,.F.);
#1466 = ADVANCED_FACE('',(#1467),#517,.F.);
#1467 = FACE_BOUND('',#1468,.T.);
#1468 = EDGE_LOOP('',(#1469,#1470,#1493,#1727,#1728,#1750,#1751,#1781));
#1469 = ORIENTED_EDGE('',*,*,#496,.T.);
#1470 = ORIENTED_EDGE('',*,*,#1471,.T.);
#1471 = EDGE_CURVE('',#497,#1472,#1474,.T.);
#1472 = VERTEX_POINT('',#1473);
#1473 = CARTESIAN_POINT('',(-44.75,-52.,104.0813014172));
#1474 = SEAM_CURVE('',#1475,(#1479,#1486),.PCURVE_S1.);
#1475 = LINE('',#1476,#1477);
#1476 = CARTESIAN_POINT('',(-44.75,-52.,99.));
#1477 = VECTOR('',#1478,1.);
#1478 = DIRECTION('',(0.,0.,1.));
#1479 = PCURVE('',#517,#1480);
#1480 = DEFINITIONAL_REPRESENTATION('',(#1481),#1485);
#1481 = LINE('',#1482,#1483);
#1482 = CARTESIAN_POINT('',(-6.28318530718,0.));
#1483 = VECTOR('',#1484,1.);
#1484 = DIRECTION('',(-0.,-1.));
#1485 = ( GEOMETRIC_REPRESENTATION_CONTEXT(2) 
PARAMETRIC_REPRESENTATION_CONTEXT() REPRESENTATION_CONTEXT('2D SPACE',''
  ) );
#1486 = PCURVE('',#517,#1487);
#1487 = DEFINITIONAL_REPRESENTATION('',(#1488),#1492);
#1488 = LINE('',#1489,#1490);
#1489 = CARTESIAN_POINT('',(-0.,0.));
#1490 = VECTOR('',#1491,1.);
#1491 = DIRECTION('',(-0.,-1.));
#1492 = ( GEOMETRIC_REPRESENTATION_CONTEXT(2) 
PARAMETRIC_REPRESENTATION_CONTEXT() REPRESENTATION_CONTEXT('2D SPACE',''
  ) );
#1493 = ORIENTED_EDGE('',*,*,#1494,.T.);
#1494 = EDGE_CURVE('',#1472,#1077,#1495,.T.);
#1495 = SURFACE_CURVE('',#1496,(#1571,#1649),.PCURVE_S1.);
#1496 = B_SPLINE_CURVE_WITH_KNOTS('',7,(#1497,#1498,#1499,#1500,#1501,
    #1502,#1503,#1504,#1505,#1506,#1507,#1508,#1509,#1510,#1511,#1512,
    #1513,#1514,#1515,#1516,#1517,#1518,#1519,#1520,#1521,#1522,#1523,
    #1524,#1525,#1526,#1527,#1528,#1529,#1530,#1531,#1532,#1533,#1534,
    #1535,#1536,#1537,#1538,#1539,#1540,#1541,#1542,#1543,#1544,#1545,
    #1546,#1547,#1548,#1549,#1550,#1551,#1552,#1553,#1554,#1555,#1556,
    #1557,#1558,#1559,#1560,#1561,#1562,#1563,#1564,#1565,#1566,#1567,
    #1568,#1569,#1570),.UNSPECIFIED.,.F.,.F.,(8,6,6,6,6,6,6,6,6,6,6,6,8)
  ,(0.,0.214447791895,0.277307503293,0.357572338609,0.413825621193,
    0.492753600781,0.538465434847,0.589000624102,0.625722738418,
    0.723733571118,0.794366286936,0.875614664474,1.),.UNSPECIFIED.);
#1497 = CARTESIAN_POINT('',(-44.75,-52.,104.0813014172));
#1498 = CARTESIAN_POINT('',(-44.75,-51.87373064531,104.0813014172));
#1499 = CARTESIAN_POINT('',(-44.76488091594,-51.74753880527,
    104.07803679439));
#1500 = CARTESIAN_POINT('',(-44.79461062496,-51.62277128878,
    104.07151476583));
#1501 = CARTESIAN_POINT('',(-44.83931724171,-51.50084410615,
    104.06213425719));
#1502 = CARTESIAN_POINT('',(-44.89921040441,-51.38337000046,
    104.05070166896));
#1503 = CARTESIAN_POINT('',(-44.97451179703,-51.27227868261,
    104.03846309718));
#1504 = CARTESIAN_POINT('',(-45.09193991753,-51.14003837685,
    104.02376545509));
#1505 = CARTESIAN_POINT('',(-45.11989306859,-51.11081827852,
    104.02050851596));
#1506 = CARTESIAN_POINT('',(-45.1491749417,-51.08242601159,
    104.0173696712));
#1507 = CARTESIAN_POINT('',(-45.17977631716,-51.05493538779,
    104.01439539645));
#1508 = CARTESIAN_POINT('',(-45.21168460792,-51.02842229233,
    104.01163481661));
#1509 = CARTESIAN_POINT('',(-45.24488373966,-51.00296481136,
    104.00913927007));
#1510 = CARTESIAN_POINT('',(-45.32336874523,-50.94758758008,
    104.00418158009));
#1511 = CARTESIAN_POINT('',(-45.3694985956,-50.91835407411,
    104.00191728186));
#1512 = CARTESIAN_POINT('',(-45.41762918865,-50.89117339294,
    104.0002865344));
#1513 = CARTESIAN_POINT('',(-45.46762614901,-50.86625531616,
    103.99940572519));
#1514 = CARTESIAN_POINT('',(-45.51933732717,-50.84378969769,
    103.99938548053));
#1515 = CARTESIAN_POINT('',(-45.57259500744,-50.82394731172,
    104.00032607289));
#1516 = CARTESIAN_POINT('',(-45.66550049877,-50.79491963271,
    104.00370523774));
#1517 = CARTESIAN_POINT('',(-45.70443258493,-50.78432853707,
    104.00561073278));
#1518 = CARTESIAN_POINT('',(-45.74391169122,-50.77516928419,
    104.00805640928));
#1519 = CARTESIAN_POINT('',(-45.78383128852,-50.76748985898,
    104.01106243752));
#1520 = CARTESIAN_POINT('',(-45.82408195068,-50.76132451329,
    104.01464138611));
#1521 = CARTESIAN_POINT('',(-45.86455230339,-50.75669392016,
    104.01879754595));
#1522 = CARTESIAN_POINT('',(-45.96206377914,-50.74927177969,
    104.03016102068));
#1523 = CARTESIAN_POINT('',(-46.01914664758,-50.74797875882,
    104.03791553446));
#1524 = CARTESIAN_POINT('',(-46.07608559363,-50.74973207128,
    104.04677561343));
#1525 = CARTESIAN_POINT('',(-46.1325894425,-50.75449192283,
    104.05669422181));
#1526 = CARTESIAN_POINT('',(-46.1883723807,-50.76217240692,
    104.06759333857));
#1527 = CARTESIAN_POINT('',(-46.24315750751,-50.7726409924,
    104.07936582568));
#1528 = CARTESIAN_POINT('',(-46.32767863275,-50.79329168172,
    104.09912342497));
#1529 = CARTESIAN_POINT('',(-46.3582682198,-50.80174380269,
    104.10662103712));
#1530 = CARTESIAN_POINT('',(-46.38841858657,-50.81104616315,
    104.11434937103));
#1531 = CARTESIAN_POINT('',(-46.41810067805,-50.82116903554,
    104.12228650134));
#1532 = CARTESIAN_POINT('',(-46.44728694515,-50.83208117561,
    104.13040933924));
#1533 = CARTESIAN_POINT('',(-46.47595134471,-50.84374982252,
    104.13869363247));
#1534 = CARTESIAN_POINT('',(-46.53515424817,-50.86983901759,
    104.15642278268));
#1535 = CARTESIAN_POINT('',(-46.56557352355,-50.88442092138,
    104.16589876904));
#1536 = CARTESIAN_POINT('',(-46.59530851831,-50.89984669431,
    104.17551206443));
#1537 = CARTESIAN_POINT('',(-46.6243422677,-50.91607716463,
    104.18523279155));
#1538 = CARTESIAN_POINT('',(-46.65265948959,-50.93307370467,
    104.19503105577));
#1539 = CARTESIAN_POINT('',(-46.68024658444,-50.95079823087,
    104.20487694509));
#1540 = CARTESIAN_POINT('',(-46.72659897349,-50.98259470585,
    104.22190804465));
#1541 = CARTESIAN_POINT('',(-46.74571657575,-50.99634226646,
    104.22908576368));
#1542 = CARTESIAN_POINT('',(-46.76444139392,-51.01044268491,
    104.23626288442));
#1543 = CARTESIAN_POINT('',(-46.78277083873,-51.02488332869,
    104.24342884425));
#1544 = CARTESIAN_POINT('',(-46.80070277988,-51.03965213348,
    104.25057332081));
#1545 = CARTESIAN_POINT('',(-46.81823554597,-51.05473760312,
    104.25768623204));
#1546 = CARTESIAN_POINT('',(-46.88109401421,-51.11120773436,
    104.28363148603));
#1547 = CARTESIAN_POINT('',(-46.92396936821,-51.15446601149,
    104.30221103638));
#1548 = CARTESIAN_POINT('',(-46.96396907311,-51.19969748206,
    104.32030963309));
#1549 = CARTESIAN_POINT('',(-47.00107402823,-51.24671466373,
    104.33774891175));
#1550 = CARTESIAN_POINT('',(-47.03526837806,-51.29534760519,
    104.35436057711));
#1551 = CARTESIAN_POINT('',(-47.06653694467,-51.34544274067,
    104.3699880825));
#1552 = CARTESIAN_POINT('',(-47.11527593646,-51.43391748373,
    104.39493807653));
#1553 = CARTESIAN_POINT('',(-47.13416059777,-51.47166047911,
    104.40480227443));
#1554 = CARTESIAN_POINT('',(-47.15150362452,-51.51002714703,
    104.41402388243));
#1555 = CARTESIAN_POINT('',(-47.1672938083,-51.54895610557,
    104.4225503786));
#1556 = CARTESIAN_POINT('',(-47.18152121728,-51.58838808721,
    104.43033424491));
#1557 = CARTESIAN_POINT('',(-47.19417666166,-51.62826585174,
    104.43733347251));
#1558 = CARTESIAN_POINT('',(-47.21799008526,-51.71485441583,
    104.45061926623));
#1559 = CARTESIAN_POINT('',(-47.22863689044,-51.76169055388,
    104.45664053756));
#1560 = CARTESIAN_POINT('',(-47.23717252856,-51.80893813223,
    104.4615177668));
#1561 = CARTESIAN_POINT('',(-47.24358341408,-51.85649406547,
    104.46520641037));
#1562 = CARTESIAN_POINT('',(-47.24786077404,-51.90425653641,
    104.46767607322));
#1563 = CARTESIAN_POINT('',(-47.25,-51.95212496881,104.46891108675));
#1564 = CARTESIAN_POINT('',(-47.25,-52.07329317825,104.46891108675));
#1565 = CARTESIAN_POINT('',(-47.24498626721,-52.1465396861,
    104.46601641009));
#1566 = CARTESIAN_POINT('',(-47.23497013021,-52.21940053898,
    104.46023358021));
#1567 = CARTESIAN_POINT('',(-47.21997586085,-52.29153401567,
    104.45164630703));
#1568 = CARTESIAN_POINT('',(-47.20004253466,-52.36258989085,
    104.44041558994));
#1569 = CARTESIAN_POINT('',(-47.17523210085,-52.43220506619,
    104.42677346115));
#1570 = CARTESIAN_POINT('',(-47.14564366187,-52.5000006,104.41101036937)
  );
#1571 = PCURVE('',#517,#1572);
#1572 = DEFINITIONAL_REPRESENTATION('',(#1573),#1648);
#1573 = B_SPLINE_CURVE_WITH_KNOTS('',7,(#1574,#1575,#1576,#1577,#1578,
    #1579,#1580,#1581,#1582,#1583,#1584,#1585,#1586,#1587,#1588,#1589,
    #1590,#1591,#1592,#1593,#1594,#1595,#1596,#1597,#1598,#1599,#1600,
    #1601,#1602,#1603,#1604,#1605,#1606,#1607,#1608,#1609,#1610,#1611,
    #1612,#1613,#1614,#1615,#1616,#1617,#1618,#1619,#1620,#1621,#1622,
    #1623,#1624,#1625,#1626,#1627,#1628,#1629,#1630,#1631,#1632,#1633,
    #1634,#1635,#1636,#1637,#1638,#1639,#1640,#1641,#1642,#1643,#1644,
    #1645,#1646,#1647),.UNSPECIFIED.,.F.,.F.,(8,6,6,6,6,6,6,6,6,6,6,6,8)
  ,(0.,0.214447791895,0.277307503293,0.357572338609,0.413825621193,
    0.492753600781,0.538465434847,0.589000624102,0.625722738418,
    0.723733571118,0.794366286936,0.875614664474,1.),.UNSPECIFIED.);
#1574 = CARTESIAN_POINT('',(0.,-5.081301417206));
#1575 = CARTESIAN_POINT('',(-0.101015483752,-5.081301417206));
#1576 = CARTESIAN_POINT('',(-0.201968892456,-5.078036794397));
#1577 = CARTESIAN_POINT('',(-0.303466789241,-5.071514765831));
#1578 = CARTESIAN_POINT('',(-0.406049538312,-5.062134257194));
#1579 = CARTESIAN_POINT('',(-0.510275404648,-5.050701668967));
#1580 = CARTESIAN_POINT('',(-0.616729058723,-5.038463097188));
#1581 = CARTESIAN_POINT('',(-0.758211183561,-5.023765455097));
#1582 = CARTESIAN_POINT('',(-0.790538923862,-5.020508515966));
#1583 = CARTESIAN_POINT('',(-0.823131171968,-5.017369671201));
#1584 = CARTESIAN_POINT('',(-0.855996592227,-5.014395396457));
#1585 = CARTESIAN_POINT('',(-0.889144991497,-5.011634816614));
#1586 = CARTESIAN_POINT('',(-0.922587552552,-5.009139270074));
#1587 = CARTESIAN_POINT('',(-0.999431431041,-5.004181580094));
#1588 = CARTESIAN_POINT('',(-1.043067864393,-5.001917281869));
#1589 = CARTESIAN_POINT('',(-1.087196251006,-5.000286534409));
#1590 = CARTESIAN_POINT('',(-1.131777171543,-4.999405725196));
#1591 = CARTESIAN_POINT('',(-1.176780089699,-4.999385480531));
#1592 = CARTESIAN_POINT('',(-1.222181538048,-5.000326072893));
#1593 = CARTESIAN_POINT('',(-1.30004926782,-5.003705237748));
#1594 = CARTESIAN_POINT('',(-1.33230448871,-5.005610732781));
#1595 = CARTESIAN_POINT('',(-1.364689774202,-5.008056409286));
#1596 = CARTESIAN_POINT('',(-1.397168811384,-5.011062437526));
#1597 = CARTESIAN_POINT('',(-1.42970715523,-5.01464138611));
#1598 = CARTESIAN_POINT('',(-1.462271217051,-5.018797545955));
#1599 = CARTESIAN_POINT('',(-1.540506047443,-5.030161020681));
#1600 = CARTESIAN_POINT('',(-1.586119169061,-5.037915534463));
#1601 = CARTESIAN_POINT('',(-1.631588127446,-5.046775613431));
#1602 = CARTESIAN_POINT('',(-1.676836771362,-5.056694221816));
#1603 = CARTESIAN_POINT('',(-1.721786196416,-5.06759333857));
#1604 = CARTESIAN_POINT('',(-1.766349652787,-5.079365825686));
#1605 = CARTESIAN_POINT('',(-1.835955498888,-5.099123424977));
#1606 = CARTESIAN_POINT('',(-1.861332703581,-5.106621037124));
#1607 = CARTESIAN_POINT('',(-1.886557253315,-5.114349371037));
#1608 = CARTESIAN_POINT('',(-1.911626629231,-5.122286501348));
#1609 = CARTESIAN_POINT('',(-1.936537607341,-5.130409339246));
#1610 = CARTESIAN_POINT('',(-1.961286258531,-5.138693632473));
#1611 = CARTESIAN_POINT('',(-2.013043413794,-5.156422782689));
#1612 = CARTESIAN_POINT('',(-2.040016702758,-5.165898769043));
#1613 = CARTESIAN_POINT('',(-2.06679396982,-5.175512064433));
#1614 = CARTESIAN_POINT('',(-2.093380796307,-5.185232791557));
#1615 = CARTESIAN_POINT('',(-2.1197821905,-5.195031055773));
#1616 = CARTESIAN_POINT('',(-2.146002587632,-5.204876945094));
#1617 = CARTESIAN_POINT('',(-2.190970556972,-5.22190804465));
#1618 = CARTESIAN_POINT('',(-2.209803831623,-5.229085763689));
#1619 = CARTESIAN_POINT('',(-2.228548706977,-5.236262884428));
#1620 = CARTESIAN_POINT('',(-2.247208358909,-5.243428844253));
#1621 = CARTESIAN_POINT('',(-2.265786106037,-5.250573320817));
#1622 = CARTESIAN_POINT('',(-2.284285409719,-5.25768623204));
#1623 = CARTESIAN_POINT('',(-2.351884523331,-5.283631486036));
#1624 = CARTESIAN_POINT('',(-2.400527843113,-5.302211036389));
#1625 = CARTESIAN_POINT('',(-2.448708853178,-5.320309633091));
#1626 = CARTESIAN_POINT('',(-2.496491569952,-5.337748911754));
#1627 = CARTESIAN_POINT('',(-2.543937805358,-5.354360577118));
#1628 = CARTESIAN_POINT('',(-2.591109965659,-5.3699880825));
#1629 = CARTESIAN_POINT('',(-2.671918953193,-5.394938076531));
#1630 = CARTESIAN_POINT('',(-2.705655559721,-5.404802274432));
#1631 = CARTESIAN_POINT('',(-2.73929743838,-5.414023882432));
#1632 = CARTESIAN_POINT('',(-2.772858719739,-5.422550378607));
#1633 = CARTESIAN_POINT('',(-2.806354081456,-5.430334244916));
#1634 = CARTESIAN_POINT('',(-2.839798933301,-5.437333472512));
#1635 = CARTESIAN_POINT('',(-2.911641688595,-5.450619266238));
#1636 = CARTESIAN_POINT('',(-2.950027827163,-5.456640537561));
#1637 = CARTESIAN_POINT('',(-2.988376230628,-5.461517766804));
#1638 = CARTESIAN_POINT('',(-3.026696154166,-5.465206410376));
#1639 = CARTESIAN_POINT('',(-3.064997867768,-5.467676073224));
#1640 = CARTESIAN_POINT('',(-3.103292628639,-5.468911086754));
#1641 = CARTESIAN_POINT('',(-3.200227196192,-5.468911086754));
#1642 = CARTESIAN_POINT('',(-3.258824371886,-5.466016410092));
#1643 = CARTESIAN_POINT('',(-3.317442413729,-5.460233580216));
#1644 = CARTESIAN_POINT('',(-3.376134954928,-5.451646307036));
#1645 = CARTESIAN_POINT('',(-3.434951215403,-5.440415589943));
#1646 = CARTESIAN_POINT('',(-3.493933216435,-5.426773461158));
#1647 = CARTESIAN_POINT('',(-3.55311002338,-5.411010369373));
#1648 = ( GEOMETRIC_REPRESENTATION_CONTEXT(2) 
PARAMETRIC_REPRESENTATION_CONTEXT() REPRESENTATION_CONTEXT('2D SPACE',''
  ) );
#1649 = PCURVE('',#654,#1650);
#1650 = DEFINITIONAL_REPRESENTATION('',(#1651),#1726);
#1651 = B_SPLINE_CURVE_WITH_KNOTS('',7,(#1652,#1653,#1654,#1655,#1656,
    #1657,#1658,#1659,#1660,#1661,#1662,#1663,#1664,#1665,#1666,#1667,
    #1668,#1669,#1670,#1671,#1672,#1673,#1674,#1675,#1676,#1677,#1678,
    #1679,#1680,#1681,#1682,#1683,#1684,#1685,#1686,#1687,#1688,#1689,
    #1690,#1691,#1692,#1693,#1694,#1695,#1696,#1697,#1698,#1699,#1700,
    #1701,#1702,#1703,#1704,#1705,#1706,#1707,#1708,#1709,#1710,#1711,
    #1712,#1713,#1714,#1715,#1716,#1717,#1718,#1719,#1720,#1721,#1722,
    #1723,#1724,#1725),.UNSPECIFIED.,.F.,.F.,(8,6,6,6,6,6,6,6,6,6,6,6,8)
  ,(0.,0.214447791895,0.277307503293,0.357572338609,0.413825621193,
    0.492753600781,0.538465434847,0.589000624102,0.625722738418,
    0.723733571118,0.794366286936,0.875614664474,1.),.UNSPECIFIED.);
#1652 = CARTESIAN_POINT('',(4.92834947907,-0.5));
#1653 = CARTESIAN_POINT('',(4.92834947907,-0.62626935469));
#1654 = CARTESIAN_POINT('',(4.923996674017,-0.752461194721));
#1655 = CARTESIAN_POINT('',(4.915300487138,-0.877228711215));
#1656 = CARTESIAN_POINT('',(4.902249532808,-0.99915589385));
#1657 = CARTESIAN_POINT('',(4.88483479186,-1.116629999531));
#1658 = CARTESIAN_POINT('',(4.863052405916,-1.227721317383));
#1659 = CARTESIAN_POINT('',(4.829239735706,-1.359961623142));
#1660 = CARTESIAN_POINT('',(4.821199384271,-1.389181721474));
#1661 = CARTESIAN_POINT('',(4.812785792989,-1.41757398841));
#1662 = CARTESIAN_POINT('',(4.804002163785,-1.445064612207));
#1663 = CARTESIAN_POINT('',(4.79485234954,-1.471577707664));
#1664 = CARTESIAN_POINT('',(4.785340801726,-1.497035188631));
#1665 = CARTESIAN_POINT('',(4.76287182122,-1.552412419918));
#1666 = CARTESIAN_POINT('',(4.749677276393,-1.581645925882));
#1667 = CARTESIAN_POINT('',(4.735920426222,-1.60882660706));
#1668 = CARTESIAN_POINT('',(4.721636942177,-1.633744683836));
#1669 = CARTESIAN_POINT('',(4.706866034304,-1.656210302308));
#1670 = CARTESIAN_POINT('',(4.691649861001,-1.676052688272));
#1671 = CARTESIAN_POINT('',(4.665087882536,-1.705080367286));
#1672 = CARTESIAN_POINT('',(4.653951987883,-1.715671462921));
#1673 = CARTESIAN_POINT('',(4.642652162295,-1.724830715804));
#1674 = CARTESIAN_POINT('',(4.631216120603,-1.732510141014));
#1675 = CARTESIAN_POINT('',(4.619672268355,-1.738675486709));
#1676 = CARTESIAN_POINT('',(4.608049585162,-1.743306079837));
#1677 = CARTESIAN_POINT('',(4.580000624381,-1.750728220304));
#1678 = CARTESIAN_POINT('',(4.563544415237,-1.752021241172));
#1679 = CARTESIAN_POINT('',(4.547085290273,-1.750267928714));
#1680 = CARTESIAN_POINT('',(4.53069997671,-1.74550807717));
#1681 = CARTESIAN_POINT('',(4.514465241714,-1.737827593079));
#1682 = CARTESIAN_POINT('',(4.49845761478,-1.727359007593));
#1683 = CARTESIAN_POINT('',(4.473657708031,-1.706708318277));
#1684 = CARTESIAN_POINT('',(4.464659653733,-1.698256197308));
#1685 = CARTESIAN_POINT('',(4.455767550312,-1.688953836841));
#1686 = CARTESIAN_POINT('',(4.446989803977,-1.67883096446));
#1687 = CARTESIAN_POINT('',(4.438334624068,-1.667918824385));
#1688 = CARTESIAN_POINT('',(4.429810023049,-1.656250177473));
#1689 = CARTESIAN_POINT('',(4.412152726368,-1.630160982405));
#1690 = CARTESIAN_POINT('',(4.403050119274,-1.615579078612));
#1691 = CARTESIAN_POINT('',(4.394122249163,-1.600153305683));
#1692 = CARTESIAN_POINT('',(4.38537512091,-1.58392283537));
#1693 = CARTESIAN_POINT('',(4.376814490337,-1.56692629533));
#1694 = CARTESIAN_POINT('',(4.368445864209,-1.549201769125));
#1695 = CARTESIAN_POINT('',(4.354336662341,-1.517405294148));
#1696 = CARTESIAN_POINT('',(4.348502338468,-1.503657733539));
#1697 = CARTESIAN_POINT('',(4.342773072273,-1.489557315088));
#1698 = CARTESIAN_POINT('',(4.337150309987,-1.475116671306));
#1699 = CARTESIAN_POINT('',(4.331635400426,-1.460347866519));
#1700 = CARTESIAN_POINT('',(4.326229594984,-1.445262396874));
#1701 = CARTESIAN_POINT('',(4.306800302488,-1.388792265634));
#1702 = CARTESIAN_POINT('',(4.293451514253,-1.345533988507));
#1703 = CARTESIAN_POINT('',(4.280909996511,-1.300302517934));
#1704 = CARTESIAN_POINT('',(4.269197949305,-1.253285336269));
#1705 = CARTESIAN_POINT('',(4.258337441583,-1.204652394804));
#1706 = CARTESIAN_POINT('',(4.248350393633,-1.154557259321));
#1707 = CARTESIAN_POINT('',(4.232706417099,-1.066082516267));
#1708 = CARTESIAN_POINT('',(4.226619279969,-1.028339520888));
#1709 = CARTESIAN_POINT('',(4.221007425222,-0.989972852965));
#1710 = CARTESIAN_POINT('',(4.215880374224,-0.951043894424));
#1711 = CARTESIAN_POINT('',(4.211246878844,-0.911611912782));
#1712 = CARTESIAN_POINT('',(4.207114907685,-0.871734148254));
#1713 = CARTESIAN_POINT('',(4.199323800988,-0.785145584161));
#1714 = CARTESIAN_POINT('',(4.195829133935,-0.738309446116));
#1715 = CARTESIAN_POINT('',(4.193020373152,-0.691061867763));
#1716 = CARTESIAN_POINT('',(4.190907142078,-0.64350593453));
#1717 = CARTESIAN_POINT('',(4.18949595139,-0.595743463589));
#1718 = CARTESIAN_POINT('',(4.188790204786,-0.547875031188));
#1719 = CARTESIAN_POINT('',(4.188790204786,-0.426706821747));
#1720 = CARTESIAN_POINT('',(4.190444302086,-0.353460313897));
#1721 = CARTESIAN_POINT('',(4.19374878876,-0.280599461019));
#1722 = CARTESIAN_POINT('',(4.198685641117,-0.208465984326));
#1723 = CARTESIAN_POINT('',(4.205222249668,-0.137410109143));
#1724 = CARTESIAN_POINT('',(4.21331116235,-6.779493380754E-02));
#1725 = CARTESIAN_POINT('',(4.222889840985,5.999999999062E-07));
#1726 = ( GEOMETRIC_REPRESENTATION_CONTEXT(2) 
PARAMETRIC_REPRESENTATION_CONTEXT() REPRESENTATION_CONTEXT('2D SPACE',''
  ) );
#1727 = ORIENTED_EDGE('',*,*,#1076,.F.);
#1728 = ORIENTED_EDGE('',*,*,#1729,.T.);
#1729 = EDGE_CURVE('',#1051,#1030,#1730,.T.);
#1730 = SURFACE_CURVE('',#1731,(#1736,#1743),.PCURVE_S1.);
#1731 = CIRCLE('',#1732,1.25);
#1732 = AXIS2_PLACEMENT_3D('',#1733,#1734,#1735);
#1733 = CARTESIAN_POINT('',(-46.,-52.,104.5));
#1734 = DIRECTION('',(0.,0.,1.));
#1735 = DIRECTION('',(1.,0.,0.));
#1736 = PCURVE('',#517,#1737);
#1737 = DEFINITIONAL_REPRESENTATION('',(#1738),#1742);
#1738 = LINE('',#1739,#1740);
#1739 = CARTESIAN_POINT('',(-0.,-5.5));
#1740 = VECTOR('',#1741,1.);
#1741 = DIRECTION('',(-1.,0.));
#1742 = ( GEOMETRIC_REPRESENTATION_CONTEXT(2) 
PARAMETRIC_REPRESENTATION_CONTEXT() REPRESENTATION_CONTEXT('2D SPACE',''
  ) );
#1743 = PCURVE('',#1065,#1744);
#1744 = DEFINITIONAL_REPRESENTATION('',(#1745),#1749);
#1745 = CIRCLE('',#1746,1.25);
#1746 = AXIS2_PLACEMENT_2D('',#1747,#1748);
#1747 = CARTESIAN_POINT('',(0.,0.));
#1748 = DIRECTION('',(1.,0.));
#1749 = ( GEOMETRIC_REPRESENTATION_CONTEXT(2) 
PARAMETRIC_REPRESENTATION_CONTEXT() REPRESENTATION_CONTEXT('2D SPACE',''
  ) );
#1750 = ORIENTED_EDGE('',*,*,#1029,.T.);
#1751 = ORIENTED_EDGE('',*,*,#1752,.T.);
#1752 = EDGE_CURVE('',#1002,#1472,#1753,.T.);
#1753 = SURFACE_CURVE('',#1754,(#1761,#1771),.PCURVE_S1.);
#1754 = B_SPLINE_CURVE_WITH_KNOTS('',5,(#1755,#1756,#1757,#1758,#1759,
    #1760),.UNSPECIFIED.,.F.,.F.,(6,6),(0.,1.),
  .PIECEWISE_BEZIER_KNOTS.);
#1755 = CARTESIAN_POINT('',(-44.85435633812,-52.5000006,104.06006624164)
  );
#1756 = CARTESIAN_POINT('',(-44.81247749587,-52.40404425476,
    104.06792651191));
#1757 = CARTESIAN_POINT('',(-44.78119982363,-52.30497459997,
    104.07445679208));
#1758 = CARTESIAN_POINT('',(-44.76040190027,-52.20396537101,
    104.07901942052));
#1759 = CARTESIAN_POINT('',(-44.75,-52.10198945843,104.0813014172));
#1760 = CARTESIAN_POINT('',(-44.75,-52.,104.0813014172));
#1761 = PCURVE('',#517,#1762);
#1762 = DEFINITIONAL_REPRESENTATION('',(#1763),#1770);
#1763 = B_SPLINE_CURVE_WITH_KNOTS('',5,(#1764,#1765,#1766,#1767,#1768,
    #1769),.UNSPECIFIED.,.F.,.F.,(6,6),(0.,1.),
  .PIECEWISE_BEZIER_KNOTS.);
#1764 = CARTESIAN_POINT('',(-5.871667937389,-5.060066241644));
#1765 = CARTESIAN_POINT('',(-5.955425521378,-5.067926511918));
#1766 = CARTESIAN_POINT('',(-6.03807368336,-5.074456792083));
#1767 = CARTESIAN_POINT('',(-6.120013146305,-5.079019420522));
#1768 = CARTESIAN_POINT('',(-6.201593740431,-5.081301417206));
#1769 = CARTESIAN_POINT('',(-6.28318530718,-5.081301417206));
#1770 = ( GEOMETRIC_REPRESENTATION_CONTEXT(2) 
PARAMETRIC_REPRESENTATION_CONTEXT() REPRESENTATION_CONTEXT('2D SPACE',''
  ) );
#1771 = PCURVE('',#654,#1772);
#1772 = DEFINITIONAL_REPRESENTATION('',(#1773),#1780);
#1773 = B_SPLINE_CURVE_WITH_KNOTS('',5,(#1774,#1775,#1776,#1777,#1778,
    #1779),.UNSPECIFIED.,.F.,.F.,(6,6),(0.,1.),
  .PIECEWISE_BEZIER_KNOTS.);
#1774 = CARTESIAN_POINT('',(4.897921171791,6.000000000173E-07));
#1775 = CARTESIAN_POINT('',(4.910095488272,-9.595574523133E-02));
#1776 = CARTESIAN_POINT('',(4.919222890359,-0.195025400027));
#1777 = CARTESIAN_POINT('',(4.925306935937,-0.296034628983));
#1778 = CARTESIAN_POINT('',(4.92834947907,-0.398010541564));
#1779 = CARTESIAN_POINT('',(4.92834947907,-0.5));
#1780 = ( GEOMETRIC_REPRESENTATION_CONTEXT(2) 
PARAMETRIC_REPRESENTATION_CONTEXT() REPRESENTATION_CONTEXT('2D SPACE',''
  ) );
#1781 = ORIENTED_EDGE('',*,*,#1471,.F.);
#1782 = ADVANCED_FACE('',(#1783),#552,.F.);
#1783 = FACE_BOUND('',#1784,.T.);
#1784 = EDGE_LOOP('',(#1785,#1786,#1809,#2022,#2023,#2045,#2046,#2079));
#1785 = ORIENTED_EDGE('',*,*,#531,.T.);
#1786 = ORIENTED_EDGE('',*,*,#1787,.T.);
#1787 = EDGE_CURVE('',#532,#1788,#1790,.T.);
#1788 = VERTEX_POINT('',#1789);
#1789 = CARTESIAN_POINT('',(-12.75,-52.,104.46891108675));
#1790 = SEAM_CURVE('',#1791,(#1795,#1802),.PCURVE_S1.);
#1791 = LINE('',#1792,#1793);
#1792 = CARTESIAN_POINT('',(-12.75,-52.,99.));
#1793 = VECTOR('',#1794,1.);
#1794 = DIRECTION('',(0.,0.,1.));
#1795 = PCURVE('',#552,#1796);
#1796 = DEFINITIONAL_REPRESENTATION('',(#1797),#1801);
#1797 = LINE('',#1798,#1799);
#1798 = CARTESIAN_POINT('',(-6.28318530718,0.));
#1799 = VECTOR('',#1800,1.);
#1800 = DIRECTION('',(-0.,-1.));
#1801 = ( GEOMETRIC_REPRESENTATION_CONTEXT(2) 
PARAMETRIC_REPRESENTATION_CONTEXT() REPRESENTATION_CONTEXT('2D SPACE',''
  ) );
#1802 = PCURVE('',#552,#1803);
#1803 = DEFINITIONAL_REPRESENTATION('',(#1804),#1808);
#1804 = LINE('',#1805,#1806);
#1805 = CARTESIAN_POINT('',(-0.,0.));
#1806 = VECTOR('',#1807,1.);
#1807 = DIRECTION('',(-0.,-1.));
#1808 = ( GEOMETRIC_REPRESENTATION_CONTEXT(2) 
PARAMETRIC_REPRESENTATION_CONTEXT() REPRESENTATION_CONTEXT('2D SPACE',''
  ) );
#1809 = ORIENTED_EDGE('',*,*,#1810,.T.);
#1810 = EDGE_CURVE('',#1788,#954,#1811,.T.);
#1811 = SURFACE_CURVE('',#1812,(#1880,#1951),.PCURVE_S1.);
#1812 = B_SPLINE_CURVE_WITH_KNOTS('',6,(#1813,#1814,#1815,#1816,#1817,
    #1818,#1819,#1820,#1821,#1822,#1823,#1824,#1825,#1826,#1827,#1828,
    #1829,#1830,#1831,#1832,#1833,#1834,#1835,#1836,#1837,#1838,#1839,
    #1840,#1841,#1842,#1843,#1844,#1845,#1846,#1847,#1848,#1849,#1850,
    #1851,#1852,#1853,#1854,#1855,#1856,#1857,#1858,#1859,#1860,#1861,
    #1862,#1863,#1864,#1865,#1866,#1867,#1868,#1869,#1870,#1871,#1872,
    #1873,#1874,#1875,#1876,#1877,#1878,#1879),.UNSPECIFIED.,.F.,.F.,(7,
    5,5,5,5,5,5,5,5,5,5,5,5,7),(0.,0.151901658918,0.223944726281,
    0.287075740216,0.337468330715,0.382816349616,0.46094473349,
    0.548512403841,0.600706627201,0.663906416501,0.71362050983,
    0.752970036465,0.876699076905,1.),.UNSPECIFIED.);
#1813 = CARTESIAN_POINT('',(-12.75,-52.,104.46891108675));
#1814 = CARTESIAN_POINT('',(-12.75,-51.89552261342,104.46891108675));
#1815 = CARTESIAN_POINT('',(-12.76047872216,-51.79120864003,
    104.46286121626));
#1816 = CARTESIAN_POINT('',(-12.78137590531,-51.68809128093,
    104.45079611974));
#1817 = CARTESIAN_POINT('',(-12.81259437899,-51.58722233743,
    104.43313459716));
#1818 = CARTESIAN_POINT('',(-12.85397553301,-51.48972741593,
    104.41067816058));
#1819 = CARTESIAN_POINT('',(-12.92943100541,-51.35276541918,
    104.37205232359));
#1820 = CARTESIAN_POINT('',(-12.95592966031,-51.30970120768,
    104.35877402372));
#1821 = CARTESIAN_POINT('',(-12.98464032386,-51.26773190597,
    104.34474310569));
#1822 = CARTESIAN_POINT('',(-13.01555147661,-51.22696560008,
    104.33006846683));
#1823 = CARTESIAN_POINT('',(-13.04865082595,-51.18752082366,
    104.31486683784));
#1824 = CARTESIAN_POINT('',(-13.11483268736,-51.11623381585,
    104.28558653864));
#1825 = CARTESIAN_POINT('',(-13.14741477681,-51.08405042355,
    104.2715998112));
#1826 = CARTESIAN_POINT('',(-13.18166034728,-51.0530653586,
    104.25738409281));
#1827 = CARTESIAN_POINT('',(-13.2175573414,-51.0233746869,
    104.24302667844));
#1828 = CARTESIAN_POINT('',(-13.25508983257,-50.99508284789,
    104.22861840554));
#1829 = CARTESIAN_POINT('',(-13.3254848659,-50.94692701469,
    104.20278570137));
#1830 = CARTESIAN_POINT('',(-13.35776420794,-50.92651257291,
    104.19134467988));
#1831 = CARTESIAN_POINT('',(-13.39105407507,-50.90712496621,
    104.17998154079));
#1832 = CARTESIAN_POINT('',(-13.42532978892,-50.88883055477,
    104.16874811919));
#1833 = CARTESIAN_POINT('',(-13.46056278772,-50.87169692847,
    104.15769619645));
#1834 = CARTESIAN_POINT('',(-13.52925886914,-50.84148096404,
    104.13714181421));
#1835 = CARTESIAN_POINT('',(-13.56254836725,-50.82816381057,
    104.12759402075));
#1836 = CARTESIAN_POINT('',(-13.59654724059,-50.8158998617,
    104.11827743211));
#1837 = CARTESIAN_POINT('',(-13.631210214,-50.80474411516,
    104.10923273864));
#1838 = CARTESIAN_POINT('',(-13.6664886172,-50.79474815116,
    104.10049800886));
#1839 = CARTESIAN_POINT('',(-13.76408080847,-50.7708195877,
    104.07765504864));
#1840 = CARTESIAN_POINT('',(-13.8275622753,-50.75925042726,
    104.06421224416));
#1841 = CARTESIAN_POINT('',(-13.8923287845,-50.75155675504,
    104.05200767981));
#1842 = CARTESIAN_POINT('',(-13.95790642054,-50.74793802304,
    104.04120831183));
#1843 = CARTESIAN_POINT('',(-14.02380502729,-50.74849077039,
    104.03191431092));
#1844 = CARTESIAN_POINT('',(-14.16319545857,-50.75850016454,
    104.01545340162));
#1845 = CARTESIAN_POINT('',(-14.2364678172,-50.76901193201,
    104.0086997056));
#1846 = CARTESIAN_POINT('',(-14.30865575681,-50.78468969837,
    104.00391591551));
#1847 = CARTESIAN_POINT('',(-14.37908294878,-50.80531929875,
    104.00100912096));
#1848 = CARTESIAN_POINT('',(-14.44711537124,-50.83052285026,
    103.99979460443));
#1849 = CARTESIAN_POINT('',(-14.55097536493,-50.87717583901,
    104.00015629885));
#1850 = CARTESIAN_POINT('',(-14.58874469839,-50.8960441844,
    104.0008036349));
#1851 = CARTESIAN_POINT('',(-14.62543315268,-50.91627337915,
    104.00191237225));
#1852 = CARTESIAN_POINT('',(-14.66098317535,-50.93777415587,
    104.00342878603));
#1853 = CARTESIAN_POINT('',(-14.69534378931,-50.96045257975,
    104.00529787808));
#1854 = CARTESIAN_POINT('',(-14.76858363288,-51.01297632871,
    104.0100890082));
#1855 = CARTESIAN_POINT('',(-14.80689338168,-51.04332842748,
    104.01315033093));
#1856 = CARTESIAN_POINT('',(-14.84336752844,-51.0751242753,
    104.01655505763));
#1857 = CARTESIAN_POINT('',(-14.87798157677,-51.1082279138,
    104.02021376839));
#1858 = CARTESIAN_POINT('',(-14.91071891985,-51.14250875355,
    104.02404298408));
#1859 = CARTESIAN_POINT('',(-14.96583869206,-51.20563419819,
    104.03105307189));
#1860 = CARTESIAN_POINT('',(-14.98894473899,-51.23408343097,
    104.03419855508));
#1861 = CARTESIAN_POINT('',(-15.01088864209,-51.26313392885,
    104.0373667001));
#1862 = CARTESIAN_POINT('',(-15.03167206612,-51.29273470078,
    104.04052413687));
#1863 = CARTESIAN_POINT('',(-15.05129821785,-51.32283865526,
    104.04364052211));
#1864 = CARTESIAN_POINT('',(-15.08439402823,-51.37759446804,
    104.04910109559));
#1865 = CARTESIAN_POINT('',(-15.09829393797,-51.40207431341,
    104.05147080131));
#1866 = CARTESIAN_POINT('',(-15.11147370574,-51.42682062023,
    104.05378411098));
#1867 = CARTESIAN_POINT('',(-15.12393546561,-51.45181285777,
    104.05602861284));
#1868 = CARTESIAN_POINT('',(-15.13568135527,-51.47703148073,
    104.05819302903));
#1869 = CARTESIAN_POINT('',(-15.18140259073,-51.58240781322,
    104.06678920286));
#1870 = CARTESIAN_POINT('',(-15.2090372764,-51.66441785698,
    104.07241950907));
#1871 = CARTESIAN_POINT('',(-15.22967792935,-51.74790372618,
    104.07684176118));
#1872 = CARTESIAN_POINT('',(-15.24337223757,-51.83234741281,
    104.07984741267));
#1873 = CARTESIAN_POINT('',(-15.2501466967,-51.91726717884,
    104.08133359969));
#1874 = CARTESIAN_POINT('',(-15.24984998937,-52.08681398615,
    104.0812685077));
#1875 = CARTESIAN_POINT('',(-15.24282668043,-52.17142327806,
    104.07972772788));
#1876 = CARTESIAN_POINT('',(-15.22893073363,-52.25554488327,
    104.07668066406));
#1877 = CARTESIAN_POINT('',(-15.20813537786,-52.33870160977,
    104.07223142623));
#1878 = CARTESIAN_POINT('',(-15.18039300221,-52.42037997251,
    104.06658837053));
#1879 = CARTESIAN_POINT('',(-15.14564366187,-52.5000006,104.06006624164)
  );
#1880 = PCURVE('',#552,#1881);
#1881 = DEFINITIONAL_REPRESENTATION('',(#1882),#1950);
#1882 = B_SPLINE_CURVE_WITH_KNOTS('',6,(#1883,#1884,#1885,#1886,#1887,
    #1888,#1889,#1890,#1891,#1892,#1893,#1894,#1895,#1896,#1897,#1898,
    #1899,#1900,#1901,#1902,#1903,#1904,#1905,#1906,#1907,#1908,#1909,
    #1910,#1911,#1912,#1913,#1914,#1915,#1916,#1917,#1918,#1919,#1920,
    #1921,#1922,#1923,#1924,#1925,#1926,#1927,#1928,#1929,#1930,#1931,
    #1932,#1933,#1934,#1935,#1936,#1937,#1938,#1939,#1940,#1941,#1942,
    #1943,#1944,#1945,#1946,#1947,#1948,#1949),.UNSPECIFIED.,.F.,.F.,(7,
    5,5,5,5,5,5,5,5,5,5,5,5,7),(0.,0.151901658918,0.223944726281,
    0.287075740216,0.337468330715,0.382816349616,0.46094473349,
    0.548512403841,0.600706627201,0.663906416501,0.71362050983,
    0.752970036465,0.876699076905,1.),.UNSPECIFIED.);
#1883 = CARTESIAN_POINT('',(0.,-5.468911086754));
#1884 = CARTESIAN_POINT('',(-8.358190925658E-02,-5.468911086754));
#1885 = CARTESIAN_POINT('',(-0.167032953955,-5.462861216262));
#1886 = CARTESIAN_POINT('',(-0.25057846544,-5.450796119745));
#1887 = CARTESIAN_POINT('',(-0.334408841743,-5.433134597166));
#1888 = CARTESIAN_POINT('',(-0.418697811777,-5.410678160581));
#1889 = CARTESIAN_POINT('',(-0.543795193029,-5.372052323592));
#1890 = CARTESIAN_POINT('',(-0.584199570694,-5.358774023721));
#1891 = CARTESIAN_POINT('',(-0.624807985913,-5.344743105692));
#1892 = CARTESIAN_POINT('',(-0.665662234608,-5.330068466834));
#1893 = CARTESIAN_POINT('',(-0.706804336226,-5.314866837843));
#1894 = CARTESIAN_POINT('',(-0.78462207719,-5.285586538641));
#1895 = CARTESIAN_POINT('',(-0.821225349159,-5.271599811206));
#1896 = CARTESIAN_POINT('',(-0.858117934499,-5.257384092818));
#1897 = CARTESIAN_POINT('',(-0.895329455822,-5.24302667844));
#1898 = CARTESIAN_POINT('',(-0.932890738953,-5.228618405543));
#1899 = CARTESIAN_POINT('',(-1.001123024516,-5.20278570137));
#1900 = CARTESIAN_POINT('',(-1.031657669825,-5.191344679887));
#1901 = CARTESIAN_POINT('',(-1.062445598268,-5.179981540796));
#1902 = CARTESIAN_POINT('',(-1.093494760757,-5.16874811919));
#1903 = CARTESIAN_POINT('',(-1.124814432802,-5.157696196452));
#1904 = CARTESIAN_POINT('',(-1.184852586585,-5.137141814217));
#1905 = CARTESIAN_POINT('',(-1.213519608453,-5.127594020756));
#1906 = CARTESIAN_POINT('',(-1.242408401132,-5.118277432111));
#1907 = CARTESIAN_POINT('',(-1.271512675222,-5.109232738649));
#1908 = CARTESIAN_POINT('',(-1.300827730903,-5.100498008864));
#1909 = CARTESIAN_POINT('',(-1.381214045938,-5.077655048641));
#1910 = CARTESIAN_POINT('',(-1.432742235502,-5.064212244161));
#1911 = CARTESIAN_POINT('',(-1.48476751731,-5.052007679818));
#1912 = CARTESIAN_POINT('',(-1.537151137479,-5.041208311831));
#1913 = CARTESIAN_POINT('',(-1.58976634057,-5.031914310928));
#1914 = CARTESIAN_POINT('',(-1.701565819081,-5.015453401626));
#1915 = CARTESIAN_POINT('',(-1.760635631519,-5.008699705601));
#1916 = CARTESIAN_POINT('',(-1.819506849015,-5.003915915517));
#1917 = CARTESIAN_POINT('',(-1.877999032931,-5.001009120965));
#1918 = CARTESIAN_POINT('',(-1.935907847266,-4.999794604437));
#1919 = CARTESIAN_POINT('',(-2.026993388246,-5.000156298855));
#1920 = CARTESIAN_POINT('',(-2.060740924684,-5.000803634905));
#1921 = CARTESIAN_POINT('',(-2.094216587891,-5.001912372258));
#1922 = CARTESIAN_POINT('',(-2.127414440975,-5.003428786034));
#1923 = CARTESIAN_POINT('',(-2.160325635953,-5.00529787808));
#1924 = CARTESIAN_POINT('',(-2.232426981919,-5.010089008209));
#1925 = CARTESIAN_POINT('',(-2.271483187068,-5.01315033093));
#1926 = CARTESIAN_POINT('',(-2.310129944611,-5.016555057631));
#1927 = CARTESIAN_POINT('',(-2.348386793524,-5.020213768393));
#1928 = CARTESIAN_POINT('',(-2.386270375911,-5.024042984081));
#1929 = CARTESIAN_POINT('',(-2.45331310163,-5.031053071893));
#1930 = CARTESIAN_POINT('',(-2.48261485397,-5.034198555081));
#1931 = CARTESIAN_POINT('',(-2.511713483745,-5.037366700109));
#1932 = CARTESIAN_POINT('',(-2.540622283623,-5.04052413687));
#1933 = CARTESIAN_POINT('',(-2.569354923415,-5.043640522119));
#1934 = CARTESIAN_POINT('',(-2.620539494199,-5.049101095598));
#1935 = CARTESIAN_POINT('',(-2.643051843846,-5.051470801314));
#1936 = CARTESIAN_POINT('',(-2.665469366713,-5.05378411098));
#1937 = CARTESIAN_POINT('',(-2.687798837871,-5.056028612842));
#1938 = CARTESIAN_POINT('',(-2.710046939776,-5.058193029036));
#1939 = CARTESIAN_POINT('',(-2.801941149632,-5.066789202865));
#1940 = CARTESIAN_POINT('',(-2.870927832474,-5.072419509076));
#1941 = CARTESIAN_POINT('',(-2.939379905678,-5.076841761189));
#1942 = CARTESIAN_POINT('',(-3.007480157926,-5.079847412675));
#1943 = CARTESIAN_POINT('',(-3.075406293534,-5.081333599696));
#1944 = CARTESIAN_POINT('',(-3.211043947076,-5.081268507703));
#1945 = CARTESIAN_POINT('',(-3.278741020545,-5.079727727881));
#1946 = CARTESIAN_POINT('',(-3.346616397624,-5.076680664065));
#1947 = CARTESIAN_POINT('',(-3.414846147045,-5.072231426238));
#1948 = CARTESIAN_POINT('',(-3.483611426097,-5.066588370534));
#1949 = CARTESIAN_POINT('',(-3.55311002338,-5.060066241644));
#1950 = ( GEOMETRIC_REPRESENTATION_CONTEXT(2) 
PARAMETRIC_REPRESENTATION_CONTEXT() REPRESENTATION_CONTEXT('2D SPACE',''
  ) );
#1951 = PCURVE('',#749,#1952);
#1952 = DEFINITIONAL_REPRESENTATION('',(#1953),#2021);
#1953 = B_SPLINE_CURVE_WITH_KNOTS('',6,(#1954,#1955,#1956,#1957,#1958,
    #1959,#1960,#1961,#1962,#1963,#1964,#1965,#1966,#1967,#1968,#1969,
    #1970,#1971,#1972,#1973,#1974,#1975,#1976,#1977,#1978,#1979,#1980,
    #1981,#1982,#1983,#1984,#1985,#1986,#1987,#1988,#1989,#1990,#1991,
    #1992,#1993,#1994,#1995,#1996,#1997,#1998,#1999,#2000,#2001,#2002,
    #2003,#2004,#2005,#2006,#2007,#2008,#2009,#2010,#2011,#2012,#2013,
    #2014,#2015,#2016,#2017,#2018,#2019,#2020),.UNSPECIFIED.,.F.,.F.,(7,
    5,5,5,5,5,5,5,5,5,5,5,5,7),(0.,0.151901658918,0.223944726281,
    0.287075740216,0.337468330715,0.382816349616,0.46094473349,
    0.548512403841,0.600706627201,0.663906416501,0.71362050983,
    0.752970036465,0.876699076905,1.),.UNSPECIFIED.);
#1954 = CARTESIAN_POINT('',(5.235987755983,-0.5));
#1955 = CARTESIAN_POINT('',(5.235987755983,-0.604477386571));
#1956 = CARTESIAN_POINT('',(5.232530708434,-0.708791359966));
#1957 = CARTESIAN_POINT('',(5.225636265681,-0.811908719069));
#1958 = CARTESIAN_POINT('',(5.215388980205,-0.91277766257));
#1959 = CARTESIAN_POINT('',(5.201940986824,-1.010272584062));
#1960 = CARTESIAN_POINT('',(5.177721777721,-1.147234580816));
#1961 = CARTESIAN_POINT('',(5.169253700708,-1.190298792317));
#1962 = CARTESIAN_POINT('',(5.160124212663,-1.232268094023));
#1963 = CARTESIAN_POINT('',(5.150348828289,-1.273034399912));
#1964 = CARTESIAN_POINT('',(5.139943193379,-1.312479176332));
#1965 = CARTESIAN_POINT('',(5.11926613382,-1.383766184147));
#1966 = CARTESIAN_POINT('',(5.1091360899,-1.415949576448));
#1967 = CARTESIAN_POINT('',(5.098543315351,-1.446934641397));
#1968 = CARTESIAN_POINT('',(5.08749862814,-1.476625313092));
#1969 = CARTESIAN_POINT('',(5.076013302965,-1.504917152101));
#1970 = CARTESIAN_POINT('',(5.054588942765,-1.553072985307));
#1971 = CARTESIAN_POINT('',(5.044804702596,-1.573487427089));
#1972 = CARTESIAN_POINT('',(5.034755537426,-1.59287503379));
#1973 = CARTESIAN_POINT('',(5.024451165156,-1.611169445222));
#1974 = CARTESIAN_POINT('',(5.013901878474,-1.628303071522));
#1975 = CARTESIAN_POINT('',(4.993414681415,-1.658519035956));
#1976 = CARTESIAN_POINT('',(4.983520581374,-1.671836189427));
#1977 = CARTESIAN_POINT('',(4.973449576906,-1.684100138298));
#1978 = CARTESIAN_POINT('',(4.963215444051,-1.695255884836));
#1979 = CARTESIAN_POINT('',(4.952832402724,-1.705251848838));
#1980 = CARTESIAN_POINT('',(4.92419528306,-1.7291804123));
#1981 = CARTESIAN_POINT('',(4.905659693459,-1.740749572735));
#1982 = CARTESIAN_POINT('',(4.886836573923,-1.748443244957));
#1983 = CARTESIAN_POINT('',(4.867855341208,-1.75206197696));
#1984 = CARTESIAN_POINT('',(4.848845688599,-1.751509229602));
#1985 = CARTESIAN_POINT('',(4.808743112093,-1.74149983546));
#1986 = CARTESIAN_POINT('',(4.787726382911,-1.730988067987));
#1987 = CARTESIAN_POINT('',(4.767065980148,-1.715310301624));
#1988 = CARTESIAN_POINT('',(4.746935550998,-1.694680701241));
#1989 = CARTESIAN_POINT('',(4.727498980019,-1.669477149739));
#1990 = CARTESIAN_POINT('',(4.697824516164,-1.622824160985));
#1991 = CARTESIAN_POINT('',(4.687032700914,-1.603955815598));
#1992 = CARTESIAN_POINT('',(4.676546791519,-1.583726620841));
#1993 = CARTESIAN_POINT('',(4.666381491885,-1.562225844122));
#1994 = CARTESIAN_POINT('',(4.656550251005,-1.539547420242));
#1995 = CARTESIAN_POINT('',(4.63557985474,-1.487023671282));
#1996 = CARTESIAN_POINT('',(4.624600462213,-1.456671572514));
#1997 = CARTESIAN_POINT('',(4.614135275321,-1.424875724693));
#1998 = CARTESIAN_POINT('',(4.604191424926,-1.391772086197));
#1999 = CARTESIAN_POINT('',(4.594774606978,-1.357491246441));
#2000 = CARTESIAN_POINT('',(4.578899249047,-1.294365801805));
#2001 = CARTESIAN_POINT('',(4.572236873133,-1.265916569026));
#2002 = CARTESIAN_POINT('',(4.565902484469,-1.236866071149));
#2003 = CARTESIAN_POINT('',(4.559896455205,-1.207265299216));
#2004 = CARTESIAN_POINT('',(4.554218820963,-1.177161344736));
#2005 = CARTESIAN_POINT('',(4.544635031388,-1.122405531957));
#2006 = CARTESIAN_POINT('',(4.540606382108,-1.097925686584));
#2007 = CARTESIAN_POINT('',(4.536783236821,-1.073179379762));
#2008 = CARTESIAN_POINT('',(4.53316549313,-1.048187142229));
#2009 = CARTESIAN_POINT('',(4.529753042405,-1.022968519261));
#2010 = CARTESIAN_POINT('',(4.516460953072,-0.917592186771));
#2011 = CARTESIAN_POINT('',(4.508403973033,-0.835582143013));
#2012 = CARTESIAN_POINT('',(4.502373080902,-0.752096273814));
#2013 = CARTESIAN_POINT('',(4.498367090616,-0.667652587181));
#2014 = CARTESIAN_POINT('',(4.496385571602,-0.582732821152));
#2015 = CARTESIAN_POINT('',(4.496472361148,-0.413186013843));
#2016 = CARTESIAN_POINT('',(4.498526672373,-0.328576721932));
#2017 = CARTESIAN_POINT('',(4.502591466844,-0.24445511673));
#2018 = CARTESIAN_POINT('',(4.50866718932,-0.161298390223));
#2019 = CARTESIAN_POINT('',(4.516755042032,-7.962002748675E-02));
#2020 = CARTESIAN_POINT('',(4.526856788979,5.999999999062E-07));
#2021 = ( GEOMETRIC_REPRESENTATION_CONTEXT(2) 
PARAMETRIC_REPRESENTATION_CONTEXT() REPRESENTATION_CONTEXT('2D SPACE',''
  ) );
#2022 = ORIENTED_EDGE('',*,*,#953,.F.);
#2023 = ORIENTED_EDGE('',*,*,#2024,.T.);
#2024 = EDGE_CURVE('',#928,#907,#2025,.T.);
#2025 = SURFACE_CURVE('',#2026,(#2031,#2038),.PCURVE_S1.);
#2026 = CIRCLE('',#2027,1.25);
#2027 = AXIS2_PLACEMENT_3D('',#2028,#2029,#2030);
#2028 = CARTESIAN_POINT('',(-14.,-52.,104.5));
#2029 = DIRECTION('',(0.,0.,1.));
#2030 = DIRECTION('',(1.,0.,0.));
#2031 = PCURVE('',#552,#2032);
#2032 = DEFINITIONAL_REPRESENTATION('',(#2033),#2037);
#2033 = LINE('',#2034,#2035);
#2034 = CARTESIAN_POINT('',(-0.,-5.5));
#2035 = VECTOR('',#2036,1.);
#2036 = DIRECTION('',(-1.,0.));
#2037 = ( GEOMETRIC_REPRESENTATION_CONTEXT(2) 
PARAMETRIC_REPRESENTATION_CONTEXT() REPRESENTATION_CONTEXT('2D SPACE',''
  ) );
#2038 = PCURVE('',#942,#2039);
#2039 = DEFINITIONAL_REPRESENTATION('',(#2040),#2044);
#2040 = CIRCLE('',#2041,1.25);
#2041 = AXIS2_PLACEMENT_2D('',#2042,#2043);
#2042 = CARTESIAN_POINT('',(0.,0.));
#2043 = DIRECTION('',(1.,0.));
#2044 = ( GEOMETRIC_REPRESENTATION_CONTEXT(2) 
PARAMETRIC_REPRESENTATION_CONTEXT() REPRESENTATION_CONTEXT('2D SPACE',''
  ) );
#2045 = ORIENTED_EDGE('',*,*,#906,.T.);
#2046 = ORIENTED_EDGE('',*,*,#2047,.T.);
#2047 = EDGE_CURVE('',#879,#1788,#2048,.T.);
#2048 = SURFACE_CURVE('',#2049,(#2057,#2068),.PCURVE_S1.);
#2049 = B_SPLINE_CURVE_WITH_KNOTS('',6,(#2050,#2051,#2052,#2053,#2054,
    #2055,#2056),.UNSPECIFIED.,.F.,.F.,(7,7),(0.,1.),
  .PIECEWISE_BEZIER_KNOTS.);
#2050 = CARTESIAN_POINT('',(-12.85435633812,-52.5000006,104.41101036937)
  );
#2051 = CARTESIAN_POINT('',(-12.8198365086,-52.4209058471,
    104.42940063462));
#2052 = CARTESIAN_POINT('',(-12.79200586056,-52.33926355359,
    104.44482156484));
#2053 = CARTESIAN_POINT('',(-12.77103784886,-52.2557368875,
    104.45676486304));
#2054 = CARTESIAN_POINT('',(-12.75701922121,-52.17095205375,
    104.46485854213));
#2055 = CARTESIAN_POINT('',(-12.75,-52.08550867911,104.46891108675));
#2056 = CARTESIAN_POINT('',(-12.75,-52.,104.46891108675));
#2057 = PCURVE('',#552,#2058);
#2058 = DEFINITIONAL_REPRESENTATION('',(#2059),#2067);
#2059 = B_SPLINE_CURVE_WITH_KNOTS('',6,(#2060,#2061,#2062,#2063,#2064,
    #2065,#2066),.UNSPECIFIED.,.F.,.F.,(7,7),(0.,1.),
  .PIECEWISE_BEZIER_KNOTS.);
#2060 = CARTESIAN_POINT('',(-5.871667937389,-5.411010369373));
#2061 = CARTESIAN_POINT('',(-5.940707513588,-5.429400634623));
#2062 = CARTESIAN_POINT('',(-6.009474400875,-5.444821564843));
#2063 = CARTESIAN_POINT('',(-6.078019439997,-5.456764863042));
#2064 = CARTESIAN_POINT('',(-6.146423706984,-5.464858542131));
#2065 = CARTESIAN_POINT('',(-6.214778363887,-5.468911086754));
#2066 = CARTESIAN_POINT('',(-6.28318530718,-5.468911086754));
#2067 = ( GEOMETRIC_REPRESENTATION_CONTEXT(2) 
PARAMETRIC_REPRESENTATION_CONTEXT() REPRESENTATION_CONTEXT('2D SPACE',''
  ) );
#2068 = PCURVE('',#749,#2069);
#2069 = DEFINITIONAL_REPRESENTATION('',(#2070),#2078);
#2070 = B_SPLINE_CURVE_WITH_KNOTS('',6,(#2071,#2072,#2073,#2074,#2075,
    #2076,#2077),.UNSPECIFIED.,.F.,.F.,(7,7),(0.,1.),
  .PIECEWISE_BEZIER_KNOTS.);
#2071 = CARTESIAN_POINT('',(5.201888119784,6.000000000173E-07));
#2072 = CARTESIAN_POINT('',(5.213063239694,-7.909415289067E-02));
#2073 = CARTESIAN_POINT('',(5.222152695528,-0.160736446402));
#2074 = CARTESIAN_POINT('',(5.229047037464,-0.244263112499));
#2075 = CARTESIAN_POINT('',(5.233672021309,-0.329047946248));
#2076 = CARTESIAN_POINT('',(5.235987755983,-0.414491320884));
#2077 = CARTESIAN_POINT('',(5.235987755983,-0.5));
#2078 = ( GEOMETRIC_REPRESENTATION_CONTEXT(2) 
PARAMETRIC_REPRESENTATION_CONTEXT() REPRESENTATION_CONTEXT('2D SPACE',''
  ) );
#2079 = ORIENTED_EDGE('',*,*,#1787,.F.);
#2080 = ADVANCED_FACE('',(#2081),#749,.F.);
#2081 = FACE_BOUND('',#2082,.F.);
#2082 = EDGE_LOOP('',(#2083,#2084,#2085,#2107,#2108,#2109,#2110));
#2083 = ORIENTED_EDGE('',*,*,#974,.F.);
#2084 = ORIENTED_EDGE('',*,*,#734,.F.);
#2085 = ORIENTED_EDGE('',*,*,#2086,.T.);
#2086 = EDGE_CURVE('',#735,#761,#2087,.T.);
#2087 = SURFACE_CURVE('',#2088,(#2093,#2100),.PCURVE_S1.);
#2088 = CIRCLE('',#2089,3.5);
#2089 = AXIS2_PLACEMENT_3D('',#2090,#2091,#2092);
#2090 = CARTESIAN_POINT('',(-14.5,-47.5,107.5));
#2091 = DIRECTION('',(0.,-1.,0.));
#2092 = DIRECTION('',(1.,0.,0.));
#2093 = PCURVE('',#749,#2094);
#2094 = DEFINITIONAL_REPRESENTATION('',(#2095),#2099);
#2095 = LINE('',#2096,#2097);
#2096 = CARTESIAN_POINT('',(0.,-5.));
#2097 = VECTOR('',#2098,1.);
#2098 = DIRECTION('',(1.,0.));
#2099 = ( GEOMETRIC_REPRESENTATION_CONTEXT(2) 
PARAMETRIC_REPRESENTATION_CONTEXT() REPRESENTATION_CONTEXT('2D SPACE',''
  ) );
#2100 = PCURVE('',#775,#2101);
#2101 = DEFINITIONAL_REPRESENTATION('',(#2102),#2106);
#2102 = CIRCLE('',#2103,3.5);
#2103 = AXIS2_PLACEMENT_2D('',#2104,#2105);
#2104 = CARTESIAN_POINT('',(0.,0.));
#2105 = DIRECTION('',(0.,1.));
#2106 = ( GEOMETRIC_REPRESENTATION_CONTEXT(2) 
PARAMETRIC_REPRESENTATION_CONTEXT() REPRESENTATION_CONTEXT('2D SPACE',''
  ) );
#2107 = ORIENTED_EDGE('',*,*,#786,.T.);
#2108 = ORIENTED_EDGE('',*,*,#878,.F.);
#2109 = ORIENTED_EDGE('',*,*,#2047,.T.);
#2110 = ORIENTED_EDGE('',*,*,#1810,.T.);
#2111 = ADVANCED_FACE('',(#2112),#775,.T.);
#2112 = FACE_BOUND('',#2113,.T.);
#2113 = EDGE_LOOP('',(#2114,#2115));
#2114 = ORIENTED_EDGE('',*,*,#760,.F.);
#2115 = ORIENTED_EDGE('',*,*,#2086,.T.);
#2116 = ADVANCED_FACE('',(#2117),#654,.F.);
#2117 = FACE_BOUND('',#2118,.F.);
#2118 = EDGE_LOOP('',(#2119,#2120,#2121,#2143,#2144,#2145,#2146));
#2119 = ORIENTED_EDGE('',*,*,#1097,.F.);
#2120 = ORIENTED_EDGE('',*,*,#639,.F.);
#2121 = ORIENTED_EDGE('',*,*,#2122,.T.);
#2122 = EDGE_CURVE('',#640,#666,#2123,.T.);
#2123 = SURFACE_CURVE('',#2124,(#2129,#2136),.PCURVE_S1.);
#2124 = CIRCLE('',#2125,3.5);
#2125 = AXIS2_PLACEMENT_3D('',#2126,#2127,#2128);
#2126 = CARTESIAN_POINT('',(-45.5,-47.5,107.5));
#2127 = DIRECTION('',(0.,-1.,0.));
#2128 = DIRECTION('',(1.,0.,0.));
#2129 = PCURVE('',#654,#2130);
#2130 = DEFINITIONAL_REPRESENTATION('',(#2131),#2135);
#2131 = LINE('',#2132,#2133);
#2132 = CARTESIAN_POINT('',(0.,-5.));
#2133 = VECTOR('',#2134,1.);
#2134 = DIRECTION('',(1.,0.));
#2135 = ( GEOMETRIC_REPRESENTATION_CONTEXT(2) 
PARAMETRIC_REPRESENTATION_CONTEXT() REPRESENTATION_CONTEXT('2D SPACE',''
  ) );
#2136 = PCURVE('',#680,#2137);
#2137 = DEFINITIONAL_REPRESENTATION('',(#2138),#2142);
#2138 = CIRCLE('',#2139,3.5);
#2139 = AXIS2_PLACEMENT_2D('',#2140,#2141);
#2140 = CARTESIAN_POINT('',(0.,0.));
#2141 = DIRECTION('',(0.,1.));
#2142 = ( GEOMETRIC_REPRESENTATION_CONTEXT(2) 
PARAMETRIC_REPRESENTATION_CONTEXT() REPRESENTATION_CONTEXT('2D SPACE',''
  ) );
#2143 = ORIENTED_EDGE('',*,*,#691,.T.);
#2144 = ORIENTED_EDGE('',*,*,#1001,.F.);
#2145 = ORIENTED_EDGE('',*,*,#1752,.T.);
#2146 = ORIENTED_EDGE('',*,*,#1494,.T.);
#2147 = ADVANCED_FACE('',(#2148),#680,.T.);
#2148 = FACE_BOUND('',#2149,.T.);
#2149 = EDGE_LOOP('',(#2150,#2151));
#2150 = ORIENTED_EDGE('',*,*,#665,.F.);
#2151 = ORIENTED_EDGE('',*,*,#2122,.T.);
#2152 = ADVANCED_FACE('',(#2153),#1065,.F.);
#2153 = FACE_BOUND('',#2154,.F.);
#2154 = EDGE_LOOP('',(#2155,#2156));
#2155 = ORIENTED_EDGE('',*,*,#1050,.F.);
#2156 = ORIENTED_EDGE('',*,*,#1729,.T.);
#2157 = ADVANCED_FACE('',(#2158),#942,.F.);
#2158 = FACE_BOUND('',#2159,.F.);
#2159 = EDGE_LOOP('',(#2160,#2161));
#2160 = ORIENTED_EDGE('',*,*,#927,.F.);
#2161 = ORIENTED_EDGE('',*,*,#2024,.T.);
#2162 = ( GEOMETRIC_REPRESENTATION_CONTEXT(3) 
GLOBAL_UNCERTAINTY_ASSIGNED_CONTEXT((#2166)) 
GLOBAL_UNIT_ASSIGNED_CONTEXT((#2163,#2164,#2165)) REPRESENTATION_CONTEXT
('Context #1','3D Context with UNIT and UNCERTAINTY') );
#2163 = ( LENGTH_UNIT() NAMED_UNIT(*) SI_UNIT(.MILLI.,.METRE.) );
#2164 = ( NAMED_UNIT(*) PLANE_ANGLE_UNIT() SI_UNIT($,.RADIAN.) );
#2165 = ( NAMED_UNIT(*) SI_UNIT($,.STERADIAN.) SOLID_ANGLE_UNIT() );
#2166 = UNCERTAINTY_MEASURE_WITH_UNIT(LENGTH_MEASURE(1.E-07),#2163,
  'distance_accuracy_value','confusion accuracy');
#2167 = PRODUCT_RELATED_PRODUCT_CATEGORY('part',$,(#7));
ENDSEC;
END-ISO-10303-21;
