ISO-10303-21;
HEADER;
FILE_DESCRIPTION(('Open CASCADE Model'),'2;1');
FILE_NAME('Open CASCADE Shape Model','2026-10-03T12:36:12',('Author'),(
    'Open CASCADE'),'Open CASCADE STEP processor 7.9','Open CASCADE 7.9'
  ,'Unknown');
FILE_SCHEMA(('AUTOMOTIVE_DESIGN { 1 0 10303 214 1 1 1 1 }'));
ENDSEC;
DATA;
#1 = APPLICATION_PROTOCOL_DEFINITION('international standard',
  'automotive_design',2000,#2);
#2 = APPLICATION_CONTEXT(
  'core data for automotive mechanical design processes');
#3 = SHAPE_DEFINITION_REPRESENTATION(#4,#10);
#4 = PRODUCT_DEFINITION_SHAPE('','',#5);
#5 = PRODUCT_DEFINITION('design','',#6,#9);
#6 = PRODUCT_DEFINITION_FORMATION('','',#7);
#7 = PRODUCT('Open CASCADE STEP translator 7.9 17',
  'Open CASCADE STEP translator 7.9 17','',(#8));
#8 = PRODUCT_CONTEXT('',#2,'mechanical');
#9 = PRODUCT_DEFINITION_CONTEXT('part definition',#2,'design');
#10 = ADVANCED_BREP_SHAPE_REPRESENTATION('',(#11,#15),#2679);
#11 = AXIS2_PLACEMENT_3D('',#12,#13,#14);
#12 = CARTESIAN_POINT('',(0.,0.,0.));
#13 = DIRECTION('',(0.,0.,1.));
#14 = DIRECTION('',(1.,0.,-0.));
#15 = MANIFOLD_SOLID_BREP('',#16);
#16 = CLOSED_SHELL('',(#17,#486,#702,#751,#800,#1127,#1176,#1225,#1275,
    #1329,#1356,#1432,#1486,#1535,#1584,#1633,#1665,#1926,#1953,#1980,
    #2007,#2034,#2083,#2219,#2246,#2290,#2325,#2352,#2379,#2386,#2467,
    #2516,#2565,#2592,#2642,#2669));
#17 = ADVANCED_FACE('',(#18,#306),#32,.F.);
#18 = FACE_BOUND('',#19,.F.);
#19 = EDGE_LOOP('',(#20,#55,#83,#111,#139,#168,#196,#229,#257,#280));
#20 = ORIENTED_EDGE('',*,*,#21,.F.);
#21 = EDGE_CURVE('',#22,#24,#26,.T.);
#22 = VERTEX_POINT('',#23);
#23 = CARTESIAN_POINT('',(-56.,24.,0.));
#24 = VERTEX_POINT('',#25);
#25 = CARTESIAN_POINT('',(-56.,-24.,0.));
#26 = SURFACE_CURVE('',#27,(#31,#43),.PCURVE_S1.);
#27 = LINE('',#28,#29);
#28 = CARTESIAN_POINT('',(-56.,24.,0.));
#29 = VECTOR('',#30,1.);
#30 = DIRECTION('',(0.,-1.,1.224646799147E-16));
#31 = PCURVE('',#32,#37);
#32 = PLANE('',#33);
#33 = AXIS2_PLACEMENT_3D('',#34,#35,#36);
#34 = CARTESIAN_POINT('',(-56.,24.,5.));
#35 = DIRECTION('',(1.,0.,0.));
#36 = DIRECTION('',(0.,-1.224646799147E-16,-1.));
#37 = DEFINITIONAL_REPRESENTATION('',(#38),#42);
#38 = LINE('',#39,#40);
#39 = CARTESIAN_POINT('',(5.,6.123233995737E-16));
#40 = VECTOR('',#41,1.);
#41 = DIRECTION('',(0.,-1.));
#42 = ( GEOMETRIC_REPRESENTATION_CONTEXT(2) 
PARAMETRIC_REPRESENTATION_CONTEXT() REPRESENTATION_CONTEXT('2D SPACE',''
  ) );
#43 = PCURVE('',#44,#49);
#44 = PLANE('',#45);
#45 = AXIS2_PLACEMENT_3D('',#46,#47,#48);
#46 = CARTESIAN_POINT('',(-56.,24.,0.));
#47 = DIRECTION('',(0.,-1.224646799147E-16,-1.));
#48 = DIRECTION('',(1.,0.,0.));
#49 = DEFINITIONAL_REPRESENTATION('',(#50),#54);
#50 = LINE('',#51,#52);
#51 = CARTESIAN_POINT('',(0.,0.));
#52 = VECTOR('',#53,1.);
#53 = DIRECTION('',(0.,1.));
#54 = ( GEOMETRIC_REPRESENTATION_CONTEXT(2) 
PARAMETRIC_REPRESENTATION_CONTEXT() REPRESENTATION_CONTEXT('2D SPACE',''
  ) );
#55 = ORIENTED_EDGE('',*,*,#56,.F.);
#56 = EDGE_CURVE('',#57,#22,#59,.T.);
#57 = VERTEX_POINT('',#58);
#58 = CARTESIAN_POINT('',(-56.,24.,5.));
#59 = SURFACE_CURVE('',#60,(#64,#71),.PCURVE_S1.);
#60 = LINE('',#61,#62);
#61 = CARTESIAN_POINT('',(-56.,24.,5.));
#62 = VECTOR('',#63,1.);
#63 = DIRECTION('',(0.,-1.224646799147E-16,-1.));
#64 = PCURVE('',#32,#65);
#65 = DEFINITIONAL_REPRESENTATION('',(#66),#70);
#66 = LINE('',#67,#68);
#67 = CARTESIAN_POINT('',(0.,0.));
#68 = VECTOR('',#69,1.);
#69 = DIRECTION('',(1.,0.));
#70 = ( GEOMETRIC_REPRESENTATION_CONTEXT(2) 
PARAMETRIC_REPRESENTATION_CONTEXT() REPRESENTATION_CONTEXT('2D SPACE',''
  ) );
#71 = PCURVE('',#72,#77);
#72 = PLANE('',#73);
#73 = AXIS2_PLACEMENT_3D('',#74,#75,#76);
#74 = CARTESIAN_POINT('',(-56.,24.,5.));
#75 = DIRECTION('',(0.,-1.,1.224646799147E-16));
#76 = DIRECTION('',(0.,-1.224646799147E-16,-1.));
#77 = DEFINITIONAL_REPRESENTATION('',(#78),#82);
#78 = LINE('',#79,#80);
#79 = CARTESIAN_POINT('',(0.,0.));
#80 = VECTOR('',#81,1.);
#81 = DIRECTION('',(1.,0.));
#82 = ( GEOMETRIC_REPRESENTATION_CONTEXT(2) 
PARAMETRIC_REPRESENTATION_CONTEXT() REPRESENTATION_CONTEXT('2D SPACE',''
  ) );
#83 = ORIENTED_EDGE('',*,*,#84,.T.);
#84 = EDGE_CURVE('',#57,#85,#87,.T.);
#85 = VERTEX_POINT('',#86);
#86 = CARTESIAN_POINT('',(-56.,22.,5.));
#87 = SURFACE_CURVE('',#88,(#92,#99),.PCURVE_S1.);
#88 = LINE('',#89,#90);
#89 = CARTESIAN_POINT('',(-56.,24.,5.));
#90 = VECTOR('',#91,1.);
#91 = DIRECTION('',(0.,-1.,1.224646799147E-16));
#92 = PCURVE('',#32,#93);
#93 = DEFINITIONAL_REPRESENTATION('',(#94),#98);
#94 = LINE('',#95,#96);
#95 = CARTESIAN_POINT('',(0.,0.));
#96 = VECTOR('',#97,1.);
#97 = DIRECTION('',(0.,-1.));
#98 = ( GEOMETRIC_REPRESENTATION_CONTEXT(2) 
PARAMETRIC_REPRESENTATION_CONTEXT() REPRESENTATION_CONTEXT('2D SPACE',''
  ) );
#99 = PCURVE('',#100,#105);
#100 = PLANE('',#101);
#101 = AXIS2_PLACEMENT_3D('',#102,#103,#104);
#102 = CARTESIAN_POINT('',(-56.,24.,5.));
#103 = DIRECTION('',(0.,-1.224646799147E-16,-1.));
#104 = DIRECTION('',(1.,0.,0.));
#105 = DEFINITIONAL_REPRESENTATION('',(#106),#110);
#106 = LINE('',#107,#108);
#107 = CARTESIAN_POINT('',(0.,0.));
#108 = VECTOR('',#109,1.);
#109 = DIRECTION('',(0.,1.));
#110 = ( GEOMETRIC_REPRESENTATION_CONTEXT(2) 
PARAMETRIC_REPRESENTATION_CONTEXT() REPRESENTATION_CONTEXT('2D SPACE',''
  ) );
#111 = ORIENTED_EDGE('',*,*,#112,.F.);
#112 = EDGE_CURVE('',#113,#85,#115,.T.);
#113 = VERTEX_POINT('',#114);
#114 = CARTESIAN_POINT('',(-56.,22.,50.));
#115 = SURFACE_CURVE('',#116,(#120,#127),.PCURVE_S1.);
#116 = LINE('',#117,#118);
#117 = CARTESIAN_POINT('',(-56.,22.,58.));
#118 = VECTOR('',#119,1.);
#119 = DIRECTION('',(0.,-1.224646799147E-16,-1.));
#120 = PCURVE('',#32,#121);
#121 = DEFINITIONAL_REPRESENTATION('',(#122),#126);
#122 = LINE('',#123,#124);
#123 = CARTESIAN_POINT('',(-53.,-2.));
#124 = VECTOR('',#125,1.);
#125 = DIRECTION('',(1.,0.));
#126 = ( GEOMETRIC_REPRESENTATION_CONTEXT(2) 
PARAMETRIC_REPRESENTATION_CONTEXT() REPRESENTATION_CONTEXT('2D SPACE',''
  ) );
#127 = PCURVE('',#128,#133);
#128 = PLANE('',#129);
#129 = AXIS2_PLACEMENT_3D('',#130,#131,#132);
#130 = CARTESIAN_POINT('',(-56.,22.,58.));
#131 = DIRECTION('',(0.,-1.,1.224646799147E-16));
#132 = DIRECTION('',(0.,-1.224646799147E-16,-1.));
#133 = DEFINITIONAL_REPRESENTATION('',(#134),#138);
#134 = LINE('',#135,#136);
#135 = CARTESIAN_POINT('',(0.,0.));
#136 = VECTOR('',#137,1.);
#137 = DIRECTION('',(1.,0.));
#138 = ( GEOMETRIC_REPRESENTATION_CONTEXT(2) 
PARAMETRIC_REPRESENTATION_CONTEXT() REPRESENTATION_CONTEXT('2D SPACE',''
  ) );
#139 = ORIENTED_EDGE('',*,*,#140,.T.);
#140 = EDGE_CURVE('',#113,#141,#143,.T.);
#141 = VERTEX_POINT('',#142);
#142 = CARTESIAN_POINT('',(-56.,14.,58.));
#143 = SURFACE_CURVE('',#144,(#149,#156),.PCURVE_S1.);
#144 = CIRCLE('',#145,8.);
#145 = AXIS2_PLACEMENT_3D('',#146,#147,#148);
#146 = CARTESIAN_POINT('',(-56.,14.,50.));
#147 = DIRECTION('',(1.,0.,0.));
#148 = DIRECTION('',(0.,-1.224646799147E-16,-1.));
#149 = PCURVE('',#32,#150);
#150 = DEFINITIONAL_REPRESENTATION('',(#151),#155);
#151 = CIRCLE('',#152,8.);
#152 = AXIS2_PLACEMENT_2D('',#153,#154);
#153 = CARTESIAN_POINT('',(-45.,-10.));
#154 = DIRECTION('',(1.,0.));
#155 = ( GEOMETRIC_REPRESENTATION_CONTEXT(2) 
PARAMETRIC_REPRESENTATION_CONTEXT() REPRESENTATION_CONTEXT('2D SPACE',''
  ) );
#156 = PCURVE('',#157,#162);
#157 = CYLINDRICAL_SURFACE('',#158,8.);
#158 = AXIS2_PLACEMENT_3D('',#159,#160,#161);
#159 = CARTESIAN_POINT('',(-56.,14.,50.));
#160 = DIRECTION('',(1.,0.,0.));
#161 = DIRECTION('',(0.,1.,-1.224646799147E-16));
#162 = DEFINITIONAL_REPRESENTATION('',(#163),#167);
#163 = LINE('',#164,#165);
#164 = CARTESIAN_POINT('',(-1.570796326795,0.));
#165 = VECTOR('',#166,1.);
#166 = DIRECTION('',(1.,0.));
#167 = ( GEOMETRIC_REPRESENTATION_CONTEXT(2) 
PARAMETRIC_REPRESENTATION_CONTEXT() REPRESENTATION_CONTEXT('2D SPACE',''
  ) );
#168 = ORIENTED_EDGE('',*,*,#169,.T.);
#169 = EDGE_CURVE('',#141,#170,#172,.T.);
#170 = VERTEX_POINT('',#171);
#171 = CARTESIAN_POINT('',(-56.,-14.,58.));
#172 = SURFACE_CURVE('',#173,(#177,#184),.PCURVE_S1.);
#173 = LINE('',#174,#175);
#174 = CARTESIAN_POINT('',(-56.,22.,58.));
#175 = VECTOR('',#176,1.);
#176 = DIRECTION('',(0.,-1.,1.224646799147E-16));
#177 = PCURVE('',#32,#178);
#178 = DEFINITIONAL_REPRESENTATION('',(#179),#183);
#179 = LINE('',#180,#181);
#180 = CARTESIAN_POINT('',(-53.,-2.));
#181 = VECTOR('',#182,1.);
#182 = DIRECTION('',(0.,-1.));
#183 = ( GEOMETRIC_REPRESENTATION_CONTEXT(2) 
PARAMETRIC_REPRESENTATION_CONTEXT() REPRESENTATION_CONTEXT('2D SPACE',''
  ) );
#184 = PCURVE('',#185,#190);
#185 = PLANE('',#186);
#186 = AXIS2_PLACEMENT_3D('',#187,#188,#189);
#187 = CARTESIAN_POINT('',(-56.,22.,58.));
#188 = DIRECTION('',(0.,-1.224646799147E-16,-1.));
#189 = DIRECTION('',(1.,0.,0.));
#190 = DEFINITIONAL_REPRESENTATION('',(#191),#195);
#191 = LINE('',#192,#193);
#192 = CARTESIAN_POINT('',(0.,0.));
#193 = VECTOR('',#194,1.);
#194 = DIRECTION('',(0.,1.));
#195 = ( GEOMETRIC_REPRESENTATION_CONTEXT(2) 
PARAMETRIC_REPRESENTATION_CONTEXT() REPRESENTATION_CONTEXT('2D SPACE',''
  ) );
#196 = ORIENTED_EDGE('',*,*,#197,.F.);
#197 = EDGE_CURVE('',#198,#170,#200,.T.);
#198 = VERTEX_POINT('',#199);
#199 = CARTESIAN_POINT('',(-56.,-22.,50.));
#200 = SURFACE_CURVE('',#201,(#206,#217),.PCURVE_S1.);
#201 = CIRCLE('',#202,8.);
#202 = AXIS2_PLACEMENT_3D('',#203,#204,#205);
#203 = CARTESIAN_POINT('',(-56.,-14.,50.));
#204 = DIRECTION('',(-1.,-0.,0.));
#205 = DIRECTION('',(0.,-1.224646799147E-16,-1.));
#206 = PCURVE('',#32,#207);
#207 = DEFINITIONAL_REPRESENTATION('',(#208),#216);
#208 = ( BOUNDED_CURVE() B_SPLINE_CURVE(2,(#209,#210,#211,#212,#213,#214
,#215),.UNSPECIFIED.,.T.,.F.) B_SPLINE_CURVE_WITH_KNOTS((1,2,2,2,2,1),(
    -2.094395102393,0.,2.094395102393,4.188790204786,6.28318530718,
8.377580409573),.UNSPECIFIED.) CURVE() GEOMETRIC_REPRESENTATION_ITEM() 
RATIONAL_B_SPLINE_CURVE((1.,0.5,1.,0.5,1.,0.5,1.)) REPRESENTATION_ITEM(
  '') );
#209 = CARTESIAN_POINT('',(-37.,-38.));
#210 = CARTESIAN_POINT('',(-37.,-51.85640646055));
#211 = CARTESIAN_POINT('',(-49.,-44.92820323027));
#212 = CARTESIAN_POINT('',(-61.,-38.));
#213 = CARTESIAN_POINT('',(-49.,-31.07179676972));
#214 = CARTESIAN_POINT('',(-37.,-24.14359353944));
#215 = CARTESIAN_POINT('',(-37.,-38.));
#216 = ( GEOMETRIC_REPRESENTATION_CONTEXT(2) 
PARAMETRIC_REPRESENTATION_CONTEXT() REPRESENTATION_CONTEXT('2D SPACE',''
  ) );
#217 = PCURVE('',#218,#223);
#218 = CYLINDRICAL_SURFACE('',#219,8.);
#219 = AXIS2_PLACEMENT_3D('',#220,#221,#222);
#220 = CARTESIAN_POINT('',(-56.,-14.,50.));
#221 = DIRECTION('',(1.,0.,0.));
#222 = DIRECTION('',(0.,-1.,1.224646799147E-16));
#223 = DEFINITIONAL_REPRESENTATION('',(#224),#228);
#224 = LINE('',#225,#226);
#225 = CARTESIAN_POINT('',(1.570796326795,-0.));
#226 = VECTOR('',#227,1.);
#227 = DIRECTION('',(-1.,0.));
#228 = ( GEOMETRIC_REPRESENTATION_CONTEXT(2) 
PARAMETRIC_REPRESENTATION_CONTEXT() REPRESENTATION_CONTEXT('2D SPACE',''
  ) );
#229 = ORIENTED_EDGE('',*,*,#230,.T.);
#230 = EDGE_CURVE('',#198,#231,#233,.T.);
#231 = VERTEX_POINT('',#232);
#232 = CARTESIAN_POINT('',(-56.,-22.,5.));
#233 = SURFACE_CURVE('',#234,(#238,#245),.PCURVE_S1.);
#234 = LINE('',#235,#236);
#235 = CARTESIAN_POINT('',(-56.,-22.,58.));
#236 = VECTOR('',#237,1.);
#237 = DIRECTION('',(0.,-1.224646799147E-16,-1.));
#238 = PCURVE('',#32,#239);
#239 = DEFINITIONAL_REPRESENTATION('',(#240),#244);
#240 = LINE('',#241,#242);
#241 = CARTESIAN_POINT('',(-53.,-46.));
#242 = VECTOR('',#243,1.);
#243 = DIRECTION('',(1.,0.));
#244 = ( GEOMETRIC_REPRESENTATION_CONTEXT(2) 
PARAMETRIC_REPRESENTATION_CONTEXT() REPRESENTATION_CONTEXT('2D SPACE',''
  ) );
#245 = PCURVE('',#246,#251);
#246 = PLANE('',#247);
#247 = AXIS2_PLACEMENT_3D('',#248,#249,#250);
#248 = CARTESIAN_POINT('',(-56.,-22.,58.));
#249 = DIRECTION('',(0.,-1.,1.224646799147E-16));
#250 = DIRECTION('',(0.,-1.224646799147E-16,-1.));
#251 = DEFINITIONAL_REPRESENTATION('',(#252),#256);
#252 = LINE('',#253,#254);
#253 = CARTESIAN_POINT('',(0.,0.));
#254 = VECTOR('',#255,1.);
#255 = DIRECTION('',(1.,0.));
#256 = ( GEOMETRIC_REPRESENTATION_CONTEXT(2) 
PARAMETRIC_REPRESENTATION_CONTEXT() REPRESENTATION_CONTEXT('2D SPACE',''
  ) );
#257 = ORIENTED_EDGE('',*,*,#258,.T.);
#258 = EDGE_CURVE('',#231,#259,#261,.T.);
#259 = VERTEX_POINT('',#260);
#260 = CARTESIAN_POINT('',(-56.,-24.,5.));
#261 = SURFACE_CURVE('',#262,(#266,#273),.PCURVE_S1.);
#262 = LINE('',#263,#264);
#263 = CARTESIAN_POINT('',(-56.,24.,5.));
#264 = VECTOR('',#265,1.);
#265 = DIRECTION('',(0.,-1.,1.224646799147E-16));
#266 = PCURVE('',#32,#267);
#267 = DEFINITIONAL_REPRESENTATION('',(#268),#272);
#268 = LINE('',#269,#270);
#269 = CARTESIAN_POINT('',(0.,0.));
#270 = VECTOR('',#271,1.);
#271 = DIRECTION('',(0.,-1.));
#272 = ( GEOMETRIC_REPRESENTATION_CONTEXT(2) 
PARAMETRIC_REPRESENTATION_CONTEXT() REPRESENTATION_CONTEXT('2D SPACE',''
  ) );
#273 = PCURVE('',#100,#274);
#274 = DEFINITIONAL_REPRESENTATION('',(#275),#279);
#275 = LINE('',#276,#277);
#276 = CARTESIAN_POINT('',(0.,0.));
#277 = VECTOR('',#278,1.);
#278 = DIRECTION('',(0.,1.));
#279 = ( GEOMETRIC_REPRESENTATION_CONTEXT(2) 
PARAMETRIC_REPRESENTATION_CONTEXT() REPRESENTATION_CONTEXT('2D SPACE',''
  ) );
#280 = ORIENTED_EDGE('',*,*,#281,.T.);
#281 = EDGE_CURVE('',#259,#24,#282,.T.);
#282 = SURFACE_CURVE('',#283,(#287,#294),.PCURVE_S1.);
#283 = LINE('',#284,#285);
#284 = CARTESIAN_POINT('',(-56.,-24.,5.));
#285 = VECTOR('',#286,1.);
#286 = DIRECTION('',(0.,-1.224646799147E-16,-1.));
#287 = PCURVE('',#32,#288);
#288 = DEFINITIONAL_REPRESENTATION('',(#289),#293);
#289 = LINE('',#290,#291);
#290 = CARTESIAN_POINT('',(-1.227122721694E-15,-48.));
#291 = VECTOR('',#292,1.);
#292 = DIRECTION('',(1.,0.));
#293 = ( GEOMETRIC_REPRESENTATION_CONTEXT(2) 
PARAMETRIC_REPRESENTATION_CONTEXT() REPRESENTATION_CONTEXT('2D SPACE',''
  ) );
#294 = PCURVE('',#295,#300);
#295 = PLANE('',#296);
#296 = AXIS2_PLACEMENT_3D('',#297,#298,#299);
#297 = CARTESIAN_POINT('',(-56.,-24.,5.));
#298 = DIRECTION('',(0.,-1.,1.224646799147E-16));
#299 = DIRECTION('',(0.,-1.224646799147E-16,-1.));
#300 = DEFINITIONAL_REPRESENTATION('',(#301),#305);
#301 = LINE('',#302,#303);
#302 = CARTESIAN_POINT('',(0.,0.));
#303 = VECTOR('',#304,1.);
#304 = DIRECTION('',(1.,0.));
#305 = ( GEOMETRIC_REPRESENTATION_CONTEXT(2) 
PARAMETRIC_REPRESENTATION_CONTEXT() REPRESENTATION_CONTEXT('2D SPACE',''
  ) );
#306 = FACE_BOUND('',#307,.F.);
#307 = EDGE_LOOP('',(#308,#338,#371,#399,#427,#455));
#308 = ORIENTED_EDGE('',*,*,#309,.F.);
#309 = EDGE_CURVE('',#310,#312,#314,.T.);
#310 = VERTEX_POINT('',#311);
#311 = CARTESIAN_POINT('',(-56.,-2.917618892179,27.7));
#312 = VERTEX_POINT('',#313);
#313 = CARTESIAN_POINT('',(-56.,2.917618892179,27.7));
#314 = SURFACE_CURVE('',#315,(#319,#326),.PCURVE_S1.);
#315 = LINE('',#316,#317);
#316 = CARTESIAN_POINT('',(-56.,18.05,27.7));
#317 = VECTOR('',#318,1.);
#318 = DIRECTION('',(0.,1.,-1.224646799147E-16));
#319 = PCURVE('',#32,#320);
#320 = DEFINITIONAL_REPRESENTATION('',(#321),#325);
#321 = LINE('',#322,#323);
#322 = CARTESIAN_POINT('',(-22.7,-5.95));
#323 = VECTOR('',#324,1.);
#324 = DIRECTION('',(0.,1.));
#325 = ( GEOMETRIC_REPRESENTATION_CONTEXT(2) 
PARAMETRIC_REPRESENTATION_CONTEXT() REPRESENTATION_CONTEXT('2D SPACE',''
  ) );
#326 = PCURVE('',#327,#332);
#327 = PLANE('',#328);
#328 = AXIS2_PLACEMENT_3D('',#329,#330,#331);
#329 = CARTESIAN_POINT('',(-58.,12.1,27.7));
#330 = DIRECTION('',(0.,-1.224646799147E-16,-1.));
#331 = DIRECTION('',(1.,0.,0.));
#332 = DEFINITIONAL_REPRESENTATION('',(#333),#337);
#333 = LINE('',#334,#335);
#334 = CARTESIAN_POINT('',(2.,-5.95));
#335 = VECTOR('',#336,1.);
#336 = DIRECTION('',(0.,-1.));
#337 = ( GEOMETRIC_REPRESENTATION_CONTEXT(2) 
PARAMETRIC_REPRESENTATION_CONTEXT() REPRESENTATION_CONTEXT('2D SPACE',''
  ) );
#338 = ORIENTED_EDGE('',*,*,#339,.T.);
#339 = EDGE_CURVE('',#310,#340,#342,.T.);
#340 = VERTEX_POINT('',#341);
#341 = CARTESIAN_POINT('',(-56.,-4.277996026179,37.277996026179));
#342 = SURFACE_CURVE('',#343,(#348,#359),.PCURVE_S1.);
#343 = CIRCLE('',#344,6.05);
#344 = AXIS2_PLACEMENT_3D('',#345,#346,#347);
#345 = CARTESIAN_POINT('',(-56.,3.552713678801E-15,33.));
#346 = DIRECTION('',(-1.,0.,0.));
#347 = DIRECTION('',(0.,-1.,1.224646799147E-16));
#348 = PCURVE('',#32,#349);
#349 = DEFINITIONAL_REPRESENTATION('',(#350),#358);
#350 = ( BOUNDED_CURVE() B_SPLINE_CURVE(2,(#351,#352,#353,#354,#355,#356
,#357),.UNSPECIFIED.,.T.,.F.) B_SPLINE_CURVE_WITH_KNOTS((1,2,2,2,2,1),(
    -2.094395102393,0.,2.094395102393,4.188790204786,6.28318530718,
8.377580409573),.UNSPECIFIED.) CURVE() GEOMETRIC_REPRESENTATION_ITEM() 
RATIONAL_B_SPLINE_CURVE((1.,0.5,1.,0.5,1.,0.5,1.)) REPRESENTATION_ITEM(
  '') );
#351 = CARTESIAN_POINT('',(-28.,-30.05));
#352 = CARTESIAN_POINT('',(-38.47890738579,-30.05));
#353 = CARTESIAN_POINT('',(-33.23945369289,-20.975));
#354 = CARTESIAN_POINT('',(-28.,-11.9));
#355 = CARTESIAN_POINT('',(-22.7605463071,-20.975));
#356 = CARTESIAN_POINT('',(-17.5210926142,-30.05));
#357 = CARTESIAN_POINT('',(-28.,-30.05));
#358 = ( GEOMETRIC_REPRESENTATION_CONTEXT(2) 
PARAMETRIC_REPRESENTATION_CONTEXT() REPRESENTATION_CONTEXT('2D SPACE',''
  ) );
#359 = PCURVE('',#360,#365);
#360 = CYLINDRICAL_SURFACE('',#361,6.05);
#361 = AXIS2_PLACEMENT_3D('',#362,#363,#364);
#362 = CARTESIAN_POINT('',(-57.,3.552713678801E-15,33.));
#363 = DIRECTION('',(-1.,0.,0.));
#364 = DIRECTION('',(0.,-1.,1.224646799147E-16));
#365 = DEFINITIONAL_REPRESENTATION('',(#366),#370);
#366 = LINE('',#367,#368);
#367 = CARTESIAN_POINT('',(-12.56637061435,-1.));
#368 = VECTOR('',#369,1.);
#369 = DIRECTION('',(1.,-0.));
#370 = ( GEOMETRIC_REPRESENTATION_CONTEXT(2) 
PARAMETRIC_REPRESENTATION_CONTEXT() REPRESENTATION_CONTEXT('2D SPACE',''
  ) );
#371 = ORIENTED_EDGE('',*,*,#372,.T.);
#372 = EDGE_CURVE('',#340,#373,#375,.T.);
#373 = VERTEX_POINT('',#374);
#374 = CARTESIAN_POINT('',(-56.,-1.905992052357,39.65));
#375 = SURFACE_CURVE('',#376,(#380,#387),.PCURVE_S1.);
#376 = LINE('',#377,#378);
#377 = CARTESIAN_POINT('',(-56.,-4.091994039268,37.463998013089));
#378 = VECTOR('',#379,1.);
#379 = DIRECTION('',(0.,0.707106781187,0.707106781187));
#380 = PCURVE('',#32,#381);
#381 = DEFINITIONAL_REPRESENTATION('',(#382),#386);
#382 = LINE('',#383,#384);
#383 = CARTESIAN_POINT('',(-32.46399801308,-28.09199403926));
#384 = VECTOR('',#385,1.);
#385 = DIRECTION('',(-0.707106781187,0.707106781187));
#386 = ( GEOMETRIC_REPRESENTATION_CONTEXT(2) 
PARAMETRIC_REPRESENTATION_CONTEXT() REPRESENTATION_CONTEXT('2D SPACE',''
  ) );
#387 = PCURVE('',#388,#393);
#388 = PLANE('',#389);
#389 = AXIS2_PLACEMENT_3D('',#390,#391,#392);
#390 = CARTESIAN_POINT('',(-57.,-1.905992052357,39.65));
#391 = DIRECTION('',(0.,0.707106781187,-0.707106781187));
#392 = DIRECTION('',(0.,-0.707106781187,-0.707106781187));
#393 = DEFINITIONAL_REPRESENTATION('',(#394),#398);
#394 = LINE('',#395,#396);
#395 = CARTESIAN_POINT('',(3.091473657264,-1.));
#396 = VECTOR('',#397,1.);
#397 = DIRECTION('',(-1.,0.));
#398 = ( GEOMETRIC_REPRESENTATION_CONTEXT(2) 
PARAMETRIC_REPRESENTATION_CONTEXT() REPRESENTATION_CONTEXT('2D SPACE',''
  ) );
#399 = ORIENTED_EDGE('',*,*,#400,.T.);
#400 = EDGE_CURVE('',#373,#401,#403,.T.);
#401 = VERTEX_POINT('',#402);
#402 = CARTESIAN_POINT('',(-56.,1.905992052357,39.65));
#403 = SURFACE_CURVE('',#404,(#408,#415),.PCURVE_S1.);
#404 = LINE('',#405,#406);
#405 = CARTESIAN_POINT('',(-56.,12.952996026179,39.65));
#406 = VECTOR('',#407,1.);
#407 = DIRECTION('',(0.,1.,-1.224646799147E-16));
#408 = PCURVE('',#32,#409);
#409 = DEFINITIONAL_REPRESENTATION('',(#410),#414);
#410 = LINE('',#411,#412);
#411 = CARTESIAN_POINT('',(-34.65,-11.04700397382));
#412 = VECTOR('',#413,1.);
#413 = DIRECTION('',(0.,1.));
#414 = ( GEOMETRIC_REPRESENTATION_CONTEXT(2) 
PARAMETRIC_REPRESENTATION_CONTEXT() REPRESENTATION_CONTEXT('2D SPACE',''
  ) );
#415 = PCURVE('',#416,#421);
#416 = PLANE('',#417);
#417 = AXIS2_PLACEMENT_3D('',#418,#419,#420);
#418 = CARTESIAN_POINT('',(-57.,1.905992052357,39.65));
#419 = DIRECTION('',(0.,-1.224646799147E-16,-1.));
#420 = DIRECTION('',(0.,-1.,1.224646799147E-16));
#421 = DEFINITIONAL_REPRESENTATION('',(#422),#426);
#422 = LINE('',#423,#424);
#423 = CARTESIAN_POINT('',(-11.04700397382,-1.));
#424 = VECTOR('',#425,1.);
#425 = DIRECTION('',(-1.,-0.));
#426 = ( GEOMETRIC_REPRESENTATION_CONTEXT(2) 
PARAMETRIC_REPRESENTATION_CONTEXT() REPRESENTATION_CONTEXT('2D SPACE',''
  ) );
#427 = ORIENTED_EDGE('',*,*,#428,.T.);
#428 = EDGE_CURVE('',#401,#429,#431,.T.);
#429 = VERTEX_POINT('',#430);
#430 = CARTESIAN_POINT('',(-56.,4.277996026179,37.277996026179));
#431 = SURFACE_CURVE('',#432,(#436,#443),.PCURVE_S1.);
#432 = LINE('',#433,#434);
#433 = CARTESIAN_POINT('',(-56.,17.277996026179,24.277996026179));
#434 = VECTOR('',#435,1.);
#435 = DIRECTION('',(0.,0.707106781187,-0.707106781187));
#436 = PCURVE('',#32,#437);
#437 = DEFINITIONAL_REPRESENTATION('',(#438),#442);
#438 = LINE('',#439,#440);
#439 = CARTESIAN_POINT('',(-19.27799602617,-6.722003973821));
#440 = VECTOR('',#441,1.);
#441 = DIRECTION('',(0.707106781187,0.707106781187));
#442 = ( GEOMETRIC_REPRESENTATION_CONTEXT(2) 
PARAMETRIC_REPRESENTATION_CONTEXT() REPRESENTATION_CONTEXT('2D SPACE',''
  ) );
#443 = PCURVE('',#444,#449);
#444 = PLANE('',#445);
#445 = AXIS2_PLACEMENT_3D('',#446,#447,#448);
#446 = CARTESIAN_POINT('',(-57.,4.277996026179,37.277996026179));
#447 = DIRECTION('',(0.,-0.707106781187,-0.707106781187));
#448 = DIRECTION('',(0.,-0.707106781187,0.707106781187));
#449 = DEFINITIONAL_REPRESENTATION('',(#450),#454);
#450 = LINE('',#451,#452);
#451 = CARTESIAN_POINT('',(-18.38477631085,-1.));
#452 = VECTOR('',#453,1.);
#453 = DIRECTION('',(-1.,0.));
#454 = ( GEOMETRIC_REPRESENTATION_CONTEXT(2) 
PARAMETRIC_REPRESENTATION_CONTEXT() REPRESENTATION_CONTEXT('2D SPACE',''
  ) );
#455 = ORIENTED_EDGE('',*,*,#456,.T.);
#456 = EDGE_CURVE('',#429,#312,#457,.T.);
#457 = SURFACE_CURVE('',#458,(#463,#474),.PCURVE_S1.);
#458 = CIRCLE('',#459,6.05);
#459 = AXIS2_PLACEMENT_3D('',#460,#461,#462);
#460 = CARTESIAN_POINT('',(-56.,3.552713678801E-15,33.));
#461 = DIRECTION('',(-1.,0.,0.));
#462 = DIRECTION('',(0.,-1.,1.224646799147E-16));
#463 = PCURVE('',#32,#464);
#464 = DEFINITIONAL_REPRESENTATION('',(#465),#473);
#465 = ( BOUNDED_CURVE() B_SPLINE_CURVE(2,(#466,#467,#468,#469,#470,#471
,#472),.UNSPECIFIED.,.T.,.F.) B_SPLINE_CURVE_WITH_KNOTS((1,2,2,2,2,1),(
    -2.094395102393,0.,2.094395102393,4.188790204786,6.28318530718,
8.377580409573),.UNSPECIFIED.) CURVE() GEOMETRIC_REPRESENTATION_ITEM() 
RATIONAL_B_SPLINE_CURVE((1.,0.5,1.,0.5,1.,0.5,1.)) REPRESENTATION_ITEM(
  '') );
#466 = CARTESIAN_POINT('',(-28.,-30.05));
#467 = CARTESIAN_POINT('',(-38.47890738579,-30.05));
#468 = CARTESIAN_POINT('',(-33.23945369289,-20.975));
#469 = CARTESIAN_POINT('',(-28.,-11.9));
#470 = CARTESIAN_POINT('',(-22.7605463071,-20.975));
#471 = CARTESIAN_POINT('',(-17.5210926142,-30.05));
#472 = CARTESIAN_POINT('',(-28.,-30.05));
#473 = ( GEOMETRIC_REPRESENTATION_CONTEXT(2) 
PARAMETRIC_REPRESENTATION_CONTEXT() REPRESENTATION_CONTEXT('2D SPACE',''
  ) );
#474 = PCURVE('',#475,#480);
#475 = CYLINDRICAL_SURFACE('',#476,6.05);
#476 = AXIS2_PLACEMENT_3D('',#477,#478,#479);
#477 = CARTESIAN_POINT('',(-57.,3.552713678801E-15,33.));
#478 = DIRECTION('',(-1.,0.,0.));
#479 = DIRECTION('',(0.,-1.,1.224646799147E-16));
#480 = DEFINITIONAL_REPRESENTATION('',(#481),#485);
#481 = LINE('',#482,#483);
#482 = CARTESIAN_POINT('',(-12.56637061435,-1.));
#483 = VECTOR('',#484,1.);
#484 = DIRECTION('',(1.,-0.));
#485 = ( GEOMETRIC_REPRESENTATION_CONTEXT(2) 
PARAMETRIC_REPRESENTATION_CONTEXT() REPRESENTATION_CONTEXT('2D SPACE',''
  ) );
#486 = ADVANCED_FACE('',(#487,#562,#597,#632,#667),#44,.T.);
#487 = FACE_BOUND('',#488,.T.);
#488 = EDGE_LOOP('',(#489,#519,#540,#541));
#489 = ORIENTED_EDGE('',*,*,#490,.T.);
#490 = EDGE_CURVE('',#491,#493,#495,.T.);
#491 = VERTEX_POINT('',#492);
#492 = CARTESIAN_POINT('',(56.,24.,0.));
#493 = VERTEX_POINT('',#494);
#494 = CARTESIAN_POINT('',(56.,-24.,0.));
#495 = SURFACE_CURVE('',#496,(#500,#507),.PCURVE_S1.);
#496 = LINE('',#497,#498);
#497 = CARTESIAN_POINT('',(56.,24.,0.));
#498 = VECTOR('',#499,1.);
#499 = DIRECTION('',(0.,-1.,1.224646799147E-16));
#500 = PCURVE('',#44,#501);
#501 = DEFINITIONAL_REPRESENTATION('',(#502),#506);
#502 = LINE('',#503,#504);
#503 = CARTESIAN_POINT('',(112.,0.));
#504 = VECTOR('',#505,1.);
#505 = DIRECTION('',(0.,1.));
#506 = ( GEOMETRIC_REPRESENTATION_CONTEXT(2) 
PARAMETRIC_REPRESENTATION_CONTEXT() REPRESENTATION_CONTEXT('2D SPACE',''
  ) );
#507 = PCURVE('',#508,#513);
#508 = PLANE('',#509);
#509 = AXIS2_PLACEMENT_3D('',#510,#511,#512);
#510 = CARTESIAN_POINT('',(56.,24.,5.));
#511 = DIRECTION('',(1.,0.,0.));
#512 = DIRECTION('',(0.,-1.224646799147E-16,-1.));
#513 = DEFINITIONAL_REPRESENTATION('',(#514),#518);
#514 = LINE('',#515,#516);
#515 = CARTESIAN_POINT('',(5.,6.123233995737E-16));
#516 = VECTOR('',#517,1.);
#517 = DIRECTION('',(0.,-1.));
#518 = ( GEOMETRIC_REPRESENTATION_CONTEXT(2) 
PARAMETRIC_REPRESENTATION_CONTEXT() REPRESENTATION_CONTEXT('2D SPACE',''
  ) );
#519 = ORIENTED_EDGE('',*,*,#520,.F.);
#520 = EDGE_CURVE('',#24,#493,#521,.T.);
#521 = SURFACE_CURVE('',#522,(#526,#533),.PCURVE_S1.);
#522 = LINE('',#523,#524);
#523 = CARTESIAN_POINT('',(-56.,-24.,0.));
#524 = VECTOR('',#525,1.);
#525 = DIRECTION('',(1.,0.,0.));
#526 = PCURVE('',#44,#527);
#527 = DEFINITIONAL_REPRESENTATION('',(#528),#532);
#528 = LINE('',#529,#530);
#529 = CARTESIAN_POINT('',(0.,48.));
#530 = VECTOR('',#531,1.);
#531 = DIRECTION('',(1.,0.));
#532 = ( GEOMETRIC_REPRESENTATION_CONTEXT(2) 
PARAMETRIC_REPRESENTATION_CONTEXT() REPRESENTATION_CONTEXT('2D SPACE',''
  ) );
#533 = PCURVE('',#295,#534);
#534 = DEFINITIONAL_REPRESENTATION('',(#535),#539);
#535 = LINE('',#536,#537);
#536 = CARTESIAN_POINT('',(5.,0.));
#537 = VECTOR('',#538,1.);
#538 = DIRECTION('',(0.,1.));
#539 = ( GEOMETRIC_REPRESENTATION_CONTEXT(2) 
PARAMETRIC_REPRESENTATION_CONTEXT() REPRESENTATION_CONTEXT('2D SPACE',''
  ) );
#540 = ORIENTED_EDGE('',*,*,#21,.F.);
#541 = ORIENTED_EDGE('',*,*,#542,.T.);
#542 = EDGE_CURVE('',#22,#491,#543,.T.);
#543 = SURFACE_CURVE('',#544,(#548,#555),.PCURVE_S1.);
#544 = LINE('',#545,#546);
#545 = CARTESIAN_POINT('',(-56.,24.,0.));
#546 = VECTOR('',#547,1.);
#547 = DIRECTION('',(1.,0.,0.));
#548 = PCURVE('',#44,#549);
#549 = DEFINITIONAL_REPRESENTATION('',(#550),#554);
#550 = LINE('',#551,#552);
#551 = CARTESIAN_POINT('',(0.,0.));
#552 = VECTOR('',#553,1.);
#553 = DIRECTION('',(1.,0.));
#554 = ( GEOMETRIC_REPRESENTATION_CONTEXT(2) 
PARAMETRIC_REPRESENTATION_CONTEXT() REPRESENTATION_CONTEXT('2D SPACE',''
  ) );
#555 = PCURVE('',#72,#556);
#556 = DEFINITIONAL_REPRESENTATION('',(#557),#561);
#557 = LINE('',#558,#559);
#558 = CARTESIAN_POINT('',(5.,0.));
#559 = VECTOR('',#560,1.);
#560 = DIRECTION('',(0.,1.));
#561 = ( GEOMETRIC_REPRESENTATION_CONTEXT(2) 
PARAMETRIC_REPRESENTATION_CONTEXT() REPRESENTATION_CONTEXT('2D SPACE',''
  ) );
#562 = FACE_BOUND('',#563,.T.);
#563 = EDGE_LOOP('',(#564));
#564 = ORIENTED_EDGE('',*,*,#565,.T.);
#565 = EDGE_CURVE('',#566,#566,#568,.T.);
#566 = VERTEX_POINT('',#567);
#567 = CARTESIAN_POINT('',(-42.6,14.,0.));
#568 = SURFACE_CURVE('',#569,(#574,#585),.PCURVE_S1.);
#569 = CIRCLE('',#570,1.4);
#570 = AXIS2_PLACEMENT_3D('',#571,#572,#573);
#571 = CARTESIAN_POINT('',(-44.,14.,0.));
#572 = DIRECTION('',(-0.,1.224646799147E-16,1.));
#573 = DIRECTION('',(1.,0.,0.));
#574 = PCURVE('',#44,#575);
#575 = DEFINITIONAL_REPRESENTATION('',(#576),#584);
#576 = ( BOUNDED_CURVE() B_SPLINE_CURVE(2,(#577,#578,#579,#580,#581,#582
,#583),.UNSPECIFIED.,.T.,.F.) B_SPLINE_CURVE_WITH_KNOTS((1,2,2,2,2,1),(
    -2.094395102393,0.,2.094395102393,4.188790204786,6.28318530718,
8.377580409573),.UNSPECIFIED.) CURVE() GEOMETRIC_REPRESENTATION_ITEM() 
RATIONAL_B_SPLINE_CURVE((1.,0.5,1.,0.5,1.,0.5,1.)) REPRESENTATION_ITEM(
  '') );
#577 = CARTESIAN_POINT('',(13.4,10.));
#578 = CARTESIAN_POINT('',(13.4,7.575128869404));
#579 = CARTESIAN_POINT('',(11.3,8.787564434702));
#580 = CARTESIAN_POINT('',(9.2,10.));
#581 = CARTESIAN_POINT('',(11.3,11.212435565298));
#582 = CARTESIAN_POINT('',(13.4,12.424871130596));
#583 = CARTESIAN_POINT('',(13.4,10.));
#584 = ( GEOMETRIC_REPRESENTATION_CONTEXT(2) 
PARAMETRIC_REPRESENTATION_CONTEXT() REPRESENTATION_CONTEXT('2D SPACE',''
  ) );
#585 = PCURVE('',#586,#591);
#586 = CYLINDRICAL_SURFACE('',#587,1.4);
#587 = AXIS2_PLACEMENT_3D('',#588,#589,#590);
#588 = CARTESIAN_POINT('',(-44.,14.,6.));
#589 = DIRECTION('',(-0.,1.224646799147E-16,1.));
#590 = DIRECTION('',(1.,0.,0.));
#591 = DEFINITIONAL_REPRESENTATION('',(#592),#596);
#592 = LINE('',#593,#594);
#593 = CARTESIAN_POINT('',(-6.28318530718,-6.));
#594 = VECTOR('',#595,1.);
#595 = DIRECTION('',(1.,-0.));
#596 = ( GEOMETRIC_REPRESENTATION_CONTEXT(2) 
PARAMETRIC_REPRESENTATION_CONTEXT() REPRESENTATION_CONTEXT('2D SPACE',''
  ) );
#597 = FACE_BOUND('',#598,.T.);
#598 = EDGE_LOOP('',(#599));
#599 = ORIENTED_EDGE('',*,*,#600,.T.);
#600 = EDGE_CURVE('',#601,#601,#603,.T.);
#601 = VERTEX_POINT('',#602);
#602 = CARTESIAN_POINT('',(45.4,14.,0.));
#603 = SURFACE_CURVE('',#604,(#609,#620),.PCURVE_S1.);
#604 = CIRCLE('',#605,1.4);
#605 = AXIS2_PLACEMENT_3D('',#606,#607,#608);
#606 = CARTESIAN_POINT('',(44.,14.,0.));
#607 = DIRECTION('',(-0.,1.224646799147E-16,1.));
#608 = DIRECTION('',(1.,0.,0.));
#609 = PCURVE('',#44,#610);
#610 = DEFINITIONAL_REPRESENTATION('',(#611),#619);
#611 = ( BOUNDED_CURVE() B_SPLINE_CURVE(2,(#612,#613,#614,#615,#616,#617
,#618),.UNSPECIFIED.,.T.,.F.) B_SPLINE_CURVE_WITH_KNOTS((1,2,2,2,2,1),(
    -2.094395102393,0.,2.094395102393,4.188790204786,6.28318530718,
8.377580409573),.UNSPECIFIED.) CURVE() GEOMETRIC_REPRESENTATION_ITEM() 
RATIONAL_B_SPLINE_CURVE((1.,0.5,1.,0.5,1.,0.5,1.)) REPRESENTATION_ITEM(
  '') );
#612 = CARTESIAN_POINT('',(101.4,10.));
#613 = CARTESIAN_POINT('',(101.4,7.575128869404));
#614 = CARTESIAN_POINT('',(99.3,8.787564434702));
#615 = CARTESIAN_POINT('',(97.2,10.));
#616 = CARTESIAN_POINT('',(99.3,11.212435565298));
#617 = CARTESIAN_POINT('',(101.4,12.424871130596));
#618 = CARTESIAN_POINT('',(101.4,10.));
#619 = ( GEOMETRIC_REPRESENTATION_CONTEXT(2) 
PARAMETRIC_REPRESENTATION_CONTEXT() REPRESENTATION_CONTEXT('2D SPACE',''
  ) );
#620 = PCURVE('',#621,#626);
#621 = CYLINDRICAL_SURFACE('',#622,1.4);
#622 = AXIS2_PLACEMENT_3D('',#623,#624,#625);
#623 = CARTESIAN_POINT('',(44.,14.,6.));
#624 = DIRECTION('',(-0.,1.224646799147E-16,1.));
#625 = DIRECTION('',(1.,0.,0.));
#626 = DEFINITIONAL_REPRESENTATION('',(#627),#631);
#627 = LINE('',#628,#629);
#628 = CARTESIAN_POINT('',(-6.28318530718,-6.));
#629 = VECTOR('',#630,1.);
#630 = DIRECTION('',(1.,-0.));
#631 = ( GEOMETRIC_REPRESENTATION_CONTEXT(2) 
PARAMETRIC_REPRESENTATION_CONTEXT() REPRESENTATION_CONTEXT('2D SPACE',''
  ) );
#632 = FACE_BOUND('',#633,.T.);
#633 = EDGE_LOOP('',(#634));
#634 = ORIENTED_EDGE('',*,*,#635,.T.);
#635 = EDGE_CURVE('',#636,#636,#638,.T.);
#636 = VERTEX_POINT('',#637);
#637 = CARTESIAN_POINT('',(-42.6,-14.,0.));
#638 = SURFACE_CURVE('',#639,(#644,#655),.PCURVE_S1.);
#639 = CIRCLE('',#640,1.4);
#640 = AXIS2_PLACEMENT_3D('',#641,#642,#643);
#641 = CARTESIAN_POINT('',(-44.,-14.,0.));
#642 = DIRECTION('',(-0.,1.224646799147E-16,1.));
#643 = DIRECTION('',(1.,0.,0.));
#644 = PCURVE('',#44,#645);
#645 = DEFINITIONAL_REPRESENTATION('',(#646),#654);
#646 = ( BOUNDED_CURVE() B_SPLINE_CURVE(2,(#647,#648,#649,#650,#651,#652
,#653),.UNSPECIFIED.,.T.,.F.) B_SPLINE_CURVE_WITH_KNOTS((1,2,2,2,2,1),(
    -2.094395102393,0.,2.094395102393,4.188790204786,6.28318530718,
8.377580409573),.UNSPECIFIED.) CURVE() GEOMETRIC_REPRESENTATION_ITEM() 
RATIONAL_B_SPLINE_CURVE((1.,0.5,1.,0.5,1.,0.5,1.)) REPRESENTATION_ITEM(
  '') );
#647 = CARTESIAN_POINT('',(13.4,38.));
#648 = CARTESIAN_POINT('',(13.4,35.575128869404));
#649 = CARTESIAN_POINT('',(11.3,36.787564434702));
#650 = CARTESIAN_POINT('',(9.2,38.));
#651 = CARTESIAN_POINT('',(11.3,39.212435565298));
#652 = CARTESIAN_POINT('',(13.4,40.424871130596));
#653 = CARTESIAN_POINT('',(13.4,38.));
#654 = ( GEOMETRIC_REPRESENTATION_CONTEXT(2) 
PARAMETRIC_REPRESENTATION_CONTEXT() REPRESENTATION_CONTEXT('2D SPACE',''
  ) );
#655 = PCURVE('',#656,#661);
#656 = CYLINDRICAL_SURFACE('',#657,1.4);
#657 = AXIS2_PLACEMENT_3D('',#658,#659,#660);
#658 = CARTESIAN_POINT('',(-44.,-14.,6.));
#659 = DIRECTION('',(-0.,1.224646799147E-16,1.));
#660 = DIRECTION('',(1.,0.,0.));
#661 = DEFINITIONAL_REPRESENTATION('',(#662),#666);
#662 = LINE('',#663,#664);
#663 = CARTESIAN_POINT('',(-6.28318530718,-6.));
#664 = VECTOR('',#665,1.);
#665 = DIRECTION('',(1.,-0.));
#666 = ( GEOMETRIC_REPRESENTATION_CONTEXT(2) 
PARAMETRIC_REPRESENTATION_CONTEXT() REPRESENTATION_CONTEXT('2D SPACE',''
  ) );
#667 = FACE_BOUND('',#668,.T.);
#668 = EDGE_LOOP('',(#669));
#669 = ORIENTED_EDGE('',*,*,#670,.T.);
#670 = EDGE_CURVE('',#671,#671,#673,.T.);
#671 = VERTEX_POINT('',#672);
#672 = CARTESIAN_POINT('',(45.4,-14.,0.));
#673 = SURFACE_CURVE('',#674,(#679,#690),.PCURVE_S1.);
#674 = CIRCLE('',#675,1.4);
#675 = AXIS2_PLACEMENT_3D('',#676,#677,#678);
#676 = CARTESIAN_POINT('',(44.,-14.,0.));
#677 = DIRECTION('',(-0.,1.224646799147E-16,1.));
#678 = DIRECTION('',(1.,0.,0.));
#679 = PCURVE('',#44,#680);
#680 = DEFINITIONAL_REPRESENTATION('',(#681),#689);
#681 = ( BOUNDED_CURVE() B_SPLINE_CURVE(2,(#682,#683,#684,#685,#686,#687
,#688),.UNSPECIFIED.,.T.,.F.) B_SPLINE_CURVE_WITH_KNOTS((1,2,2,2,2,1),(
    -2.094395102393,0.,2.094395102393,4.188790204786,6.28318530718,
8.377580409573),.UNSPECIFIED.) CURVE() GEOMETRIC_REPRESENTATION_ITEM() 
RATIONAL_B_SPLINE_CURVE((1.,0.5,1.,0.5,1.,0.5,1.)) REPRESENTATION_ITEM(
  '') );
#682 = CARTESIAN_POINT('',(101.4,38.));
#683 = CARTESIAN_POINT('',(101.4,35.575128869404));
#684 = CARTESIAN_POINT('',(99.3,36.787564434702));
#685 = CARTESIAN_POINT('',(97.2,38.));
#686 = CARTESIAN_POINT('',(99.3,39.212435565298));
#687 = CARTESIAN_POINT('',(101.4,40.424871130596));
#688 = CARTESIAN_POINT('',(101.4,38.));
#689 = ( GEOMETRIC_REPRESENTATION_CONTEXT(2) 
PARAMETRIC_REPRESENTATION_CONTEXT() REPRESENTATION_CONTEXT('2D SPACE',''
  ) );
#690 = PCURVE('',#691,#696);
#691 = CYLINDRICAL_SURFACE('',#692,1.4);
#692 = AXIS2_PLACEMENT_3D('',#693,#694,#695);
#693 = CARTESIAN_POINT('',(44.,-14.,6.));
#694 = DIRECTION('',(-0.,1.224646799147E-16,1.));
#695 = DIRECTION('',(1.,0.,0.));
#696 = DEFINITIONAL_REPRESENTATION('',(#697),#701);
#697 = LINE('',#698,#699);
#698 = CARTESIAN_POINT('',(-6.28318530718,-6.));
#699 = VECTOR('',#700,1.);
#700 = DIRECTION('',(1.,-0.));
#701 = ( GEOMETRIC_REPRESENTATION_CONTEXT(2) 
PARAMETRIC_REPRESENTATION_CONTEXT() REPRESENTATION_CONTEXT('2D SPACE',''
  ) );
#702 = ADVANCED_FACE('',(#703),#72,.F.);
#703 = FACE_BOUND('',#704,.F.);
#704 = EDGE_LOOP('',(#705,#728,#729,#730));
#705 = ORIENTED_EDGE('',*,*,#706,.F.);
#706 = EDGE_CURVE('',#57,#707,#709,.T.);
#707 = VERTEX_POINT('',#708);
#708 = CARTESIAN_POINT('',(56.,24.,5.));
#709 = SURFACE_CURVE('',#710,(#714,#721),.PCURVE_S1.);
#710 = LINE('',#711,#712);
#711 = CARTESIAN_POINT('',(-56.,24.,5.));
#712 = VECTOR('',#713,1.);
#713 = DIRECTION('',(1.,0.,0.));
#714 = PCURVE('',#72,#715);
#715 = DEFINITIONAL_REPRESENTATION('',(#716),#720);
#716 = LINE('',#717,#718);
#717 = CARTESIAN_POINT('',(0.,0.));
#718 = VECTOR('',#719,1.);
#719 = DIRECTION('',(0.,1.));
#720 = ( GEOMETRIC_REPRESENTATION_CONTEXT(2) 
PARAMETRIC_REPRESENTATION_CONTEXT() REPRESENTATION_CONTEXT('2D SPACE',''
  ) );
#721 = PCURVE('',#100,#722);
#722 = DEFINITIONAL_REPRESENTATION('',(#723),#727);
#723 = LINE('',#724,#725);
#724 = CARTESIAN_POINT('',(0.,0.));
#725 = VECTOR('',#726,1.);
#726 = DIRECTION('',(1.,0.));
#727 = ( GEOMETRIC_REPRESENTATION_CONTEXT(2) 
PARAMETRIC_REPRESENTATION_CONTEXT() REPRESENTATION_CONTEXT('2D SPACE',''
  ) );
#728 = ORIENTED_EDGE('',*,*,#56,.T.);
#729 = ORIENTED_EDGE('',*,*,#542,.T.);
#730 = ORIENTED_EDGE('',*,*,#731,.F.);
#731 = EDGE_CURVE('',#707,#491,#732,.T.);
#732 = SURFACE_CURVE('',#733,(#737,#744),.PCURVE_S1.);
#733 = LINE('',#734,#735);
#734 = CARTESIAN_POINT('',(56.,24.,5.));
#735 = VECTOR('',#736,1.);
#736 = DIRECTION('',(0.,-1.224646799147E-16,-1.));
#737 = PCURVE('',#72,#738);
#738 = DEFINITIONAL_REPRESENTATION('',(#739),#743);
#739 = LINE('',#740,#741);
#740 = CARTESIAN_POINT('',(0.,112.));
#741 = VECTOR('',#742,1.);
#742 = DIRECTION('',(1.,0.));
#743 = ( GEOMETRIC_REPRESENTATION_CONTEXT(2) 
PARAMETRIC_REPRESENTATION_CONTEXT() REPRESENTATION_CONTEXT('2D SPACE',''
  ) );
#744 = PCURVE('',#508,#745);
#745 = DEFINITIONAL_REPRESENTATION('',(#746),#750);
#746 = LINE('',#747,#748);
#747 = CARTESIAN_POINT('',(0.,0.));
#748 = VECTOR('',#749,1.);
#749 = DIRECTION('',(1.,0.));
#750 = ( GEOMETRIC_REPRESENTATION_CONTEXT(2) 
PARAMETRIC_REPRESENTATION_CONTEXT() REPRESENTATION_CONTEXT('2D SPACE',''
  ) );
#751 = ADVANCED_FACE('',(#752),#295,.T.);
#752 = FACE_BOUND('',#753,.T.);
#753 = EDGE_LOOP('',(#754,#777,#778,#779));
#754 = ORIENTED_EDGE('',*,*,#755,.F.);
#755 = EDGE_CURVE('',#259,#756,#758,.T.);
#756 = VERTEX_POINT('',#757);
#757 = CARTESIAN_POINT('',(56.,-24.,5.));
#758 = SURFACE_CURVE('',#759,(#763,#770),.PCURVE_S1.);
#759 = LINE('',#760,#761);
#760 = CARTESIAN_POINT('',(-56.,-24.,5.));
#761 = VECTOR('',#762,1.);
#762 = DIRECTION('',(1.,0.,0.));
#763 = PCURVE('',#295,#764);
#764 = DEFINITIONAL_REPRESENTATION('',(#765),#769);
#765 = LINE('',#766,#767);
#766 = CARTESIAN_POINT('',(0.,0.));
#767 = VECTOR('',#768,1.);
#768 = DIRECTION('',(0.,1.));
#769 = ( GEOMETRIC_REPRESENTATION_CONTEXT(2) 
PARAMETRIC_REPRESENTATION_CONTEXT() REPRESENTATION_CONTEXT('2D SPACE',''
  ) );
#770 = PCURVE('',#100,#771);
#771 = DEFINITIONAL_REPRESENTATION('',(#772),#776);
#772 = LINE('',#773,#774);
#773 = CARTESIAN_POINT('',(0.,48.));
#774 = VECTOR('',#775,1.);
#775 = DIRECTION('',(1.,0.));
#776 = ( GEOMETRIC_REPRESENTATION_CONTEXT(2) 
PARAMETRIC_REPRESENTATION_CONTEXT() REPRESENTATION_CONTEXT('2D SPACE',''
  ) );
#777 = ORIENTED_EDGE('',*,*,#281,.T.);
#778 = ORIENTED_EDGE('',*,*,#520,.T.);
#779 = ORIENTED_EDGE('',*,*,#780,.F.);
#780 = EDGE_CURVE('',#756,#493,#781,.T.);
#781 = SURFACE_CURVE('',#782,(#786,#793),.PCURVE_S1.);
#782 = LINE('',#783,#784);
#783 = CARTESIAN_POINT('',(56.,-24.,5.));
#784 = VECTOR('',#785,1.);
#785 = DIRECTION('',(0.,-1.224646799147E-16,-1.));
#786 = PCURVE('',#295,#787);
#787 = DEFINITIONAL_REPRESENTATION('',(#788),#792);
#788 = LINE('',#789,#790);
#789 = CARTESIAN_POINT('',(0.,112.));
#790 = VECTOR('',#791,1.);
#791 = DIRECTION('',(1.,0.));
#792 = ( GEOMETRIC_REPRESENTATION_CONTEXT(2) 
PARAMETRIC_REPRESENTATION_CONTEXT() REPRESENTATION_CONTEXT('2D SPACE',''
  ) );
#793 = PCURVE('',#508,#794);
#794 = DEFINITIONAL_REPRESENTATION('',(#795),#799);
#795 = LINE('',#796,#797);
#796 = CARTESIAN_POINT('',(-1.227122721694E-15,-48.));
#797 = VECTOR('',#798,1.);
#798 = DIRECTION('',(1.,0.));
#799 = ( GEOMETRIC_REPRESENTATION_CONTEXT(2) 
PARAMETRIC_REPRESENTATION_CONTEXT() REPRESENTATION_CONTEXT('2D SPACE',''
  ) );
#800 = ADVANCED_FACE('',(#801,#1007,#1037,#1067,#1097),#100,.F.);
#801 = FACE_BOUND('',#802,.F.);
#802 = EDGE_LOOP('',(#803,#826,#827,#828,#851,#879,#900,#901,#902,#925,
    #953,#981));
#803 = ORIENTED_EDGE('',*,*,#804,.T.);
#804 = EDGE_CURVE('',#805,#756,#807,.T.);
#805 = VERTEX_POINT('',#806);
#806 = CARTESIAN_POINT('',(56.,-22.,5.));
#807 = SURFACE_CURVE('',#808,(#812,#819),.PCURVE_S1.);
#808 = LINE('',#809,#810);
#809 = CARTESIAN_POINT('',(56.,24.,5.));
#810 = VECTOR('',#811,1.);
#811 = DIRECTION('',(0.,-1.,1.224646799147E-16));
#812 = PCURVE('',#100,#813);
#813 = DEFINITIONAL_REPRESENTATION('',(#814),#818);
#814 = LINE('',#815,#816);
#815 = CARTESIAN_POINT('',(112.,0.));
#816 = VECTOR('',#817,1.);
#817 = DIRECTION('',(0.,1.));
#818 = ( GEOMETRIC_REPRESENTATION_CONTEXT(2) 
PARAMETRIC_REPRESENTATION_CONTEXT() REPRESENTATION_CONTEXT('2D SPACE',''
  ) );
#819 = PCURVE('',#508,#820);
#820 = DEFINITIONAL_REPRESENTATION('',(#821),#825);
#821 = LINE('',#822,#823);
#822 = CARTESIAN_POINT('',(0.,0.));
#823 = VECTOR('',#824,1.);
#824 = DIRECTION('',(0.,-1.));
#825 = ( GEOMETRIC_REPRESENTATION_CONTEXT(2) 
PARAMETRIC_REPRESENTATION_CONTEXT() REPRESENTATION_CONTEXT('2D SPACE',''
  ) );
#826 = ORIENTED_EDGE('',*,*,#755,.F.);
#827 = ORIENTED_EDGE('',*,*,#258,.F.);
#828 = ORIENTED_EDGE('',*,*,#829,.F.);
#829 = EDGE_CURVE('',#830,#231,#832,.T.);
#830 = VERTEX_POINT('',#831);
#831 = CARTESIAN_POINT('',(-50.,-22.,5.));
#832 = SURFACE_CURVE('',#833,(#837,#844),.PCURVE_S1.);
#833 = LINE('',#834,#835);
#834 = CARTESIAN_POINT('',(-56.,-22.,5.));
#835 = VECTOR('',#836,1.);
#836 = DIRECTION('',(-1.,-0.,0.));
#837 = PCURVE('',#100,#838);
#838 = DEFINITIONAL_REPRESENTATION('',(#839),#843);
#839 = LINE('',#840,#841);
#840 = CARTESIAN_POINT('',(0.,46.));
#841 = VECTOR('',#842,1.);
#842 = DIRECTION('',(-1.,0.));
#843 = ( GEOMETRIC_REPRESENTATION_CONTEXT(2) 
PARAMETRIC_REPRESENTATION_CONTEXT() REPRESENTATION_CONTEXT('2D SPACE',''
  ) );
#844 = PCURVE('',#246,#845);
#845 = DEFINITIONAL_REPRESENTATION('',(#846),#850);
#846 = LINE('',#847,#848);
#847 = CARTESIAN_POINT('',(53.,0.));
#848 = VECTOR('',#849,1.);
#849 = DIRECTION('',(-0.,-1.));
#850 = ( GEOMETRIC_REPRESENTATION_CONTEXT(2) 
PARAMETRIC_REPRESENTATION_CONTEXT() REPRESENTATION_CONTEXT('2D SPACE',''
  ) );
#851 = ORIENTED_EDGE('',*,*,#852,.F.);
#852 = EDGE_CURVE('',#853,#830,#855,.T.);
#853 = VERTEX_POINT('',#854);
#854 = CARTESIAN_POINT('',(-50.,22.,5.));
#855 = SURFACE_CURVE('',#856,(#860,#867),.PCURVE_S1.);
#856 = LINE('',#857,#858);
#857 = CARTESIAN_POINT('',(-50.,23.,5.));
#858 = VECTOR('',#859,1.);
#859 = DIRECTION('',(0.,-1.,1.224646799147E-16));
#860 = PCURVE('',#100,#861);
#861 = DEFINITIONAL_REPRESENTATION('',(#862),#866);
#862 = LINE('',#863,#864);
#863 = CARTESIAN_POINT('',(6.,1.));
#864 = VECTOR('',#865,1.);
#865 = DIRECTION('',(0.,1.));
#866 = ( GEOMETRIC_REPRESENTATION_CONTEXT(2) 
PARAMETRIC_REPRESENTATION_CONTEXT() REPRESENTATION_CONTEXT('2D SPACE',''
  ) );
#867 = PCURVE('',#868,#873);
#868 = PLANE('',#869);
#869 = AXIS2_PLACEMENT_3D('',#870,#871,#872);
#870 = CARTESIAN_POINT('',(-50.,22.,58.));
#871 = DIRECTION('',(1.,0.,0.));
#872 = DIRECTION('',(0.,-1.224646799147E-16,-1.));
#873 = DEFINITIONAL_REPRESENTATION('',(#874),#878);
#874 = LINE('',#875,#876);
#875 = CARTESIAN_POINT('',(53.,1.));
#876 = VECTOR('',#877,1.);
#877 = DIRECTION('',(0.,-1.));
#878 = ( GEOMETRIC_REPRESENTATION_CONTEXT(2) 
PARAMETRIC_REPRESENTATION_CONTEXT() REPRESENTATION_CONTEXT('2D SPACE',''
  ) );
#879 = ORIENTED_EDGE('',*,*,#880,.T.);
#880 = EDGE_CURVE('',#853,#85,#881,.T.);
#881 = SURFACE_CURVE('',#882,(#886,#893),.PCURVE_S1.);
#882 = LINE('',#883,#884);
#883 = CARTESIAN_POINT('',(-56.,22.,5.));
#884 = VECTOR('',#885,1.);
#885 = DIRECTION('',(-1.,-0.,0.));
#886 = PCURVE('',#100,#887);
#887 = DEFINITIONAL_REPRESENTATION('',(#888),#892);
#888 = LINE('',#889,#890);
#889 = CARTESIAN_POINT('',(0.,2.));
#890 = VECTOR('',#891,1.);
#891 = DIRECTION('',(-1.,0.));
#892 = ( GEOMETRIC_REPRESENTATION_CONTEXT(2) 
PARAMETRIC_REPRESENTATION_CONTEXT() REPRESENTATION_CONTEXT('2D SPACE',''
  ) );
#893 = PCURVE('',#128,#894);
#894 = DEFINITIONAL_REPRESENTATION('',(#895),#899);
#895 = LINE('',#896,#897);
#896 = CARTESIAN_POINT('',(53.,0.));
#897 = VECTOR('',#898,1.);
#898 = DIRECTION('',(-0.,-1.));
#899 = ( GEOMETRIC_REPRESENTATION_CONTEXT(2) 
PARAMETRIC_REPRESENTATION_CONTEXT() REPRESENTATION_CONTEXT('2D SPACE',''
  ) );
#900 = ORIENTED_EDGE('',*,*,#84,.F.);
#901 = ORIENTED_EDGE('',*,*,#706,.T.);
#902 = ORIENTED_EDGE('',*,*,#903,.T.);
#903 = EDGE_CURVE('',#707,#904,#906,.T.);
#904 = VERTEX_POINT('',#905);
#905 = CARTESIAN_POINT('',(56.,22.,5.));
#906 = SURFACE_CURVE('',#907,(#911,#918),.PCURVE_S1.);
#907 = LINE('',#908,#909);
#908 = CARTESIAN_POINT('',(56.,24.,5.));
#909 = VECTOR('',#910,1.);
#910 = DIRECTION('',(0.,-1.,1.224646799147E-16));
#911 = PCURVE('',#100,#912);
#912 = DEFINITIONAL_REPRESENTATION('',(#913),#917);
#913 = LINE('',#914,#915);
#914 = CARTESIAN_POINT('',(112.,0.));
#915 = VECTOR('',#916,1.);
#916 = DIRECTION('',(0.,1.));
#917 = ( GEOMETRIC_REPRESENTATION_CONTEXT(2) 
PARAMETRIC_REPRESENTATION_CONTEXT() REPRESENTATION_CONTEXT('2D SPACE',''
  ) );
#918 = PCURVE('',#508,#919);
#919 = DEFINITIONAL_REPRESENTATION('',(#920),#924);
#920 = LINE('',#921,#922);
#921 = CARTESIAN_POINT('',(0.,0.));
#922 = VECTOR('',#923,1.);
#923 = DIRECTION('',(0.,-1.));
#924 = ( GEOMETRIC_REPRESENTATION_CONTEXT(2) 
PARAMETRIC_REPRESENTATION_CONTEXT() REPRESENTATION_CONTEXT('2D SPACE',''
  ) );
#925 = ORIENTED_EDGE('',*,*,#926,.T.);
#926 = EDGE_CURVE('',#904,#927,#929,.T.);
#927 = VERTEX_POINT('',#928);
#928 = CARTESIAN_POINT('',(50.,22.,5.));
#929 = SURFACE_CURVE('',#930,(#934,#941),.PCURVE_S1.);
#930 = LINE('',#931,#932);
#931 = CARTESIAN_POINT('',(-3.,22.,5.));
#932 = VECTOR('',#933,1.);
#933 = DIRECTION('',(-1.,-0.,0.));
#934 = PCURVE('',#100,#935);
#935 = DEFINITIONAL_REPRESENTATION('',(#936),#940);
#936 = LINE('',#937,#938);
#937 = CARTESIAN_POINT('',(53.,2.));
#938 = VECTOR('',#939,1.);
#939 = DIRECTION('',(-1.,0.));
#940 = ( GEOMETRIC_REPRESENTATION_CONTEXT(2) 
PARAMETRIC_REPRESENTATION_CONTEXT() REPRESENTATION_CONTEXT('2D SPACE',''
  ) );
#941 = PCURVE('',#942,#947);
#942 = PLANE('',#943);
#943 = AXIS2_PLACEMENT_3D('',#944,#945,#946);
#944 = CARTESIAN_POINT('',(50.,22.,58.));
#945 = DIRECTION('',(0.,-1.,1.224646799147E-16));
#946 = DIRECTION('',(0.,-1.224646799147E-16,-1.));
#947 = DEFINITIONAL_REPRESENTATION('',(#948),#952);
#948 = LINE('',#949,#950);
#949 = CARTESIAN_POINT('',(53.,-53.));
#950 = VECTOR('',#951,1.);
#951 = DIRECTION('',(-0.,-1.));
#952 = ( GEOMETRIC_REPRESENTATION_CONTEXT(2) 
PARAMETRIC_REPRESENTATION_CONTEXT() REPRESENTATION_CONTEXT('2D SPACE',''
  ) );
#953 = ORIENTED_EDGE('',*,*,#954,.T.);
#954 = EDGE_CURVE('',#927,#955,#957,.T.);
#955 = VERTEX_POINT('',#956);
#956 = CARTESIAN_POINT('',(50.,-22.,5.));
#957 = SURFACE_CURVE('',#958,(#962,#969),.PCURVE_S1.);
#958 = LINE('',#959,#960);
#959 = CARTESIAN_POINT('',(50.,23.,5.));
#960 = VECTOR('',#961,1.);
#961 = DIRECTION('',(0.,-1.,1.224646799147E-16));
#962 = PCURVE('',#100,#963);
#963 = DEFINITIONAL_REPRESENTATION('',(#964),#968);
#964 = LINE('',#965,#966);
#965 = CARTESIAN_POINT('',(106.,1.));
#966 = VECTOR('',#967,1.);
#967 = DIRECTION('',(0.,1.));
#968 = ( GEOMETRIC_REPRESENTATION_CONTEXT(2) 
PARAMETRIC_REPRESENTATION_CONTEXT() REPRESENTATION_CONTEXT('2D SPACE',''
  ) );
#969 = PCURVE('',#970,#975);
#970 = PLANE('',#971);
#971 = AXIS2_PLACEMENT_3D('',#972,#973,#974);
#972 = CARTESIAN_POINT('',(50.,22.,58.));
#973 = DIRECTION('',(1.,0.,0.));
#974 = DIRECTION('',(0.,-1.224646799147E-16,-1.));
#975 = DEFINITIONAL_REPRESENTATION('',(#976),#980);
#976 = LINE('',#977,#978);
#977 = CARTESIAN_POINT('',(53.,1.));
#978 = VECTOR('',#979,1.);
#979 = DIRECTION('',(0.,-1.));
#980 = ( GEOMETRIC_REPRESENTATION_CONTEXT(2) 
PARAMETRIC_REPRESENTATION_CONTEXT() REPRESENTATION_CONTEXT('2D SPACE',''
  ) );
#981 = ORIENTED_EDGE('',*,*,#982,.F.);
#982 = EDGE_CURVE('',#805,#955,#983,.T.);
#983 = SURFACE_CURVE('',#984,(#988,#995),.PCURVE_S1.);
#984 = LINE('',#985,#986);
#985 = CARTESIAN_POINT('',(-3.,-22.,5.));
#986 = VECTOR('',#987,1.);
#987 = DIRECTION('',(-1.,-0.,0.));
#988 = PCURVE('',#100,#989);
#989 = DEFINITIONAL_REPRESENTATION('',(#990),#994);
#990 = LINE('',#991,#992);
#991 = CARTESIAN_POINT('',(53.,46.));
#992 = VECTOR('',#993,1.);
#993 = DIRECTION('',(-1.,0.));
#994 = ( GEOMETRIC_REPRESENTATION_CONTEXT(2) 
PARAMETRIC_REPRESENTATION_CONTEXT() REPRESENTATION_CONTEXT('2D SPACE',''
  ) );
#995 = PCURVE('',#996,#1001);
#996 = PLANE('',#997);
#997 = AXIS2_PLACEMENT_3D('',#998,#999,#1000);
#998 = CARTESIAN_POINT('',(50.,-22.,58.));
#999 = DIRECTION('',(0.,-1.,1.224646799147E-16));
#1000 = DIRECTION('',(0.,-1.224646799147E-16,-1.));
#1001 = DEFINITIONAL_REPRESENTATION('',(#1002),#1006);
#1002 = LINE('',#1003,#1004);
#1003 = CARTESIAN_POINT('',(53.,-53.));
#1004 = VECTOR('',#1005,1.);
#1005 = DIRECTION('',(-0.,-1.));
#1006 = ( GEOMETRIC_REPRESENTATION_CONTEXT(2) 
PARAMETRIC_REPRESENTATION_CONTEXT() REPRESENTATION_CONTEXT('2D SPACE',''
  ) );
#1007 = FACE_BOUND('',#1008,.F.);
#1008 = EDGE_LOOP('',(#1009));
#1009 = ORIENTED_EDGE('',*,*,#1010,.T.);
#1010 = EDGE_CURVE('',#1011,#1011,#1013,.T.);
#1011 = VERTEX_POINT('',#1012);
#1012 = CARTESIAN_POINT('',(-42.6,14.,5.));
#1013 = SURFACE_CURVE('',#1014,(#1019,#1030),.PCURVE_S1.);
#1014 = CIRCLE('',#1015,1.4);
#1015 = AXIS2_PLACEMENT_3D('',#1016,#1017,#1018);
#1016 = CARTESIAN_POINT('',(-44.,14.,5.));
#1017 = DIRECTION('',(-0.,1.224646799147E-16,1.));
#1018 = DIRECTION('',(1.,0.,0.));
#1019 = PCURVE('',#100,#1020);
#1020 = DEFINITIONAL_REPRESENTATION('',(#1021),#1029);
#1021 = ( BOUNDED_CURVE() B_SPLINE_CURVE(2,(#1022,#1023,#1024,#1025,
#1026,#1027,#1028),.UNSPECIFIED.,.T.,.F.) B_SPLINE_CURVE_WITH_KNOTS((1,2
    ,2,2,2,1),(-2.094395102393,0.,2.094395102393,4.188790204786,
6.28318530718,8.377580409573),.UNSPECIFIED.) CURVE() 
GEOMETRIC_REPRESENTATION_ITEM() RATIONAL_B_SPLINE_CURVE((1.,0.5,1.,0.5,
1.,0.5,1.)) REPRESENTATION_ITEM('') );
#1022 = CARTESIAN_POINT('',(13.4,10.));
#1023 = CARTESIAN_POINT('',(13.4,7.575128869404));
#1024 = CARTESIAN_POINT('',(11.3,8.787564434702));
#1025 = CARTESIAN_POINT('',(9.2,10.));
#1026 = CARTESIAN_POINT('',(11.3,11.212435565298));
#1027 = CARTESIAN_POINT('',(13.4,12.424871130596));
#1028 = CARTESIAN_POINT('',(13.4,10.));
#1029 = ( GEOMETRIC_REPRESENTATION_CONTEXT(2) 
PARAMETRIC_REPRESENTATION_CONTEXT() REPRESENTATION_CONTEXT('2D SPACE',''
  ) );
#1030 = PCURVE('',#586,#1031);
#1031 = DEFINITIONAL_REPRESENTATION('',(#1032),#1036);
#1032 = LINE('',#1033,#1034);
#1033 = CARTESIAN_POINT('',(-6.28318530718,-1.));
#1034 = VECTOR('',#1035,1.);
#1035 = DIRECTION('',(1.,-0.));
#1036 = ( GEOMETRIC_REPRESENTATION_CONTEXT(2) 
PARAMETRIC_REPRESENTATION_CONTEXT() REPRESENTATION_CONTEXT('2D SPACE',''
  ) );
#1037 = FACE_BOUND('',#1038,.F.);
#1038 = EDGE_LOOP('',(#1039));
#1039 = ORIENTED_EDGE('',*,*,#1040,.T.);
#1040 = EDGE_CURVE('',#1041,#1041,#1043,.T.);
#1041 = VERTEX_POINT('',#1042);
#1042 = CARTESIAN_POINT('',(45.4,14.,5.));
#1043 = SURFACE_CURVE('',#1044,(#1049,#1060),.PCURVE_S1.);
#1044 = CIRCLE('',#1045,1.4);
#1045 = AXIS2_PLACEMENT_3D('',#1046,#1047,#1048);
#1046 = CARTESIAN_POINT('',(44.,14.,5.));
#1047 = DIRECTION('',(-0.,1.224646799147E-16,1.));
#1048 = DIRECTION('',(1.,0.,0.));
#1049 = PCURVE('',#100,#1050);
#1050 = DEFINITIONAL_REPRESENTATION('',(#1051),#1059);
#1051 = ( BOUNDED_CURVE() B_SPLINE_CURVE(2,(#1052,#1053,#1054,#1055,
#1056,#1057,#1058),.UNSPECIFIED.,.T.,.F.) B_SPLINE_CURVE_WITH_KNOTS((1,2
    ,2,2,2,1),(-2.094395102393,0.,2.094395102393,4.188790204786,
6.28318530718,8.377580409573),.UNSPECIFIED.) CURVE() 
GEOMETRIC_REPRESENTATION_ITEM() RATIONAL_B_SPLINE_CURVE((1.,0.5,1.,0.5,
1.,0.5,1.)) REPRESENTATION_ITEM('') );
#1052 = CARTESIAN_POINT('',(101.4,10.));
#1053 = CARTESIAN_POINT('',(101.4,7.575128869404));
#1054 = CARTESIAN_POINT('',(99.3,8.787564434702));
#1055 = CARTESIAN_POINT('',(97.2,10.));
#1056 = CARTESIAN_POINT('',(99.3,11.212435565298));
#1057 = CARTESIAN_POINT('',(101.4,12.424871130596));
#1058 = CARTESIAN_POINT('',(101.4,10.));
#1059 = ( GEOMETRIC_REPRESENTATION_CONTEXT(2) 
PARAMETRIC_REPRESENTATION_CONTEXT() REPRESENTATION_CONTEXT('2D SPACE',''
  ) );
#1060 = PCURVE('',#621,#1061);
#1061 = DEFINITIONAL_REPRESENTATION('',(#1062),#1066);
#1062 = LINE('',#1063,#1064);
#1063 = CARTESIAN_POINT('',(-6.28318530718,-1.));
#1064 = VECTOR('',#1065,1.);
#1065 = DIRECTION('',(1.,-0.));
#1066 = ( GEOMETRIC_REPRESENTATION_CONTEXT(2) 
PARAMETRIC_REPRESENTATION_CONTEXT() REPRESENTATION_CONTEXT('2D SPACE',''
  ) );
#1067 = FACE_BOUND('',#1068,.F.);
#1068 = EDGE_LOOP('',(#1069));
#1069 = ORIENTED_EDGE('',*,*,#1070,.T.);
#1070 = EDGE_CURVE('',#1071,#1071,#1073,.T.);
#1071 = VERTEX_POINT('',#1072);
#1072 = CARTESIAN_POINT('',(-42.6,-14.,5.));
#1073 = SURFACE_CURVE('',#1074,(#1079,#1090),.PCURVE_S1.);
#1074 = CIRCLE('',#1075,1.4);
#1075 = AXIS2_PLACEMENT_3D('',#1076,#1077,#1078);
#1076 = CARTESIAN_POINT('',(-44.,-14.,5.));
#1077 = DIRECTION('',(-0.,1.224646799147E-16,1.));
#1078 = DIRECTION('',(1.,0.,0.));
#1079 = PCURVE('',#100,#1080);
#1080 = DEFINITIONAL_REPRESENTATION('',(#1081),#1089);
#1081 = ( BOUNDED_CURVE() B_SPLINE_CURVE(2,(#1082,#1083,#1084,#1085,
#1086,#1087,#1088),.UNSPECIFIED.,.T.,.F.) B_SPLINE_CURVE_WITH_KNOTS((1,2
    ,2,2,2,1),(-2.094395102393,0.,2.094395102393,4.188790204786,
6.28318530718,8.377580409573),.UNSPECIFIED.) CURVE() 
GEOMETRIC_REPRESENTATION_ITEM() RATIONAL_B_SPLINE_CURVE((1.,0.5,1.,0.5,
1.,0.5,1.)) REPRESENTATION_ITEM('') );
#1082 = CARTESIAN_POINT('',(13.4,38.));
#1083 = CARTESIAN_POINT('',(13.4,35.575128869404));
#1084 = CARTESIAN_POINT('',(11.3,36.787564434702));
#1085 = CARTESIAN_POINT('',(9.2,38.));
#1086 = CARTESIAN_POINT('',(11.3,39.212435565298));
#1087 = CARTESIAN_POINT('',(13.4,40.424871130596));
#1088 = CARTESIAN_POINT('',(13.4,38.));
#1089 = ( GEOMETRIC_REPRESENTATION_CONTEXT(2) 
PARAMETRIC_REPRESENTATION_CONTEXT() REPRESENTATION_CONTEXT('2D SPACE',''
  ) );
#1090 = PCURVE('',#656,#1091);
#1091 = DEFINITIONAL_REPRESENTATION('',(#1092),#1096);
#1092 = LINE('',#1093,#1094);
#1093 = CARTESIAN_POINT('',(-6.28318530718,-1.));
#1094 = VECTOR('',#1095,1.);
#1095 = DIRECTION('',(1.,-0.));
#1096 = ( GEOMETRIC_REPRESENTATION_CONTEXT(2) 
PARAMETRIC_REPRESENTATION_CONTEXT() REPRESENTATION_CONTEXT('2D SPACE',''
  ) );
#1097 = FACE_BOUND('',#1098,.F.);
#1098 = EDGE_LOOP('',(#1099));
#1099 = ORIENTED_EDGE('',*,*,#1100,.T.);
#1100 = EDGE_CURVE('',#1101,#1101,#1103,.T.);
#1101 = VERTEX_POINT('',#1102);
#1102 = CARTESIAN_POINT('',(45.4,-14.,5.));
#1103 = SURFACE_CURVE('',#1104,(#1109,#1120),.PCURVE_S1.);
#1104 = CIRCLE('',#1105,1.4);
#1105 = AXIS2_PLACEMENT_3D('',#1106,#1107,#1108);
#1106 = CARTESIAN_POINT('',(44.,-14.,5.));
#1107 = DIRECTION('',(-0.,1.224646799147E-16,1.));
#1108 = DIRECTION('',(1.,0.,0.));
#1109 = PCURVE('',#100,#1110);
#1110 = DEFINITIONAL_REPRESENTATION('',(#1111),#1119);
#1111 = ( BOUNDED_CURVE() B_SPLINE_CURVE(2,(#1112,#1113,#1114,#1115,
#1116,#1117,#1118),.UNSPECIFIED.,.T.,.F.) B_SPLINE_CURVE_WITH_KNOTS((1,2
    ,2,2,2,1),(-2.094395102393,0.,2.094395102393,4.188790204786,
6.28318530718,8.377580409573),.UNSPECIFIED.) CURVE() 
GEOMETRIC_REPRESENTATION_ITEM() RATIONAL_B_SPLINE_CURVE((1.,0.5,1.,0.5,
1.,0.5,1.)) REPRESENTATION_ITEM('') );
#1112 = CARTESIAN_POINT('',(101.4,38.));
#1113 = CARTESIAN_POINT('',(101.4,35.575128869404));
#1114 = CARTESIAN_POINT('',(99.3,36.787564434702));
#1115 = CARTESIAN_POINT('',(97.2,38.));
#1116 = CARTESIAN_POINT('',(99.3,39.212435565298));
#1117 = CARTESIAN_POINT('',(101.4,40.424871130596));
#1118 = CARTESIAN_POINT('',(101.4,38.));
#1119 = ( GEOMETRIC_REPRESENTATION_CONTEXT(2) 
PARAMETRIC_REPRESENTATION_CONTEXT() REPRESENTATION_CONTEXT('2D SPACE',''
  ) );
#1120 = PCURVE('',#691,#1121);
#1121 = DEFINITIONAL_REPRESENTATION('',(#1122),#1126);
#1122 = LINE('',#1123,#1124);
#1123 = CARTESIAN_POINT('',(-6.28318530718,-1.));
#1124 = VECTOR('',#1125,1.);
#1125 = DIRECTION('',(1.,-0.));
#1126 = ( GEOMETRIC_REPRESENTATION_CONTEXT(2) 
PARAMETRIC_REPRESENTATION_CONTEXT() REPRESENTATION_CONTEXT('2D SPACE',''
  ) );
#1127 = ADVANCED_FACE('',(#1128),#128,.F.);
#1128 = FACE_BOUND('',#1129,.F.);
#1129 = EDGE_LOOP('',(#1130,#1153,#1174,#1175));
#1130 = ORIENTED_EDGE('',*,*,#1131,.F.);
#1131 = EDGE_CURVE('',#1132,#853,#1134,.T.);
#1132 = VERTEX_POINT('',#1133);
#1133 = CARTESIAN_POINT('',(-50.,22.,50.));
#1134 = SURFACE_CURVE('',#1135,(#1139,#1146),.PCURVE_S1.);
#1135 = LINE('',#1136,#1137);
#1136 = CARTESIAN_POINT('',(-50.,22.,58.));
#1137 = VECTOR('',#1138,1.);
#1138 = DIRECTION('',(0.,-1.224646799147E-16,-1.));
#1139 = PCURVE('',#128,#1140);
#1140 = DEFINITIONAL_REPRESENTATION('',(#1141),#1145);
#1141 = LINE('',#1142,#1143);
#1142 = CARTESIAN_POINT('',(0.,6.));
#1143 = VECTOR('',#1144,1.);
#1144 = DIRECTION('',(1.,0.));
#1145 = ( GEOMETRIC_REPRESENTATION_CONTEXT(2) 
PARAMETRIC_REPRESENTATION_CONTEXT() REPRESENTATION_CONTEXT('2D SPACE',''
  ) );
#1146 = PCURVE('',#868,#1147);
#1147 = DEFINITIONAL_REPRESENTATION('',(#1148),#1152);
#1148 = LINE('',#1149,#1150);
#1149 = CARTESIAN_POINT('',(0.,0.));
#1150 = VECTOR('',#1151,1.);
#1151 = DIRECTION('',(1.,0.));
#1152 = ( GEOMETRIC_REPRESENTATION_CONTEXT(2) 
PARAMETRIC_REPRESENTATION_CONTEXT() REPRESENTATION_CONTEXT('2D SPACE',''
  ) );
#1153 = ORIENTED_EDGE('',*,*,#1154,.F.);
#1154 = EDGE_CURVE('',#113,#1132,#1155,.T.);
#1155 = SURFACE_CURVE('',#1156,(#1160,#1167),.PCURVE_S1.);
#1156 = LINE('',#1157,#1158);
#1157 = CARTESIAN_POINT('',(-56.,22.,50.));
#1158 = VECTOR('',#1159,1.);
#1159 = DIRECTION('',(1.,0.,0.));
#1160 = PCURVE('',#128,#1161);
#1161 = DEFINITIONAL_REPRESENTATION('',(#1162),#1166);
#1162 = LINE('',#1163,#1164);
#1163 = CARTESIAN_POINT('',(8.,0.));
#1164 = VECTOR('',#1165,1.);
#1165 = DIRECTION('',(0.,1.));
#1166 = ( GEOMETRIC_REPRESENTATION_CONTEXT(2) 
PARAMETRIC_REPRESENTATION_CONTEXT() REPRESENTATION_CONTEXT('2D SPACE',''
  ) );
#1167 = PCURVE('',#157,#1168);
#1168 = DEFINITIONAL_REPRESENTATION('',(#1169),#1173);
#1169 = LINE('',#1170,#1171);
#1170 = CARTESIAN_POINT('',(0.,0.));
#1171 = VECTOR('',#1172,1.);
#1172 = DIRECTION('',(0.,1.));
#1173 = ( GEOMETRIC_REPRESENTATION_CONTEXT(2) 
PARAMETRIC_REPRESENTATION_CONTEXT() REPRESENTATION_CONTEXT('2D SPACE',''
  ) );
#1174 = ORIENTED_EDGE('',*,*,#112,.T.);
#1175 = ORIENTED_EDGE('',*,*,#880,.F.);
#1176 = ADVANCED_FACE('',(#1177),#246,.T.);
#1177 = FACE_BOUND('',#1178,.T.);
#1178 = EDGE_LOOP('',(#1179,#1202,#1223,#1224));
#1179 = ORIENTED_EDGE('',*,*,#1180,.F.);
#1180 = EDGE_CURVE('',#1181,#830,#1183,.T.);
#1181 = VERTEX_POINT('',#1182);
#1182 = CARTESIAN_POINT('',(-50.,-22.,50.));
#1183 = SURFACE_CURVE('',#1184,(#1188,#1195),.PCURVE_S1.);
#1184 = LINE('',#1185,#1186);
#1185 = CARTESIAN_POINT('',(-50.,-22.,58.));
#1186 = VECTOR('',#1187,1.);
#1187 = DIRECTION('',(0.,-1.224646799147E-16,-1.));
#1188 = PCURVE('',#246,#1189);
#1189 = DEFINITIONAL_REPRESENTATION('',(#1190),#1194);
#1190 = LINE('',#1191,#1192);
#1191 = CARTESIAN_POINT('',(0.,6.));
#1192 = VECTOR('',#1193,1.);
#1193 = DIRECTION('',(1.,0.));
#1194 = ( GEOMETRIC_REPRESENTATION_CONTEXT(2) 
PARAMETRIC_REPRESENTATION_CONTEXT() REPRESENTATION_CONTEXT('2D SPACE',''
  ) );
#1195 = PCURVE('',#868,#1196);
#1196 = DEFINITIONAL_REPRESENTATION('',(#1197),#1201);
#1197 = LINE('',#1198,#1199);
#1198 = CARTESIAN_POINT('',(5.388445916248E-15,-44.));
#1199 = VECTOR('',#1200,1.);
#1200 = DIRECTION('',(1.,0.));
#1201 = ( GEOMETRIC_REPRESENTATION_CONTEXT(2) 
PARAMETRIC_REPRESENTATION_CONTEXT() REPRESENTATION_CONTEXT('2D SPACE',''
  ) );
#1202 = ORIENTED_EDGE('',*,*,#1203,.F.);
#1203 = EDGE_CURVE('',#198,#1181,#1204,.T.);
#1204 = SURFACE_CURVE('',#1205,(#1209,#1216),.PCURVE_S1.);
#1205 = LINE('',#1206,#1207);
#1206 = CARTESIAN_POINT('',(-56.,-22.,50.));
#1207 = VECTOR('',#1208,1.);
#1208 = DIRECTION('',(1.,0.,0.));
#1209 = PCURVE('',#246,#1210);
#1210 = DEFINITIONAL_REPRESENTATION('',(#1211),#1215);
#1211 = LINE('',#1212,#1213);
#1212 = CARTESIAN_POINT('',(8.,0.));
#1213 = VECTOR('',#1214,1.);
#1214 = DIRECTION('',(0.,1.));
#1215 = ( GEOMETRIC_REPRESENTATION_CONTEXT(2) 
PARAMETRIC_REPRESENTATION_CONTEXT() REPRESENTATION_CONTEXT('2D SPACE',''
  ) );
#1216 = PCURVE('',#218,#1217);
#1217 = DEFINITIONAL_REPRESENTATION('',(#1218),#1222);
#1218 = LINE('',#1219,#1220);
#1219 = CARTESIAN_POINT('',(-0.,0.));
#1220 = VECTOR('',#1221,1.);
#1221 = DIRECTION('',(-0.,1.));
#1222 = ( GEOMETRIC_REPRESENTATION_CONTEXT(2) 
PARAMETRIC_REPRESENTATION_CONTEXT() REPRESENTATION_CONTEXT('2D SPACE',''
  ) );
#1223 = ORIENTED_EDGE('',*,*,#230,.T.);
#1224 = ORIENTED_EDGE('',*,*,#829,.F.);
#1225 = ADVANCED_FACE('',(#1226),#157,.T.);
#1226 = FACE_BOUND('',#1227,.T.);
#1227 = EDGE_LOOP('',(#1228,#1229,#1252,#1274));
#1228 = ORIENTED_EDGE('',*,*,#140,.T.);
#1229 = ORIENTED_EDGE('',*,*,#1230,.T.);
#1230 = EDGE_CURVE('',#141,#1231,#1233,.T.);
#1231 = VERTEX_POINT('',#1232);
#1232 = CARTESIAN_POINT('',(-50.,14.,58.));
#1233 = SURFACE_CURVE('',#1234,(#1238,#1245),.PCURVE_S1.);
#1234 = LINE('',#1235,#1236);
#1235 = CARTESIAN_POINT('',(-56.,14.,58.));
#1236 = VECTOR('',#1237,1.);
#1237 = DIRECTION('',(1.,0.,0.));
#1238 = PCURVE('',#157,#1239);
#1239 = DEFINITIONAL_REPRESENTATION('',(#1240),#1244);
#1240 = LINE('',#1241,#1242);
#1241 = CARTESIAN_POINT('',(1.570796326795,0.));
#1242 = VECTOR('',#1243,1.);
#1243 = DIRECTION('',(0.,1.));
#1244 = ( GEOMETRIC_REPRESENTATION_CONTEXT(2) 
PARAMETRIC_REPRESENTATION_CONTEXT() REPRESENTATION_CONTEXT('2D SPACE',''
  ) );
#1245 = PCURVE('',#185,#1246);
#1246 = DEFINITIONAL_REPRESENTATION('',(#1247),#1251);
#1247 = LINE('',#1248,#1249);
#1248 = CARTESIAN_POINT('',(0.,8.));
#1249 = VECTOR('',#1250,1.);
#1250 = DIRECTION('',(1.,0.));
#1251 = ( GEOMETRIC_REPRESENTATION_CONTEXT(2) 
PARAMETRIC_REPRESENTATION_CONTEXT() REPRESENTATION_CONTEXT('2D SPACE',''
  ) );
#1252 = ORIENTED_EDGE('',*,*,#1253,.F.);
#1253 = EDGE_CURVE('',#1132,#1231,#1254,.T.);
#1254 = SURFACE_CURVE('',#1255,(#1260,#1267),.PCURVE_S1.);
#1255 = CIRCLE('',#1256,8.);
#1256 = AXIS2_PLACEMENT_3D('',#1257,#1258,#1259);
#1257 = CARTESIAN_POINT('',(-50.,14.,50.));
#1258 = DIRECTION('',(1.,0.,0.));
#1259 = DIRECTION('',(0.,-1.224646799147E-16,-1.));
#1260 = PCURVE('',#157,#1261);
#1261 = DEFINITIONAL_REPRESENTATION('',(#1262),#1266);
#1262 = LINE('',#1263,#1264);
#1263 = CARTESIAN_POINT('',(-1.570796326795,6.));
#1264 = VECTOR('',#1265,1.);
#1265 = DIRECTION('',(1.,0.));
#1266 = ( GEOMETRIC_REPRESENTATION_CONTEXT(2) 
PARAMETRIC_REPRESENTATION_CONTEXT() REPRESENTATION_CONTEXT('2D SPACE',''
  ) );
#1267 = PCURVE('',#868,#1268);
#1268 = DEFINITIONAL_REPRESENTATION('',(#1269),#1273);
#1269 = CIRCLE('',#1270,8.);
#1270 = AXIS2_PLACEMENT_2D('',#1271,#1272);
#1271 = CARTESIAN_POINT('',(8.,-8.));
#1272 = DIRECTION('',(1.,0.));
#1273 = ( GEOMETRIC_REPRESENTATION_CONTEXT(2) 
PARAMETRIC_REPRESENTATION_CONTEXT() REPRESENTATION_CONTEXT('2D SPACE',''
  ) );
#1274 = ORIENTED_EDGE('',*,*,#1154,.F.);
#1275 = ADVANCED_FACE('',(#1276),#218,.T.);
#1276 = FACE_BOUND('',#1277,.F.);
#1277 = EDGE_LOOP('',(#1278,#1279,#1302,#1328));
#1278 = ORIENTED_EDGE('',*,*,#197,.T.);
#1279 = ORIENTED_EDGE('',*,*,#1280,.T.);
#1280 = EDGE_CURVE('',#170,#1281,#1283,.T.);
#1281 = VERTEX_POINT('',#1282);
#1282 = CARTESIAN_POINT('',(-50.,-14.,58.));
#1283 = SURFACE_CURVE('',#1284,(#1288,#1295),.PCURVE_S1.);
#1284 = LINE('',#1285,#1286);
#1285 = CARTESIAN_POINT('',(-56.,-14.,58.));
#1286 = VECTOR('',#1287,1.);
#1287 = DIRECTION('',(1.,0.,0.));
#1288 = PCURVE('',#218,#1289);
#1289 = DEFINITIONAL_REPRESENTATION('',(#1290),#1294);
#1290 = LINE('',#1291,#1292);
#1291 = CARTESIAN_POINT('',(-1.570796326795,0.));
#1292 = VECTOR('',#1293,1.);
#1293 = DIRECTION('',(-0.,1.));
#1294 = ( GEOMETRIC_REPRESENTATION_CONTEXT(2) 
PARAMETRIC_REPRESENTATION_CONTEXT() REPRESENTATION_CONTEXT('2D SPACE',''
  ) );
#1295 = PCURVE('',#185,#1296);
#1296 = DEFINITIONAL_REPRESENTATION('',(#1297),#1301);
#1297 = LINE('',#1298,#1299);
#1298 = CARTESIAN_POINT('',(0.,36.));
#1299 = VECTOR('',#1300,1.);
#1300 = DIRECTION('',(1.,0.));
#1301 = ( GEOMETRIC_REPRESENTATION_CONTEXT(2) 
PARAMETRIC_REPRESENTATION_CONTEXT() REPRESENTATION_CONTEXT('2D SPACE',''
  ) );
#1302 = ORIENTED_EDGE('',*,*,#1303,.F.);
#1303 = EDGE_CURVE('',#1181,#1281,#1304,.T.);
#1304 = SURFACE_CURVE('',#1305,(#1310,#1317),.PCURVE_S1.);
#1305 = CIRCLE('',#1306,8.);
#1306 = AXIS2_PLACEMENT_3D('',#1307,#1308,#1309);
#1307 = CARTESIAN_POINT('',(-50.,-14.,50.));
#1308 = DIRECTION('',(-1.,-0.,0.));
#1309 = DIRECTION('',(0.,-1.224646799147E-16,-1.));
#1310 = PCURVE('',#218,#1311);
#1311 = DEFINITIONAL_REPRESENTATION('',(#1312),#1316);
#1312 = LINE('',#1313,#1314);
#1313 = CARTESIAN_POINT('',(1.570796326795,6.));
#1314 = VECTOR('',#1315,1.);
#1315 = DIRECTION('',(-1.,0.));
#1316 = ( GEOMETRIC_REPRESENTATION_CONTEXT(2) 
PARAMETRIC_REPRESENTATION_CONTEXT() REPRESENTATION_CONTEXT('2D SPACE',''
  ) );
#1317 = PCURVE('',#868,#1318);
#1318 = DEFINITIONAL_REPRESENTATION('',(#1319),#1327);
#1319 = ( BOUNDED_CURVE() B_SPLINE_CURVE(2,(#1320,#1321,#1322,#1323,
#1324,#1325,#1326),.UNSPECIFIED.,.T.,.F.) B_SPLINE_CURVE_WITH_KNOTS((1,2
    ,2,2,2,1),(-2.094395102393,0.,2.094395102393,4.188790204786,
6.28318530718,8.377580409573),.UNSPECIFIED.) CURVE() 
GEOMETRIC_REPRESENTATION_ITEM() RATIONAL_B_SPLINE_CURVE((1.,0.5,1.,0.5,
1.,0.5,1.)) REPRESENTATION_ITEM('') );
#1320 = CARTESIAN_POINT('',(16.,-36.));
#1321 = CARTESIAN_POINT('',(16.,-49.85640646055));
#1322 = CARTESIAN_POINT('',(4.,-42.92820323027));
#1323 = CARTESIAN_POINT('',(-8.,-36.));
#1324 = CARTESIAN_POINT('',(4.,-29.07179676972));
#1325 = CARTESIAN_POINT('',(16.,-22.14359353944));
#1326 = CARTESIAN_POINT('',(16.,-36.));
#1327 = ( GEOMETRIC_REPRESENTATION_CONTEXT(2) 
PARAMETRIC_REPRESENTATION_CONTEXT() REPRESENTATION_CONTEXT('2D SPACE',''
  ) );
#1328 = ORIENTED_EDGE('',*,*,#1203,.F.);
#1329 = ADVANCED_FACE('',(#1330),#185,.F.);
#1330 = FACE_BOUND('',#1331,.F.);
#1331 = EDGE_LOOP('',(#1332,#1333,#1334,#1355));
#1332 = ORIENTED_EDGE('',*,*,#169,.F.);
#1333 = ORIENTED_EDGE('',*,*,#1230,.T.);
#1334 = ORIENTED_EDGE('',*,*,#1335,.T.);
#1335 = EDGE_CURVE('',#1231,#1281,#1336,.T.);
#1336 = SURFACE_CURVE('',#1337,(#1341,#1348),.PCURVE_S1.);
#1337 = LINE('',#1338,#1339);
#1338 = CARTESIAN_POINT('',(-50.,22.,58.));
#1339 = VECTOR('',#1340,1.);
#1340 = DIRECTION('',(0.,-1.,1.224646799147E-16));
#1341 = PCURVE('',#185,#1342);
#1342 = DEFINITIONAL_REPRESENTATION('',(#1343),#1347);
#1343 = LINE('',#1344,#1345);
#1344 = CARTESIAN_POINT('',(6.,0.));
#1345 = VECTOR('',#1346,1.);
#1346 = DIRECTION('',(0.,1.));
#1347 = ( GEOMETRIC_REPRESENTATION_CONTEXT(2) 
PARAMETRIC_REPRESENTATION_CONTEXT() REPRESENTATION_CONTEXT('2D SPACE',''
  ) );
#1348 = PCURVE('',#868,#1349);
#1349 = DEFINITIONAL_REPRESENTATION('',(#1350),#1354);
#1350 = LINE('',#1351,#1352);
#1351 = CARTESIAN_POINT('',(0.,0.));
#1352 = VECTOR('',#1353,1.);
#1353 = DIRECTION('',(0.,-1.));
#1354 = ( GEOMETRIC_REPRESENTATION_CONTEXT(2) 
PARAMETRIC_REPRESENTATION_CONTEXT() REPRESENTATION_CONTEXT('2D SPACE',''
  ) );
#1355 = ORIENTED_EDGE('',*,*,#1280,.F.);
#1356 = ADVANCED_FACE('',(#1357),#327,.F.);
#1357 = FACE_BOUND('',#1358,.F.);
#1358 = EDGE_LOOP('',(#1359,#1382,#1410,#1431));
#1359 = ORIENTED_EDGE('',*,*,#1360,.F.);
#1360 = EDGE_CURVE('',#1361,#312,#1363,.T.);
#1361 = VERTEX_POINT('',#1362);
#1362 = CARTESIAN_POINT('',(-48.25,2.917618892179,27.7));
#1363 = SURFACE_CURVE('',#1364,(#1368,#1375),.PCURVE_S1.);
#1364 = LINE('',#1365,#1366);
#1365 = CARTESIAN_POINT('',(-57.,2.917618892179,27.7));
#1366 = VECTOR('',#1367,1.);
#1367 = DIRECTION('',(-1.,0.,0.));
#1368 = PCURVE('',#327,#1369);
#1369 = DEFINITIONAL_REPRESENTATION('',(#1370),#1374);
#1370 = LINE('',#1371,#1372);
#1371 = CARTESIAN_POINT('',(1.,9.182381107821));
#1372 = VECTOR('',#1373,1.);
#1373 = DIRECTION('',(-1.,0.));
#1374 = ( GEOMETRIC_REPRESENTATION_CONTEXT(2) 
PARAMETRIC_REPRESENTATION_CONTEXT() REPRESENTATION_CONTEXT('2D SPACE',''
  ) );
#1375 = PCURVE('',#475,#1376);
#1376 = DEFINITIONAL_REPRESENTATION('',(#1377),#1381);
#1377 = LINE('',#1378,#1379);
#1378 = CARTESIAN_POINT('',(-2.074018829466,0.));
#1379 = VECTOR('',#1380,1.);
#1380 = DIRECTION('',(-0.,1.));
#1381 = ( GEOMETRIC_REPRESENTATION_CONTEXT(2) 
PARAMETRIC_REPRESENTATION_CONTEXT() REPRESENTATION_CONTEXT('2D SPACE',''
  ) );
#1382 = ORIENTED_EDGE('',*,*,#1383,.F.);
#1383 = EDGE_CURVE('',#1384,#1361,#1386,.T.);
#1384 = VERTEX_POINT('',#1385);
#1385 = CARTESIAN_POINT('',(-48.25,-2.917618892179,27.7));
#1386 = SURFACE_CURVE('',#1387,(#1391,#1398),.PCURVE_S1.);
#1387 = LINE('',#1388,#1389);
#1388 = CARTESIAN_POINT('',(-48.25,6.05,27.7));
#1389 = VECTOR('',#1390,1.);
#1390 = DIRECTION('',(0.,1.,-1.224646799147E-16));
#1391 = PCURVE('',#327,#1392);
#1392 = DEFINITIONAL_REPRESENTATION('',(#1393),#1397);
#1393 = LINE('',#1394,#1395);
#1394 = CARTESIAN_POINT('',(9.75,6.05));
#1395 = VECTOR('',#1396,1.);
#1396 = DIRECTION('',(0.,-1.));
#1397 = ( GEOMETRIC_REPRESENTATION_CONTEXT(2) 
PARAMETRIC_REPRESENTATION_CONTEXT() REPRESENTATION_CONTEXT('2D SPACE',''
  ) );
#1398 = PCURVE('',#1399,#1404);
#1399 = PLANE('',#1400);
#1400 = AXIS2_PLACEMENT_3D('',#1401,#1402,#1403);
#1401 = CARTESIAN_POINT('',(-48.25,3.552713678801E-15,33.));
#1402 = DIRECTION('',(1.,0.,0.));
#1403 = DIRECTION('',(0.,-1.224646799147E-16,-1.));
#1404 = DEFINITIONAL_REPRESENTATION('',(#1405),#1409);
#1405 = LINE('',#1406,#1407);
#1406 = CARTESIAN_POINT('',(5.3,6.05));
#1407 = VECTOR('',#1408,1.);
#1408 = DIRECTION('',(0.,1.));
#1409 = ( GEOMETRIC_REPRESENTATION_CONTEXT(2) 
PARAMETRIC_REPRESENTATION_CONTEXT() REPRESENTATION_CONTEXT('2D SPACE',''
  ) );
#1410 = ORIENTED_EDGE('',*,*,#1411,.T.);
#1411 = EDGE_CURVE('',#1384,#310,#1412,.T.);
#1412 = SURFACE_CURVE('',#1413,(#1417,#1424),.PCURVE_S1.);
#1413 = LINE('',#1414,#1415);
#1414 = CARTESIAN_POINT('',(-57.,-2.917618892179,27.7));
#1415 = VECTOR('',#1416,1.);
#1416 = DIRECTION('',(-1.,0.,0.));
#1417 = PCURVE('',#327,#1418);
#1418 = DEFINITIONAL_REPRESENTATION('',(#1419),#1423);
#1419 = LINE('',#1420,#1421);
#1420 = CARTESIAN_POINT('',(1.,15.017618892179));
#1421 = VECTOR('',#1422,1.);
#1422 = DIRECTION('',(-1.,0.));
#1423 = ( GEOMETRIC_REPRESENTATION_CONTEXT(2) 
PARAMETRIC_REPRESENTATION_CONTEXT() REPRESENTATION_CONTEXT('2D SPACE',''
  ) );
#1424 = PCURVE('',#360,#1425);
#1425 = DEFINITIONAL_REPRESENTATION('',(#1426),#1430);
#1426 = LINE('',#1427,#1428);
#1427 = CARTESIAN_POINT('',(-7.350759131304,0.));
#1428 = VECTOR('',#1429,1.);
#1429 = DIRECTION('',(-0.,1.));
#1430 = ( GEOMETRIC_REPRESENTATION_CONTEXT(2) 
PARAMETRIC_REPRESENTATION_CONTEXT() REPRESENTATION_CONTEXT('2D SPACE',''
  ) );
#1431 = ORIENTED_EDGE('',*,*,#309,.T.);
#1432 = ADVANCED_FACE('',(#1433),#475,.F.);
#1433 = FACE_BOUND('',#1434,.T.);
#1434 = EDGE_LOOP('',(#1435,#1458,#1459,#1460));
#1435 = ORIENTED_EDGE('',*,*,#1436,.F.);
#1436 = EDGE_CURVE('',#429,#1437,#1439,.T.);
#1437 = VERTEX_POINT('',#1438);
#1438 = CARTESIAN_POINT('',(-48.25,4.277996026179,37.277996026179));
#1439 = SURFACE_CURVE('',#1440,(#1444,#1451),.PCURVE_S1.);
#1440 = LINE('',#1441,#1442);
#1441 = CARTESIAN_POINT('',(-57.,4.277996026179,37.277996026179));
#1442 = VECTOR('',#1443,1.);
#1443 = DIRECTION('',(1.,0.,0.));
#1444 = PCURVE('',#475,#1445);
#1445 = DEFINITIONAL_REPRESENTATION('',(#1446),#1450);
#1446 = LINE('',#1447,#1448);
#1447 = CARTESIAN_POINT('',(-3.926990816987,0.));
#1448 = VECTOR('',#1449,1.);
#1449 = DIRECTION('',(-0.,-1.));
#1450 = ( GEOMETRIC_REPRESENTATION_CONTEXT(2) 
PARAMETRIC_REPRESENTATION_CONTEXT() REPRESENTATION_CONTEXT('2D SPACE',''
  ) );
#1451 = PCURVE('',#444,#1452);
#1452 = DEFINITIONAL_REPRESENTATION('',(#1453),#1457);
#1453 = LINE('',#1454,#1455);
#1454 = CARTESIAN_POINT('',(0.,0.));
#1455 = VECTOR('',#1456,1.);
#1456 = DIRECTION('',(0.,-1.));
#1457 = ( GEOMETRIC_REPRESENTATION_CONTEXT(2) 
PARAMETRIC_REPRESENTATION_CONTEXT() REPRESENTATION_CONTEXT('2D SPACE',''
  ) );
#1458 = ORIENTED_EDGE('',*,*,#456,.T.);
#1459 = ORIENTED_EDGE('',*,*,#1360,.F.);
#1460 = ORIENTED_EDGE('',*,*,#1461,.F.);
#1461 = EDGE_CURVE('',#1437,#1361,#1462,.T.);
#1462 = SURFACE_CURVE('',#1463,(#1468,#1475),.PCURVE_S1.);
#1463 = CIRCLE('',#1464,6.05);
#1464 = AXIS2_PLACEMENT_3D('',#1465,#1466,#1467);
#1465 = CARTESIAN_POINT('',(-48.25,3.552713678801E-15,33.));
#1466 = DIRECTION('',(-1.,0.,0.));
#1467 = DIRECTION('',(0.,-1.,1.224646799147E-16));
#1468 = PCURVE('',#475,#1469);
#1469 = DEFINITIONAL_REPRESENTATION('',(#1470),#1474);
#1470 = LINE('',#1471,#1472);
#1471 = CARTESIAN_POINT('',(-12.56637061435,-8.75));
#1472 = VECTOR('',#1473,1.);
#1473 = DIRECTION('',(1.,-0.));
#1474 = ( GEOMETRIC_REPRESENTATION_CONTEXT(2) 
PARAMETRIC_REPRESENTATION_CONTEXT() REPRESENTATION_CONTEXT('2D SPACE',''
  ) );
#1475 = PCURVE('',#1399,#1476);
#1476 = DEFINITIONAL_REPRESENTATION('',(#1477),#1485);
#1477 = ( BOUNDED_CURVE() B_SPLINE_CURVE(2,(#1478,#1479,#1480,#1481,
#1482,#1483,#1484),.UNSPECIFIED.,.T.,.F.) B_SPLINE_CURVE_WITH_KNOTS((1,2
    ,2,2,2,1),(-2.094395102393,0.,2.094395102393,4.188790204786,
6.28318530718,8.377580409573),.UNSPECIFIED.) CURVE() 
GEOMETRIC_REPRESENTATION_ITEM() RATIONAL_B_SPLINE_CURVE((1.,0.5,1.,0.5,
1.,0.5,1.)) REPRESENTATION_ITEM('') );
#1478 = CARTESIAN_POINT('',(0.,-6.05));
#1479 = CARTESIAN_POINT('',(-10.47890738579,-6.05));
#1480 = CARTESIAN_POINT('',(-5.239453692896,3.025));
#1481 = CARTESIAN_POINT('',(-1.481822626968E-15,12.1));
#1482 = CARTESIAN_POINT('',(5.239453692896,3.025));
#1483 = CARTESIAN_POINT('',(10.478907385792,-6.05));
#1484 = CARTESIAN_POINT('',(0.,-6.05));
#1485 = ( GEOMETRIC_REPRESENTATION_CONTEXT(2) 
PARAMETRIC_REPRESENTATION_CONTEXT() REPRESENTATION_CONTEXT('2D SPACE',''
  ) );
#1486 = ADVANCED_FACE('',(#1487),#444,.T.);
#1487 = FACE_BOUND('',#1488,.T.);
#1488 = EDGE_LOOP('',(#1489,#1490,#1491,#1514));
#1489 = ORIENTED_EDGE('',*,*,#428,.T.);
#1490 = ORIENTED_EDGE('',*,*,#1436,.T.);
#1491 = ORIENTED_EDGE('',*,*,#1492,.F.);
#1492 = EDGE_CURVE('',#1493,#1437,#1495,.T.);
#1493 = VERTEX_POINT('',#1494);
#1494 = CARTESIAN_POINT('',(-48.25,1.905992052357,39.65));
#1495 = SURFACE_CURVE('',#1496,(#1500,#1507),.PCURVE_S1.);
#1496 = LINE('',#1497,#1498);
#1497 = CARTESIAN_POINT('',(-48.25,4.277996026179,37.277996026179));
#1498 = VECTOR('',#1499,1.);
#1499 = DIRECTION('',(0.,0.707106781187,-0.707106781187));
#1500 = PCURVE('',#444,#1501);
#1501 = DEFINITIONAL_REPRESENTATION('',(#1502),#1506);
#1502 = LINE('',#1503,#1504);
#1503 = CARTESIAN_POINT('',(0.,-8.75));
#1504 = VECTOR('',#1505,1.);
#1505 = DIRECTION('',(-1.,0.));
#1506 = ( GEOMETRIC_REPRESENTATION_CONTEXT(2) 
PARAMETRIC_REPRESENTATION_CONTEXT() REPRESENTATION_CONTEXT('2D SPACE',''
  ) );
#1507 = PCURVE('',#1399,#1508);
#1508 = DEFINITIONAL_REPRESENTATION('',(#1509),#1513);
#1509 = LINE('',#1510,#1511);
#1510 = CARTESIAN_POINT('',(-4.277996026179,4.277996026179));
#1511 = VECTOR('',#1512,1.);
#1512 = DIRECTION('',(0.707106781187,0.707106781187));
#1513 = ( GEOMETRIC_REPRESENTATION_CONTEXT(2) 
PARAMETRIC_REPRESENTATION_CONTEXT() REPRESENTATION_CONTEXT('2D SPACE',''
  ) );
#1514 = ORIENTED_EDGE('',*,*,#1515,.F.);
#1515 = EDGE_CURVE('',#401,#1493,#1516,.T.);
#1516 = SURFACE_CURVE('',#1517,(#1521,#1528),.PCURVE_S1.);
#1517 = LINE('',#1518,#1519);
#1518 = CARTESIAN_POINT('',(-57.,1.905992052357,39.65));
#1519 = VECTOR('',#1520,1.);
#1520 = DIRECTION('',(1.,0.,0.));
#1521 = PCURVE('',#444,#1522);
#1522 = DEFINITIONAL_REPRESENTATION('',(#1523),#1527);
#1523 = LINE('',#1524,#1525);
#1524 = CARTESIAN_POINT('',(3.354520189781,0.));
#1525 = VECTOR('',#1526,1.);
#1526 = DIRECTION('',(0.,-1.));
#1527 = ( GEOMETRIC_REPRESENTATION_CONTEXT(2) 
PARAMETRIC_REPRESENTATION_CONTEXT() REPRESENTATION_CONTEXT('2D SPACE',''
  ) );
#1528 = PCURVE('',#416,#1529);
#1529 = DEFINITIONAL_REPRESENTATION('',(#1530),#1534);
#1530 = LINE('',#1531,#1532);
#1531 = CARTESIAN_POINT('',(0.,0.));
#1532 = VECTOR('',#1533,1.);
#1533 = DIRECTION('',(0.,-1.));
#1534 = ( GEOMETRIC_REPRESENTATION_CONTEXT(2) 
PARAMETRIC_REPRESENTATION_CONTEXT() REPRESENTATION_CONTEXT('2D SPACE',''
  ) );
#1535 = ADVANCED_FACE('',(#1536),#416,.T.);
#1536 = FACE_BOUND('',#1537,.T.);
#1537 = EDGE_LOOP('',(#1538,#1539,#1540,#1563));
#1538 = ORIENTED_EDGE('',*,*,#400,.T.);
#1539 = ORIENTED_EDGE('',*,*,#1515,.T.);
#1540 = ORIENTED_EDGE('',*,*,#1541,.F.);
#1541 = EDGE_CURVE('',#1542,#1493,#1544,.T.);
#1542 = VERTEX_POINT('',#1543);
#1543 = CARTESIAN_POINT('',(-48.25,-1.905992052357,39.65));
#1544 = SURFACE_CURVE('',#1545,(#1549,#1556),.PCURVE_S1.);
#1545 = LINE('',#1546,#1547);
#1546 = CARTESIAN_POINT('',(-48.25,0.952996026179,39.65));
#1547 = VECTOR('',#1548,1.);
#1548 = DIRECTION('',(0.,1.,-1.224646799147E-16));
#1549 = PCURVE('',#416,#1550);
#1550 = DEFINITIONAL_REPRESENTATION('',(#1551),#1555);
#1551 = LINE('',#1552,#1553);
#1552 = CARTESIAN_POINT('',(0.952996026179,-8.75));
#1553 = VECTOR('',#1554,1.);
#1554 = DIRECTION('',(-1.,-0.));
#1555 = ( GEOMETRIC_REPRESENTATION_CONTEXT(2) 
PARAMETRIC_REPRESENTATION_CONTEXT() REPRESENTATION_CONTEXT('2D SPACE',''
  ) );
#1556 = PCURVE('',#1399,#1557);
#1557 = DEFINITIONAL_REPRESENTATION('',(#1558),#1562);
#1558 = LINE('',#1559,#1560);
#1559 = CARTESIAN_POINT('',(-6.65,0.952996026179));
#1560 = VECTOR('',#1561,1.);
#1561 = DIRECTION('',(0.,1.));
#1562 = ( GEOMETRIC_REPRESENTATION_CONTEXT(2) 
PARAMETRIC_REPRESENTATION_CONTEXT() REPRESENTATION_CONTEXT('2D SPACE',''
  ) );
#1563 = ORIENTED_EDGE('',*,*,#1564,.F.);
#1564 = EDGE_CURVE('',#373,#1542,#1565,.T.);
#1565 = SURFACE_CURVE('',#1566,(#1570,#1577),.PCURVE_S1.);
#1566 = LINE('',#1567,#1568);
#1567 = CARTESIAN_POINT('',(-57.,-1.905992052357,39.65));
#1568 = VECTOR('',#1569,1.);
#1569 = DIRECTION('',(1.,0.,0.));
#1570 = PCURVE('',#416,#1571);
#1571 = DEFINITIONAL_REPRESENTATION('',(#1572),#1576);
#1572 = LINE('',#1573,#1574);
#1573 = CARTESIAN_POINT('',(3.811984104714,0.));
#1574 = VECTOR('',#1575,1.);
#1575 = DIRECTION('',(0.,-1.));
#1576 = ( GEOMETRIC_REPRESENTATION_CONTEXT(2) 
PARAMETRIC_REPRESENTATION_CONTEXT() REPRESENTATION_CONTEXT('2D SPACE',''
  ) );
#1577 = PCURVE('',#388,#1578);
#1578 = DEFINITIONAL_REPRESENTATION('',(#1579),#1583);
#1579 = LINE('',#1580,#1581);
#1580 = CARTESIAN_POINT('',(0.,0.));
#1581 = VECTOR('',#1582,1.);
#1582 = DIRECTION('',(0.,-1.));
#1583 = ( GEOMETRIC_REPRESENTATION_CONTEXT(2) 
PARAMETRIC_REPRESENTATION_CONTEXT() REPRESENTATION_CONTEXT('2D SPACE',''
  ) );
#1584 = ADVANCED_FACE('',(#1585),#388,.T.);
#1585 = FACE_BOUND('',#1586,.T.);
#1586 = EDGE_LOOP('',(#1587,#1588,#1589,#1612));
#1587 = ORIENTED_EDGE('',*,*,#372,.T.);
#1588 = ORIENTED_EDGE('',*,*,#1564,.T.);
#1589 = ORIENTED_EDGE('',*,*,#1590,.F.);
#1590 = EDGE_CURVE('',#1591,#1542,#1593,.T.);
#1591 = VERTEX_POINT('',#1592);
#1592 = CARTESIAN_POINT('',(-48.25,-4.277996026179,37.277996026179));
#1593 = SURFACE_CURVE('',#1594,(#1598,#1605),.PCURVE_S1.);
#1594 = LINE('',#1595,#1596);
#1595 = CARTESIAN_POINT('',(-48.25,-3.091994039268,38.463998013089));
#1596 = VECTOR('',#1597,1.);
#1597 = DIRECTION('',(0.,0.707106781187,0.707106781187));
#1598 = PCURVE('',#388,#1599);
#1599 = DEFINITIONAL_REPRESENTATION('',(#1600),#1604);
#1600 = LINE('',#1601,#1602);
#1601 = CARTESIAN_POINT('',(1.677260094891,-8.75));
#1602 = VECTOR('',#1603,1.);
#1603 = DIRECTION('',(-1.,0.));
#1604 = ( GEOMETRIC_REPRESENTATION_CONTEXT(2) 
PARAMETRIC_REPRESENTATION_CONTEXT() REPRESENTATION_CONTEXT('2D SPACE',''
  ) );
#1605 = PCURVE('',#1399,#1606);
#1606 = DEFINITIONAL_REPRESENTATION('',(#1607),#1611);
#1607 = LINE('',#1608,#1609);
#1608 = CARTESIAN_POINT('',(-5.463998013089,-3.091994039268));
#1609 = VECTOR('',#1610,1.);
#1610 = DIRECTION('',(-0.707106781187,0.707106781187));
#1611 = ( GEOMETRIC_REPRESENTATION_CONTEXT(2) 
PARAMETRIC_REPRESENTATION_CONTEXT() REPRESENTATION_CONTEXT('2D SPACE',''
  ) );
#1612 = ORIENTED_EDGE('',*,*,#1613,.F.);
#1613 = EDGE_CURVE('',#340,#1591,#1614,.T.);
#1614 = SURFACE_CURVE('',#1615,(#1619,#1626),.PCURVE_S1.);
#1615 = LINE('',#1616,#1617);
#1616 = CARTESIAN_POINT('',(-57.,-4.277996026179,37.277996026179));
#1617 = VECTOR('',#1618,1.);
#1618 = DIRECTION('',(1.,0.,0.));
#1619 = PCURVE('',#388,#1620);
#1620 = DEFINITIONAL_REPRESENTATION('',(#1621),#1625);
#1621 = LINE('',#1622,#1623);
#1622 = CARTESIAN_POINT('',(3.354520189781,0.));
#1623 = VECTOR('',#1624,1.);
#1624 = DIRECTION('',(0.,-1.));
#1625 = ( GEOMETRIC_REPRESENTATION_CONTEXT(2) 
PARAMETRIC_REPRESENTATION_CONTEXT() REPRESENTATION_CONTEXT('2D SPACE',''
  ) );
#1626 = PCURVE('',#360,#1627);
#1627 = DEFINITIONAL_REPRESENTATION('',(#1628),#1632);
#1628 = LINE('',#1629,#1630);
#1629 = CARTESIAN_POINT('',(-5.497787143782,0.));
#1630 = VECTOR('',#1631,1.);
#1631 = DIRECTION('',(-0.,-1.));
#1632 = ( GEOMETRIC_REPRESENTATION_CONTEXT(2) 
PARAMETRIC_REPRESENTATION_CONTEXT() REPRESENTATION_CONTEXT('2D SPACE',''
  ) );
#1633 = ADVANCED_FACE('',(#1634),#360,.F.);
#1634 = FACE_BOUND('',#1635,.T.);
#1635 = EDGE_LOOP('',(#1636,#1637,#1638,#1639));
#1636 = ORIENTED_EDGE('',*,*,#1411,.T.);
#1637 = ORIENTED_EDGE('',*,*,#339,.T.);
#1638 = ORIENTED_EDGE('',*,*,#1613,.T.);
#1639 = ORIENTED_EDGE('',*,*,#1640,.F.);
#1640 = EDGE_CURVE('',#1384,#1591,#1641,.T.);
#1641 = SURFACE_CURVE('',#1642,(#1647,#1654),.PCURVE_S1.);
#1642 = CIRCLE('',#1643,6.05);
#1643 = AXIS2_PLACEMENT_3D('',#1644,#1645,#1646);
#1644 = CARTESIAN_POINT('',(-48.25,3.552713678801E-15,33.));
#1645 = DIRECTION('',(-1.,0.,0.));
#1646 = DIRECTION('',(0.,-1.,1.224646799147E-16));
#1647 = PCURVE('',#360,#1648);
#1648 = DEFINITIONAL_REPRESENTATION('',(#1649),#1653);
#1649 = LINE('',#1650,#1651);
#1650 = CARTESIAN_POINT('',(-12.56637061435,-8.75));
#1651 = VECTOR('',#1652,1.);
#1652 = DIRECTION('',(1.,-0.));
#1653 = ( GEOMETRIC_REPRESENTATION_CONTEXT(2) 
PARAMETRIC_REPRESENTATION_CONTEXT() REPRESENTATION_CONTEXT('2D SPACE',''
  ) );
#1654 = PCURVE('',#1399,#1655);
#1655 = DEFINITIONAL_REPRESENTATION('',(#1656),#1664);
#1656 = ( BOUNDED_CURVE() B_SPLINE_CURVE(2,(#1657,#1658,#1659,#1660,
#1661,#1662,#1663),.UNSPECIFIED.,.T.,.F.) B_SPLINE_CURVE_WITH_KNOTS((1,2
    ,2,2,2,1),(-2.094395102393,0.,2.094395102393,4.188790204786,
6.28318530718,8.377580409573),.UNSPECIFIED.) CURVE() 
GEOMETRIC_REPRESENTATION_ITEM() RATIONAL_B_SPLINE_CURVE((1.,0.5,1.,0.5,
1.,0.5,1.)) REPRESENTATION_ITEM('') );
#1657 = CARTESIAN_POINT('',(0.,-6.05));
#1658 = CARTESIAN_POINT('',(-10.47890738579,-6.05));
#1659 = CARTESIAN_POINT('',(-5.239453692896,3.025));
#1660 = CARTESIAN_POINT('',(-1.481822626968E-15,12.1));
#1661 = CARTESIAN_POINT('',(5.239453692896,3.025));
#1662 = CARTESIAN_POINT('',(10.478907385792,-6.05));
#1663 = CARTESIAN_POINT('',(0.,-6.05));
#1664 = ( GEOMETRIC_REPRESENTATION_CONTEXT(2) 
PARAMETRIC_REPRESENTATION_CONTEXT() REPRESENTATION_CONTEXT('2D SPACE',''
  ) );
#1665 = ADVANCED_FACE('',(#1666,#1807),#508,.T.);
#1666 = FACE_BOUND('',#1667,.T.);
#1667 = EDGE_LOOP('',(#1668,#1669,#1670,#1671,#1694,#1723,#1751,#1784,
    #1805,#1806));
#1668 = ORIENTED_EDGE('',*,*,#490,.F.);
#1669 = ORIENTED_EDGE('',*,*,#731,.F.);
#1670 = ORIENTED_EDGE('',*,*,#903,.T.);
#1671 = ORIENTED_EDGE('',*,*,#1672,.F.);
#1672 = EDGE_CURVE('',#1673,#904,#1675,.T.);
#1673 = VERTEX_POINT('',#1674);
#1674 = CARTESIAN_POINT('',(56.,22.,50.));
#1675 = SURFACE_CURVE('',#1676,(#1680,#1687),.PCURVE_S1.);
#1676 = LINE('',#1677,#1678);
#1677 = CARTESIAN_POINT('',(56.,22.,58.));
#1678 = VECTOR('',#1679,1.);
#1679 = DIRECTION('',(0.,-1.224646799147E-16,-1.));
#1680 = PCURVE('',#508,#1681);
#1681 = DEFINITIONAL_REPRESENTATION('',(#1682),#1686);
#1682 = LINE('',#1683,#1684);
#1683 = CARTESIAN_POINT('',(-53.,-2.));
#1684 = VECTOR('',#1685,1.);
#1685 = DIRECTION('',(1.,0.));
#1686 = ( GEOMETRIC_REPRESENTATION_CONTEXT(2) 
PARAMETRIC_REPRESENTATION_CONTEXT() REPRESENTATION_CONTEXT('2D SPACE',''
  ) );
#1687 = PCURVE('',#942,#1688);
#1688 = DEFINITIONAL_REPRESENTATION('',(#1689),#1693);
#1689 = LINE('',#1690,#1691);
#1690 = CARTESIAN_POINT('',(0.,6.));
#1691 = VECTOR('',#1692,1.);
#1692 = DIRECTION('',(1.,0.));
#1693 = ( GEOMETRIC_REPRESENTATION_CONTEXT(2) 
PARAMETRIC_REPRESENTATION_CONTEXT() REPRESENTATION_CONTEXT('2D SPACE',''
  ) );
#1694 = ORIENTED_EDGE('',*,*,#1695,.T.);
#1695 = EDGE_CURVE('',#1673,#1696,#1698,.T.);
#1696 = VERTEX_POINT('',#1697);
#1697 = CARTESIAN_POINT('',(56.,14.,58.));
#1698 = SURFACE_CURVE('',#1699,(#1704,#1711),.PCURVE_S1.);
#1699 = CIRCLE('',#1700,8.);
#1700 = AXIS2_PLACEMENT_3D('',#1701,#1702,#1703);
#1701 = CARTESIAN_POINT('',(56.,14.,50.));
#1702 = DIRECTION('',(1.,0.,0.));
#1703 = DIRECTION('',(0.,-1.224646799147E-16,-1.));
#1704 = PCURVE('',#508,#1705);
#1705 = DEFINITIONAL_REPRESENTATION('',(#1706),#1710);
#1706 = CIRCLE('',#1707,8.);
#1707 = AXIS2_PLACEMENT_2D('',#1708,#1709);
#1708 = CARTESIAN_POINT('',(-45.,-10.));
#1709 = DIRECTION('',(1.,0.));
#1710 = ( GEOMETRIC_REPRESENTATION_CONTEXT(2) 
PARAMETRIC_REPRESENTATION_CONTEXT() REPRESENTATION_CONTEXT('2D SPACE',''
  ) );
#1711 = PCURVE('',#1712,#1717);
#1712 = CYLINDRICAL_SURFACE('',#1713,8.);
#1713 = AXIS2_PLACEMENT_3D('',#1714,#1715,#1716);
#1714 = CARTESIAN_POINT('',(50.,14.,50.));
#1715 = DIRECTION('',(1.,0.,0.));
#1716 = DIRECTION('',(0.,1.,-1.224646799147E-16));
#1717 = DEFINITIONAL_REPRESENTATION('',(#1718),#1722);
#1718 = LINE('',#1719,#1720);
#1719 = CARTESIAN_POINT('',(-1.570796326795,6.));
#1720 = VECTOR('',#1721,1.);
#1721 = DIRECTION('',(1.,0.));
#1722 = ( GEOMETRIC_REPRESENTATION_CONTEXT(2) 
PARAMETRIC_REPRESENTATION_CONTEXT() REPRESENTATION_CONTEXT('2D SPACE',''
  ) );
#1723 = ORIENTED_EDGE('',*,*,#1724,.T.);
#1724 = EDGE_CURVE('',#1696,#1725,#1727,.T.);
#1725 = VERTEX_POINT('',#1726);
#1726 = CARTESIAN_POINT('',(56.,-14.,58.));
#1727 = SURFACE_CURVE('',#1728,(#1732,#1739),.PCURVE_S1.);
#1728 = LINE('',#1729,#1730);
#1729 = CARTESIAN_POINT('',(56.,22.,58.));
#1730 = VECTOR('',#1731,1.);
#1731 = DIRECTION('',(0.,-1.,1.224646799147E-16));
#1732 = PCURVE('',#508,#1733);
#1733 = DEFINITIONAL_REPRESENTATION('',(#1734),#1738);
#1734 = LINE('',#1735,#1736);
#1735 = CARTESIAN_POINT('',(-53.,-2.));
#1736 = VECTOR('',#1737,1.);
#1737 = DIRECTION('',(0.,-1.));
#1738 = ( GEOMETRIC_REPRESENTATION_CONTEXT(2) 
PARAMETRIC_REPRESENTATION_CONTEXT() REPRESENTATION_CONTEXT('2D SPACE',''
  ) );
#1739 = PCURVE('',#1740,#1745);
#1740 = PLANE('',#1741);
#1741 = AXIS2_PLACEMENT_3D('',#1742,#1743,#1744);
#1742 = CARTESIAN_POINT('',(50.,22.,58.));
#1743 = DIRECTION('',(0.,-1.224646799147E-16,-1.));
#1744 = DIRECTION('',(1.,0.,0.));
#1745 = DEFINITIONAL_REPRESENTATION('',(#1746),#1750);
#1746 = LINE('',#1747,#1748);
#1747 = CARTESIAN_POINT('',(6.,0.));
#1748 = VECTOR('',#1749,1.);
#1749 = DIRECTION('',(0.,1.));
#1750 = ( GEOMETRIC_REPRESENTATION_CONTEXT(2) 
PARAMETRIC_REPRESENTATION_CONTEXT() REPRESENTATION_CONTEXT('2D SPACE',''
  ) );
#1751 = ORIENTED_EDGE('',*,*,#1752,.F.);
#1752 = EDGE_CURVE('',#1753,#1725,#1755,.T.);
#1753 = VERTEX_POINT('',#1754);
#1754 = CARTESIAN_POINT('',(56.,-22.,50.));
#1755 = SURFACE_CURVE('',#1756,(#1761,#1772),.PCURVE_S1.);
#1756 = CIRCLE('',#1757,8.);
#1757 = AXIS2_PLACEMENT_3D('',#1758,#1759,#1760);
#1758 = CARTESIAN_POINT('',(56.,-14.,50.));
#1759 = DIRECTION('',(-1.,-0.,0.));
#1760 = DIRECTION('',(0.,-1.224646799147E-16,-1.));
#1761 = PCURVE('',#508,#1762);
#1762 = DEFINITIONAL_REPRESENTATION('',(#1763),#1771);
#1763 = ( BOUNDED_CURVE() B_SPLINE_CURVE(2,(#1764,#1765,#1766,#1767,
#1768,#1769,#1770),.UNSPECIFIED.,.T.,.F.) B_SPLINE_CURVE_WITH_KNOTS((1,2
    ,2,2,2,1),(-2.094395102393,0.,2.094395102393,4.188790204786,
6.28318530718,8.377580409573),.UNSPECIFIED.) CURVE() 
GEOMETRIC_REPRESENTATION_ITEM() RATIONAL_B_SPLINE_CURVE((1.,0.5,1.,0.5,
1.,0.5,1.)) REPRESENTATION_ITEM('') );
#1764 = CARTESIAN_POINT('',(-37.,-38.));
#1765 = CARTESIAN_POINT('',(-37.,-51.85640646055));
#1766 = CARTESIAN_POINT('',(-49.,-44.92820323027));
#1767 = CARTESIAN_POINT('',(-61.,-38.));
#1768 = CARTESIAN_POINT('',(-49.,-31.07179676972));
#1769 = CARTESIAN_POINT('',(-37.,-24.14359353944));
#1770 = CARTESIAN_POINT('',(-37.,-38.));
#1771 = ( GEOMETRIC_REPRESENTATION_CONTEXT(2) 
PARAMETRIC_REPRESENTATION_CONTEXT() REPRESENTATION_CONTEXT('2D SPACE',''
  ) );
#1772 = PCURVE('',#1773,#1778);
#1773 = CYLINDRICAL_SURFACE('',#1774,8.);
#1774 = AXIS2_PLACEMENT_3D('',#1775,#1776,#1777);
#1775 = CARTESIAN_POINT('',(50.,-14.,50.));
#1776 = DIRECTION('',(1.,0.,0.));
#1777 = DIRECTION('',(0.,-1.,1.224646799147E-16));
#1778 = DEFINITIONAL_REPRESENTATION('',(#1779),#1783);
#1779 = LINE('',#1780,#1781);
#1780 = CARTESIAN_POINT('',(1.570796326795,6.));
#1781 = VECTOR('',#1782,1.);
#1782 = DIRECTION('',(-1.,0.));
#1783 = ( GEOMETRIC_REPRESENTATION_CONTEXT(2) 
PARAMETRIC_REPRESENTATION_CONTEXT() REPRESENTATION_CONTEXT('2D SPACE',''
  ) );
#1784 = ORIENTED_EDGE('',*,*,#1785,.T.);
#1785 = EDGE_CURVE('',#1753,#805,#1786,.T.);
#1786 = SURFACE_CURVE('',#1787,(#1791,#1798),.PCURVE_S1.);
#1787 = LINE('',#1788,#1789);
#1788 = CARTESIAN_POINT('',(56.,-22.,58.));
#1789 = VECTOR('',#1790,1.);
#1790 = DIRECTION('',(0.,-1.224646799147E-16,-1.));
#1791 = PCURVE('',#508,#1792);
#1792 = DEFINITIONAL_REPRESENTATION('',(#1793),#1797);
#1793 = LINE('',#1794,#1795);
#1794 = CARTESIAN_POINT('',(-53.,-46.));
#1795 = VECTOR('',#1796,1.);
#1796 = DIRECTION('',(1.,0.));
#1797 = ( GEOMETRIC_REPRESENTATION_CONTEXT(2) 
PARAMETRIC_REPRESENTATION_CONTEXT() REPRESENTATION_CONTEXT('2D SPACE',''
  ) );
#1798 = PCURVE('',#996,#1799);
#1799 = DEFINITIONAL_REPRESENTATION('',(#1800),#1804);
#1800 = LINE('',#1801,#1802);
#1801 = CARTESIAN_POINT('',(0.,6.));
#1802 = VECTOR('',#1803,1.);
#1803 = DIRECTION('',(1.,0.));
#1804 = ( GEOMETRIC_REPRESENTATION_CONTEXT(2) 
PARAMETRIC_REPRESENTATION_CONTEXT() REPRESENTATION_CONTEXT('2D SPACE',''
  ) );
#1805 = ORIENTED_EDGE('',*,*,#804,.T.);
#1806 = ORIENTED_EDGE('',*,*,#780,.T.);
#1807 = FACE_BOUND('',#1808,.T.);
#1808 = EDGE_LOOP('',(#1809,#1844,#1872,#1900));
#1809 = ORIENTED_EDGE('',*,*,#1810,.T.);
#1810 = EDGE_CURVE('',#1811,#1813,#1815,.T.);
#1811 = VERTEX_POINT('',#1812);
#1812 = CARTESIAN_POINT('',(56.,4.277996026179,37.277996026179));
#1813 = VERTEX_POINT('',#1814);
#1814 = CARTESIAN_POINT('',(56.,-4.277996026179,37.277996026179));
#1815 = SURFACE_CURVE('',#1816,(#1821,#1832),.PCURVE_S1.);
#1816 = CIRCLE('',#1817,6.05);
#1817 = AXIS2_PLACEMENT_3D('',#1818,#1819,#1820);
#1818 = CARTESIAN_POINT('',(56.,3.552713678801E-15,33.));
#1819 = DIRECTION('',(-1.,0.,0.));
#1820 = DIRECTION('',(0.,0.707106781187,0.707106781187));
#1821 = PCURVE('',#508,#1822);
#1822 = DEFINITIONAL_REPRESENTATION('',(#1823),#1831);
#1823 = ( BOUNDED_CURVE() B_SPLINE_CURVE(2,(#1824,#1825,#1826,#1827,
#1828,#1829,#1830),.UNSPECIFIED.,.T.,.F.) B_SPLINE_CURVE_WITH_KNOTS((1,2
    ,2,2,2,1),(-2.094395102393,0.,2.094395102393,4.188790204786,
6.28318530718,8.377580409573),.UNSPECIFIED.) CURVE() 
GEOMETRIC_REPRESENTATION_ITEM() RATIONAL_B_SPLINE_CURVE((1.,0.5,1.,0.5,
1.,0.5,1.)) REPRESENTATION_ITEM('') );
#1824 = CARTESIAN_POINT('',(-32.27799602617,-19.72200397382));
#1825 = CARTESIAN_POINT('',(-24.86828955426,-12.3122975019));
#1826 = CARTESIAN_POINT('',(-22.15614875095,-22.43414477713));
#1827 = CARTESIAN_POINT('',(-19.44400794764,-32.55599205235));
#1828 = CARTESIAN_POINT('',(-29.56585522287,-29.84385124904));
#1829 = CARTESIAN_POINT('',(-39.68770249809,-27.13171044574));
#1830 = CARTESIAN_POINT('',(-32.27799602617,-19.72200397382));
#1831 = ( GEOMETRIC_REPRESENTATION_CONTEXT(2) 
PARAMETRIC_REPRESENTATION_CONTEXT() REPRESENTATION_CONTEXT('2D SPACE',''
  ) );
#1832 = PCURVE('',#1833,#1838);
#1833 = CYLINDRICAL_SURFACE('',#1834,6.05);
#1834 = AXIS2_PLACEMENT_3D('',#1835,#1836,#1837);
#1835 = CARTESIAN_POINT('',(47.5,3.552713678801E-15,33.));
#1836 = DIRECTION('',(-1.,0.,0.));
#1837 = DIRECTION('',(0.,-1.,1.224646799147E-16));
#1838 = DEFINITIONAL_REPRESENTATION('',(#1839),#1843);
#1839 = LINE('',#1840,#1841);
#1840 = CARTESIAN_POINT('',(-10.21017612416,-8.5));
#1841 = VECTOR('',#1842,1.);
#1842 = DIRECTION('',(1.,-0.));
#1843 = ( GEOMETRIC_REPRESENTATION_CONTEXT(2) 
PARAMETRIC_REPRESENTATION_CONTEXT() REPRESENTATION_CONTEXT('2D SPACE',''
  ) );
#1844 = ORIENTED_EDGE('',*,*,#1845,.T.);
#1845 = EDGE_CURVE('',#1813,#1846,#1848,.T.);
#1846 = VERTEX_POINT('',#1847);
#1847 = CARTESIAN_POINT('',(56.,-1.905992052357,39.65));
#1848 = SURFACE_CURVE('',#1849,(#1853,#1860),.PCURVE_S1.);
#1849 = LINE('',#1850,#1851);
#1850 = CARTESIAN_POINT('',(56.,-4.091994039268,37.463998013089));
#1851 = VECTOR('',#1852,1.);
#1852 = DIRECTION('',(0.,0.707106781187,0.707106781187));
#1853 = PCURVE('',#508,#1854);
#1854 = DEFINITIONAL_REPRESENTATION('',(#1855),#1859);
#1855 = LINE('',#1856,#1857);
#1856 = CARTESIAN_POINT('',(-32.46399801308,-28.09199403926));
#1857 = VECTOR('',#1858,1.);
#1858 = DIRECTION('',(-0.707106781187,0.707106781187));
#1859 = ( GEOMETRIC_REPRESENTATION_CONTEXT(2) 
PARAMETRIC_REPRESENTATION_CONTEXT() REPRESENTATION_CONTEXT('2D SPACE',''
  ) );
#1860 = PCURVE('',#1861,#1866);
#1861 = PLANE('',#1862);
#1862 = AXIS2_PLACEMENT_3D('',#1863,#1864,#1865);
#1863 = CARTESIAN_POINT('',(47.5,-1.905992052357,39.65));
#1864 = DIRECTION('',(0.,0.707106781187,-0.707106781187));
#1865 = DIRECTION('',(0.,-0.707106781187,-0.707106781187));
#1866 = DEFINITIONAL_REPRESENTATION('',(#1867),#1871);
#1867 = LINE('',#1868,#1869);
#1868 = CARTESIAN_POINT('',(3.091473657264,-8.5));
#1869 = VECTOR('',#1870,1.);
#1870 = DIRECTION('',(-1.,0.));
#1871 = ( GEOMETRIC_REPRESENTATION_CONTEXT(2) 
PARAMETRIC_REPRESENTATION_CONTEXT() REPRESENTATION_CONTEXT('2D SPACE',''
  ) );
#1872 = ORIENTED_EDGE('',*,*,#1873,.T.);
#1873 = EDGE_CURVE('',#1846,#1874,#1876,.T.);
#1874 = VERTEX_POINT('',#1875);
#1875 = CARTESIAN_POINT('',(56.,1.905992052357,39.65));
#1876 = SURFACE_CURVE('',#1877,(#1881,#1888),.PCURVE_S1.);
#1877 = LINE('',#1878,#1879);
#1878 = CARTESIAN_POINT('',(56.,12.952996026179,39.65));
#1879 = VECTOR('',#1880,1.);
#1880 = DIRECTION('',(0.,1.,-1.224646799147E-16));
#1881 = PCURVE('',#508,#1882);
#1882 = DEFINITIONAL_REPRESENTATION('',(#1883),#1887);
#1883 = LINE('',#1884,#1885);
#1884 = CARTESIAN_POINT('',(-34.65,-11.04700397382));
#1885 = VECTOR('',#1886,1.);
#1886 = DIRECTION('',(0.,1.));
#1887 = ( GEOMETRIC_REPRESENTATION_CONTEXT(2) 
PARAMETRIC_REPRESENTATION_CONTEXT() REPRESENTATION_CONTEXT('2D SPACE',''
  ) );
#1888 = PCURVE('',#1889,#1894);
#1889 = PLANE('',#1890);
#1890 = AXIS2_PLACEMENT_3D('',#1891,#1892,#1893);
#1891 = CARTESIAN_POINT('',(47.5,1.905992052357,39.65));
#1892 = DIRECTION('',(0.,-1.224646799147E-16,-1.));
#1893 = DIRECTION('',(0.,-1.,1.224646799147E-16));
#1894 = DEFINITIONAL_REPRESENTATION('',(#1895),#1899);
#1895 = LINE('',#1896,#1897);
#1896 = CARTESIAN_POINT('',(-11.04700397382,-8.5));
#1897 = VECTOR('',#1898,1.);
#1898 = DIRECTION('',(-1.,-0.));
#1899 = ( GEOMETRIC_REPRESENTATION_CONTEXT(2) 
PARAMETRIC_REPRESENTATION_CONTEXT() REPRESENTATION_CONTEXT('2D SPACE',''
  ) );
#1900 = ORIENTED_EDGE('',*,*,#1901,.T.);
#1901 = EDGE_CURVE('',#1874,#1811,#1902,.T.);
#1902 = SURFACE_CURVE('',#1903,(#1907,#1914),.PCURVE_S1.);
#1903 = LINE('',#1904,#1905);
#1904 = CARTESIAN_POINT('',(56.,17.277996026179,24.277996026179));
#1905 = VECTOR('',#1906,1.);
#1906 = DIRECTION('',(0.,0.707106781187,-0.707106781187));
#1907 = PCURVE('',#508,#1908);
#1908 = DEFINITIONAL_REPRESENTATION('',(#1909),#1913);
#1909 = LINE('',#1910,#1911);
#1910 = CARTESIAN_POINT('',(-19.27799602617,-6.722003973821));
#1911 = VECTOR('',#1912,1.);
#1912 = DIRECTION('',(0.707106781187,0.707106781187));
#1913 = ( GEOMETRIC_REPRESENTATION_CONTEXT(2) 
PARAMETRIC_REPRESENTATION_CONTEXT() REPRESENTATION_CONTEXT('2D SPACE',''
  ) );
#1914 = PCURVE('',#1915,#1920);
#1915 = PLANE('',#1916);
#1916 = AXIS2_PLACEMENT_3D('',#1917,#1918,#1919);
#1917 = CARTESIAN_POINT('',(47.5,4.277996026179,37.277996026179));
#1918 = DIRECTION('',(0.,-0.707106781187,-0.707106781187));
#1919 = DIRECTION('',(0.,-0.707106781187,0.707106781187));
#1920 = DEFINITIONAL_REPRESENTATION('',(#1921),#1925);
#1921 = LINE('',#1922,#1923);
#1922 = CARTESIAN_POINT('',(-18.38477631085,-8.5));
#1923 = VECTOR('',#1924,1.);
#1924 = DIRECTION('',(-1.,0.));
#1925 = ( GEOMETRIC_REPRESENTATION_CONTEXT(2) 
PARAMETRIC_REPRESENTATION_CONTEXT() REPRESENTATION_CONTEXT('2D SPACE',''
  ) );
#1926 = ADVANCED_FACE('',(#1927),#586,.F.);
#1927 = FACE_BOUND('',#1928,.T.);
#1928 = EDGE_LOOP('',(#1929,#1930,#1951,#1952));
#1929 = ORIENTED_EDGE('',*,*,#1010,.T.);
#1930 = ORIENTED_EDGE('',*,*,#1931,.T.);
#1931 = EDGE_CURVE('',#1011,#566,#1932,.T.);
#1932 = SEAM_CURVE('',#1933,(#1937,#1944),.PCURVE_S1.);
#1933 = LINE('',#1934,#1935);
#1934 = CARTESIAN_POINT('',(-42.6,14.,6.));
#1935 = VECTOR('',#1936,1.);
#1936 = DIRECTION('',(0.,-1.224646799147E-16,-1.));
#1937 = PCURVE('',#586,#1938);
#1938 = DEFINITIONAL_REPRESENTATION('',(#1939),#1943);
#1939 = LINE('',#1940,#1941);
#1940 = CARTESIAN_POINT('',(-6.28318530718,0.));
#1941 = VECTOR('',#1942,1.);
#1942 = DIRECTION('',(-0.,-1.));
#1943 = ( GEOMETRIC_REPRESENTATION_CONTEXT(2) 
PARAMETRIC_REPRESENTATION_CONTEXT() REPRESENTATION_CONTEXT('2D SPACE',''
  ) );
#1944 = PCURVE('',#586,#1945);
#1945 = DEFINITIONAL_REPRESENTATION('',(#1946),#1950);
#1946 = LINE('',#1947,#1948);
#1947 = CARTESIAN_POINT('',(-0.,0.));
#1948 = VECTOR('',#1949,1.);
#1949 = DIRECTION('',(-0.,-1.));
#1950 = ( GEOMETRIC_REPRESENTATION_CONTEXT(2) 
PARAMETRIC_REPRESENTATION_CONTEXT() REPRESENTATION_CONTEXT('2D SPACE',''
  ) );
#1951 = ORIENTED_EDGE('',*,*,#565,.F.);
#1952 = ORIENTED_EDGE('',*,*,#1931,.F.);
#1953 = ADVANCED_FACE('',(#1954),#621,.F.);
#1954 = FACE_BOUND('',#1955,.T.);
#1955 = EDGE_LOOP('',(#1956,#1957,#1978,#1979));
#1956 = ORIENTED_EDGE('',*,*,#1040,.T.);
#1957 = ORIENTED_EDGE('',*,*,#1958,.T.);
#1958 = EDGE_CURVE('',#1041,#601,#1959,.T.);
#1959 = SEAM_CURVE('',#1960,(#1964,#1971),.PCURVE_S1.);
#1960 = LINE('',#1961,#1962);
#1961 = CARTESIAN_POINT('',(45.4,14.,6.));
#1962 = VECTOR('',#1963,1.);
#1963 = DIRECTION('',(0.,-1.224646799147E-16,-1.));
#1964 = PCURVE('',#621,#1965);
#1965 = DEFINITIONAL_REPRESENTATION('',(#1966),#1970);
#1966 = LINE('',#1967,#1968);
#1967 = CARTESIAN_POINT('',(-6.28318530718,0.));
#1968 = VECTOR('',#1969,1.);
#1969 = DIRECTION('',(-0.,-1.));
#1970 = ( GEOMETRIC_REPRESENTATION_CONTEXT(2) 
PARAMETRIC_REPRESENTATION_CONTEXT() REPRESENTATION_CONTEXT('2D SPACE',''
  ) );
#1971 = PCURVE('',#621,#1972);
#1972 = DEFINITIONAL_REPRESENTATION('',(#1973),#1977);
#1973 = LINE('',#1974,#1975);
#1974 = CARTESIAN_POINT('',(-0.,0.));
#1975 = VECTOR('',#1976,1.);
#1976 = DIRECTION('',(-0.,-1.));
#1977 = ( GEOMETRIC_REPRESENTATION_CONTEXT(2) 
PARAMETRIC_REPRESENTATION_CONTEXT() REPRESENTATION_CONTEXT('2D SPACE',''
  ) );
#1978 = ORIENTED_EDGE('',*,*,#600,.F.);
#1979 = ORIENTED_EDGE('',*,*,#1958,.F.);
#1980 = ADVANCED_FACE('',(#1981),#656,.F.);
#1981 = FACE_BOUND('',#1982,.T.);
#1982 = EDGE_LOOP('',(#1983,#1984,#2005,#2006));
#1983 = ORIENTED_EDGE('',*,*,#1070,.T.);
#1984 = ORIENTED_EDGE('',*,*,#1985,.T.);
#1985 = EDGE_CURVE('',#1071,#636,#1986,.T.);
#1986 = SEAM_CURVE('',#1987,(#1991,#1998),.PCURVE_S1.);
#1987 = LINE('',#1988,#1989);
#1988 = CARTESIAN_POINT('',(-42.6,-14.,6.));
#1989 = VECTOR('',#1990,1.);
#1990 = DIRECTION('',(0.,-1.224646799147E-16,-1.));
#1991 = PCURVE('',#656,#1992);
#1992 = DEFINITIONAL_REPRESENTATION('',(#1993),#1997);
#1993 = LINE('',#1994,#1995);
#1994 = CARTESIAN_POINT('',(-6.28318530718,0.));
#1995 = VECTOR('',#1996,1.);
#1996 = DIRECTION('',(-0.,-1.));
#1997 = ( GEOMETRIC_REPRESENTATION_CONTEXT(2) 
PARAMETRIC_REPRESENTATION_CONTEXT() REPRESENTATION_CONTEXT('2D SPACE',''
  ) );
#1998 = PCURVE('',#656,#1999);
#1999 = DEFINITIONAL_REPRESENTATION('',(#2000),#2004);
#2000 = LINE('',#2001,#2002);
#2001 = CARTESIAN_POINT('',(-0.,0.));
#2002 = VECTOR('',#2003,1.);
#2003 = DIRECTION('',(-0.,-1.));
#2004 = ( GEOMETRIC_REPRESENTATION_CONTEXT(2) 
PARAMETRIC_REPRESENTATION_CONTEXT() REPRESENTATION_CONTEXT('2D SPACE',''
  ) );
#2005 = ORIENTED_EDGE('',*,*,#635,.F.);
#2006 = ORIENTED_EDGE('',*,*,#1985,.F.);
#2007 = ADVANCED_FACE('',(#2008),#691,.F.);
#2008 = FACE_BOUND('',#2009,.T.);
#2009 = EDGE_LOOP('',(#2010,#2011,#2032,#2033));
#2010 = ORIENTED_EDGE('',*,*,#1100,.T.);
#2011 = ORIENTED_EDGE('',*,*,#2012,.T.);
#2012 = EDGE_CURVE('',#1101,#671,#2013,.T.);
#2013 = SEAM_CURVE('',#2014,(#2018,#2025),.PCURVE_S1.);
#2014 = LINE('',#2015,#2016);
#2015 = CARTESIAN_POINT('',(45.4,-14.,6.));
#2016 = VECTOR('',#2017,1.);
#2017 = DIRECTION('',(0.,-1.224646799147E-16,-1.));
#2018 = PCURVE('',#691,#2019);
#2019 = DEFINITIONAL_REPRESENTATION('',(#2020),#2024);
#2020 = LINE('',#2021,#2022);
#2021 = CARTESIAN_POINT('',(-6.28318530718,0.));
#2022 = VECTOR('',#2023,1.);
#2023 = DIRECTION('',(-0.,-1.));
#2024 = ( GEOMETRIC_REPRESENTATION_CONTEXT(2) 
PARAMETRIC_REPRESENTATION_CONTEXT() REPRESENTATION_CONTEXT('2D SPACE',''
  ) );
#2025 = PCURVE('',#691,#2026);
#2026 = DEFINITIONAL_REPRESENTATION('',(#2027),#2031);
#2027 = LINE('',#2028,#2029);
#2028 = CARTESIAN_POINT('',(-0.,0.));
#2029 = VECTOR('',#2030,1.);
#2030 = DIRECTION('',(-0.,-1.));
#2031 = ( GEOMETRIC_REPRESENTATION_CONTEXT(2) 
PARAMETRIC_REPRESENTATION_CONTEXT() REPRESENTATION_CONTEXT('2D SPACE',''
  ) );
#2032 = ORIENTED_EDGE('',*,*,#670,.F.);
#2033 = ORIENTED_EDGE('',*,*,#2012,.F.);
#2034 = ADVANCED_FACE('',(#2035),#996,.T.);
#2035 = FACE_BOUND('',#2036,.T.);
#2036 = EDGE_LOOP('',(#2037,#2038,#2061,#2082));
#2037 = ORIENTED_EDGE('',*,*,#1785,.F.);
#2038 = ORIENTED_EDGE('',*,*,#2039,.F.);
#2039 = EDGE_CURVE('',#2040,#1753,#2042,.T.);
#2040 = VERTEX_POINT('',#2041);
#2041 = CARTESIAN_POINT('',(50.,-22.,50.));
#2042 = SURFACE_CURVE('',#2043,(#2047,#2054),.PCURVE_S1.);
#2043 = LINE('',#2044,#2045);
#2044 = CARTESIAN_POINT('',(50.,-22.,50.));
#2045 = VECTOR('',#2046,1.);
#2046 = DIRECTION('',(1.,0.,0.));
#2047 = PCURVE('',#996,#2048);
#2048 = DEFINITIONAL_REPRESENTATION('',(#2049),#2053);
#2049 = LINE('',#2050,#2051);
#2050 = CARTESIAN_POINT('',(8.,0.));
#2051 = VECTOR('',#2052,1.);
#2052 = DIRECTION('',(0.,1.));
#2053 = ( GEOMETRIC_REPRESENTATION_CONTEXT(2) 
PARAMETRIC_REPRESENTATION_CONTEXT() REPRESENTATION_CONTEXT('2D SPACE',''
  ) );
#2054 = PCURVE('',#1773,#2055);
#2055 = DEFINITIONAL_REPRESENTATION('',(#2056),#2060);
#2056 = LINE('',#2057,#2058);
#2057 = CARTESIAN_POINT('',(-0.,0.));
#2058 = VECTOR('',#2059,1.);
#2059 = DIRECTION('',(-0.,1.));
#2060 = ( GEOMETRIC_REPRESENTATION_CONTEXT(2) 
PARAMETRIC_REPRESENTATION_CONTEXT() REPRESENTATION_CONTEXT('2D SPACE',''
  ) );
#2061 = ORIENTED_EDGE('',*,*,#2062,.T.);
#2062 = EDGE_CURVE('',#2040,#955,#2063,.T.);
#2063 = SURFACE_CURVE('',#2064,(#2068,#2075),.PCURVE_S1.);
#2064 = LINE('',#2065,#2066);
#2065 = CARTESIAN_POINT('',(50.,-22.,58.));
#2066 = VECTOR('',#2067,1.);
#2067 = DIRECTION('',(0.,-1.224646799147E-16,-1.));
#2068 = PCURVE('',#996,#2069);
#2069 = DEFINITIONAL_REPRESENTATION('',(#2070),#2074);
#2070 = LINE('',#2071,#2072);
#2071 = CARTESIAN_POINT('',(0.,0.));
#2072 = VECTOR('',#2073,1.);
#2073 = DIRECTION('',(1.,0.));
#2074 = ( GEOMETRIC_REPRESENTATION_CONTEXT(2) 
PARAMETRIC_REPRESENTATION_CONTEXT() REPRESENTATION_CONTEXT('2D SPACE',''
  ) );
#2075 = PCURVE('',#970,#2076);
#2076 = DEFINITIONAL_REPRESENTATION('',(#2077),#2081);
#2077 = LINE('',#2078,#2079);
#2078 = CARTESIAN_POINT('',(5.388445916248E-15,-44.));
#2079 = VECTOR('',#2080,1.);
#2080 = DIRECTION('',(1.,0.));
#2081 = ( GEOMETRIC_REPRESENTATION_CONTEXT(2) 
PARAMETRIC_REPRESENTATION_CONTEXT() REPRESENTATION_CONTEXT('2D SPACE',''
  ) );
#2082 = ORIENTED_EDGE('',*,*,#982,.F.);
#2083 = ADVANCED_FACE('',(#2084,#2184),#970,.F.);
#2084 = FACE_BOUND('',#2085,.F.);
#2085 = EDGE_LOOP('',(#2086,#2109,#2133,#2156,#2182,#2183));
#2086 = ORIENTED_EDGE('',*,*,#2087,.F.);
#2087 = EDGE_CURVE('',#2088,#927,#2090,.T.);
#2088 = VERTEX_POINT('',#2089);
#2089 = CARTESIAN_POINT('',(50.,22.,50.));
#2090 = SURFACE_CURVE('',#2091,(#2095,#2102),.PCURVE_S1.);
#2091 = LINE('',#2092,#2093);
#2092 = CARTESIAN_POINT('',(50.,22.,58.));
#2093 = VECTOR('',#2094,1.);
#2094 = DIRECTION('',(0.,-1.224646799147E-16,-1.));
#2095 = PCURVE('',#970,#2096);
#2096 = DEFINITIONAL_REPRESENTATION('',(#2097),#2101);
#2097 = LINE('',#2098,#2099);
#2098 = CARTESIAN_POINT('',(0.,0.));
#2099 = VECTOR('',#2100,1.);
#2100 = DIRECTION('',(1.,0.));
#2101 = ( GEOMETRIC_REPRESENTATION_CONTEXT(2) 
PARAMETRIC_REPRESENTATION_CONTEXT() REPRESENTATION_CONTEXT('2D SPACE',''
  ) );
#2102 = PCURVE('',#942,#2103);
#2103 = DEFINITIONAL_REPRESENTATION('',(#2104),#2108);
#2104 = LINE('',#2105,#2106);
#2105 = CARTESIAN_POINT('',(0.,0.));
#2106 = VECTOR('',#2107,1.);
#2107 = DIRECTION('',(1.,0.));
#2108 = ( GEOMETRIC_REPRESENTATION_CONTEXT(2) 
PARAMETRIC_REPRESENTATION_CONTEXT() REPRESENTATION_CONTEXT('2D SPACE',''
  ) );
#2109 = ORIENTED_EDGE('',*,*,#2110,.T.);
#2110 = EDGE_CURVE('',#2088,#2111,#2113,.T.);
#2111 = VERTEX_POINT('',#2112);
#2112 = CARTESIAN_POINT('',(50.,14.,58.));
#2113 = SURFACE_CURVE('',#2114,(#2119,#2126),.PCURVE_S1.);
#2114 = CIRCLE('',#2115,8.);
#2115 = AXIS2_PLACEMENT_3D('',#2116,#2117,#2118);
#2116 = CARTESIAN_POINT('',(50.,14.,50.));
#2117 = DIRECTION('',(1.,0.,0.));
#2118 = DIRECTION('',(0.,-1.224646799147E-16,-1.));
#2119 = PCURVE('',#970,#2120);
#2120 = DEFINITIONAL_REPRESENTATION('',(#2121),#2125);
#2121 = CIRCLE('',#2122,8.);
#2122 = AXIS2_PLACEMENT_2D('',#2123,#2124);
#2123 = CARTESIAN_POINT('',(8.,-8.));
#2124 = DIRECTION('',(1.,0.));
#2125 = ( GEOMETRIC_REPRESENTATION_CONTEXT(2) 
PARAMETRIC_REPRESENTATION_CONTEXT() REPRESENTATION_CONTEXT('2D SPACE',''
  ) );
#2126 = PCURVE('',#1712,#2127);
#2127 = DEFINITIONAL_REPRESENTATION('',(#2128),#2132);
#2128 = LINE('',#2129,#2130);
#2129 = CARTESIAN_POINT('',(-1.570796326795,0.));
#2130 = VECTOR('',#2131,1.);
#2131 = DIRECTION('',(1.,0.));
#2132 = ( GEOMETRIC_REPRESENTATION_CONTEXT(2) 
PARAMETRIC_REPRESENTATION_CONTEXT() REPRESENTATION_CONTEXT('2D SPACE',''
  ) );
#2133 = ORIENTED_EDGE('',*,*,#2134,.T.);
#2134 = EDGE_CURVE('',#2111,#2135,#2137,.T.);
#2135 = VERTEX_POINT('',#2136);
#2136 = CARTESIAN_POINT('',(50.,-14.,58.));
#2137 = SURFACE_CURVE('',#2138,(#2142,#2149),.PCURVE_S1.);
#2138 = LINE('',#2139,#2140);
#2139 = CARTESIAN_POINT('',(50.,22.,58.));
#2140 = VECTOR('',#2141,1.);
#2141 = DIRECTION('',(0.,-1.,1.224646799147E-16));
#2142 = PCURVE('',#970,#2143);
#2143 = DEFINITIONAL_REPRESENTATION('',(#2144),#2148);
#2144 = LINE('',#2145,#2146);
#2145 = CARTESIAN_POINT('',(0.,0.));
#2146 = VECTOR('',#2147,1.);
#2147 = DIRECTION('',(0.,-1.));
#2148 = ( GEOMETRIC_REPRESENTATION_CONTEXT(2) 
PARAMETRIC_REPRESENTATION_CONTEXT() REPRESENTATION_CONTEXT('2D SPACE',''
  ) );
#2149 = PCURVE('',#1740,#2150);
#2150 = DEFINITIONAL_REPRESENTATION('',(#2151),#2155);
#2151 = LINE('',#2152,#2153);
#2152 = CARTESIAN_POINT('',(0.,0.));
#2153 = VECTOR('',#2154,1.);
#2154 = DIRECTION('',(0.,1.));
#2155 = ( GEOMETRIC_REPRESENTATION_CONTEXT(2) 
PARAMETRIC_REPRESENTATION_CONTEXT() REPRESENTATION_CONTEXT('2D SPACE',''
  ) );
#2156 = ORIENTED_EDGE('',*,*,#2157,.F.);
#2157 = EDGE_CURVE('',#2040,#2135,#2158,.T.);
#2158 = SURFACE_CURVE('',#2159,(#2164,#2175),.PCURVE_S1.);
#2159 = CIRCLE('',#2160,8.);
#2160 = AXIS2_PLACEMENT_3D('',#2161,#2162,#2163);
#2161 = CARTESIAN_POINT('',(50.,-14.,50.));
#2162 = DIRECTION('',(-1.,-0.,0.));
#2163 = DIRECTION('',(0.,-1.224646799147E-16,-1.));
#2164 = PCURVE('',#970,#2165);
#2165 = DEFINITIONAL_REPRESENTATION('',(#2166),#2174);
#2166 = ( BOUNDED_CURVE() B_SPLINE_CURVE(2,(#2167,#2168,#2169,#2170,
#2171,#2172,#2173),.UNSPECIFIED.,.T.,.F.) B_SPLINE_CURVE_WITH_KNOTS((1,2
    ,2,2,2,1),(-2.094395102393,0.,2.094395102393,4.188790204786,
6.28318530718,8.377580409573),.UNSPECIFIED.) CURVE() 
GEOMETRIC_REPRESENTATION_ITEM() RATIONAL_B_SPLINE_CURVE((1.,0.5,1.,0.5,
1.,0.5,1.)) REPRESENTATION_ITEM('') );
#2167 = CARTESIAN_POINT('',(16.,-36.));
#2168 = CARTESIAN_POINT('',(16.,-49.85640646055));
#2169 = CARTESIAN_POINT('',(4.,-42.92820323027));
#2170 = CARTESIAN_POINT('',(-8.,-36.));
#2171 = CARTESIAN_POINT('',(4.,-29.07179676972));
#2172 = CARTESIAN_POINT('',(16.,-22.14359353944));
#2173 = CARTESIAN_POINT('',(16.,-36.));
#2174 = ( GEOMETRIC_REPRESENTATION_CONTEXT(2) 
PARAMETRIC_REPRESENTATION_CONTEXT() REPRESENTATION_CONTEXT('2D SPACE',''
  ) );
#2175 = PCURVE('',#1773,#2176);
#2176 = DEFINITIONAL_REPRESENTATION('',(#2177),#2181);
#2177 = LINE('',#2178,#2179);
#2178 = CARTESIAN_POINT('',(1.570796326795,-0.));
#2179 = VECTOR('',#2180,1.);
#2180 = DIRECTION('',(-1.,0.));
#2181 = ( GEOMETRIC_REPRESENTATION_CONTEXT(2) 
PARAMETRIC_REPRESENTATION_CONTEXT() REPRESENTATION_CONTEXT('2D SPACE',''
  ) );
#2182 = ORIENTED_EDGE('',*,*,#2062,.T.);
#2183 = ORIENTED_EDGE('',*,*,#954,.F.);
#2184 = FACE_BOUND('',#2185,.F.);
#2185 = EDGE_LOOP('',(#2186));
#2186 = ORIENTED_EDGE('',*,*,#2187,.T.);
#2187 = EDGE_CURVE('',#2188,#2188,#2190,.T.);
#2188 = VERTEX_POINT('',#2189);
#2189 = CARTESIAN_POINT('',(50.,-7.1,33.));
#2190 = SURFACE_CURVE('',#2191,(#2196,#2207),.PCURVE_S1.);
#2191 = CIRCLE('',#2192,7.1);
#2192 = AXIS2_PLACEMENT_3D('',#2193,#2194,#2195);
#2193 = CARTESIAN_POINT('',(50.,3.552713678801E-15,33.));
#2194 = DIRECTION('',(-1.,0.,0.));
#2195 = DIRECTION('',(0.,-1.,1.224646799147E-16));
#2196 = PCURVE('',#970,#2197);
#2197 = DEFINITIONAL_REPRESENTATION('',(#2198),#2206);
#2198 = ( BOUNDED_CURVE() B_SPLINE_CURVE(2,(#2199,#2200,#2201,#2202,
#2203,#2204,#2205),.UNSPECIFIED.,.T.,.F.) B_SPLINE_CURVE_WITH_KNOTS((1,2
    ,2,2,2,1),(-2.094395102393,0.,2.094395102393,4.188790204786,
6.28318530718,8.377580409573),.UNSPECIFIED.) CURVE() 
GEOMETRIC_REPRESENTATION_ITEM() RATIONAL_B_SPLINE_CURVE((1.,0.5,1.,0.5,
1.,0.5,1.)) REPRESENTATION_ITEM('') );
#2199 = CARTESIAN_POINT('',(25.,-29.1));
#2200 = CARTESIAN_POINT('',(12.702439266261,-29.1));
#2201 = CARTESIAN_POINT('',(18.85121963313,-18.45));
#2202 = CARTESIAN_POINT('',(25.,-7.8));
#2203 = CARTESIAN_POINT('',(31.14878036687,-18.45));
#2204 = CARTESIAN_POINT('',(37.297560733739,-29.1));
#2205 = CARTESIAN_POINT('',(25.,-29.1));
#2206 = ( GEOMETRIC_REPRESENTATION_CONTEXT(2) 
PARAMETRIC_REPRESENTATION_CONTEXT() REPRESENTATION_CONTEXT('2D SPACE',''
  ) );
#2207 = PCURVE('',#2208,#2213);
#2208 = CYLINDRICAL_SURFACE('',#2209,7.1);
#2209 = AXIS2_PLACEMENT_3D('',#2210,#2211,#2212);
#2210 = CARTESIAN_POINT('',(48.25,3.552713678801E-15,33.));
#2211 = DIRECTION('',(-1.,0.,0.));
#2212 = DIRECTION('',(0.,-1.,1.224646799147E-16));
#2213 = DEFINITIONAL_REPRESENTATION('',(#2214),#2218);
#2214 = LINE('',#2215,#2216);
#2215 = CARTESIAN_POINT('',(-6.28318530718,-1.75));
#2216 = VECTOR('',#2217,1.);
#2217 = DIRECTION('',(1.,-0.));
#2218 = ( GEOMETRIC_REPRESENTATION_CONTEXT(2) 
PARAMETRIC_REPRESENTATION_CONTEXT() REPRESENTATION_CONTEXT('2D SPACE',''
  ) );
#2219 = ADVANCED_FACE('',(#2220),#942,.F.);
#2220 = FACE_BOUND('',#2221,.F.);
#2221 = EDGE_LOOP('',(#2222,#2223,#2244,#2245));
#2222 = ORIENTED_EDGE('',*,*,#1672,.F.);
#2223 = ORIENTED_EDGE('',*,*,#2224,.F.);
#2224 = EDGE_CURVE('',#2088,#1673,#2225,.T.);
#2225 = SURFACE_CURVE('',#2226,(#2230,#2237),.PCURVE_S1.);
#2226 = LINE('',#2227,#2228);
#2227 = CARTESIAN_POINT('',(50.,22.,50.));
#2228 = VECTOR('',#2229,1.);
#2229 = DIRECTION('',(1.,0.,0.));
#2230 = PCURVE('',#942,#2231);
#2231 = DEFINITIONAL_REPRESENTATION('',(#2232),#2236);
#2232 = LINE('',#2233,#2234);
#2233 = CARTESIAN_POINT('',(8.,0.));
#2234 = VECTOR('',#2235,1.);
#2235 = DIRECTION('',(0.,1.));
#2236 = ( GEOMETRIC_REPRESENTATION_CONTEXT(2) 
PARAMETRIC_REPRESENTATION_CONTEXT() REPRESENTATION_CONTEXT('2D SPACE',''
  ) );
#2237 = PCURVE('',#1712,#2238);
#2238 = DEFINITIONAL_REPRESENTATION('',(#2239),#2243);
#2239 = LINE('',#2240,#2241);
#2240 = CARTESIAN_POINT('',(0.,0.));
#2241 = VECTOR('',#2242,1.);
#2242 = DIRECTION('',(0.,1.));
#2243 = ( GEOMETRIC_REPRESENTATION_CONTEXT(2) 
PARAMETRIC_REPRESENTATION_CONTEXT() REPRESENTATION_CONTEXT('2D SPACE',''
  ) );
#2244 = ORIENTED_EDGE('',*,*,#2087,.T.);
#2245 = ORIENTED_EDGE('',*,*,#926,.F.);
#2246 = ADVANCED_FACE('',(#2247,#2255),#868,.T.);
#2247 = FACE_BOUND('',#2248,.T.);
#2248 = EDGE_LOOP('',(#2249,#2250,#2251,#2252,#2253,#2254));
#2249 = ORIENTED_EDGE('',*,*,#1131,.F.);
#2250 = ORIENTED_EDGE('',*,*,#1253,.T.);
#2251 = ORIENTED_EDGE('',*,*,#1335,.T.);
#2252 = ORIENTED_EDGE('',*,*,#1303,.F.);
#2253 = ORIENTED_EDGE('',*,*,#1180,.T.);
#2254 = ORIENTED_EDGE('',*,*,#852,.F.);
#2255 = FACE_BOUND('',#2256,.T.);
#2256 = EDGE_LOOP('',(#2257));
#2257 = ORIENTED_EDGE('',*,*,#2258,.T.);
#2258 = EDGE_CURVE('',#2259,#2259,#2261,.T.);
#2259 = VERTEX_POINT('',#2260);
#2260 = CARTESIAN_POINT('',(-50.,-7.1,33.));
#2261 = SURFACE_CURVE('',#2262,(#2267,#2278),.PCURVE_S1.);
#2262 = CIRCLE('',#2263,7.1);
#2263 = AXIS2_PLACEMENT_3D('',#2264,#2265,#2266);
#2264 = CARTESIAN_POINT('',(-50.,3.552713678801E-15,33.));
#2265 = DIRECTION('',(-1.,0.,0.));
#2266 = DIRECTION('',(0.,-1.,1.224646799147E-16));
#2267 = PCURVE('',#868,#2268);
#2268 = DEFINITIONAL_REPRESENTATION('',(#2269),#2277);
#2269 = ( BOUNDED_CURVE() B_SPLINE_CURVE(2,(#2270,#2271,#2272,#2273,
#2274,#2275,#2276),.UNSPECIFIED.,.T.,.F.) B_SPLINE_CURVE_WITH_KNOTS((1,2
    ,2,2,2,1),(-2.094395102393,0.,2.094395102393,4.188790204786,
6.28318530718,8.377580409573),.UNSPECIFIED.) CURVE() 
GEOMETRIC_REPRESENTATION_ITEM() RATIONAL_B_SPLINE_CURVE((1.,0.5,1.,0.5,
1.,0.5,1.)) REPRESENTATION_ITEM('') );
#2270 = CARTESIAN_POINT('',(25.,-29.1));
#2271 = CARTESIAN_POINT('',(12.702439266261,-29.1));
#2272 = CARTESIAN_POINT('',(18.85121963313,-18.45));
#2273 = CARTESIAN_POINT('',(25.,-7.8));
#2274 = CARTESIAN_POINT('',(31.14878036687,-18.45));
#2275 = CARTESIAN_POINT('',(37.297560733739,-29.1));
#2276 = CARTESIAN_POINT('',(25.,-29.1));
#2277 = ( GEOMETRIC_REPRESENTATION_CONTEXT(2) 
PARAMETRIC_REPRESENTATION_CONTEXT() REPRESENTATION_CONTEXT('2D SPACE',''
  ) );
#2278 = PCURVE('',#2279,#2284);
#2279 = CYLINDRICAL_SURFACE('',#2280,7.1);
#2280 = AXIS2_PLACEMENT_3D('',#2281,#2282,#2283);
#2281 = CARTESIAN_POINT('',(-50.5,3.552713678801E-15,33.));
#2282 = DIRECTION('',(-1.,0.,0.));
#2283 = DIRECTION('',(0.,-1.,1.224646799147E-16));
#2284 = DEFINITIONAL_REPRESENTATION('',(#2285),#2289);
#2285 = LINE('',#2286,#2287);
#2286 = CARTESIAN_POINT('',(-6.28318530718,-0.5));
#2287 = VECTOR('',#2288,1.);
#2288 = DIRECTION('',(1.,-0.));
#2289 = ( GEOMETRIC_REPRESENTATION_CONTEXT(2) 
PARAMETRIC_REPRESENTATION_CONTEXT() REPRESENTATION_CONTEXT('2D SPACE',''
  ) );
#2290 = ADVANCED_FACE('',(#2291,#2317),#1399,.T.);
#2291 = FACE_BOUND('',#2292,.T.);
#2292 = EDGE_LOOP('',(#2293));
#2293 = ORIENTED_EDGE('',*,*,#2294,.T.);
#2294 = EDGE_CURVE('',#2295,#2295,#2297,.T.);
#2295 = VERTEX_POINT('',#2296);
#2296 = CARTESIAN_POINT('',(-48.25,-7.1,33.));
#2297 = SURFACE_CURVE('',#2298,(#2303,#2310),.PCURVE_S1.);
#2298 = CIRCLE('',#2299,7.1);
#2299 = AXIS2_PLACEMENT_3D('',#2300,#2301,#2302);
#2300 = CARTESIAN_POINT('',(-48.25,3.552713678801E-15,33.));
#2301 = DIRECTION('',(1.,0.,0.));
#2302 = DIRECTION('',(0.,-1.,1.224646799147E-16));
#2303 = PCURVE('',#1399,#2304);
#2304 = DEFINITIONAL_REPRESENTATION('',(#2305),#2309);
#2305 = CIRCLE('',#2306,7.1);
#2306 = AXIS2_PLACEMENT_2D('',#2307,#2308);
#2307 = CARTESIAN_POINT('',(0.,0.));
#2308 = DIRECTION('',(0.,-1.));
#2309 = ( GEOMETRIC_REPRESENTATION_CONTEXT(2) 
PARAMETRIC_REPRESENTATION_CONTEXT() REPRESENTATION_CONTEXT('2D SPACE',''
  ) );
#2310 = PCURVE('',#2279,#2311);
#2311 = DEFINITIONAL_REPRESENTATION('',(#2312),#2316);
#2312 = LINE('',#2313,#2314);
#2313 = CARTESIAN_POINT('',(-0.,-2.25));
#2314 = VECTOR('',#2315,1.);
#2315 = DIRECTION('',(-1.,0.));
#2316 = ( GEOMETRIC_REPRESENTATION_CONTEXT(2) 
PARAMETRIC_REPRESENTATION_CONTEXT() REPRESENTATION_CONTEXT('2D SPACE',''
  ) );
#2317 = FACE_BOUND('',#2318,.T.);
#2318 = EDGE_LOOP('',(#2319,#2320,#2321,#2322,#2323,#2324));
#2319 = ORIENTED_EDGE('',*,*,#1383,.F.);
#2320 = ORIENTED_EDGE('',*,*,#1640,.T.);
#2321 = ORIENTED_EDGE('',*,*,#1590,.T.);
#2322 = ORIENTED_EDGE('',*,*,#1541,.T.);
#2323 = ORIENTED_EDGE('',*,*,#1492,.T.);
#2324 = ORIENTED_EDGE('',*,*,#1461,.T.);
#2325 = ADVANCED_FACE('',(#2326),#1712,.T.);
#2326 = FACE_BOUND('',#2327,.T.);
#2327 = EDGE_LOOP('',(#2328,#2329,#2350,#2351));
#2328 = ORIENTED_EDGE('',*,*,#2110,.T.);
#2329 = ORIENTED_EDGE('',*,*,#2330,.T.);
#2330 = EDGE_CURVE('',#2111,#1696,#2331,.T.);
#2331 = SURFACE_CURVE('',#2332,(#2336,#2343),.PCURVE_S1.);
#2332 = LINE('',#2333,#2334);
#2333 = CARTESIAN_POINT('',(50.,14.,58.));
#2334 = VECTOR('',#2335,1.);
#2335 = DIRECTION('',(1.,0.,0.));
#2336 = PCURVE('',#1712,#2337);
#2337 = DEFINITIONAL_REPRESENTATION('',(#2338),#2342);
#2338 = LINE('',#2339,#2340);
#2339 = CARTESIAN_POINT('',(1.570796326795,0.));
#2340 = VECTOR('',#2341,1.);
#2341 = DIRECTION('',(0.,1.));
#2342 = ( GEOMETRIC_REPRESENTATION_CONTEXT(2) 
PARAMETRIC_REPRESENTATION_CONTEXT() REPRESENTATION_CONTEXT('2D SPACE',''
  ) );
#2343 = PCURVE('',#1740,#2344);
#2344 = DEFINITIONAL_REPRESENTATION('',(#2345),#2349);
#2345 = LINE('',#2346,#2347);
#2346 = CARTESIAN_POINT('',(0.,8.));
#2347 = VECTOR('',#2348,1.);
#2348 = DIRECTION('',(1.,0.));
#2349 = ( GEOMETRIC_REPRESENTATION_CONTEXT(2) 
PARAMETRIC_REPRESENTATION_CONTEXT() REPRESENTATION_CONTEXT('2D SPACE',''
  ) );
#2350 = ORIENTED_EDGE('',*,*,#1695,.F.);
#2351 = ORIENTED_EDGE('',*,*,#2224,.F.);
#2352 = ADVANCED_FACE('',(#2353),#1740,.F.);
#2353 = FACE_BOUND('',#2354,.F.);
#2354 = EDGE_LOOP('',(#2355,#2356,#2357,#2358));
#2355 = ORIENTED_EDGE('',*,*,#2134,.F.);
#2356 = ORIENTED_EDGE('',*,*,#2330,.T.);
#2357 = ORIENTED_EDGE('',*,*,#1724,.T.);
#2358 = ORIENTED_EDGE('',*,*,#2359,.F.);
#2359 = EDGE_CURVE('',#2135,#1725,#2360,.T.);
#2360 = SURFACE_CURVE('',#2361,(#2365,#2372),.PCURVE_S1.);
#2361 = LINE('',#2362,#2363);
#2362 = CARTESIAN_POINT('',(50.,-14.,58.));
#2363 = VECTOR('',#2364,1.);
#2364 = DIRECTION('',(1.,0.,0.));
#2365 = PCURVE('',#1740,#2366);
#2366 = DEFINITIONAL_REPRESENTATION('',(#2367),#2371);
#2367 = LINE('',#2368,#2369);
#2368 = CARTESIAN_POINT('',(0.,36.));
#2369 = VECTOR('',#2370,1.);
#2370 = DIRECTION('',(1.,0.));
#2371 = ( GEOMETRIC_REPRESENTATION_CONTEXT(2) 
PARAMETRIC_REPRESENTATION_CONTEXT() REPRESENTATION_CONTEXT('2D SPACE',''
  ) );
#2372 = PCURVE('',#1773,#2373);
#2373 = DEFINITIONAL_REPRESENTATION('',(#2374),#2378);
#2374 = LINE('',#2375,#2376);
#2375 = CARTESIAN_POINT('',(-1.570796326795,0.));
#2376 = VECTOR('',#2377,1.);
#2377 = DIRECTION('',(-0.,1.));
#2378 = ( GEOMETRIC_REPRESENTATION_CONTEXT(2) 
PARAMETRIC_REPRESENTATION_CONTEXT() REPRESENTATION_CONTEXT('2D SPACE',''
  ) );
#2379 = ADVANCED_FACE('',(#2380),#1773,.T.);
#2380 = FACE_BOUND('',#2381,.F.);
#2381 = EDGE_LOOP('',(#2382,#2383,#2384,#2385));
#2382 = ORIENTED_EDGE('',*,*,#2157,.T.);
#2383 = ORIENTED_EDGE('',*,*,#2359,.T.);
#2384 = ORIENTED_EDGE('',*,*,#1752,.F.);
#2385 = ORIENTED_EDGE('',*,*,#2039,.F.);
#2386 = ADVANCED_FACE('',(#2387),#1833,.F.);
#2387 = FACE_BOUND('',#2388,.T.);
#2388 = EDGE_LOOP('',(#2389,#2424,#2445,#2446));
#2389 = ORIENTED_EDGE('',*,*,#2390,.T.);
#2390 = EDGE_CURVE('',#2391,#2393,#2395,.T.);
#2391 = VERTEX_POINT('',#2392);
#2392 = CARTESIAN_POINT('',(48.25,4.277996026179,37.277996026179));
#2393 = VERTEX_POINT('',#2394);
#2394 = CARTESIAN_POINT('',(48.25,-4.277996026179,37.277996026179));
#2395 = SURFACE_CURVE('',#2396,(#2401,#2408),.PCURVE_S1.);
#2396 = CIRCLE('',#2397,6.05);
#2397 = AXIS2_PLACEMENT_3D('',#2398,#2399,#2400);
#2398 = CARTESIAN_POINT('',(48.25,3.552713678801E-15,33.));
#2399 = DIRECTION('',(-1.,0.,0.));
#2400 = DIRECTION('',(0.,0.707106781187,0.707106781187));
#2401 = PCURVE('',#1833,#2402);
#2402 = DEFINITIONAL_REPRESENTATION('',(#2403),#2407);
#2403 = LINE('',#2404,#2405);
#2404 = CARTESIAN_POINT('',(-10.21017612416,-0.75));
#2405 = VECTOR('',#2406,1.);
#2406 = DIRECTION('',(1.,-0.));
#2407 = ( GEOMETRIC_REPRESENTATION_CONTEXT(2) 
PARAMETRIC_REPRESENTATION_CONTEXT() REPRESENTATION_CONTEXT('2D SPACE',''
  ) );
#2408 = PCURVE('',#2409,#2414);
#2409 = PLANE('',#2410);
#2410 = AXIS2_PLACEMENT_3D('',#2411,#2412,#2413);
#2411 = CARTESIAN_POINT('',(48.25,3.552713678801E-15,33.));
#2412 = DIRECTION('',(1.,0.,0.));
#2413 = DIRECTION('',(0.,-1.224646799147E-16,-1.));
#2414 = DEFINITIONAL_REPRESENTATION('',(#2415),#2423);
#2415 = ( BOUNDED_CURVE() B_SPLINE_CURVE(2,(#2416,#2417,#2418,#2419,
#2420,#2421,#2422),.UNSPECIFIED.,.T.,.F.) B_SPLINE_CURVE_WITH_KNOTS((1,2
    ,2,2,2,1),(-2.094395102393,0.,2.094395102393,4.188790204786,
6.28318530718,8.377580409573),.UNSPECIFIED.) CURVE() 
GEOMETRIC_REPRESENTATION_ITEM() RATIONAL_B_SPLINE_CURVE((1.,0.5,1.,0.5,
1.,0.5,1.)) REPRESENTATION_ITEM('') );
#2416 = CARTESIAN_POINT('',(-4.277996026179,4.277996026179));
#2417 = CARTESIAN_POINT('',(3.13171044574,11.687702498098));
#2418 = CARTESIAN_POINT('',(5.843851249049,1.56585522287));
#2419 = CARTESIAN_POINT('',(8.555992052357,-8.555992052357));
#2420 = CARTESIAN_POINT('',(-1.56585522287,-5.843851249049));
#2421 = CARTESIAN_POINT('',(-11.68770249809,-3.131710445741));
#2422 = CARTESIAN_POINT('',(-4.277996026179,4.277996026179));
#2423 = ( GEOMETRIC_REPRESENTATION_CONTEXT(2) 
PARAMETRIC_REPRESENTATION_CONTEXT() REPRESENTATION_CONTEXT('2D SPACE',''
  ) );
#2424 = ORIENTED_EDGE('',*,*,#2425,.T.);
#2425 = EDGE_CURVE('',#2393,#1813,#2426,.T.);
#2426 = SURFACE_CURVE('',#2427,(#2431,#2438),.PCURVE_S1.);
#2427 = LINE('',#2428,#2429);
#2428 = CARTESIAN_POINT('',(47.5,-4.277996026179,37.277996026179));
#2429 = VECTOR('',#2430,1.);
#2430 = DIRECTION('',(1.,0.,0.));
#2431 = PCURVE('',#1833,#2432);
#2432 = DEFINITIONAL_REPRESENTATION('',(#2433),#2437);
#2433 = LINE('',#2434,#2435);
#2434 = CARTESIAN_POINT('',(-5.497787143782,0.));
#2435 = VECTOR('',#2436,1.);
#2436 = DIRECTION('',(-0.,-1.));
#2437 = ( GEOMETRIC_REPRESENTATION_CONTEXT(2) 
PARAMETRIC_REPRESENTATION_CONTEXT() REPRESENTATION_CONTEXT('2D SPACE',''
  ) );
#2438 = PCURVE('',#1861,#2439);
#2439 = DEFINITIONAL_REPRESENTATION('',(#2440),#2444);
#2440 = LINE('',#2441,#2442);
#2441 = CARTESIAN_POINT('',(3.354520189781,0.));
#2442 = VECTOR('',#2443,1.);
#2443 = DIRECTION('',(0.,-1.));
#2444 = ( GEOMETRIC_REPRESENTATION_CONTEXT(2) 
PARAMETRIC_REPRESENTATION_CONTEXT() REPRESENTATION_CONTEXT('2D SPACE',''
  ) );
#2445 = ORIENTED_EDGE('',*,*,#1810,.F.);
#2446 = ORIENTED_EDGE('',*,*,#2447,.F.);
#2447 = EDGE_CURVE('',#2391,#1811,#2448,.T.);
#2448 = SURFACE_CURVE('',#2449,(#2453,#2460),.PCURVE_S1.);
#2449 = LINE('',#2450,#2451);
#2450 = CARTESIAN_POINT('',(47.5,4.277996026179,37.277996026179));
#2451 = VECTOR('',#2452,1.);
#2452 = DIRECTION('',(1.,0.,0.));
#2453 = PCURVE('',#1833,#2454);
#2454 = DEFINITIONAL_REPRESENTATION('',(#2455),#2459);
#2455 = LINE('',#2456,#2457);
#2456 = CARTESIAN_POINT('',(-10.21017612416,0.));
#2457 = VECTOR('',#2458,1.);
#2458 = DIRECTION('',(-0.,-1.));
#2459 = ( GEOMETRIC_REPRESENTATION_CONTEXT(2) 
PARAMETRIC_REPRESENTATION_CONTEXT() REPRESENTATION_CONTEXT('2D SPACE',''
  ) );
#2460 = PCURVE('',#1915,#2461);
#2461 = DEFINITIONAL_REPRESENTATION('',(#2462),#2466);
#2462 = LINE('',#2463,#2464);
#2463 = CARTESIAN_POINT('',(0.,0.));
#2464 = VECTOR('',#2465,1.);
#2465 = DIRECTION('',(0.,-1.));
#2466 = ( GEOMETRIC_REPRESENTATION_CONTEXT(2) 
PARAMETRIC_REPRESENTATION_CONTEXT() REPRESENTATION_CONTEXT('2D SPACE',''
  ) );
#2467 = ADVANCED_FACE('',(#2468),#1861,.T.);
#2468 = FACE_BOUND('',#2469,.T.);
#2469 = EDGE_LOOP('',(#2470,#2493,#2514,#2515));
#2470 = ORIENTED_EDGE('',*,*,#2471,.T.);
#2471 = EDGE_CURVE('',#2393,#2472,#2474,.T.);
#2472 = VERTEX_POINT('',#2473);
#2473 = CARTESIAN_POINT('',(48.25,-1.905992052357,39.65));
#2474 = SURFACE_CURVE('',#2475,(#2479,#2486),.PCURVE_S1.);
#2475 = LINE('',#2476,#2477);
#2476 = CARTESIAN_POINT('',(48.25,-3.091994039268,38.463998013089));
#2477 = VECTOR('',#2478,1.);
#2478 = DIRECTION('',(0.,0.707106781187,0.707106781187));
#2479 = PCURVE('',#1861,#2480);
#2480 = DEFINITIONAL_REPRESENTATION('',(#2481),#2485);
#2481 = LINE('',#2482,#2483);
#2482 = CARTESIAN_POINT('',(1.677260094891,-0.75));
#2483 = VECTOR('',#2484,1.);
#2484 = DIRECTION('',(-1.,0.));
#2485 = ( GEOMETRIC_REPRESENTATION_CONTEXT(2) 
PARAMETRIC_REPRESENTATION_CONTEXT() REPRESENTATION_CONTEXT('2D SPACE',''
  ) );
#2486 = PCURVE('',#2409,#2487);
#2487 = DEFINITIONAL_REPRESENTATION('',(#2488),#2492);
#2488 = LINE('',#2489,#2490);
#2489 = CARTESIAN_POINT('',(-5.463998013089,-3.091994039268));
#2490 = VECTOR('',#2491,1.);
#2491 = DIRECTION('',(-0.707106781187,0.707106781187));
#2492 = ( GEOMETRIC_REPRESENTATION_CONTEXT(2) 
PARAMETRIC_REPRESENTATION_CONTEXT() REPRESENTATION_CONTEXT('2D SPACE',''
  ) );
#2493 = ORIENTED_EDGE('',*,*,#2494,.T.);
#2494 = EDGE_CURVE('',#2472,#1846,#2495,.T.);
#2495 = SURFACE_CURVE('',#2496,(#2500,#2507),.PCURVE_S1.);
#2496 = LINE('',#2497,#2498);
#2497 = CARTESIAN_POINT('',(47.5,-1.905992052357,39.65));
#2498 = VECTOR('',#2499,1.);
#2499 = DIRECTION('',(1.,0.,0.));
#2500 = PCURVE('',#1861,#2501);
#2501 = DEFINITIONAL_REPRESENTATION('',(#2502),#2506);
#2502 = LINE('',#2503,#2504);
#2503 = CARTESIAN_POINT('',(0.,0.));
#2504 = VECTOR('',#2505,1.);
#2505 = DIRECTION('',(0.,-1.));
#2506 = ( GEOMETRIC_REPRESENTATION_CONTEXT(2) 
PARAMETRIC_REPRESENTATION_CONTEXT() REPRESENTATION_CONTEXT('2D SPACE',''
  ) );
#2507 = PCURVE('',#1889,#2508);
#2508 = DEFINITIONAL_REPRESENTATION('',(#2509),#2513);
#2509 = LINE('',#2510,#2511);
#2510 = CARTESIAN_POINT('',(3.811984104714,0.));
#2511 = VECTOR('',#2512,1.);
#2512 = DIRECTION('',(0.,-1.));
#2513 = ( GEOMETRIC_REPRESENTATION_CONTEXT(2) 
PARAMETRIC_REPRESENTATION_CONTEXT() REPRESENTATION_CONTEXT('2D SPACE',''
  ) );
#2514 = ORIENTED_EDGE('',*,*,#1845,.F.);
#2515 = ORIENTED_EDGE('',*,*,#2425,.F.);
#2516 = ADVANCED_FACE('',(#2517),#1889,.T.);
#2517 = FACE_BOUND('',#2518,.T.);
#2518 = EDGE_LOOP('',(#2519,#2542,#2563,#2564));
#2519 = ORIENTED_EDGE('',*,*,#2520,.T.);
#2520 = EDGE_CURVE('',#2472,#2521,#2523,.T.);
#2521 = VERTEX_POINT('',#2522);
#2522 = CARTESIAN_POINT('',(48.25,1.905992052357,39.65));
#2523 = SURFACE_CURVE('',#2524,(#2528,#2535),.PCURVE_S1.);
#2524 = LINE('',#2525,#2526);
#2525 = CARTESIAN_POINT('',(48.25,0.952996026179,39.65));
#2526 = VECTOR('',#2527,1.);
#2527 = DIRECTION('',(0.,1.,-1.224646799147E-16));
#2528 = PCURVE('',#1889,#2529);
#2529 = DEFINITIONAL_REPRESENTATION('',(#2530),#2534);
#2530 = LINE('',#2531,#2532);
#2531 = CARTESIAN_POINT('',(0.952996026179,-0.75));
#2532 = VECTOR('',#2533,1.);
#2533 = DIRECTION('',(-1.,-0.));
#2534 = ( GEOMETRIC_REPRESENTATION_CONTEXT(2) 
PARAMETRIC_REPRESENTATION_CONTEXT() REPRESENTATION_CONTEXT('2D SPACE',''
  ) );
#2535 = PCURVE('',#2409,#2536);
#2536 = DEFINITIONAL_REPRESENTATION('',(#2537),#2541);
#2537 = LINE('',#2538,#2539);
#2538 = CARTESIAN_POINT('',(-6.65,0.952996026179));
#2539 = VECTOR('',#2540,1.);
#2540 = DIRECTION('',(0.,1.));
#2541 = ( GEOMETRIC_REPRESENTATION_CONTEXT(2) 
PARAMETRIC_REPRESENTATION_CONTEXT() REPRESENTATION_CONTEXT('2D SPACE',''
  ) );
#2542 = ORIENTED_EDGE('',*,*,#2543,.T.);
#2543 = EDGE_CURVE('',#2521,#1874,#2544,.T.);
#2544 = SURFACE_CURVE('',#2545,(#2549,#2556),.PCURVE_S1.);
#2545 = LINE('',#2546,#2547);
#2546 = CARTESIAN_POINT('',(47.5,1.905992052357,39.65));
#2547 = VECTOR('',#2548,1.);
#2548 = DIRECTION('',(1.,0.,0.));
#2549 = PCURVE('',#1889,#2550);
#2550 = DEFINITIONAL_REPRESENTATION('',(#2551),#2555);
#2551 = LINE('',#2552,#2553);
#2552 = CARTESIAN_POINT('',(0.,0.));
#2553 = VECTOR('',#2554,1.);
#2554 = DIRECTION('',(0.,-1.));
#2555 = ( GEOMETRIC_REPRESENTATION_CONTEXT(2) 
PARAMETRIC_REPRESENTATION_CONTEXT() REPRESENTATION_CONTEXT('2D SPACE',''
  ) );
#2556 = PCURVE('',#1915,#2557);
#2557 = DEFINITIONAL_REPRESENTATION('',(#2558),#2562);
#2558 = LINE('',#2559,#2560);
#2559 = CARTESIAN_POINT('',(3.354520189781,0.));
#2560 = VECTOR('',#2561,1.);
#2561 = DIRECTION('',(0.,-1.));
#2562 = ( GEOMETRIC_REPRESENTATION_CONTEXT(2) 
PARAMETRIC_REPRESENTATION_CONTEXT() REPRESENTATION_CONTEXT('2D SPACE',''
  ) );
#2563 = ORIENTED_EDGE('',*,*,#1873,.F.);
#2564 = ORIENTED_EDGE('',*,*,#2494,.F.);
#2565 = ADVANCED_FACE('',(#2566),#1915,.T.);
#2566 = FACE_BOUND('',#2567,.T.);
#2567 = EDGE_LOOP('',(#2568,#2589,#2590,#2591));
#2568 = ORIENTED_EDGE('',*,*,#2569,.T.);
#2569 = EDGE_CURVE('',#2521,#2391,#2570,.T.);
#2570 = SURFACE_CURVE('',#2571,(#2575,#2582),.PCURVE_S1.);
#2571 = LINE('',#2572,#2573);
#2572 = CARTESIAN_POINT('',(48.25,4.277996026179,37.277996026179));
#2573 = VECTOR('',#2574,1.);
#2574 = DIRECTION('',(0.,0.707106781187,-0.707106781187));
#2575 = PCURVE('',#1915,#2576);
#2576 = DEFINITIONAL_REPRESENTATION('',(#2577),#2581);
#2577 = LINE('',#2578,#2579);
#2578 = CARTESIAN_POINT('',(0.,-0.75));
#2579 = VECTOR('',#2580,1.);
#2580 = DIRECTION('',(-1.,0.));
#2581 = ( GEOMETRIC_REPRESENTATION_CONTEXT(2) 
PARAMETRIC_REPRESENTATION_CONTEXT() REPRESENTATION_CONTEXT('2D SPACE',''
  ) );
#2582 = PCURVE('',#2409,#2583);
#2583 = DEFINITIONAL_REPRESENTATION('',(#2584),#2588);
#2584 = LINE('',#2585,#2586);
#2585 = CARTESIAN_POINT('',(-4.277996026179,4.277996026179));
#2586 = VECTOR('',#2587,1.);
#2587 = DIRECTION('',(0.707106781187,0.707106781187));
#2588 = ( GEOMETRIC_REPRESENTATION_CONTEXT(2) 
PARAMETRIC_REPRESENTATION_CONTEXT() REPRESENTATION_CONTEXT('2D SPACE',''
  ) );
#2589 = ORIENTED_EDGE('',*,*,#2447,.T.);
#2590 = ORIENTED_EDGE('',*,*,#1901,.F.);
#2591 = ORIENTED_EDGE('',*,*,#2543,.F.);
#2592 = ADVANCED_FACE('',(#2593),#2208,.T.);
#2593 = FACE_BOUND('',#2594,.F.);
#2594 = EDGE_LOOP('',(#2595,#2619,#2640,#2641));
#2595 = ORIENTED_EDGE('',*,*,#2596,.F.);
#2596 = EDGE_CURVE('',#2597,#2597,#2599,.T.);
#2597 = VERTEX_POINT('',#2598);
#2598 = CARTESIAN_POINT('',(48.25,-7.1,33.));
#2599 = SURFACE_CURVE('',#2600,(#2605,#2612),.PCURVE_S1.);
#2600 = CIRCLE('',#2601,7.1);
#2601 = AXIS2_PLACEMENT_3D('',#2602,#2603,#2604);
#2602 = CARTESIAN_POINT('',(48.25,3.552713678801E-15,33.));
#2603 = DIRECTION('',(1.,0.,0.));
#2604 = DIRECTION('',(0.,-1.,1.224646799147E-16));
#2605 = PCURVE('',#2208,#2606);
#2606 = DEFINITIONAL_REPRESENTATION('',(#2607),#2611);
#2607 = LINE('',#2608,#2609);
#2608 = CARTESIAN_POINT('',(-0.,0.));
#2609 = VECTOR('',#2610,1.);
#2610 = DIRECTION('',(-1.,0.));
#2611 = ( GEOMETRIC_REPRESENTATION_CONTEXT(2) 
PARAMETRIC_REPRESENTATION_CONTEXT() REPRESENTATION_CONTEXT('2D SPACE',''
  ) );
#2612 = PCURVE('',#2409,#2613);
#2613 = DEFINITIONAL_REPRESENTATION('',(#2614),#2618);
#2614 = CIRCLE('',#2615,7.1);
#2615 = AXIS2_PLACEMENT_2D('',#2616,#2617);
#2616 = CARTESIAN_POINT('',(0.,0.));
#2617 = DIRECTION('',(0.,-1.));
#2618 = ( GEOMETRIC_REPRESENTATION_CONTEXT(2) 
PARAMETRIC_REPRESENTATION_CONTEXT() REPRESENTATION_CONTEXT('2D SPACE',''
  ) );
#2619 = ORIENTED_EDGE('',*,*,#2620,.T.);
#2620 = EDGE_CURVE('',#2597,#2188,#2621,.T.);
#2621 = SEAM_CURVE('',#2622,(#2626,#2633),.PCURVE_S1.);
#2622 = LINE('',#2623,#2624);
#2623 = CARTESIAN_POINT('',(48.25,-7.1,33.));
#2624 = VECTOR('',#2625,1.);
#2625 = DIRECTION('',(1.,0.,0.));
#2626 = PCURVE('',#2208,#2627);
#2627 = DEFINITIONAL_REPRESENTATION('',(#2628),#2632);
#2628 = LINE('',#2629,#2630);
#2629 = CARTESIAN_POINT('',(-6.28318530718,0.));
#2630 = VECTOR('',#2631,1.);
#2631 = DIRECTION('',(-0.,-1.));
#2632 = ( GEOMETRIC_REPRESENTATION_CONTEXT(2) 
PARAMETRIC_REPRESENTATION_CONTEXT() REPRESENTATION_CONTEXT('2D SPACE',''
  ) );
#2633 = PCURVE('',#2208,#2634);
#2634 = DEFINITIONAL_REPRESENTATION('',(#2635),#2639);
#2635 = LINE('',#2636,#2637);
#2636 = CARTESIAN_POINT('',(-0.,0.));
#2637 = VECTOR('',#2638,1.);
#2638 = DIRECTION('',(-0.,-1.));
#2639 = ( GEOMETRIC_REPRESENTATION_CONTEXT(2) 
PARAMETRIC_REPRESENTATION_CONTEXT() REPRESENTATION_CONTEXT('2D SPACE',''
  ) );
#2640 = ORIENTED_EDGE('',*,*,#2187,.F.);
#2641 = ORIENTED_EDGE('',*,*,#2620,.F.);
#2642 = ADVANCED_FACE('',(#2643),#2279,.T.);
#2643 = FACE_BOUND('',#2644,.F.);
#2644 = EDGE_LOOP('',(#2645,#2646,#2667,#2668));
#2645 = ORIENTED_EDGE('',*,*,#2258,.T.);
#2646 = ORIENTED_EDGE('',*,*,#2647,.T.);
#2647 = EDGE_CURVE('',#2259,#2295,#2648,.T.);
#2648 = SEAM_CURVE('',#2649,(#2653,#2660),.PCURVE_S1.);
#2649 = LINE('',#2650,#2651);
#2650 = CARTESIAN_POINT('',(-50.5,-7.1,33.));
#2651 = VECTOR('',#2652,1.);
#2652 = DIRECTION('',(1.,0.,0.));
#2653 = PCURVE('',#2279,#2654);
#2654 = DEFINITIONAL_REPRESENTATION('',(#2655),#2659);
#2655 = LINE('',#2656,#2657);
#2656 = CARTESIAN_POINT('',(-6.28318530718,0.));
#2657 = VECTOR('',#2658,1.);
#2658 = DIRECTION('',(-0.,-1.));
#2659 = ( GEOMETRIC_REPRESENTATION_CONTEXT(2) 
PARAMETRIC_REPRESENTATION_CONTEXT() REPRESENTATION_CONTEXT('2D SPACE',''
  ) );
#2660 = PCURVE('',#2279,#2661);
#2661 = DEFINITIONAL_REPRESENTATION('',(#2662),#2666);
#2662 = LINE('',#2663,#2664);
#2663 = CARTESIAN_POINT('',(-0.,0.));
#2664 = VECTOR('',#2665,1.);
#2665 = DIRECTION('',(-0.,-1.));
#2666 = ( GEOMETRIC_REPRESENTATION_CONTEXT(2) 
PARAMETRIC_REPRESENTATION_CONTEXT() REPRESENTATION_CONTEXT('2D SPACE',''
  ) );
#2667 = ORIENTED_EDGE('',*,*,#2294,.T.);
#2668 = ORIENTED_EDGE('',*,*,#2647,.F.);
#2669 = ADVANCED_FACE('',(#2670,#2673),#2409,.F.);
#2670 = FACE_BOUND('',#2671,.F.);
#2671 = EDGE_LOOP('',(#2672));
#2672 = ORIENTED_EDGE('',*,*,#2596,.T.);
#2673 = FACE_BOUND('',#2674,.F.);
#2674 = EDGE_LOOP('',(#2675,#2676,#2677,#2678));
#2675 = ORIENTED_EDGE('',*,*,#2390,.T.);
#2676 = ORIENTED_EDGE('',*,*,#2471,.T.);
#2677 = ORIENTED_EDGE('',*,*,#2520,.T.);
#2678 = ORIENTED_EDGE('',*,*,#2569,.T.);
#2679 = ( GEOMETRIC_REPRESENTATION_CONTEXT(3) 
GLOBAL_UNCERTAINTY_ASSIGNED_CONTEXT((#2683)) 
GLOBAL_UNIT_ASSIGNED_CONTEXT((#2680,#2681,#2682)) REPRESENTATION_CONTEXT
('Context #1','3D Context with UNIT and UNCERTAINTY') );
#2680 = ( LENGTH_UNIT() NAMED_UNIT(*) SI_UNIT(.MILLI.,.METRE.) );
#2681 = ( NAMED_UNIT(*) PLANE_ANGLE_UNIT() SI_UNIT($,.RADIAN.) );
#2682 = ( NAMED_UNIT(*) SI_UNIT($,.STERADIAN.) SOLID_ANGLE_UNIT() );
#2683 = UNCERTAINTY_MEASURE_WITH_UNIT(LENGTH_MEASURE(1.E-07),#2680,
  'distance_accuracy_value','confusion accuracy');
#2684 = PRODUCT_RELATED_PRODUCT_CATEGORY('part',$,(#7));
ENDSEC;
END-ISO-10303-21;
