ISO-10303-21;
HEADER;
FILE_DESCRIPTION(('Open CASCADE Model'),'2;1');
FILE_NAME('Open CASCADE Shape Model','2026-09-30T14:08:47',('Author'),(
    'Open CASCADE'),'Open CASCADE STEP processor 7.9','Open CASCADE 7.9'
  ,'Unknown');
FILE_SCHEMA(('AUTOMOTIVE_DESIGN { 1 0 10303 214 1 1 1 1 }'));
ENDSEC;
DATA;
#1 = APPLICATION_PROTOCOL_DEFINITION('international standard',
  'automotive_design',2000,#2);
#2 = APPLICATION_CONTEXT(
  'core data for automotive mechanical design processes');
#3 = SHAPE_DEFINITION_REPRESENTATION(#4,#10);
#4 = PRODUCT_DEFINITION_SHAPE('','',#5);
#5 = PRODUCT_DEFINITION('design','',#6,#9);
#6 = PRODUCT_DEFINITION_FORMATION('','',#7);
#7 = PRODUCT('Open CASCADE STEP translator 7.9 12',
  'Open CASCADE STEP translator 7.9 12','',(#8));
#8 = PRODUCT_CONTEXT('',#2,'mechanical');
#9 = PRODUCT_DEFINITION_CONTEXT('part definition',#2,'design');
#10 = ADVANCED_BREP_SHAPE_REPRESENTATION('',(#11,#15),#1756);
#11 = AXIS2_PLACEMENT_3D('',#12,#13,#14);
#12 = CARTESIAN_POINT('',(0.,0.,0.));
#13 = DIRECTION('',(0.,0.,1.));
#14 = DIRECTION('',(1.,0.,-0.));
#15 = MANIFOLD_SOLID_BREP('',#16);
#16 = CLOSED_SHELL('',(#17,#482,#602,#987,#1032,#1088,#1133,#1173,#1180,
    #1215,#1219,#1274,#1448,#1524,#1573,#1622,#1671,#1720,#1747));
#17 = ADVANCED_FACE('',(#18),#122,.T.);
#18 = FACE_BOUND('',#19,.F.);
#19 = EDGE_LOOP('',(#20,#355,#383,#409,#432,#460,#481));
#20 = ORIENTED_EDGE('',*,*,#21,.T.);
#21 = EDGE_CURVE('',#22,#24,#26,.T.);
#22 = VERTEX_POINT('',#23);
#23 = CARTESIAN_POINT('',(6.,-4.350261647511E-16,-386.5));
#24 = VERTEX_POINT('',#25);
#25 = CARTESIAN_POINT('',(6.,-5.59928787631E-07,-366.4999968777));
#26 = SURFACE_CURVE('',#27,(#121,#223),.PCURVE_S1.);
#27 = B_SPLINE_CURVE_WITH_KNOTS('',8,(#28,#29,#30,#31,#32,#33,#34,#35,
    #36,#37,#38,#39,#40,#41,#42,#43,#44,#45,#46,#47,#48,#49,#50,#51,#52,
    #53,#54,#55,#56,#57,#58,#59,#60,#61,#62,#63,#64,#65,#66,#67,#68,#69,
    #70,#71,#72,#73,#74,#75,#76,#77,#78,#79,#80,#81,#82,#83,#84,#85,#86,
    #87,#88,#89,#90,#91,#92,#93,#94,#95,#96,#97,#98,#99,#100,#101,#102,
    #103,#104,#105,#106,#107,#108,#109,#110,#111,#112,#113,#114,#115,
    #116,#117,#118,#119,#120),.UNSPECIFIED.,.F.,.F.,(9,7,7,7,7,7,7,7,7,7
    ,7,7,7,9),(0.,2.550021723305E-02,7.541576967505E-02,0.143911447189,
    0.170917530083,0.344875203857,0.361879031408,0.487890332827,
    0.613901621764,0.647909249377,0.79275563484,0.808759234866,
    0.979604830534,1.),.UNSPECIFIED.);
#28 = CARTESIAN_POINT('',(6.,1.7763568394E-15,-386.5));
#29 = CARTESIAN_POINT('',(6.,0.120139186079,-386.4362632384));
#30 = CARTESIAN_POINT('',(5.997250770015,0.240278676685,-386.3725265501)
  );
#31 = CARTESIAN_POINT('',(5.99175230492,0.360344846079,-386.3087899268)
  );
#32 = CARTESIAN_POINT('',(5.983506946999,0.480264258148,-386.2450533628)
  );
#33 = CARTESIAN_POINT('',(5.972519385944,0.599963666403,-386.1813168551)
  );
#34 = CARTESIAN_POINT('',(5.958796658856,0.719370013983,-386.1175804033)
  );
#35 = CARTESIAN_POINT('',(5.942348150243,0.838410433652,-386.0538440099)
  );
#36 = CARTESIAN_POINT('',(5.885675728052,1.189170076868,-385.8653466201)
  );
#37 = CARTESIAN_POINT('',(5.837766091265,1.419649893428,-385.7405846001)
  );
#38 = CARTESIAN_POINT('',(5.779545061926,1.647905175993,-385.6158231869)
  );
#39 = CARTESIAN_POINT('',(5.711134666191,1.873397693736,-385.4910624766)
  );
#40 = CARTESIAN_POINT('',(5.63269015873,2.095598753138,-385.3663018306)
  );
#41 = CARTESIAN_POINT('',(5.544399605342,2.313990444619,-385.2415406136)
  );
#42 = CARTESIAN_POINT('',(5.446483465579,2.528066889186,-385.1167789298)
  );
#43 = CARTESIAN_POINT('',(5.191968465851,3.0245003777,-384.8208180174));
#44 = CARTESIAN_POINT('',(5.027086629259,3.302624838805,-384.6496122352)
  );
#45 = CARTESIAN_POINT('',(4.845202735789,3.570428399746,-384.478408854)
  );
#46 = CARTESIAN_POINT('',(4.647077520826,3.826701791288,-384.3072084434)
  );
#47 = CARTESIAN_POINT('',(4.433569699894,4.070308108363,-384.1360079457)
  );
#48 = CARTESIAN_POINT('',(4.205630350114,4.300186504132,-383.9648043159)
  );
#49 = CARTESIAN_POINT('',(3.964300358159,4.515358413324,-383.7935981597)
  );
#50 = CARTESIAN_POINT('',(3.610727151222,4.793624731333,-383.5548973031)
  );
#51 = CARTESIAN_POINT('',(3.508836217865,4.869890122795,-383.4873972079)
  );
#52 = CARTESIAN_POINT('',(3.405106860483,4.943678408362,-383.4198970905)
  );
#53 = CARTESIAN_POINT('',(3.299609430749,5.014937988542,-383.352396958)
  );
#54 = CARTESIAN_POINT('',(3.192415906162,5.083619735251,-383.2848968177)
  );
#55 = CARTESIAN_POINT('',(3.083599890053,5.14967699181,-383.2173966769)
  );
#56 = CARTESIAN_POINT('',(2.97323661158,5.213065572944,-383.1498965435)
  );
#57 = CARTESIAN_POINT('',(2.141034558513,5.664597823212,-382.6475994339)
  );
#58 = CARTESIAN_POINT('',(1.358711138535,5.943504922816,-382.2122366065)
  );
#59 = CARTESIAN_POINT('',(0.536128205003,6.09803582598,-381.7771993447)
  );
#60 = CARTESIAN_POINT('',(-0.3033760578,6.122312182376,-381.3423954718)
  );
#61 = CARTESIAN_POINT('',(-1.136368415015,6.015159586558,-380.9075924004
    ));
#62 = CARTESIAN_POINT('',(-1.939644956301,5.780062737147,-380.4725561325
    ));
#63 = CARTESIAN_POINT('',(-2.690562686527,5.425179262735,-380.037193912)
  );
#64 = CARTESIAN_POINT('',(-3.435053069357,4.920043507875,-379.559896899)
  );
#65 = CARTESIAN_POINT('',(-3.500658562096,4.874053026986,-379.5173968292
    ));
#66 = CARTESIAN_POINT('',(-3.565559695635,4.827063214535,-379.4748967548
    ));
#67 = CARTESIAN_POINT('',(-3.629738722421,4.779086674365,-379.4323966767
    ));
#68 = CARTESIAN_POINT('',(-3.6931781761,4.730136380511,-379.389896596));
#69 = CARTESIAN_POINT('',(-3.755860871514,4.680225677198,-379.3473965137
    ));
#70 = CARTESIAN_POINT('',(-3.8177699047,4.629368278843,-379.3048964308)
  );
#71 = CARTESIAN_POINT('',(-4.331825086029,4.193774894703,-378.9474383958
    ));
#72 = CARTESIAN_POINT('',(-4.741523510284,3.758613784771,-378.6323666703
    ));
#73 = CARTESIAN_POINT('',(-5.100926019099,3.27796730268,-378.3173533018)
  );
#74 = CARTESIAN_POINT('',(-5.404241857835,2.758729909659,-378.0023947576
    ));
#75 = CARTESIAN_POINT('',(-5.646858844344,2.208506926751,-377.6874366949
    ));
#76 = CARTESIAN_POINT('',(-5.825322369394,1.635494859526,-377.3724243783
    ));
#77 = CARTESIAN_POINT('',(-5.937445190458,1.048428221211,-377.0573534825
    ));
#78 = CARTESIAN_POINT('',(-6.027777269806,-0.135492584711,
    -376.4274387458));
#79 = CARTESIAN_POINT('',(-6.006019134382,-0.73277403671,-376.1123674454
    ));
#80 = CARTESIAN_POINT('',(-5.916556050091,-1.326228424452,
    -375.7973547481));
#81 = CARTESIAN_POINT('',(-5.760224671054,-1.906890988555,-375.482397004
    ));
#82 = CARTESIAN_POINT('',(-5.539195915645,-2.466135810612,
    -375.1674391299));
#83 = CARTESIAN_POINT('',(-5.256874758141,-2.995745461912,
    -374.8524261979));
#84 = CARTESIAN_POINT('',(-4.917939180096,-3.488026757206,
    -374.5373547607));
#85 = CARTESIAN_POINT('',(-4.423366675528,-4.057030692833,-374.137396734
    ));
#86 = CARTESIAN_POINT('',(-4.314568200904,-4.174749362875,
    -374.0523964596));
#87 = CARTESIAN_POINT('',(-4.202193569347,-4.289128812596,
    -373.9673962504));
#88 = CARTESIAN_POINT('',(-4.086362632231,-4.40004250759,-373.8823961286
    ));
#89 = CARTESIAN_POINT('',(-3.967200442722,-4.507369234045,
    -373.7973960074));
#90 = CARTESIAN_POINT('',(-3.844837115861,-4.610993228665,
    -373.7123957997));
#91 = CARTESIAN_POINT('',(-3.719407688638,-4.710804308601,
    -373.6273955277));
#92 = CARTESIAN_POINT('',(-3.044355202183,-5.215131513565,
    -373.1803602829));
#93 = CARTESIAN_POINT('',(-2.444224690889,-5.552758425211,
    -372.8180982293));
#94 = CARTESIAN_POINT('',(-1.801850060608,-5.810983743726,-372.455957789
    ));
#95 = CARTESIAN_POINT('',(-1.129658018747,-5.983909847157,
    -372.0939216501));
#96 = CARTESIAN_POINT('',(-0.440685381277,-6.067947980877,
    -371.7318856454));
#97 = CARTESIAN_POINT('',(0.251619893673,-6.061686935028,-371.3697455215
    ));
#98 = CARTESIAN_POINT('',(0.933536125255,-5.966087988323,-371.0074837756
    ));
#99 = CARTESIAN_POINT('',(1.664207647616,-5.76507569742,-370.6054487886)
  );
#100 = CARTESIAN_POINT('',(1.736617825685,-5.744032140076,
    -370.5654487355));
#101 = CARTESIAN_POINT('',(1.808723276468,-5.721949349905,
    -370.5254486779));
#102 = CARTESIAN_POINT('',(1.880506603087,-5.698832491479,
    -370.4854486165));
#103 = CARTESIAN_POINT('',(1.951950522994,-5.674687075769,
    -370.4454485521));
#104 = CARTESIAN_POINT('',(2.023037867967,-5.649518960134,
    -370.4054484853));
#105 = CARTESIAN_POINT('',(2.093751584112,-5.62333434833,-370.365448417)
  );
#106 = CARTESIAN_POINT('',(2.914805820309,-5.305825709776,
    -369.8984297018));
#107 = CARTESIAN_POINT('',(3.621937599167,-4.900059814564,-369.470893675
    ));
#108 = CARTESIAN_POINT('',(4.263254839832,-4.386876046861,
    -369.0436527133));
#109 = CARTESIAN_POINT('',(4.820143210182,-3.779387549722,
    -368.6166276848));
#110 = CARTESIAN_POINT('',(5.277244079369,-3.093657252155,
    -368.1896039126));
#111 = CARTESIAN_POINT('',(5.622622660301,-2.348433402867,
    -367.7623649055));
#112 = CARTESIAN_POINT('',(5.8479837143,-1.564917302893,-367.3348306134)
  );
#113 = CARTESIAN_POINT('',(5.963101908424,-0.671303656915,
    -366.8568344414));
#114 = CARTESIAN_POINT('',(5.973634619115,-0.575778142099,
    -366.8058577641));
#115 = CARTESIAN_POINT('',(5.982418278197,-0.480065243055,
    -366.7548810514));
#116 = CARTESIAN_POINT('',(5.989449044143,-0.38420233755,-366.7039042997
    ));
#117 = CARTESIAN_POINT('',(5.994724036971,-0.2882268706,-366.6529275068)
  );
#118 = CARTESIAN_POINT('',(5.998241338235,-0.192176354466,
    -366.6019506717));
#119 = CARTESIAN_POINT('',(5.999999991033,-9.608836865705E-02,
    -366.5509737948));
#120 = CARTESIAN_POINT('',(6.,-5.599288019908E-07,-366.4999968777));
#121 = PCURVE('',#122,#127);
#122 = CYLINDRICAL_SURFACE('',#123,6.);
#123 = AXIS2_PLACEMENT_3D('',#124,#125,#126);
#124 = CARTESIAN_POINT('',(0.,0.,-400.));
#125 = DIRECTION('',(-0.,-0.,-1.));
#126 = DIRECTION('',(1.,0.,0.));
#127 = DEFINITIONAL_REPRESENTATION('',(#128),#222);
#128 = B_SPLINE_CURVE_WITH_KNOTS('',8,(#129,#130,#131,#132,#133,#134,
    #135,#136,#137,#138,#139,#140,#141,#142,#143,#144,#145,#146,#147,
    #148,#149,#150,#151,#152,#153,#154,#155,#156,#157,#158,#159,#160,
    #161,#162,#163,#164,#165,#166,#167,#168,#169,#170,#171,#172,#173,
    #174,#175,#176,#177,#178,#179,#180,#181,#182,#183,#184,#185,#186,
    #187,#188,#189,#190,#191,#192,#193,#194,#195,#196,#197,#198,#199,
    #200,#201,#202,#203,#204,#205,#206,#207,#208,#209,#210,#211,#212,
    #213,#214,#215,#216,#217,#218,#219,#220,#221),.UNSPECIFIED.,.F.,.F.,
  (9,7,7,7,7,7,7,7,7,7,7,7,7,9),(0.,2.550021723305E-02,
    7.541576967505E-02,0.143911447189,0.170917530083,0.344875203857,
    0.361879031408,0.487890332827,0.613901621764,0.647909249377,
    0.79275563484,0.808759234866,0.979604830534,1.),.UNSPECIFIED.);
#129 = CARTESIAN_POINT('',(0.,-13.5));
#130 = CARTESIAN_POINT('',(-2.00231976799E-02,-13.56373676157));
#131 = CARTESIAN_POINT('',(-4.004643038438E-02,-13.62747344981));
#132 = CARTESIAN_POINT('',(-6.006969157178E-02,-13.6912100731));
#133 = CARTESIAN_POINT('',(-8.009297498813E-02,-13.7549466371));
#134 = CARTESIAN_POINT('',(-0.100116274667,-13.81868314483));
#135 = CARTESIAN_POINT('',(-0.12013958493,-13.8824195966));
#136 = CARTESIAN_POINT('',(-0.140162900386,-13.94615599005));
#137 = CARTESIAN_POINT('',(-0.199380974473,-14.13465337988));
#138 = CARTESIAN_POINT('',(-0.238576110285,-14.25941539988));
#139 = CARTESIAN_POINT('',(-0.277771103162,-14.38417681301));
#140 = CARTESIAN_POINT('',(-0.316965904623,-14.50893752337));
#141 = CARTESIAN_POINT('',(-0.356160703762,-14.63369816932));
#142 = CARTESIAN_POINT('',(-0.395355693099,-14.75845938635));
#143 = CARTESIAN_POINT('',(-0.434550834435,-14.8832210701));
#144 = CARTESIAN_POINT('',(-0.527529938062,-15.17918198259));
#145 = CARTESIAN_POINT('',(-0.581315958861,-15.35038776473));
#146 = CARTESIAN_POINT('',(-0.635101211386,-15.52159114599));
#147 = CARTESIAN_POINT('',(-0.688885505449,-15.69279155659));
#148 = CARTESIAN_POINT('',(-0.742669793285,-15.86399205425));
#149 = CARTESIAN_POINT('',(-0.796455027067,-16.03519568401));
#150 = CARTESIAN_POINT('',(-0.850241017079,-16.20640184028));
#151 = CARTESIAN_POINT('',(-0.92523104538,-16.44510269689));
#152 = CARTESIAN_POINT('',(-0.946436804581,-16.51260279202));
#153 = CARTESIAN_POINT('',(-0.967642566338,-16.58010290941));
#154 = CARTESIAN_POINT('',(-0.988848328899,-16.64760304192));
#155 = CARTESIAN_POINT('',(-1.010054090544,-16.71510318227));
#156 = CARTESIAN_POINT('',(-1.03125984958,-16.782603323));
#157 = CARTESIAN_POINT('',(-1.052465604347,-16.85010345648));
#158 = CARTESIAN_POINT('',(-1.210266606857,-17.35240056601));
#159 = CARTESIAN_POINT('',(-1.347039574703,-17.78776339342));
#160 = CARTESIAN_POINT('',(-1.483710407014,-18.22280065529));
#161 = CARTESIAN_POINT('',(-1.620308367627,-18.65760452815));
#162 = CARTESIAN_POINT('',(-1.756906417312,-19.09240759959));
#163 = CARTESIAN_POINT('',(-1.893577369926,-19.52744386747));
#164 = CARTESIAN_POINT('',(-2.030350399894,-19.96280608799));
#165 = CARTESIAN_POINT('',(-2.180297433224,-20.44010310092));
#166 = CARTESIAN_POINT('',(-2.193649200386,-20.48260317077));
#167 = CARTESIAN_POINT('',(-2.20700096745,-20.52510324518));
#168 = CARTESIAN_POINT('',(-2.22035273429,-20.56760332321));
#169 = CARTESIAN_POINT('',(-2.233704500782,-20.6101034039));
#170 = CARTESIAN_POINT('',(-2.247056266808,-20.65260348624));
#171 = CARTESIAN_POINT('',(-2.260408032253,-20.69510356919));
#172 = CARTESIAN_POINT('',(-2.372706533994,-21.05256160414));
#173 = CARTESIAN_POINT('',(-2.471688984232,-21.36763332961));
#174 = CARTESIAN_POINT('',(-2.570653151896,-21.68264669818));
#175 = CARTESIAN_POINT('',(-2.669600271604,-21.99760524234));
#176 = CARTESIAN_POINT('',(-2.768547439682,-22.31256330504));
#177 = CARTESIAN_POINT('',(-2.867511719064,-22.62757562166));
#178 = CARTESIAN_POINT('',(-2.966494276278,-22.9426465174));
#179 = CARTESIAN_POINT('',(-3.16438793173,-23.57256125411));
#180 = CARTESIAN_POINT('',(-3.263370458683,-23.88763255454));
#181 = CARTESIAN_POINT('',(-3.362334699269,-24.20264525181));
#182 = CARTESIAN_POINT('',(-3.461281891028,-24.51760299593));
#183 = CARTESIAN_POINT('',(-3.560229078634,-24.83256087002));
#184 = CARTESIAN_POINT('',(-3.659193300876,-25.14757380208));
#185 = CARTESIAN_POINT('',(-3.758175781192,-25.46264523925));
#186 = CARTESIAN_POINT('',(-3.883826027802,-25.86260326593));
#187 = CARTESIAN_POINT('',(-3.910529587965,-25.94760354033));
#188 = CARTESIAN_POINT('',(-3.937233123788,-26.03260374959));
#189 = CARTESIAN_POINT('',(-3.963936630153,-26.1176038713));
#190 = CARTESIAN_POINT('',(-3.990640136461,-26.2026039925));
#191 = CARTESIAN_POINT('',(-4.017343672121,-26.28760420027));
#192 = CARTESIAN_POINT('',(-4.044047232043,-26.37260447229));
#193 = CARTESIAN_POINT('',(-4.184487194417,-26.81963971708));
#194 = CARTESIAN_POINT('',(-4.298295035145,-27.18190177062));
#195 = CARTESIAN_POINT('',(-4.412064897345,-27.54404221091));
#196 = CARTESIAN_POINT('',(-4.525802285932,-27.90607834988));
#197 = CARTESIAN_POINT('',(-4.63953968829,-28.26811435453));
#198 = CARTESIAN_POINT('',(-4.753309585443,-28.63025447844));
#199 = CARTESIAN_POINT('',(-4.867117467064,-28.99251622436));
#200 = CARTESIAN_POINT('',(-4.993420323402,-29.39455121134));
#201 = CARTESIAN_POINT('',(-5.005986693067,-29.43455126443));
#202 = CARTESIAN_POINT('',(-5.018553062538,-29.47455132202));
#203 = CARTESIAN_POINT('',(-5.031119431727,-29.51455138341));
#204 = CARTESIAN_POINT('',(-5.043685800549,-29.55455144787));
#205 = CARTESIAN_POINT('',(-5.056252168922,-29.59455151465));
#206 = CARTESIAN_POINT('',(-5.068818536768,-29.63455158295));
#207 = CARTESIAN_POINT('',(-5.215536500745,-30.10157029819));
#208 = CARTESIAN_POINT('',(-5.349850544152,-30.52910632495));
#209 = CARTESIAN_POINT('',(-5.484072002114,-30.95634728665));
#210 = CARTESIAN_POINT('',(-5.618226077817,-31.38337231517));
#211 = CARTESIAN_POINT('',(-5.752380285574,-31.81039608732));
#212 = CARTESIAN_POINT('',(-5.886601635662,-32.23763509445));
#213 = CARTESIAN_POINT('',(-6.020916069032,-32.66516938656));
#214 = CARTESIAN_POINT('',(-6.171082416322,-33.14316555854));
#215 = CARTESIAN_POINT('',(-6.187097134496,-33.19414223585));
#216 = CARTESIAN_POINT('',(-6.203111846041,-33.24511894855));
#217 = CARTESIAN_POINT('',(-6.219126549339,-33.29609570022));
#218 = CARTESIAN_POINT('',(-6.235141241806,-33.34707249312));
#219 = CARTESIAN_POINT('',(-6.25115591989,-33.39804932821));
#220 = CARTESIAN_POINT('',(-6.26717057907,-33.44902620514));
#221 = CARTESIAN_POINT('',(-6.283185213858,-33.50000312226));
#222 = ( GEOMETRIC_REPRESENTATION_CONTEXT(2) 
PARAMETRIC_REPRESENTATION_CONTEXT() REPRESENTATION_CONTEXT('2D SPACE',''
  ) );
#223 = PCURVE('',#224,#259);
#224 = B_SPLINE_SURFACE_WITH_KNOTS('',1,9,(
    (#225,#226,#227,#228,#229,#230,#231,#232,#233,#234,#235,#236,#237
      ,#238,#239,#240,#241)
    ,(#242,#243,#244,#245,#246,#247,#248,#249,#250,#251,#252,#253,#254
      ,#255,#256,#257,#258
    )),.UNSPECIFIED.,.F.,.F.,.F.,(2,2),(10,7,10),(0.,24.5),(0.,
    10.481870272098,20.963740544196),.UNSPECIFIED.);
#225 = CARTESIAN_POINT('',(5.5,-8.881784197001E-16,-386.5));
#226 = CARTESIAN_POINT('',(5.499999478168,1.919837879353,-385.3888846271
    ));
#227 = CARTESIAN_POINT('',(4.746072376825,3.839848849826,-384.2777349731
    ));
#228 = CARTESIAN_POINT('',(3.238207261921,5.420900630856,-383.1667997855
    ));
#229 = CARTESIAN_POINT('',(1.153651845792,6.326578131665,-382.0553629897
    ));
#230 = CARTESIAN_POINT('',(-1.153650660582,6.326133561628,
    -380.9445824521));
#231 = CARTESIAN_POINT('',(-3.238208064562,5.421197534026,
    -379.8332866256));
#232 = CARTESIAN_POINT('',(-4.746071153333,3.839726531363,
    -378.7222211592));
#233 = CARTESIAN_POINT('',(-6.253927832026,3.164853480527E-07,
    -376.4999983719));
#234 = CARTESIAN_POINT('',(-4.746071420255,-3.839726003216,
    -374.2777755846));
#235 = CARTESIAN_POINT('',(-3.238201592889,-5.421199923589,
    -373.1667101181));
#236 = CARTESIAN_POINT('',(-1.153677913434,-6.326126137928,
    -372.0554142916));
#237 = CARTESIAN_POINT('',(1.153692167183,-6.326585713246,
    -370.9446337541));
#238 = CARTESIAN_POINT('',(3.23817538356,-5.420897743066,-369.8331969577
    ));
#239 = CARTESIAN_POINT('',(4.746081998511,-3.839849763197,
    -368.7222617719));
#240 = CARTESIAN_POINT('',(5.499999919157,-1.919838463646,
    -367.6111121151));
#241 = CARTESIAN_POINT('',(5.499999601413,-5.837550758519E-07,
    -366.4999967448));
#242 = CARTESIAN_POINT('',(30.,0.,-386.5));
#243 = CARTESIAN_POINT('',(29.999999478168,10.471999670622,
    -385.3888931504));
#244 = CARTESIAN_POINT('',(25.887627265922,20.943829556799,
    -384.277820583));
#245 = CARTESIAN_POINT('',(17.663066673146,29.570194423088,
    -383.1665335468));
#246 = CARTESIAN_POINT('',(6.292466647383,34.506813346403,
    -382.0557481222));
#247 = CARTESIAN_POINT('',(-6.292512697583,34.507247758363,
    -380.9443064363));
#248 = CARTESIAN_POINT('',(-17.6629866289,29.569905975995,
    -379.8333800411));
#249 = CARTESIAN_POINT('',(-25.88766618385,20.943948429106,
    -378.7222232852));
#250 = CARTESIAN_POINT('',(-34.11233320917,-3.475128005764E-07,
    -376.5000016281));
#251 = CARTESIAN_POINT('',(-25.88766563543,-20.94394890876,
    -374.2777799709));
#252 = CARTESIAN_POINT('',(-17.66297900597,-29.5699090531,-373.166623215
    ));
#253 = CARTESIAN_POINT('',(-6.29253860754,-34.50724057983,
    -372.0556968197));
#254 = CARTESIAN_POINT('',(6.292508313032,-34.50682068282,
    -370.9442551341));
#255 = CARTESIAN_POINT('',(17.663035944976,-29.57019084756,
    -369.8334697094));
#256 = CARTESIAN_POINT('',(25.887637703521,-20.94382946289,
    -368.7221826721));
#257 = CARTESIAN_POINT('',(30.000000326691,-10.47199908635,
    -367.6111101072));
#258 = CARTESIAN_POINT('',(29.999999601412,5.83732116282E-07,
    -366.5000032551));
#259 = DEFINITIONAL_REPRESENTATION('',(#260),#354);
#260 = B_SPLINE_CURVE_WITH_KNOTS('',8,(#261,#262,#263,#264,#265,#266,
    #267,#268,#269,#270,#271,#272,#273,#274,#275,#276,#277,#278,#279,
    #280,#281,#282,#283,#284,#285,#286,#287,#288,#289,#290,#291,#292,
    #293,#294,#295,#296,#297,#298,#299,#300,#301,#302,#303,#304,#305,
    #306,#307,#308,#309,#310,#311,#312,#313,#314,#315,#316,#317,#318,
    #319,#320,#321,#322,#323,#324,#325,#326,#327,#328,#329,#330,#331,
    #332,#333,#334,#335,#336,#337,#338,#339,#340,#341,#342,#343,#344,
    #345,#346,#347,#348,#349,#350,#351,#352,#353),.UNSPECIFIED.,.F.,.F.,
  (9,7,7,7,7,7,7,7,7,7,7,7,7,9),(0.,2.550021723305E-02,
    7.541576967505E-02,0.143911447189,0.170917530083,0.344875203857,
    0.361879031408,0.487890332827,0.613901621764,0.647909249377,
    0.79275563484,0.808759234866,0.979604830534,1.),.UNSPECIFIED.);
#261 = CARTESIAN_POINT('',(0.5,0.));
#262 = CARTESIAN_POINT('',(0.500000029934,6.680780084626E-02));
#263 = CARTESIAN_POINT('',(0.500000114539,0.133615411399));
#264 = CARTESIAN_POINT('',(0.50000021914,0.200422886516));
#265 = CARTESIAN_POINT('',(0.500000317827,0.267230270269));
#266 = CARTESIAN_POINT('',(0.500000393459,0.334037595951));
#267 = CARTESIAN_POINT('',(0.500000437658,0.40084488607));
#268 = CARTESIAN_POINT('',(0.500000450815,0.467652152352));
#269 = CARTESIAN_POINT('',(0.500000425002,0.665231633105));
#270 = CARTESIAN_POINT('',(0.500000305842,0.796005052372));
#271 = CARTESIAN_POINT('',(0.500000122296,0.926778073918));
#272 = CARTESIAN_POINT('',(0.499999920514,1.057550601698));
#273 = CARTESIAN_POINT('',(0.499999745265,1.188323269443));
#274 = CARTESIAN_POINT('',(0.499999630109,1.319096686843));
#275 = CARTESIAN_POINT('',(0.499999587548,1.449870685742));
#276 = CARTESIAN_POINT('',(0.499999615186,1.760094190792));
#277 = CARTESIAN_POINT('',(0.499999740302,1.939550606882));
#278 = CARTESIAN_POINT('',(0.499999958934,2.119004468207));
#279 = CARTESIAN_POINT('',(0.500000205797,2.298455074619));
#280 = CARTESIAN_POINT('',(0.500000415236,2.477905573049));
#281 = CARTESIAN_POINT('',(0.500000548899,2.657359145772));
#282 = CARTESIAN_POINT('',(0.500000601797,2.836815186087));
#283 = CARTESIAN_POINT('',(0.500000580807,3.087018086808));
#284 = CARTESIAN_POINT('',(0.500000564179,3.157770720867));
#285 = CARTESIAN_POINT('',(0.500000537914,3.22852335915));
#286 = CARTESIAN_POINT('',(0.50000050328,3.299275997176));
#287 = CARTESIAN_POINT('',(0.500000461762,3.370028630434));
#288 = CARTESIAN_POINT('',(0.500000415058,3.440781254391));
#289 = CARTESIAN_POINT('',(0.500000365083,3.511533864483));
#290 = CARTESIAN_POINT('',(0.499999984696,4.038034011334));
#291 = CARTESIAN_POINT('',(0.499999612222,4.494374552244));
#292 = CARTESIAN_POINT('',(0.49999961184,4.95037459503));
#293 = CARTESIAN_POINT('',(0.500000759016,5.406131536646));
#294 = CARTESIAN_POINT('',(0.500001021943,5.861888255864));
#295 = CARTESIAN_POINT('',(0.500000562378,6.317888524773));
#296 = CARTESIAN_POINT('',(0.500000127961,6.774229455693));
#297 = CARTESIAN_POINT('',(0.499999884478,7.274525261856));
#298 = CARTESIAN_POINT('',(0.499999864881,7.319073213246));
#299 = CARTESIAN_POINT('',(0.499999847593,7.36362116445));
#300 = CARTESIAN_POINT('',(0.499999832794,7.408169114951));
#301 = CARTESIAN_POINT('',(0.499999820627,7.452717064245));
#302 = CARTESIAN_POINT('',(0.499999811192,7.497265011844));
#303 = CARTESIAN_POINT('',(0.499999804548,7.54181295727));
#304 = CARTESIAN_POINT('',(0.499999772288,7.916495055451));
#305 = CARTESIAN_POINT('',(0.49999989342,8.24674834246));
#306 = CARTESIAN_POINT('',(0.500000194361,8.576940617333));
#307 = CARTESIAN_POINT('',(0.500000496681,8.907075868497));
#308 = CARTESIAN_POINT('',(0.500000551846,9.237211388846));
#309 = CARTESIAN_POINT('',(0.500000400776,9.567404230435));
#310 = CARTESIAN_POINT('',(0.500000408316,9.89765789437));
#311 = CARTESIAN_POINT('',(0.500000444817,10.557926490192));
#312 = CARTESIAN_POINT('',(0.500000430991,10.888179642475));
#313 = CARTESIAN_POINT('',(0.500000400234,11.218372281881));
#314 = CARTESIAN_POINT('',(0.500000763067,11.548508051648));
#315 = CARTESIAN_POINT('',(0.50000090741,11.87864359331));
#316 = CARTESIAN_POINT('',(0.50000042509,12.208835939004));
#317 = CARTESIAN_POINT('',(0.500000113228,12.539089336303));
#318 = CARTESIAN_POINT('',(0.499999818235,12.958319346477));
#319 = CARTESIAN_POINT('',(0.499999764404,13.047415346103));
#320 = CARTESIAN_POINT('',(0.499999722463,13.136511268328));
#321 = CARTESIAN_POINT('',(0.499999694698,13.22560709524));
#322 = CARTESIAN_POINT('',(0.499999682573,13.31470292376));
#323 = CARTESIAN_POINT('',(0.499999686638,13.403798850647));
#324 = CARTESIAN_POINT('',(0.499999706441,13.492894857488));
#325 = CARTESIAN_POINT('',(0.49999988525,13.961470566284));
#326 = CARTESIAN_POINT('',(0.500000275432,14.341188579344));
#327 = CARTESIAN_POINT('',(0.500000879282,14.72077974053));
#328 = CARTESIAN_POINT('',(0.500001088324,15.100262300617));
#329 = CARTESIAN_POINT('',(0.500000671361,15.479744926952));
#330 = CARTESIAN_POINT('',(0.500000012402,15.859336235999));
#331 = CARTESIAN_POINT('',(0.499999728014,16.239054367656));
#332 = CARTESIAN_POINT('',(0.499999763168,16.660461767737));
#333 = CARTESIAN_POINT('',(0.499999770681,16.702389253044));
#334 = CARTESIAN_POINT('',(0.499999782239,16.744316737419));
#335 = CARTESIAN_POINT('',(0.499999797811,16.786244220422));
#336 = CARTESIAN_POINT('',(0.499999817304,16.828171701635));
#337 = CARTESIAN_POINT('',(0.499999840567,16.87009918066));
#338 = CARTESIAN_POINT('',(0.499999867391,16.912026657122));
#339 = CARTESIAN_POINT('',(0.500000218975,17.401548683172));
#340 = CARTESIAN_POINT('',(0.500000977478,17.849685130218));
#341 = CARTESIAN_POINT('',(0.500001365453,18.297512461853));
#342 = CARTESIAN_POINT('',(0.500002147881,18.745114888178));
#343 = CARTESIAN_POINT('',(0.499997426337,19.192718402141));
#344 = CARTESIAN_POINT('',(0.499998351774,19.640549315648));
#345 = CARTESIAN_POINT('',(0.499999735549,20.088683875359));
#346 = CARTESIAN_POINT('',(0.500000268019,20.58971022617));
#347 = CARTESIAN_POINT('',(0.500000314023,20.643142975222));
#348 = CARTESIAN_POINT('',(0.500000345655,20.696575748851));
#349 = CARTESIAN_POINT('',(0.500000362695,20.750008560842));
#350 = CARTESIAN_POINT('',(0.500000368297,20.803441427153));
#351 = CARTESIAN_POINT('',(0.500000368987,20.856874365916));
#352 = CARTESIAN_POINT('',(0.500000374661,20.910307397437));
#353 = CARTESIAN_POINT('',(0.500000398587,20.963740544196));
#354 = ( GEOMETRIC_REPRESENTATION_CONTEXT(2) 
PARAMETRIC_REPRESENTATION_CONTEXT() REPRESENTATION_CONTEXT('2D SPACE',''
  ) );
#355 = ORIENTED_EDGE('',*,*,#356,.F.);
#356 = EDGE_CURVE('',#357,#24,#359,.T.);
#357 = VERTEX_POINT('',#358);
#358 = CARTESIAN_POINT('',(6.,-3.91523548276E-15,-383.5));
#359 = SURFACE_CURVE('',#360,(#364,#371),.PCURVE_S1.);
#360 = LINE('',#361,#362);
#361 = CARTESIAN_POINT('',(6.,0.,-400.));
#362 = VECTOR('',#363,1.);
#363 = DIRECTION('',(0.,0.,1.));
#364 = PCURVE('',#122,#365);
#365 = DEFINITIONAL_REPRESENTATION('',(#366),#370);
#366 = LINE('',#367,#368);
#367 = CARTESIAN_POINT('',(-6.28318530718,0.));
#368 = VECTOR('',#369,1.);
#369 = DIRECTION('',(-0.,-1.));
#370 = ( GEOMETRIC_REPRESENTATION_CONTEXT(2) 
PARAMETRIC_REPRESENTATION_CONTEXT() REPRESENTATION_CONTEXT('2D SPACE',''
  ) );
#371 = PCURVE('',#372,#377);
#372 = CYLINDRICAL_SURFACE('',#373,6.);
#373 = AXIS2_PLACEMENT_3D('',#374,#375,#376);
#374 = CARTESIAN_POINT('',(0.,0.,-400.));
#375 = DIRECTION('',(-0.,-0.,-1.));
#376 = DIRECTION('',(1.,0.,0.));
#377 = DEFINITIONAL_REPRESENTATION('',(#378),#382);
#378 = LINE('',#379,#380);
#379 = CARTESIAN_POINT('',(-0.,0.));
#380 = VECTOR('',#381,1.);
#381 = DIRECTION('',(-0.,-1.));
#382 = ( GEOMETRIC_REPRESENTATION_CONTEXT(2) 
PARAMETRIC_REPRESENTATION_CONTEXT() REPRESENTATION_CONTEXT('2D SPACE',''
  ) );
#383 = ORIENTED_EDGE('',*,*,#384,.F.);
#384 = EDGE_CURVE('',#22,#357,#385,.T.);
#385 = SURFACE_CURVE('',#386,(#390,#397),.PCURVE_S1.);
#386 = LINE('',#387,#388);
#387 = CARTESIAN_POINT('',(6.,0.,-400.));
#388 = VECTOR('',#389,1.);
#389 = DIRECTION('',(0.,0.,1.));
#390 = PCURVE('',#122,#391);
#391 = DEFINITIONAL_REPRESENTATION('',(#392),#396);
#392 = LINE('',#393,#394);
#393 = CARTESIAN_POINT('',(-6.28318530718,0.));
#394 = VECTOR('',#395,1.);
#395 = DIRECTION('',(-0.,-1.));
#396 = ( GEOMETRIC_REPRESENTATION_CONTEXT(2) 
PARAMETRIC_REPRESENTATION_CONTEXT() REPRESENTATION_CONTEXT('2D SPACE',''
  ) );
#397 = PCURVE('',#398,#403);
#398 = PLANE('',#399);
#399 = AXIS2_PLACEMENT_3D('',#400,#401,#402);
#400 = CARTESIAN_POINT('',(17.75,-2.729956737685E-15,-385.));
#401 = DIRECTION('',(-0.,-1.,-1.283060865938E-15));
#402 = DIRECTION('',(0.,1.283060865938E-15,-1.));
#403 = DEFINITIONAL_REPRESENTATION('',(#404),#408);
#404 = LINE('',#405,#406);
#405 = CARTESIAN_POINT('',(15.,-11.75));
#406 = VECTOR('',#407,1.);
#407 = DIRECTION('',(-1.,0.));
#408 = ( GEOMETRIC_REPRESENTATION_CONTEXT(2) 
PARAMETRIC_REPRESENTATION_CONTEXT() REPRESENTATION_CONTEXT('2D SPACE',''
  ) );
#409 = ORIENTED_EDGE('',*,*,#410,.F.);
#410 = EDGE_CURVE('',#411,#22,#413,.T.);
#411 = VERTEX_POINT('',#412);
#412 = CARTESIAN_POINT('',(6.,0.,-400.));
#413 = SEAM_CURVE('',#414,(#418,#425),.PCURVE_S1.);
#414 = LINE('',#415,#416);
#415 = CARTESIAN_POINT('',(6.,0.,-400.));
#416 = VECTOR('',#417,1.);
#417 = DIRECTION('',(0.,0.,1.));
#418 = PCURVE('',#122,#419);
#419 = DEFINITIONAL_REPRESENTATION('',(#420),#424);
#420 = LINE('',#421,#422);
#421 = CARTESIAN_POINT('',(-6.28318530718,0.));
#422 = VECTOR('',#423,1.);
#423 = DIRECTION('',(-0.,-1.));
#424 = ( GEOMETRIC_REPRESENTATION_CONTEXT(2) 
PARAMETRIC_REPRESENTATION_CONTEXT() REPRESENTATION_CONTEXT('2D SPACE',''
  ) );
#425 = PCURVE('',#122,#426);
#426 = DEFINITIONAL_REPRESENTATION('',(#427),#431);
#427 = LINE('',#428,#429);
#428 = CARTESIAN_POINT('',(-0.,0.));
#429 = VECTOR('',#430,1.);
#430 = DIRECTION('',(-0.,-1.));
#431 = ( GEOMETRIC_REPRESENTATION_CONTEXT(2) 
PARAMETRIC_REPRESENTATION_CONTEXT() REPRESENTATION_CONTEXT('2D SPACE',''
  ) );
#432 = ORIENTED_EDGE('',*,*,#433,.F.);
#433 = EDGE_CURVE('',#434,#411,#436,.T.);
#434 = VERTEX_POINT('',#435);
#435 = CARTESIAN_POINT('',(-6.,-1.469576158977E-15,-400.));
#436 = SURFACE_CURVE('',#437,(#442,#449),.PCURVE_S1.);
#437 = CIRCLE('',#438,6.);
#438 = AXIS2_PLACEMENT_3D('',#439,#440,#441);
#439 = CARTESIAN_POINT('',(0.,0.,-400.));
#440 = DIRECTION('',(0.,0.,1.));
#441 = DIRECTION('',(1.,0.,0.));
#442 = PCURVE('',#122,#443);
#443 = DEFINITIONAL_REPRESENTATION('',(#444),#448);
#444 = LINE('',#445,#446);
#445 = CARTESIAN_POINT('',(-0.,0.));
#446 = VECTOR('',#447,1.);
#447 = DIRECTION('',(-1.,0.));
#448 = ( GEOMETRIC_REPRESENTATION_CONTEXT(2) 
PARAMETRIC_REPRESENTATION_CONTEXT() REPRESENTATION_CONTEXT('2D SPACE',''
  ) );
#449 = PCURVE('',#450,#455);
#450 = CONICAL_SURFACE('',#451,6.,0.268366210906);
#451 = AXIS2_PLACEMENT_3D('',#452,#453,#454);
#452 = CARTESIAN_POINT('',(0.,0.,-400.));
#453 = DIRECTION('',(-0.,-0.,1.));
#454 = DIRECTION('',(-1.,0.,-0.));
#455 = DEFINITIONAL_REPRESENTATION('',(#456),#459);
#456 = B_SPLINE_CURVE_WITH_KNOTS('',1,(#457,#458),.UNSPECIFIED.,.F.,.F.,
  (2,2),(3.14159265359,6.28318530718),.PIECEWISE_BEZIER_KNOTS.);
#457 = CARTESIAN_POINT('',(-6.28318530718,0.));
#458 = CARTESIAN_POINT('',(-3.14159265359,0.));
#459 = ( GEOMETRIC_REPRESENTATION_CONTEXT(2) 
PARAMETRIC_REPRESENTATION_CONTEXT() REPRESENTATION_CONTEXT('2D SPACE',''
  ) );
#460 = ORIENTED_EDGE('',*,*,#461,.F.);
#461 = EDGE_CURVE('',#411,#434,#462,.T.);
#462 = SURFACE_CURVE('',#463,(#468,#475),.PCURVE_S1.);
#463 = CIRCLE('',#464,6.);
#464 = AXIS2_PLACEMENT_3D('',#465,#466,#467);
#465 = CARTESIAN_POINT('',(0.,0.,-400.));
#466 = DIRECTION('',(0.,0.,1.));
#467 = DIRECTION('',(1.,0.,0.));
#468 = PCURVE('',#122,#469);
#469 = DEFINITIONAL_REPRESENTATION('',(#470),#474);
#470 = LINE('',#471,#472);
#471 = CARTESIAN_POINT('',(-0.,0.));
#472 = VECTOR('',#473,1.);
#473 = DIRECTION('',(-1.,0.));
#474 = ( GEOMETRIC_REPRESENTATION_CONTEXT(2) 
PARAMETRIC_REPRESENTATION_CONTEXT() REPRESENTATION_CONTEXT('2D SPACE',''
  ) );
#475 = PCURVE('',#450,#476);
#476 = DEFINITIONAL_REPRESENTATION('',(#477),#480);
#477 = B_SPLINE_CURVE_WITH_KNOTS('',1,(#478,#479),.UNSPECIFIED.,.F.,.F.,
  (2,2),(0.,3.14159265359),.PIECEWISE_BEZIER_KNOTS.);
#478 = CARTESIAN_POINT('',(-3.14159265359,0.));
#479 = CARTESIAN_POINT('',(0.,0.));
#480 = ( GEOMETRIC_REPRESENTATION_CONTEXT(2) 
PARAMETRIC_REPRESENTATION_CONTEXT() REPRESENTATION_CONTEXT('2D SPACE',''
  ) );
#481 = ORIENTED_EDGE('',*,*,#410,.T.);
#482 = ADVANCED_FACE('',(#483),#224,.F.);
#483 = FACE_BOUND('',#484,.F.);
#484 = EDGE_LOOP('',(#485,#486,#507,#578));
#485 = ORIENTED_EDGE('',*,*,#21,.F.);
#486 = ORIENTED_EDGE('',*,*,#487,.T.);
#487 = EDGE_CURVE('',#22,#488,#490,.T.);
#488 = VERTEX_POINT('',#489);
#489 = CARTESIAN_POINT('',(30.,-3.552713678801E-15,-386.5));
#490 = SURFACE_CURVE('',#491,(#494,#501),.PCURVE_S1.);
#491 = B_SPLINE_CURVE_WITH_KNOTS('',1,(#492,#493),.UNSPECIFIED.,.F.,.F.,
  (2,2),(0.,24.5),.PIECEWISE_BEZIER_KNOTS.);
#492 = CARTESIAN_POINT('',(5.5,-8.881784197001E-16,-386.5));
#493 = CARTESIAN_POINT('',(30.,0.,-386.5));
#494 = PCURVE('',#224,#495);
#495 = DEFINITIONAL_REPRESENTATION('',(#496),#500);
#496 = LINE('',#497,#498);
#497 = CARTESIAN_POINT('',(0.,0.));
#498 = VECTOR('',#499,1.);
#499 = DIRECTION('',(1.,0.));
#500 = ( GEOMETRIC_REPRESENTATION_CONTEXT(2) 
PARAMETRIC_REPRESENTATION_CONTEXT() REPRESENTATION_CONTEXT('2D SPACE',''
  ) );
#501 = PCURVE('',#398,#502);
#502 = DEFINITIONAL_REPRESENTATION('',(#503),#506);
#503 = B_SPLINE_CURVE_WITH_KNOTS('',1,(#504,#505),.UNSPECIFIED.,.F.,.F.,
  (2,2),(0.,24.5),.PIECEWISE_BEZIER_KNOTS.);
#504 = CARTESIAN_POINT('',(1.5,-12.25));
#505 = CARTESIAN_POINT('',(1.5,12.25));
#506 = ( GEOMETRIC_REPRESENTATION_CONTEXT(2) 
PARAMETRIC_REPRESENTATION_CONTEXT() REPRESENTATION_CONTEXT('2D SPACE',''
  ) );
#507 = ORIENTED_EDGE('',*,*,#508,.T.);
#508 = EDGE_CURVE('',#488,#509,#511,.T.);
#509 = VERTEX_POINT('',#510);
#510 = CARTESIAN_POINT('',(29.999999601412,5.837321091766E-07,
    -366.5000032551));
#511 = SURFACE_CURVE('',#512,(#530,#537),.PCURVE_S1.);
#512 = B_SPLINE_CURVE_WITH_KNOTS('',9,(#513,#514,#515,#516,#517,#518,
    #519,#520,#521,#522,#523,#524,#525,#526,#527,#528,#529),
  .UNSPECIFIED.,.F.,.F.,(10,7,10),(0.,10.481870272098,20.963740544196),
  .UNSPECIFIED.);
#513 = CARTESIAN_POINT('',(30.,0.,-386.5));
#514 = CARTESIAN_POINT('',(29.999999478168,10.471999670622,
    -385.3888931504));
#515 = CARTESIAN_POINT('',(25.887627265922,20.943829556799,
    -384.277820583));
#516 = CARTESIAN_POINT('',(17.663066673146,29.570194423088,
    -383.1665335468));
#517 = CARTESIAN_POINT('',(6.292466647383,34.506813346403,
    -382.0557481222));
#518 = CARTESIAN_POINT('',(-6.292512697583,34.507247758363,
    -380.9443064363));
#519 = CARTESIAN_POINT('',(-17.6629866289,29.569905975995,
    -379.8333800411));
#520 = CARTESIAN_POINT('',(-25.88766618385,20.943948429106,
    -378.7222232852));
#521 = CARTESIAN_POINT('',(-34.11233320917,-3.475128005764E-07,
    -376.5000016281));
#522 = CARTESIAN_POINT('',(-25.88766563543,-20.94394890876,
    -374.2777799709));
#523 = CARTESIAN_POINT('',(-17.66297900597,-29.5699090531,-373.166623215
    ));
#524 = CARTESIAN_POINT('',(-6.29253860754,-34.50724057983,
    -372.0556968197));
#525 = CARTESIAN_POINT('',(6.292508313032,-34.50682068282,
    -370.9442551341));
#526 = CARTESIAN_POINT('',(17.663035944976,-29.57019084756,
    -369.8334697094));
#527 = CARTESIAN_POINT('',(25.887637703521,-20.94382946289,
    -368.7221826721));
#528 = CARTESIAN_POINT('',(30.000000326691,-10.47199908635,
    -367.6111101072));
#529 = CARTESIAN_POINT('',(29.999999601412,5.83732116282E-07,
    -366.5000032551));
#530 = PCURVE('',#224,#531);
#531 = DEFINITIONAL_REPRESENTATION('',(#532),#536);
#532 = LINE('',#533,#534);
#533 = CARTESIAN_POINT('',(24.5,0.));
#534 = VECTOR('',#535,1.);
#535 = DIRECTION('',(0.,1.));
#536 = ( GEOMETRIC_REPRESENTATION_CONTEXT(2) 
PARAMETRIC_REPRESENTATION_CONTEXT() REPRESENTATION_CONTEXT('2D SPACE',''
  ) );
#537 = PCURVE('',#538,#573);
#538 = B_SPLINE_SURFACE_WITH_KNOTS('',1,9,(
    (#539,#540,#541,#542,#543,#544,#545,#546,#547,#548,#549,#550,#551
      ,#552,#553,#554,#555)
    ,(#556,#557,#558,#559,#560,#561,#562,#563,#564,#565,#566,#567,#568
      ,#569,#570,#571,#572
    )),.UNSPECIFIED.,.F.,.F.,.F.,(2,2),(10,7,10),(0.,3.),(0.,
    10.481870272098,20.963740544196),.UNSPECIFIED.);
#539 = CARTESIAN_POINT('',(30.,-3.552713678801E-15,-386.5));
#540 = CARTESIAN_POINT('',(29.999999478168,10.471999670622,
    -385.3888931504));
#541 = CARTESIAN_POINT('',(25.887627265922,20.943829556798,
    -384.277820583));
#542 = CARTESIAN_POINT('',(17.663066673145,29.570194423089,
    -383.1665335468));
#543 = CARTESIAN_POINT('',(6.292466647383,34.506813346403,
    -382.0557481222));
#544 = CARTESIAN_POINT('',(-6.292512697583,34.507247758364,
    -380.9443064363));
#545 = CARTESIAN_POINT('',(-17.6629866289,29.569905975995,
    -379.8333800411));
#546 = CARTESIAN_POINT('',(-25.88766618385,20.943948429106,
    -378.7222232852));
#547 = CARTESIAN_POINT('',(-34.11233320917,-3.475128611959E-07,
    -376.5000016281));
#548 = CARTESIAN_POINT('',(-25.88766563543,-20.94394890876,
    -374.2777799709));
#549 = CARTESIAN_POINT('',(-17.66297900597,-29.5699090531,-373.166623215
    ));
#550 = CARTESIAN_POINT('',(-6.29253860754,-34.50724057983,
    -372.0556968197));
#551 = CARTESIAN_POINT('',(6.292508313032,-34.50682068282,
    -370.9442551342));
#552 = CARTESIAN_POINT('',(17.663035944976,-29.57019084756,
    -369.8334697094));
#553 = CARTESIAN_POINT('',(25.887637703521,-20.94382946289,
    -368.7221826721));
#554 = CARTESIAN_POINT('',(30.000000326691,-10.47199908635,
    -367.6111101072));
#555 = CARTESIAN_POINT('',(29.999999601412,5.837321091766E-07,
    -366.5000032551));
#556 = CARTESIAN_POINT('',(30.,-1.42108547152E-14,-383.5));
#557 = CARTESIAN_POINT('',(30.000000521842,10.471999809801,
    -382.3888931504));
#558 = CARTESIAN_POINT('',(25.887637639457,20.943830245002,
    -381.277820583));
#559 = CARTESIAN_POINT('',(17.663035604698,29.570191584225,
    -380.1665335468));
#560 = CARTESIAN_POINT('',(6.292507724551,34.50682126421,-379.0557481221
    ));
#561 = CARTESIAN_POINT('',(-6.292539362654,34.507240915777,
    -377.9443064363));
#562 = CARTESIAN_POINT('',(-17.66297981634,29.569909102353,
    -376.8333800411));
#563 = CARTESIAN_POINT('',(-25.88766638716,20.943948683218,
    -375.7222232852));
#564 = CARTESIAN_POINT('',(-34.11233366254,-3.164853380643E-07,
    -373.500001628));
#565 = CARTESIAN_POINT('',(-25.88766612024,-20.94394921136,
    -371.2777799709));
#566 = CARTESIAN_POINT('',(-17.662986288,-29.56990671278,-370.166623215)
  );
#567 = CARTESIAN_POINT('',(-6.292512109838,-34.50724833948,
    -369.0556968197));
#568 = CARTESIAN_POINT('',(6.292467403226,-34.50681368262,
    -367.9442551342));
#569 = CARTESIAN_POINT('',(17.663067482987,-29.57019447202,
    -366.8334697094));
#570 = CARTESIAN_POINT('',(25.887628017819,-20.94382933162,
    -365.7221826721));
#571 = CARTESIAN_POINT('',(30.000000080836,-10.47199922551,
    -364.6111101072));
#572 = CARTESIAN_POINT('',(30.000000398587,5.837545374581E-07,
    -363.5000032551));
#573 = DEFINITIONAL_REPRESENTATION('',(#574),#577);
#574 = B_SPLINE_CURVE_WITH_KNOTS('',1,(#575,#576),.UNSPECIFIED.,.F.,.F.,
  (2,2),(0.,20.963740544196),.PIECEWISE_BEZIER_KNOTS.);
#575 = CARTESIAN_POINT('',(0.,0.));
#576 = CARTESIAN_POINT('',(0.,20.963740544196));
#577 = ( GEOMETRIC_REPRESENTATION_CONTEXT(2) 
PARAMETRIC_REPRESENTATION_CONTEXT() REPRESENTATION_CONTEXT('2D SPACE',''
  ) );
#578 = ORIENTED_EDGE('',*,*,#579,.F.);
#579 = EDGE_CURVE('',#24,#509,#580,.T.);
#580 = SURFACE_CURVE('',#581,(#584,#591),.PCURVE_S1.);
#581 = B_SPLINE_CURVE_WITH_KNOTS('',1,(#582,#583),.UNSPECIFIED.,.F.,.F.,
  (2,2),(0.,24.5),.PIECEWISE_BEZIER_KNOTS.);
#582 = CARTESIAN_POINT('',(5.499999601413,-5.837550758519E-07,
    -366.4999967448));
#583 = CARTESIAN_POINT('',(29.999999601412,5.83732116282E-07,
    -366.5000032551));
#584 = PCURVE('',#224,#585);
#585 = DEFINITIONAL_REPRESENTATION('',(#586),#590);
#586 = LINE('',#587,#588);
#587 = CARTESIAN_POINT('',(0.,20.963740544196));
#588 = VECTOR('',#589,1.);
#589 = DIRECTION('',(1.,0.));
#590 = ( GEOMETRIC_REPRESENTATION_CONTEXT(2) 
PARAMETRIC_REPRESENTATION_CONTEXT() REPRESENTATION_CONTEXT('2D SPACE',''
  ) );
#591 = PCURVE('',#592,#597);
#592 = PLANE('',#593);
#593 = AXIS2_PLACEMENT_3D('',#594,#595,#596);
#594 = CARTESIAN_POINT('',(17.75,-2.688629818173E-13,-365.));
#595 = DIRECTION('',(4.765253839753E-08,-1.,7.461747263803E-12));
#596 = DIRECTION('',(-1.,-4.765253839753E-08,0.));
#597 = DEFINITIONAL_REPRESENTATION('',(#598),#601);
#598 = B_SPLINE_CURVE_WITH_KNOTS('',1,(#599,#600),.UNSPECIFIED.,.F.,.F.,
  (2,2),(0.,24.5),.PIECEWISE_BEZIER_KNOTS.);
#599 = CARTESIAN_POINT('',(12.250000398587,1.49999674487));
#600 = CARTESIAN_POINT('',(-12.24999960141,1.50000325513));
#601 = ( GEOMETRIC_REPRESENTATION_CONTEXT(2) 
PARAMETRIC_REPRESENTATION_CONTEXT() REPRESENTATION_CONTEXT('2D SPACE',''
  ) );
#602 = ADVANCED_FACE('',(#603),#372,.T.);
#603 = FACE_BOUND('',#604,.F.);
#604 = EDGE_LOOP('',(#605,#912,#913,#932,#955,#986));
#605 = ORIENTED_EDGE('',*,*,#606,.F.);
#606 = EDGE_CURVE('',#357,#607,#609,.T.);
#607 = VERTEX_POINT('',#608);
#608 = CARTESIAN_POINT('',(6.,-5.599064018322E-07,-363.4999968777));
#609 = SURFACE_CURVE('',#610,(#697,#787),.PCURVE_S1.);
#610 = B_SPLINE_CURVE_WITH_KNOTS('',8,(#611,#612,#613,#614,#615,#616,
    #617,#618,#619,#620,#621,#622,#623,#624,#625,#626,#627,#628,#629,
    #630,#631,#632,#633,#634,#635,#636,#637,#638,#639,#640,#641,#642,
    #643,#644,#645,#646,#647,#648,#649,#650,#651,#652,#653,#654,#655,
    #656,#657,#658,#659,#660,#661,#662,#663,#664,#665,#666,#667,#668,
    #669,#670,#671,#672,#673,#674,#675,#676,#677,#678,#679,#680,#681,
    #682,#683,#684,#685,#686,#687,#688,#689,#690,#691,#692,#693,#694,
    #695,#696),.UNSPECIFIED.,.F.,.F.,(9,7,7,7,7,7,7,7,7,7,7,7,9),(0.,
    6.400725945451E-02,0.140574364139,0.20958192324,0.326503660309,
    0.411492771292,0.589423580056,0.673431519006,0.78443584533,
    0.858443659595,0.926328166234,0.976264120188,1.),.UNSPECIFIED.);
#611 = CARTESIAN_POINT('',(6.,-1.06581410364E-14,-383.5));
#612 = CARTESIAN_POINT('',(6.,0.301588547039,-383.3399999478));
#613 = CARTESIAN_POINT('',(5.9826751037,0.603185700639,-383.1799965306)
  );
#614 = CARTESIAN_POINT('',(5.948023637522,0.903618760248,-383.0199952207
    ));
#615 = CARTESIAN_POINT('',(5.896140840821,1.201725754636,-382.8599963414
    ));
#616 = CARTESIAN_POINT('',(5.827213919583,1.496358975009,-382.6999976526
    ));
#617 = CARTESIAN_POINT('',(5.741519762823,1.786389078933,-382.5399969379
    ));
#618 = CARTESIAN_POINT('',(5.639425321709,2.07070976506,-382.3799945906)
  );
#619 = CARTESIAN_POINT('',(5.380194589646,2.680235324891,-382.0286020763
    ));
#620 = CARTESIAN_POINT('',(5.216177514335,3.002541537838,-381.8371985574
    ));
#621 = CARTESIAN_POINT('',(5.03012403329,3.313306210905,-381.6457992943)
  );
#622 = CARTESIAN_POINT('',(4.822993422498,3.610776443797,-381.4544052734
    ));
#623 = CARTESIAN_POINT('',(4.595903588,3.893303986998,-381.2630111543));
#624 = CARTESIAN_POINT('',(4.350121208972,4.159351970809,-381.0716116123
    ));
#625 = CARTESIAN_POINT('',(4.087058061964,4.407506258923,-380.8802076868
    ));
#626 = CARTESIAN_POINT('',(3.557013662212,4.842868663302,-380.5163151569
    ));
#627 = CARTESIAN_POINT('',(3.292963857141,5.033691276416,-380.3438114391
    ));
#628 = CARTESIAN_POINT('',(3.017259415136,5.208023873985,-380.1713101718
    ));
#629 = CARTESIAN_POINT('',(2.731107213834,5.365042291601,-379.9988120082
    ));
#630 = CARTESIAN_POINT('',(2.435776926382,5.504031045852,-379.8263138341
    ));
#631 = CARTESIAN_POINT('',(2.132594136265,5.624384499271,-379.6538125361
    ));
#632 = CARTESIAN_POINT('',(1.822935345084,5.725611736759,-379.4813087699
    ));
#633 = CARTESIAN_POINT('',(0.975000752382,5.945828722289,-379.0165417206
    ));
#634 = CARTESIAN_POINT('',(0.42710145098,6.028394944007,-378.7241945093)
  );
#635 = CARTESIAN_POINT('',(-0.128421135357,6.053157500088,
    -378.4318870553));
#636 = CARTESIAN_POINT('',(-0.684424395678,6.019410732245,
    -378.1396182224));
#637 = CARTESIAN_POINT('',(-1.233811083458,5.927471495921,
    -377.8473494624));
#638 = CARTESIAN_POINT('',(-1.769593925659,5.778624314465,
    -377.5550421824));
#639 = CARTESIAN_POINT('',(-2.284970947281,5.575160407986,
    -377.2626951467));
#640 = CARTESIAN_POINT('',(-3.128595454536,5.135392202148,
    -376.7579792672));
#641 = CARTESIAN_POINT('',(-3.469604559673,4.923183129746,
    -376.5455162307));
#642 = CARTESIAN_POINT('',(-3.794066594759,4.685144791998,
    -376.3330602063));
#643 = CARTESIAN_POINT('',(-4.099709119361,4.422800654487,
    -376.1206129948));
#644 = CARTESIAN_POINT('',(-4.384441049113,4.137897986709,
    -375.9081657773));
#645 = CARTESIAN_POINT('',(-4.646361806275,3.832389581577,
    -375.6957097387));
#646 = CARTESIAN_POINT('',(-4.883780242627,3.508426017712,
    -375.4832466873));
#647 = CARTESIAN_POINT('',(-5.537956507806,2.45640261437,-374.8260265787
    ));
#648 = CARTESIAN_POINT('',(-5.86760804705,1.672733058066,-374.3806204431
    ));
#649 = CARTESIAN_POINT('',(-6.069457963959,0.839800147115,
    -373.9355847956));
#650 = CARTESIAN_POINT('',(-6.135914132524,-1.772890181391E-02,
    -373.4908009303));
#651 = CARTESIAN_POINT('',(-6.064503638695,-0.874860049239,
    -373.0460177173));
#652 = CARTESIAN_POINT('',(-5.857843795958,-1.706612347687,
    -372.6009817237));
#653 = CARTESIAN_POINT('',(-5.523669209117,-2.488363829304,
    -372.1555755819));
#654 = CARTESIAN_POINT('',(-4.865888455504,-3.532677571034,
    -371.5008081052));
#655 = CARTESIAN_POINT('',(-4.62966003942,-3.851724231135,
    -371.2907985898));
#656 = CARTESIAN_POINT('',(-4.369580017811,-4.152627946003,
    -371.0807957014));
#657 = CARTESIAN_POINT('',(-4.087290611938,-4.433319310674,
    -370.8708011448));
#658 = CARTESIAN_POINT('',(-3.784633336903,-4.691918465259,
    -370.6608065946));
#659 = CARTESIAN_POINT('',(-3.463631186835,-4.926742394859,
    -370.4508037214));
#660 = CARTESIAN_POINT('',(-3.126479913043,-5.136322092442,
    -370.2407942224));
#661 = CARTESIAN_POINT('',(-2.311843211826,-5.561379620264,
    -369.7533227096));
#662 = CARTESIAN_POINT('',(-1.823932285162,-5.757185754252,
    -369.475785205));
#663 = CARTESIAN_POINT('',(-1.31731856466,-5.903932644829,
    -369.1982780803));
#664 = CARTESIAN_POINT('',(-0.797796111619,-5.999609868664,
    -368.9208011068));
#665 = CARTESIAN_POINT('',(-0.271323938736,-6.043023421633,
    -368.6433241135));
#666 = CARTESIAN_POINT('',(0.25603400842,-6.033768581952,-368.3658169438
    ));
#667 = CARTESIAN_POINT('',(0.778159678912,-5.972271747522,
    -368.0882794014));
#668 = CARTESIAN_POINT('',(1.6295487408,-5.784995276698,-367.6258051414)
  );
#669 = CARTESIAN_POINT('',(1.96515696866,-5.68745739635,-367.4407999587)
  );
#670 = CARTESIAN_POINT('',(2.294028373439,-5.567682376664,
    -367.2557982832));
#671 = CARTESIAN_POINT('',(2.614446051421,-5.426223384303,-367.070801027
    ));
#672 = CARTESIAN_POINT('',(2.924756446385,-5.263786941973,
    -366.8858037644));
#673 = CARTESIAN_POINT('',(3.223376531133,-5.081225964531,
    -366.7008020723));
#674 = CARTESIAN_POINT('',(3.508803733267,-4.879538483366,
    -366.5157968695));
#675 = CARTESIAN_POINT('',(4.028045789259,-4.458380541047,
    -366.1611090561));
#676 = CARTESIAN_POINT('',(4.26419471988,-4.241747776596,-365.9914132241
    ));
#677 = CARTESIAN_POINT('',(4.486986916574,-4.01085399542,-365.8217198131
    ));
#678 = CARTESIAN_POINT('',(4.695422205236,-3.766666025827,
    -365.6520294024));
#679 = CARTESIAN_POINT('',(4.888588154408,-3.510228956591,
    -365.4823390759));
#680 = CARTESIAN_POINT('',(5.06566244965,-3.242660162829,-365.3126459038
    ));
#681 = CARTESIAN_POINT('',(5.225918206011,-2.965145695876,
    -365.1429504256));
#682 = CARTESIAN_POINT('',(5.473786439528,-2.468404951576,
    -364.8484356801));
#683 = CARTESIAN_POINT('',(5.569405975608,-2.253160710826,-364.723610104
    ));
#684 = CARTESIAN_POINT('',(5.655343395316,-2.033702410015,
    -364.5987849943));
#685 = CARTESIAN_POINT('',(5.731383455267,-1.810539094399,
    -364.4739604563));
#686 = CARTESIAN_POINT('',(5.797343503943,-1.584191505337,
    -364.3491358511));
#687 = CARTESIAN_POINT('',(5.853073885432,-1.355190826247,
    -364.2243105348));
#688 = CARTESIAN_POINT('',(5.898458343146,-1.124077428562,
    -364.0994845973));
#689 = CARTESIAN_POINT('',(5.950029973219,-0.780801699418,
    -363.9153269774));
#690 = CARTESIAN_POINT('',(5.964289502485,-0.669849707991,
    -363.8559942674));
#691 = CARTESIAN_POINT('',(5.976184193005,-0.558602392045,
    -363.7966614936));
#692 = CARTESIAN_POINT('',(5.985706991832,-0.447118620406,
    -363.7373286709));
#693 = CARTESIAN_POINT('',(5.992852611409,-0.335457382084,
    -363.6779958051));
#694 = CARTESIAN_POINT('',(5.997617529575,-0.223677786276,
    -363.6186628935));
#695 = CARTESIAN_POINT('',(5.999999989563,-0.111839062361,
    -363.5593299245));
#696 = CARTESIAN_POINT('',(6.,-5.599064083484E-07,-363.4999968777));
#697 = PCURVE('',#372,#698);
#698 = DEFINITIONAL_REPRESENTATION('',(#699),#786);
#699 = B_SPLINE_CURVE_WITH_KNOTS('',8,(#700,#701,#702,#703,#704,#705,
    #706,#707,#708,#709,#710,#711,#712,#713,#714,#715,#716,#717,#718,
    #719,#720,#721,#722,#723,#724,#725,#726,#727,#728,#729,#730,#731,
    #732,#733,#734,#735,#736,#737,#738,#739,#740,#741,#742,#743,#744,
    #745,#746,#747,#748,#749,#750,#751,#752,#753,#754,#755,#756,#757,
    #758,#759,#760,#761,#762,#763,#764,#765,#766,#767,#768,#769,#770,
    #771,#772,#773,#774,#775,#776,#777,#778,#779,#780,#781,#782,#783,
    #784,#785),.UNSPECIFIED.,.F.,.F.,(9,7,7,7,7,7,7,7,7,7,7,7,9),(0.,
    6.400725945451E-02,0.140574364139,0.20958192324,0.326503660309,
    0.411492771292,0.589423580056,0.673431519006,0.78443584533,
    0.858443659595,0.926328166234,0.976264120188,1.),.UNSPECIFIED.);
#700 = CARTESIAN_POINT('',(0.,-16.5));
#701 = CARTESIAN_POINT('',(-5.026475783987E-02,-16.66000005214));
#702 = CARTESIAN_POINT('',(-0.100530938533,-16.82000346939));
#703 = CARTESIAN_POINT('',(-0.150796663376,-16.98000477926));
#704 = CARTESIAN_POINT('',(-0.201061743669,-17.14000365859));
#705 = CARTESIAN_POINT('',(-0.25132683807,-17.30000234732));
#706 = CARTESIAN_POINT('',(-0.301592618399,-17.46000306205));
#707 = CARTESIAN_POINT('',(-0.351858943901,-17.62000540931));
#708 = CARTESIAN_POINT('',(-0.462252429585,-17.97139792367));
#709 = CARTESIAN_POINT('',(-0.52238379178,-18.16280144251));
#710 = CARTESIAN_POINT('',(-0.582513820441,-18.35420070562));
#711 = CARTESIAN_POINT('',(-0.642642184754,-18.54559472657));
#712 = CARTESIAN_POINT('',(-0.702770543703,-18.73698884565));
#713 = CARTESIAN_POINT('',(-0.762900556014,-18.9283883876));
#714 = CARTESIAN_POINT('',(-0.823031889552,-19.1197923131));
#715 = CARTESIAN_POINT('',(-0.937352040499,-19.48368484307));
#716 = CARTESIAN_POINT('',(-0.991545614679,-19.65618856081));
#717 = CARTESIAN_POINT('',(-1.045738384224,-19.82868982815));
#718 = CARTESIAN_POINT('',(-1.099930155707,-20.00118799179));
#719 = CARTESIAN_POINT('',(-1.154121923869,-20.17368616589));
#720 = CARTESIAN_POINT('',(-1.208314684374,-20.3461874638));
#721 = CARTESIAN_POINT('',(-1.262508246183,-20.51869123002));
#722 = CARTESIAN_POINT('',(-1.408518956808,-20.98345827935));
#723 = CARTESIAN_POINT('',(-1.50036253604,-21.27580549069));
#724 = CARTESIAN_POINT('',(-1.592193761218,-21.56811294462));
#725 = CARTESIAN_POINT('',(-1.684012986366,-21.86038177754));
#726 = CARTESIAN_POINT('',(-1.775832223714,-22.15265053756));
#727 = CARTESIAN_POINT('',(-1.867663478666,-22.4449578175));
#728 = CARTESIAN_POINT('',(-1.959507089309,-22.73730485323));
#729 = CARTESIAN_POINT('',(-2.118068187252,-23.24202073278));
#730 = CARTESIAN_POINT('',(-2.184815324127,-23.45448376927));
#731 = CARTESIAN_POINT('',(-2.251560196176,-23.66693979368));
#732 = CARTESIAN_POINT('',(-2.318302261846,-23.87938700514));
#733 = CARTESIAN_POINT('',(-2.385044328036,-24.09183422262));
#734 = CARTESIAN_POINT('',(-2.451789201342,-24.3042902612));
#735 = CARTESIAN_POINT('',(-2.518536339148,-24.51675331261));
#736 = CARTESIAN_POINT('',(-2.72500800973,-25.17397342123));
#737 = CARTESIAN_POINT('',(-2.864936532569,-25.61937955687));
#738 = CARTESIAN_POINT('',(-3.004749686045,-26.0644152043));
#739 = CARTESIAN_POINT('',(-3.144482010966,-26.50919906965));
#740 = CARTESIAN_POINT('',(-3.284214410532,-26.95398228267));
#741 = CARTESIAN_POINT('',(-3.424027521022,-27.39901827621));
#742 = CARTESIAN_POINT('',(-3.563956036876,-27.844424418));
#743 = CARTESIAN_POINT('',(-3.769657189508,-28.49919189476));
#744 = CARTESIAN_POINT('',(-3.835633533326,-28.70920141011));
#745 = CARTESIAN_POINT('',(-3.901607742287,-28.91920429855));
#746 = CARTESIAN_POINT('',(-3.967579303272,-29.12919885516));
#747 = CARTESIAN_POINT('',(-4.033550863862,-29.33919340534));
#748 = CARTESIAN_POINT('',(-4.099525071808,-29.54919627852));
#749 = CARTESIAN_POINT('',(-4.165501414605,-29.75920577756));
#750 = CARTESIAN_POINT('',(-4.318645034283,-30.24667729038));
#751 = CARTESIAN_POINT('',(-4.405836069491,-30.52421479496));
#752 = CARTESIAN_POINT('',(-4.493017668127,-30.80172191964));
#753 = CARTESIAN_POINT('',(-4.580189868069,-31.07919889311));
#754 = CARTESIAN_POINT('',(-4.667362064236,-31.35667588647));
#755 = CARTESIAN_POINT('',(-4.754543654584,-31.63418305617));
#756 = CARTESIAN_POINT('',(-4.841734683703,-31.91172059858));
#757 = CARTESIAN_POINT('',(-4.987025179227,-32.37419485858));
#758 = CARTESIAN_POINT('',(-5.045146202298,-32.55920004122));
#759 = CARTESIAN_POINT('',(-5.103266090521,-32.74420171677));
#760 = CARTESIAN_POINT('',(-5.16138457109,-32.92919897297));
#761 = CARTESIAN_POINT('',(-5.219503052618,-33.11419623553));
#762 = CARTESIAN_POINT('',(-5.27762294301,-33.29919792766));
#763 = CARTESIAN_POINT('',(-5.335743967769,-33.48420313046));
#764 = CARTESIAN_POINT('',(-5.447172360955,-33.83889094383));
#765 = CARTESIAN_POINT('',(-5.500483877057,-34.00858677583));
#766 = CARTESIAN_POINT('',(-5.553794669699,-34.1782801868));
#767 = CARTESIAN_POINT('',(-5.607104556521,-34.34797059757));
#768 = CARTESIAN_POINT('',(-5.660414448532,-34.51766092406));
#769 = CARTESIAN_POINT('',(-5.713725257643,-34.68735409612));
#770 = CARTESIAN_POINT('',(-5.767036803326,-34.85704957437));
#771 = CARTESIAN_POINT('',(-5.859561579022,-35.15156431983));
#772 = CARTESIAN_POINT('',(-5.898776791696,-35.27638989595));
#773 = CARTESIAN_POINT('',(-5.937991851145,-35.4012150056));
#774 = CARTESIAN_POINT('',(-5.977206718678,-35.52603954366));
#775 = CARTESIAN_POINT('',(-6.01642158736,-35.65086414887));
#776 = CARTESIAN_POINT('',(-6.055636647169,-35.77568946511));
#777 = CARTESIAN_POINT('',(-6.094851850154,-35.90051540268));
#778 = CARTESIAN_POINT('',(-6.152706519429,-36.0846730225));
#779 = CARTESIAN_POINT('',(-6.171346371914,-36.14400573257));
#780 = CARTESIAN_POINT('',(-6.189986222573,-36.20333850633));
#781 = CARTESIAN_POINT('',(-6.208626062817,-36.26267132908));
#782 = CARTESIAN_POINT('',(-6.227265885942,-36.32200419485));
#783 = CARTESIAN_POINT('',(-6.245905687131,-36.38133710646));
#784 = CARTESIAN_POINT('',(-6.264545463453,-36.44067007549));
#785 = CARTESIAN_POINT('',(-6.283185213862,-36.50000312226));
#786 = ( GEOMETRIC_REPRESENTATION_CONTEXT(2) 
PARAMETRIC_REPRESENTATION_CONTEXT() REPRESENTATION_CONTEXT('2D SPACE',''
  ) );
#787 = PCURVE('',#788,#823);
#788 = B_SPLINE_SURFACE_WITH_KNOTS('',1,9,(
    (#789,#790,#791,#792,#793,#794,#795,#796,#797,#798,#799,#800,#801
      ,#802,#803,#804,#805)
    ,(#806,#807,#808,#809,#810,#811,#812,#813,#814,#815,#816,#817,#818
      ,#819,#820,#821,#822
    )),.UNSPECIFIED.,.F.,.F.,.F.,(2,2),(10,7,10),(0.,24.5),(0.,
    10.481870272098,20.963740544196),.UNSPECIFIED.);
#789 = CARTESIAN_POINT('',(30.,0.,-383.5));
#790 = CARTESIAN_POINT('',(30.000000521842,10.471999809801,
    -382.3888931504));
#791 = CARTESIAN_POINT('',(25.887637639457,20.943830245003,
    -381.277820583));
#792 = CARTESIAN_POINT('',(17.663035604698,29.570191584224,
    -380.1665335468));
#793 = CARTESIAN_POINT('',(6.292507724551,34.506821264213,
    -379.0557481221));
#794 = CARTESIAN_POINT('',(-6.292539362654,34.507240915775,
    -377.9443064363));
#795 = CARTESIAN_POINT('',(-17.66297981634,29.569909102354,
    -376.8333800411));
#796 = CARTESIAN_POINT('',(-25.88766638716,20.943948683217,
    -375.7222232852));
#797 = CARTESIAN_POINT('',(-34.11233366254,-3.164852002927E-07,
    -373.500001628));
#798 = CARTESIAN_POINT('',(-25.88766612024,-20.94394921136,
    -371.2777799709));
#799 = CARTESIAN_POINT('',(-17.662986288,-29.56990671278,-370.166623215)
  );
#800 = CARTESIAN_POINT('',(-6.292512109837,-34.50724833948,
    -369.0556968197));
#801 = CARTESIAN_POINT('',(6.292467403226,-34.50681368262,
    -367.9442551341));
#802 = CARTESIAN_POINT('',(17.663067482987,-29.57019447202,
    -366.8334697094));
#803 = CARTESIAN_POINT('',(25.887628017818,-20.94382933162,
    -365.7221826721));
#804 = CARTESIAN_POINT('',(30.000000080836,-10.47199922551,
    -364.6111101072));
#805 = CARTESIAN_POINT('',(30.000000398587,5.837545374581E-07,
    -363.5000032551));
#806 = CARTESIAN_POINT('',(5.5,-7.993605777301E-15,-383.5));
#807 = CARTESIAN_POINT('',(5.500000521842,1.919838018532,-382.3888846271
    ));
#808 = CARTESIAN_POINT('',(4.74608275036,3.83984953803,-381.2777349731)
  );
#809 = CARTESIAN_POINT('',(3.238176193474,5.420897791992,-380.1667997855
    ));
#810 = CARTESIAN_POINT('',(1.15369292296,6.326586049474,-379.0553629897)
  );
#811 = CARTESIAN_POINT('',(-1.153677325652,6.32612671904,-377.9445824521
    ));
#812 = CARTESIAN_POINT('',(-3.238201251995,5.421200660384,
    -376.8332866256));
#813 = CARTESIAN_POINT('',(-4.746071356642,3.839726785474,
    -375.7222211592));
#814 = CARTESIAN_POINT('',(-6.2539282854,3.475130075782E-07,
    -373.4999983718));
#815 = CARTESIAN_POINT('',(-4.746071905068,-3.839726305818,
    -371.2777755846));
#816 = CARTESIAN_POINT('',(-3.23820887492,-5.42119758327,-370.1667101181
    ));
#817 = CARTESIAN_POINT('',(-1.15365141573,-6.326133897575,
    -369.0554142916));
#818 = CARTESIAN_POINT('',(1.153651257376,-6.326578713045,-367.944633754
    ));
#819 = CARTESIAN_POINT('',(3.238206921571,-5.420901367524,
    -366.8331969578));
#820 = CARTESIAN_POINT('',(4.746072312808,-3.839849631929,
    -365.7222617718));
#821 = CARTESIAN_POINT('',(5.499999673303,-1.919838602803,
    -364.6111121151));
#822 = CARTESIAN_POINT('',(5.500000398588,-5.837326520113E-07,
    -363.4999967448));
#823 = DEFINITIONAL_REPRESENTATION('',(#824),#911);
#824 = B_SPLINE_CURVE_WITH_KNOTS('',8,(#825,#826,#827,#828,#829,#830,
    #831,#832,#833,#834,#835,#836,#837,#838,#839,#840,#841,#842,#843,
    #844,#845,#846,#847,#848,#849,#850,#851,#852,#853,#854,#855,#856,
    #857,#858,#859,#860,#861,#862,#863,#864,#865,#866,#867,#868,#869,
    #870,#871,#872,#873,#874,#875,#876,#877,#878,#879,#880,#881,#882,
    #883,#884,#885,#886,#887,#888,#889,#890,#891,#892,#893,#894,#895,
    #896,#897,#898,#899,#900,#901,#902,#903,#904,#905,#906,#907,#908,
    #909,#910),.UNSPECIFIED.,.F.,.F.,(9,7,7,7,7,7,7,7,7,7,7,7,9),(0.,
    6.400725945451E-02,0.140574364139,0.20958192324,0.326503660309,
    0.411492771292,0.589423580056,0.673431519006,0.78443584533,
    0.858443659595,0.926328166234,0.976264120188,1.),.UNSPECIFIED.);
#825 = CARTESIAN_POINT('',(24.,0.));
#826 = CARTESIAN_POINT('',(24.000000075145,0.167709362005));
#827 = CARTESIAN_POINT('',(23.99999996352,0.335421526054));
#828 = CARTESIAN_POINT('',(24.000000131807,0.503131538795));
#829 = CARTESIAN_POINT('',(24.000000510349,0.670839386325));
#830 = CARTESIAN_POINT('',(24.000000891672,0.838547482315));
#831 = CARTESIAN_POINT('',(24.000001150344,1.006258096589));
#832 = CARTESIAN_POINT('',(24.00000128413,1.173970724178));
#833 = CARTESIAN_POINT('',(24.000001267324,1.542296753729));
#834 = CARTESIAN_POINT('',(24.000001064587,1.742924236008));
#835 = CARTESIAN_POINT('',(24.00000067443,1.943547345425));
#836 = CARTESIAN_POINT('',(24.00000022251,2.144164860066));
#837 = CARTESIAN_POINT('',(23.999999841679,2.344782251557));
#838 = CARTESIAN_POINT('',(23.999999608492,2.545405060133));
#839 = CARTESIAN_POINT('',(23.999999528536,2.746032225536));
#840 = CARTESIAN_POINT('',(23.999999608483,3.127459393558));
#841 = CARTESIAN_POINT('',(23.999999745303,3.308275274671));
#842 = CARTESIAN_POINT('',(23.999999960437,3.489088470836));
#843 = CARTESIAN_POINT('',(24.000000203108,3.669898357686));
#844 = CARTESIAN_POINT('',(24.000000419673,3.850708263379));
#845 = CARTESIAN_POINT('',(24.000000571429,4.031521505121));
#846 = CARTESIAN_POINT('',(24.000000642921,4.212337431601));
#847 = CARTESIAN_POINT('',(24.000000637082,4.699499763712));
#848 = CARTESIAN_POINT('',(24.000000423384,5.005934353042));
#849 = CARTESIAN_POINT('',(24.000000013343,5.312327669509));
#850 = CARTESIAN_POINT('',(23.99999962819,5.618680819968));
#851 = CARTESIAN_POINT('',(23.999999509676,5.925033943846));
#852 = CARTESIAN_POINT('',(23.999999701433,6.231427213028));
#853 = CARTESIAN_POINT('',(24.000000000205,6.537861799218));
#854 = CARTESIAN_POINT('',(24.000000480652,7.066898237762));
#855 = CARTESIAN_POINT('',(24.000000670686,7.289598978337));
#856 = CARTESIAN_POINT('',(24.0000007944,7.512292201265));
#857 = CARTESIAN_POINT('',(24.000000798881,7.734976072971));
#858 = CARTESIAN_POINT('',(24.000000675841,7.957659928942));
#859 = CARTESIAN_POINT('',(24.000000470775,8.180353115367));
#860 = CARTESIAN_POINT('',(24.000000257861,8.403053822504));
#861 = CARTESIAN_POINT('',(23.999999709457,9.091943042249));
#862 = CARTESIAN_POINT('',(23.999999288578,9.558811833215));
#863 = CARTESIAN_POINT('',(24.000000757639,10.025297130127));
#864 = CARTESIAN_POINT('',(23.999999343374,10.491510726696));
#865 = CARTESIAN_POINT('',(24.000000488019,10.957724456584));
#866 = CARTESIAN_POINT('',(23.999999667332,11.42420981239));
#867 = CARTESIAN_POINT('',(23.999999945174,11.891078623203));
#868 = CARTESIAN_POINT('',(24.000000330828,12.577396983803));
#869 = CARTESIAN_POINT('',(24.00000047259,12.797525919305));
#870 = CARTESIAN_POINT('',(24.00000060423,13.017647746893));
#871 = CARTESIAN_POINT('',(24.000000675768,13.237760763147));
#872 = CARTESIAN_POINT('',(24.000000657003,13.457873796962));
#873 = CARTESIAN_POINT('',(24.000000555109,13.677995666744));
#874 = CARTESIAN_POINT('',(24.000000408277,13.898124645285));
#875 = CARTESIAN_POINT('',(24.000000053385,14.409085767094));
#876 = CARTESIAN_POINT('',(23.999999842149,14.699997166798));
#877 = CARTESIAN_POINT('',(23.999999703851,14.990877041336));
#878 = CARTESIAN_POINT('',(23.999999761348,15.281725531376));
#879 = CARTESIAN_POINT('',(23.999999996725,15.572574035462));
#880 = CARTESIAN_POINT('',(24.000000269919,15.863453934453));
#881 = CARTESIAN_POINT('',(24.000000438303,16.154365332381));
#882 = CARTESIAN_POINT('',(24.000000504682,16.639124583794));
#883 = CARTESIAN_POINT('',(24.000000473887,16.833044372301));
#884 = CARTESIAN_POINT('',(24.000000375074,17.02696035653));
#885 = CARTESIAN_POINT('',(24.000000219016,17.220871615663));
#886 = CARTESIAN_POINT('',(24.000000040258,17.414782850581));
#887 = CARTESIAN_POINT('',(23.999999888423,17.608698776503));
#888 = CARTESIAN_POINT('',(23.999999808496,17.802618507523));
#889 = CARTESIAN_POINT('',(23.999999811584,18.174397386378));
#890 = CARTESIAN_POINT('',(23.99999988203,18.352270365846));
#891 = CARTESIAN_POINT('',(24.000000030973,18.530140989819));
#892 = CARTESIAN_POINT('',(24.000000248495,18.708008673665));
#893 = CARTESIAN_POINT('',(24.000000492928,18.885876458106));
#894 = CARTESIAN_POINT('',(24.000000698711,19.063747350635));
#895 = CARTESIAN_POINT('',(24.000000804391,19.241620679964));
#896 = CARTESIAN_POINT('',(24.000000798134,19.550328295586));
#897 = CARTESIAN_POINT('',(24.000000740409,19.681169242545));
#898 = CARTESIAN_POINT('',(24.000000610323,19.81200959718));
#899 = CARTESIAN_POINT('',(24.000000424315,19.942849190454));
#900 = CARTESIAN_POINT('',(24.000000220495,20.073688637034));
#901 = CARTESIAN_POINT('',(24.000000046592,20.204528580814));
#902 = CARTESIAN_POINT('',(23.999999947893,20.335368940449));
#903 = CARTESIAN_POINT('',(23.999999958661,20.528399494438));
#904 = CARTESIAN_POINT('',(23.999999982334,20.590590891105));
#905 = CARTESIAN_POINT('',(24.000000032213,20.65278232702));
#906 = CARTESIAN_POINT('',(24.000000107354,20.714973799664));
#907 = CARTESIAN_POINT('',(24.000000199869,20.777165321864));
#908 = CARTESIAN_POINT('',(24.000000294924,20.839356921787));
#909 = CARTESIAN_POINT('',(24.000000370739,20.901548642946));
#910 = CARTESIAN_POINT('',(24.000000398588,20.963740544196));
#911 = ( GEOMETRIC_REPRESENTATION_CONTEXT(2) 
PARAMETRIC_REPRESENTATION_CONTEXT() REPRESENTATION_CONTEXT('2D SPACE',''
  ) );
#912 = ORIENTED_EDGE('',*,*,#356,.T.);
#913 = ORIENTED_EDGE('',*,*,#914,.F.);
#914 = EDGE_CURVE('',#607,#24,#915,.T.);
#915 = SURFACE_CURVE('',#916,(#920,#926),.PCURVE_S1.);
#916 = LINE('',#917,#918);
#917 = CARTESIAN_POINT('',(6.,-5.601787561882E-07,-400.));
#918 = VECTOR('',#919,1.);
#919 = DIRECTION('',(-0.,-0.,-1.));
#920 = PCURVE('',#372,#921);
#921 = DEFINITIONAL_REPRESENTATION('',(#922),#925);
#922 = B_SPLINE_CURVE_WITH_KNOTS('',1,(#923,#924),.UNSPECIFIED.,.F.,.F.,
  (2,2),(-36.50000312226,-33.50000312226),.PIECEWISE_BEZIER_KNOTS.);
#923 = CARTESIAN_POINT('',(9.336312611907E-08,-36.50000312226));
#924 = CARTESIAN_POINT('',(9.336312611907E-08,-33.50000312226));
#925 = ( GEOMETRIC_REPRESENTATION_CONTEXT(2) 
PARAMETRIC_REPRESENTATION_CONTEXT() REPRESENTATION_CONTEXT('2D SPACE',''
  ) );
#926 = PCURVE('',#592,#927);
#927 = DEFINITIONAL_REPRESENTATION('',(#928),#931);
#928 = B_SPLINE_CURVE_WITH_KNOTS('',1,(#929,#930),.UNSPECIFIED.,.F.,.F.,
  (2,2),(-36.80000390615,-33.19999609384),.PIECEWISE_BEZIER_KNOTS.);
#929 = CARTESIAN_POINT('',(11.75,-1.800003906156));
#930 = CARTESIAN_POINT('',(11.75,1.800003906157));
#931 = ( GEOMETRIC_REPRESENTATION_CONTEXT(2) 
PARAMETRIC_REPRESENTATION_CONTEXT() REPRESENTATION_CONTEXT('2D SPACE',''
  ) );
#932 = ORIENTED_EDGE('',*,*,#933,.T.);
#933 = EDGE_CURVE('',#607,#934,#936,.T.);
#934 = VERTEX_POINT('',#935);
#935 = CARTESIAN_POINT('',(6.,0.,8.));
#936 = SEAM_CURVE('',#937,(#941,#948),.PCURVE_S1.);
#937 = LINE('',#938,#939);
#938 = CARTESIAN_POINT('',(6.,0.,-400.));
#939 = VECTOR('',#940,1.);
#940 = DIRECTION('',(0.,0.,1.));
#941 = PCURVE('',#372,#942);
#942 = DEFINITIONAL_REPRESENTATION('',(#943),#947);
#943 = LINE('',#944,#945);
#944 = CARTESIAN_POINT('',(-0.,0.));
#945 = VECTOR('',#946,1.);
#946 = DIRECTION('',(-0.,-1.));
#947 = ( GEOMETRIC_REPRESENTATION_CONTEXT(2) 
PARAMETRIC_REPRESENTATION_CONTEXT() REPRESENTATION_CONTEXT('2D SPACE',''
  ) );
#948 = PCURVE('',#372,#949);
#949 = DEFINITIONAL_REPRESENTATION('',(#950),#954);
#950 = LINE('',#951,#952);
#951 = CARTESIAN_POINT('',(-6.28318530718,0.));
#952 = VECTOR('',#953,1.);
#953 = DIRECTION('',(-0.,-1.));
#954 = ( GEOMETRIC_REPRESENTATION_CONTEXT(2) 
PARAMETRIC_REPRESENTATION_CONTEXT() REPRESENTATION_CONTEXT('2D SPACE',''
  ) );
#955 = ORIENTED_EDGE('',*,*,#956,.F.);
#956 = EDGE_CURVE('',#934,#934,#957,.T.);
#957 = SURFACE_CURVE('',#958,(#963,#970),.PCURVE_S1.);
#958 = CIRCLE('',#959,6.);
#959 = AXIS2_PLACEMENT_3D('',#960,#961,#962);
#960 = CARTESIAN_POINT('',(0.,0.,8.));
#961 = DIRECTION('',(0.,0.,-1.));
#962 = DIRECTION('',(1.,0.,0.));
#963 = PCURVE('',#372,#964);
#964 = DEFINITIONAL_REPRESENTATION('',(#965),#969);
#965 = LINE('',#966,#967);
#966 = CARTESIAN_POINT('',(-6.28318530718,-408.));
#967 = VECTOR('',#968,1.);
#968 = DIRECTION('',(1.,-0.));
#969 = ( GEOMETRIC_REPRESENTATION_CONTEXT(2) 
PARAMETRIC_REPRESENTATION_CONTEXT() REPRESENTATION_CONTEXT('2D SPACE',''
  ) );
#970 = PCURVE('',#971,#976);
#971 = PLANE('',#972);
#972 = AXIS2_PLACEMENT_3D('',#973,#974,#975);
#973 = CARTESIAN_POINT('',(-3.454585597994E-15,7.518377864096E-16,8.));
#974 = DIRECTION('',(0.,0.,1.));
#975 = DIRECTION('',(1.,0.,-0.));
#976 = DEFINITIONAL_REPRESENTATION('',(#977),#985);
#977 = ( BOUNDED_CURVE() B_SPLINE_CURVE(2,(#978,#979,#980,#981,#982,#983
,#984),.UNSPECIFIED.,.T.,.F.) B_SPLINE_CURVE_WITH_KNOTS((1,2,2,2,2,1),(
    -2.094395102393,0.,2.094395102393,4.188790204786,6.28318530718,
8.377580409573),.UNSPECIFIED.) CURVE() GEOMETRIC_REPRESENTATION_ITEM() 
RATIONAL_B_SPLINE_CURVE((1.,0.5,1.,0.5,1.,0.5,1.)) REPRESENTATION_ITEM(
  '') );
#978 = CARTESIAN_POINT('',(6.,-7.518377864096E-16));
#979 = CARTESIAN_POINT('',(6.,-10.39230484541));
#980 = CARTESIAN_POINT('',(-3.,-5.196152422707));
#981 = CARTESIAN_POINT('',(-12.,-2.221413945386E-15));
#982 = CARTESIAN_POINT('',(-3.,5.196152422707));
#983 = CARTESIAN_POINT('',(6.,10.392304845413));
#984 = CARTESIAN_POINT('',(6.,-7.518377864096E-16));
#985 = ( GEOMETRIC_REPRESENTATION_CONTEXT(2) 
PARAMETRIC_REPRESENTATION_CONTEXT() REPRESENTATION_CONTEXT('2D SPACE',''
  ) );
#986 = ORIENTED_EDGE('',*,*,#933,.F.);
#987 = ADVANCED_FACE('',(#988),#398,.T.);
#988 = FACE_BOUND('',#989,.T.);
#989 = EDGE_LOOP('',(#990,#991,#992,#1013));
#990 = ORIENTED_EDGE('',*,*,#384,.F.);
#991 = ORIENTED_EDGE('',*,*,#487,.T.);
#992 = ORIENTED_EDGE('',*,*,#993,.T.);
#993 = EDGE_CURVE('',#488,#994,#996,.T.);
#994 = VERTEX_POINT('',#995);
#995 = CARTESIAN_POINT('',(30.,0.,-383.5));
#996 = SURFACE_CURVE('',#997,(#1000,#1006),.PCURVE_S1.);
#997 = B_SPLINE_CURVE_WITH_KNOTS('',1,(#998,#999),.UNSPECIFIED.,.F.,.F.,
  (2,2),(0.,3.),.PIECEWISE_BEZIER_KNOTS.);
#998 = CARTESIAN_POINT('',(30.,-3.552713678801E-15,-386.5));
#999 = CARTESIAN_POINT('',(30.,-1.42108547152E-14,-383.5));
#1000 = PCURVE('',#398,#1001);
#1001 = DEFINITIONAL_REPRESENTATION('',(#1002),#1005);
#1002 = B_SPLINE_CURVE_WITH_KNOTS('',1,(#1003,#1004),.UNSPECIFIED.,.F.,
  .F.,(2,2),(0.,3.),.PIECEWISE_BEZIER_KNOTS.);
#1003 = CARTESIAN_POINT('',(1.5,12.25));
#1004 = CARTESIAN_POINT('',(-1.5,12.25));
#1005 = ( GEOMETRIC_REPRESENTATION_CONTEXT(2) 
PARAMETRIC_REPRESENTATION_CONTEXT() REPRESENTATION_CONTEXT('2D SPACE',''
  ) );
#1006 = PCURVE('',#538,#1007);
#1007 = DEFINITIONAL_REPRESENTATION('',(#1008),#1012);
#1008 = LINE('',#1009,#1010);
#1009 = CARTESIAN_POINT('',(0.,0.));
#1010 = VECTOR('',#1011,1.);
#1011 = DIRECTION('',(1.,0.));
#1012 = ( GEOMETRIC_REPRESENTATION_CONTEXT(2) 
PARAMETRIC_REPRESENTATION_CONTEXT() REPRESENTATION_CONTEXT('2D SPACE',''
  ) );
#1013 = ORIENTED_EDGE('',*,*,#1014,.T.);
#1014 = EDGE_CURVE('',#994,#357,#1015,.T.);
#1015 = SURFACE_CURVE('',#1016,(#1019,#1025),.PCURVE_S1.);
#1016 = B_SPLINE_CURVE_WITH_KNOTS('',1,(#1017,#1018),.UNSPECIFIED.,.F.,
  .F.,(2,2),(0.,24.5),.PIECEWISE_BEZIER_KNOTS.);
#1017 = CARTESIAN_POINT('',(30.,0.,-383.5));
#1018 = CARTESIAN_POINT('',(5.5,-7.993605777301E-15,-383.5));
#1019 = PCURVE('',#398,#1020);
#1020 = DEFINITIONAL_REPRESENTATION('',(#1021),#1024);
#1021 = B_SPLINE_CURVE_WITH_KNOTS('',1,(#1022,#1023),.UNSPECIFIED.,.F.,
  .F.,(2,2),(0.,24.5),.PIECEWISE_BEZIER_KNOTS.);
#1022 = CARTESIAN_POINT('',(-1.5,12.25));
#1023 = CARTESIAN_POINT('',(-1.5,-12.25));
#1024 = ( GEOMETRIC_REPRESENTATION_CONTEXT(2) 
PARAMETRIC_REPRESENTATION_CONTEXT() REPRESENTATION_CONTEXT('2D SPACE',''
  ) );
#1025 = PCURVE('',#788,#1026);
#1026 = DEFINITIONAL_REPRESENTATION('',(#1027),#1031);
#1027 = LINE('',#1028,#1029);
#1028 = CARTESIAN_POINT('',(0.,0.));
#1029 = VECTOR('',#1030,1.);
#1030 = DIRECTION('',(1.,0.));
#1031 = ( GEOMETRIC_REPRESENTATION_CONTEXT(2) 
PARAMETRIC_REPRESENTATION_CONTEXT() REPRESENTATION_CONTEXT('2D SPACE',''
  ) );
#1032 = ADVANCED_FACE('',(#1033),#450,.T.);
#1033 = FACE_BOUND('',#1034,.T.);
#1034 = EDGE_LOOP('',(#1035,#1058,#1085,#1086,#1087));
#1035 = ORIENTED_EDGE('',*,*,#1036,.T.);
#1036 = EDGE_CURVE('',#434,#1037,#1039,.T.);
#1037 = VERTEX_POINT('',#1038);
#1038 = CARTESIAN_POINT('',(-0.5,-1.224646799147E-16,-420.));
#1039 = SEAM_CURVE('',#1040,(#1044,#1051),.PCURVE_S1.);
#1040 = LINE('',#1041,#1042);
#1041 = CARTESIAN_POINT('',(-6.,-1.469576158977E-15,-400.));
#1042 = VECTOR('',#1043,1.);
#1043 = DIRECTION('',(0.265156483021,6.494460764098E-17,-0.964205392804)
  );
#1044 = PCURVE('',#450,#1045);
#1045 = DEFINITIONAL_REPRESENTATION('',(#1046),#1050);
#1046 = LINE('',#1047,#1048);
#1047 = CARTESIAN_POINT('',(-6.28318530718,0.));
#1048 = VECTOR('',#1049,1.);
#1049 = DIRECTION('',(-0.,-1.));
#1050 = ( GEOMETRIC_REPRESENTATION_CONTEXT(2) 
PARAMETRIC_REPRESENTATION_CONTEXT() REPRESENTATION_CONTEXT('2D SPACE',''
  ) );
#1051 = PCURVE('',#450,#1052);
#1052 = DEFINITIONAL_REPRESENTATION('',(#1053),#1057);
#1053 = LINE('',#1054,#1055);
#1054 = CARTESIAN_POINT('',(0.,-0.));
#1055 = VECTOR('',#1056,1.);
#1056 = DIRECTION('',(-0.,-1.));
#1057 = ( GEOMETRIC_REPRESENTATION_CONTEXT(2) 
PARAMETRIC_REPRESENTATION_CONTEXT() REPRESENTATION_CONTEXT('2D SPACE',''
  ) );
#1058 = ORIENTED_EDGE('',*,*,#1059,.F.);
#1059 = EDGE_CURVE('',#1037,#1037,#1060,.T.);
#1060 = SURFACE_CURVE('',#1061,(#1066,#1073),.PCURVE_S1.);
#1061 = CIRCLE('',#1062,0.5);
#1062 = AXIS2_PLACEMENT_3D('',#1063,#1064,#1065);
#1063 = CARTESIAN_POINT('',(0.,0.,-420.));
#1064 = DIRECTION('',(0.,0.,-1.));
#1065 = DIRECTION('',(-1.,0.,-0.));
#1066 = PCURVE('',#450,#1067);
#1067 = DEFINITIONAL_REPRESENTATION('',(#1068),#1072);
#1068 = LINE('',#1069,#1070);
#1069 = CARTESIAN_POINT('',(-0.,-20.));
#1070 = VECTOR('',#1071,1.);
#1071 = DIRECTION('',(-1.,-0.));
#1072 = ( GEOMETRIC_REPRESENTATION_CONTEXT(2) 
PARAMETRIC_REPRESENTATION_CONTEXT() REPRESENTATION_CONTEXT('2D SPACE',''
  ) );
#1073 = PCURVE('',#1074,#1079);
#1074 = PLANE('',#1075);
#1075 = AXIS2_PLACEMENT_3D('',#1076,#1077,#1078);
#1076 = CARTESIAN_POINT('',(0.,0.,-420.));
#1077 = DIRECTION('',(0.,0.,-1.));
#1078 = DIRECTION('',(-1.,0.,-0.));
#1079 = DEFINITIONAL_REPRESENTATION('',(#1080),#1084);
#1080 = CIRCLE('',#1081,0.5);
#1081 = AXIS2_PLACEMENT_2D('',#1082,#1083);
#1082 = CARTESIAN_POINT('',(0.,0.));
#1083 = DIRECTION('',(1.,0.));
#1084 = ( GEOMETRIC_REPRESENTATION_CONTEXT(2) 
PARAMETRIC_REPRESENTATION_CONTEXT() REPRESENTATION_CONTEXT('2D SPACE',''
  ) );
#1085 = ORIENTED_EDGE('',*,*,#1036,.F.);
#1086 = ORIENTED_EDGE('',*,*,#461,.F.);
#1087 = ORIENTED_EDGE('',*,*,#433,.F.);
#1088 = ADVANCED_FACE('',(#1089),#592,.F.);
#1089 = FACE_BOUND('',#1090,.F.);
#1090 = EDGE_LOOP('',(#1091,#1092,#1093,#1114));
#1091 = ORIENTED_EDGE('',*,*,#914,.T.);
#1092 = ORIENTED_EDGE('',*,*,#579,.T.);
#1093 = ORIENTED_EDGE('',*,*,#1094,.T.);
#1094 = EDGE_CURVE('',#509,#1095,#1097,.T.);
#1095 = VERTEX_POINT('',#1096);
#1096 = CARTESIAN_POINT('',(30.000000398587,5.837545374581E-07,
    -363.5000032551));
#1097 = SURFACE_CURVE('',#1098,(#1101,#1107),.PCURVE_S1.);
#1098 = B_SPLINE_CURVE_WITH_KNOTS('',1,(#1099,#1100),.UNSPECIFIED.,.F.,
  .F.,(2,2),(0.,3.),.PIECEWISE_BEZIER_KNOTS.);
#1099 = CARTESIAN_POINT('',(29.999999601412,5.837321091766E-07,
    -366.5000032551));
#1100 = CARTESIAN_POINT('',(30.000000398587,5.837545374581E-07,
    -363.5000032551));
#1101 = PCURVE('',#592,#1102);
#1102 = DEFINITIONAL_REPRESENTATION('',(#1103),#1106);
#1103 = B_SPLINE_CURVE_WITH_KNOTS('',1,(#1104,#1105),.UNSPECIFIED.,.F.,
  .F.,(2,2),(0.,3.),.PIECEWISE_BEZIER_KNOTS.);
#1104 = CARTESIAN_POINT('',(-12.24999960141,1.50000325513));
#1105 = CARTESIAN_POINT('',(-12.25000039858,-1.49999674487));
#1106 = ( GEOMETRIC_REPRESENTATION_CONTEXT(2) 
PARAMETRIC_REPRESENTATION_CONTEXT() REPRESENTATION_CONTEXT('2D SPACE',''
  ) );
#1107 = PCURVE('',#538,#1108);
#1108 = DEFINITIONAL_REPRESENTATION('',(#1109),#1113);
#1109 = LINE('',#1110,#1111);
#1110 = CARTESIAN_POINT('',(0.,20.963740544196));
#1111 = VECTOR('',#1112,1.);
#1112 = DIRECTION('',(1.,0.));
#1113 = ( GEOMETRIC_REPRESENTATION_CONTEXT(2) 
PARAMETRIC_REPRESENTATION_CONTEXT() REPRESENTATION_CONTEXT('2D SPACE',''
  ) );
#1114 = ORIENTED_EDGE('',*,*,#1115,.T.);
#1115 = EDGE_CURVE('',#1095,#607,#1116,.T.);
#1116 = SURFACE_CURVE('',#1117,(#1120,#1126),.PCURVE_S1.);
#1117 = B_SPLINE_CURVE_WITH_KNOTS('',1,(#1118,#1119),.UNSPECIFIED.,.F.,
  .F.,(2,2),(0.,24.5),.PIECEWISE_BEZIER_KNOTS.);
#1118 = CARTESIAN_POINT('',(30.000000398587,5.837545374581E-07,
    -363.5000032551));
#1119 = CARTESIAN_POINT('',(5.500000398588,-5.837326520113E-07,
    -363.4999967448));
#1120 = PCURVE('',#592,#1121);
#1121 = DEFINITIONAL_REPRESENTATION('',(#1122),#1125);
#1122 = B_SPLINE_CURVE_WITH_KNOTS('',1,(#1123,#1124),.UNSPECIFIED.,.F.,
  .F.,(2,2),(0.,24.5),.PIECEWISE_BEZIER_KNOTS.);
#1123 = CARTESIAN_POINT('',(-12.25000039858,-1.49999674487));
#1124 = CARTESIAN_POINT('',(12.249999601412,-1.50000325513));
#1125 = ( GEOMETRIC_REPRESENTATION_CONTEXT(2) 
PARAMETRIC_REPRESENTATION_CONTEXT() REPRESENTATION_CONTEXT('2D SPACE',''
  ) );
#1126 = PCURVE('',#788,#1127);
#1127 = DEFINITIONAL_REPRESENTATION('',(#1128),#1132);
#1128 = LINE('',#1129,#1130);
#1129 = CARTESIAN_POINT('',(0.,20.963740544196));
#1130 = VECTOR('',#1131,1.);
#1131 = DIRECTION('',(1.,0.));
#1132 = ( GEOMETRIC_REPRESENTATION_CONTEXT(2) 
PARAMETRIC_REPRESENTATION_CONTEXT() REPRESENTATION_CONTEXT('2D SPACE',''
  ) );
#1133 = ADVANCED_FACE('',(#1134),#538,.F.);
#1134 = FACE_BOUND('',#1135,.F.);
#1135 = EDGE_LOOP('',(#1136,#1137,#1138,#1172));
#1136 = ORIENTED_EDGE('',*,*,#508,.F.);
#1137 = ORIENTED_EDGE('',*,*,#993,.T.);
#1138 = ORIENTED_EDGE('',*,*,#1139,.T.);
#1139 = EDGE_CURVE('',#994,#1095,#1140,.T.);
#1140 = SURFACE_CURVE('',#1141,(#1159,#1166),.PCURVE_S1.);
#1141 = B_SPLINE_CURVE_WITH_KNOTS('',9,(#1142,#1143,#1144,#1145,#1146,
    #1147,#1148,#1149,#1150,#1151,#1152,#1153,#1154,#1155,#1156,#1157,
    #1158),.UNSPECIFIED.,.F.,.F.,(10,7,10),(0.,10.481870272098,
    20.963740544196),.UNSPECIFIED.);
#1142 = CARTESIAN_POINT('',(30.,-1.42108547152E-14,-383.5));
#1143 = CARTESIAN_POINT('',(30.000000521842,10.471999809801,
    -382.3888931504));
#1144 = CARTESIAN_POINT('',(25.887637639457,20.943830245002,
    -381.277820583));
#1145 = CARTESIAN_POINT('',(17.663035604698,29.570191584225,
    -380.1665335468));
#1146 = CARTESIAN_POINT('',(6.292507724551,34.50682126421,
    -379.0557481221));
#1147 = CARTESIAN_POINT('',(-6.292539362654,34.507240915777,
    -377.9443064363));
#1148 = CARTESIAN_POINT('',(-17.66297981634,29.569909102353,
    -376.8333800411));
#1149 = CARTESIAN_POINT('',(-25.88766638716,20.943948683218,
    -375.7222232852));
#1150 = CARTESIAN_POINT('',(-34.11233366254,-3.164853380643E-07,
    -373.500001628));
#1151 = CARTESIAN_POINT('',(-25.88766612024,-20.94394921136,
    -371.2777799709));
#1152 = CARTESIAN_POINT('',(-17.662986288,-29.56990671278,-370.166623215
    ));
#1153 = CARTESIAN_POINT('',(-6.292512109838,-34.50724833948,
    -369.0556968197));
#1154 = CARTESIAN_POINT('',(6.292467403226,-34.50681368262,
    -367.9442551342));
#1155 = CARTESIAN_POINT('',(17.663067482987,-29.57019447202,
    -366.8334697094));
#1156 = CARTESIAN_POINT('',(25.887628017819,-20.94382933162,
    -365.7221826721));
#1157 = CARTESIAN_POINT('',(30.000000080836,-10.47199922551,
    -364.6111101072));
#1158 = CARTESIAN_POINT('',(30.000000398587,5.837545374581E-07,
    -363.5000032551));
#1159 = PCURVE('',#538,#1160);
#1160 = DEFINITIONAL_REPRESENTATION('',(#1161),#1165);
#1161 = LINE('',#1162,#1163);
#1162 = CARTESIAN_POINT('',(3.,0.));
#1163 = VECTOR('',#1164,1.);
#1164 = DIRECTION('',(0.,1.));
#1165 = ( GEOMETRIC_REPRESENTATION_CONTEXT(2) 
PARAMETRIC_REPRESENTATION_CONTEXT() REPRESENTATION_CONTEXT('2D SPACE',''
  ) );
#1166 = PCURVE('',#788,#1167);
#1167 = DEFINITIONAL_REPRESENTATION('',(#1168),#1171);
#1168 = B_SPLINE_CURVE_WITH_KNOTS('',1,(#1169,#1170),.UNSPECIFIED.,.F.,
  .F.,(2,2),(0.,20.963740544196),.PIECEWISE_BEZIER_KNOTS.);
#1169 = CARTESIAN_POINT('',(0.,0.));
#1170 = CARTESIAN_POINT('',(0.,20.963740544196));
#1171 = ( GEOMETRIC_REPRESENTATION_CONTEXT(2) 
PARAMETRIC_REPRESENTATION_CONTEXT() REPRESENTATION_CONTEXT('2D SPACE',''
  ) );
#1172 = ORIENTED_EDGE('',*,*,#1094,.F.);
#1173 = ADVANCED_FACE('',(#1174),#788,.F.);
#1174 = FACE_BOUND('',#1175,.F.);
#1175 = EDGE_LOOP('',(#1176,#1177,#1178,#1179));
#1176 = ORIENTED_EDGE('',*,*,#1139,.F.);
#1177 = ORIENTED_EDGE('',*,*,#1014,.T.);
#1178 = ORIENTED_EDGE('',*,*,#606,.T.);
#1179 = ORIENTED_EDGE('',*,*,#1115,.F.);
#1180 = ADVANCED_FACE('',(#1181,#1212),#971,.F.);
#1181 = FACE_BOUND('',#1182,.F.);
#1182 = EDGE_LOOP('',(#1183));
#1183 = ORIENTED_EDGE('',*,*,#1184,.T.);
#1184 = EDGE_CURVE('',#1185,#1185,#1187,.T.);
#1185 = VERTEX_POINT('',#1186);
#1186 = CARTESIAN_POINT('',(38.,0.,8.));
#1187 = SURFACE_CURVE('',#1188,(#1193,#1200),.PCURVE_S1.);
#1188 = CIRCLE('',#1189,38.);
#1189 = AXIS2_PLACEMENT_3D('',#1190,#1191,#1192);
#1190 = CARTESIAN_POINT('',(0.,0.,8.));
#1191 = DIRECTION('',(0.,0.,1.));
#1192 = DIRECTION('',(1.,0.,0.));
#1193 = PCURVE('',#971,#1194);
#1194 = DEFINITIONAL_REPRESENTATION('',(#1195),#1199);
#1195 = CIRCLE('',#1196,38.);
#1196 = AXIS2_PLACEMENT_2D('',#1197,#1198);
#1197 = CARTESIAN_POINT('',(3.454585597994E-15,-7.518377864096E-16));
#1198 = DIRECTION('',(1.,0.));
#1199 = ( GEOMETRIC_REPRESENTATION_CONTEXT(2) 
PARAMETRIC_REPRESENTATION_CONTEXT() REPRESENTATION_CONTEXT('2D SPACE',''
  ) );
#1200 = PCURVE('',#1201,#1206);
#1201 = CYLINDRICAL_SURFACE('',#1202,38.);
#1202 = AXIS2_PLACEMENT_3D('',#1203,#1204,#1205);
#1203 = CARTESIAN_POINT('',(0.,0.,8.));
#1204 = DIRECTION('',(-0.,-0.,-1.));
#1205 = DIRECTION('',(1.,0.,0.));
#1206 = DEFINITIONAL_REPRESENTATION('',(#1207),#1211);
#1207 = LINE('',#1208,#1209);
#1208 = CARTESIAN_POINT('',(-0.,0.));
#1209 = VECTOR('',#1210,1.);
#1210 = DIRECTION('',(-1.,0.));
#1211 = ( GEOMETRIC_REPRESENTATION_CONTEXT(2) 
PARAMETRIC_REPRESENTATION_CONTEXT() REPRESENTATION_CONTEXT('2D SPACE',''
  ) );
#1212 = FACE_BOUND('',#1213,.F.);
#1213 = EDGE_LOOP('',(#1214));
#1214 = ORIENTED_EDGE('',*,*,#956,.T.);
#1215 = ADVANCED_FACE('',(#1216),#1074,.T.);
#1216 = FACE_BOUND('',#1217,.T.);
#1217 = EDGE_LOOP('',(#1218));
#1218 = ORIENTED_EDGE('',*,*,#1059,.T.);
#1219 = ADVANCED_FACE('',(#1220),#1201,.T.);
#1220 = FACE_BOUND('',#1221,.F.);
#1221 = EDGE_LOOP('',(#1222,#1245,#1272,#1273));
#1222 = ORIENTED_EDGE('',*,*,#1223,.T.);
#1223 = EDGE_CURVE('',#1185,#1224,#1226,.T.);
#1224 = VERTEX_POINT('',#1225);
#1225 = CARTESIAN_POINT('',(38.,0.,12.));
#1226 = SEAM_CURVE('',#1227,(#1231,#1238),.PCURVE_S1.);
#1227 = LINE('',#1228,#1229);
#1228 = CARTESIAN_POINT('',(38.,0.,8.));
#1229 = VECTOR('',#1230,1.);
#1230 = DIRECTION('',(0.,0.,1.));
#1231 = PCURVE('',#1201,#1232);
#1232 = DEFINITIONAL_REPRESENTATION('',(#1233),#1237);
#1233 = LINE('',#1234,#1235);
#1234 = CARTESIAN_POINT('',(-0.,0.));
#1235 = VECTOR('',#1236,1.);
#1236 = DIRECTION('',(-0.,-1.));
#1237 = ( GEOMETRIC_REPRESENTATION_CONTEXT(2) 
PARAMETRIC_REPRESENTATION_CONTEXT() REPRESENTATION_CONTEXT('2D SPACE',''
  ) );
#1238 = PCURVE('',#1201,#1239);
#1239 = DEFINITIONAL_REPRESENTATION('',(#1240),#1244);
#1240 = LINE('',#1241,#1242);
#1241 = CARTESIAN_POINT('',(-6.28318530718,0.));
#1242 = VECTOR('',#1243,1.);
#1243 = DIRECTION('',(-0.,-1.));
#1244 = ( GEOMETRIC_REPRESENTATION_CONTEXT(2) 
PARAMETRIC_REPRESENTATION_CONTEXT() REPRESENTATION_CONTEXT('2D SPACE',''
  ) );
#1245 = ORIENTED_EDGE('',*,*,#1246,.T.);
#1246 = EDGE_CURVE('',#1224,#1224,#1247,.T.);
#1247 = SURFACE_CURVE('',#1248,(#1253,#1260),.PCURVE_S1.);
#1248 = CIRCLE('',#1249,38.);
#1249 = AXIS2_PLACEMENT_3D('',#1250,#1251,#1252);
#1250 = CARTESIAN_POINT('',(0.,0.,12.));
#1251 = DIRECTION('',(0.,0.,1.));
#1252 = DIRECTION('',(1.,0.,0.));
#1253 = PCURVE('',#1201,#1254);
#1254 = DEFINITIONAL_REPRESENTATION('',(#1255),#1259);
#1255 = LINE('',#1256,#1257);
#1256 = CARTESIAN_POINT('',(-0.,-4.));
#1257 = VECTOR('',#1258,1.);
#1258 = DIRECTION('',(-1.,0.));
#1259 = ( GEOMETRIC_REPRESENTATION_CONTEXT(2) 
PARAMETRIC_REPRESENTATION_CONTEXT() REPRESENTATION_CONTEXT('2D SPACE',''
  ) );
#1260 = PCURVE('',#1261,#1266);
#1261 = PLANE('',#1262);
#1262 = AXIS2_PLACEMENT_3D('',#1263,#1264,#1265);
#1263 = CARTESIAN_POINT('',(-3.454585597994E-15,7.518377864096E-16,12.)
  );
#1264 = DIRECTION('',(0.,0.,1.));
#1265 = DIRECTION('',(1.,0.,-0.));
#1266 = DEFINITIONAL_REPRESENTATION('',(#1267),#1271);
#1267 = CIRCLE('',#1268,38.);
#1268 = AXIS2_PLACEMENT_2D('',#1269,#1270);
#1269 = CARTESIAN_POINT('',(3.454585597994E-15,-7.518377864096E-16));
#1270 = DIRECTION('',(1.,0.));
#1271 = ( GEOMETRIC_REPRESENTATION_CONTEXT(2) 
PARAMETRIC_REPRESENTATION_CONTEXT() REPRESENTATION_CONTEXT('2D SPACE',''
  ) );
#1272 = ORIENTED_EDGE('',*,*,#1223,.F.);
#1273 = ORIENTED_EDGE('',*,*,#1184,.F.);
#1274 = ADVANCED_FACE('',(#1275,#1278),#1261,.T.);
#1275 = FACE_BOUND('',#1276,.T.);
#1276 = EDGE_LOOP('',(#1277));
#1277 = ORIENTED_EDGE('',*,*,#1246,.T.);
#1278 = FACE_BOUND('',#1279,.T.);
#1279 = EDGE_LOOP('',(#1280,#1310,#1338,#1366,#1394,#1422));
#1280 = ORIENTED_EDGE('',*,*,#1281,.F.);
#1281 = EDGE_CURVE('',#1282,#1284,#1286,.T.);
#1282 = VERTEX_POINT('',#1283);
#1283 = CARTESIAN_POINT('',(9.8,0.,12.));
#1284 = VERTEX_POINT('',#1285);
#1285 = CARTESIAN_POINT('',(4.9,8.487048957087,12.));
#1286 = SURFACE_CURVE('',#1287,(#1291,#1298),.PCURVE_S1.);
#1287 = LINE('',#1288,#1289);
#1288 = CARTESIAN_POINT('',(9.8,0.,12.));
#1289 = VECTOR('',#1290,1.);
#1290 = DIRECTION('',(-0.5,0.866025403784,0.));
#1291 = PCURVE('',#1261,#1292);
#1292 = DEFINITIONAL_REPRESENTATION('',(#1293),#1297);
#1293 = LINE('',#1294,#1295);
#1294 = CARTESIAN_POINT('',(9.8,-7.518377864096E-16));
#1295 = VECTOR('',#1296,1.);
#1296 = DIRECTION('',(-0.5,0.866025403784));
#1297 = ( GEOMETRIC_REPRESENTATION_CONTEXT(2) 
PARAMETRIC_REPRESENTATION_CONTEXT() REPRESENTATION_CONTEXT('2D SPACE',''
  ) );
#1298 = PCURVE('',#1299,#1304);
#1299 = PLANE('',#1300);
#1300 = AXIS2_PLACEMENT_3D('',#1301,#1302,#1303);
#1301 = CARTESIAN_POINT('',(9.8,0.,12.));
#1302 = DIRECTION('',(-0.866025403784,-0.5,0.));
#1303 = DIRECTION('',(-0.5,0.866025403784,0.));
#1304 = DEFINITIONAL_REPRESENTATION('',(#1305),#1309);
#1305 = LINE('',#1306,#1307);
#1306 = CARTESIAN_POINT('',(0.,0.));
#1307 = VECTOR('',#1308,1.);
#1308 = DIRECTION('',(1.,0.));
#1309 = ( GEOMETRIC_REPRESENTATION_CONTEXT(2) 
PARAMETRIC_REPRESENTATION_CONTEXT() REPRESENTATION_CONTEXT('2D SPACE',''
  ) );
#1310 = ORIENTED_EDGE('',*,*,#1311,.F.);
#1311 = EDGE_CURVE('',#1312,#1282,#1314,.T.);
#1312 = VERTEX_POINT('',#1313);
#1313 = CARTESIAN_POINT('',(4.9,-8.487048957088,12.));
#1314 = SURFACE_CURVE('',#1315,(#1319,#1326),.PCURVE_S1.);
#1315 = LINE('',#1316,#1317);
#1316 = CARTESIAN_POINT('',(4.9,-8.487048957088,12.));
#1317 = VECTOR('',#1318,1.);
#1318 = DIRECTION('',(0.5,0.866025403784,0.));
#1319 = PCURVE('',#1261,#1320);
#1320 = DEFINITIONAL_REPRESENTATION('',(#1321),#1325);
#1321 = LINE('',#1322,#1323);
#1322 = CARTESIAN_POINT('',(4.9,-8.487048957088));
#1323 = VECTOR('',#1324,1.);
#1324 = DIRECTION('',(0.5,0.866025403784));
#1325 = ( GEOMETRIC_REPRESENTATION_CONTEXT(2) 
PARAMETRIC_REPRESENTATION_CONTEXT() REPRESENTATION_CONTEXT('2D SPACE',''
  ) );
#1326 = PCURVE('',#1327,#1332);
#1327 = PLANE('',#1328);
#1328 = AXIS2_PLACEMENT_3D('',#1329,#1330,#1331);
#1329 = CARTESIAN_POINT('',(4.9,-8.487048957088,12.));
#1330 = DIRECTION('',(-0.866025403784,0.5,0.));
#1331 = DIRECTION('',(0.5,0.866025403784,0.));
#1332 = DEFINITIONAL_REPRESENTATION('',(#1333),#1337);
#1333 = LINE('',#1334,#1335);
#1334 = CARTESIAN_POINT('',(0.,0.));
#1335 = VECTOR('',#1336,1.);
#1336 = DIRECTION('',(1.,0.));
#1337 = ( GEOMETRIC_REPRESENTATION_CONTEXT(2) 
PARAMETRIC_REPRESENTATION_CONTEXT() REPRESENTATION_CONTEXT('2D SPACE',''
  ) );
#1338 = ORIENTED_EDGE('',*,*,#1339,.F.);
#1339 = EDGE_CURVE('',#1340,#1312,#1342,.T.);
#1340 = VERTEX_POINT('',#1341);
#1341 = CARTESIAN_POINT('',(-4.9,-8.487048957087,12.));
#1342 = SURFACE_CURVE('',#1343,(#1347,#1354),.PCURVE_S1.);
#1343 = LINE('',#1344,#1345);
#1344 = CARTESIAN_POINT('',(-4.9,-8.487048957087,12.));
#1345 = VECTOR('',#1346,1.);
#1346 = DIRECTION('',(1.,-7.250436079185E-16,0.));
#1347 = PCURVE('',#1261,#1348);
#1348 = DEFINITIONAL_REPRESENTATION('',(#1349),#1353);
#1349 = LINE('',#1350,#1351);
#1350 = CARTESIAN_POINT('',(-4.9,-8.487048957087));
#1351 = VECTOR('',#1352,1.);
#1352 = DIRECTION('',(1.,-7.250436079185E-16));
#1353 = ( GEOMETRIC_REPRESENTATION_CONTEXT(2) 
PARAMETRIC_REPRESENTATION_CONTEXT() REPRESENTATION_CONTEXT('2D SPACE',''
  ) );
#1354 = PCURVE('',#1355,#1360);
#1355 = PLANE('',#1356);
#1356 = AXIS2_PLACEMENT_3D('',#1357,#1358,#1359);
#1357 = CARTESIAN_POINT('',(-4.9,-8.487048957087,12.));
#1358 = DIRECTION('',(7.250436079185E-16,1.,-0.));
#1359 = DIRECTION('',(1.,-7.250436079185E-16,0.));
#1360 = DEFINITIONAL_REPRESENTATION('',(#1361),#1365);
#1361 = LINE('',#1362,#1363);
#1362 = CARTESIAN_POINT('',(0.,0.));
#1363 = VECTOR('',#1364,1.);
#1364 = DIRECTION('',(1.,0.));
#1365 = ( GEOMETRIC_REPRESENTATION_CONTEXT(2) 
PARAMETRIC_REPRESENTATION_CONTEXT() REPRESENTATION_CONTEXT('2D SPACE',''
  ) );
#1366 = ORIENTED_EDGE('',*,*,#1367,.F.);
#1367 = EDGE_CURVE('',#1368,#1340,#1370,.T.);
#1368 = VERTEX_POINT('',#1369);
#1369 = CARTESIAN_POINT('',(-9.8,1.200153863164E-15,12.));
#1370 = SURFACE_CURVE('',#1371,(#1375,#1382),.PCURVE_S1.);
#1371 = LINE('',#1372,#1373);
#1372 = CARTESIAN_POINT('',(-9.8,1.200153863164E-15,12.));
#1373 = VECTOR('',#1374,1.);
#1374 = DIRECTION('',(0.5,-0.866025403784,0.));
#1375 = PCURVE('',#1261,#1376);
#1376 = DEFINITIONAL_REPRESENTATION('',(#1377),#1381);
#1377 = LINE('',#1378,#1379);
#1378 = CARTESIAN_POINT('',(-9.8,4.483160767548E-16));
#1379 = VECTOR('',#1380,1.);
#1380 = DIRECTION('',(0.5,-0.866025403784));
#1381 = ( GEOMETRIC_REPRESENTATION_CONTEXT(2) 
PARAMETRIC_REPRESENTATION_CONTEXT() REPRESENTATION_CONTEXT('2D SPACE',''
  ) );
#1382 = PCURVE('',#1383,#1388);
#1383 = PLANE('',#1384);
#1384 = AXIS2_PLACEMENT_3D('',#1385,#1386,#1387);
#1385 = CARTESIAN_POINT('',(-9.8,1.200153863164E-15,12.));
#1386 = DIRECTION('',(0.866025403784,0.5,-0.));
#1387 = DIRECTION('',(0.5,-0.866025403784,0.));
#1388 = DEFINITIONAL_REPRESENTATION('',(#1389),#1393);
#1389 = LINE('',#1390,#1391);
#1390 = CARTESIAN_POINT('',(0.,0.));
#1391 = VECTOR('',#1392,1.);
#1392 = DIRECTION('',(1.,0.));
#1393 = ( GEOMETRIC_REPRESENTATION_CONTEXT(2) 
PARAMETRIC_REPRESENTATION_CONTEXT() REPRESENTATION_CONTEXT('2D SPACE',''
  ) );
#1394 = ORIENTED_EDGE('',*,*,#1395,.F.);
#1395 = EDGE_CURVE('',#1396,#1368,#1398,.T.);
#1396 = VERTEX_POINT('',#1397);
#1397 = CARTESIAN_POINT('',(-4.9,8.487048957088,12.));
#1398 = SURFACE_CURVE('',#1399,(#1403,#1410),.PCURVE_S1.);
#1399 = LINE('',#1400,#1401);
#1400 = CARTESIAN_POINT('',(-4.9,8.487048957088,12.));
#1401 = VECTOR('',#1402,1.);
#1402 = DIRECTION('',(-0.5,-0.866025403784,0.));
#1403 = PCURVE('',#1261,#1404);
#1404 = DEFINITIONAL_REPRESENTATION('',(#1405),#1409);
#1405 = LINE('',#1406,#1407);
#1406 = CARTESIAN_POINT('',(-4.9,8.487048957088));
#1407 = VECTOR('',#1408,1.);
#1408 = DIRECTION('',(-0.5,-0.866025403784));
#1409 = ( GEOMETRIC_REPRESENTATION_CONTEXT(2) 
PARAMETRIC_REPRESENTATION_CONTEXT() REPRESENTATION_CONTEXT('2D SPACE',''
  ) );
#1410 = PCURVE('',#1411,#1416);
#1411 = PLANE('',#1412);
#1412 = AXIS2_PLACEMENT_3D('',#1413,#1414,#1415);
#1413 = CARTESIAN_POINT('',(-4.9,8.487048957088,12.));
#1414 = DIRECTION('',(0.866025403784,-0.5,0.));
#1415 = DIRECTION('',(-0.5,-0.866025403784,0.));
#1416 = DEFINITIONAL_REPRESENTATION('',(#1417),#1421);
#1417 = LINE('',#1418,#1419);
#1418 = CARTESIAN_POINT('',(0.,0.));
#1419 = VECTOR('',#1420,1.);
#1420 = DIRECTION('',(1.,0.));
#1421 = ( GEOMETRIC_REPRESENTATION_CONTEXT(2) 
PARAMETRIC_REPRESENTATION_CONTEXT() REPRESENTATION_CONTEXT('2D SPACE',''
  ) );
#1422 = ORIENTED_EDGE('',*,*,#1423,.F.);
#1423 = EDGE_CURVE('',#1284,#1396,#1424,.T.);
#1424 = SURFACE_CURVE('',#1425,(#1429,#1436),.PCURVE_S1.);
#1425 = LINE('',#1426,#1427);
#1426 = CARTESIAN_POINT('',(4.9,8.487048957087,12.));
#1427 = VECTOR('',#1428,1.);
#1428 = DIRECTION('',(-1.,1.812609019796E-16,0.));
#1429 = PCURVE('',#1261,#1430);
#1430 = DEFINITIONAL_REPRESENTATION('',(#1431),#1435);
#1431 = LINE('',#1432,#1433);
#1432 = CARTESIAN_POINT('',(4.9,8.487048957087));
#1433 = VECTOR('',#1434,1.);
#1434 = DIRECTION('',(-1.,1.812609019796E-16));
#1435 = ( GEOMETRIC_REPRESENTATION_CONTEXT(2) 
PARAMETRIC_REPRESENTATION_CONTEXT() REPRESENTATION_CONTEXT('2D SPACE',''
  ) );
#1436 = PCURVE('',#1437,#1442);
#1437 = PLANE('',#1438);
#1438 = AXIS2_PLACEMENT_3D('',#1439,#1440,#1441);
#1439 = CARTESIAN_POINT('',(4.9,8.487048957087,12.));
#1440 = DIRECTION('',(-1.812609019796E-16,-1.,0.));
#1441 = DIRECTION('',(-1.,1.812609019796E-16,0.));
#1442 = DEFINITIONAL_REPRESENTATION('',(#1443),#1447);
#1443 = LINE('',#1444,#1445);
#1444 = CARTESIAN_POINT('',(0.,0.));
#1445 = VECTOR('',#1446,1.);
#1446 = DIRECTION('',(1.,0.));
#1447 = ( GEOMETRIC_REPRESENTATION_CONTEXT(2) 
PARAMETRIC_REPRESENTATION_CONTEXT() REPRESENTATION_CONTEXT('2D SPACE',''
  ) );
#1448 = ADVANCED_FACE('',(#1449),#1299,.F.);
#1449 = FACE_BOUND('',#1450,.F.);
#1450 = EDGE_LOOP('',(#1451,#1474,#1502,#1523));
#1451 = ORIENTED_EDGE('',*,*,#1452,.T.);
#1452 = EDGE_CURVE('',#1282,#1453,#1455,.T.);
#1453 = VERTEX_POINT('',#1454);
#1454 = CARTESIAN_POINT('',(9.8,0.,26.));
#1455 = SURFACE_CURVE('',#1456,(#1460,#1467),.PCURVE_S1.);
#1456 = LINE('',#1457,#1458);
#1457 = CARTESIAN_POINT('',(9.8,0.,12.));
#1458 = VECTOR('',#1459,1.);
#1459 = DIRECTION('',(0.,0.,1.));
#1460 = PCURVE('',#1299,#1461);
#1461 = DEFINITIONAL_REPRESENTATION('',(#1462),#1466);
#1462 = LINE('',#1463,#1464);
#1463 = CARTESIAN_POINT('',(0.,0.));
#1464 = VECTOR('',#1465,1.);
#1465 = DIRECTION('',(0.,-1.));
#1466 = ( GEOMETRIC_REPRESENTATION_CONTEXT(2) 
PARAMETRIC_REPRESENTATION_CONTEXT() REPRESENTATION_CONTEXT('2D SPACE',''
  ) );
#1467 = PCURVE('',#1327,#1468);
#1468 = DEFINITIONAL_REPRESENTATION('',(#1469),#1473);
#1469 = LINE('',#1470,#1471);
#1470 = CARTESIAN_POINT('',(9.8,0.));
#1471 = VECTOR('',#1472,1.);
#1472 = DIRECTION('',(0.,-1.));
#1473 = ( GEOMETRIC_REPRESENTATION_CONTEXT(2) 
PARAMETRIC_REPRESENTATION_CONTEXT() REPRESENTATION_CONTEXT('2D SPACE',''
  ) );
#1474 = ORIENTED_EDGE('',*,*,#1475,.T.);
#1475 = EDGE_CURVE('',#1453,#1476,#1478,.T.);
#1476 = VERTEX_POINT('',#1477);
#1477 = CARTESIAN_POINT('',(4.9,8.487048957087,26.));
#1478 = SURFACE_CURVE('',#1479,(#1483,#1490),.PCURVE_S1.);
#1479 = LINE('',#1480,#1481);
#1480 = CARTESIAN_POINT('',(9.8,0.,26.));
#1481 = VECTOR('',#1482,1.);
#1482 = DIRECTION('',(-0.5,0.866025403784,0.));
#1483 = PCURVE('',#1299,#1484);
#1484 = DEFINITIONAL_REPRESENTATION('',(#1485),#1489);
#1485 = LINE('',#1486,#1487);
#1486 = CARTESIAN_POINT('',(0.,-14.));
#1487 = VECTOR('',#1488,1.);
#1488 = DIRECTION('',(1.,0.));
#1489 = ( GEOMETRIC_REPRESENTATION_CONTEXT(2) 
PARAMETRIC_REPRESENTATION_CONTEXT() REPRESENTATION_CONTEXT('2D SPACE',''
  ) );
#1490 = PCURVE('',#1491,#1496);
#1491 = PLANE('',#1492);
#1492 = AXIS2_PLACEMENT_3D('',#1493,#1494,#1495);
#1493 = CARTESIAN_POINT('',(-4.83362405279E-16,-4.83362405279E-16,26.));
#1494 = DIRECTION('',(0.,0.,1.));
#1495 = DIRECTION('',(1.,0.,-0.));
#1496 = DEFINITIONAL_REPRESENTATION('',(#1497),#1501);
#1497 = LINE('',#1498,#1499);
#1498 = CARTESIAN_POINT('',(9.8,4.83362405279E-16));
#1499 = VECTOR('',#1500,1.);
#1500 = DIRECTION('',(-0.5,0.866025403784));
#1501 = ( GEOMETRIC_REPRESENTATION_CONTEXT(2) 
PARAMETRIC_REPRESENTATION_CONTEXT() REPRESENTATION_CONTEXT('2D SPACE',''
  ) );
#1502 = ORIENTED_EDGE('',*,*,#1503,.F.);
#1503 = EDGE_CURVE('',#1284,#1476,#1504,.T.);
#1504 = SURFACE_CURVE('',#1505,(#1509,#1516),.PCURVE_S1.);
#1505 = LINE('',#1506,#1507);
#1506 = CARTESIAN_POINT('',(4.9,8.487048957087,12.));
#1507 = VECTOR('',#1508,1.);
#1508 = DIRECTION('',(0.,0.,1.));
#1509 = PCURVE('',#1299,#1510);
#1510 = DEFINITIONAL_REPRESENTATION('',(#1511),#1515);
#1511 = LINE('',#1512,#1513);
#1512 = CARTESIAN_POINT('',(9.8,0.));
#1513 = VECTOR('',#1514,1.);
#1514 = DIRECTION('',(0.,-1.));
#1515 = ( GEOMETRIC_REPRESENTATION_CONTEXT(2) 
PARAMETRIC_REPRESENTATION_CONTEXT() REPRESENTATION_CONTEXT('2D SPACE',''
  ) );
#1516 = PCURVE('',#1437,#1517);
#1517 = DEFINITIONAL_REPRESENTATION('',(#1518),#1522);
#1518 = LINE('',#1519,#1520);
#1519 = CARTESIAN_POINT('',(0.,0.));
#1520 = VECTOR('',#1521,1.);
#1521 = DIRECTION('',(0.,-1.));
#1522 = ( GEOMETRIC_REPRESENTATION_CONTEXT(2) 
PARAMETRIC_REPRESENTATION_CONTEXT() REPRESENTATION_CONTEXT('2D SPACE',''
  ) );
#1523 = ORIENTED_EDGE('',*,*,#1281,.F.);
#1524 = ADVANCED_FACE('',(#1525),#1437,.F.);
#1525 = FACE_BOUND('',#1526,.F.);
#1526 = EDGE_LOOP('',(#1527,#1528,#1551,#1572));
#1527 = ORIENTED_EDGE('',*,*,#1503,.T.);
#1528 = ORIENTED_EDGE('',*,*,#1529,.T.);
#1529 = EDGE_CURVE('',#1476,#1530,#1532,.T.);
#1530 = VERTEX_POINT('',#1531);
#1531 = CARTESIAN_POINT('',(-4.9,8.487048957088,26.));
#1532 = SURFACE_CURVE('',#1533,(#1537,#1544),.PCURVE_S1.);
#1533 = LINE('',#1534,#1535);
#1534 = CARTESIAN_POINT('',(4.9,8.487048957087,26.));
#1535 = VECTOR('',#1536,1.);
#1536 = DIRECTION('',(-1.,1.812609019796E-16,0.));
#1537 = PCURVE('',#1437,#1538);
#1538 = DEFINITIONAL_REPRESENTATION('',(#1539),#1543);
#1539 = LINE('',#1540,#1541);
#1540 = CARTESIAN_POINT('',(0.,-14.));
#1541 = VECTOR('',#1542,1.);
#1542 = DIRECTION('',(1.,0.));
#1543 = ( GEOMETRIC_REPRESENTATION_CONTEXT(2) 
PARAMETRIC_REPRESENTATION_CONTEXT() REPRESENTATION_CONTEXT('2D SPACE',''
  ) );
#1544 = PCURVE('',#1491,#1545);
#1545 = DEFINITIONAL_REPRESENTATION('',(#1546),#1550);
#1546 = LINE('',#1547,#1548);
#1547 = CARTESIAN_POINT('',(4.9,8.487048957087));
#1548 = VECTOR('',#1549,1.);
#1549 = DIRECTION('',(-1.,1.812609019796E-16));
#1550 = ( GEOMETRIC_REPRESENTATION_CONTEXT(2) 
PARAMETRIC_REPRESENTATION_CONTEXT() REPRESENTATION_CONTEXT('2D SPACE',''
  ) );
#1551 = ORIENTED_EDGE('',*,*,#1552,.F.);
#1552 = EDGE_CURVE('',#1396,#1530,#1553,.T.);
#1553 = SURFACE_CURVE('',#1554,(#1558,#1565),.PCURVE_S1.);
#1554 = LINE('',#1555,#1556);
#1555 = CARTESIAN_POINT('',(-4.9,8.487048957088,12.));
#1556 = VECTOR('',#1557,1.);
#1557 = DIRECTION('',(0.,0.,1.));
#1558 = PCURVE('',#1437,#1559);
#1559 = DEFINITIONAL_REPRESENTATION('',(#1560),#1564);
#1560 = LINE('',#1561,#1562);
#1561 = CARTESIAN_POINT('',(9.8,0.));
#1562 = VECTOR('',#1563,1.);
#1563 = DIRECTION('',(0.,-1.));
#1564 = ( GEOMETRIC_REPRESENTATION_CONTEXT(2) 
PARAMETRIC_REPRESENTATION_CONTEXT() REPRESENTATION_CONTEXT('2D SPACE',''
  ) );
#1565 = PCURVE('',#1411,#1566);
#1566 = DEFINITIONAL_REPRESENTATION('',(#1567),#1571);
#1567 = LINE('',#1568,#1569);
#1568 = CARTESIAN_POINT('',(0.,0.));
#1569 = VECTOR('',#1570,1.);
#1570 = DIRECTION('',(0.,-1.));
#1571 = ( GEOMETRIC_REPRESENTATION_CONTEXT(2) 
PARAMETRIC_REPRESENTATION_CONTEXT() REPRESENTATION_CONTEXT('2D SPACE',''
  ) );
#1572 = ORIENTED_EDGE('',*,*,#1423,.F.);
#1573 = ADVANCED_FACE('',(#1574),#1411,.F.);
#1574 = FACE_BOUND('',#1575,.F.);
#1575 = EDGE_LOOP('',(#1576,#1577,#1600,#1621));
#1576 = ORIENTED_EDGE('',*,*,#1552,.T.);
#1577 = ORIENTED_EDGE('',*,*,#1578,.T.);
#1578 = EDGE_CURVE('',#1530,#1579,#1581,.T.);
#1579 = VERTEX_POINT('',#1580);
#1580 = CARTESIAN_POINT('',(-9.8,1.200153863164E-15,26.));
#1581 = SURFACE_CURVE('',#1582,(#1586,#1593),.PCURVE_S1.);
#1582 = LINE('',#1583,#1584);
#1583 = CARTESIAN_POINT('',(-4.9,8.487048957088,26.));
#1584 = VECTOR('',#1585,1.);
#1585 = DIRECTION('',(-0.5,-0.866025403784,0.));
#1586 = PCURVE('',#1411,#1587);
#1587 = DEFINITIONAL_REPRESENTATION('',(#1588),#1592);
#1588 = LINE('',#1589,#1590);
#1589 = CARTESIAN_POINT('',(0.,-14.));
#1590 = VECTOR('',#1591,1.);
#1591 = DIRECTION('',(1.,0.));
#1592 = ( GEOMETRIC_REPRESENTATION_CONTEXT(2) 
PARAMETRIC_REPRESENTATION_CONTEXT() REPRESENTATION_CONTEXT('2D SPACE',''
  ) );
#1593 = PCURVE('',#1491,#1594);
#1594 = DEFINITIONAL_REPRESENTATION('',(#1595),#1599);
#1595 = LINE('',#1596,#1597);
#1596 = CARTESIAN_POINT('',(-4.9,8.487048957088));
#1597 = VECTOR('',#1598,1.);
#1598 = DIRECTION('',(-0.5,-0.866025403784));
#1599 = ( GEOMETRIC_REPRESENTATION_CONTEXT(2) 
PARAMETRIC_REPRESENTATION_CONTEXT() REPRESENTATION_CONTEXT('2D SPACE',''
  ) );
#1600 = ORIENTED_EDGE('',*,*,#1601,.F.);
#1601 = EDGE_CURVE('',#1368,#1579,#1602,.T.);
#1602 = SURFACE_CURVE('',#1603,(#1607,#1614),.PCURVE_S1.);
#1603 = LINE('',#1604,#1605);
#1604 = CARTESIAN_POINT('',(-9.8,1.200153863164E-15,12.));
#1605 = VECTOR('',#1606,1.);
#1606 = DIRECTION('',(0.,0.,1.));
#1607 = PCURVE('',#1411,#1608);
#1608 = DEFINITIONAL_REPRESENTATION('',(#1609),#1613);
#1609 = LINE('',#1610,#1611);
#1610 = CARTESIAN_POINT('',(9.8,0.));
#1611 = VECTOR('',#1612,1.);
#1612 = DIRECTION('',(0.,-1.));
#1613 = ( GEOMETRIC_REPRESENTATION_CONTEXT(2) 
PARAMETRIC_REPRESENTATION_CONTEXT() REPRESENTATION_CONTEXT('2D SPACE',''
  ) );
#1614 = PCURVE('',#1383,#1615);
#1615 = DEFINITIONAL_REPRESENTATION('',(#1616),#1620);
#1616 = LINE('',#1617,#1618);
#1617 = CARTESIAN_POINT('',(0.,0.));
#1618 = VECTOR('',#1619,1.);
#1619 = DIRECTION('',(0.,-1.));
#1620 = ( GEOMETRIC_REPRESENTATION_CONTEXT(2) 
PARAMETRIC_REPRESENTATION_CONTEXT() REPRESENTATION_CONTEXT('2D SPACE',''
  ) );
#1621 = ORIENTED_EDGE('',*,*,#1395,.F.);
#1622 = ADVANCED_FACE('',(#1623),#1383,.F.);
#1623 = FACE_BOUND('',#1624,.F.);
#1624 = EDGE_LOOP('',(#1625,#1626,#1649,#1670));
#1625 = ORIENTED_EDGE('',*,*,#1601,.T.);
#1626 = ORIENTED_EDGE('',*,*,#1627,.T.);
#1627 = EDGE_CURVE('',#1579,#1628,#1630,.T.);
#1628 = VERTEX_POINT('',#1629);
#1629 = CARTESIAN_POINT('',(-4.9,-8.487048957087,26.));
#1630 = SURFACE_CURVE('',#1631,(#1635,#1642),.PCURVE_S1.);
#1631 = LINE('',#1632,#1633);
#1632 = CARTESIAN_POINT('',(-9.8,1.200153863164E-15,26.));
#1633 = VECTOR('',#1634,1.);
#1634 = DIRECTION('',(0.5,-0.866025403784,0.));
#1635 = PCURVE('',#1383,#1636);
#1636 = DEFINITIONAL_REPRESENTATION('',(#1637),#1641);
#1637 = LINE('',#1638,#1639);
#1638 = CARTESIAN_POINT('',(0.,-14.));
#1639 = VECTOR('',#1640,1.);
#1640 = DIRECTION('',(1.,0.));
#1641 = ( GEOMETRIC_REPRESENTATION_CONTEXT(2) 
PARAMETRIC_REPRESENTATION_CONTEXT() REPRESENTATION_CONTEXT('2D SPACE',''
  ) );
#1642 = PCURVE('',#1491,#1643);
#1643 = DEFINITIONAL_REPRESENTATION('',(#1644),#1648);
#1644 = LINE('',#1645,#1646);
#1645 = CARTESIAN_POINT('',(-9.8,1.683516268443E-15));
#1646 = VECTOR('',#1647,1.);
#1647 = DIRECTION('',(0.5,-0.866025403784));
#1648 = ( GEOMETRIC_REPRESENTATION_CONTEXT(2) 
PARAMETRIC_REPRESENTATION_CONTEXT() REPRESENTATION_CONTEXT('2D SPACE',''
  ) );
#1649 = ORIENTED_EDGE('',*,*,#1650,.F.);
#1650 = EDGE_CURVE('',#1340,#1628,#1651,.T.);
#1651 = SURFACE_CURVE('',#1652,(#1656,#1663),.PCURVE_S1.);
#1652 = LINE('',#1653,#1654);
#1653 = CARTESIAN_POINT('',(-4.9,-8.487048957087,12.));
#1654 = VECTOR('',#1655,1.);
#1655 = DIRECTION('',(0.,0.,1.));
#1656 = PCURVE('',#1383,#1657);
#1657 = DEFINITIONAL_REPRESENTATION('',(#1658),#1662);
#1658 = LINE('',#1659,#1660);
#1659 = CARTESIAN_POINT('',(9.8,0.));
#1660 = VECTOR('',#1661,1.);
#1661 = DIRECTION('',(0.,-1.));
#1662 = ( GEOMETRIC_REPRESENTATION_CONTEXT(2) 
PARAMETRIC_REPRESENTATION_CONTEXT() REPRESENTATION_CONTEXT('2D SPACE',''
  ) );
#1663 = PCURVE('',#1355,#1664);
#1664 = DEFINITIONAL_REPRESENTATION('',(#1665),#1669);
#1665 = LINE('',#1666,#1667);
#1666 = CARTESIAN_POINT('',(0.,0.));
#1667 = VECTOR('',#1668,1.);
#1668 = DIRECTION('',(0.,-1.));
#1669 = ( GEOMETRIC_REPRESENTATION_CONTEXT(2) 
PARAMETRIC_REPRESENTATION_CONTEXT() REPRESENTATION_CONTEXT('2D SPACE',''
  ) );
#1670 = ORIENTED_EDGE('',*,*,#1367,.F.);
#1671 = ADVANCED_FACE('',(#1672),#1355,.F.);
#1672 = FACE_BOUND('',#1673,.F.);
#1673 = EDGE_LOOP('',(#1674,#1675,#1698,#1719));
#1674 = ORIENTED_EDGE('',*,*,#1650,.T.);
#1675 = ORIENTED_EDGE('',*,*,#1676,.T.);
#1676 = EDGE_CURVE('',#1628,#1677,#1679,.T.);
#1677 = VERTEX_POINT('',#1678);
#1678 = CARTESIAN_POINT('',(4.9,-8.487048957088,26.));
#1679 = SURFACE_CURVE('',#1680,(#1684,#1691),.PCURVE_S1.);
#1680 = LINE('',#1681,#1682);
#1681 = CARTESIAN_POINT('',(-4.9,-8.487048957087,26.));
#1682 = VECTOR('',#1683,1.);
#1683 = DIRECTION('',(1.,-7.250436079185E-16,0.));
#1684 = PCURVE('',#1355,#1685);
#1685 = DEFINITIONAL_REPRESENTATION('',(#1686),#1690);
#1686 = LINE('',#1687,#1688);
#1687 = CARTESIAN_POINT('',(0.,-14.));
#1688 = VECTOR('',#1689,1.);
#1689 = DIRECTION('',(1.,0.));
#1690 = ( GEOMETRIC_REPRESENTATION_CONTEXT(2) 
PARAMETRIC_REPRESENTATION_CONTEXT() REPRESENTATION_CONTEXT('2D SPACE',''
  ) );
#1691 = PCURVE('',#1491,#1692);
#1692 = DEFINITIONAL_REPRESENTATION('',(#1693),#1697);
#1693 = LINE('',#1694,#1695);
#1694 = CARTESIAN_POINT('',(-4.9,-8.487048957087));
#1695 = VECTOR('',#1696,1.);
#1696 = DIRECTION('',(1.,-7.250436079185E-16));
#1697 = ( GEOMETRIC_REPRESENTATION_CONTEXT(2) 
PARAMETRIC_REPRESENTATION_CONTEXT() REPRESENTATION_CONTEXT('2D SPACE',''
  ) );
#1698 = ORIENTED_EDGE('',*,*,#1699,.F.);
#1699 = EDGE_CURVE('',#1312,#1677,#1700,.T.);
#1700 = SURFACE_CURVE('',#1701,(#1705,#1712),.PCURVE_S1.);
#1701 = LINE('',#1702,#1703);
#1702 = CARTESIAN_POINT('',(4.9,-8.487048957088,12.));
#1703 = VECTOR('',#1704,1.);
#1704 = DIRECTION('',(0.,0.,1.));
#1705 = PCURVE('',#1355,#1706);
#1706 = DEFINITIONAL_REPRESENTATION('',(#1707),#1711);
#1707 = LINE('',#1708,#1709);
#1708 = CARTESIAN_POINT('',(9.8,0.));
#1709 = VECTOR('',#1710,1.);
#1710 = DIRECTION('',(0.,-1.));
#1711 = ( GEOMETRIC_REPRESENTATION_CONTEXT(2) 
PARAMETRIC_REPRESENTATION_CONTEXT() REPRESENTATION_CONTEXT('2D SPACE',''
  ) );
#1712 = PCURVE('',#1327,#1713);
#1713 = DEFINITIONAL_REPRESENTATION('',(#1714),#1718);
#1714 = LINE('',#1715,#1716);
#1715 = CARTESIAN_POINT('',(0.,0.));
#1716 = VECTOR('',#1717,1.);
#1717 = DIRECTION('',(0.,-1.));
#1718 = ( GEOMETRIC_REPRESENTATION_CONTEXT(2) 
PARAMETRIC_REPRESENTATION_CONTEXT() REPRESENTATION_CONTEXT('2D SPACE',''
  ) );
#1719 = ORIENTED_EDGE('',*,*,#1339,.F.);
#1720 = ADVANCED_FACE('',(#1721),#1327,.F.);
#1721 = FACE_BOUND('',#1722,.F.);
#1722 = EDGE_LOOP('',(#1723,#1724,#1745,#1746));
#1723 = ORIENTED_EDGE('',*,*,#1699,.T.);
#1724 = ORIENTED_EDGE('',*,*,#1725,.T.);
#1725 = EDGE_CURVE('',#1677,#1453,#1726,.T.);
#1726 = SURFACE_CURVE('',#1727,(#1731,#1738),.PCURVE_S1.);
#1727 = LINE('',#1728,#1729);
#1728 = CARTESIAN_POINT('',(4.9,-8.487048957088,26.));
#1729 = VECTOR('',#1730,1.);
#1730 = DIRECTION('',(0.5,0.866025403784,0.));
#1731 = PCURVE('',#1327,#1732);
#1732 = DEFINITIONAL_REPRESENTATION('',(#1733),#1737);
#1733 = LINE('',#1734,#1735);
#1734 = CARTESIAN_POINT('',(0.,-14.));
#1735 = VECTOR('',#1736,1.);
#1736 = DIRECTION('',(1.,0.));
#1737 = ( GEOMETRIC_REPRESENTATION_CONTEXT(2) 
PARAMETRIC_REPRESENTATION_CONTEXT() REPRESENTATION_CONTEXT('2D SPACE',''
  ) );
#1738 = PCURVE('',#1491,#1739);
#1739 = DEFINITIONAL_REPRESENTATION('',(#1740),#1744);
#1740 = LINE('',#1741,#1742);
#1741 = CARTESIAN_POINT('',(4.9,-8.487048957088));
#1742 = VECTOR('',#1743,1.);
#1743 = DIRECTION('',(0.5,0.866025403784));
#1744 = ( GEOMETRIC_REPRESENTATION_CONTEXT(2) 
PARAMETRIC_REPRESENTATION_CONTEXT() REPRESENTATION_CONTEXT('2D SPACE',''
  ) );
#1745 = ORIENTED_EDGE('',*,*,#1452,.F.);
#1746 = ORIENTED_EDGE('',*,*,#1311,.F.);
#1747 = ADVANCED_FACE('',(#1748),#1491,.T.);
#1748 = FACE_BOUND('',#1749,.T.);
#1749 = EDGE_LOOP('',(#1750,#1751,#1752,#1753,#1754,#1755));
#1750 = ORIENTED_EDGE('',*,*,#1475,.T.);
#1751 = ORIENTED_EDGE('',*,*,#1529,.T.);
#1752 = ORIENTED_EDGE('',*,*,#1578,.T.);
#1753 = ORIENTED_EDGE('',*,*,#1627,.T.);
#1754 = ORIENTED_EDGE('',*,*,#1676,.T.);
#1755 = ORIENTED_EDGE('',*,*,#1725,.T.);
#1756 = ( GEOMETRIC_REPRESENTATION_CONTEXT(3) 
GLOBAL_UNCERTAINTY_ASSIGNED_CONTEXT((#1760)) 
GLOBAL_UNIT_ASSIGNED_CONTEXT((#1757,#1758,#1759)) REPRESENTATION_CONTEXT
('Context #1','3D Context with UNIT and UNCERTAINTY') );
#1757 = ( LENGTH_UNIT() NAMED_UNIT(*) SI_UNIT(.MILLI.,.METRE.) );
#1758 = ( NAMED_UNIT(*) PLANE_ANGLE_UNIT() SI_UNIT($,.RADIAN.) );
#1759 = ( NAMED_UNIT(*) SI_UNIT($,.STERADIAN.) SOLID_ANGLE_UNIT() );
#1760 = UNCERTAINTY_MEASURE_WITH_UNIT(LENGTH_MEASURE(2.E-06),#1757,
  'distance_accuracy_value','confusion accuracy');
#1761 = PRODUCT_RELATED_PRODUCT_CATEGORY('part',$,(#7));
ENDSEC;
END-ISO-10303-21;
