ISO-10303-21;
HEADER;
FILE_DESCRIPTION(('Open CASCADE Model'),'2;1');
FILE_NAME('Open CASCADE Shape Model','2026-09-30T13:27:11',('Author'),(
    'Open CASCADE'),'Open CASCADE STEP processor 7.9','Open CASCADE 7.9'
  ,'Unknown');
FILE_SCHEMA(('AUTOMOTIVE_DESIGN { 1 0 10303 214 1 1 1 1 }'));
ENDSEC;
DATA;
#1 = APPLICATION_PROTOCOL_DEFINITION('international standard',
  'automotive_design',2000,#2);
#2 = APPLICATION_CONTEXT(
  'core data for automotive mechanical design processes');
#3 = SHAPE_DEFINITION_REPRESENTATION(#4,#10);
#4 = PRODUCT_DEFINITION_SHAPE('','',#5);
#5 = PRODUCT_DEFINITION('design','',#6,#9);
#6 = PRODUCT_DEFINITION_FORMATION('','',#7);
#7 = PRODUCT('Open CASCADE STEP translator 7.9 34',
  'Open CASCADE STEP translator 7.9 34','',(#8));
#8 = PRODUCT_CONTEXT('',#2,'mechanical');
#9 = PRODUCT_DEFINITION_CONTEXT('part definition',#2,'design');
#10 = ADVANCED_BREP_SHAPE_REPRESENTATION('',(#11,#15),#2219);
#11 = AXIS2_PLACEMENT_3D('',#12,#13,#14);
#12 = CARTESIAN_POINT('',(0.,0.,0.));
#13 = DIRECTION('',(0.,0.,1.));
#14 = DIRECTION('',(1.,0.,-0.));
#15 = MANIFOLD_SOLID_BREP('',#16);
#16 = CLOSED_SHELL('',(#17,#887,#927,#962,#1450,#1478,#1853,#1860,#1887,
    #2103,#2110,#2117,#2157,#2192));
#17 = ADVANCED_FACE('',(#18,#153,#495),#33,.T.);
#18 = FACE_BOUND('',#19,.F.);
#19 = EDGE_LOOP('',(#20,#56,#79,#108,#130,#131));
#20 = ORIENTED_EDGE('',*,*,#21,.F.);
#21 = EDGE_CURVE('',#22,#24,#26,.T.);
#22 = VERTEX_POINT('',#23);
#23 = CARTESIAN_POINT('',(-10.,13.,0.));
#24 = VERTEX_POINT('',#25);
#25 = CARTESIAN_POINT('',(-10.,7.960204194458E-16,13.));
#26 = SURFACE_CURVE('',#27,(#32,#44),.PCURVE_S1.);
#27 = CIRCLE('',#28,13.);
#28 = AXIS2_PLACEMENT_3D('',#29,#30,#31);
#29 = CARTESIAN_POINT('',(-10.,0.,0.));
#30 = DIRECTION('',(1.,0.,0.));
#31 = DIRECTION('',(0.,1.,0.));
#32 = PCURVE('',#33,#38);
#33 = CYLINDRICAL_SURFACE('',#34,13.);
#34 = AXIS2_PLACEMENT_3D('',#35,#36,#37);
#35 = CARTESIAN_POINT('',(-10.,0.,0.));
#36 = DIRECTION('',(-1.,-0.,-0.));
#37 = DIRECTION('',(0.,1.,0.));
#38 = DEFINITIONAL_REPRESENTATION('',(#39),#43);
#39 = LINE('',#40,#41);
#40 = CARTESIAN_POINT('',(-0.,0.));
#41 = VECTOR('',#42,1.);
#42 = DIRECTION('',(-1.,0.));
#43 = ( GEOMETRIC_REPRESENTATION_CONTEXT(2) 
PARAMETRIC_REPRESENTATION_CONTEXT() REPRESENTATION_CONTEXT('2D SPACE',''
  ) );
#44 = PCURVE('',#45,#50);
#45 = PLANE('',#46);
#46 = AXIS2_PLACEMENT_3D('',#47,#48,#49);
#47 = CARTESIAN_POINT('',(-10.,-4.207508100121E-16,1.152322960418E-15));
#48 = DIRECTION('',(1.,0.,0.));
#49 = DIRECTION('',(-0.,0.,1.));
#50 = DEFINITIONAL_REPRESENTATION('',(#51),#55);
#51 = CIRCLE('',#52,13.);
#52 = AXIS2_PLACEMENT_2D('',#53,#54);
#53 = CARTESIAN_POINT('',(-1.152322960418E-15,-4.207508100121E-16));
#54 = DIRECTION('',(0.,-1.));
#55 = ( GEOMETRIC_REPRESENTATION_CONTEXT(2) 
PARAMETRIC_REPRESENTATION_CONTEXT() REPRESENTATION_CONTEXT('2D SPACE',''
  ) );
#56 = ORIENTED_EDGE('',*,*,#57,.T.);
#57 = EDGE_CURVE('',#22,#58,#60,.T.);
#58 = VERTEX_POINT('',#59);
#59 = CARTESIAN_POINT('',(10.,13.,0.));
#60 = SEAM_CURVE('',#61,(#65,#72),.PCURVE_S1.);
#61 = LINE('',#62,#63);
#62 = CARTESIAN_POINT('',(-10.,13.,0.));
#63 = VECTOR('',#64,1.);
#64 = DIRECTION('',(1.,0.,0.));
#65 = PCURVE('',#33,#66);
#66 = DEFINITIONAL_REPRESENTATION('',(#67),#71);
#67 = LINE('',#68,#69);
#68 = CARTESIAN_POINT('',(-6.28318530718,0.));
#69 = VECTOR('',#70,1.);
#70 = DIRECTION('',(-0.,-1.));
#71 = ( GEOMETRIC_REPRESENTATION_CONTEXT(2) 
PARAMETRIC_REPRESENTATION_CONTEXT() REPRESENTATION_CONTEXT('2D SPACE',''
  ) );
#72 = PCURVE('',#33,#73);
#73 = DEFINITIONAL_REPRESENTATION('',(#74),#78);
#74 = LINE('',#75,#76);
#75 = CARTESIAN_POINT('',(-0.,0.));
#76 = VECTOR('',#77,1.);
#77 = DIRECTION('',(-0.,-1.));
#78 = ( GEOMETRIC_REPRESENTATION_CONTEXT(2) 
PARAMETRIC_REPRESENTATION_CONTEXT() REPRESENTATION_CONTEXT('2D SPACE',''
  ) );
#79 = ORIENTED_EDGE('',*,*,#80,.T.);
#80 = EDGE_CURVE('',#58,#81,#83,.T.);
#81 = VERTEX_POINT('',#82);
#82 = CARTESIAN_POINT('',(10.,1.187477846348E-13,13.));
#83 = SURFACE_CURVE('',#84,(#89,#96),.PCURVE_S1.);
#84 = CIRCLE('',#85,13.);
#85 = AXIS2_PLACEMENT_3D('',#86,#87,#88);
#86 = CARTESIAN_POINT('',(10.,0.,0.));
#87 = DIRECTION('',(1.,0.,0.));
#88 = DIRECTION('',(0.,1.,0.));
#89 = PCURVE('',#33,#90);
#90 = DEFINITIONAL_REPRESENTATION('',(#91),#95);
#91 = LINE('',#92,#93);
#92 = CARTESIAN_POINT('',(-0.,-20.));
#93 = VECTOR('',#94,1.);
#94 = DIRECTION('',(-1.,0.));
#95 = ( GEOMETRIC_REPRESENTATION_CONTEXT(2) 
PARAMETRIC_REPRESENTATION_CONTEXT() REPRESENTATION_CONTEXT('2D SPACE',''
  ) );
#96 = PCURVE('',#97,#102);
#97 = PLANE('',#98);
#98 = AXIS2_PLACEMENT_3D('',#99,#100,#101);
#99 = CARTESIAN_POINT('',(10.,-4.207508100121E-16,1.152322960418E-15));
#100 = DIRECTION('',(1.,0.,0.));
#101 = DIRECTION('',(-0.,0.,1.));
#102 = DEFINITIONAL_REPRESENTATION('',(#103),#107);
#103 = CIRCLE('',#104,13.);
#104 = AXIS2_PLACEMENT_2D('',#105,#106);
#105 = CARTESIAN_POINT('',(-1.152322960418E-15,-4.207508100121E-16));
#106 = DIRECTION('',(0.,-1.));
#107 = ( GEOMETRIC_REPRESENTATION_CONTEXT(2) 
PARAMETRIC_REPRESENTATION_CONTEXT() REPRESENTATION_CONTEXT('2D SPACE',''
  ) );
#108 = ORIENTED_EDGE('',*,*,#109,.T.);
#109 = EDGE_CURVE('',#81,#58,#110,.T.);
#110 = SURFACE_CURVE('',#111,(#116,#123),.PCURVE_S1.);
#111 = CIRCLE('',#112,13.);
#112 = AXIS2_PLACEMENT_3D('',#113,#114,#115);
#113 = CARTESIAN_POINT('',(10.,0.,0.));
#114 = DIRECTION('',(1.,0.,0.));
#115 = DIRECTION('',(0.,1.,0.));
#116 = PCURVE('',#33,#117);
#117 = DEFINITIONAL_REPRESENTATION('',(#118),#122);
#118 = LINE('',#119,#120);
#119 = CARTESIAN_POINT('',(-0.,-20.));
#120 = VECTOR('',#121,1.);
#121 = DIRECTION('',(-1.,0.));
#122 = ( GEOMETRIC_REPRESENTATION_CONTEXT(2) 
PARAMETRIC_REPRESENTATION_CONTEXT() REPRESENTATION_CONTEXT('2D SPACE',''
  ) );
#123 = PCURVE('',#97,#124);
#124 = DEFINITIONAL_REPRESENTATION('',(#125),#129);
#125 = CIRCLE('',#126,13.);
#126 = AXIS2_PLACEMENT_2D('',#127,#128);
#127 = CARTESIAN_POINT('',(-1.152322960418E-15,-4.207508100121E-16));
#128 = DIRECTION('',(0.,-1.));
#129 = ( GEOMETRIC_REPRESENTATION_CONTEXT(2) 
PARAMETRIC_REPRESENTATION_CONTEXT() REPRESENTATION_CONTEXT('2D SPACE',''
  ) );
#130 = ORIENTED_EDGE('',*,*,#57,.F.);
#131 = ORIENTED_EDGE('',*,*,#132,.F.);
#132 = EDGE_CURVE('',#24,#22,#133,.T.);
#133 = SURFACE_CURVE('',#134,(#139,#146),.PCURVE_S1.);
#134 = CIRCLE('',#135,13.);
#135 = AXIS2_PLACEMENT_3D('',#136,#137,#138);
#136 = CARTESIAN_POINT('',(-10.,0.,0.));
#137 = DIRECTION('',(1.,0.,0.));
#138 = DIRECTION('',(0.,1.,0.));
#139 = PCURVE('',#33,#140);
#140 = DEFINITIONAL_REPRESENTATION('',(#141),#145);
#141 = LINE('',#142,#143);
#142 = CARTESIAN_POINT('',(-0.,0.));
#143 = VECTOR('',#144,1.);
#144 = DIRECTION('',(-1.,0.));
#145 = ( GEOMETRIC_REPRESENTATION_CONTEXT(2) 
PARAMETRIC_REPRESENTATION_CONTEXT() REPRESENTATION_CONTEXT('2D SPACE',''
  ) );
#146 = PCURVE('',#45,#147);
#147 = DEFINITIONAL_REPRESENTATION('',(#148),#152);
#148 = CIRCLE('',#149,13.);
#149 = AXIS2_PLACEMENT_2D('',#150,#151);
#150 = CARTESIAN_POINT('',(-1.152322960418E-15,-4.207508100121E-16));
#151 = DIRECTION('',(0.,-1.));
#152 = ( GEOMETRIC_REPRESENTATION_CONTEXT(2) 
PARAMETRIC_REPRESENTATION_CONTEXT() REPRESENTATION_CONTEXT('2D SPACE',''
  ) );
#153 = FACE_BOUND('',#154,.F.);
#154 = EDGE_LOOP('',(#155,#227,#292,#318,#397,#471));
#155 = ORIENTED_EDGE('',*,*,#156,.T.);
#156 = EDGE_CURVE('',#157,#159,#161,.T.);
#157 = VERTEX_POINT('',#158);
#158 = CARTESIAN_POINT('',(7.211102550928,-6.928203230276,11.));
#159 = VERTEX_POINT('',#160);
#160 = CARTESIAN_POINT('',(10.,1.187477846348E-13,13.));
#161 = SURFACE_CURVE('',#162,(#180,#201),.PCURVE_S1.);
#162 = B_SPLINE_CURVE_WITH_KNOTS('',6,(#163,#164,#165,#166,#167,#168,
    #169,#170,#171,#172,#173,#174,#175,#176,#177,#178,#179),
  .UNSPECIFIED.,.F.,.F.,(7,5,5,7),(0.,0.558253334413,0.723665891354,1.),
  .UNSPECIFIED.);
#163 = CARTESIAN_POINT('',(7.211101635673,-6.928204182903,10.9999994));
#164 = CARTESIAN_POINT('',(7.62571168375,-6.496664476953,11.271798978085
    ));
#165 = CARTESIAN_POINT('',(8.020062719488,-6.02418093694,11.541011074633
    ));
#166 = CARTESIAN_POINT('',(8.392262516802,-5.506705020186,11.80324977592
    ));
#167 = CARTESIAN_POINT('',(8.737572648911,-4.939774272009,
    12.052819075363));
#168 = CARTESIAN_POINT('',(9.048239454881,-4.319370559017,
    12.281677990803));
#169 = CARTESIAN_POINT('',(9.391251033745,-3.442488210541,12.53765816608
    ));
#170 = CARTESIAN_POINT('',(9.465593199766,-3.23717984524,12.593399610766
    ));
#171 = CARTESIAN_POINT('',(9.535503996731,-3.027128048972,
    12.646039526012));
#172 = CARTESIAN_POINT('',(9.600623334134,-2.812478354795,
    12.695252026803));
#173 = CARTESIAN_POINT('',(9.660599196519,-2.593391056157,
    12.740719093696));
#174 = CARTESIAN_POINT('',(9.806111481451,-1.996918551728,
    12.851316011335));
#175 = CARTESIAN_POINT('',(9.881977295788,-1.611250318458,
    12.909306497676));
#176 = CARTESIAN_POINT('',(9.940476416944,-1.215815241676,12.95421267697
    ));
#177 = CARTESIAN_POINT('',(9.980099123952,-0.813494736069,
    12.984691618558));
#178 = CARTESIAN_POINT('',(10.,-0.407234508001,13.));
#179 = CARTESIAN_POINT('',(10.,-8.881784197001E-16,13.));
#180 = PCURVE('',#33,#181);
#181 = DEFINITIONAL_REPRESENTATION('',(#182),#200);
#182 = B_SPLINE_CURVE_WITH_KNOTS('',6,(#183,#184,#185,#186,#187,#188,
    #189,#190,#191,#192,#193,#194,#195,#196,#197,#198,#199),
  .UNSPECIFIED.,.F.,.F.,(7,5,5,7),(0.,0.558253334413,0.723665891354,1.),
  .UNSPECIFIED.);
#183 = CARTESIAN_POINT('',(-2.132866216403,-17.21110163567));
#184 = CARTESIAN_POINT('',(-2.093635331904,-17.62571168375));
#185 = CARTESIAN_POINT('',(-2.051845522022,-18.02006271948));
#186 = CARTESIAN_POINT('',(-2.007304499487,-18.3922625168));
#187 = CARTESIAN_POINT('',(-1.959775427776,-18.73757264891));
#188 = CARTESIAN_POINT('',(-1.909030891279,-19.04823945488));
#189 = CARTESIAN_POINT('',(-1.838763081382,-19.39125103374));
#190 = CARTESIAN_POINT('',(-1.822401334688,-19.46559319976));
#191 = CARTESIAN_POINT('',(-1.805748727915,-19.53550399673));
#192 = CARTESIAN_POINT('',(-1.788814173463,-19.60062333413));
#193 = CARTESIAN_POINT('',(-1.771606117076,-19.66059919651));
#194 = CARTESIAN_POINT('',(-1.724941562738,-19.80611148145));
#195 = CARTESIAN_POINT('',(-1.694958705929,-19.88197729578));
#196 = CARTESIAN_POINT('',(-1.664375887493,-19.94047641694));
#197 = CARTESIAN_POINT('',(-1.633372851359,-19.98009912395));
#198 = CARTESIAN_POINT('',(-1.60212205818,-20.));
#199 = CARTESIAN_POINT('',(-1.570796326795,-20.));
#200 = ( GEOMETRIC_REPRESENTATION_CONTEXT(2) 
PARAMETRIC_REPRESENTATION_CONTEXT() REPRESENTATION_CONTEXT('2D SPACE',''
  ) );
#201 = PCURVE('',#202,#207);
#202 = CYLINDRICAL_SURFACE('',#203,10.);
#203 = AXIS2_PLACEMENT_3D('',#204,#205,#206);
#204 = CARTESIAN_POINT('',(0.,0.,11.));
#205 = DIRECTION('',(-0.,-0.,-1.));
#206 = DIRECTION('',(1.,0.,0.));
#207 = DEFINITIONAL_REPRESENTATION('',(#208),#226);
#208 = B_SPLINE_CURVE_WITH_KNOTS('',6,(#209,#210,#211,#212,#213,#214,
    #215,#216,#217,#218,#219,#220,#221,#222,#223,#224,#225),
  .UNSPECIFIED.,.F.,.F.,(7,5,5,7),(0.,0.558253334413,0.723665891354,1.),
  .UNSPECIFIED.);
#209 = CARTESIAN_POINT('',(-5.517792348853,5.999999999062E-07));
#210 = CARTESIAN_POINT('',(-5.577636146341,-0.271798978085));
#211 = CARTESIAN_POINT('',(-5.639029064898,-0.541011074633));
#212 = CARTESIAN_POINT('',(-5.702516332849,-0.80324977592));
#213 = CARTESIAN_POINT('',(-5.768581747665,-1.052819075363));
#214 = CARTESIAN_POINT('',(-5.837676576619,-1.281677990803));
#215 = CARTESIAN_POINT('',(-5.931834932399,-1.53765816608));
#216 = CARTESIAN_POINT('',(-5.953663212176,-1.593399610766));
#217 = CARTESIAN_POINT('',(-5.975789758685,-1.646039526012));
#218 = CARTESIAN_POINT('',(-5.998208385382,-1.695252026803));
#219 = CARTESIAN_POINT('',(-6.020914359837,-1.740719093696));
#220 = CARTESIAN_POINT('',(-6.08231088039,-1.851316011335));
#221 = CARTESIAN_POINT('',(-6.121576933738,-1.909306497675));
#222 = CARTESIAN_POINT('',(-6.161482218593,-1.95421267697));
#223 = CARTESIAN_POINT('',(-6.201835833055,-1.984691618558));
#224 = CARTESIAN_POINT('',(-6.24246185638,-2.));
#225 = CARTESIAN_POINT('',(-6.28318530718,-2.));
#226 = ( GEOMETRIC_REPRESENTATION_CONTEXT(2) 
PARAMETRIC_REPRESENTATION_CONTEXT() REPRESENTATION_CONTEXT('2D SPACE',''
  ) );
#227 = ORIENTED_EDGE('',*,*,#228,.T.);
#228 = EDGE_CURVE('',#159,#229,#231,.T.);
#229 = VERTEX_POINT('',#230);
#230 = CARTESIAN_POINT('',(7.211102550928,6.928203230276,11.));
#231 = SURFACE_CURVE('',#232,(#250,#271),.PCURVE_S1.);
#232 = B_SPLINE_CURVE_WITH_KNOTS('',6,(#233,#234,#235,#236,#237,#238,
    #239,#240,#241,#242,#243,#244,#245,#246,#247,#248,#249),
  .UNSPECIFIED.,.F.,.F.,(7,5,5,7),(0.,0.272499478185,0.438625319819,1.),
  .UNSPECIFIED.);
#233 = CARTESIAN_POINT('',(10.,-8.266365894245E-16,13.));
#234 = CARTESIAN_POINT('',(10.,0.401536687681,13.));
#235 = CARTESIAN_POINT('',(9.980652120495,0.802180346508,12.985117002865
    ));
#236 = CARTESIAN_POINT('',(9.942118180625,1.199059946,12.955475565596));
#237 = CARTESIAN_POINT('',(9.885199086012,1.589323209237,12.911779697562
    ));
#238 = CARTESIAN_POINT('',(9.811332468847,1.970178247102,12.855307247426
    ));
#239 = CARTESIAN_POINT('',(9.668543104438,2.563734799625,12.746744357469
    ));
#240 = CARTESIAN_POINT('',(9.608892391904,2.784266068332,12.701507670293
    ));
#241 = CARTESIAN_POINT('',(9.544020510097,3.000340863148,12.652463513431
    ));
#242 = CARTESIAN_POINT('',(9.474284469883,3.211791303983,12.599934216528
    ));
#243 = CARTESIAN_POINT('',(9.400050327556,3.418464548469,12.544250822624
    ));
#244 = CARTESIAN_POINT('',(9.056913125,4.302006901036,12.288069191476));
#245 = CARTESIAN_POINT('',(8.745294143421,4.927078994249,12.058401057771
    ));
#246 = CARTESIAN_POINT('',(8.398506164557,5.498018624095,11.807649577506
    ));
#247 = CARTESIAN_POINT('',(8.024470216902,6.018899102461,11.544020124315
    ));
#248 = CARTESIAN_POINT('',(7.628025726044,6.494255946007,11.273315959456
    ));
#249 = CARTESIAN_POINT('',(7.211101635673,6.928204182903,10.9999994));
#250 = PCURVE('',#33,#251);
#251 = DEFINITIONAL_REPRESENTATION('',(#252),#270);
#252 = B_SPLINE_CURVE_WITH_KNOTS('',6,(#253,#254,#255,#256,#257,#258,
    #259,#260,#261,#262,#263,#264,#265,#266,#267,#268,#269),
  .UNSPECIFIED.,.F.,.F.,(7,5,5,7),(0.,0.272499478185,0.438625319819,1.),
  .UNSPECIFIED.);
#253 = CARTESIAN_POINT('',(-1.570796326795,-20.));
#254 = CARTESIAN_POINT('',(-1.539908889281,-20.));
#255 = CARTESIAN_POINT('',(-1.509090140566,-19.98065212049));
#256 = CARTESIAN_POINT('',(-1.478507923467,-19.94211818062));
#257 = CARTESIAN_POINT('',(-1.448329668125,-19.88519908601));
#258 = CARTESIAN_POINT('',(-1.418729625399,-19.81133246884));
#259 = CARTESIAN_POINT('',(-1.372314003531,-19.66854310443));
#260 = CARTESIAN_POINT('',(-1.355000816077,-19.6088923919));
#261 = CARTESIAN_POINT('',(-1.337962363798,-19.54402051009));
#262 = CARTESIAN_POINT('',(-1.321207520065,-19.47428446988));
#263 = CARTESIAN_POINT('',(-1.304745643438,-19.40005032755));
#264 = CARTESIAN_POINT('',(-1.233981591917,-19.056913125));
#265 = CARTESIAN_POINT('',(-1.18288131547,-18.74529414342));
#266 = CARTESIAN_POINT('',(-1.13503573996,-18.39850616455));
#267 = CARTESIAN_POINT('',(-1.090214277042,-18.0244702169));
#268 = CARTESIAN_POINT('',(-1.048176279056,-17.62802572604));
#269 = CARTESIAN_POINT('',(-1.008726437187,-17.21110163567));
#270 = ( GEOMETRIC_REPRESENTATION_CONTEXT(2) 
PARAMETRIC_REPRESENTATION_CONTEXT() REPRESENTATION_CONTEXT('2D SPACE',''
  ) );
#271 = PCURVE('',#202,#272);
#272 = DEFINITIONAL_REPRESENTATION('',(#273),#291);
#273 = B_SPLINE_CURVE_WITH_KNOTS('',6,(#274,#275,#276,#277,#278,#279,
    #280,#281,#282,#283,#284,#285,#286,#287,#288,#289,#290),
  .UNSPECIFIED.,.F.,.F.,(7,5,5,7),(0.,0.272499478185,0.438625319819,1.),
  .UNSPECIFIED.);
#274 = CARTESIAN_POINT('',(0.,-2.));
#275 = CARTESIAN_POINT('',(-4.015366876809E-02,-2.));
#276 = CARTESIAN_POINT('',(-8.021803516162E-02,-1.985117002865));
#277 = CARTESIAN_POINT('',(-0.120022527296,-1.955475565596));
#278 = CARTESIAN_POINT('',(-0.159395854072,-1.911779697562));
#279 = CARTESIAN_POINT('',(-0.198152643736,-1.855307247426));
#280 = CARTESIAN_POINT('',(-0.259201655492,-1.746744357469));
#281 = CARTESIAN_POINT('',(-0.28203827009,-1.701507670293));
#282 = CARTESIAN_POINT('',(-0.304585963192,-1.652463513431));
#283 = CARTESIAN_POINT('',(-0.326839581451,-1.599934216528));
#284 = CARTESIAN_POINT('',(-0.348792469836,-1.544250822624));
#285 = CARTESIAN_POINT('',(-0.443575919264,-1.288069191476));
#286 = CARTESIAN_POINT('',(-0.513124771703,-1.058401057771));
#287 = CARTESIAN_POINT('',(-0.579603553075,-0.807649577506));
#288 = CARTESIAN_POINT('',(-0.64346999502,-0.544020124315));
#289 = CARTESIAN_POINT('',(-0.705215157649,-0.273315959456));
#290 = CARTESIAN_POINT('',(-0.765392958326,5.999999999062E-07));
#291 = ( GEOMETRIC_REPRESENTATION_CONTEXT(2) 
PARAMETRIC_REPRESENTATION_CONTEXT() REPRESENTATION_CONTEXT('2D SPACE',''
  ) );
#292 = ORIENTED_EDGE('',*,*,#293,.T.);
#293 = EDGE_CURVE('',#229,#294,#296,.T.);
#294 = VERTEX_POINT('',#295);
#295 = CARTESIAN_POINT('',(4.924428900898,6.928203230276,11.));
#296 = SURFACE_CURVE('',#297,(#301,#307),.PCURVE_S1.);
#297 = LINE('',#298,#299);
#298 = CARTESIAN_POINT('',(-10.,6.928203230276,11.));
#299 = VECTOR('',#300,1.);
#300 = DIRECTION('',(-1.,-0.,-0.));
#301 = PCURVE('',#33,#302);
#302 = DEFINITIONAL_REPRESENTATION('',(#303),#306);
#303 = B_SPLINE_CURVE_WITH_KNOTS('',1,(#304,#305),.UNSPECIFIED.,.F.,.F.,
  (2,2),(-20.0000006,5.999999999062E-07),.PIECEWISE_BEZIER_KNOTS.);
#304 = CARTESIAN_POINT('',(-1.008726523789,-20.0000006));
#305 = CARTESIAN_POINT('',(-1.008726523789,5.999999999062E-07));
#306 = ( GEOMETRIC_REPRESENTATION_CONTEXT(2) 
PARAMETRIC_REPRESENTATION_CONTEXT() REPRESENTATION_CONTEXT('2D SPACE',''
  ) );
#307 = PCURVE('',#308,#313);
#308 = PLANE('',#309);
#309 = AXIS2_PLACEMENT_3D('',#310,#311,#312);
#310 = CARTESIAN_POINT('',(-5.469760530158E-16,6.857365063158E-16,11.));
#311 = DIRECTION('',(0.,0.,1.));
#312 = DIRECTION('',(1.,0.,-0.));
#313 = DEFINITIONAL_REPRESENTATION('',(#314),#317);
#314 = B_SPLINE_CURVE_WITH_KNOTS('',1,(#315,#316),.UNSPECIFIED.,.F.,.F.,
  (2,2),(-20.0000006,5.999999999062E-07),.PIECEWISE_BEZIER_KNOTS.);
#315 = CARTESIAN_POINT('',(10.0000006,6.928203230276));
#316 = CARTESIAN_POINT('',(-10.0000006,6.928203230276));
#317 = ( GEOMETRIC_REPRESENTATION_CONTEXT(2) 
PARAMETRIC_REPRESENTATION_CONTEXT() REPRESENTATION_CONTEXT('2D SPACE',''
  ) );
#318 = ORIENTED_EDGE('',*,*,#319,.F.);
#319 = EDGE_CURVE('',#320,#294,#322,.T.);
#320 = VERTEX_POINT('',#321);
#321 = CARTESIAN_POINT('',(8.5,2.6645352591E-16,13.));
#322 = SURFACE_CURVE('',#323,(#344,#368),.PCURVE_S1.);
#323 = B_SPLINE_CURVE_WITH_KNOTS('',7,(#324,#325,#326,#327,#328,#329,
    #330,#331,#332,#333,#334,#335,#336,#337,#338,#339,#340,#341,#342,
    #343),.UNSPECIFIED.,.F.,.F.,(8,6,6,8),(0.,0.230358896404,
    0.372797320605,1.),.UNSPECIFIED.);
#324 = CARTESIAN_POINT('',(8.5,-5.097128065973E-16,13.));
#325 = CARTESIAN_POINT('',(8.5,0.313492465754,13.));
#326 = CARTESIAN_POINT('',(8.486510884387,0.626422681,12.991180186816));
#327 = CARTESIAN_POINT('',(8.459619965215,0.937238379518,12.973597684216
    ));
#328 = CARTESIAN_POINT('',(8.419679546803,1.244395597914,12.947533252302
    ));
#329 = CARTESIAN_POINT('',(8.367306098683,1.546372639729,12.913489179809
    ));
#330 = CARTESIAN_POINT('',(8.303385489741,1.841683366714,12.872177865347
    ));
#331 = CARTESIAN_POINT('',(8.183141422709,2.306478939591,12.795020979832
    ));
#332 = CARTESIAN_POINT('',(8.133189690286,2.481124089243,12.763081464183
    ));
#333 = CARTESIAN_POINT('',(8.079429132136,2.652720059756,12.728847463865
    ));
#334 = CARTESIAN_POINT('',(8.02206276028,2.821168697783,12.692488392529)
  );
#335 = CARTESIAN_POINT('',(7.961297029463,2.986378891684,12.65417734491)
  );
#336 = CARTESIAN_POINT('',(7.897342313705,3.148266560132,12.614090287471
    ));
#337 = CARTESIAN_POINT('',(7.535703545921,4.00462917384,12.388852475699)
  );
#338 = CARTESIAN_POINT('',(7.183524935228,4.636120198217,12.174439179525
    ));
#339 = CARTESIAN_POINT('',(6.788485775233,5.203938201574,11.94203512536)
  );
#340 = CARTESIAN_POINT('',(6.360465942258,5.712546313281,11.701632063925
    ));
#341 = CARTESIAN_POINT('',(5.905599092041,6.166826363294,11.460652147592
    ));
#342 = CARTESIAN_POINT('',(5.426849190078,6.571093039273,11.224921132183
    ));
#343 = CARTESIAN_POINT('',(4.924427560641,6.928204182903,10.9999994));
#344 = PCURVE('',#33,#345);
#345 = DEFINITIONAL_REPRESENTATION('',(#346),#367);
#346 = B_SPLINE_CURVE_WITH_KNOTS('',7,(#347,#348,#349,#350,#351,#352,
    #353,#354,#355,#356,#357,#358,#359,#360,#361,#362,#363,#364,#365,
    #366),.UNSPECIFIED.,.F.,.F.,(8,6,6,8),(0.,0.230358896404,
    0.372797320605,1.),.UNSPECIFIED.);
#347 = CARTESIAN_POINT('',(-1.570796326795,-18.5));
#348 = CARTESIAN_POINT('',(-1.546681521737,-18.5));
#349 = CARTESIAN_POINT('',(-1.522609962427,-18.48651088438));
#350 = CARTESIAN_POINT('',(-1.498678171499,-18.45961996521));
#351 = CARTESIAN_POINT('',(-1.474982331238,-18.4196795468));
#352 = CARTESIAN_POINT('',(-1.451619730128,-18.36730609868));
#353 = CARTESIAN_POINT('',(-1.428689786646,-18.30338548974));
#354 = CARTESIAN_POINT('',(-1.392447006541,-18.1831414227));
#355 = CARTESIAN_POINT('',(-1.378791784761,-18.13318969028));
#356 = CARTESIAN_POINT('',(-1.365334705757,-18.07942913213));
#357 = CARTESIAN_POINT('',(-1.352081560988,-18.02206276028));
#358 = CARTESIAN_POINT('',(-1.339038203216,-17.96129702946));
#359 = CARTESIAN_POINT('',(-1.326210537153,-17.8973423137));
#360 = CARTESIAN_POINT('',(-1.258096075621,-17.53570354592));
#361 = CARTESIAN_POINT('',(-1.206922280886,-17.18352493522));
#362 = CARTESIAN_POINT('',(-1.159853869267,-16.78848577523));
#363 = CARTESIAN_POINT('',(-1.116671573953,-16.36046594225));
#364 = CARTESIAN_POINT('',(-1.077168172675,-15.90559909204));
#365 = CARTESIAN_POINT('',(-1.041191088378,-15.42684919007));
#366 = CARTESIAN_POINT('',(-1.008726437187,-14.92442756064));
#367 = ( GEOMETRIC_REPRESENTATION_CONTEXT(2) 
PARAMETRIC_REPRESENTATION_CONTEXT() REPRESENTATION_CONTEXT('2D SPACE',''
  ) );
#368 = PCURVE('',#369,#374);
#369 = CYLINDRICAL_SURFACE('',#370,8.5);
#370 = AXIS2_PLACEMENT_3D('',#371,#372,#373);
#371 = CARTESIAN_POINT('',(4.742872761199E-14,2.6645352591E-16,11.));
#372 = DIRECTION('',(-0.,-0.,-1.));
#373 = DIRECTION('',(1.,0.,0.));
#374 = DEFINITIONAL_REPRESENTATION('',(#375),#396);
#375 = B_SPLINE_CURVE_WITH_KNOTS('',7,(#376,#377,#378,#379,#380,#381,
    #382,#383,#384,#385,#386,#387,#388,#389,#390,#391,#392,#393,#394,
    #395),.UNSPECIFIED.,.F.,.F.,(8,6,6,8),(0.,0.230358896404,
    0.372797320605,1.),.UNSPECIFIED.);
#376 = CARTESIAN_POINT('',(0.,-2.));
#377 = CARTESIAN_POINT('',(-3.688146655929E-02,-2.));
#378 = CARTESIAN_POINT('',(-7.369678493853E-02,-1.991180186816));
#379 = CARTESIAN_POINT('',(-0.110345282869,-1.973597684216));
#380 = CARTESIAN_POINT('',(-0.146725915829,-1.947533252302));
#381 = CARTESIAN_POINT('',(-0.182732960584,-1.913489179809));
#382 = CARTESIAN_POINT('',(-0.218251531218,-1.872177865347));
#383 = CARTESIAN_POINT('',(-0.274733584003,-1.795020979832));
#384 = CARTESIAN_POINT('',(-0.296097065179,-1.763081464183));
#385 = CARTESIAN_POINT('',(-0.317241893428,-1.728847463865));
#386 = CARTESIAN_POINT('',(-0.338165844911,-1.692488392529));
#387 = CARTESIAN_POINT('',(-0.358865916254,-1.65417734491));
#388 = CARTESIAN_POINT('',(-0.379338301108,-1.614090287471));
#389 = CARTESIAN_POINT('',(-0.48870195432,-1.388852475699));
#390 = CARTESIAN_POINT('',(-0.573261265009,-1.174439179525));
#391 = CARTESIAN_POINT('',(-0.65403701534,-0.94203512536));
#392 = CARTESIAN_POINT('',(-0.731687156309,-0.701632063925));
#393 = CARTESIAN_POINT('',(-0.806891561604,-0.460652147592));
#394 = CARTESIAN_POINT('',(-0.8803538727,-0.224921132183));
#395 = CARTESIAN_POINT('',(-0.95287217848,5.999999999062E-07));
#396 = ( GEOMETRIC_REPRESENTATION_CONTEXT(2) 
PARAMETRIC_REPRESENTATION_CONTEXT() REPRESENTATION_CONTEXT('2D SPACE',''
  ) );
#397 = ORIENTED_EDGE('',*,*,#398,.F.);
#398 = EDGE_CURVE('',#399,#320,#401,.T.);
#399 = VERTEX_POINT('',#400);
#400 = CARTESIAN_POINT('',(4.924428900898,-6.928203230276,11.));
#401 = SURFACE_CURVE('',#402,(#423,#447),.PCURVE_S1.);
#402 = B_SPLINE_CURVE_WITH_KNOTS('',7,(#403,#404,#405,#406,#407,#408,
    #409,#410,#411,#412,#413,#414,#415,#416,#417,#418,#419,#420,#421,
    #422),.UNSPECIFIED.,.F.,.F.,(8,6,6,8),(0.,0.628591599962,
    0.768787445408,1.),.UNSPECIFIED.);
#403 = CARTESIAN_POINT('',(4.924427560641,-6.928204182903,10.9999994));
#404 = CARTESIAN_POINT('',(5.427963507804,-6.570301004746,
    11.225419984658));
#405 = CARTESIAN_POINT('',(5.907719797842,-6.165034906769,
    11.461696584829));
#406 = CARTESIAN_POINT('',(6.363488419484,-5.709526816265,
    11.703233487413));
#407 = CARTESIAN_POINT('',(6.792279446806,-5.199428506592,
    11.944166211868));
#408 = CARTESIAN_POINT('',(7.187901960114,-4.629823769155,
    12.177014836632));
#409 = CARTESIAN_POINT('',(7.540383495984,-3.996225611627,12.39170234718
    ));
#410 = CARTESIAN_POINT('',(7.900680392786,-3.139739031752,
    12.616184427048));
#411 = CARTESIAN_POINT('',(7.963493074836,-2.980259481322,
    12.655564749828));
#412 = CARTESIAN_POINT('',(8.023209966544,-2.817562996645,
    12.693219106434));
#413 = CARTESIAN_POINT('',(8.07963038153,-2.651730151859,12.728979670175
    ));
#414 = CARTESIAN_POINT('',(8.132557345572,-2.482848122472,
    12.762681341534));
#415 = CARTESIAN_POINT('',(8.181797155591,-2.311010695748,
    12.794162497113));
#416 = CARTESIAN_POINT('',(8.301970098062,-1.848213599181,12.87126312951
    ));
#417 = CARTESIAN_POINT('',(8.366336800839,-1.551945655405,
    12.912859159082));
#418 = CARTESIAN_POINT('',(8.419083137347,-1.248954442455,
    12.947144074186));
#419 = CARTESIAN_POINT('',(8.459314626288,-0.940729006307,
    12.973398040434));
#420 = CARTESIAN_POINT('',(8.486406818227,-0.628794620877,
    12.991112142447));
#421 = CARTESIAN_POINT('',(8.5,-0.314699350465,13.));
#422 = CARTESIAN_POINT('',(8.5,-8.881784197001E-16,13.));
#423 = PCURVE('',#33,#424);
#424 = DEFINITIONAL_REPRESENTATION('',(#425),#446);
#425 = B_SPLINE_CURVE_WITH_KNOTS('',7,(#426,#427,#428,#429,#430,#431,
    #432,#433,#434,#435,#436,#437,#438,#439,#440,#441,#442,#443,#444,
    #445),.UNSPECIFIED.,.F.,.F.,(8,6,6,8),(0.,0.628591599962,
    0.768787445408,1.),.UNSPECIFIED.);
#426 = CARTESIAN_POINT('',(-2.132866216403,-14.92442756064));
#427 = CARTESIAN_POINT('',(-2.100329562069,-15.4279635078));
#428 = CARTESIAN_POINT('',(-2.064265060013,-15.90771979784));
#429 = CARTESIAN_POINT('',(-2.024658521835,-16.36348841948));
#430 = CARTESIAN_POINT('',(-1.981355914546,-16.7922794468));
#431 = CARTESIAN_POINT('',(-1.934148489974,-17.18790196011));
#432 = CARTESIAN_POINT('',(-1.882815670606,-17.54038349598));
#433 = CARTESIAN_POINT('',(-1.814706748718,-17.90068039278));
#434 = CARTESIAN_POINT('',(-1.802071898412,-17.96349307483));
#435 = CARTESIAN_POINT('',(-1.789228210061,-18.02320996654));
#436 = CARTESIAN_POINT('',(-1.776181332872,-18.07963038153));
#437 = CARTESIAN_POINT('',(-1.762936866846,-18.13255734557));
#438 = CARTESIAN_POINT('',(-1.74950035426,-18.18179715559));
#439 = CARTESIAN_POINT('',(-1.713409930338,-18.30197009806));
#440 = CARTESIAN_POINT('',(-1.690404099647,-18.36633680083));
#441 = CARTESIAN_POINT('',(-1.666962034125,-18.41908313734));
#442 = CARTESIAN_POINT('',(-1.643183257284,-18.45931462628));
#443 = CARTESIAN_POINT('',(-1.619165148531,-18.48640681822));
#444 = CARTESIAN_POINT('',(-1.595003969138,-18.5));
#445 = CARTESIAN_POINT('',(-1.570796326795,-18.5));
#446 = ( GEOMETRIC_REPRESENTATION_CONTEXT(2) 
PARAMETRIC_REPRESENTATION_CONTEXT() REPRESENTATION_CONTEXT('2D SPACE',''
  ) );
#447 = PCURVE('',#369,#448);
#448 = DEFINITIONAL_REPRESENTATION('',(#449),#470);
#449 = B_SPLINE_CURVE_WITH_KNOTS('',7,(#450,#451,#452,#453,#454,#455,
    #456,#457,#458,#459,#460,#461,#462,#463,#464,#465,#466,#467,#468,
    #469),.UNSPECIFIED.,.F.,.F.,(8,6,6,8),(0.,0.628591599962,
    0.768787445408,1.),.UNSPECIFIED.);
#450 = CARTESIAN_POINT('',(-5.3303131287,5.999999999062E-07));
#451 = CARTESIAN_POINT('',(-5.402992272367,-0.225419984658));
#452 = CARTESIAN_POINT('',(-5.476619204884,-0.461696584829));
#453 = CARTESIAN_POINT('',(-5.551997947232,-0.703233487413));
#454 = CARTESIAN_POINT('',(-5.62983666772,-0.944166211868));
#455 = CARTESIAN_POINT('',(-5.710819489861,-1.177014836632));
#456 = CARTESIAN_POINT('',(-5.795608234174,-1.39170234718));
#457 = CARTESIAN_POINT('',(-5.904924012143,-1.616184427048));
#458 = CARTESIAN_POINT('',(-5.925083797955,-1.655564749828));
#459 = CARTESIAN_POINT('',(-5.945464154807,-1.693219106434));
#460 = CARTESIAN_POINT('',(-5.9660614372,-1.728979670175));
#461 = CARTESIAN_POINT('',(-5.986872754675,-1.762681341534));
#462 = CARTESIAN_POINT('',(-6.007895949695,-1.794162497113));
#463 = CARTESIAN_POINT('',(-6.064148308501,-1.87126312951));
#464 = CARTESIAN_POINT('',(-6.099787770905,-1.912859159082));
#465 = CARTESIAN_POINT('',(-6.135919366197,-1.947144074186));
#466 = CARTESIAN_POINT('',(-6.172428412095,-1.973398040434));
#467 = CARTESIAN_POINT('',(-6.209209470646,-1.991112142447));
#468 = CARTESIAN_POINT('',(-6.246161854184,-2.));
#469 = CARTESIAN_POINT('',(-6.28318530718,-2.));
#470 = ( GEOMETRIC_REPRESENTATION_CONTEXT(2) 
PARAMETRIC_REPRESENTATION_CONTEXT() REPRESENTATION_CONTEXT('2D SPACE',''
  ) );
#471 = ORIENTED_EDGE('',*,*,#472,.F.);
#472 = EDGE_CURVE('',#157,#399,#473,.T.);
#473 = SURFACE_CURVE('',#474,(#478,#484),.PCURVE_S1.);
#474 = LINE('',#475,#476);
#475 = CARTESIAN_POINT('',(-10.,-6.928203230276,11.));
#476 = VECTOR('',#477,1.);
#477 = DIRECTION('',(-1.,-0.,-0.));
#478 = PCURVE('',#33,#479);
#479 = DEFINITIONAL_REPRESENTATION('',(#480),#483);
#480 = B_SPLINE_CURVE_WITH_KNOTS('',1,(#481,#482),.UNSPECIFIED.,.F.,.F.,
  (2,2),(-20.0000006,5.999999999062E-07),.PIECEWISE_BEZIER_KNOTS.);
#481 = CARTESIAN_POINT('',(-2.132866129801,-20.0000006));
#482 = CARTESIAN_POINT('',(-2.132866129801,5.999999999062E-07));
#483 = ( GEOMETRIC_REPRESENTATION_CONTEXT(2) 
PARAMETRIC_REPRESENTATION_CONTEXT() REPRESENTATION_CONTEXT('2D SPACE',''
  ) );
#484 = PCURVE('',#485,#490);
#485 = PLANE('',#486);
#486 = AXIS2_PLACEMENT_3D('',#487,#488,#489);
#487 = CARTESIAN_POINT('',(-5.469760530158E-16,6.857365063158E-16,11.));
#488 = DIRECTION('',(0.,0.,1.));
#489 = DIRECTION('',(1.,0.,-0.));
#490 = DEFINITIONAL_REPRESENTATION('',(#491),#494);
#491 = B_SPLINE_CURVE_WITH_KNOTS('',1,(#492,#493),.UNSPECIFIED.,.F.,.F.,
  (2,2),(-20.0000006,5.999999999062E-07),.PIECEWISE_BEZIER_KNOTS.);
#492 = CARTESIAN_POINT('',(10.0000006,-6.928203230276));
#493 = CARTESIAN_POINT('',(-10.0000006,-6.928203230276));
#494 = ( GEOMETRIC_REPRESENTATION_CONTEXT(2) 
PARAMETRIC_REPRESENTATION_CONTEXT() REPRESENTATION_CONTEXT('2D SPACE',''
  ) );
#495 = FACE_BOUND('',#496,.F.);
#496 = EDGE_LOOP('',(#497,#609,#719,#740,#868));
#497 = ORIENTED_EDGE('',*,*,#498,.T.);
#498 = EDGE_CURVE('',#499,#501,#503,.T.);
#499 = VERTEX_POINT('',#500);
#500 = CARTESIAN_POINT('',(-7.211102550928,6.928203230276,11.));
#501 = VERTEX_POINT('',#502);
#502 = CARTESIAN_POINT('',(-10.,7.960204194458E-16,13.));
#503 = SURFACE_CURVE('',#504,(#537,#573),.PCURVE_S1.);
#504 = B_SPLINE_CURVE_WITH_KNOTS('',6,(#505,#506,#507,#508,#509,#510,
    #511,#512,#513,#514,#515,#516,#517,#518,#519,#520,#521,#522,#523,
    #524,#525,#526,#527,#528,#529,#530,#531,#532,#533,#534,#535,#536),
  .UNSPECIFIED.,.F.,.F.,(7,5,5,5,5,5,7),(0.,0.281540605936,0.3635529395,
    0.500067546829,0.590863143649,0.718498960204,1.),.UNSPECIFIED.);
#505 = CARTESIAN_POINT('',(-7.211101635673,6.928204182903,10.9999994));
#506 = CARTESIAN_POINT('',(-7.629203909319,6.493029654299,
    11.274088323075));
#507 = CARTESIAN_POINT('',(-8.026714603262,6.016208051509,
    11.545552640695));
#508 = CARTESIAN_POINT('',(-8.401684868653,5.493590855686,
    11.809890191078));
#509 = CARTESIAN_POINT('',(-8.749223128834,4.920605496105,
    12.061242357802));
#510 = CARTESIAN_POINT('',(-9.061322362817,4.293150417377,
    12.291319292567));
#511 = CARTESIAN_POINT('',(-9.40333747287,3.409245654085,12.546717591852
    ));
#512 = CARTESIAN_POINT('',(-9.47646129848,3.205063557829,12.601575513673
    ));
#513 = CARTESIAN_POINT('',(-9.545193181054,2.996229001817,
    12.653351957022));
#514 = CARTESIAN_POINT('',(-9.609180887158,2.782889654522,
    12.701728435127));
#515 = CARTESIAN_POINT('',(-9.668080844888,2.565207468541,
    12.746394801776));
#516 = CARTESIAN_POINT('',(-9.810571312855,1.974077645982,
    12.854725425993));
#517 = CARTESIAN_POINT('',(-9.884737502683,1.592505455453,
    12.911425241096));
#518 = CARTESIAN_POINT('',(-9.941897397888,1.201414918072,
    12.955305727428));
#519 = CARTESIAN_POINT('',(-9.980586072937,0.803676492008,
    12.985066200064));
#520 = CARTESIAN_POINT('',(-10.,0.402221595543,13.));
#521 = CARTESIAN_POINT('',(-10.,-0.267516792051,13.));
#522 = CARTESIAN_POINT('',(-9.991412023634,-0.534885298973,
    12.993393987309));
#523 = CARTESIAN_POINT('',(-9.974254611356,-0.801139111379,
    12.980195659114));
#524 = CARTESIAN_POINT('',(-9.948695787114,-1.065319062799,
    12.960552688205));
#525 = CARTESIAN_POINT('',(-9.915054904408,-1.326474049002,
    12.934744240126));
#526 = CARTESIAN_POINT('',(-9.815816768185,-1.945203329444,
    12.858804970125));
#527 = CARTESIAN_POINT('',(-9.742869166247,-2.298422245027,
    12.803113583957));
#528 = CARTESIAN_POINT('',(-9.65610474048,-2.642280725217,
    12.737105641733));
#529 = CARTESIAN_POINT('',(-9.556786644593,-2.975822925842,
    12.661918557342));
#530 = CARTESIAN_POINT('',(-9.446310949142,-3.298175763993,
    12.578808000631));
#531 = CARTESIAN_POINT('',(-9.061357444439,-4.29307986948,
    12.291345154778));
#532 = CARTESIAN_POINT('',(-8.749254333542,-4.920554109745,
    12.06126492576));
#533 = CARTESIAN_POINT('',(-8.401710030478,-5.493555789225,
    11.809907923301));
#534 = CARTESIAN_POINT('',(-8.026732429831,-6.016186604647,
    11.545564825252));
#535 = CARTESIAN_POINT('',(-7.629213497624,-6.493019674478,
    11.274094608733));
#536 = CARTESIAN_POINT('',(-7.211101635673,-6.928204182903,10.9999994));
#537 = PCURVE('',#33,#538);
#538 = DEFINITIONAL_REPRESENTATION('',(#539),#572);
#539 = B_SPLINE_CURVE_WITH_KNOTS('',6,(#540,#541,#542,#543,#544,#545,
    #546,#547,#548,#549,#550,#551,#552,#553,#554,#555,#556,#557,#558,
    #559,#560,#561,#562,#563,#564,#565,#566,#567,#568,#569,#570,#571),
  .UNSPECIFIED.,.F.,.F.,(7,5,5,5,5,5,7),(0.,0.281540605936,0.3635529395,
    0.500067546829,0.590863143649,0.718498960204,1.),.UNSPECIFIED.);
#540 = CARTESIAN_POINT('',(-1.008726437187,-2.788898364327));
#541 = CARTESIAN_POINT('',(-1.048287760127,-2.370796090681));
#542 = CARTESIAN_POINT('',(-1.090452260502,-1.973285396738));
#543 = CARTESIAN_POINT('',(-1.13541673089,-1.598315131347));
#544 = CARTESIAN_POINT('',(-1.183423740719,-1.250776871166));
#545 = CARTESIAN_POINT('',(-1.234705508971,-0.938677637183));
#546 = CARTESIAN_POINT('',(-1.305479585805,-0.59666252713));
#547 = CARTESIAN_POINT('',(-1.321740023759,-0.52353870152));
#548 = CARTESIAN_POINT('',(-1.338285802948,-0.454806818946));
#549 = CARTESIAN_POINT('',(-1.355107894435,-0.390819112842));
#550 = CARTESIAN_POINT('',(-1.372197731048,-0.331919155112));
#551 = CARTESIAN_POINT('',(-1.418426515804,-0.189428687145));
#552 = CARTESIAN_POINT('',(-1.448083626845,-0.115262497317));
#553 = CARTESIAN_POINT('',(-1.478326499421,-5.81026021116E-02));
#554 = CARTESIAN_POINT('',(-1.508975053281,-1.941392706349E-02));
#555 = CARTESIAN_POINT('',(-1.539856204061,-3.552713678801E-15));
#556 = CARTESIAN_POINT('',(-1.591374541568,2.590520390792E-15));
#557 = CARTESIAN_POINT('',(-1.61194134676,-8.587976366497E-03));
#558 = CARTESIAN_POINT('',(-1.632438102038,-2.574538864376E-02));
#559 = CARTESIAN_POINT('',(-1.652806601077,-5.130421288619E-02));
#560 = CARTESIAN_POINT('',(-1.672987676328,-8.494509559232E-02));
#561 = CARTESIAN_POINT('',(-1.720939371401,-0.184183231815));
#562 = CARTESIAN_POINT('',(-1.748429549938,-0.257130833753));
#563 = CARTESIAN_POINT('',(-1.775341390342,-0.34389525952));
#564 = CARTESIAN_POINT('',(-1.801623223038,-0.443213355407));
#565 = CARTESIAN_POINT('',(-1.827219777043,-0.553689050858));
#566 = CARTESIAN_POINT('',(-1.906881378896,-0.938642555561));
#567 = CARTESIAN_POINT('',(-1.958164606882,-1.250745666458));
#568 = CARTESIAN_POINT('',(-2.00617290557,-1.598289969522));
#569 = CARTESIAN_POINT('',(-2.051138497659,-1.973267570169));
#570 = CARTESIAN_POINT('',(-2.093303986206,-2.370786502376));
#571 = CARTESIAN_POINT('',(-2.132866216403,-2.788898364327));
#572 = ( GEOMETRIC_REPRESENTATION_CONTEXT(2) 
PARAMETRIC_REPRESENTATION_CONTEXT() REPRESENTATION_CONTEXT('2D SPACE',''
  ) );
#573 = PCURVE('',#202,#574);
#574 = DEFINITIONAL_REPRESENTATION('',(#575),#608);
#575 = B_SPLINE_CURVE_WITH_KNOTS('',6,(#576,#577,#578,#579,#580,#581,
    #582,#583,#584,#585,#586,#587,#588,#589,#590,#591,#592,#593,#594,
    #595,#596,#597,#598,#599,#600,#601,#602,#603,#604,#605,#606,#607),
  .UNSPECIFIED.,.F.,.F.,(7,5,5,5,5,5,7),(0.,0.281540605936,0.3635529395,
    0.500067546829,0.590863143649,0.718498960204,1.),.UNSPECIFIED.);
#576 = CARTESIAN_POINT('',(-2.376199695264,5.999999999062E-07));
#577 = CARTESIAN_POINT('',(-2.436547552025,-0.274088323075));
#578 = CARTESIAN_POINT('',(-2.498472213276,-0.545552640695));
#579 = CARTESIAN_POINT('',(-2.562531936469,-0.809890191078));
#580 = CARTESIAN_POINT('',(-2.629221473674,-1.061242357802));
#581 = CARTESIAN_POINT('',(-2.699001876606,-1.291319292567));
#582 = CARTESIAN_POINT('',(-2.793778559713,-1.546717591852));
#583 = CARTESIAN_POINT('',(-2.815459733068,-1.601575513673));
#584 = CARTESIAN_POINT('',(-2.837433910124,-1.653351957022));
#585 = CARTESIAN_POINT('',(-2.859694665447,-1.701728435127));
#586 = CARTESIAN_POINT('',(-2.882237001734,-1.746394801776));
#587 = CARTESIAN_POINT('',(-2.943043087004,-1.854725425993));
#588 = CARTESIAN_POINT('',(-2.981875824898,-1.911425241096));
#589 = CARTESIAN_POINT('',(-3.02133403231,-1.955305727428));
#590 = CARTESIAN_POINT('',(-3.061225003848,-1.985066200064));
#591 = CARTESIAN_POINT('',(-3.101370494036,-2.));
#592 = CARTESIAN_POINT('',(-3.168344332795,-2.));
#593 = CARTESIAN_POINT('',(-3.195081183246,-1.993393987309));
#594 = CARTESIAN_POINT('',(-3.221741026471,-1.980195659114));
#595 = CARTESIAN_POINT('',(-3.248262209742,-1.960552688205));
#596 = CARTESIAN_POINT('',(-3.274580901932,-1.934744240126));
#597 = CARTESIAN_POINT('',(-3.337244617921,-1.858804970125));
#598 = CARTESIAN_POINT('',(-3.373276020693,-1.803113583957));
#599 = CARTESIAN_POINT('',(-3.408690318525,-1.737105641733));
#600 = CARTESIAN_POINT('',(-3.443447513315,-1.661918557342));
#601 = CARTESIAN_POINT('',(-3.477497406536,-1.578808000631));
#602 = CARTESIAN_POINT('',(-3.584175585181,-1.291345154778));
#603 = CARTESIAN_POINT('',(-3.653957851329,-1.06126492576));
#604 = CARTESIAN_POINT('',(-3.720649071401,-0.809907923301));
#605 = CARTESIAN_POINT('',(-3.784710312407,-0.545564825252));
#606 = CARTESIAN_POINT('',(-3.846636371202,-0.274094608733));
#607 = CARTESIAN_POINT('',(-3.906985611916,5.999999999062E-07));
#608 = ( GEOMETRIC_REPRESENTATION_CONTEXT(2) 
PARAMETRIC_REPRESENTATION_CONTEXT() REPRESENTATION_CONTEXT('2D SPACE',''
  ) );
#609 = ORIENTED_EDGE('',*,*,#610,.T.);
#610 = EDGE_CURVE('',#501,#611,#613,.T.);
#611 = VERTEX_POINT('',#612);
#612 = CARTESIAN_POINT('',(-7.211102550928,-6.928203230276,11.));
#613 = SURFACE_CURVE('',#614,(#647,#683),.PCURVE_S1.);
#614 = B_SPLINE_CURVE_WITH_KNOTS('',6,(#615,#616,#617,#618,#619,#620,
    #621,#622,#623,#624,#625,#626,#627,#628,#629,#630,#631,#632,#633,
    #634,#635,#636,#637,#638,#639,#640,#641,#642,#643,#644,#645,#646),
  .UNSPECIFIED.,.F.,.F.,(7,5,5,5,5,5,7),(0.,0.281540605936,0.3635529395,
    0.500067546829,0.590863143649,0.718498960204,1.),.UNSPECIFIED.);
#615 = CARTESIAN_POINT('',(-7.211101635673,6.928204182903,10.9999994));
#616 = CARTESIAN_POINT('',(-7.629203909319,6.493029654299,
    11.274088323075));
#617 = CARTESIAN_POINT('',(-8.026714603262,6.016208051509,
    11.545552640695));
#618 = CARTESIAN_POINT('',(-8.401684868653,5.493590855686,
    11.809890191078));
#619 = CARTESIAN_POINT('',(-8.749223128834,4.920605496105,
    12.061242357802));
#620 = CARTESIAN_POINT('',(-9.061322362817,4.293150417377,
    12.291319292567));
#621 = CARTESIAN_POINT('',(-9.40333747287,3.409245654085,12.546717591852
    ));
#622 = CARTESIAN_POINT('',(-9.47646129848,3.205063557829,12.601575513673
    ));
#623 = CARTESIAN_POINT('',(-9.545193181054,2.996229001817,
    12.653351957022));
#624 = CARTESIAN_POINT('',(-9.609180887158,2.782889654522,
    12.701728435127));
#625 = CARTESIAN_POINT('',(-9.668080844888,2.565207468541,
    12.746394801776));
#626 = CARTESIAN_POINT('',(-9.810571312855,1.974077645982,
    12.854725425993));
#627 = CARTESIAN_POINT('',(-9.884737502683,1.592505455453,
    12.911425241096));
#628 = CARTESIAN_POINT('',(-9.941897397888,1.201414918072,
    12.955305727428));
#629 = CARTESIAN_POINT('',(-9.980586072937,0.803676492008,
    12.985066200064));
#630 = CARTESIAN_POINT('',(-10.,0.402221595543,13.));
#631 = CARTESIAN_POINT('',(-10.,-0.267516792051,13.));
#632 = CARTESIAN_POINT('',(-9.991412023634,-0.534885298973,
    12.993393987309));
#633 = CARTESIAN_POINT('',(-9.974254611356,-0.801139111379,
    12.980195659114));
#634 = CARTESIAN_POINT('',(-9.948695787114,-1.065319062799,
    12.960552688205));
#635 = CARTESIAN_POINT('',(-9.915054904408,-1.326474049002,
    12.934744240126));
#636 = CARTESIAN_POINT('',(-9.815816768185,-1.945203329444,
    12.858804970125));
#637 = CARTESIAN_POINT('',(-9.742869166247,-2.298422245027,
    12.803113583957));
#638 = CARTESIAN_POINT('',(-9.65610474048,-2.642280725217,
    12.737105641733));
#639 = CARTESIAN_POINT('',(-9.556786644593,-2.975822925842,
    12.661918557342));
#640 = CARTESIAN_POINT('',(-9.446310949142,-3.298175763993,
    12.578808000631));
#641 = CARTESIAN_POINT('',(-9.061357444439,-4.29307986948,
    12.291345154778));
#642 = CARTESIAN_POINT('',(-8.749254333542,-4.920554109745,
    12.06126492576));
#643 = CARTESIAN_POINT('',(-8.401710030478,-5.493555789225,
    11.809907923301));
#644 = CARTESIAN_POINT('',(-8.026732429831,-6.016186604647,
    11.545564825252));
#645 = CARTESIAN_POINT('',(-7.629213497624,-6.493019674478,
    11.274094608733));
#646 = CARTESIAN_POINT('',(-7.211101635673,-6.928204182903,10.9999994));
#647 = PCURVE('',#33,#648);
#648 = DEFINITIONAL_REPRESENTATION('',(#649),#682);
#649 = B_SPLINE_CURVE_WITH_KNOTS('',6,(#650,#651,#652,#653,#654,#655,
    #656,#657,#658,#659,#660,#661,#662,#663,#664,#665,#666,#667,#668,
    #669,#670,#671,#672,#673,#674,#675,#676,#677,#678,#679,#680,#681),
  .UNSPECIFIED.,.F.,.F.,(7,5,5,5,5,5,7),(0.,0.281540605936,0.3635529395,
    0.500067546829,0.590863143649,0.718498960204,1.),.UNSPECIFIED.);
#650 = CARTESIAN_POINT('',(-1.008726437187,-2.788898364327));
#651 = CARTESIAN_POINT('',(-1.048287760127,-2.370796090681));
#652 = CARTESIAN_POINT('',(-1.090452260502,-1.973285396738));
#653 = CARTESIAN_POINT('',(-1.13541673089,-1.598315131347));
#654 = CARTESIAN_POINT('',(-1.183423740719,-1.250776871166));
#655 = CARTESIAN_POINT('',(-1.234705508971,-0.938677637183));
#656 = CARTESIAN_POINT('',(-1.305479585805,-0.59666252713));
#657 = CARTESIAN_POINT('',(-1.321740023759,-0.52353870152));
#658 = CARTESIAN_POINT('',(-1.338285802948,-0.454806818946));
#659 = CARTESIAN_POINT('',(-1.355107894435,-0.390819112842));
#660 = CARTESIAN_POINT('',(-1.372197731048,-0.331919155112));
#661 = CARTESIAN_POINT('',(-1.418426515804,-0.189428687145));
#662 = CARTESIAN_POINT('',(-1.448083626845,-0.115262497317));
#663 = CARTESIAN_POINT('',(-1.478326499421,-5.81026021116E-02));
#664 = CARTESIAN_POINT('',(-1.508975053281,-1.941392706349E-02));
#665 = CARTESIAN_POINT('',(-1.539856204061,-3.552713678801E-15));
#666 = CARTESIAN_POINT('',(-1.591374541568,2.590520390792E-15));
#667 = CARTESIAN_POINT('',(-1.61194134676,-8.587976366497E-03));
#668 = CARTESIAN_POINT('',(-1.632438102038,-2.574538864376E-02));
#669 = CARTESIAN_POINT('',(-1.652806601077,-5.130421288619E-02));
#670 = CARTESIAN_POINT('',(-1.672987676328,-8.494509559232E-02));
#671 = CARTESIAN_POINT('',(-1.720939371401,-0.184183231815));
#672 = CARTESIAN_POINT('',(-1.748429549938,-0.257130833753));
#673 = CARTESIAN_POINT('',(-1.775341390342,-0.34389525952));
#674 = CARTESIAN_POINT('',(-1.801623223038,-0.443213355407));
#675 = CARTESIAN_POINT('',(-1.827219777043,-0.553689050858));
#676 = CARTESIAN_POINT('',(-1.906881378896,-0.938642555561));
#677 = CARTESIAN_POINT('',(-1.958164606882,-1.250745666458));
#678 = CARTESIAN_POINT('',(-2.00617290557,-1.598289969522));
#679 = CARTESIAN_POINT('',(-2.051138497659,-1.973267570169));
#680 = CARTESIAN_POINT('',(-2.093303986206,-2.370786502376));
#681 = CARTESIAN_POINT('',(-2.132866216403,-2.788898364327));
#682 = ( GEOMETRIC_REPRESENTATION_CONTEXT(2) 
PARAMETRIC_REPRESENTATION_CONTEXT() REPRESENTATION_CONTEXT('2D SPACE',''
  ) );
#683 = PCURVE('',#202,#684);
#684 = DEFINITIONAL_REPRESENTATION('',(#685),#718);
#685 = B_SPLINE_CURVE_WITH_KNOTS('',6,(#686,#687,#688,#689,#690,#691,
    #692,#693,#694,#695,#696,#697,#698,#699,#700,#701,#702,#703,#704,
    #705,#706,#707,#708,#709,#710,#711,#712,#713,#714,#715,#716,#717),
  .UNSPECIFIED.,.F.,.F.,(7,5,5,5,5,5,7),(0.,0.281540605936,0.3635529395,
    0.500067546829,0.590863143649,0.718498960204,1.),.UNSPECIFIED.);
#686 = CARTESIAN_POINT('',(-2.376199695264,5.999999999062E-07));
#687 = CARTESIAN_POINT('',(-2.436547552025,-0.274088323075));
#688 = CARTESIAN_POINT('',(-2.498472213276,-0.545552640695));
#689 = CARTESIAN_POINT('',(-2.562531936469,-0.809890191078));
#690 = CARTESIAN_POINT('',(-2.629221473674,-1.061242357802));
#691 = CARTESIAN_POINT('',(-2.699001876606,-1.291319292567));
#692 = CARTESIAN_POINT('',(-2.793778559713,-1.546717591852));
#693 = CARTESIAN_POINT('',(-2.815459733068,-1.601575513673));
#694 = CARTESIAN_POINT('',(-2.837433910124,-1.653351957022));
#695 = CARTESIAN_POINT('',(-2.859694665447,-1.701728435127));
#696 = CARTESIAN_POINT('',(-2.882237001734,-1.746394801776));
#697 = CARTESIAN_POINT('',(-2.943043087004,-1.854725425993));
#698 = CARTESIAN_POINT('',(-2.981875824898,-1.911425241096));
#699 = CARTESIAN_POINT('',(-3.02133403231,-1.955305727428));
#700 = CARTESIAN_POINT('',(-3.061225003848,-1.985066200064));
#701 = CARTESIAN_POINT('',(-3.101370494036,-2.));
#702 = CARTESIAN_POINT('',(-3.168344332795,-2.));
#703 = CARTESIAN_POINT('',(-3.195081183246,-1.993393987309));
#704 = CARTESIAN_POINT('',(-3.221741026471,-1.980195659114));
#705 = CARTESIAN_POINT('',(-3.248262209742,-1.960552688205));
#706 = CARTESIAN_POINT('',(-3.274580901932,-1.934744240126));
#707 = CARTESIAN_POINT('',(-3.337244617921,-1.858804970125));
#708 = CARTESIAN_POINT('',(-3.373276020693,-1.803113583957));
#709 = CARTESIAN_POINT('',(-3.408690318525,-1.737105641733));
#710 = CARTESIAN_POINT('',(-3.443447513315,-1.661918557342));
#711 = CARTESIAN_POINT('',(-3.477497406536,-1.578808000631));
#712 = CARTESIAN_POINT('',(-3.584175585181,-1.291345154778));
#713 = CARTESIAN_POINT('',(-3.653957851329,-1.06126492576));
#714 = CARTESIAN_POINT('',(-3.720649071401,-0.809907923301));
#715 = CARTESIAN_POINT('',(-3.784710312407,-0.545564825252));
#716 = CARTESIAN_POINT('',(-3.846636371202,-0.274094608733));
#717 = CARTESIAN_POINT('',(-3.906985611916,5.999999999062E-07));
#718 = ( GEOMETRIC_REPRESENTATION_CONTEXT(2) 
PARAMETRIC_REPRESENTATION_CONTEXT() REPRESENTATION_CONTEXT('2D SPACE',''
  ) );
#719 = ORIENTED_EDGE('',*,*,#720,.F.);
#720 = EDGE_CURVE('',#721,#611,#723,.T.);
#721 = VERTEX_POINT('',#722);
#722 = CARTESIAN_POINT('',(-4.924428900898,-6.928203230276,11.));
#723 = SURFACE_CURVE('',#724,(#728,#734),.PCURVE_S1.);
#724 = LINE('',#725,#726);
#725 = CARTESIAN_POINT('',(-10.,-6.928203230276,11.));
#726 = VECTOR('',#727,1.);
#727 = DIRECTION('',(-1.,-0.,-0.));
#728 = PCURVE('',#33,#729);
#729 = DEFINITIONAL_REPRESENTATION('',(#730),#733);
#730 = B_SPLINE_CURVE_WITH_KNOTS('',1,(#731,#732),.UNSPECIFIED.,.F.,.F.,
  (2,2),(-20.0000006,5.999999999062E-07),.PIECEWISE_BEZIER_KNOTS.);
#731 = CARTESIAN_POINT('',(-2.132866129801,-20.0000006));
#732 = CARTESIAN_POINT('',(-2.132866129801,5.999999999062E-07));
#733 = ( GEOMETRIC_REPRESENTATION_CONTEXT(2) 
PARAMETRIC_REPRESENTATION_CONTEXT() REPRESENTATION_CONTEXT('2D SPACE',''
  ) );
#734 = PCURVE('',#485,#735);
#735 = DEFINITIONAL_REPRESENTATION('',(#736),#739);
#736 = B_SPLINE_CURVE_WITH_KNOTS('',1,(#737,#738),.UNSPECIFIED.,.F.,.F.,
  (2,2),(-20.0000006,5.999999999062E-07),.PIECEWISE_BEZIER_KNOTS.);
#737 = CARTESIAN_POINT('',(10.0000006,-6.928203230276));
#738 = CARTESIAN_POINT('',(-10.0000006,-6.928203230276));
#739 = ( GEOMETRIC_REPRESENTATION_CONTEXT(2) 
PARAMETRIC_REPRESENTATION_CONTEXT() REPRESENTATION_CONTEXT('2D SPACE',''
  ) );
#740 = ORIENTED_EDGE('',*,*,#741,.F.);
#741 = EDGE_CURVE('',#742,#721,#744,.T.);
#742 = VERTEX_POINT('',#743);
#743 = CARTESIAN_POINT('',(-4.924428900898,6.928203230276,11.));
#744 = SURFACE_CURVE('',#745,(#784,#826),.PCURVE_S1.);
#745 = B_SPLINE_CURVE_WITH_KNOTS('',7,(#746,#747,#748,#749,#750,#751,
    #752,#753,#754,#755,#756,#757,#758,#759,#760,#761,#762,#763,#764,
    #765,#766,#767,#768,#769,#770,#771,#772,#773,#774,#775,#776,#777,
    #778,#779,#780,#781,#782,#783),.UNSPECIFIED.,.F.,.F.,(8,6,6,6,6,6,8)
  ,(0.,0.313102026002,0.386120815522,0.500028668438,0.61344534505,
    0.685182117809,1.),.UNSPECIFIED.);
#746 = CARTESIAN_POINT('',(-4.924427560641,6.928204182903,10.9999994));
#747 = CARTESIAN_POINT('',(-5.426011072493,6.57168875632,11.224545927678
    ));
#748 = CARTESIAN_POINT('',(-5.904002609389,6.168174375922,11.45986608993
    ));
#749 = CARTESIAN_POINT('',(-6.358189512414,5.714818899359,
    11.700426294477));
#750 = CARTESIAN_POINT('',(-6.785627905465,5.207332095305,
    11.940430276719));
#751 = CARTESIAN_POINT('',(-7.180226802546,4.640857843845,12.17249913031
    ));
#752 = CARTESIAN_POINT('',(-7.532175534849,4.010950643795,
    12.386704867075));
#753 = CARTESIAN_POINT('',(-7.895718818427,3.15257051981,12.613067892729
    ));
#754 = CARTESIAN_POINT('',(-7.961350844028,2.986666202497,
    12.654202780675));
#755 = CARTESIAN_POINT('',(-8.023633686149,2.817268322301,
    12.693473169592));
#756 = CARTESIAN_POINT('',(-8.082340326816,2.64446827754,12.730689216842
    ));
#757 = CARTESIAN_POINT('',(-8.137248214351,2.468365236718,
    12.765664336373));
#758 = CARTESIAN_POINT('',(-8.188138721303,2.289066150921,
    12.798216119127));
#759 = CARTESIAN_POINT('',(-8.307581964734,1.822176009562,
    12.874890424642));
#760 = CARTESIAN_POINT('',(-8.370166421503,1.52977959764,12.915348588476
    ));
#761 = CARTESIAN_POINT('',(-8.421424722858,1.23090088819,12.94867213686)
  );
#762 = CARTESIAN_POINT('',(-8.460502806744,0.926990164204,
    12.974174924639));
#763 = CARTESIAN_POINT('',(-8.486807173182,0.619531565293,12.99137391482
    ));
#764 = CARTESIAN_POINT('',(-8.5,0.310030422995,13.));
#765 = CARTESIAN_POINT('',(-8.5,-0.308693556456,13.));
#766 = CARTESIAN_POINT('',(-8.486920708419,-0.616889883556,
    12.991448150271));
#767 = CARTESIAN_POINT('',(-8.460838157781,-0.923085565944,
    12.974394191805));
#768 = CARTESIAN_POINT('',(-8.422083017233,-1.225784887347,
    12.949101732734));
#769 = CARTESIAN_POINT('',(-8.371239684372,-1.523512913311,
    12.91604632033));
#770 = CARTESIAN_POINT('',(-8.309151032645,-1.814827975121,
    12.875904818436));
#771 = CARTESIAN_POINT('',(-8.191247799707,-2.277652645879,
    12.800207573435));
#772 = CARTESIAN_POINT('',(-8.141472444418,-2.454005427455,
    12.768361918843));
#773 = CARTESIAN_POINT('',(-8.087806936071,-2.627280664991,
    12.734167265963));
#774 = CARTESIAN_POINT('',(-8.030458945633,-2.797374404286,
    12.697796744896));
#775 = CARTESIAN_POINT('',(-7.969640130502,-2.964189961267,
    12.659427623228));
#776 = CARTESIAN_POINT('',(-7.905566637576,-3.127637911686,
    12.619240452854));
#777 = CARTESIAN_POINT('',(-7.543959412858,-3.989790398954,
    12.393880718809));
#778 = CARTESIAN_POINT('',(-7.191248448916,-4.625002575877,
    12.178984838476));
#779 = CARTESIAN_POINT('',(-6.795180921849,-5.195975957749,
    11.945796695701));
#780 = CARTESIAN_POINT('',(-6.365800402514,-5.707215739464,
    11.704458808226));
#781 = CARTESIAN_POINT('',(-5.909341848003,-6.163664345342,
    11.462495551505));
#782 = CARTESIAN_POINT('',(-5.428815479014,-6.569695440823,
    11.225801391088));
#783 = CARTESIAN_POINT('',(-4.924427560641,-6.928204182903,10.9999994));
#784 = PCURVE('',#33,#785);
#785 = DEFINITIONAL_REPRESENTATION('',(#786),#825);
#786 = B_SPLINE_CURVE_WITH_KNOTS('',7,(#787,#788,#789,#790,#791,#792,
    #793,#794,#795,#796,#797,#798,#799,#800,#801,#802,#803,#804,#805,
    #806,#807,#808,#809,#810,#811,#812,#813,#814,#815,#816,#817,#818,
    #819,#820,#821,#822,#823,#824),.UNSPECIFIED.,.F.,.F.,(8,6,6,6,6,6,8)
  ,(0.,0.313102026002,0.386120815522,0.500028668438,0.61344534505,
    0.685182117809,1.),.UNSPECIFIED.);
#787 = CARTESIAN_POINT('',(-1.008726437187,-5.075572439359));
#788 = CARTESIAN_POINT('',(-1.04113693228,-4.573988927507));
#789 = CARTESIAN_POINT('',(-1.077048207433,-4.095997390611));
#790 = CARTESIAN_POINT('',(-1.116473944657,-3.641810487586));
#791 = CARTESIAN_POINT('',(-1.159565693806,-3.214372094535));
#792 = CARTESIAN_POINT('',(-1.206529533725,-2.819773197454));
#793 = CARTESIAN_POINT('',(-1.257583769895,-2.467824465151));
#794 = CARTESIAN_POINT('',(-1.325870350859,-2.104281181573));
#795 = CARTESIAN_POINT('',(-1.339017206547,-2.038649155972));
#796 = CARTESIAN_POINT('',(-1.352390857312,-1.976366313851));
#797 = CARTESIAN_POINT('',(-1.365984874711,-1.917659673184));
#798 = CARTESIAN_POINT('',(-1.379792888782,-1.862751785649));
#799 = CARTESIAN_POINT('',(-1.393808598095,-1.811861278697));
#800 = CARTESIAN_POINT('',(-1.430204299221,-1.692418035266));
#801 = CARTESIAN_POINT('',(-1.452903371438,-1.629833578497));
#802 = CARTESIAN_POINT('',(-1.476023358906,-1.578575277143));
#803 = CARTESIAN_POINT('',(-1.499467245466,-1.539497193256));
#804 = CARTESIAN_POINT('',(-1.523140048441,-1.513192826818));
#805 = CARTESIAN_POINT('',(-1.546947832718,-1.5));
#806 = CARTESIAN_POINT('',(-1.594541984984,-1.5));
#807 = CARTESIAN_POINT('',(-1.618249398448,-1.513079291581));
#808 = CARTESIAN_POINT('',(-1.641824769231,-1.539161842219));
#809 = CARTESIAN_POINT('',(-1.665174638224,-1.577916982767));
#810 = CARTESIAN_POINT('',(-1.688204523146,-1.628760315628));
#811 = CARTESIAN_POINT('',(-1.710817942398,-1.690848967355));
#812 = CARTESIAN_POINT('',(-1.746892876636,-1.808752200293));
#813 = CARTESIAN_POINT('',(-1.760675995153,-1.858527555582));
#814 = CARTESIAN_POINT('',(-1.774259111662,-1.912193063929));
#815 = CARTESIAN_POINT('',(-1.787636083798,-1.969541054367));
#816 = CARTESIAN_POINT('',(-1.80080070339,-2.030359869498));
#817 = CARTESIAN_POINT('',(-1.813746704336,-2.094433362424));
#818 = CARTESIAN_POINT('',(-1.882294356359,-2.456040587142));
#819 = CARTESIAN_POINT('',(-1.933748952,-2.808751551084));
#820 = CARTESIAN_POINT('',(-1.981062833078,-3.204819078151));
#821 = CARTESIAN_POINT('',(-2.02445757898,-3.634199597486));
#822 = CARTESIAN_POINT('',(-2.064143097861,-4.090658151997));
#823 = CARTESIAN_POINT('',(-2.1002745108,-4.571184520986));
#824 = CARTESIAN_POINT('',(-2.132866216403,-5.075572439359));
#825 = ( GEOMETRIC_REPRESENTATION_CONTEXT(2) 
PARAMETRIC_REPRESENTATION_CONTEXT() REPRESENTATION_CONTEXT('2D SPACE',''
  ) );
#826 = PCURVE('',#369,#827);
#827 = DEFINITIONAL_REPRESENTATION('',(#828),#867);
#828 = B_SPLINE_CURVE_WITH_KNOTS('',7,(#829,#830,#831,#832,#833,#834,
    #835,#836,#837,#838,#839,#840,#841,#842,#843,#844,#845,#846,#847,
    #848,#849,#850,#851,#852,#853,#854,#855,#856,#857,#858,#859,#860,
    #861,#862,#863,#864,#865,#866),.UNSPECIFIED.,.F.,.F.,(8,6,6,6,6,6,8)
  ,(0.,0.313102026002,0.386120815522,0.500028668438,0.61344534505,
    0.685182117809,1.),.UNSPECIFIED.);
#829 = CARTESIAN_POINT('',(-2.18872047511,5.999999999062E-07));
#830 = CARTESIAN_POINT('',(-2.261117809053,-0.224545927678));
#831 = CARTESIAN_POINT('',(-2.334456125283,-0.45986608993));
#832 = CARTESIAN_POINT('',(-2.409529192655,-0.700426294477));
#833 = CARTESIAN_POINT('',(-2.48703735484,-0.940430276719));
#834 = CARTESIAN_POINT('',(-2.56765728604,-1.17249913031));
#835 = CARTESIAN_POINT('',(-2.65204406288,-1.386704867075));
#836 = CARTESIAN_POINT('',(-2.761713598337,-1.613067892729));
#837 = CARTESIAN_POINT('',(-2.782697561932,-1.654202780675));
#838 = CARTESIAN_POINT('',(-2.803920901037,-1.693473169592));
#839 = CARTESIAN_POINT('',(-2.825379406518,-1.730689216842));
#840 = CARTESIAN_POINT('',(-2.847069761158,-1.765664336373));
#841 = CARTESIAN_POINT('',(-2.868989511373,-1.798216119127));
#842 = CARTESIAN_POINT('',(-2.925686739478,-1.874890424642));
#843 = CARTESIAN_POINT('',(-2.960837890963,-1.915348588476));
#844 = CARTESIAN_POINT('',(-2.996464984652,-1.94867213686));
#845 = CARTESIAN_POINT('',(-3.032455728285,-1.974174924639));
#846 = CARTESIAN_POINT('',(-3.068706588077,-1.99137391482));
#847 = CARTESIAN_POINT('',(-3.105118486179,-2.));
#848 = CARTESIAN_POINT('',(-3.177909542585,-2.));
#849 = CARTESIAN_POINT('',(-3.214167933128,-1.991448150271));
#850 = CARTESIAN_POINT('',(-3.250269193365,-1.974394191805));
#851 = CARTESIAN_POINT('',(-3.286114440448,-1.949101732734));
#852 = CARTESIAN_POINT('',(-3.321600429931,-1.91604632033));
#853 = CARTESIAN_POINT('',(-3.356615295821,-1.875904818436));
#854 = CARTESIAN_POINT('',(-3.412804280962,-1.800207573435));
#855 = CARTESIAN_POINT('',(-3.43435515619,-1.768361918843));
#856 = CARTESIAN_POINT('',(-3.455685000797,-1.734167265963));
#857 = CARTESIAN_POINT('',(-3.476791265272,-1.697796744896));
#858 = CARTESIAN_POINT('',(-3.497670586531,-1.659427623228));
#859 = CARTESIAN_POINT('',(-3.518318757712,-1.619240452854));
#860 = CARTESIAN_POINT('',(-3.62830879792,-1.393880718809));
#861 = CARTESIAN_POINT('',(-3.71327318101,-1.178984838476));
#862 = CARTESIAN_POINT('',(-3.794414517986,-0.945796695701));
#863 = CARTESIAN_POINT('',(-3.872397600097,-0.704458808226));
#864 = CARTESIAN_POINT('',(-3.947909800536,-0.462495551505));
#865 = CARTESIAN_POINT('',(-4.021662716967,-0.225801391088));
#866 = CARTESIAN_POINT('',(-4.094464832069,5.999999999062E-07));
#867 = ( GEOMETRIC_REPRESENTATION_CONTEXT(2) 
PARAMETRIC_REPRESENTATION_CONTEXT() REPRESENTATION_CONTEXT('2D SPACE',''
  ) );
#868 = ORIENTED_EDGE('',*,*,#869,.T.);
#869 = EDGE_CURVE('',#742,#499,#870,.T.);
#870 = SURFACE_CURVE('',#871,(#875,#881),.PCURVE_S1.);
#871 = LINE('',#872,#873);
#872 = CARTESIAN_POINT('',(-10.,6.928203230276,11.));
#873 = VECTOR('',#874,1.);
#874 = DIRECTION('',(-1.,-0.,-0.));
#875 = PCURVE('',#33,#876);
#876 = DEFINITIONAL_REPRESENTATION('',(#877),#880);
#877 = B_SPLINE_CURVE_WITH_KNOTS('',1,(#878,#879),.UNSPECIFIED.,.F.,.F.,
  (2,2),(-20.0000006,5.999999999062E-07),.PIECEWISE_BEZIER_KNOTS.);
#878 = CARTESIAN_POINT('',(-1.008726523789,-20.0000006));
#879 = CARTESIAN_POINT('',(-1.008726523789,5.999999999062E-07));
#880 = ( GEOMETRIC_REPRESENTATION_CONTEXT(2) 
PARAMETRIC_REPRESENTATION_CONTEXT() REPRESENTATION_CONTEXT('2D SPACE',''
  ) );
#881 = PCURVE('',#308,#882);
#882 = DEFINITIONAL_REPRESENTATION('',(#883),#886);
#883 = B_SPLINE_CURVE_WITH_KNOTS('',1,(#884,#885),.UNSPECIFIED.,.F.,.F.,
  (2,2),(-20.0000006,5.999999999062E-07),.PIECEWISE_BEZIER_KNOTS.);
#884 = CARTESIAN_POINT('',(10.0000006,6.928203230276));
#885 = CARTESIAN_POINT('',(-10.0000006,6.928203230276));
#886 = ( GEOMETRIC_REPRESENTATION_CONTEXT(2) 
PARAMETRIC_REPRESENTATION_CONTEXT() REPRESENTATION_CONTEXT('2D SPACE',''
  ) );
#887 = ADVANCED_FACE('',(#888,#892),#45,.F.);
#888 = FACE_BOUND('',#889,.F.);
#889 = EDGE_LOOP('',(#890,#891));
#890 = ORIENTED_EDGE('',*,*,#21,.T.);
#891 = ORIENTED_EDGE('',*,*,#132,.T.);
#892 = FACE_BOUND('',#893,.F.);
#893 = EDGE_LOOP('',(#894));
#894 = ORIENTED_EDGE('',*,*,#895,.T.);
#895 = EDGE_CURVE('',#896,#896,#898,.T.);
#896 = VERTEX_POINT('',#897);
#897 = CARTESIAN_POINT('',(-10.,5.1,0.));
#898 = SURFACE_CURVE('',#899,(#904,#915),.PCURVE_S1.);
#899 = CIRCLE('',#900,5.1);
#900 = AXIS2_PLACEMENT_3D('',#901,#902,#903);
#901 = CARTESIAN_POINT('',(-10.,0.,0.));
#902 = DIRECTION('',(-1.,0.,0.));
#903 = DIRECTION('',(0.,1.,0.));
#904 = PCURVE('',#45,#905);
#905 = DEFINITIONAL_REPRESENTATION('',(#906),#914);
#906 = ( BOUNDED_CURVE() B_SPLINE_CURVE(2,(#907,#908,#909,#910,#911,#912
,#913),.UNSPECIFIED.,.T.,.F.) B_SPLINE_CURVE_WITH_KNOTS((1,2,2,2,2,1),(
    -2.094395102393,0.,2.094395102393,4.188790204786,6.28318530718,
8.377580409573),.UNSPECIFIED.) CURVE() GEOMETRIC_REPRESENTATION_ITEM() 
RATIONAL_B_SPLINE_CURVE((1.,0.5,1.,0.5,1.,0.5,1.)) REPRESENTATION_ITEM(
  '') );
#907 = CARTESIAN_POINT('',(-1.152322960418E-15,-5.1));
#908 = CARTESIAN_POINT('',(-8.833459118601,-5.1));
#909 = CARTESIAN_POINT('',(-4.416729559301,2.55));
#910 = CARTESIAN_POINT('',(-2.401462695548E-15,10.2));
#911 = CARTESIAN_POINT('',(4.416729559301,2.55));
#912 = CARTESIAN_POINT('',(8.833459118601,-5.1));
#913 = CARTESIAN_POINT('',(-1.152322960418E-15,-5.1));
#914 = ( GEOMETRIC_REPRESENTATION_CONTEXT(2) 
PARAMETRIC_REPRESENTATION_CONTEXT() REPRESENTATION_CONTEXT('2D SPACE',''
  ) );
#915 = PCURVE('',#916,#921);
#916 = CYLINDRICAL_SURFACE('',#917,5.1);
#917 = AXIS2_PLACEMENT_3D('',#918,#919,#920);
#918 = CARTESIAN_POINT('',(-11.,0.,0.));
#919 = DIRECTION('',(-1.,-0.,-0.));
#920 = DIRECTION('',(0.,1.,0.));
#921 = DEFINITIONAL_REPRESENTATION('',(#922),#926);
#922 = LINE('',#923,#924);
#923 = CARTESIAN_POINT('',(-6.28318530718,-1.));
#924 = VECTOR('',#925,1.);
#925 = DIRECTION('',(1.,-0.));
#926 = ( GEOMETRIC_REPRESENTATION_CONTEXT(2) 
PARAMETRIC_REPRESENTATION_CONTEXT() REPRESENTATION_CONTEXT('2D SPACE',''
  ) );
#927 = ADVANCED_FACE('',(#928,#932),#97,.T.);
#928 = FACE_BOUND('',#929,.T.);
#929 = EDGE_LOOP('',(#930,#931));
#930 = ORIENTED_EDGE('',*,*,#80,.T.);
#931 = ORIENTED_EDGE('',*,*,#109,.T.);
#932 = FACE_BOUND('',#933,.T.);
#933 = EDGE_LOOP('',(#934));
#934 = ORIENTED_EDGE('',*,*,#935,.T.);
#935 = EDGE_CURVE('',#936,#936,#938,.T.);
#936 = VERTEX_POINT('',#937);
#937 = CARTESIAN_POINT('',(10.,5.1,0.));
#938 = SURFACE_CURVE('',#939,(#944,#955),.PCURVE_S1.);
#939 = CIRCLE('',#940,5.1);
#940 = AXIS2_PLACEMENT_3D('',#941,#942,#943);
#941 = CARTESIAN_POINT('',(10.,0.,0.));
#942 = DIRECTION('',(-1.,0.,0.));
#943 = DIRECTION('',(0.,1.,0.));
#944 = PCURVE('',#97,#945);
#945 = DEFINITIONAL_REPRESENTATION('',(#946),#954);
#946 = ( BOUNDED_CURVE() B_SPLINE_CURVE(2,(#947,#948,#949,#950,#951,#952
,#953),.UNSPECIFIED.,.T.,.F.) B_SPLINE_CURVE_WITH_KNOTS((1,2,2,2,2,1),(
    -2.094395102393,0.,2.094395102393,4.188790204786,6.28318530718,
8.377580409573),.UNSPECIFIED.) CURVE() GEOMETRIC_REPRESENTATION_ITEM() 
RATIONAL_B_SPLINE_CURVE((1.,0.5,1.,0.5,1.,0.5,1.)) REPRESENTATION_ITEM(
  '') );
#947 = CARTESIAN_POINT('',(-1.152322960418E-15,-5.1));
#948 = CARTESIAN_POINT('',(-8.833459118601,-5.1));
#949 = CARTESIAN_POINT('',(-4.416729559301,2.55));
#950 = CARTESIAN_POINT('',(-2.401462695548E-15,10.2));
#951 = CARTESIAN_POINT('',(4.416729559301,2.55));
#952 = CARTESIAN_POINT('',(8.833459118601,-5.1));
#953 = CARTESIAN_POINT('',(-1.152322960418E-15,-5.1));
#954 = ( GEOMETRIC_REPRESENTATION_CONTEXT(2) 
PARAMETRIC_REPRESENTATION_CONTEXT() REPRESENTATION_CONTEXT('2D SPACE',''
  ) );
#955 = PCURVE('',#916,#956);
#956 = DEFINITIONAL_REPRESENTATION('',(#957),#961);
#957 = LINE('',#958,#959);
#958 = CARTESIAN_POINT('',(-6.28318530718,-21.));
#959 = VECTOR('',#960,1.);
#960 = DIRECTION('',(1.,-0.));
#961 = ( GEOMETRIC_REPRESENTATION_CONTEXT(2) 
PARAMETRIC_REPRESENTATION_CONTEXT() REPRESENTATION_CONTEXT('2D SPACE',''
  ) );
#962 = ADVANCED_FACE('',(#963),#202,.T.);
#963 = FACE_BOUND('',#964,.F.);
#964 = EDGE_LOOP('',(#965,#966,#989,#1061,#1090,#1200,#1310,#1339,#1402,
    #1403,#1404,#1426,#1427,#1428));
#965 = ORIENTED_EDGE('',*,*,#228,.F.);
#966 = ORIENTED_EDGE('',*,*,#967,.T.);
#967 = EDGE_CURVE('',#81,#968,#970,.T.);
#968 = VERTEX_POINT('',#969);
#969 = CARTESIAN_POINT('',(10.,1.200423236599E-13,312.95554917387));
#970 = SEAM_CURVE('',#971,(#975,#982),.PCURVE_S1.);
#971 = LINE('',#972,#973);
#972 = CARTESIAN_POINT('',(10.,0.,11.));
#973 = VECTOR('',#974,1.);
#974 = DIRECTION('',(0.,0.,1.));
#975 = PCURVE('',#202,#976);
#976 = DEFINITIONAL_REPRESENTATION('',(#977),#981);
#977 = LINE('',#978,#979);
#978 = CARTESIAN_POINT('',(-6.28318530718,0.));
#979 = VECTOR('',#980,1.);
#980 = DIRECTION('',(-0.,-1.));
#981 = ( GEOMETRIC_REPRESENTATION_CONTEXT(2) 
PARAMETRIC_REPRESENTATION_CONTEXT() REPRESENTATION_CONTEXT('2D SPACE',''
  ) );
#982 = PCURVE('',#202,#983);
#983 = DEFINITIONAL_REPRESENTATION('',(#984),#988);
#984 = LINE('',#985,#986);
#985 = CARTESIAN_POINT('',(-0.,0.));
#986 = VECTOR('',#987,1.);
#987 = DIRECTION('',(-0.,-1.));
#988 = ( GEOMETRIC_REPRESENTATION_CONTEXT(2) 
PARAMETRIC_REPRESENTATION_CONTEXT() REPRESENTATION_CONTEXT('2D SPACE',''
  ) );
#989 = ORIENTED_EDGE('',*,*,#990,.T.);
#990 = EDGE_CURVE('',#991,#993,#995,.T.);
#991 = VERTEX_POINT('',#992);
#992 = CARTESIAN_POINT('',(10.,1.200423236599E-13,312.95554917387));
#993 = VERTEX_POINT('',#994);
#994 = CARTESIAN_POINT('',(7.211102550928,6.928203230276,314.95554917387
    ));
#995 = SURFACE_CURVE('',#996,(#1014,#1035),.PCURVE_S1.);
#996 = B_SPLINE_CURVE_WITH_KNOTS('',6,(#997,#998,#999,#1000,#1001,#1002,
    #1003,#1004,#1005,#1006,#1007,#1008,#1009,#1010,#1011,#1012,#1013),
  .UNSPECIFIED.,.F.,.F.,(7,5,5,7),(0.,0.272499478247,0.438625319867,1.),
  .UNSPECIFIED.);
#997 = CARTESIAN_POINT('',(10.,-2.418677428316E-15,312.95554917387));
#998 = CARTESIAN_POINT('',(10.,0.401536687488,312.95554917387));
#999 = CARTESIAN_POINT('',(9.980652120514,0.802180346509,312.97043217099
    ));
#1000 = CARTESIAN_POINT('',(9.942118180611,1.19905994614,313.00007360828
    ));
#1001 = CARTESIAN_POINT('',(9.885199085986,1.589323209302,
    313.04376947633));
#1002 = CARTESIAN_POINT('',(9.811332468875,1.970178246987,
    313.10024192642));
#1003 = CARTESIAN_POINT('',(9.668543104437,2.563734799627,313.2088048164
    ));
#1004 = CARTESIAN_POINT('',(9.608892391903,2.784266068333,
    313.25404150358));
#1005 = CARTESIAN_POINT('',(9.544020510097,3.00034086315,313.30308566044
    ));
#1006 = CARTESIAN_POINT('',(9.474284469883,3.211791303984,
    313.35561495734));
#1007 = CARTESIAN_POINT('',(9.400050327556,3.418464548471,
    313.41129835124));
#1008 = CARTESIAN_POINT('',(9.056913124999,4.302006901037,
    313.66747998239));
#1009 = CARTESIAN_POINT('',(8.745294143421,4.927078994249,313.8971481161
    ));
#1010 = CARTESIAN_POINT('',(8.398506164556,5.498018624097,
    314.14789959636));
#1011 = CARTESIAN_POINT('',(8.024470216902,6.018899102461,
    314.41152904955));
#1012 = CARTESIAN_POINT('',(7.628025726043,6.494255946008,
    314.68223321441));
#1013 = CARTESIAN_POINT('',(7.211101635673,6.928204182903,
    314.95554977387));
#1014 = PCURVE('',#202,#1015);
#1015 = DEFINITIONAL_REPRESENTATION('',(#1016),#1034);
#1016 = B_SPLINE_CURVE_WITH_KNOTS('',6,(#1017,#1018,#1019,#1020,#1021,
    #1022,#1023,#1024,#1025,#1026,#1027,#1028,#1029,#1030,#1031,#1032,
    #1033),.UNSPECIFIED.,.F.,.F.,(7,5,5,7),(0.,0.272499478247,
    0.438625319867,1.),.UNSPECIFIED.);
#1017 = CARTESIAN_POINT('',(0.,-301.9555491738));
#1018 = CARTESIAN_POINT('',(-4.015366874877E-02,-301.9555491738));
#1019 = CARTESIAN_POINT('',(-8.021803516166E-02,-301.9704321709));
#1020 = CARTESIAN_POINT('',(-0.12002252731,-302.0000736082));
#1021 = CARTESIAN_POINT('',(-0.159395854079,-302.0437694763));
#1022 = CARTESIAN_POINT('',(-0.198152643725,-302.1002419264));
#1023 = CARTESIAN_POINT('',(-0.259201655492,-302.2088048164));
#1024 = CARTESIAN_POINT('',(-0.28203827009,-302.2540415035));
#1025 = CARTESIAN_POINT('',(-0.304585963192,-302.3030856604));
#1026 = CARTESIAN_POINT('',(-0.326839581451,-302.3556149573));
#1027 = CARTESIAN_POINT('',(-0.348792469836,-302.4112983512));
#1028 = CARTESIAN_POINT('',(-0.443575919265,-302.6674799823));
#1029 = CARTESIAN_POINT('',(-0.513124771704,-302.8971481161));
#1030 = CARTESIAN_POINT('',(-0.579603553075,-303.1478995963));
#1031 = CARTESIAN_POINT('',(-0.64346999502,-303.4115290495));
#1032 = CARTESIAN_POINT('',(-0.705215157649,-303.6822332144));
#1033 = CARTESIAN_POINT('',(-0.765392958326,-303.9555497738));
#1034 = ( GEOMETRIC_REPRESENTATION_CONTEXT(2) 
PARAMETRIC_REPRESENTATION_CONTEXT() REPRESENTATION_CONTEXT('2D SPACE',''
  ) );
#1035 = PCURVE('',#1036,#1041);
#1036 = CYLINDRICAL_SURFACE('',#1037,13.);
#1037 = AXIS2_PLACEMENT_3D('',#1038,#1039,#1040);
#1038 = CARTESIAN_POINT('',(-10.,0.,325.95554917387));
#1039 = DIRECTION('',(-1.,-0.,-0.));
#1040 = DIRECTION('',(0.,1.,0.));
#1041 = DEFINITIONAL_REPRESENTATION('',(#1042),#1060);
#1042 = B_SPLINE_CURVE_WITH_KNOTS('',6,(#1043,#1044,#1045,#1046,#1047,
    #1048,#1049,#1050,#1051,#1052,#1053,#1054,#1055,#1056,#1057,#1058,
    #1059),.UNSPECIFIED.,.F.,.F.,(7,5,5,7),(0.,0.272499478247,
    0.438625319867,1.),.UNSPECIFIED.);
#1043 = CARTESIAN_POINT('',(-4.712388980385,-20.));
#1044 = CARTESIAN_POINT('',(-4.743276417884,-20.));
#1045 = CARTESIAN_POINT('',(-4.774095166614,-19.98065212051));
#1046 = CARTESIAN_POINT('',(-4.804677383724,-19.94211818061));
#1047 = CARTESIAN_POINT('',(-4.83485563906,-19.88519908598));
#1048 = CARTESIAN_POINT('',(-4.864455681772,-19.81133246887));
#1049 = CARTESIAN_POINT('',(-4.910871303649,-19.66854310443));
#1050 = CARTESIAN_POINT('',(-4.928184491103,-19.6088923919));
#1051 = CARTESIAN_POINT('',(-4.945222943382,-19.54402051009));
#1052 = CARTESIAN_POINT('',(-4.961977787115,-19.47428446988));
#1053 = CARTESIAN_POINT('',(-4.978439663741,-19.40005032755));
#1054 = CARTESIAN_POINT('',(-5.049203715262,-19.05691312499));
#1055 = CARTESIAN_POINT('',(-5.10030399171,-18.74529414342));
#1056 = CARTESIAN_POINT('',(-5.14814956722,-18.39850616455));
#1057 = CARTESIAN_POINT('',(-5.192971030137,-18.0244702169));
#1058 = CARTESIAN_POINT('',(-5.235009028123,-17.62802572604));
#1059 = CARTESIAN_POINT('',(-5.274458869993,-17.21110163567));
#1060 = ( GEOMETRIC_REPRESENTATION_CONTEXT(2) 
PARAMETRIC_REPRESENTATION_CONTEXT() REPRESENTATION_CONTEXT('2D SPACE',''
  ) );
#1061 = ORIENTED_EDGE('',*,*,#1062,.T.);
#1062 = EDGE_CURVE('',#993,#1063,#1065,.T.);
#1063 = VERTEX_POINT('',#1064);
#1064 = CARTESIAN_POINT('',(-7.211102550928,6.928203230276,
    314.95554917387));
#1065 = SURFACE_CURVE('',#1066,(#1071,#1078),.PCURVE_S1.);
#1066 = CIRCLE('',#1067,10.);
#1067 = AXIS2_PLACEMENT_3D('',#1068,#1069,#1070);
#1068 = CARTESIAN_POINT('',(0.,0.,314.95554917387));
#1069 = DIRECTION('',(0.,0.,1.));
#1070 = DIRECTION('',(1.,0.,0.));
#1071 = PCURVE('',#202,#1072);
#1072 = DEFINITIONAL_REPRESENTATION('',(#1073),#1077);
#1073 = LINE('',#1074,#1075);
#1074 = CARTESIAN_POINT('',(-0.,-303.9555491738));
#1075 = VECTOR('',#1076,1.);
#1076 = DIRECTION('',(-1.,0.));
#1077 = ( GEOMETRIC_REPRESENTATION_CONTEXT(2) 
PARAMETRIC_REPRESENTATION_CONTEXT() REPRESENTATION_CONTEXT('2D SPACE',''
  ) );
#1078 = PCURVE('',#1079,#1084);
#1079 = PLANE('',#1080);
#1080 = AXIS2_PLACEMENT_3D('',#1081,#1082,#1083);
#1081 = CARTESIAN_POINT('',(-5.469760530158E-16,6.857365063158E-16,
    314.95554917387));
#1082 = DIRECTION('',(0.,0.,1.));
#1083 = DIRECTION('',(1.,0.,-0.));
#1084 = DEFINITIONAL_REPRESENTATION('',(#1085),#1089);
#1085 = CIRCLE('',#1086,10.);
#1086 = AXIS2_PLACEMENT_2D('',#1087,#1088);
#1087 = CARTESIAN_POINT('',(5.469760530158E-16,-6.857365063158E-16));
#1088 = DIRECTION('',(1.,0.));
#1089 = ( GEOMETRIC_REPRESENTATION_CONTEXT(2) 
PARAMETRIC_REPRESENTATION_CONTEXT() REPRESENTATION_CONTEXT('2D SPACE',''
  ) );
#1090 = ORIENTED_EDGE('',*,*,#1091,.T.);
#1091 = EDGE_CURVE('',#1063,#1092,#1094,.T.);
#1092 = VERTEX_POINT('',#1093);
#1093 = CARTESIAN_POINT('',(-10.,-2.388061258337E-15,312.95554917387));
#1094 = SURFACE_CURVE('',#1095,(#1128,#1164),.PCURVE_S1.);
#1095 = B_SPLINE_CURVE_WITH_KNOTS('',6,(#1096,#1097,#1098,#1099,#1100,
    #1101,#1102,#1103,#1104,#1105,#1106,#1107,#1108,#1109,#1110,#1111,
    #1112,#1113,#1114,#1115,#1116,#1117,#1118,#1119,#1120,#1121,#1122,
    #1123,#1124,#1125,#1126,#1127),.UNSPECIFIED.,.F.,.F.,(7,5,5,5,5,5,7)
  ,(0.,0.281540606066,0.363552939667,0.500067547003,0.590863143791,
    0.718498960302,1.),.UNSPECIFIED.);
#1096 = CARTESIAN_POINT('',(-7.211101635673,6.928204182903,
    314.95554977387));
#1097 = CARTESIAN_POINT('',(-7.62920390932,6.493029654298,
    314.68146085079));
#1098 = CARTESIAN_POINT('',(-8.026714603263,6.016208051508,
    314.40999653317));
#1099 = CARTESIAN_POINT('',(-8.401684868654,5.493590855685,
    314.14565898279));
#1100 = CARTESIAN_POINT('',(-8.749223128836,4.920605496101,
    313.89430681606));
#1101 = CARTESIAN_POINT('',(-9.06132236282,4.293150417372,313.6642298813
    ));
#1102 = CARTESIAN_POINT('',(-9.403337472872,3.409245654078,
    313.40883158201));
#1103 = CARTESIAN_POINT('',(-9.476461298483,3.205063557821,
    313.35397366019));
#1104 = CARTESIAN_POINT('',(-9.545193181056,2.996229001808,
    313.30219721684));
#1105 = CARTESIAN_POINT('',(-9.609180887161,2.782889654512,
    313.25382073874));
#1106 = CARTESIAN_POINT('',(-9.66808084489,2.56520746853,313.20915437209
    ));
#1107 = CARTESIAN_POINT('',(-9.810571312819,1.974077646127,
    313.1008237479));
#1108 = CARTESIAN_POINT('',(-9.884737502708,1.592505455407,
    313.04412393275));
#1109 = CARTESIAN_POINT('',(-9.941897397907,1.201414917918,
    313.00024344643));
#1110 = CARTESIAN_POINT('',(-9.980586072922,0.803676491969,
    312.97048297382));
#1111 = CARTESIAN_POINT('',(-10.,0.402221595699,312.95554917387));
#1112 = CARTESIAN_POINT('',(-10.,-0.267516792052,312.95554917387));
#1113 = CARTESIAN_POINT('',(-9.991412023634,-0.534885298972,
    312.96215518656));
#1114 = CARTESIAN_POINT('',(-9.974254611356,-0.801139111379,
    312.97535351475));
#1115 = CARTESIAN_POINT('',(-9.948695787114,-1.0653190628,
    312.99499648566));
#1116 = CARTESIAN_POINT('',(-9.915054904408,-1.326474049002,
    313.02080493374));
#1117 = CARTESIAN_POINT('',(-9.815816768185,-1.945203329445,
    313.09674420374));
#1118 = CARTESIAN_POINT('',(-9.742869166246,-2.298422245028,
    313.15243558991));
#1119 = CARTESIAN_POINT('',(-9.65610474048,-2.642280725218,
    313.21844353214));
#1120 = CARTESIAN_POINT('',(-9.556786644592,-2.975822925844,
    313.29363061653));
#1121 = CARTESIAN_POINT('',(-9.446310949141,-3.298175763994,
    313.37674117324));
#1122 = CARTESIAN_POINT('',(-9.061357444439,-4.293079869482,
    313.66420401909));
#1123 = CARTESIAN_POINT('',(-8.749254333542,-4.920554109746,
    313.89428424811));
#1124 = CARTESIAN_POINT('',(-8.401710030477,-5.493555789226,
    314.14564125057));
#1125 = CARTESIAN_POINT('',(-8.02673242983,-6.016186604647,
    314.40998434862));
#1126 = CARTESIAN_POINT('',(-7.629213497624,-6.493019674478,
    314.68145456514));
#1127 = CARTESIAN_POINT('',(-7.211101635673,-6.928204182903,
    314.95554977387));
#1128 = PCURVE('',#202,#1129);
#1129 = DEFINITIONAL_REPRESENTATION('',(#1130),#1163);
#1130 = B_SPLINE_CURVE_WITH_KNOTS('',6,(#1131,#1132,#1133,#1134,#1135,
    #1136,#1137,#1138,#1139,#1140,#1141,#1142,#1143,#1144,#1145,#1146,
    #1147,#1148,#1149,#1150,#1151,#1152,#1153,#1154,#1155,#1156,#1157,
    #1158,#1159,#1160,#1161,#1162),.UNSPECIFIED.,.F.,.F.,(7,5,5,5,5,5,7)
  ,(0.,0.281540606066,0.363552939667,0.500067547003,0.590863143791,
    0.718498960302,1.),.UNSPECIFIED.);
#1131 = CARTESIAN_POINT('',(-2.376199695264,-303.9555497738));
#1132 = CARTESIAN_POINT('',(-2.436547552026,-303.6814608507));
#1133 = CARTESIAN_POINT('',(-2.498472213276,-303.4099965331));
#1134 = CARTESIAN_POINT('',(-2.56253193647,-303.1456589827));
#1135 = CARTESIAN_POINT('',(-2.629221473674,-302.894306816));
#1136 = CARTESIAN_POINT('',(-2.699001876606,-302.6642298813));
#1137 = CARTESIAN_POINT('',(-2.793778559714,-302.408831582));
#1138 = CARTESIAN_POINT('',(-2.815459733069,-302.3539736601));
#1139 = CARTESIAN_POINT('',(-2.837433910125,-302.3021972168));
#1140 = CARTESIAN_POINT('',(-2.859694665448,-302.2538207387));
#1141 = CARTESIAN_POINT('',(-2.882237001735,-302.209154372));
#1142 = CARTESIAN_POINT('',(-2.943043086989,-302.1008237479));
#1143 = CARTESIAN_POINT('',(-2.981875824903,-302.0441239327));
#1144 = CARTESIAN_POINT('',(-3.021334032325,-302.0002434464));
#1145 = CARTESIAN_POINT('',(-3.061225003852,-301.9704829738));
#1146 = CARTESIAN_POINT('',(-3.10137049402,-301.9555491738));
#1147 = CARTESIAN_POINT('',(-3.168344332795,-301.9555491738));
#1148 = CARTESIAN_POINT('',(-3.195081183246,-301.9621551865));
#1149 = CARTESIAN_POINT('',(-3.221741026471,-301.9753535147));
#1150 = CARTESIAN_POINT('',(-3.248262209742,-301.9949964856));
#1151 = CARTESIAN_POINT('',(-3.274580901932,-302.0208049337));
#1152 = CARTESIAN_POINT('',(-3.337244617921,-302.0967442037));
#1153 = CARTESIAN_POINT('',(-3.373276020693,-302.1524355899));
#1154 = CARTESIAN_POINT('',(-3.408690318525,-302.2184435321));
#1155 = CARTESIAN_POINT('',(-3.443447513315,-302.2936306165));
#1156 = CARTESIAN_POINT('',(-3.477497406536,-302.3767411732));
#1157 = CARTESIAN_POINT('',(-3.584175585181,-302.664204019));
#1158 = CARTESIAN_POINT('',(-3.65395785133,-302.8942842481));
#1159 = CARTESIAN_POINT('',(-3.720649071401,-303.1456412505));
#1160 = CARTESIAN_POINT('',(-3.784710312408,-303.4099843486));
#1161 = CARTESIAN_POINT('',(-3.846636371202,-303.6814545651));
#1162 = CARTESIAN_POINT('',(-3.906985611916,-303.9555497738));
#1163 = ( GEOMETRIC_REPRESENTATION_CONTEXT(2) 
PARAMETRIC_REPRESENTATION_CONTEXT() REPRESENTATION_CONTEXT('2D SPACE',''
  ) );
#1164 = PCURVE('',#1036,#1165);
#1165 = DEFINITIONAL_REPRESENTATION('',(#1166),#1199);
#1166 = B_SPLINE_CURVE_WITH_KNOTS('',6,(#1167,#1168,#1169,#1170,#1171,
    #1172,#1173,#1174,#1175,#1176,#1177,#1178,#1179,#1180,#1181,#1182,
    #1183,#1184,#1185,#1186,#1187,#1188,#1189,#1190,#1191,#1192,#1193,
    #1194,#1195,#1196,#1197,#1198),.UNSPECIFIED.,.F.,.F.,(7,5,5,5,5,5,7)
  ,(0.,0.281540606066,0.363552939667,0.500067547003,0.590863143791,
    0.718498960302,1.),.UNSPECIFIED.);
#1167 = CARTESIAN_POINT('',(-5.274458869993,-2.788898364327));
#1168 = CARTESIAN_POINT('',(-5.234897547053,-2.37079609068));
#1169 = CARTESIAN_POINT('',(-5.192733046677,-1.973285396737));
#1170 = CARTESIAN_POINT('',(-5.147768576289,-1.598315131346));
#1171 = CARTESIAN_POINT('',(-5.09976156646,-1.250776871164));
#1172 = CARTESIAN_POINT('',(-5.048479798208,-0.93867763718));
#1173 = CARTESIAN_POINT('',(-4.977705721374,-0.596662527128));
#1174 = CARTESIAN_POINT('',(-4.96144528342,-0.523538701517));
#1175 = CARTESIAN_POINT('',(-4.944899504231,-0.454806818944));
#1176 = CARTESIAN_POINT('',(-4.928077412744,-0.390819112839));
#1177 = CARTESIAN_POINT('',(-4.910987576131,-0.33191915511));
#1178 = CARTESIAN_POINT('',(-4.864758791387,-0.189428687181));
#1179 = CARTESIAN_POINT('',(-4.835101680331,-0.115262497292));
#1180 = CARTESIAN_POINT('',(-4.804858807747,-5.810260209339E-02));
#1181 = CARTESIAN_POINT('',(-4.774210253895,-1.941392707851E-02));
#1182 = CARTESIAN_POINT('',(-4.743329103131,-3.552713678801E-15));
#1183 = CARTESIAN_POINT('',(-4.691810765611,2.590520390792E-15));
#1184 = CARTESIAN_POINT('',(-4.671243960419,-8.587976366496E-03));
#1185 = CARTESIAN_POINT('',(-4.650747205141,-2.574538864378E-02));
#1186 = CARTESIAN_POINT('',(-4.630378706102,-5.130421288623E-02));
#1187 = CARTESIAN_POINT('',(-4.610197630852,-8.494509559237E-02));
#1188 = CARTESIAN_POINT('',(-4.562245935779,-0.184183231815));
#1189 = CARTESIAN_POINT('',(-4.534755757242,-0.257130833754));
#1190 = CARTESIAN_POINT('',(-4.507843916837,-0.34389525952));
#1191 = CARTESIAN_POINT('',(-4.481562084141,-0.443213355408));
#1192 = CARTESIAN_POINT('',(-4.455965530137,-0.553689050859));
#1193 = CARTESIAN_POINT('',(-4.376303928284,-0.938642555561));
#1194 = CARTESIAN_POINT('',(-4.325020700297,-1.250745666458));
#1195 = CARTESIAN_POINT('',(-4.27701240161,-1.598289969523));
#1196 = CARTESIAN_POINT('',(-4.23204680952,-1.97326757017));
#1197 = CARTESIAN_POINT('',(-4.189881320973,-2.370786502376));
#1198 = CARTESIAN_POINT('',(-4.150319090777,-2.788898364327));
#1199 = ( GEOMETRIC_REPRESENTATION_CONTEXT(2) 
PARAMETRIC_REPRESENTATION_CONTEXT() REPRESENTATION_CONTEXT('2D SPACE',''
  ) );
#1200 = ORIENTED_EDGE('',*,*,#1201,.T.);
#1201 = EDGE_CURVE('',#1092,#1202,#1204,.T.);
#1202 = VERTEX_POINT('',#1203);
#1203 = CARTESIAN_POINT('',(-7.211102550928,-6.928203230276,
    314.95554917387));
#1204 = SURFACE_CURVE('',#1205,(#1238,#1274),.PCURVE_S1.);
#1205 = B_SPLINE_CURVE_WITH_KNOTS('',6,(#1206,#1207,#1208,#1209,#1210,
    #1211,#1212,#1213,#1214,#1215,#1216,#1217,#1218,#1219,#1220,#1221,
    #1222,#1223,#1224,#1225,#1226,#1227,#1228,#1229,#1230,#1231,#1232,
    #1233,#1234,#1235,#1236,#1237),.UNSPECIFIED.,.F.,.F.,(7,5,5,5,5,5,7)
  ,(0.,0.281540606066,0.363552939667,0.500067547003,0.590863143791,
    0.718498960302,1.),.UNSPECIFIED.);
#1206 = CARTESIAN_POINT('',(-7.211101635673,6.928204182903,
    314.95554977387));
#1207 = CARTESIAN_POINT('',(-7.62920390932,6.493029654298,
    314.68146085079));
#1208 = CARTESIAN_POINT('',(-8.026714603263,6.016208051508,
    314.40999653317));
#1209 = CARTESIAN_POINT('',(-8.401684868654,5.493590855685,
    314.14565898279));
#1210 = CARTESIAN_POINT('',(-8.749223128836,4.920605496101,
    313.89430681606));
#1211 = CARTESIAN_POINT('',(-9.06132236282,4.293150417372,313.6642298813
    ));
#1212 = CARTESIAN_POINT('',(-9.403337472872,3.409245654078,
    313.40883158201));
#1213 = CARTESIAN_POINT('',(-9.476461298483,3.205063557821,
    313.35397366019));
#1214 = CARTESIAN_POINT('',(-9.545193181056,2.996229001808,
    313.30219721684));
#1215 = CARTESIAN_POINT('',(-9.609180887161,2.782889654512,
    313.25382073874));
#1216 = CARTESIAN_POINT('',(-9.66808084489,2.56520746853,313.20915437209
    ));
#1217 = CARTESIAN_POINT('',(-9.810571312819,1.974077646127,
    313.1008237479));
#1218 = CARTESIAN_POINT('',(-9.884737502708,1.592505455407,
    313.04412393275));
#1219 = CARTESIAN_POINT('',(-9.941897397907,1.201414917918,
    313.00024344643));
#1220 = CARTESIAN_POINT('',(-9.980586072922,0.803676491969,
    312.97048297382));
#1221 = CARTESIAN_POINT('',(-10.,0.402221595699,312.95554917387));
#1222 = CARTESIAN_POINT('',(-10.,-0.267516792052,312.95554917387));
#1223 = CARTESIAN_POINT('',(-9.991412023634,-0.534885298972,
    312.96215518656));
#1224 = CARTESIAN_POINT('',(-9.974254611356,-0.801139111379,
    312.97535351475));
#1225 = CARTESIAN_POINT('',(-9.948695787114,-1.0653190628,
    312.99499648566));
#1226 = CARTESIAN_POINT('',(-9.915054904408,-1.326474049002,
    313.02080493374));
#1227 = CARTESIAN_POINT('',(-9.815816768185,-1.945203329445,
    313.09674420374));
#1228 = CARTESIAN_POINT('',(-9.742869166246,-2.298422245028,
    313.15243558991));
#1229 = CARTESIAN_POINT('',(-9.65610474048,-2.642280725218,
    313.21844353214));
#1230 = CARTESIAN_POINT('',(-9.556786644592,-2.975822925844,
    313.29363061653));
#1231 = CARTESIAN_POINT('',(-9.446310949141,-3.298175763994,
    313.37674117324));
#1232 = CARTESIAN_POINT('',(-9.061357444439,-4.293079869482,
    313.66420401909));
#1233 = CARTESIAN_POINT('',(-8.749254333542,-4.920554109746,
    313.89428424811));
#1234 = CARTESIAN_POINT('',(-8.401710030477,-5.493555789226,
    314.14564125057));
#1235 = CARTESIAN_POINT('',(-8.02673242983,-6.016186604647,
    314.40998434862));
#1236 = CARTESIAN_POINT('',(-7.629213497624,-6.493019674478,
    314.68145456514));
#1237 = CARTESIAN_POINT('',(-7.211101635673,-6.928204182903,
    314.95554977387));
#1238 = PCURVE('',#202,#1239);
#1239 = DEFINITIONAL_REPRESENTATION('',(#1240),#1273);
#1240 = B_SPLINE_CURVE_WITH_KNOTS('',6,(#1241,#1242,#1243,#1244,#1245,
    #1246,#1247,#1248,#1249,#1250,#1251,#1252,#1253,#1254,#1255,#1256,
    #1257,#1258,#1259,#1260,#1261,#1262,#1263,#1264,#1265,#1266,#1267,
    #1268,#1269,#1270,#1271,#1272),.UNSPECIFIED.,.F.,.F.,(7,5,5,5,5,5,7)
  ,(0.,0.281540606066,0.363552939667,0.500067547003,0.590863143791,
    0.718498960302,1.),.UNSPECIFIED.);
#1241 = CARTESIAN_POINT('',(-2.376199695264,-303.9555497738));
#1242 = CARTESIAN_POINT('',(-2.436547552026,-303.6814608507));
#1243 = CARTESIAN_POINT('',(-2.498472213276,-303.4099965331));
#1244 = CARTESIAN_POINT('',(-2.56253193647,-303.1456589827));
#1245 = CARTESIAN_POINT('',(-2.629221473674,-302.894306816));
#1246 = CARTESIAN_POINT('',(-2.699001876606,-302.6642298813));
#1247 = CARTESIAN_POINT('',(-2.793778559714,-302.408831582));
#1248 = CARTESIAN_POINT('',(-2.815459733069,-302.3539736601));
#1249 = CARTESIAN_POINT('',(-2.837433910125,-302.3021972168));
#1250 = CARTESIAN_POINT('',(-2.859694665448,-302.2538207387));
#1251 = CARTESIAN_POINT('',(-2.882237001735,-302.209154372));
#1252 = CARTESIAN_POINT('',(-2.943043086989,-302.1008237479));
#1253 = CARTESIAN_POINT('',(-2.981875824903,-302.0441239327));
#1254 = CARTESIAN_POINT('',(-3.021334032325,-302.0002434464));
#1255 = CARTESIAN_POINT('',(-3.061225003852,-301.9704829738));
#1256 = CARTESIAN_POINT('',(-3.10137049402,-301.9555491738));
#1257 = CARTESIAN_POINT('',(-3.168344332795,-301.9555491738));
#1258 = CARTESIAN_POINT('',(-3.195081183246,-301.9621551865));
#1259 = CARTESIAN_POINT('',(-3.221741026471,-301.9753535147));
#1260 = CARTESIAN_POINT('',(-3.248262209742,-301.9949964856));
#1261 = CARTESIAN_POINT('',(-3.274580901932,-302.0208049337));
#1262 = CARTESIAN_POINT('',(-3.337244617921,-302.0967442037));
#1263 = CARTESIAN_POINT('',(-3.373276020693,-302.1524355899));
#1264 = CARTESIAN_POINT('',(-3.408690318525,-302.2184435321));
#1265 = CARTESIAN_POINT('',(-3.443447513315,-302.2936306165));
#1266 = CARTESIAN_POINT('',(-3.477497406536,-302.3767411732));
#1267 = CARTESIAN_POINT('',(-3.584175585181,-302.664204019));
#1268 = CARTESIAN_POINT('',(-3.65395785133,-302.8942842481));
#1269 = CARTESIAN_POINT('',(-3.720649071401,-303.1456412505));
#1270 = CARTESIAN_POINT('',(-3.784710312408,-303.4099843486));
#1271 = CARTESIAN_POINT('',(-3.846636371202,-303.6814545651));
#1272 = CARTESIAN_POINT('',(-3.906985611916,-303.9555497738));
#1273 = ( GEOMETRIC_REPRESENTATION_CONTEXT(2) 
PARAMETRIC_REPRESENTATION_CONTEXT() REPRESENTATION_CONTEXT('2D SPACE',''
  ) );
#1274 = PCURVE('',#1036,#1275);
#1275 = DEFINITIONAL_REPRESENTATION('',(#1276),#1309);
#1276 = B_SPLINE_CURVE_WITH_KNOTS('',6,(#1277,#1278,#1279,#1280,#1281,
    #1282,#1283,#1284,#1285,#1286,#1287,#1288,#1289,#1290,#1291,#1292,
    #1293,#1294,#1295,#1296,#1297,#1298,#1299,#1300,#1301,#1302,#1303,
    #1304,#1305,#1306,#1307,#1308),.UNSPECIFIED.,.F.,.F.,(7,5,5,5,5,5,7)
  ,(0.,0.281540606066,0.363552939667,0.500067547003,0.590863143791,
    0.718498960302,1.),.UNSPECIFIED.);
#1277 = CARTESIAN_POINT('',(-5.274458869993,-2.788898364327));
#1278 = CARTESIAN_POINT('',(-5.234897547053,-2.37079609068));
#1279 = CARTESIAN_POINT('',(-5.192733046677,-1.973285396737));
#1280 = CARTESIAN_POINT('',(-5.147768576289,-1.598315131346));
#1281 = CARTESIAN_POINT('',(-5.09976156646,-1.250776871164));
#1282 = CARTESIAN_POINT('',(-5.048479798208,-0.93867763718));
#1283 = CARTESIAN_POINT('',(-4.977705721374,-0.596662527128));
#1284 = CARTESIAN_POINT('',(-4.96144528342,-0.523538701517));
#1285 = CARTESIAN_POINT('',(-4.944899504231,-0.454806818944));
#1286 = CARTESIAN_POINT('',(-4.928077412744,-0.390819112839));
#1287 = CARTESIAN_POINT('',(-4.910987576131,-0.33191915511));
#1288 = CARTESIAN_POINT('',(-4.864758791387,-0.189428687181));
#1289 = CARTESIAN_POINT('',(-4.835101680331,-0.115262497292));
#1290 = CARTESIAN_POINT('',(-4.804858807747,-5.810260209339E-02));
#1291 = CARTESIAN_POINT('',(-4.774210253895,-1.941392707851E-02));
#1292 = CARTESIAN_POINT('',(-4.743329103131,-3.552713678801E-15));
#1293 = CARTESIAN_POINT('',(-4.691810765611,2.590520390792E-15));
#1294 = CARTESIAN_POINT('',(-4.671243960419,-8.587976366496E-03));
#1295 = CARTESIAN_POINT('',(-4.650747205141,-2.574538864378E-02));
#1296 = CARTESIAN_POINT('',(-4.630378706102,-5.130421288623E-02));
#1297 = CARTESIAN_POINT('',(-4.610197630852,-8.494509559237E-02));
#1298 = CARTESIAN_POINT('',(-4.562245935779,-0.184183231815));
#1299 = CARTESIAN_POINT('',(-4.534755757242,-0.257130833754));
#1300 = CARTESIAN_POINT('',(-4.507843916837,-0.34389525952));
#1301 = CARTESIAN_POINT('',(-4.481562084141,-0.443213355408));
#1302 = CARTESIAN_POINT('',(-4.455965530137,-0.553689050859));
#1303 = CARTESIAN_POINT('',(-4.376303928284,-0.938642555561));
#1304 = CARTESIAN_POINT('',(-4.325020700297,-1.250745666458));
#1305 = CARTESIAN_POINT('',(-4.27701240161,-1.598289969523));
#1306 = CARTESIAN_POINT('',(-4.23204680952,-1.97326757017));
#1307 = CARTESIAN_POINT('',(-4.189881320973,-2.370786502376));
#1308 = CARTESIAN_POINT('',(-4.150319090777,-2.788898364327));
#1309 = ( GEOMETRIC_REPRESENTATION_CONTEXT(2) 
PARAMETRIC_REPRESENTATION_CONTEXT() REPRESENTATION_CONTEXT('2D SPACE',''
  ) );
#1310 = ORIENTED_EDGE('',*,*,#1311,.T.);
#1311 = EDGE_CURVE('',#1202,#1312,#1314,.T.);
#1312 = VERTEX_POINT('',#1313);
#1313 = CARTESIAN_POINT('',(7.211102550928,-6.928203230276,
    314.95554917387));
#1314 = SURFACE_CURVE('',#1315,(#1320,#1327),.PCURVE_S1.);
#1315 = CIRCLE('',#1316,10.);
#1316 = AXIS2_PLACEMENT_3D('',#1317,#1318,#1319);
#1317 = CARTESIAN_POINT('',(0.,0.,314.95554917387));
#1318 = DIRECTION('',(0.,0.,1.));
#1319 = DIRECTION('',(1.,0.,0.));
#1320 = PCURVE('',#202,#1321);
#1321 = DEFINITIONAL_REPRESENTATION('',(#1322),#1326);
#1322 = LINE('',#1323,#1324);
#1323 = CARTESIAN_POINT('',(-0.,-303.9555491738));
#1324 = VECTOR('',#1325,1.);
#1325 = DIRECTION('',(-1.,0.));
#1326 = ( GEOMETRIC_REPRESENTATION_CONTEXT(2) 
PARAMETRIC_REPRESENTATION_CONTEXT() REPRESENTATION_CONTEXT('2D SPACE',''
  ) );
#1327 = PCURVE('',#1328,#1333);
#1328 = PLANE('',#1329);
#1329 = AXIS2_PLACEMENT_3D('',#1330,#1331,#1332);
#1330 = CARTESIAN_POINT('',(-5.469760530158E-16,6.857365063158E-16,
    314.95554917387));
#1331 = DIRECTION('',(0.,0.,1.));
#1332 = DIRECTION('',(1.,0.,-0.));
#1333 = DEFINITIONAL_REPRESENTATION('',(#1334),#1338);
#1334 = CIRCLE('',#1335,10.);
#1335 = AXIS2_PLACEMENT_2D('',#1336,#1337);
#1336 = CARTESIAN_POINT('',(5.469760530158E-16,-6.857365063158E-16));
#1337 = DIRECTION('',(1.,0.));
#1338 = ( GEOMETRIC_REPRESENTATION_CONTEXT(2) 
PARAMETRIC_REPRESENTATION_CONTEXT() REPRESENTATION_CONTEXT('2D SPACE',''
  ) );
#1339 = ORIENTED_EDGE('',*,*,#1340,.T.);
#1340 = EDGE_CURVE('',#1312,#991,#1341,.T.);
#1341 = SURFACE_CURVE('',#1342,(#1360,#1381),.PCURVE_S1.);
#1342 = B_SPLINE_CURVE_WITH_KNOTS('',6,(#1343,#1344,#1345,#1346,#1347,
    #1348,#1349,#1350,#1351,#1352,#1353,#1354,#1355,#1356,#1357,#1358,
    #1359),.UNSPECIFIED.,.F.,.F.,(7,5,5,7),(0.,0.558253334629,
    0.723665891634,1.),.UNSPECIFIED.);
#1343 = CARTESIAN_POINT('',(7.211101635673,-6.928204182903,
    314.95554977387));
#1344 = CARTESIAN_POINT('',(7.62571168375,-6.496664476952,
    314.68375019578));
#1345 = CARTESIAN_POINT('',(8.020062719488,-6.024180936939,
    314.41453809923));
#1346 = CARTESIAN_POINT('',(8.392262516803,-5.506705020184,
    314.15229939795));
#1347 = CARTESIAN_POINT('',(8.737572648913,-4.939774272006,
    313.9027300985));
#1348 = CARTESIAN_POINT('',(9.048239454882,-4.319370559014,
    313.67387118306));
#1349 = CARTESIAN_POINT('',(9.391251033747,-3.442488210535,
    313.41789100779));
#1350 = CARTESIAN_POINT('',(9.465593199768,-3.237179845234,
    313.3621495631));
#1351 = CARTESIAN_POINT('',(9.535503996733,-3.027128048965,
    313.30950964786));
#1352 = CARTESIAN_POINT('',(9.600623334136,-2.812478354788,
    313.26029714706));
#1353 = CARTESIAN_POINT('',(9.660599196521,-2.593391056149,
    313.21483008017));
#1354 = CARTESIAN_POINT('',(9.806111481325,-1.996918552242,
    313.10423316263));
#1355 = CARTESIAN_POINT('',(9.88197729591,-1.611250318162,313.0462426761
    ));
#1356 = CARTESIAN_POINT('',(9.940476417007,-1.215815241042,
    313.00133649685));
#1357 = CARTESIAN_POINT('',(9.980099123865,-0.813494736083,
    312.97085755538));
#1358 = CARTESIAN_POINT('',(10.,-0.407234508893,312.95554917387));
#1359 = CARTESIAN_POINT('',(10.,-2.6645352591E-15,312.95554917387));
#1360 = PCURVE('',#202,#1361);
#1361 = DEFINITIONAL_REPRESENTATION('',(#1362),#1380);
#1362 = B_SPLINE_CURVE_WITH_KNOTS('',6,(#1363,#1364,#1365,#1366,#1367,
    #1368,#1369,#1370,#1371,#1372,#1373,#1374,#1375,#1376,#1377,#1378,
    #1379),.UNSPECIFIED.,.F.,.F.,(7,5,5,7),(0.,0.558253334629,
    0.723665891634,1.),.UNSPECIFIED.);
#1363 = CARTESIAN_POINT('',(-5.517792348853,-303.9555497738));
#1364 = CARTESIAN_POINT('',(-5.577636146341,-303.6837501957));
#1365 = CARTESIAN_POINT('',(-5.639029064898,-303.4145380992));
#1366 = CARTESIAN_POINT('',(-5.70251633285,-303.1522993979));
#1367 = CARTESIAN_POINT('',(-5.768581747665,-302.9027300985));
#1368 = CARTESIAN_POINT('',(-5.83767657662,-302.673871183));
#1369 = CARTESIAN_POINT('',(-5.931834932399,-302.4178910077));
#1370 = CARTESIAN_POINT('',(-5.953663212177,-302.3621495631));
#1371 = CARTESIAN_POINT('',(-5.975789758686,-302.3095096478));
#1372 = CARTESIAN_POINT('',(-5.998208385383,-302.260297147));
#1373 = CARTESIAN_POINT('',(-6.020914359838,-302.2148300801));
#1374 = CARTESIAN_POINT('',(-6.082310880337,-302.1042331626));
#1375 = CARTESIAN_POINT('',(-6.12157693377,-302.0462426761));
#1376 = CARTESIAN_POINT('',(-6.161482218656,-302.0013364968));
#1377 = CARTESIAN_POINT('',(-6.201835833054,-301.9708575553));
#1378 = CARTESIAN_POINT('',(-6.24246185629,-301.9555491738));
#1379 = CARTESIAN_POINT('',(-6.28318530718,-301.9555491738));
#1380 = ( GEOMETRIC_REPRESENTATION_CONTEXT(2) 
PARAMETRIC_REPRESENTATION_CONTEXT() REPRESENTATION_CONTEXT('2D SPACE',''
  ) );
#1381 = PCURVE('',#1036,#1382);
#1382 = DEFINITIONAL_REPRESENTATION('',(#1383),#1401);
#1383 = B_SPLINE_CURVE_WITH_KNOTS('',6,(#1384,#1385,#1386,#1387,#1388,
    #1389,#1390,#1391,#1392,#1393,#1394,#1395,#1396,#1397,#1398,#1399,
    #1400),.UNSPECIFIED.,.F.,.F.,(7,5,5,7),(0.,0.558253334629,
    0.723665891634,1.),.UNSPECIFIED.);
#1384 = CARTESIAN_POINT('',(-4.150319090777,-17.21110163567));
#1385 = CARTESIAN_POINT('',(-4.189549975276,-17.62571168375));
#1386 = CARTESIAN_POINT('',(-4.231339785158,-18.02006271948));
#1387 = CARTESIAN_POINT('',(-4.275880807693,-18.3922625168));
#1388 = CARTESIAN_POINT('',(-4.323409879404,-18.73757264891));
#1389 = CARTESIAN_POINT('',(-4.374154415901,-19.04823945488));
#1390 = CARTESIAN_POINT('',(-4.444422225798,-19.39125103374));
#1391 = CARTESIAN_POINT('',(-4.460783972492,-19.46559319976));
#1392 = CARTESIAN_POINT('',(-4.477436579265,-19.53550399673));
#1393 = CARTESIAN_POINT('',(-4.494371133717,-19.60062333413));
#1394 = CARTESIAN_POINT('',(-4.511579190104,-19.66059919652));
#1395 = CARTESIAN_POINT('',(-4.558243744401,-19.80611148132));
#1396 = CARTESIAN_POINT('',(-4.588226601274,-19.88197729591));
#1397 = CARTESIAN_POINT('',(-4.618809419735,-19.940476417));
#1398 = CARTESIAN_POINT('',(-4.649812455819,-19.98009912386));
#1399 = CARTESIAN_POINT('',(-4.681063248931,-20.));
#1400 = CARTESIAN_POINT('',(-4.712388980385,-20.));
#1401 = ( GEOMETRIC_REPRESENTATION_CONTEXT(2) 
PARAMETRIC_REPRESENTATION_CONTEXT() REPRESENTATION_CONTEXT('2D SPACE',''
  ) );
#1402 = ORIENTED_EDGE('',*,*,#967,.F.);
#1403 = ORIENTED_EDGE('',*,*,#156,.F.);
#1404 = ORIENTED_EDGE('',*,*,#1405,.F.);
#1405 = EDGE_CURVE('',#611,#157,#1406,.T.);
#1406 = SURFACE_CURVE('',#1407,(#1412,#1419),.PCURVE_S1.);
#1407 = CIRCLE('',#1408,10.);
#1408 = AXIS2_PLACEMENT_3D('',#1409,#1410,#1411);
#1409 = CARTESIAN_POINT('',(0.,0.,11.));
#1410 = DIRECTION('',(0.,0.,1.));
#1411 = DIRECTION('',(1.,0.,0.));
#1412 = PCURVE('',#202,#1413);
#1413 = DEFINITIONAL_REPRESENTATION('',(#1414),#1418);
#1414 = LINE('',#1415,#1416);
#1415 = CARTESIAN_POINT('',(-0.,0.));
#1416 = VECTOR('',#1417,1.);
#1417 = DIRECTION('',(-1.,0.));
#1418 = ( GEOMETRIC_REPRESENTATION_CONTEXT(2) 
PARAMETRIC_REPRESENTATION_CONTEXT() REPRESENTATION_CONTEXT('2D SPACE',''
  ) );
#1419 = PCURVE('',#485,#1420);
#1420 = DEFINITIONAL_REPRESENTATION('',(#1421),#1425);
#1421 = CIRCLE('',#1422,10.);
#1422 = AXIS2_PLACEMENT_2D('',#1423,#1424);
#1423 = CARTESIAN_POINT('',(5.469760530158E-16,-6.857365063158E-16));
#1424 = DIRECTION('',(1.,0.));
#1425 = ( GEOMETRIC_REPRESENTATION_CONTEXT(2) 
PARAMETRIC_REPRESENTATION_CONTEXT() REPRESENTATION_CONTEXT('2D SPACE',''
  ) );
#1426 = ORIENTED_EDGE('',*,*,#610,.F.);
#1427 = ORIENTED_EDGE('',*,*,#498,.F.);
#1428 = ORIENTED_EDGE('',*,*,#1429,.F.);
#1429 = EDGE_CURVE('',#229,#499,#1430,.T.);
#1430 = SURFACE_CURVE('',#1431,(#1436,#1443),.PCURVE_S1.);
#1431 = CIRCLE('',#1432,10.);
#1432 = AXIS2_PLACEMENT_3D('',#1433,#1434,#1435);
#1433 = CARTESIAN_POINT('',(0.,0.,11.));
#1434 = DIRECTION('',(0.,0.,1.));
#1435 = DIRECTION('',(1.,0.,0.));
#1436 = PCURVE('',#202,#1437);
#1437 = DEFINITIONAL_REPRESENTATION('',(#1438),#1442);
#1438 = LINE('',#1439,#1440);
#1439 = CARTESIAN_POINT('',(-0.,0.));
#1440 = VECTOR('',#1441,1.);
#1441 = DIRECTION('',(-1.,0.));
#1442 = ( GEOMETRIC_REPRESENTATION_CONTEXT(2) 
PARAMETRIC_REPRESENTATION_CONTEXT() REPRESENTATION_CONTEXT('2D SPACE',''
  ) );
#1443 = PCURVE('',#308,#1444);
#1444 = DEFINITIONAL_REPRESENTATION('',(#1445),#1449);
#1445 = CIRCLE('',#1446,10.);
#1446 = AXIS2_PLACEMENT_2D('',#1447,#1448);
#1447 = CARTESIAN_POINT('',(5.469760530158E-16,-6.857365063158E-16));
#1448 = DIRECTION('',(1.,0.));
#1449 = ( GEOMETRIC_REPRESENTATION_CONTEXT(2) 
PARAMETRIC_REPRESENTATION_CONTEXT() REPRESENTATION_CONTEXT('2D SPACE',''
  ) );
#1450 = ADVANCED_FACE('',(#1451),#485,.F.);
#1451 = FACE_BOUND('',#1452,.F.);
#1452 = EDGE_LOOP('',(#1453,#1454,#1455,#1477));
#1453 = ORIENTED_EDGE('',*,*,#1405,.T.);
#1454 = ORIENTED_EDGE('',*,*,#472,.T.);
#1455 = ORIENTED_EDGE('',*,*,#1456,.F.);
#1456 = EDGE_CURVE('',#721,#399,#1457,.T.);
#1457 = SURFACE_CURVE('',#1458,(#1463,#1470),.PCURVE_S1.);
#1458 = CIRCLE('',#1459,8.5);
#1459 = AXIS2_PLACEMENT_3D('',#1460,#1461,#1462);
#1460 = CARTESIAN_POINT('',(4.742872761199E-14,2.6645352591E-16,11.));
#1461 = DIRECTION('',(0.,0.,1.));
#1462 = DIRECTION('',(1.,0.,0.));
#1463 = PCURVE('',#485,#1464);
#1464 = DEFINITIONAL_REPRESENTATION('',(#1465),#1469);
#1465 = CIRCLE('',#1466,8.5);
#1466 = AXIS2_PLACEMENT_2D('',#1467,#1468);
#1467 = CARTESIAN_POINT('',(4.7975703665E-14,-4.192829804057E-16));
#1468 = DIRECTION('',(1.,0.));
#1469 = ( GEOMETRIC_REPRESENTATION_CONTEXT(2) 
PARAMETRIC_REPRESENTATION_CONTEXT() REPRESENTATION_CONTEXT('2D SPACE',''
  ) );
#1470 = PCURVE('',#369,#1471);
#1471 = DEFINITIONAL_REPRESENTATION('',(#1472),#1476);
#1472 = LINE('',#1473,#1474);
#1473 = CARTESIAN_POINT('',(-0.,0.));
#1474 = VECTOR('',#1475,1.);
#1475 = DIRECTION('',(-1.,0.));
#1476 = ( GEOMETRIC_REPRESENTATION_CONTEXT(2) 
PARAMETRIC_REPRESENTATION_CONTEXT() REPRESENTATION_CONTEXT('2D SPACE',''
  ) );
#1477 = ORIENTED_EDGE('',*,*,#720,.T.);
#1478 = ADVANCED_FACE('',(#1479),#369,.F.);
#1479 = FACE_BOUND('',#1480,.T.);
#1480 = EDGE_LOOP('',(#1481,#1482,#1505,#1579,#1603,#1731,#1755,#1827,
    #1828,#1829,#1830,#1831));
#1481 = ORIENTED_EDGE('',*,*,#319,.F.);
#1482 = ORIENTED_EDGE('',*,*,#1483,.T.);
#1483 = EDGE_CURVE('',#320,#1484,#1486,.T.);
#1484 = VERTEX_POINT('',#1485);
#1485 = CARTESIAN_POINT('',(8.5,2.6645352591E-16,312.95554917387));
#1486 = SEAM_CURVE('',#1487,(#1491,#1498),.PCURVE_S1.);
#1487 = LINE('',#1488,#1489);
#1488 = CARTESIAN_POINT('',(8.5,2.6645352591E-16,11.));
#1489 = VECTOR('',#1490,1.);
#1490 = DIRECTION('',(0.,0.,1.));
#1491 = PCURVE('',#369,#1492);
#1492 = DEFINITIONAL_REPRESENTATION('',(#1493),#1497);
#1493 = LINE('',#1494,#1495);
#1494 = CARTESIAN_POINT('',(-6.28318530718,0.));
#1495 = VECTOR('',#1496,1.);
#1496 = DIRECTION('',(-0.,-1.));
#1497 = ( GEOMETRIC_REPRESENTATION_CONTEXT(2) 
PARAMETRIC_REPRESENTATION_CONTEXT() REPRESENTATION_CONTEXT('2D SPACE',''
  ) );
#1498 = PCURVE('',#369,#1499);
#1499 = DEFINITIONAL_REPRESENTATION('',(#1500),#1504);
#1500 = LINE('',#1501,#1502);
#1501 = CARTESIAN_POINT('',(-0.,0.));
#1502 = VECTOR('',#1503,1.);
#1503 = DIRECTION('',(-0.,-1.));
#1504 = ( GEOMETRIC_REPRESENTATION_CONTEXT(2) 
PARAMETRIC_REPRESENTATION_CONTEXT() REPRESENTATION_CONTEXT('2D SPACE',''
  ) );
#1505 = ORIENTED_EDGE('',*,*,#1506,.T.);
#1506 = EDGE_CURVE('',#1484,#1507,#1509,.T.);
#1507 = VERTEX_POINT('',#1508);
#1508 = CARTESIAN_POINT('',(4.924428900898,6.928203230276,
    314.95554917387));
#1509 = SURFACE_CURVE('',#1510,(#1531,#1555),.PCURVE_S1.);
#1510 = B_SPLINE_CURVE_WITH_KNOTS('',7,(#1511,#1512,#1513,#1514,#1515,
    #1516,#1517,#1518,#1519,#1520,#1521,#1522,#1523,#1524,#1525,#1526,
    #1527,#1528,#1529,#1530),.UNSPECIFIED.,.F.,.F.,(8,6,6,8),(0.,
    0.230358896463,0.372797320674,1.),.UNSPECIFIED.);
#1511 = CARTESIAN_POINT('',(8.5,-2.101753645489E-15,312.95554917387));
#1512 = CARTESIAN_POINT('',(8.5,0.313492465754,312.95554917387));
#1513 = CARTESIAN_POINT('',(8.486510884387,0.626422681,312.96436898705)
  );
#1514 = CARTESIAN_POINT('',(8.459619965215,0.937238379518,
    312.98195148965));
#1515 = CARTESIAN_POINT('',(8.419679546803,1.244395597914,
    313.00801592157));
#1516 = CARTESIAN_POINT('',(8.367306098683,1.546372639729,
    313.04205999406));
#1517 = CARTESIAN_POINT('',(8.303385489741,1.841683366714,
    313.08337130852));
#1518 = CARTESIAN_POINT('',(8.183141422718,2.306478939558,
    313.16052819403));
#1519 = CARTESIAN_POINT('',(8.133189690288,2.48112408924,313.19246770968
    ));
#1520 = CARTESIAN_POINT('',(8.079429132129,2.652720059782,
    313.22670171001));
#1521 = CARTESIAN_POINT('',(8.02206276027,2.821168697808,313.26306078135
    ));
#1522 = CARTESIAN_POINT('',(7.961297029463,2.986378891682,
    313.30137182896));
#1523 = CARTESIAN_POINT('',(7.897342313716,3.148266560106,
    313.34145888639));
#1524 = CARTESIAN_POINT('',(7.53570354592,4.004629173841,313.56669669817
    ));
#1525 = CARTESIAN_POINT('',(7.183524935226,4.63612019822,313.78110999434
    ));
#1526 = CARTESIAN_POINT('',(6.788485775235,5.20393820157,314.01351404851
    ));
#1527 = CARTESIAN_POINT('',(6.360465942256,5.712546313285,
    314.25391710994));
#1528 = CARTESIAN_POINT('',(5.905599092041,6.166826363293,
    314.49489702628));
#1529 = CARTESIAN_POINT('',(5.426849190078,6.571093039273,
    314.73062804169));
#1530 = CARTESIAN_POINT('',(4.924427560641,6.928204182903,
    314.95554977387));
#1531 = PCURVE('',#369,#1532);
#1532 = DEFINITIONAL_REPRESENTATION('',(#1533),#1554);
#1533 = B_SPLINE_CURVE_WITH_KNOTS('',7,(#1534,#1535,#1536,#1537,#1538,
    #1539,#1540,#1541,#1542,#1543,#1544,#1545,#1546,#1547,#1548,#1549,
    #1550,#1551,#1552,#1553),.UNSPECIFIED.,.F.,.F.,(8,6,6,8),(0.,
    0.230358896463,0.372797320674,1.),.UNSPECIFIED.);
#1534 = CARTESIAN_POINT('',(0.,-301.9555491738));
#1535 = CARTESIAN_POINT('',(-3.688146655932E-02,-301.9555491738));
#1536 = CARTESIAN_POINT('',(-7.369678493855E-02,-301.964368987));
#1537 = CARTESIAN_POINT('',(-0.110345282869,-301.9819514896));
#1538 = CARTESIAN_POINT('',(-0.146725915829,-302.0080159215));
#1539 = CARTESIAN_POINT('',(-0.182732960584,-302.042059994));
#1540 = CARTESIAN_POINT('',(-0.218251531218,-302.0833713085));
#1541 = CARTESIAN_POINT('',(-0.274733583999,-302.160528194));
#1542 = CARTESIAN_POINT('',(-0.296097065178,-302.1924677096));
#1543 = CARTESIAN_POINT('',(-0.317241893431,-302.22670171));
#1544 = CARTESIAN_POINT('',(-0.338165844915,-302.2630607813));
#1545 = CARTESIAN_POINT('',(-0.358865916254,-302.3013718289));
#1546 = CARTESIAN_POINT('',(-0.379338301104,-302.3414588863));
#1547 = CARTESIAN_POINT('',(-0.48870195432,-302.5666966981));
#1548 = CARTESIAN_POINT('',(-0.57326126501,-302.7811099943));
#1549 = CARTESIAN_POINT('',(-0.654037015339,-303.0135140485));
#1550 = CARTESIAN_POINT('',(-0.731687156309,-303.2539171099));
#1551 = CARTESIAN_POINT('',(-0.806891561604,-303.4948970262));
#1552 = CARTESIAN_POINT('',(-0.8803538727,-303.7306280416));
#1553 = CARTESIAN_POINT('',(-0.95287217848,-303.9555497738));
#1554 = ( GEOMETRIC_REPRESENTATION_CONTEXT(2) 
PARAMETRIC_REPRESENTATION_CONTEXT() REPRESENTATION_CONTEXT('2D SPACE',''
  ) );
#1555 = PCURVE('',#1036,#1556);
#1556 = DEFINITIONAL_REPRESENTATION('',(#1557),#1578);
#1557 = B_SPLINE_CURVE_WITH_KNOTS('',7,(#1558,#1559,#1560,#1561,#1562,
    #1563,#1564,#1565,#1566,#1567,#1568,#1569,#1570,#1571,#1572,#1573,
    #1574,#1575,#1576,#1577),.UNSPECIFIED.,.F.,.F.,(8,6,6,8),(0.,
    0.230358896463,0.372797320674,1.),.UNSPECIFIED.);
#1558 = CARTESIAN_POINT('',(-4.712388980385,-18.5));
#1559 = CARTESIAN_POINT('',(-4.736503785443,-18.5));
#1560 = CARTESIAN_POINT('',(-4.760575344753,-18.48651088438));
#1561 = CARTESIAN_POINT('',(-4.78450713568,-18.45961996521));
#1562 = CARTESIAN_POINT('',(-4.808202975941,-18.4196795468));
#1563 = CARTESIAN_POINT('',(-4.831565577051,-18.36730609868));
#1564 = CARTESIAN_POINT('',(-4.854495520534,-18.30338548974));
#1565 = CARTESIAN_POINT('',(-4.890738300636,-18.18314142271));
#1566 = CARTESIAN_POINT('',(-4.904393522419,-18.13318969028));
#1567 = CARTESIAN_POINT('',(-4.917850601425,-18.07942913212));
#1568 = CARTESIAN_POINT('',(-4.931103746193,-18.02206276027));
#1569 = CARTESIAN_POINT('',(-4.944147103963,-17.96129702946));
#1570 = CARTESIAN_POINT('',(-4.956974770024,-17.89734231371));
#1571 = CARTESIAN_POINT('',(-5.025089231559,-17.53570354592));
#1572 = CARTESIAN_POINT('',(-5.076263026294,-17.18352493522));
#1573 = CARTESIAN_POINT('',(-5.123331437912,-16.78848577523));
#1574 = CARTESIAN_POINT('',(-5.166513733227,-16.36046594225));
#1575 = CARTESIAN_POINT('',(-5.206017134504,-15.90559909204));
#1576 = CARTESIAN_POINT('',(-5.241994218801,-15.42684919007));
#1577 = CARTESIAN_POINT('',(-5.274458869993,-14.92442756064));
#1578 = ( GEOMETRIC_REPRESENTATION_CONTEXT(2) 
PARAMETRIC_REPRESENTATION_CONTEXT() REPRESENTATION_CONTEXT('2D SPACE',''
  ) );
#1579 = ORIENTED_EDGE('',*,*,#1580,.T.);
#1580 = EDGE_CURVE('',#1507,#1581,#1583,.T.);
#1581 = VERTEX_POINT('',#1582);
#1582 = CARTESIAN_POINT('',(-4.924428900898,6.928203230276,
    314.95554917387));
#1583 = SURFACE_CURVE('',#1584,(#1589,#1596),.PCURVE_S1.);
#1584 = CIRCLE('',#1585,8.5);
#1585 = AXIS2_PLACEMENT_3D('',#1586,#1587,#1588);
#1586 = CARTESIAN_POINT('',(4.742872761199E-14,2.6645352591E-16,
    314.95554917387));
#1587 = DIRECTION('',(0.,0.,1.));
#1588 = DIRECTION('',(1.,0.,0.));
#1589 = PCURVE('',#369,#1590);
#1590 = DEFINITIONAL_REPRESENTATION('',(#1591),#1595);
#1591 = LINE('',#1592,#1593);
#1592 = CARTESIAN_POINT('',(-0.,-303.9555491738));
#1593 = VECTOR('',#1594,1.);
#1594 = DIRECTION('',(-1.,0.));
#1595 = ( GEOMETRIC_REPRESENTATION_CONTEXT(2) 
PARAMETRIC_REPRESENTATION_CONTEXT() REPRESENTATION_CONTEXT('2D SPACE',''
  ) );
#1596 = PCURVE('',#1079,#1597);
#1597 = DEFINITIONAL_REPRESENTATION('',(#1598),#1602);
#1598 = CIRCLE('',#1599,8.5);
#1599 = AXIS2_PLACEMENT_2D('',#1600,#1601);
#1600 = CARTESIAN_POINT('',(4.7975703665E-14,-4.192829804057E-16));
#1601 = DIRECTION('',(1.,0.));
#1602 = ( GEOMETRIC_REPRESENTATION_CONTEXT(2) 
PARAMETRIC_REPRESENTATION_CONTEXT() REPRESENTATION_CONTEXT('2D SPACE',''
  ) );
#1603 = ORIENTED_EDGE('',*,*,#1604,.T.);
#1604 = EDGE_CURVE('',#1581,#1605,#1607,.T.);
#1605 = VERTEX_POINT('',#1606);
#1606 = CARTESIAN_POINT('',(-4.924428900898,-6.928203230276,
    314.95554917387));
#1607 = SURFACE_CURVE('',#1608,(#1647,#1689),.PCURVE_S1.);
#1608 = B_SPLINE_CURVE_WITH_KNOTS('',7,(#1609,#1610,#1611,#1612,#1613,
    #1614,#1615,#1616,#1617,#1618,#1619,#1620,#1621,#1622,#1623,#1624,
    #1625,#1626,#1627,#1628,#1629,#1630,#1631,#1632,#1633,#1634,#1635,
    #1636,#1637,#1638,#1639,#1640,#1641,#1642,#1643,#1644,#1645,#1646),
  .UNSPECIFIED.,.F.,.F.,(8,6,6,6,6,6,8),(0.,0.313102025953,
    0.386120815462,0.500028668359,0.613445344954,0.685182117718,1.),
  .UNSPECIFIED.);
#1609 = CARTESIAN_POINT('',(-4.924427560641,6.928204182903,
    314.95554977387));
#1610 = CARTESIAN_POINT('',(-5.426011072494,6.571688756319,
    314.73100324619));
#1611 = CARTESIAN_POINT('',(-5.90400260939,6.168174375921,
    314.49568308394));
#1612 = CARTESIAN_POINT('',(-6.358189512418,5.714818899354,
    314.25512287939));
#1613 = CARTESIAN_POINT('',(-6.785627905465,5.207332095306,
    314.01511889715));
#1614 = CARTESIAN_POINT('',(-7.180226802551,4.640857843839,
    313.78305004356));
#1615 = CARTESIAN_POINT('',(-7.532175534851,4.010950643791,
    313.56884430679));
#1616 = CARTESIAN_POINT('',(-7.89571881843,3.152570519803,
    313.34248128114));
#1617 = CARTESIAN_POINT('',(-7.961350844031,2.986666202489,
    313.30134639319));
#1618 = CARTESIAN_POINT('',(-8.023633686152,2.817268322292,
    313.26207600427));
#1619 = CARTESIAN_POINT('',(-8.082340326819,2.64446827753,
    313.22485995702));
#1620 = CARTESIAN_POINT('',(-8.137248214355,2.468365236708,
    313.18988483749));
#1621 = CARTESIAN_POINT('',(-8.188138721306,2.28906615091,
    313.15733305474));
#1622 = CARTESIAN_POINT('',(-8.307581964736,1.822176009551,
    313.08065874923));
#1623 = CARTESIAN_POINT('',(-8.370166421505,1.52977959763,
    313.04020058539));
#1624 = CARTESIAN_POINT('',(-8.421424722858,1.230900888183,
    313.00687703701));
#1625 = CARTESIAN_POINT('',(-8.460502806744,0.926990164199,
    312.98137424923));
#1626 = CARTESIAN_POINT('',(-8.486807173182,0.619531565289,
    312.96417525905));
#1627 = CARTESIAN_POINT('',(-8.5,0.310030422994,312.95554917387));
#1628 = CARTESIAN_POINT('',(-8.5,-0.308693556458,312.95554917387));
#1629 = CARTESIAN_POINT('',(-8.486920708419,-0.616889883557,
    312.9641010236));
#1630 = CARTESIAN_POINT('',(-8.460838157781,-0.923085565943,
    312.98115498206));
#1631 = CARTESIAN_POINT('',(-8.422083017233,-1.225784887346,
    313.00644744113));
#1632 = CARTESIAN_POINT('',(-8.371239684371,-1.523512913312,
    313.03950285354));
#1633 = CARTESIAN_POINT('',(-8.309151032644,-1.814827975122,
    313.07964435543));
#1634 = CARTESIAN_POINT('',(-8.191247799696,-2.277652645922,
    313.15534160044));
#1635 = CARTESIAN_POINT('',(-8.141472444414,-2.454005427461,
    313.18718725503));
#1636 = CARTESIAN_POINT('',(-8.087806936079,-2.627280664962,
    313.2213819079));
#1637 = CARTESIAN_POINT('',(-8.030458945644,-2.797374404258,
    313.25775242897));
#1638 = CARTESIAN_POINT('',(-7.969640130502,-2.964189961271,
    313.29612155064));
#1639 = CARTESIAN_POINT('',(-7.905566637561,-3.12763791172,
    313.33630872102));
#1640 = CARTESIAN_POINT('',(-7.543959412857,-3.989790398955,
    313.56166845506));
#1641 = CARTESIAN_POINT('',(-7.191248448915,-4.625002575878,
    313.77656433539));
#1642 = CARTESIAN_POINT('',(-6.795180921848,-5.195975957752,
    314.00975247817));
#1643 = CARTESIAN_POINT('',(-6.365800402514,-5.707215739464,
    314.25109036564));
#1644 = CARTESIAN_POINT('',(-5.909341848003,-6.163664345343,
    314.49305362236));
#1645 = CARTESIAN_POINT('',(-5.428815479014,-6.569695440823,
    314.72974778278));
#1646 = CARTESIAN_POINT('',(-4.924427560641,-6.928204182903,
    314.95554977387));
#1647 = PCURVE('',#369,#1648);
#1648 = DEFINITIONAL_REPRESENTATION('',(#1649),#1688);
#1649 = B_SPLINE_CURVE_WITH_KNOTS('',7,(#1650,#1651,#1652,#1653,#1654,
    #1655,#1656,#1657,#1658,#1659,#1660,#1661,#1662,#1663,#1664,#1665,
    #1666,#1667,#1668,#1669,#1670,#1671,#1672,#1673,#1674,#1675,#1676,
    #1677,#1678,#1679,#1680,#1681,#1682,#1683,#1684,#1685,#1686,#1687),
  .UNSPECIFIED.,.F.,.F.,(8,6,6,6,6,6,8),(0.,0.313102025953,
    0.386120815462,0.500028668359,0.613445344954,0.685182117718,1.),
  .UNSPECIFIED.);
#1650 = CARTESIAN_POINT('',(-2.18872047511,-303.9555497738));
#1651 = CARTESIAN_POINT('',(-2.261117809053,-303.7310032461));
#1652 = CARTESIAN_POINT('',(-2.334456125283,-303.4956830839));
#1653 = CARTESIAN_POINT('',(-2.409529192655,-303.2551228793));
#1654 = CARTESIAN_POINT('',(-2.48703735484,-303.0151188971));
#1655 = CARTESIAN_POINT('',(-2.567657286041,-302.7830500435));
#1656 = CARTESIAN_POINT('',(-2.65204406288,-302.5688443067));
#1657 = CARTESIAN_POINT('',(-2.761713598338,-302.3424812811));
#1658 = CARTESIAN_POINT('',(-2.782697561933,-302.3013463931));
#1659 = CARTESIAN_POINT('',(-2.803920901038,-302.2620760042));
#1660 = CARTESIAN_POINT('',(-2.82537940652,-302.224859957));
#1661 = CARTESIAN_POINT('',(-2.847069761159,-302.1898848374));
#1662 = CARTESIAN_POINT('',(-2.868989511374,-302.1573330547));
#1663 = CARTESIAN_POINT('',(-2.925686739479,-302.0806587492));
#1664 = CARTESIAN_POINT('',(-2.960837890964,-302.0402005853));
#1665 = CARTESIAN_POINT('',(-2.996464984653,-302.006877037));
#1666 = CARTESIAN_POINT('',(-3.032455728285,-301.9813742492));
#1667 = CARTESIAN_POINT('',(-3.068706588077,-301.964175259));
#1668 = CARTESIAN_POINT('',(-3.105118486179,-301.9555491738));
#1669 = CARTESIAN_POINT('',(-3.177909542585,-301.9555491738));
#1670 = CARTESIAN_POINT('',(-3.214167933128,-301.9641010236));
#1671 = CARTESIAN_POINT('',(-3.250269193365,-301.981154982));
#1672 = CARTESIAN_POINT('',(-3.286114440448,-302.0064474411));
#1673 = CARTESIAN_POINT('',(-3.321600429931,-302.0395028535));
#1674 = CARTESIAN_POINT('',(-3.356615295821,-302.0796443554));
#1675 = CARTESIAN_POINT('',(-3.412804280967,-302.1553416004));
#1676 = CARTESIAN_POINT('',(-3.434355156191,-302.187187255));
#1677 = CARTESIAN_POINT('',(-3.455685000793,-302.2213819079));
#1678 = CARTESIAN_POINT('',(-3.476791265269,-302.2577524289));
#1679 = CARTESIAN_POINT('',(-3.497670586532,-302.2961215506));
#1680 = CARTESIAN_POINT('',(-3.518318757716,-302.336308721));
#1681 = CARTESIAN_POINT('',(-3.62830879792,-302.561668455));
#1682 = CARTESIAN_POINT('',(-3.71327318101,-302.7765643353));
#1683 = CARTESIAN_POINT('',(-3.794414517986,-303.0097524781));
#1684 = CARTESIAN_POINT('',(-3.872397600097,-303.2510903656));
#1685 = CARTESIAN_POINT('',(-3.947909800537,-303.4930536223));
#1686 = CARTESIAN_POINT('',(-4.021662716967,-303.7297477827));
#1687 = CARTESIAN_POINT('',(-4.094464832069,-303.9555497738));
#1688 = ( GEOMETRIC_REPRESENTATION_CONTEXT(2) 
PARAMETRIC_REPRESENTATION_CONTEXT() REPRESENTATION_CONTEXT('2D SPACE',''
  ) );
#1689 = PCURVE('',#1036,#1690);
#1690 = DEFINITIONAL_REPRESENTATION('',(#1691),#1730);
#1691 = B_SPLINE_CURVE_WITH_KNOTS('',7,(#1692,#1693,#1694,#1695,#1696,
    #1697,#1698,#1699,#1700,#1701,#1702,#1703,#1704,#1705,#1706,#1707,
    #1708,#1709,#1710,#1711,#1712,#1713,#1714,#1715,#1716,#1717,#1718,
    #1719,#1720,#1721,#1722,#1723,#1724,#1725,#1726,#1727,#1728,#1729),
  .UNSPECIFIED.,.F.,.F.,(8,6,6,6,6,6,8),(0.,0.313102025953,
    0.386120815462,0.500028668359,0.613445344954,0.685182117718,1.),
  .UNSPECIFIED.);
#1692 = CARTESIAN_POINT('',(-5.274458869993,-5.075572439359));
#1693 = CARTESIAN_POINT('',(-5.242048374899,-4.573988927506));
#1694 = CARTESIAN_POINT('',(-5.206137099747,-4.095997390609));
#1695 = CARTESIAN_POINT('',(-5.166711362522,-3.641810487583));
#1696 = CARTESIAN_POINT('',(-5.123619613374,-3.214372094534));
#1697 = CARTESIAN_POINT('',(-5.076655773454,-2.81977319745));
#1698 = CARTESIAN_POINT('',(-5.025601537284,-2.467824465149));
#1699 = CARTESIAN_POINT('',(-4.95731495632,-2.10428118157));
#1700 = CARTESIAN_POINT('',(-4.944168100632,-2.038649155969));
#1701 = CARTESIAN_POINT('',(-4.930794449867,-1.976366313848));
#1702 = CARTESIAN_POINT('',(-4.917200432468,-1.917659673181));
#1703 = CARTESIAN_POINT('',(-4.903392418396,-1.862751785645));
#1704 = CARTESIAN_POINT('',(-4.889376709084,-1.811861278694));
#1705 = CARTESIAN_POINT('',(-4.852981007957,-1.692418035264));
#1706 = CARTESIAN_POINT('',(-4.830281935741,-1.629833578495));
#1707 = CARTESIAN_POINT('',(-4.807161948273,-1.578575277142));
#1708 = CARTESIAN_POINT('',(-4.783718061714,-1.539497193256));
#1709 = CARTESIAN_POINT('',(-4.760045258739,-1.513192826818));
#1710 = CARTESIAN_POINT('',(-4.736237474461,-1.5));
#1711 = CARTESIAN_POINT('',(-4.688643322196,-1.5));
#1712 = CARTESIAN_POINT('',(-4.664935908731,-1.513079291581));
#1713 = CARTESIAN_POINT('',(-4.641360537948,-1.539161842219));
#1714 = CARTESIAN_POINT('',(-4.618010668955,-1.577916982767));
#1715 = CARTESIAN_POINT('',(-4.594980784034,-1.628760315629));
#1716 = CARTESIAN_POINT('',(-4.572367364781,-1.690848967356));
#1717 = CARTESIAN_POINT('',(-4.536292430541,-1.808752200304));
#1718 = CARTESIAN_POINT('',(-4.522509312027,-1.858527555586));
#1719 = CARTESIAN_POINT('',(-4.508926195519,-1.912193063921));
#1720 = CARTESIAN_POINT('',(-4.495549223383,-1.969541054356));
#1721 = CARTESIAN_POINT('',(-4.48238460379,-2.030359869498));
#1722 = CARTESIAN_POINT('',(-4.469438602841,-2.094433362439));
#1723 = CARTESIAN_POINT('',(-4.400890950821,-2.456040587143));
#1724 = CARTESIAN_POINT('',(-4.34943635518,-2.808751551085));
#1725 = CARTESIAN_POINT('',(-4.302122474101,-3.204819078152));
#1726 = CARTESIAN_POINT('',(-4.2587277282,-3.634199597486));
#1727 = CARTESIAN_POINT('',(-4.219042209318,-4.090658151998));
#1728 = CARTESIAN_POINT('',(-4.18291079638,-4.571184520986));
#1729 = CARTESIAN_POINT('',(-4.150319090777,-5.075572439359));
#1730 = ( GEOMETRIC_REPRESENTATION_CONTEXT(2) 
PARAMETRIC_REPRESENTATION_CONTEXT() REPRESENTATION_CONTEXT('2D SPACE',''
  ) );
#1731 = ORIENTED_EDGE('',*,*,#1732,.T.);
#1732 = EDGE_CURVE('',#1605,#1733,#1735,.T.);
#1733 = VERTEX_POINT('',#1734);
#1734 = CARTESIAN_POINT('',(4.924428900898,-6.928203230276,
    314.95554917387));
#1735 = SURFACE_CURVE('',#1736,(#1741,#1748),.PCURVE_S1.);
#1736 = CIRCLE('',#1737,8.5);
#1737 = AXIS2_PLACEMENT_3D('',#1738,#1739,#1740);
#1738 = CARTESIAN_POINT('',(4.742872761199E-14,2.6645352591E-16,
    314.95554917387));
#1739 = DIRECTION('',(0.,0.,1.));
#1740 = DIRECTION('',(1.,0.,0.));
#1741 = PCURVE('',#369,#1742);
#1742 = DEFINITIONAL_REPRESENTATION('',(#1743),#1747);
#1743 = LINE('',#1744,#1745);
#1744 = CARTESIAN_POINT('',(-0.,-303.9555491738));
#1745 = VECTOR('',#1746,1.);
#1746 = DIRECTION('',(-1.,0.));
#1747 = ( GEOMETRIC_REPRESENTATION_CONTEXT(2) 
PARAMETRIC_REPRESENTATION_CONTEXT() REPRESENTATION_CONTEXT('2D SPACE',''
  ) );
#1748 = PCURVE('',#1328,#1749);
#1749 = DEFINITIONAL_REPRESENTATION('',(#1750),#1754);
#1750 = CIRCLE('',#1751,8.5);
#1751 = AXIS2_PLACEMENT_2D('',#1752,#1753);
#1752 = CARTESIAN_POINT('',(4.7975703665E-14,-4.192829804057E-16));
#1753 = DIRECTION('',(1.,0.));
#1754 = ( GEOMETRIC_REPRESENTATION_CONTEXT(2) 
PARAMETRIC_REPRESENTATION_CONTEXT() REPRESENTATION_CONTEXT('2D SPACE',''
  ) );
#1755 = ORIENTED_EDGE('',*,*,#1756,.T.);
#1756 = EDGE_CURVE('',#1733,#1484,#1757,.T.);
#1757 = SURFACE_CURVE('',#1758,(#1779,#1803),.PCURVE_S1.);
#1758 = B_SPLINE_CURVE_WITH_KNOTS('',7,(#1759,#1760,#1761,#1762,#1763,
    #1764,#1765,#1766,#1767,#1768,#1769,#1770,#1771,#1772,#1773,#1774,
    #1775,#1776,#1777,#1778),.UNSPECIFIED.,.F.,.F.,(8,6,6,8),(0.,
    0.628591600059,0.768787445493,1.),.UNSPECIFIED.);
#1759 = CARTESIAN_POINT('',(4.924427560641,-6.928204182903,
    314.95554977387));
#1760 = CARTESIAN_POINT('',(5.427963507805,-6.570301004746,
    314.73012918921));
#1761 = CARTESIAN_POINT('',(5.907719797844,-6.165034906768,
    314.49385258904));
#1762 = CARTESIAN_POINT('',(6.363488419485,-5.709526816264,
    314.25231568645));
#1763 = CARTESIAN_POINT('',(6.792279446809,-5.199428506589,314.011382962
    ));
#1764 = CARTESIAN_POINT('',(7.187901960116,-4.629823769152,
    313.77853433723));
#1765 = CARTESIAN_POINT('',(7.540383495987,-3.996225611623,
    313.56384682669));
#1766 = CARTESIAN_POINT('',(7.900680392772,-3.139739031784,
    313.33936474683));
#1767 = CARTESIAN_POINT('',(7.963493074839,-2.98025948132,
    313.29998442404));
#1768 = CARTESIAN_POINT('',(8.023209966559,-2.817562996604,
    313.26233006742));
#1769 = CARTESIAN_POINT('',(8.079630381542,-2.651730151817,
    313.22656950369));
#1770 = CARTESIAN_POINT('',(8.13255734557,-2.482848122469,
    313.19286783233));
#1771 = CARTESIAN_POINT('',(8.181797155581,-2.311010695786,
    313.16138667676));
#1772 = CARTESIAN_POINT('',(8.301970098064,-1.848213599172,
    313.08428604436));
#1773 = CARTESIAN_POINT('',(8.36633680084,-1.551945655397,
    313.04269001479));
#1774 = CARTESIAN_POINT('',(8.419083137348,-1.248954442449,
    313.00840509968));
#1775 = CARTESIAN_POINT('',(8.459314626288,-0.940729006303,
    312.98215113343));
#1776 = CARTESIAN_POINT('',(8.486406818227,-0.628794620873,
    312.96443703142));
#1777 = CARTESIAN_POINT('',(8.5,-0.314699350464,312.95554917387));
#1778 = CARTESIAN_POINT('',(8.5,-1.7763568394E-15,312.95554917387));
#1779 = PCURVE('',#369,#1780);
#1780 = DEFINITIONAL_REPRESENTATION('',(#1781),#1802);
#1781 = B_SPLINE_CURVE_WITH_KNOTS('',7,(#1782,#1783,#1784,#1785,#1786,
    #1787,#1788,#1789,#1790,#1791,#1792,#1793,#1794,#1795,#1796,#1797,
    #1798,#1799,#1800,#1801),.UNSPECIFIED.,.F.,.F.,(8,6,6,8),(0.,
    0.628591600059,0.768787445493,1.),.UNSPECIFIED.);
#1782 = CARTESIAN_POINT('',(-5.3303131287,-303.9555497738));
#1783 = CARTESIAN_POINT('',(-5.402992272367,-303.7301291892));
#1784 = CARTESIAN_POINT('',(-5.476619204884,-303.493852589));
#1785 = CARTESIAN_POINT('',(-5.551997947232,-303.2523156864));
#1786 = CARTESIAN_POINT('',(-5.62983666772,-303.011382962));
#1787 = CARTESIAN_POINT('',(-5.710819489861,-302.7785343372));
#1788 = CARTESIAN_POINT('',(-5.795608234175,-302.5638468266));
#1789 = CARTESIAN_POINT('',(-5.904924012139,-302.3393647468));
#1790 = CARTESIAN_POINT('',(-5.925083797955,-302.299984424));
#1791 = CARTESIAN_POINT('',(-5.945464154812,-302.2623300674));
#1792 = CARTESIAN_POINT('',(-5.966061437205,-302.2265695036));
#1793 = CARTESIAN_POINT('',(-5.986872754675,-302.1928678323));
#1794 = CARTESIAN_POINT('',(-6.007895949691,-302.1613866767));
#1795 = CARTESIAN_POINT('',(-6.064148308502,-302.0842860443));
#1796 = CARTESIAN_POINT('',(-6.099787770906,-302.0426900147));
#1797 = CARTESIAN_POINT('',(-6.135919366198,-302.0084050996));
#1798 = CARTESIAN_POINT('',(-6.172428412095,-301.9821511334));
#1799 = CARTESIAN_POINT('',(-6.209209470646,-301.9644370314));
#1800 = CARTESIAN_POINT('',(-6.246161854184,-301.9555491738));
#1801 = CARTESIAN_POINT('',(-6.28318530718,-301.9555491738));
#1802 = ( GEOMETRIC_REPRESENTATION_CONTEXT(2) 
PARAMETRIC_REPRESENTATION_CONTEXT() REPRESENTATION_CONTEXT('2D SPACE',''
  ) );
#1803 = PCURVE('',#1036,#1804);
#1804 = DEFINITIONAL_REPRESENTATION('',(#1805),#1826);
#1805 = B_SPLINE_CURVE_WITH_KNOTS('',7,(#1806,#1807,#1808,#1809,#1810,
    #1811,#1812,#1813,#1814,#1815,#1816,#1817,#1818,#1819,#1820,#1821,
    #1822,#1823,#1824,#1825),.UNSPECIFIED.,.F.,.F.,(8,6,6,8),(0.,
    0.628591600059,0.768787445493,1.),.UNSPECIFIED.);
#1806 = CARTESIAN_POINT('',(-4.150319090777,-14.92442756064));
#1807 = CARTESIAN_POINT('',(-4.182855745111,-15.4279635078));
#1808 = CARTESIAN_POINT('',(-4.218920247166,-15.90771979784));
#1809 = CARTESIAN_POINT('',(-4.258526785345,-16.36348841948));
#1810 = CARTESIAN_POINT('',(-4.301829392634,-16.7922794468));
#1811 = CARTESIAN_POINT('',(-4.349036817206,-17.18790196011));
#1812 = CARTESIAN_POINT('',(-4.400369636574,-17.54038349598));
#1813 = CARTESIAN_POINT('',(-4.468478558459,-17.90068039277));
#1814 = CARTESIAN_POINT('',(-4.481113408767,-17.96349307483));
#1815 = CARTESIAN_POINT('',(-4.493957097122,-18.02320996655));
#1816 = CARTESIAN_POINT('',(-4.507003974311,-18.07963038154));
#1817 = CARTESIAN_POINT('',(-4.520248440334,-18.13255734557));
#1818 = CARTESIAN_POINT('',(-4.533684952917,-18.18179715558));
#1819 = CARTESIAN_POINT('',(-4.569775376842,-18.30197009806));
#1820 = CARTESIAN_POINT('',(-4.592781207533,-18.36633680084));
#1821 = CARTESIAN_POINT('',(-4.616223273055,-18.41908313734));
#1822 = CARTESIAN_POINT('',(-4.640002049896,-18.45931462628));
#1823 = CARTESIAN_POINT('',(-4.664020158648,-18.48640681822));
#1824 = CARTESIAN_POINT('',(-4.688181338041,-18.5));
#1825 = CARTESIAN_POINT('',(-4.712388980385,-18.5));
#1826 = ( GEOMETRIC_REPRESENTATION_CONTEXT(2) 
PARAMETRIC_REPRESENTATION_CONTEXT() REPRESENTATION_CONTEXT('2D SPACE',''
  ) );
#1827 = ORIENTED_EDGE('',*,*,#1483,.F.);
#1828 = ORIENTED_EDGE('',*,*,#398,.F.);
#1829 = ORIENTED_EDGE('',*,*,#1456,.F.);
#1830 = ORIENTED_EDGE('',*,*,#741,.F.);
#1831 = ORIENTED_EDGE('',*,*,#1832,.F.);
#1832 = EDGE_CURVE('',#294,#742,#1833,.T.);
#1833 = SURFACE_CURVE('',#1834,(#1839,#1846),.PCURVE_S1.);
#1834 = CIRCLE('',#1835,8.5);
#1835 = AXIS2_PLACEMENT_3D('',#1836,#1837,#1838);
#1836 = CARTESIAN_POINT('',(4.742872761199E-14,2.6645352591E-16,11.));
#1837 = DIRECTION('',(0.,0.,1.));
#1838 = DIRECTION('',(1.,0.,0.));
#1839 = PCURVE('',#369,#1840);
#1840 = DEFINITIONAL_REPRESENTATION('',(#1841),#1845);
#1841 = LINE('',#1842,#1843);
#1842 = CARTESIAN_POINT('',(-0.,0.));
#1843 = VECTOR('',#1844,1.);
#1844 = DIRECTION('',(-1.,0.));
#1845 = ( GEOMETRIC_REPRESENTATION_CONTEXT(2) 
PARAMETRIC_REPRESENTATION_CONTEXT() REPRESENTATION_CONTEXT('2D SPACE',''
  ) );
#1846 = PCURVE('',#308,#1847);
#1847 = DEFINITIONAL_REPRESENTATION('',(#1848),#1852);
#1848 = CIRCLE('',#1849,8.5);
#1849 = AXIS2_PLACEMENT_2D('',#1850,#1851);
#1850 = CARTESIAN_POINT('',(4.7975703665E-14,-4.192829804057E-16));
#1851 = DIRECTION('',(1.,0.));
#1852 = ( GEOMETRIC_REPRESENTATION_CONTEXT(2) 
PARAMETRIC_REPRESENTATION_CONTEXT() REPRESENTATION_CONTEXT('2D SPACE',''
  ) );
#1853 = ADVANCED_FACE('',(#1854),#308,.F.);
#1854 = FACE_BOUND('',#1855,.F.);
#1855 = EDGE_LOOP('',(#1856,#1857,#1858,#1859));
#1856 = ORIENTED_EDGE('',*,*,#293,.F.);
#1857 = ORIENTED_EDGE('',*,*,#1429,.T.);
#1858 = ORIENTED_EDGE('',*,*,#869,.F.);
#1859 = ORIENTED_EDGE('',*,*,#1832,.F.);
#1860 = ADVANCED_FACE('',(#1861),#916,.F.);
#1861 = FACE_BOUND('',#1862,.T.);
#1862 = EDGE_LOOP('',(#1863,#1864,#1885,#1886));
#1863 = ORIENTED_EDGE('',*,*,#895,.T.);
#1864 = ORIENTED_EDGE('',*,*,#1865,.T.);
#1865 = EDGE_CURVE('',#896,#936,#1866,.T.);
#1866 = SEAM_CURVE('',#1867,(#1871,#1878),.PCURVE_S1.);
#1867 = LINE('',#1868,#1869);
#1868 = CARTESIAN_POINT('',(-11.,5.1,0.));
#1869 = VECTOR('',#1870,1.);
#1870 = DIRECTION('',(1.,0.,0.));
#1871 = PCURVE('',#916,#1872);
#1872 = DEFINITIONAL_REPRESENTATION('',(#1873),#1877);
#1873 = LINE('',#1874,#1875);
#1874 = CARTESIAN_POINT('',(-6.28318530718,0.));
#1875 = VECTOR('',#1876,1.);
#1876 = DIRECTION('',(-0.,-1.));
#1877 = ( GEOMETRIC_REPRESENTATION_CONTEXT(2) 
PARAMETRIC_REPRESENTATION_CONTEXT() REPRESENTATION_CONTEXT('2D SPACE',''
  ) );
#1878 = PCURVE('',#916,#1879);
#1879 = DEFINITIONAL_REPRESENTATION('',(#1880),#1884);
#1880 = LINE('',#1881,#1882);
#1881 = CARTESIAN_POINT('',(-0.,0.));
#1882 = VECTOR('',#1883,1.);
#1883 = DIRECTION('',(-0.,-1.));
#1884 = ( GEOMETRIC_REPRESENTATION_CONTEXT(2) 
PARAMETRIC_REPRESENTATION_CONTEXT() REPRESENTATION_CONTEXT('2D SPACE',''
  ) );
#1885 = ORIENTED_EDGE('',*,*,#935,.F.);
#1886 = ORIENTED_EDGE('',*,*,#1865,.F.);
#1887 = ADVANCED_FACE('',(#1888,#2016,#2060),#1036,.T.);
#1888 = FACE_BOUND('',#1889,.F.);
#1889 = EDGE_LOOP('',(#1890,#1921,#1944,#1971,#1993,#1994));
#1890 = ORIENTED_EDGE('',*,*,#1891,.F.);
#1891 = EDGE_CURVE('',#1892,#1894,#1896,.T.);
#1892 = VERTEX_POINT('',#1893);
#1893 = CARTESIAN_POINT('',(-10.,13.,325.95554917387));
#1894 = VERTEX_POINT('',#1895);
#1895 = CARTESIAN_POINT('',(-10.,-2.388061258337E-15,312.95554917387));
#1896 = SURFACE_CURVE('',#1897,(#1902,#1909),.PCURVE_S1.);
#1897 = CIRCLE('',#1898,13.);
#1898 = AXIS2_PLACEMENT_3D('',#1899,#1900,#1901);
#1899 = CARTESIAN_POINT('',(-10.,0.,325.95554917387));
#1900 = DIRECTION('',(1.,0.,0.));
#1901 = DIRECTION('',(0.,1.,0.));
#1902 = PCURVE('',#1036,#1903);
#1903 = DEFINITIONAL_REPRESENTATION('',(#1904),#1908);
#1904 = LINE('',#1905,#1906);
#1905 = CARTESIAN_POINT('',(-0.,0.));
#1906 = VECTOR('',#1907,1.);
#1907 = DIRECTION('',(-1.,0.));
#1908 = ( GEOMETRIC_REPRESENTATION_CONTEXT(2) 
PARAMETRIC_REPRESENTATION_CONTEXT() REPRESENTATION_CONTEXT('2D SPACE',''
  ) );
#1909 = PCURVE('',#1910,#1915);
#1910 = PLANE('',#1911);
#1911 = AXIS2_PLACEMENT_3D('',#1912,#1913,#1914);
#1912 = CARTESIAN_POINT('',(-10.,-4.207508100121E-16,325.95554917387));
#1913 = DIRECTION('',(1.,0.,0.));
#1914 = DIRECTION('',(-0.,0.,1.));
#1915 = DEFINITIONAL_REPRESENTATION('',(#1916),#1920);
#1916 = CIRCLE('',#1917,13.);
#1917 = AXIS2_PLACEMENT_2D('',#1918,#1919);
#1918 = CARTESIAN_POINT('',(0.,-4.207508100121E-16));
#1919 = DIRECTION('',(0.,-1.));
#1920 = ( GEOMETRIC_REPRESENTATION_CONTEXT(2) 
PARAMETRIC_REPRESENTATION_CONTEXT() REPRESENTATION_CONTEXT('2D SPACE',''
  ) );
#1921 = ORIENTED_EDGE('',*,*,#1922,.T.);
#1922 = EDGE_CURVE('',#1892,#1923,#1925,.T.);
#1923 = VERTEX_POINT('',#1924);
#1924 = CARTESIAN_POINT('',(10.,13.,325.95554917387));
#1925 = SEAM_CURVE('',#1926,(#1930,#1937),.PCURVE_S1.);
#1926 = LINE('',#1927,#1928);
#1927 = CARTESIAN_POINT('',(-10.,13.,325.95554917387));
#1928 = VECTOR('',#1929,1.);
#1929 = DIRECTION('',(1.,0.,0.));
#1930 = PCURVE('',#1036,#1931);
#1931 = DEFINITIONAL_REPRESENTATION('',(#1932),#1936);
#1932 = LINE('',#1933,#1934);
#1933 = CARTESIAN_POINT('',(-6.28318530718,0.));
#1934 = VECTOR('',#1935,1.);
#1935 = DIRECTION('',(-0.,-1.));
#1936 = ( GEOMETRIC_REPRESENTATION_CONTEXT(2) 
PARAMETRIC_REPRESENTATION_CONTEXT() REPRESENTATION_CONTEXT('2D SPACE',''
  ) );
#1937 = PCURVE('',#1036,#1938);
#1938 = DEFINITIONAL_REPRESENTATION('',(#1939),#1943);
#1939 = LINE('',#1940,#1941);
#1940 = CARTESIAN_POINT('',(-0.,0.));
#1941 = VECTOR('',#1942,1.);
#1942 = DIRECTION('',(-0.,-1.));
#1943 = ( GEOMETRIC_REPRESENTATION_CONTEXT(2) 
PARAMETRIC_REPRESENTATION_CONTEXT() REPRESENTATION_CONTEXT('2D SPACE',''
  ) );
#1944 = ORIENTED_EDGE('',*,*,#1945,.T.);
#1945 = EDGE_CURVE('',#1923,#968,#1946,.T.);
#1946 = SURFACE_CURVE('',#1947,(#1952,#1959),.PCURVE_S1.);
#1947 = CIRCLE('',#1948,13.);
#1948 = AXIS2_PLACEMENT_3D('',#1949,#1950,#1951);
#1949 = CARTESIAN_POINT('',(10.,0.,325.95554917387));
#1950 = DIRECTION('',(1.,0.,0.));
#1951 = DIRECTION('',(0.,1.,0.));
#1952 = PCURVE('',#1036,#1953);
#1953 = DEFINITIONAL_REPRESENTATION('',(#1954),#1958);
#1954 = LINE('',#1955,#1956);
#1955 = CARTESIAN_POINT('',(-0.,-20.));
#1956 = VECTOR('',#1957,1.);
#1957 = DIRECTION('',(-1.,0.));
#1958 = ( GEOMETRIC_REPRESENTATION_CONTEXT(2) 
PARAMETRIC_REPRESENTATION_CONTEXT() REPRESENTATION_CONTEXT('2D SPACE',''
  ) );
#1959 = PCURVE('',#1960,#1965);
#1960 = PLANE('',#1961);
#1961 = AXIS2_PLACEMENT_3D('',#1962,#1963,#1964);
#1962 = CARTESIAN_POINT('',(10.,-4.207508100121E-16,325.95554917387));
#1963 = DIRECTION('',(1.,0.,0.));
#1964 = DIRECTION('',(-0.,0.,1.));
#1965 = DEFINITIONAL_REPRESENTATION('',(#1966),#1970);
#1966 = CIRCLE('',#1967,13.);
#1967 = AXIS2_PLACEMENT_2D('',#1968,#1969);
#1968 = CARTESIAN_POINT('',(0.,-4.207508100121E-16));
#1969 = DIRECTION('',(0.,-1.));
#1970 = ( GEOMETRIC_REPRESENTATION_CONTEXT(2) 
PARAMETRIC_REPRESENTATION_CONTEXT() REPRESENTATION_CONTEXT('2D SPACE',''
  ) );
#1971 = ORIENTED_EDGE('',*,*,#1972,.T.);
#1972 = EDGE_CURVE('',#968,#1923,#1973,.T.);
#1973 = SURFACE_CURVE('',#1974,(#1979,#1986),.PCURVE_S1.);
#1974 = CIRCLE('',#1975,13.);
#1975 = AXIS2_PLACEMENT_3D('',#1976,#1977,#1978);
#1976 = CARTESIAN_POINT('',(10.,0.,325.95554917387));
#1977 = DIRECTION('',(1.,0.,0.));
#1978 = DIRECTION('',(0.,1.,0.));
#1979 = PCURVE('',#1036,#1980);
#1980 = DEFINITIONAL_REPRESENTATION('',(#1981),#1985);
#1981 = LINE('',#1982,#1983);
#1982 = CARTESIAN_POINT('',(-0.,-20.));
#1983 = VECTOR('',#1984,1.);
#1984 = DIRECTION('',(-1.,0.));
#1985 = ( GEOMETRIC_REPRESENTATION_CONTEXT(2) 
PARAMETRIC_REPRESENTATION_CONTEXT() REPRESENTATION_CONTEXT('2D SPACE',''
  ) );
#1986 = PCURVE('',#1960,#1987);
#1987 = DEFINITIONAL_REPRESENTATION('',(#1988),#1992);
#1988 = CIRCLE('',#1989,13.);
#1989 = AXIS2_PLACEMENT_2D('',#1990,#1991);
#1990 = CARTESIAN_POINT('',(0.,-4.207508100121E-16));
#1991 = DIRECTION('',(0.,-1.));
#1992 = ( GEOMETRIC_REPRESENTATION_CONTEXT(2) 
PARAMETRIC_REPRESENTATION_CONTEXT() REPRESENTATION_CONTEXT('2D SPACE',''
  ) );
#1993 = ORIENTED_EDGE('',*,*,#1922,.F.);
#1994 = ORIENTED_EDGE('',*,*,#1995,.F.);
#1995 = EDGE_CURVE('',#1894,#1892,#1996,.T.);
#1996 = SURFACE_CURVE('',#1997,(#2002,#2009),.PCURVE_S1.);
#1997 = CIRCLE('',#1998,13.);
#1998 = AXIS2_PLACEMENT_3D('',#1999,#2000,#2001);
#1999 = CARTESIAN_POINT('',(-10.,0.,325.95554917387));
#2000 = DIRECTION('',(1.,0.,0.));
#2001 = DIRECTION('',(0.,1.,0.));
#2002 = PCURVE('',#1036,#2003);
#2003 = DEFINITIONAL_REPRESENTATION('',(#2004),#2008);
#2004 = LINE('',#2005,#2006);
#2005 = CARTESIAN_POINT('',(-0.,0.));
#2006 = VECTOR('',#2007,1.);
#2007 = DIRECTION('',(-1.,0.));
#2008 = ( GEOMETRIC_REPRESENTATION_CONTEXT(2) 
PARAMETRIC_REPRESENTATION_CONTEXT() REPRESENTATION_CONTEXT('2D SPACE',''
  ) );
#2009 = PCURVE('',#1910,#2010);
#2010 = DEFINITIONAL_REPRESENTATION('',(#2011),#2015);
#2011 = CIRCLE('',#2012,13.);
#2012 = AXIS2_PLACEMENT_2D('',#2013,#2014);
#2013 = CARTESIAN_POINT('',(0.,-4.207508100121E-16));
#2014 = DIRECTION('',(0.,-1.));
#2015 = ( GEOMETRIC_REPRESENTATION_CONTEXT(2) 
PARAMETRIC_REPRESENTATION_CONTEXT() REPRESENTATION_CONTEXT('2D SPACE',''
  ) );
#2016 = FACE_BOUND('',#2017,.F.);
#2017 = EDGE_LOOP('',(#2018,#2019,#2020,#2039,#2040,#2041));
#2018 = ORIENTED_EDGE('',*,*,#990,.F.);
#2019 = ORIENTED_EDGE('',*,*,#1340,.F.);
#2020 = ORIENTED_EDGE('',*,*,#2021,.T.);
#2021 = EDGE_CURVE('',#1312,#1733,#2022,.T.);
#2022 = SURFACE_CURVE('',#2023,(#2027,#2033),.PCURVE_S1.);
#2023 = LINE('',#2024,#2025);
#2024 = CARTESIAN_POINT('',(-10.,-6.928203230276,314.95554917387));
#2025 = VECTOR('',#2026,1.);
#2026 = DIRECTION('',(-1.,-0.,-0.));
#2027 = PCURVE('',#1036,#2028);
#2028 = DEFINITIONAL_REPRESENTATION('',(#2029),#2032);
#2029 = B_SPLINE_CURVE_WITH_KNOTS('',1,(#2030,#2031),.UNSPECIFIED.,.F.,
  .F.,(2,2),(-20.0000006,5.999999999062E-07),.PIECEWISE_BEZIER_KNOTS.);
#2030 = CARTESIAN_POINT('',(-4.150319177379,-20.0000006));
#2031 = CARTESIAN_POINT('',(-4.150319177379,5.999999999062E-07));
#2032 = ( GEOMETRIC_REPRESENTATION_CONTEXT(2) 
PARAMETRIC_REPRESENTATION_CONTEXT() REPRESENTATION_CONTEXT('2D SPACE',''
  ) );
#2033 = PCURVE('',#1328,#2034);
#2034 = DEFINITIONAL_REPRESENTATION('',(#2035),#2038);
#2035 = B_SPLINE_CURVE_WITH_KNOTS('',1,(#2036,#2037),.UNSPECIFIED.,.F.,
  .F.,(2,2),(-20.0000006,5.999999999062E-07),.PIECEWISE_BEZIER_KNOTS.);
#2036 = CARTESIAN_POINT('',(10.0000006,-6.928203230276));
#2037 = CARTESIAN_POINT('',(-10.0000006,-6.928203230276));
#2038 = ( GEOMETRIC_REPRESENTATION_CONTEXT(2) 
PARAMETRIC_REPRESENTATION_CONTEXT() REPRESENTATION_CONTEXT('2D SPACE',''
  ) );
#2039 = ORIENTED_EDGE('',*,*,#1756,.T.);
#2040 = ORIENTED_EDGE('',*,*,#1506,.T.);
#2041 = ORIENTED_EDGE('',*,*,#2042,.F.);
#2042 = EDGE_CURVE('',#993,#1507,#2043,.T.);
#2043 = SURFACE_CURVE('',#2044,(#2048,#2054),.PCURVE_S1.);
#2044 = LINE('',#2045,#2046);
#2045 = CARTESIAN_POINT('',(-10.,6.928203230276,314.95554917387));
#2046 = VECTOR('',#2047,1.);
#2047 = DIRECTION('',(-1.,-0.,-0.));
#2048 = PCURVE('',#1036,#2049);
#2049 = DEFINITIONAL_REPRESENTATION('',(#2050),#2053);
#2050 = B_SPLINE_CURVE_WITH_KNOTS('',1,(#2051,#2052),.UNSPECIFIED.,.F.,
  .F.,(2,2),(-20.0000006,5.999999999062E-07),.PIECEWISE_BEZIER_KNOTS.);
#2051 = CARTESIAN_POINT('',(-5.27445878339,-20.0000006));
#2052 = CARTESIAN_POINT('',(-5.27445878339,5.999999999062E-07));
#2053 = ( GEOMETRIC_REPRESENTATION_CONTEXT(2) 
PARAMETRIC_REPRESENTATION_CONTEXT() REPRESENTATION_CONTEXT('2D SPACE',''
  ) );
#2054 = PCURVE('',#1079,#2055);
#2055 = DEFINITIONAL_REPRESENTATION('',(#2056),#2059);
#2056 = B_SPLINE_CURVE_WITH_KNOTS('',1,(#2057,#2058),.UNSPECIFIED.,.F.,
  .F.,(2,2),(-20.0000006,5.999999999062E-07),.PIECEWISE_BEZIER_KNOTS.);
#2057 = CARTESIAN_POINT('',(10.0000006,6.928203230276));
#2058 = CARTESIAN_POINT('',(-10.0000006,6.928203230276));
#2059 = ( GEOMETRIC_REPRESENTATION_CONTEXT(2) 
PARAMETRIC_REPRESENTATION_CONTEXT() REPRESENTATION_CONTEXT('2D SPACE',''
  ) );
#2060 = FACE_BOUND('',#2061,.F.);
#2061 = EDGE_LOOP('',(#2062,#2063,#2064,#2083,#2084));
#2062 = ORIENTED_EDGE('',*,*,#1201,.F.);
#2063 = ORIENTED_EDGE('',*,*,#1091,.F.);
#2064 = ORIENTED_EDGE('',*,*,#2065,.F.);
#2065 = EDGE_CURVE('',#1581,#1063,#2066,.T.);
#2066 = SURFACE_CURVE('',#2067,(#2071,#2077),.PCURVE_S1.);
#2067 = LINE('',#2068,#2069);
#2068 = CARTESIAN_POINT('',(-10.,6.928203230276,314.95554917387));
#2069 = VECTOR('',#2070,1.);
#2070 = DIRECTION('',(-1.,-0.,-0.));
#2071 = PCURVE('',#1036,#2072);
#2072 = DEFINITIONAL_REPRESENTATION('',(#2073),#2076);
#2073 = B_SPLINE_CURVE_WITH_KNOTS('',1,(#2074,#2075),.UNSPECIFIED.,.F.,
  .F.,(2,2),(-20.0000006,5.999999999062E-07),.PIECEWISE_BEZIER_KNOTS.);
#2074 = CARTESIAN_POINT('',(-5.27445878339,-20.0000006));
#2075 = CARTESIAN_POINT('',(-5.27445878339,5.999999999062E-07));
#2076 = ( GEOMETRIC_REPRESENTATION_CONTEXT(2) 
PARAMETRIC_REPRESENTATION_CONTEXT() REPRESENTATION_CONTEXT('2D SPACE',''
  ) );
#2077 = PCURVE('',#1079,#2078);
#2078 = DEFINITIONAL_REPRESENTATION('',(#2079),#2082);
#2079 = B_SPLINE_CURVE_WITH_KNOTS('',1,(#2080,#2081),.UNSPECIFIED.,.F.,
  .F.,(2,2),(-20.0000006,5.999999999062E-07),.PIECEWISE_BEZIER_KNOTS.);
#2080 = CARTESIAN_POINT('',(10.0000006,6.928203230276));
#2081 = CARTESIAN_POINT('',(-10.0000006,6.928203230276));
#2082 = ( GEOMETRIC_REPRESENTATION_CONTEXT(2) 
PARAMETRIC_REPRESENTATION_CONTEXT() REPRESENTATION_CONTEXT('2D SPACE',''
  ) );
#2083 = ORIENTED_EDGE('',*,*,#1604,.T.);
#2084 = ORIENTED_EDGE('',*,*,#2085,.T.);
#2085 = EDGE_CURVE('',#1605,#1202,#2086,.T.);
#2086 = SURFACE_CURVE('',#2087,(#2091,#2097),.PCURVE_S1.);
#2087 = LINE('',#2088,#2089);
#2088 = CARTESIAN_POINT('',(-10.,-6.928203230276,314.95554917387));
#2089 = VECTOR('',#2090,1.);
#2090 = DIRECTION('',(-1.,-0.,-0.));
#2091 = PCURVE('',#1036,#2092);
#2092 = DEFINITIONAL_REPRESENTATION('',(#2093),#2096);
#2093 = B_SPLINE_CURVE_WITH_KNOTS('',1,(#2094,#2095),.UNSPECIFIED.,.F.,
  .F.,(2,2),(-20.0000006,5.999999999062E-07),.PIECEWISE_BEZIER_KNOTS.);
#2094 = CARTESIAN_POINT('',(-4.150319177379,-20.0000006));
#2095 = CARTESIAN_POINT('',(-4.150319177379,5.999999999062E-07));
#2096 = ( GEOMETRIC_REPRESENTATION_CONTEXT(2) 
PARAMETRIC_REPRESENTATION_CONTEXT() REPRESENTATION_CONTEXT('2D SPACE',''
  ) );
#2097 = PCURVE('',#1328,#2098);
#2098 = DEFINITIONAL_REPRESENTATION('',(#2099),#2102);
#2099 = B_SPLINE_CURVE_WITH_KNOTS('',1,(#2100,#2101),.UNSPECIFIED.,.F.,
  .F.,(2,2),(-20.0000006,5.999999999062E-07),.PIECEWISE_BEZIER_KNOTS.);
#2100 = CARTESIAN_POINT('',(10.0000006,-6.928203230276));
#2101 = CARTESIAN_POINT('',(-10.0000006,-6.928203230276));
#2102 = ( GEOMETRIC_REPRESENTATION_CONTEXT(2) 
PARAMETRIC_REPRESENTATION_CONTEXT() REPRESENTATION_CONTEXT('2D SPACE',''
  ) );
#2103 = ADVANCED_FACE('',(#2104),#1328,.T.);
#2104 = FACE_BOUND('',#2105,.T.);
#2105 = EDGE_LOOP('',(#2106,#2107,#2108,#2109));
#2106 = ORIENTED_EDGE('',*,*,#1311,.T.);
#2107 = ORIENTED_EDGE('',*,*,#2021,.T.);
#2108 = ORIENTED_EDGE('',*,*,#1732,.F.);
#2109 = ORIENTED_EDGE('',*,*,#2085,.T.);
#2110 = ADVANCED_FACE('',(#2111),#1079,.T.);
#2111 = FACE_BOUND('',#2112,.T.);
#2112 = EDGE_LOOP('',(#2113,#2114,#2115,#2116));
#2113 = ORIENTED_EDGE('',*,*,#2042,.F.);
#2114 = ORIENTED_EDGE('',*,*,#1062,.T.);
#2115 = ORIENTED_EDGE('',*,*,#2065,.F.);
#2116 = ORIENTED_EDGE('',*,*,#1580,.F.);
#2117 = ADVANCED_FACE('',(#2118,#2122),#1910,.F.);
#2118 = FACE_BOUND('',#2119,.F.);
#2119 = EDGE_LOOP('',(#2120,#2121));
#2120 = ORIENTED_EDGE('',*,*,#1891,.T.);
#2121 = ORIENTED_EDGE('',*,*,#1995,.T.);
#2122 = FACE_BOUND('',#2123,.F.);
#2123 = EDGE_LOOP('',(#2124));
#2124 = ORIENTED_EDGE('',*,*,#2125,.T.);
#2125 = EDGE_CURVE('',#2126,#2126,#2128,.T.);
#2126 = VERTEX_POINT('',#2127);
#2127 = CARTESIAN_POINT('',(-10.,5.1,325.95554917387));
#2128 = SURFACE_CURVE('',#2129,(#2134,#2145),.PCURVE_S1.);
#2129 = CIRCLE('',#2130,5.1);
#2130 = AXIS2_PLACEMENT_3D('',#2131,#2132,#2133);
#2131 = CARTESIAN_POINT('',(-10.,0.,325.95554917387));
#2132 = DIRECTION('',(-1.,0.,0.));
#2133 = DIRECTION('',(0.,1.,0.));
#2134 = PCURVE('',#1910,#2135);
#2135 = DEFINITIONAL_REPRESENTATION('',(#2136),#2144);
#2136 = ( BOUNDED_CURVE() B_SPLINE_CURVE(2,(#2137,#2138,#2139,#2140,
#2141,#2142,#2143),.UNSPECIFIED.,.T.,.F.) B_SPLINE_CURVE_WITH_KNOTS((1,2
    ,2,2,2,1),(-2.094395102393,0.,2.094395102393,4.188790204786,
6.28318530718,8.377580409573),.UNSPECIFIED.) CURVE() 
GEOMETRIC_REPRESENTATION_ITEM() RATIONAL_B_SPLINE_CURVE((1.,0.5,1.,0.5,
1.,0.5,1.)) REPRESENTATION_ITEM('') );
#2137 = CARTESIAN_POINT('',(0.,-5.1));
#2138 = CARTESIAN_POINT('',(-8.833459118601,-5.1));
#2139 = CARTESIAN_POINT('',(-4.416729559301,2.55));
#2140 = CARTESIAN_POINT('',(-1.24913973513E-15,10.2));
#2141 = CARTESIAN_POINT('',(4.416729559301,2.55));
#2142 = CARTESIAN_POINT('',(8.833459118601,-5.1));
#2143 = CARTESIAN_POINT('',(0.,-5.1));
#2144 = ( GEOMETRIC_REPRESENTATION_CONTEXT(2) 
PARAMETRIC_REPRESENTATION_CONTEXT() REPRESENTATION_CONTEXT('2D SPACE',''
  ) );
#2145 = PCURVE('',#2146,#2151);
#2146 = CYLINDRICAL_SURFACE('',#2147,5.1);
#2147 = AXIS2_PLACEMENT_3D('',#2148,#2149,#2150);
#2148 = CARTESIAN_POINT('',(-11.,0.,325.95554917387));
#2149 = DIRECTION('',(-1.,-0.,-0.));
#2150 = DIRECTION('',(0.,1.,0.));
#2151 = DEFINITIONAL_REPRESENTATION('',(#2152),#2156);
#2152 = LINE('',#2153,#2154);
#2153 = CARTESIAN_POINT('',(-6.28318530718,-1.));
#2154 = VECTOR('',#2155,1.);
#2155 = DIRECTION('',(1.,-0.));
#2156 = ( GEOMETRIC_REPRESENTATION_CONTEXT(2) 
PARAMETRIC_REPRESENTATION_CONTEXT() REPRESENTATION_CONTEXT('2D SPACE',''
  ) );
#2157 = ADVANCED_FACE('',(#2158,#2162),#1960,.T.);
#2158 = FACE_BOUND('',#2159,.T.);
#2159 = EDGE_LOOP('',(#2160,#2161));
#2160 = ORIENTED_EDGE('',*,*,#1945,.T.);
#2161 = ORIENTED_EDGE('',*,*,#1972,.T.);
#2162 = FACE_BOUND('',#2163,.T.);
#2163 = EDGE_LOOP('',(#2164));
#2164 = ORIENTED_EDGE('',*,*,#2165,.T.);
#2165 = EDGE_CURVE('',#2166,#2166,#2168,.T.);
#2166 = VERTEX_POINT('',#2167);
#2167 = CARTESIAN_POINT('',(10.,5.1,325.95554917387));
#2168 = SURFACE_CURVE('',#2169,(#2174,#2185),.PCURVE_S1.);
#2169 = CIRCLE('',#2170,5.1);
#2170 = AXIS2_PLACEMENT_3D('',#2171,#2172,#2173);
#2171 = CARTESIAN_POINT('',(10.,0.,325.95554917387));
#2172 = DIRECTION('',(-1.,0.,0.));
#2173 = DIRECTION('',(0.,1.,0.));
#2174 = PCURVE('',#1960,#2175);
#2175 = DEFINITIONAL_REPRESENTATION('',(#2176),#2184);
#2176 = ( BOUNDED_CURVE() B_SPLINE_CURVE(2,(#2177,#2178,#2179,#2180,
#2181,#2182,#2183),.UNSPECIFIED.,.T.,.F.) B_SPLINE_CURVE_WITH_KNOTS((1,2
    ,2,2,2,1),(-2.094395102393,0.,2.094395102393,4.188790204786,
6.28318530718,8.377580409573),.UNSPECIFIED.) CURVE() 
GEOMETRIC_REPRESENTATION_ITEM() RATIONAL_B_SPLINE_CURVE((1.,0.5,1.,0.5,
1.,0.5,1.)) REPRESENTATION_ITEM('') );
#2177 = CARTESIAN_POINT('',(0.,-5.1));
#2178 = CARTESIAN_POINT('',(-8.833459118601,-5.1));
#2179 = CARTESIAN_POINT('',(-4.416729559301,2.55));
#2180 = CARTESIAN_POINT('',(-1.24913973513E-15,10.2));
#2181 = CARTESIAN_POINT('',(4.416729559301,2.55));
#2182 = CARTESIAN_POINT('',(8.833459118601,-5.1));
#2183 = CARTESIAN_POINT('',(0.,-5.1));
#2184 = ( GEOMETRIC_REPRESENTATION_CONTEXT(2) 
PARAMETRIC_REPRESENTATION_CONTEXT() REPRESENTATION_CONTEXT('2D SPACE',''
  ) );
#2185 = PCURVE('',#2146,#2186);
#2186 = DEFINITIONAL_REPRESENTATION('',(#2187),#2191);
#2187 = LINE('',#2188,#2189);
#2188 = CARTESIAN_POINT('',(-6.28318530718,-21.));
#2189 = VECTOR('',#2190,1.);
#2190 = DIRECTION('',(1.,-0.));
#2191 = ( GEOMETRIC_REPRESENTATION_CONTEXT(2) 
PARAMETRIC_REPRESENTATION_CONTEXT() REPRESENTATION_CONTEXT('2D SPACE',''
  ) );
#2192 = ADVANCED_FACE('',(#2193),#2146,.F.);
#2193 = FACE_BOUND('',#2194,.T.);
#2194 = EDGE_LOOP('',(#2195,#2196,#2217,#2218));
#2195 = ORIENTED_EDGE('',*,*,#2125,.T.);
#2196 = ORIENTED_EDGE('',*,*,#2197,.T.);
#2197 = EDGE_CURVE('',#2126,#2166,#2198,.T.);
#2198 = SEAM_CURVE('',#2199,(#2203,#2210),.PCURVE_S1.);
#2199 = LINE('',#2200,#2201);
#2200 = CARTESIAN_POINT('',(-11.,5.1,325.95554917387));
#2201 = VECTOR('',#2202,1.);
#2202 = DIRECTION('',(1.,0.,0.));
#2203 = PCURVE('',#2146,#2204);
#2204 = DEFINITIONAL_REPRESENTATION('',(#2205),#2209);
#2205 = LINE('',#2206,#2207);
#2206 = CARTESIAN_POINT('',(-6.28318530718,0.));
#2207 = VECTOR('',#2208,1.);
#2208 = DIRECTION('',(-0.,-1.));
#2209 = ( GEOMETRIC_REPRESENTATION_CONTEXT(2) 
PARAMETRIC_REPRESENTATION_CONTEXT() REPRESENTATION_CONTEXT('2D SPACE',''
  ) );
#2210 = PCURVE('',#2146,#2211);
#2211 = DEFINITIONAL_REPRESENTATION('',(#2212),#2216);
#2212 = LINE('',#2213,#2214);
#2213 = CARTESIAN_POINT('',(-0.,0.));
#2214 = VECTOR('',#2215,1.);
#2215 = DIRECTION('',(-0.,-1.));
#2216 = ( GEOMETRIC_REPRESENTATION_CONTEXT(2) 
PARAMETRIC_REPRESENTATION_CONTEXT() REPRESENTATION_CONTEXT('2D SPACE',''
  ) );
#2217 = ORIENTED_EDGE('',*,*,#2165,.F.);
#2218 = ORIENTED_EDGE('',*,*,#2197,.F.);
#2219 = ( GEOMETRIC_REPRESENTATION_CONTEXT(3) 
GLOBAL_UNCERTAINTY_ASSIGNED_CONTEXT((#2223)) 
GLOBAL_UNIT_ASSIGNED_CONTEXT((#2220,#2221,#2222)) REPRESENTATION_CONTEXT
('Context #1','3D Context with UNIT and UNCERTAINTY') );
#2220 = ( LENGTH_UNIT() NAMED_UNIT(*) SI_UNIT(.MILLI.,.METRE.) );
#2221 = ( NAMED_UNIT(*) PLANE_ANGLE_UNIT() SI_UNIT($,.RADIAN.) );
#2222 = ( NAMED_UNIT(*) SI_UNIT($,.STERADIAN.) SOLID_ANGLE_UNIT() );
#2223 = UNCERTAINTY_MEASURE_WITH_UNIT(LENGTH_MEASURE(1.E-07),#2220,
  'distance_accuracy_value','confusion accuracy');
#2224 = PRODUCT_RELATED_PRODUCT_CATEGORY('part',$,(#7));
ENDSEC;
END-ISO-10303-21;
