ISO-10303-21;
HEADER;
FILE_DESCRIPTION(('Open CASCADE Model'),'2;1');
FILE_NAME('Open CASCADE Shape Model','2026-09-30T14:08:48',('Author'),(
    'Open CASCADE'),'Open CASCADE STEP processor 7.9','Open CASCADE 7.9'
  ,'Unknown');
FILE_SCHEMA(('AUTOMOTIVE_DESIGN { 1 0 10303 214 1 1 1 1 }'));
ENDSEC;
DATA;
#1 = APPLICATION_PROTOCOL_DEFINITION('international standard',
  'automotive_design',2000,#2);
#2 = APPLICATION_CONTEXT(
  'core data for automotive mechanical design processes');
#3 = SHAPE_DEFINITION_REPRESENTATION(#4,#10);
#4 = PRODUCT_DEFINITION_SHAPE('','',#5);
#5 = PRODUCT_DEFINITION('design','',#6,#9);
#6 = PRODUCT_DEFINITION_FORMATION('','',#7);
#7 = PRODUCT('Open CASCADE STEP translator 7.9 33',
  'Open CASCADE STEP translator 7.9 33','',(#8));
#8 = PRODUCT_CONTEXT('',#2,'mechanical');
#9 = PRODUCT_DEFINITION_CONTEXT('part definition',#2,'design');
#10 = ADVANCED_BREP_SHAPE_REPRESENTATION('',(#11,#15),#1223);
#11 = AXIS2_PLACEMENT_3D('',#12,#13,#14);
#12 = CARTESIAN_POINT('',(0.,0.,0.));
#13 = DIRECTION('',(0.,0.,1.));
#14 = DIRECTION('',(1.,0.,-0.));
#15 = MANIFOLD_SOLID_BREP('',#16);
#16 = CLOSED_SHELL('',(#17,#1215,#1219));
#17 = ADVANCED_FACE('',(#18),#167,.T.);
#18 = FACE_BOUND('',#19,.T.);
#19 = EDGE_LOOP('',(#20,#1146,#1180,#1181));
#20 = ORIENTED_EDGE('',*,*,#21,.T.);
#21 = EDGE_CURVE('',#22,#24,#26,.T.);
#22 = VERTEX_POINT('',#23);
#23 = CARTESIAN_POINT('',(78.808311744384,45.5,490.));
#24 = VERTEX_POINT('',#25);
#25 = CARTESIAN_POINT('',(619.20816370587,357.5,79.));
#26 = SEAM_CURVE('',#27,(#166,#1139),.PCURVE_S1.);
#27 = ( BOUNDED_CURVE() B_SPLINE_CURVE(10,(#28,#29,#30,#31,#32,#33,#34,
    #35,#36,#37,#38,#39,#40,#41,#42,#43,#44,#45,#46,#47,#48,#49,#50,#51,
    #52,#53,#54,#55,#56,#57,#58,#59,#60,#61,#62,#63,#64,#65,#66,#67,#68,
    #69,#70,#71,#72,#73,#74,#75,#76,#77,#78,#79,#80,#81,#82,#83,#84,#85,
    #86,#87,#88,#89,#90,#91,#92,#93,#94,#95,#96,#97,#98,#99,#100,#101,
    #102,#103,#104,#105,#106,#107,#108,#109,#110,#111,#112,#113,#114,
    #115,#116,#117,#118,#119,#120,#121,#122,#123,#124,#125,#126,#127,
    #128,#129,#130,#131,#132,#133,#134,#135,#136,#137,#138,#139,#140,
    #141,#142,#143,#144,#145,#146,#147,#148,#149,#150,#151,#152,#153,
    #154,#155,#156,#157,#158,#159,#160,#161,#162,#163,#164,#165),
.UNSPECIFIED.,.F.,.F.) B_SPLINE_CURVE_WITH_KNOTS((11,9,9,8,9,8,9,8,9,8,9
    ,8,9,8,8,8,11),(0.,70.710678118655,203.99233477102,313.00966311887,
    382.03727291867,408.96929831681,555.3145074303,661.6199077556,
    677.89101415162,686.61910634496,772.89101415162,813.20230289311,
    853.5135916346,861.81222696604,873.20048015102,884.588733336,
907.36523970595),.UNSPECIFIED.) CURVE() GEOMETRIC_REPRESENTATION_ITEM() 
RATIONAL_B_SPLINE_CURVE((1.669078461068,1.669078461068,1.669078461068,
    1.669078461069,1.669078461068,1.669078461069,1.669078461068,
    1.669078461068,1.669078461068,1.669078461068,1.669078461068,
    1.669078461068,1.669078461069,1.669078461068,1.669078461069,
    1.669078461068,1.669078461068,1.669078461068,1.669078461068,
    1.669078461068,1.669078461068,1.669078461068,1.669078461068,
    1.669078461069,1.669078461068,1.669078461068,1.669078461068,
    1.669078461068,1.669078461068,1.669078461068,1.669078461068,
    1.669078461069,1.669078461068,1.669078461068,1.669078461068,
    1.669078461068,1.669078461068,1.669078461068,1.669078461069,
    1.669078461068,1.669078461069,1.669078461068,1.669078461069,
    1.669078461068,1.669078461068,1.669078461068,1.669078461068,
    1.669078461069,1.669078461067,1.669078461069,1.669078461068,
    1.669078461068,1.669078461068,1.669078461068,1.669078461068,
    1.669078461068,1.669078461068,1.669078461069,1.669078461068,
    1.669078461068,1.669078461068,1.669078461068,1.669078461068,
    1.669078461068,1.669078461068,1.669078461068,1.669078461068,
    1.669078461068,1.669078461068,1.669078461068,1.669078461068,
    1.669078461068,1.669078461068,1.669078461068,1.669078461068,
    1.669078461068,1.669078461068,1.669078461068,1.669078461068,
    1.669078461068,1.669078461068,1.669078461068,1.669078461068,
    1.669078461068,1.669078461068,1.669078461068,1.669078461068,
    1.669078461068,1.669078461068,1.669078461068,1.669078461069,
    1.669078461068,1.669078461069,1.669078461068,1.669078461068,
    1.669078461068,1.669078461068,1.669078461068,1.669078461068,
    1.669078461068,1.669078461068,1.669078461068,1.669078461068,
    1.669078461068,1.669078461068,1.669078461068,1.669078461068,
    1.669078461069,1.669078461068,1.669078461069,1.669078461068,
    1.669078461068,1.669078461068,1.669078461068,1.669078461068,
    1.669078461068,1.669078461068,1.669078461068,1.669078461068,
    1.669078461068,1.669078461068,1.669078461068,1.669078461068,
    1.669078461068,1.669078461068,1.669078461068,1.669078461068,
    1.669078461068,1.669078461068,1.669078461068,1.669078461068,
    1.669078461069,1.669078461068,1.669078461069,1.669078461068,
1.669078461068,1.669078461068,1.669078461068)) REPRESENTATION_ITEM('') 
  );
#28 = CARTESIAN_POINT('',(78.808311744384,45.5,490.));
#29 = CARTESIAN_POINT('',(78.808311744386,45.499999999999,
    482.65975540373));
#30 = CARTESIAN_POINT('',(79.013822431004,45.61865165025,475.51798263043
    ));
#31 = CARTESIAN_POINT('',(79.416735280309,45.851273492229,
    468.54948695025));
#32 = CARTESIAN_POINT('',(80.009267740241,46.193372267522,
    461.72856594327));
#33 = CARTESIAN_POINT('',(80.784166023847,46.640760000094,
    455.02918540001));
#34 = CARTESIAN_POINT('',(81.734733429784,47.189570347857,
    448.42528865754));
#35 = CARTESIAN_POINT('',(82.854731302789,47.83620142128,441.89114355447
    ));
#36 = CARTESIAN_POINT('',(84.138199740769,48.577212269471,
    435.40163118951));
#37 = CARTESIAN_POINT('',(85.579245162078,49.409200231369,
    428.93238066678));
#38 = CARTESIAN_POINT('',(90.173707035805,52.061814030951,
    410.25929397487));
#39 = CARTESIAN_POINT('',(93.706201340693,54.101300568778,
    398.07829408661));
#40 = CARTESIAN_POINT('',(97.731532319365,56.425326492917,
    385.94733922027));
#41 = CARTESIAN_POINT('',(102.21089260644,59.011486360418,
    373.89743481758));
#42 = CARTESIAN_POINT('',(107.10470125145,61.836928099026,
    361.95960761751));
#43 = CARTESIAN_POINT('',(112.37280317834,64.878468164594,
    350.16469803586));
#44 = CARTESIAN_POINT('',(117.97462675292,68.112682513353,
    338.54324419542));
#45 = CARTESIAN_POINT('',(123.86929946631,71.515973391205,
    327.12545760749));
#46 = CARTESIAN_POINT('',(130.01572172642,75.064611937637,
    315.94129050414));
#47 = CARTESIAN_POINT('',(141.57218712931,81.736740348873,
    296.08804478514));
#48 = CARTESIAN_POINT('',(146.91771484492,84.822982214436,
    287.32294146739));
#49 = CARTESIAN_POINT('',(152.39558181879,87.985630186398,
    278.69858280121));
#50 = CARTESIAN_POINT('',(157.99198724145,91.216716363641,
    270.18853919596));
#51 = CARTESIAN_POINT('',(163.69290074011,94.508140306752,
    261.76655323975));
#52 = CARTESIAN_POINT('',(169.48404509838,97.851659060883,253.406458301)
  );
#53 = CARTESIAN_POINT('',(175.35089054175,101.23888385693,
    245.08211602823));
#54 = CARTESIAN_POINT('',(181.27866058874,104.66128348924,
    236.76737274927));
#55 = CARTESIAN_POINT('',(191.03477076931,110.29397632824,223.1607968235
    ));
#56 = CARTESIAN_POINT('',(200.87280038154,115.97396537316,
    209.43997014143));
#57 = CARTESIAN_POINT('',(204.69543378128,118.1809637955,204.09660605667
    ));
#58 = CARTESIAN_POINT('',(208.52262347125,120.39059279326,
    198.72274259001));
#59 = CARTESIAN_POINT('',(212.35044009542,122.60058375161,
    193.31170532053));
#60 = CARTESIAN_POINT('',(216.17492194308,124.8086493759,187.8568165608)
  );
#61 = CARTESIAN_POINT('',(219.9920761175,127.01248436601,182.35139851519
    ));
#62 = CARTESIAN_POINT('',(223.79787970292,129.20976609055,
    176.78877643825));
#63 = CARTESIAN_POINT('',(227.58828093316,131.39815526116,
    171.16228179312));
#64 = CARTESIAN_POINT('',(232.83047392683,134.4247367972,163.24248600362
    ));
#65 = CARTESIAN_POINT('',(234.29660630354,135.27120871956,
    161.01226649111));
#66 = CARTESIAN_POINT('',(235.75815893519,136.11503652488,158.775684713)
  );
#67 = CARTESIAN_POINT('',(237.21568745075,136.95654100569,
    156.53382834469));
#68 = CARTESIAN_POINT('',(238.66974175347,137.79603964878,154.2877850707
    ));
#69 = CARTESIAN_POINT('',(240.12086611233,138.633846688,152.03864275921)
  );
#70 = CARTESIAN_POINT('',(241.56959925346,139.47027315701,
    149.78748963649));
#71 = CARTESIAN_POINT('',(243.01647445159,140.30562694214,
    147.53541446137));
#72 = CARTESIAN_POINT('',(252.31692867613,145.67524669226,
    133.04692562534));
#73 = CARTESIAN_POINT('',(261.58396154032,151.02557061099,
    118.61050145138));
#74 = CARTESIAN_POINT('',(269.47049941109,155.57886537365,
    106.62989388254));
#75 = CARTESIAN_POINT('',(277.49702957007,160.2129847216,95.037067628941
    ));
#76 = CARTESIAN_POINT('',(285.73594285913,164.96972352687,
    84.007616411985));
#77 = CARTESIAN_POINT('',(294.26003033599,169.89110772623,
    73.716252561916));
#78 = CARTESIAN_POINT('',(303.13273353592,175.01376530715,
    64.334968563363));
#79 = CARTESIAN_POINT('',(312.40828448976,180.36900714723,
    56.020219180528));
#80 = CARTESIAN_POINT('',(322.16200757289,186.00032179488,
    48.897246730485));
#81 = CARTESIAN_POINT('',(340.00610493502,196.30261621035,38.87829244314
    ));
#82 = CARTESIAN_POINT('',(347.92221667126,200.8729854522,35.302429260279
    ));
#83 = CARTESIAN_POINT('',(356.20649430198,205.65591537234,
    32.293586923154));
#84 = CARTESIAN_POINT('',(364.80781009189,210.62188735903,
    29.783659329506));
#85 = CARTESIAN_POINT('',(373.66799348615,215.73731662677,
    27.699491381275));
#86 = CARTESIAN_POINT('',(382.72683719306,220.96744247951,
    25.962275587647));
#87 = CARTESIAN_POINT('',(391.92521972412,226.27813110992,
    24.489675786158));
#88 = CARTESIAN_POINT('',(401.20567396295,231.63620386291,
    23.197139867499));
#89 = CARTESIAN_POINT('',(411.93610343208,237.83142020543,
    21.814037594578));
#90 = CARTESIAN_POINT('',(422.62864382962,244.00476128228,
    20.435819046133));
#91 = CARTESIAN_POINT('',(424.04713603693,244.82372814,20.2526364691));
#92 = CARTESIAN_POINT('',(425.46457327671,245.64208591197,
    20.068897592893));
#93 = CARTESIAN_POINT('',(426.88076355772,246.45972375191,
    19.884279208354));
#94 = CARTESIAN_POINT('',(428.29551602469,247.27653146957,
    19.698456676947));
#95 = CARTESIAN_POINT('',(429.70864097167,248.09239953809,
    19.511103874547));
#96 = CARTESIAN_POINT('',(431.11994985398,248.90721910122,19.32189313592
    ));
#97 = CARTESIAN_POINT('',(432.52925530154,249.72088198073,19.13049519855
    ));
#98 = CARTESIAN_POINT('',(434.691171474,250.96906486487,18.832559350434)
  );
#99 = CARTESIAN_POINT('',(435.44424969974,251.40385478122,
    18.727965483976));
#100 = CARTESIAN_POINT('',(436.19564284933,251.83767181839,
    18.622895965625));
#101 = CARTESIAN_POINT('',(436.94538813523,252.27053746105,
    18.517448853044));
#102 = CARTESIAN_POINT('',(437.69352294103,252.70247329254,
    18.411721835634));
#103 = CARTESIAN_POINT('',(438.44008482126,253.13350099508,
    18.305812226872));
#104 = CARTESIAN_POINT('',(439.18511150106,253.56364234921,
    18.199816956356));
#105 = CARTESIAN_POINT('',(439.92864087601,253.99291923399,
    18.093832562166));
#106 = CARTESIAN_POINT('',(448.00562509427,258.65616824664,
    16.941421382204));
#107 = CARTESIAN_POINT('',(455.91426295404,263.22222244391,
    15.81302959122));
#108 = CARTESIAN_POINT('',(462.99424906911,267.30985433328,
    14.900577757272));
#109 = CARTESIAN_POINT('',(470.01138531078,271.36119983139,
    14.188885071103));
#110 = CARTESIAN_POINT('',(477.00524353537,275.39910575998,
    13.762473485564));
#111 = CARTESIAN_POINT('',(484.0195683472,279.44882807833,
    13.700885924308));
#112 = CARTESIAN_POINT('',(491.10558372577,283.53994096458,
    14.081270200585));
#113 = CARTESIAN_POINT('',(498.32148651786,287.70604438407,
    14.984650850451));
#114 = CARTESIAN_POINT('',(505.72781789876,291.98209180053,
    16.501465080964));
#115 = CARTESIAN_POINT('',(516.95762442012,298.46562361858,
    19.767520095861));
#116 = CARTESIAN_POINT('',(520.60417558257,300.57096091384,
    20.967202437202));
#117 = CARTESIAN_POINT('',(524.28983463196,302.69887715813,
    22.314997334562));
#118 = CARTESIAN_POINT('',(527.98466561078,304.83208881839,
    23.798697322622));
#119 = CARTESIAN_POINT('',(531.65944780707,306.9537253086,
    25.405573607341));
#120 = CARTESIAN_POINT('',(535.28529265142,309.04710780555,
    27.122510803878));
#121 = CARTESIAN_POINT('',(538.83338529912,311.0956000508,
    28.935995202523));
#122 = CARTESIAN_POINT('',(542.27477565482,313.08248769905,
    30.831889372433));
#123 = CARTESIAN_POINT('',(548.88551155867,316.89919785268,
    34.757962439753));
#124 = CARTESIAN_POINT('',(554.83205414579,320.3324358161,
    38.883598200625));
#125 = CARTESIAN_POINT('',(557.60937819066,321.93592460104,
    40.978940418936));
#126 = CARTESIAN_POINT('',(560.15916320793,323.40804366712,
    43.088170274777));
#127 = CARTESIAN_POINT('',(562.45286672501,324.73231401017,
    45.186004747447));
#128 = CARTESIAN_POINT('',(564.45113593957,325.88601527909,
    47.251501206822));
#129 = CARTESIAN_POINT('',(566.12953470263,326.85503925677,
    49.236213828757));
#130 = CARTESIAN_POINT('',(567.44512975543,327.61459841464,
    51.107602745797));
#131 = CARTESIAN_POINT('',(568.37371612527,328.15071800523,
    52.754907388619));
#132 = CARTESIAN_POINT('',(569.08669049395,328.56235394892,
    54.367530318747));
#133 = CARTESIAN_POINT('',(569.20541145668,328.6308975287,
    54.655254184295));
#134 = CARTESIAN_POINT('',(569.32257133258,328.6985398146,
    54.958222380658));
#135 = CARTESIAN_POINT('',(569.4392932489,328.76592924439,
    55.278919463916));
#136 = CARTESIAN_POINT('',(569.55655543687,328.8336306002,55.61946441192
    ));
#137 = CARTESIAN_POINT('',(569.67533720512,328.90220928606,
    55.981601079941));
#138 = CARTESIAN_POINT('',(569.79674272023,328.9723027929,
    56.366703483864));
#139 = CARTESIAN_POINT('',(569.92210259615,329.044679351,56.775795910247
    ));
#140 = CARTESIAN_POINT('',(570.23275749598,329.22403604104,
    57.804882415521));
#141 = CARTESIAN_POINT('',(570.58612944331,329.42805542996,
    58.975474936447));
#142 = CARTESIAN_POINT('',(570.80997046916,329.55729010647,
    59.701094819836));
#143 = CARTESIAN_POINT('',(571.05972438209,329.70148559538,
    60.475031618585));
#144 = CARTESIAN_POINT('',(571.34303359304,329.86505424452,
    61.29600785041));
#145 = CARTESIAN_POINT('',(571.66910344418,330.05331076092,
    62.160795079636));
#146 = CARTESIAN_POINT('',(572.04811305789,330.27213206337,
    63.062889386549));
#147 = CARTESIAN_POINT('',(572.4893023967,330.52685284692,
    63.991502638476));
#148 = CARTESIAN_POINT('',(573.50806218597,331.11503408549,
    65.872561485597));
#149 = CARTESIAN_POINT('',(574.80892731842,331.8660889199,
    67.741445681648));
#150 = CARTESIAN_POINT('',(575.53218276681,332.28366064769,
    68.657900420343));
#151 = CARTESIAN_POINT('',(576.32725224196,332.74269422326,
    69.540533054451));
#152 = CARTESIAN_POINT('',(577.18836807615,333.23985968184,
    70.37599280876));
#153 = CARTESIAN_POINT('',(578.10813756827,333.77088884579,
    71.156597674673));
#154 = CARTESIAN_POINT('',(579.08092829701,334.33252983483,
    71.880848330346));
#155 = CARTESIAN_POINT('',(580.10429530242,334.92337105092,
    72.551055028977));
#156 = CARTESIAN_POINT('',(583.32650881146,336.78371688773,
    74.408267340207));
#157 = CARTESIAN_POINT('',(587.02383965963,338.91837184822,
    75.839169743645));
#158 = CARTESIAN_POINT('',(589.7164514015,340.47295196218,
    76.633219074151));
#159 = CARTESIAN_POINT('',(592.68727126408,342.18815560962,
    77.304035490135));
#160 = CARTESIAN_POINT('',(595.99317638057,344.09682081845,
    77.86187887537));
#161 = CARTESIAN_POINT('',(599.68427869159,346.22787973142,
    78.310305067526));
#162 = CARTESIAN_POINT('',(603.80665824715,348.60793667745,
    78.65162074623));
#163 = CARTESIAN_POINT('',(608.40658997126,351.26370849666,
    78.882458194848));
#164 = CARTESIAN_POINT('',(613.52650862936,354.21969491213,
    78.999999999998));
#165 = CARTESIAN_POINT('',(619.20816370587,357.5,79.));
#166 = PCURVE('',#167,#1134);
#167 = ( BOUNDED_SURFACE() B_SPLINE_SURFACE(6,10,(
    (#168,#169,#170,#171,#172,#173,#174,#175,#176,#177,#178,#179,#180
      ,#181,#182,#183,#184,#185,#186,#187,#188,#189,#190,#191,#192,#193
      ,#194,#195,#196,#197,#198,#199,#200,#201,#202,#203,#204,#205,#206
      ,#207,#208,#209,#210,#211,#212,#213,#214,#215,#216,#217,#218,#219
      ,#220,#221,#222,#223,#224,#225,#226,#227,#228,#229,#230,#231,#232
      ,#233,#234,#235,#236,#237,#238,#239,#240,#241,#242,#243,#244,#245
      ,#246,#247,#248,#249,#250,#251,#252,#253,#254,#255,#256,#257,#258
      ,#259,#260,#261,#262,#263,#264,#265,#266,#267,#268,#269,#270,#271
      ,#272,#273,#274,#275,#276,#277,#278,#279,#280,#281,#282,#283,#284
      ,#285,#286,#287,#288,#289,#290,#291,#292,#293,#294,#295,#296,#297
      ,#298,#299,#300,#301,#302,#303,#304,#305)
    ,(#306,#307,#308,#309,#310,#311,#312,#313,#314,#315,#316,#317,#318
      ,#319,#320,#321,#322,#323,#324,#325,#326,#327,#328,#329,#330,#331
      ,#332,#333,#334,#335,#336,#337,#338,#339,#340,#341,#342,#343,#344
      ,#345,#346,#347,#348,#349,#350,#351,#352,#353,#354,#355,#356,#357
      ,#358,#359,#360,#361,#362,#363,#364,#365,#366,#367,#368,#369,#370
      ,#371,#372,#373,#374,#375,#376,#377,#378,#379,#380,#381,#382,#383
      ,#384,#385,#386,#387,#388,#389,#390,#391,#392,#393,#394,#395,#396
      ,#397,#398,#399,#400,#401,#402,#403,#404,#405,#406,#407,#408,#409
      ,#410,#411,#412,#413,#414,#415,#416,#417,#418,#419,#420,#421,#422
      ,#423,#424,#425,#426,#427,#428,#429,#430,#431,#432,#433,#434,#435
      ,#436,#437,#438,#439,#440,#441,#442,#443)
    ,(#444,#445,#446,#447,#448,#449,#450,#451,#452,#453,#454,#455,#456
      ,#457,#458,#459,#460,#461,#462,#463,#464,#465,#466,#467,#468,#469
      ,#470,#471,#472,#473,#474,#475,#476,#477,#478,#479,#480,#481,#482
      ,#483,#484,#485,#486,#487,#488,#489,#490,#491,#492,#493,#494,#495
      ,#496,#497,#498,#499,#500,#501,#502,#503,#504,#505,#506,#507,#508
      ,#509,#510,#511,#512,#513,#514,#515,#516,#517,#518,#519,#520,#521
      ,#522,#523,#524,#525,#526,#527,#528,#529,#530,#531,#532,#533,#534
      ,#535,#536,#537,#538,#539,#540,#541,#542,#543,#544,#545,#546,#547
      ,#548,#549,#550,#551,#552,#553,#554,#555,#556,#557,#558,#559,#560
      ,#561,#562,#563,#564,#565,#566,#567,#568,#569,#570,#571,#572,#573
      ,#574,#575,#576,#577,#578,#579,#580,#581)
    ,(#582,#583,#584,#585,#586,#587,#588,#589,#590,#591,#592,#593,#594
      ,#595,#596,#597,#598,#599,#600,#601,#602,#603,#604,#605,#606,#607
      ,#608,#609,#610,#611,#612,#613,#614,#615,#616,#617,#618,#619,#620
      ,#621,#622,#623,#624,#625,#626,#627,#628,#629,#630,#631,#632,#633
      ,#634,#635,#636,#637,#638,#639,#640,#641,#642,#643,#644,#645,#646
      ,#647,#648,#649,#650,#651,#652,#653,#654,#655,#656,#657,#658,#659
      ,#660,#661,#662,#663,#664,#665,#666,#667,#668,#669,#670,#671,#672
      ,#673,#674,#675,#676,#677,#678,#679,#680,#681,#682,#683,#684,#685
      ,#686,#687,#688,#689,#690,#691,#692,#693,#694,#695,#696,#697,#698
      ,#699,#700,#701,#702,#703,#704,#705,#706,#707,#708,#709,#710,#711
      ,#712,#713,#714,#715,#716,#717,#718,#719)
    ,(#720,#721,#722,#723,#724,#725,#726,#727,#728,#729,#730,#731,#732
      ,#733,#734,#735,#736,#737,#738,#739,#740,#741,#742,#743,#744,#745
      ,#746,#747,#748,#749,#750,#751,#752,#753,#754,#755,#756,#757,#758
      ,#759,#760,#761,#762,#763,#764,#765,#766,#767,#768,#769,#770,#771
      ,#772,#773,#774,#775,#776,#777,#778,#779,#780,#781,#782,#783,#784
      ,#785,#786,#787,#788,#789,#790,#791,#792,#793,#794,#795,#796,#797
      ,#798,#799,#800,#801,#802,#803,#804,#805,#806,#807,#808,#809,#810
      ,#811,#812,#813,#814,#815,#816,#817,#818,#819,#820,#821,#822,#823
      ,#824,#825,#826,#827,#828,#829,#830,#831,#832,#833,#834,#835,#836
      ,#837,#838,#839,#840,#841,#842,#843,#844,#845,#846,#847,#848,#849
      ,#850,#851,#852,#853,#854,#855,#856,#857)
    ,(#858,#859,#860,#861,#862,#863,#864,#865,#866,#867,#868,#869,#870
      ,#871,#872,#873,#874,#875,#876,#877,#878,#879,#880,#881,#882,#883
      ,#884,#885,#886,#887,#888,#889,#890,#891,#892,#893,#894,#895,#896
      ,#897,#898,#899,#900,#901,#902,#903,#904,#905,#906,#907,#908,#909
      ,#910,#911,#912,#913,#914,#915,#916,#917,#918,#919,#920,#921,#922
      ,#923,#924,#925,#926,#927,#928,#929,#930,#931,#932,#933,#934,#935
      ,#936,#937,#938,#939,#940,#941,#942,#943,#944,#945,#946,#947,#948
      ,#949,#950,#951,#952,#953,#954,#955,#956,#957,#958,#959,#960,#961
      ,#962,#963,#964,#965,#966,#967,#968,#969,#970,#971,#972,#973,#974
      ,#975,#976,#977,#978,#979,#980,#981,#982,#983,#984,#985,#986,#987
      ,#988,#989,#990,#991,#992,#993,#994,#995)
    ,(#996,#997,#998,#999,#1000,#1001,#1002,#1003,#1004,#1005,#1006
      ,#1007,#1008,#1009,#1010,#1011,#1012,#1013,#1014,#1015,#1016,#1017
      ,#1018,#1019,#1020,#1021,#1022,#1023,#1024,#1025,#1026,#1027,#1028
      ,#1029,#1030,#1031,#1032,#1033,#1034,#1035,#1036,#1037,#1038,#1039
      ,#1040,#1041,#1042,#1043,#1044,#1045,#1046,#1047,#1048,#1049,#1050
      ,#1051,#1052,#1053,#1054,#1055,#1056,#1057,#1058,#1059,#1060,#1061
      ,#1062,#1063,#1064,#1065,#1066,#1067,#1068,#1069,#1070,#1071,#1072
      ,#1073,#1074,#1075,#1076,#1077,#1078,#1079,#1080,#1081,#1082,#1083
      ,#1084,#1085,#1086,#1087,#1088,#1089,#1090,#1091,#1092,#1093,#1094
      ,#1095,#1096,#1097,#1098,#1099,#1100,#1101,#1102,#1103,#1104,#1105
      ,#1106,#1107,#1108,#1109,#1110,#1111,#1112,#1113,#1114,#1115,#1116
      ,#1117,#1118,#1119,#1120,#1121,#1122,#1123,#1124,#1125,#1126,#1127
      ,#1128,#1129,#1130,#1131,#1132,#1133
)),.UNSPECIFIED.,.T.,.F.,.F.) B_SPLINE_SURFACE_WITH_KNOTS((1,6,6,1),(11,
    9,9,8,9,8,9,8,9,8,9,8,9,8,8,8,11),(-6.28318530718,0.,6.28318530718,
    12.566370614359),(0.,70.710678118655,203.99233477102,313.00966311887
    ,382.03727291867,408.96929831681,555.3145074303,661.6199077556,
    677.89101415162,686.61910634496,772.89101415162,813.20230289311,
    853.5135916346,861.81222696604,873.20048015102,884.588733336,
907.36523970595),.UNSPECIFIED.) GEOMETRIC_REPRESENTATION_ITEM() 
RATIONAL_B_SPLINE_SURFACE((
    (1.669078461068,1.669078461068,1.669078461068,1.669078461069
      ,1.669078461068,1.669078461069,1.669078461068,1.669078461068
      ,1.669078461068,1.669078461068,1.669078461068,1.669078461068
      ,1.669078461069,1.669078461068,1.669078461069,1.669078461068
      ,1.669078461068,1.669078461068,1.669078461068,1.669078461068
      ,1.669078461068,1.669078461068,1.669078461068,1.669078461069
      ,1.669078461068,1.669078461068,1.669078461068,1.669078461068
      ,1.669078461068,1.669078461068,1.669078461068,1.669078461069
      ,1.669078461068,1.669078461068,1.669078461068,1.669078461068
      ,1.669078461068,1.669078461068,1.669078461069,1.669078461068
      ,1.669078461069,1.669078461068,1.669078461069,1.669078461068
      ,1.669078461068,1.669078461068,1.669078461068,1.669078461069
      ,1.669078461067,1.669078461069,1.669078461068,1.669078461068
      ,1.669078461068,1.669078461068,1.669078461068,1.669078461068
      ,1.669078461068,1.669078461069,1.669078461068,1.669078461068
      ,1.669078461068,1.669078461068,1.669078461068,1.669078461068
      ,1.669078461068,1.669078461068,1.669078461068,1.669078461068
      ,1.669078461068,1.669078461068,1.669078461068,1.669078461068
      ,1.669078461068,1.669078461068,1.669078461068,1.669078461068
      ,1.669078461068,1.669078461068,1.669078461068,1.669078461068
      ,1.669078461068,1.669078461068,1.669078461068,1.669078461068
      ,1.669078461068,1.669078461068,1.669078461068,1.669078461068
      ,1.669078461068,1.669078461068,1.669078461069,1.669078461068
      ,1.669078461069,1.669078461068,1.669078461068,1.669078461068
      ,1.669078461068,1.669078461068,1.669078461068,1.669078461068
      ,1.669078461068,1.669078461068,1.669078461068,1.669078461068
      ,1.669078461068,1.669078461068,1.669078461068,1.669078461069
      ,1.669078461068,1.669078461069,1.669078461068,1.669078461068
      ,1.669078461068,1.669078461068,1.669078461068,1.669078461068
      ,1.669078461068,1.669078461068,1.669078461068,1.669078461068
      ,1.669078461068,1.669078461068,1.669078461068,1.669078461068
      ,1.669078461068,1.669078461068,1.669078461068,1.669078461068
      ,1.669078461068,1.669078461068,1.669078461068,1.669078461069
      ,1.669078461068,1.669078461069,1.669078461068,1.669078461068
      ,1.669078461068,1.669078461068)
    ,(1.03672962321,1.03672962321,1.036729623209,1.03672962321
      ,1.036729623209,1.03672962321,1.036729623209,1.03672962321
      ,1.03672962321,1.03672962321,1.03672962321,1.03672962321
      ,1.03672962321,1.036729623209,1.03672962321,1.03672962321
      ,1.03672962321,1.03672962321,1.03672962321,1.03672962321
      ,1.03672962321,1.03672962321,1.03672962321,1.03672962321
      ,1.03672962321,1.03672962321,1.03672962321,1.03672962321
      ,1.03672962321,1.03672962321,1.03672962321,1.03672962321
      ,1.03672962321,1.03672962321,1.03672962321,1.03672962321
      ,1.03672962321,1.036729623209,1.03672962321,1.036729623209
      ,1.03672962321,1.036729623209,1.03672962321,1.03672962321
      ,1.03672962321,1.03672962321,1.036729623209,1.03672962321
      ,1.036729623209,1.03672962321,1.036729623209,1.03672962321
      ,1.03672962321,1.03672962321,1.03672962321,1.03672962321
      ,1.036729623209,1.03672962321,1.036729623209,1.03672962321
      ,1.03672962321,1.03672962321,1.03672962321,1.03672962321
      ,1.03672962321,1.036729623209,1.03672962321,1.03672962321
      ,1.03672962321,1.03672962321,1.03672962321,1.03672962321
      ,1.036729623209,1.03672962321,1.036729623209,1.03672962321
      ,1.03672962321,1.03672962321,1.03672962321,1.03672962321
      ,1.03672962321,1.03672962321,1.03672962321,1.036729623209
      ,1.03672962321,1.03672962321,1.03672962321,1.03672962321
      ,1.03672962321,1.036729623209,1.03672962321,1.036729623209
      ,1.03672962321,1.03672962321,1.03672962321,1.03672962321
      ,1.03672962321,1.03672962321,1.03672962321,1.03672962321
      ,1.03672962321,1.03672962321,1.03672962321,1.03672962321
      ,1.03672962321,1.03672962321,1.036729623209,1.03672962321
      ,1.036729623209,1.03672962321,1.036729623209,1.03672962321
      ,1.03672962321,1.03672962321,1.03672962321,1.03672962321
      ,1.03672962321,1.03672962321,1.03672962321,1.03672962321
      ,1.03672962321,1.03672962321,1.03672962321,1.03672962321
      ,1.03672962321,1.03672962321,1.03672962321,1.03672962321
      ,1.03672962321,1.03672962321,1.03672962321,1.03672962321
      ,1.03672962321,1.03672962321,1.03672962321,1.03672962321
      ,1.03672962321,1.03672962321)
    ,(1.038346699848,1.038346699848,1.038346699847,1.038346699848
      ,1.038346699847,1.038346699848,1.038346699847,1.038346699848
      ,1.038346699847,1.038346699848,1.038346699848,1.038346699847
      ,1.038346699848,1.038346699847,1.038346699848,1.038346699847
      ,1.038346699848,1.038346699848,1.038346699848,1.038346699848
      ,1.038346699847,1.038346699848,1.038346699847,1.038346699848
      ,1.038346699847,1.038346699848,1.038346699847,1.038346699848
      ,1.038346699847,1.038346699848,1.038346699847,1.038346699848
      ,1.038346699847,1.038346699848,1.038346699847,1.038346699848
      ,1.038346699848,1.038346699847,1.038346699848,1.038346699847
      ,1.038346699848,1.038346699847,1.038346699848,1.038346699847
      ,1.038346699847,1.038346699848,1.038346699847,1.038346699848
      ,1.038346699847,1.038346699848,1.038346699847,1.038346699848
      ,1.038346699847,1.038346699848,1.038346699847,1.038346699848
      ,1.038346699847,1.038346699848,1.038346699847,1.038346699848
      ,1.038346699847,1.038346699848,1.038346699848,1.038346699848
      ,1.038346699847,1.038346699848,1.038346699847,1.038346699848
      ,1.038346699847,1.038346699848,1.038346699847,1.038346699848
      ,1.038346699847,1.038346699848,1.038346699847,1.038346699848
      ,1.038346699847,1.038346699848,1.038346699848,1.038346699847
      ,1.038346699848,1.038346699847,1.038346699848,1.038346699847
      ,1.038346699848,1.038346699847,1.038346699848,1.038346699847
      ,1.038346699848,1.038346699847,1.038346699848,1.038346699847
      ,1.038346699848,1.038346699847,1.038346699848,1.038346699847
      ,1.038346699848,1.038346699847,1.038346699848,1.038346699847
      ,1.038346699848,1.038346699847,1.038346699848,1.038346699848
      ,1.038346699847,1.038346699848,1.038346699847,1.038346699848
      ,1.038346699847,1.038346699848,1.038346699847,1.038346699848
      ,1.038346699847,1.038346699848,1.038346699848,1.038346699847
      ,1.038346699848,1.038346699847,1.038346699848,1.038346699847
      ,1.038346699848,1.038346699848,1.038346699847,1.038346699848
      ,1.038346699847,1.038346699848,1.038346699847,1.038346699848
      ,1.038346699848,1.038346699848,1.038346699847,1.038346699848
      ,1.038346699848,1.038346699847,1.038346699848,1.038346699848
      ,1.038346699848,1.038346699848)
    ,(0.853534330196,0.853534330196,0.853534330196,0.853534330196
      ,0.853534330196,0.853534330196,0.853534330196,0.853534330196
      ,0.853534330196,0.853534330196,0.853534330196,0.853534330196
      ,0.853534330196,0.853534330196,0.853534330196,0.853534330196
      ,0.853534330196,0.853534330196,0.853534330196,0.853534330196
      ,0.853534330196,0.853534330196,0.853534330196,0.853534330196
      ,0.853534330196,0.853534330196,0.853534330196,0.853534330196
      ,0.853534330196,0.853534330196,0.853534330196,0.853534330196
      ,0.853534330196,0.853534330196,0.853534330196,0.853534330196
      ,0.853534330196,0.853534330196,0.853534330196,0.853534330196
      ,0.853534330197,0.853534330196,0.853534330196,0.853534330196
      ,0.853534330196,0.853534330196,0.853534330196,0.853534330197
      ,0.853534330196,0.853534330197,0.853534330196,0.853534330196
      ,0.853534330196,0.853534330196,0.853534330196,0.853534330196
      ,0.853534330196,0.853534330196,0.853534330196,0.853534330196
      ,0.853534330196,0.853534330196,0.853534330196,0.853534330196
      ,0.853534330196,0.853534330196,0.853534330196,0.853534330196
      ,0.853534330196,0.853534330196,0.853534330196,0.853534330196
      ,0.853534330196,0.853534330196,0.853534330196,0.853534330196
      ,0.853534330196,0.853534330196,0.853534330196,0.853534330196
      ,0.853534330196,0.853534330196,0.853534330196,0.853534330196
      ,0.853534330196,0.853534330196,0.853534330196,0.853534330196
      ,0.853534330196,0.853534330196,0.853534330196,0.853534330196
      ,0.853534330196,0.853534330196,0.853534330196,0.853534330196
      ,0.853534330196,0.853534330196,0.853534330196,0.853534330196
      ,0.853534330196,0.853534330196,0.853534330196,0.853534330196
      ,0.853534330196,0.853534330196,0.853534330196,0.853534330196
      ,0.853534330196,0.853534330196,0.853534330196,0.853534330196
      ,0.853534330196,0.853534330196,0.853534330196,0.853534330196
      ,0.853534330196,0.853534330196,0.853534330196,0.853534330196
      ,0.853534330196,0.853534330196,0.853534330196,0.853534330196
      ,0.853534330196,0.853534330196,0.853534330196,0.853534330196
      ,0.853534330196,0.853534330196,0.853534330196,0.853534330196
      ,0.853534330196,0.853534330196,0.853534330196,0.853534330196
      ,0.853534330196,0.853534330196)
    ,(1.038346699848,1.038346699848,1.038346699847,1.038346699848
      ,1.038346699847,1.038346699848,1.038346699847,1.038346699848
      ,1.038346699847,1.038346699848,1.038346699848,1.038346699847
      ,1.038346699848,1.038346699847,1.038346699848,1.038346699847
      ,1.038346699848,1.038346699847,1.038346699848,1.038346699848
      ,1.038346699848,1.038346699848,1.038346699847,1.038346699848
      ,1.038346699847,1.038346699848,1.038346699847,1.038346699848
      ,1.038346699847,1.038346699848,1.038346699847,1.038346699848
      ,1.038346699847,1.038346699848,1.038346699847,1.038346699848
      ,1.038346699848,1.038346699847,1.038346699848,1.038346699847
      ,1.038346699848,1.038346699847,1.038346699848,1.038346699848
      ,1.038346699847,1.038346699848,1.038346699847,1.038346699848
      ,1.038346699847,1.038346699848,1.038346699847,1.038346699848
      ,1.038346699847,1.038346699848,1.038346699847,1.038346699848
      ,1.038346699847,1.038346699848,1.038346699847,1.038346699848
      ,1.038346699847,1.038346699848,1.038346699848,1.038346699848
      ,1.038346699847,1.038346699848,1.038346699847,1.038346699848
      ,1.038346699847,1.038346699848,1.038346699847,1.038346699848
      ,1.038346699847,1.038346699848,1.038346699847,1.038346699848
      ,1.038346699847,1.038346699848,1.038346699848,1.038346699847
      ,1.038346699848,1.038346699847,1.038346699848,1.038346699847
      ,1.038346699848,1.038346699847,1.038346699848,1.038346699847
      ,1.038346699848,1.038346699847,1.038346699848,1.038346699847
      ,1.038346699848,1.038346699847,1.038346699848,1.038346699847
      ,1.038346699848,1.038346699847,1.038346699848,1.038346699848
      ,1.038346699847,1.038346699848,1.038346699847,1.038346699848
      ,1.038346699847,1.038346699848,1.038346699847,1.038346699848
      ,1.038346699847,1.038346699848,1.038346699847,1.038346699848
      ,1.038346699848,1.038346699848,1.038346699848,1.038346699847
      ,1.038346699848,1.038346699847,1.038346699848,1.038346699847
      ,1.038346699848,1.038346699848,1.038346699847,1.038346699848
      ,1.038346699847,1.038346699848,1.038346699847,1.038346699848
      ,1.038346699847,1.038346699848,1.038346699847,1.038346699848
      ,1.038346699847,1.038346699848,1.038346699847,1.038346699848
      ,1.038346699848,1.038346699848)
    ,(1.03672962321,1.03672962321,1.036729623209,1.03672962321
      ,1.036729623209,1.03672962321,1.036729623209,1.03672962321
      ,1.03672962321,1.03672962321,1.03672962321,1.03672962321
      ,1.03672962321,1.036729623209,1.03672962321,1.036729623209
      ,1.03672962321,1.03672962321,1.03672962321,1.03672962321
      ,1.03672962321,1.03672962321,1.03672962321,1.03672962321
      ,1.036729623209,1.03672962321,1.03672962321,1.03672962321
      ,1.03672962321,1.03672962321,1.03672962321,1.03672962321
      ,1.03672962321,1.03672962321,1.03672962321,1.03672962321
      ,1.03672962321,1.03672962321,1.03672962321,1.036729623209
      ,1.03672962321,1.036729623209,1.03672962321,1.03672962321
      ,1.03672962321,1.03672962321,1.036729623209,1.03672962321
      ,1.036729623209,1.03672962321,1.036729623209,1.03672962321
      ,1.03672962321,1.03672962321,1.03672962321,1.03672962321
      ,1.036729623209,1.03672962321,1.036729623209,1.03672962321
      ,1.03672962321,1.03672962321,1.03672962321,1.03672962321
      ,1.03672962321,1.036729623209,1.03672962321,1.03672962321
      ,1.03672962321,1.03672962321,1.03672962321,1.03672962321
      ,1.03672962321,1.03672962321,1.036729623209,1.03672962321
      ,1.03672962321,1.03672962321,1.03672962321,1.03672962321
      ,1.03672962321,1.03672962321,1.03672962321,1.03672962321
      ,1.03672962321,1.03672962321,1.03672962321,1.03672962321
      ,1.03672962321,1.036729623209,1.03672962321,1.036729623209
      ,1.03672962321,1.03672962321,1.03672962321,1.03672962321
      ,1.03672962321,1.03672962321,1.03672962321,1.03672962321
      ,1.03672962321,1.03672962321,1.03672962321,1.03672962321
      ,1.03672962321,1.03672962321,1.036729623209,1.03672962321
      ,1.036729623209,1.03672962321,1.036729623209,1.03672962321
      ,1.03672962321,1.03672962321,1.03672962321,1.03672962321
      ,1.036729623209,1.03672962321,1.03672962321,1.03672962321
      ,1.03672962321,1.03672962321,1.03672962321,1.03672962321
      ,1.03672962321,1.03672962321,1.03672962321,1.03672962321
      ,1.03672962321,1.03672962321,1.03672962321,1.03672962321
      ,1.036729623209,1.03672962321,1.03672962321,1.03672962321
      ,1.03672962321,1.03672962321)
    ,(1.669078461068,1.669078461068,1.669078461068,1.669078461069
      ,1.669078461068,1.669078461069,1.669078461068,1.669078461068
      ,1.669078461068,1.669078461068,1.669078461068,1.669078461068
      ,1.669078461069,1.669078461068,1.669078461069,1.669078461068
      ,1.669078461068,1.669078461068,1.669078461068,1.669078461068
      ,1.669078461068,1.669078461068,1.669078461068,1.669078461069
      ,1.669078461068,1.669078461068,1.669078461068,1.669078461068
      ,1.669078461068,1.669078461068,1.669078461068,1.669078461069
      ,1.669078461068,1.669078461068,1.669078461068,1.669078461068
      ,1.669078461068,1.669078461068,1.669078461069,1.669078461068
      ,1.669078461069,1.669078461068,1.669078461069,1.669078461068
      ,1.669078461068,1.669078461068,1.669078461068,1.669078461069
      ,1.669078461067,1.669078461069,1.669078461068,1.669078461068
      ,1.669078461068,1.669078461068,1.669078461068,1.669078461068
      ,1.669078461068,1.669078461069,1.669078461068,1.669078461068
      ,1.669078461068,1.669078461068,1.669078461068,1.669078461068
      ,1.669078461068,1.669078461068,1.669078461068,1.669078461068
      ,1.669078461068,1.669078461068,1.669078461068,1.669078461068
      ,1.669078461068,1.669078461068,1.669078461068,1.669078461068
      ,1.669078461068,1.669078461068,1.669078461068,1.669078461068
      ,1.669078461068,1.669078461068,1.669078461068,1.669078461068
      ,1.669078461068,1.669078461068,1.669078461068,1.669078461068
      ,1.669078461068,1.669078461068,1.669078461069,1.669078461068
      ,1.669078461069,1.669078461068,1.669078461068,1.669078461068
      ,1.669078461068,1.669078461068,1.669078461068,1.669078461068
      ,1.669078461068,1.669078461068,1.669078461068,1.669078461068
      ,1.669078461068,1.669078461068,1.669078461068,1.669078461069
      ,1.669078461068,1.669078461069,1.669078461068,1.669078461068
      ,1.669078461068,1.669078461068,1.669078461068,1.669078461068
      ,1.669078461068,1.669078461068,1.669078461068,1.669078461068
      ,1.669078461068,1.669078461068,1.669078461068,1.669078461068
      ,1.669078461068,1.669078461068,1.669078461068,1.669078461068
      ,1.669078461068,1.669078461068,1.669078461068,1.669078461069
      ,1.669078461068,1.669078461069,1.669078461068,1.669078461068
,1.669078461068,1.669078461068))) REPRESENTATION_ITEM('') SURFACE() );
#168 = CARTESIAN_POINT('',(78.808311744384,45.5,490.));
#169 = CARTESIAN_POINT('',(78.808311744386,45.499999999999,
    482.65975540373));
#170 = CARTESIAN_POINT('',(79.013822431004,45.61865165025,
    475.51798263043));
#171 = CARTESIAN_POINT('',(79.416735280309,45.851273492229,
    468.54948695025));
#172 = CARTESIAN_POINT('',(80.009267740241,46.193372267522,
    461.72856594327));
#173 = CARTESIAN_POINT('',(80.784166023847,46.640760000094,
    455.02918540001));
#174 = CARTESIAN_POINT('',(81.734733429784,47.189570347857,
    448.42528865754));
#175 = CARTESIAN_POINT('',(82.854731302789,47.83620142128,
    441.89114355447));
#176 = CARTESIAN_POINT('',(84.138199740769,48.577212269471,
    435.40163118951));
#177 = CARTESIAN_POINT('',(85.579245162078,49.409200231369,
    428.93238066678));
#178 = CARTESIAN_POINT('',(90.173707035805,52.061814030951,
    410.25929397487));
#179 = CARTESIAN_POINT('',(93.706201340693,54.101300568778,
    398.07829408661));
#180 = CARTESIAN_POINT('',(97.731532319365,56.425326492917,
    385.94733922027));
#181 = CARTESIAN_POINT('',(102.21089260644,59.011486360418,
    373.89743481758));
#182 = CARTESIAN_POINT('',(107.10470125145,61.836928099026,
    361.95960761751));
#183 = CARTESIAN_POINT('',(112.37280317834,64.878468164594,
    350.16469803586));
#184 = CARTESIAN_POINT('',(117.97462675292,68.112682513353,
    338.54324419542));
#185 = CARTESIAN_POINT('',(123.86929946631,71.515973391205,
    327.12545760749));
#186 = CARTESIAN_POINT('',(130.01572172642,75.064611937637,
    315.94129050414));
#187 = CARTESIAN_POINT('',(141.57218712931,81.736740348873,
    296.08804478514));
#188 = CARTESIAN_POINT('',(146.91771484492,84.822982214436,
    287.32294146739));
#189 = CARTESIAN_POINT('',(152.39558181879,87.985630186398,
    278.69858280121));
#190 = CARTESIAN_POINT('',(157.99198724145,91.216716363641,
    270.18853919596));
#191 = CARTESIAN_POINT('',(163.69290074011,94.508140306752,
    261.76655323975));
#192 = CARTESIAN_POINT('',(169.48404509838,97.851659060883,253.406458301
    ));
#193 = CARTESIAN_POINT('',(175.35089054175,101.23888385693,
    245.08211602823));
#194 = CARTESIAN_POINT('',(181.27866058874,104.66128348924,
    236.76737274927));
#195 = CARTESIAN_POINT('',(191.03477076931,110.29397632824,
    223.1607968235));
#196 = CARTESIAN_POINT('',(200.87280038154,115.97396537316,
    209.43997014143));
#197 = CARTESIAN_POINT('',(204.69543378128,118.1809637955,
    204.09660605667));
#198 = CARTESIAN_POINT('',(208.52262347125,120.39059279326,
    198.72274259001));
#199 = CARTESIAN_POINT('',(212.35044009542,122.60058375161,
    193.31170532053));
#200 = CARTESIAN_POINT('',(216.17492194308,124.8086493759,187.8568165608
    ));
#201 = CARTESIAN_POINT('',(219.9920761175,127.01248436601,
    182.35139851519));
#202 = CARTESIAN_POINT('',(223.79787970292,129.20976609055,
    176.78877643825));
#203 = CARTESIAN_POINT('',(227.58828093316,131.39815526116,
    171.16228179312));
#204 = CARTESIAN_POINT('',(232.83047392683,134.4247367972,
    163.24248600362));
#205 = CARTESIAN_POINT('',(234.29660630354,135.27120871956,
    161.01226649111));
#206 = CARTESIAN_POINT('',(235.75815893519,136.11503652488,158.775684713
    ));
#207 = CARTESIAN_POINT('',(237.21568745075,136.95654100569,
    156.53382834469));
#208 = CARTESIAN_POINT('',(238.66974175347,137.79603964878,
    154.2877850707));
#209 = CARTESIAN_POINT('',(240.12086611233,138.633846688,152.03864275921
    ));
#210 = CARTESIAN_POINT('',(241.56959925346,139.47027315701,
    149.78748963649));
#211 = CARTESIAN_POINT('',(243.01647445159,140.30562694214,
    147.53541446137));
#212 = CARTESIAN_POINT('',(252.31692867613,145.67524669226,
    133.04692562534));
#213 = CARTESIAN_POINT('',(261.58396154032,151.02557061099,
    118.61050145138));
#214 = CARTESIAN_POINT('',(269.47049941109,155.57886537365,
    106.62989388254));
#215 = CARTESIAN_POINT('',(277.49702957007,160.2129847216,
    95.037067628941));
#216 = CARTESIAN_POINT('',(285.73594285913,164.96972352687,
    84.007616411985));
#217 = CARTESIAN_POINT('',(294.26003033599,169.89110772623,
    73.716252561916));
#218 = CARTESIAN_POINT('',(303.13273353592,175.01376530715,
    64.334968563363));
#219 = CARTESIAN_POINT('',(312.40828448976,180.36900714723,
    56.020219180528));
#220 = CARTESIAN_POINT('',(322.16200757289,186.00032179488,
    48.897246730485));
#221 = CARTESIAN_POINT('',(340.00610493502,196.30261621035,
    38.87829244314));
#222 = CARTESIAN_POINT('',(347.92221667126,200.8729854522,
    35.302429260279));
#223 = CARTESIAN_POINT('',(356.20649430198,205.65591537234,
    32.293586923154));
#224 = CARTESIAN_POINT('',(364.80781009189,210.62188735903,
    29.783659329506));
#225 = CARTESIAN_POINT('',(373.66799348615,215.73731662677,
    27.699491381275));
#226 = CARTESIAN_POINT('',(382.72683719306,220.96744247951,
    25.962275587647));
#227 = CARTESIAN_POINT('',(391.92521972412,226.27813110992,
    24.489675786158));
#228 = CARTESIAN_POINT('',(401.20567396295,231.63620386291,
    23.197139867499));
#229 = CARTESIAN_POINT('',(411.93610343208,237.83142020543,
    21.814037594578));
#230 = CARTESIAN_POINT('',(422.62864382962,244.00476128228,
    20.435819046133));
#231 = CARTESIAN_POINT('',(424.04713603693,244.82372814,20.2526364691));
#232 = CARTESIAN_POINT('',(425.46457327671,245.64208591197,
    20.068897592893));
#233 = CARTESIAN_POINT('',(426.88076355772,246.45972375191,
    19.884279208354));
#234 = CARTESIAN_POINT('',(428.29551602469,247.27653146957,
    19.698456676947));
#235 = CARTESIAN_POINT('',(429.70864097167,248.09239953809,
    19.511103874547));
#236 = CARTESIAN_POINT('',(431.11994985398,248.90721910122,
    19.32189313592));
#237 = CARTESIAN_POINT('',(432.52925530154,249.72088198073,
    19.13049519855));
#238 = CARTESIAN_POINT('',(434.691171474,250.96906486487,18.832559350434
    ));
#239 = CARTESIAN_POINT('',(435.44424969974,251.40385478122,
    18.727965483976));
#240 = CARTESIAN_POINT('',(436.19564284933,251.83767181839,
    18.622895965625));
#241 = CARTESIAN_POINT('',(436.94538813523,252.27053746105,
    18.517448853044));
#242 = CARTESIAN_POINT('',(437.69352294103,252.70247329254,
    18.411721835634));
#243 = CARTESIAN_POINT('',(438.44008482126,253.13350099508,
    18.305812226872));
#244 = CARTESIAN_POINT('',(439.18511150106,253.56364234921,
    18.199816956356));
#245 = CARTESIAN_POINT('',(439.92864087601,253.99291923399,
    18.093832562166));
#246 = CARTESIAN_POINT('',(448.00562509427,258.65616824664,
    16.941421382204));
#247 = CARTESIAN_POINT('',(455.91426295404,263.22222244391,
    15.81302959122));
#248 = CARTESIAN_POINT('',(462.99424906911,267.30985433328,
    14.900577757272));
#249 = CARTESIAN_POINT('',(470.01138531078,271.36119983139,
    14.188885071103));
#250 = CARTESIAN_POINT('',(477.00524353537,275.39910575998,
    13.762473485564));
#251 = CARTESIAN_POINT('',(484.0195683472,279.44882807833,
    13.700885924308));
#252 = CARTESIAN_POINT('',(491.10558372577,283.53994096458,
    14.081270200585));
#253 = CARTESIAN_POINT('',(498.32148651786,287.70604438407,
    14.984650850451));
#254 = CARTESIAN_POINT('',(505.72781789876,291.98209180053,
    16.501465080964));
#255 = CARTESIAN_POINT('',(516.95762442012,298.46562361858,
    19.767520095861));
#256 = CARTESIAN_POINT('',(520.60417558257,300.57096091384,
    20.967202437202));
#257 = CARTESIAN_POINT('',(524.28983463196,302.69887715813,
    22.314997334562));
#258 = CARTESIAN_POINT('',(527.98466561078,304.83208881839,
    23.798697322622));
#259 = CARTESIAN_POINT('',(531.65944780707,306.9537253086,
    25.405573607341));
#260 = CARTESIAN_POINT('',(535.28529265142,309.04710780555,
    27.122510803878));
#261 = CARTESIAN_POINT('',(538.83338529912,311.0956000508,
    28.935995202523));
#262 = CARTESIAN_POINT('',(542.27477565482,313.08248769905,
    30.831889372433));
#263 = CARTESIAN_POINT('',(548.88551155867,316.89919785268,
    34.757962439753));
#264 = CARTESIAN_POINT('',(554.83205414579,320.3324358161,
    38.883598200625));
#265 = CARTESIAN_POINT('',(557.60937819066,321.93592460104,
    40.978940418936));
#266 = CARTESIAN_POINT('',(560.15916320793,323.40804366712,
    43.088170274777));
#267 = CARTESIAN_POINT('',(562.45286672501,324.73231401017,
    45.186004747447));
#268 = CARTESIAN_POINT('',(564.45113593957,325.88601527909,
    47.251501206822));
#269 = CARTESIAN_POINT('',(566.12953470263,326.85503925677,
    49.236213828757));
#270 = CARTESIAN_POINT('',(567.44512975543,327.61459841464,
    51.107602745797));
#271 = CARTESIAN_POINT('',(568.37371612527,328.15071800523,
    52.754907388619));
#272 = CARTESIAN_POINT('',(569.08669049395,328.56235394892,
    54.367530318747));
#273 = CARTESIAN_POINT('',(569.20541145668,328.6308975287,
    54.655254184295));
#274 = CARTESIAN_POINT('',(569.32257133258,328.6985398146,
    54.958222380658));
#275 = CARTESIAN_POINT('',(569.4392932489,328.76592924439,
    55.278919463916));
#276 = CARTESIAN_POINT('',(569.55655543687,328.8336306002,55.61946441192
    ));
#277 = CARTESIAN_POINT('',(569.67533720512,328.90220928606,
    55.981601079941));
#278 = CARTESIAN_POINT('',(569.79674272023,328.9723027929,
    56.366703483864));
#279 = CARTESIAN_POINT('',(569.92210259615,329.044679351,56.775795910247
    ));
#280 = CARTESIAN_POINT('',(570.23275749598,329.22403604104,
    57.804882415521));
#281 = CARTESIAN_POINT('',(570.58612944331,329.42805542996,
    58.975474936447));
#282 = CARTESIAN_POINT('',(570.80997046916,329.55729010647,
    59.701094819836));
#283 = CARTESIAN_POINT('',(571.05972438209,329.70148559538,
    60.475031618585));
#284 = CARTESIAN_POINT('',(571.34303359304,329.86505424452,
    61.29600785041));
#285 = CARTESIAN_POINT('',(571.66910344418,330.05331076092,
    62.160795079636));
#286 = CARTESIAN_POINT('',(572.04811305789,330.27213206337,
    63.062889386549));
#287 = CARTESIAN_POINT('',(572.4893023967,330.52685284692,
    63.991502638476));
#288 = CARTESIAN_POINT('',(573.50806218597,331.11503408549,
    65.872561485597));
#289 = CARTESIAN_POINT('',(574.80892731842,331.8660889199,
    67.741445681648));
#290 = CARTESIAN_POINT('',(575.53218276681,332.28366064769,
    68.657900420343));
#291 = CARTESIAN_POINT('',(576.32725224196,332.74269422326,
    69.540533054451));
#292 = CARTESIAN_POINT('',(577.18836807615,333.23985968184,
    70.37599280876));
#293 = CARTESIAN_POINT('',(578.10813756827,333.77088884579,
    71.156597674673));
#294 = CARTESIAN_POINT('',(579.08092829701,334.33252983483,
    71.880848330346));
#295 = CARTESIAN_POINT('',(580.10429530242,334.92337105092,
    72.551055028977));
#296 = CARTESIAN_POINT('',(583.32650881146,336.78371688773,
    74.408267340207));
#297 = CARTESIAN_POINT('',(587.02383965963,338.91837184822,
    75.839169743645));
#298 = CARTESIAN_POINT('',(589.7164514015,340.47295196218,
    76.633219074151));
#299 = CARTESIAN_POINT('',(592.68727126408,342.18815560962,
    77.304035490135));
#300 = CARTESIAN_POINT('',(595.99317638057,344.09682081845,
    77.86187887537));
#301 = CARTESIAN_POINT('',(599.68427869159,346.22787973142,
    78.310305067526));
#302 = CARTESIAN_POINT('',(603.80665824715,348.60793667745,
    78.65162074623));
#303 = CARTESIAN_POINT('',(608.40658997126,351.26370849666,
    78.882458194848));
#304 = CARTESIAN_POINT('',(613.52650862936,354.21969491213,
    78.999999999998));
#305 = CARTESIAN_POINT('',(619.20816370587,357.5,79.));
#306 = CARTESIAN_POINT('',(86.285255584454,32.54955338366,490.));
#307 = CARTESIAN_POINT('',(86.285255584455,32.54955338366,
    482.65975540373));
#308 = CARTESIAN_POINT('',(86.490766271074,32.668205033907,
    475.51798263043));
#309 = CARTESIAN_POINT('',(86.893679120379,32.900826875895,
    468.54948695025));
#310 = CARTESIAN_POINT('',(87.486211580312,33.242925651176,
    461.72856594327));
#311 = CARTESIAN_POINT('',(88.261109863913,33.690313383756,
    455.02918540002));
#312 = CARTESIAN_POINT('',(89.21167726986,34.23912373152,448.42528865752
    ));
#313 = CARTESIAN_POINT('',(90.331675142853,34.885754804936,
    441.89114355449));
#314 = CARTESIAN_POINT('',(91.615143580842,35.626765653134,
    435.4016311895));
#315 = CARTESIAN_POINT('',(93.056189002146,36.458753615028,
    428.93238066678));
#316 = CARTESIAN_POINT('',(97.650650875878,39.111367414612,
    410.25929397487));
#317 = CARTESIAN_POINT('',(101.18314518074,41.150853952434,
    398.0782940866));
#318 = CARTESIAN_POINT('',(105.20847615947,43.474879876587,
    385.94733922029));
#319 = CARTESIAN_POINT('',(109.68783644644,46.06103974406,
    373.89743481756));
#320 = CARTESIAN_POINT('',(114.5816450916,48.886481482709,
    361.95960761753));
#321 = CARTESIAN_POINT('',(119.84974701834,51.928021548234,
    350.16469803585));
#322 = CARTESIAN_POINT('',(125.45157059303,55.162235897028,
    338.54324419543));
#323 = CARTESIAN_POINT('',(131.34624330636,58.565526774857,
    327.12545760749));
#324 = CARTESIAN_POINT('',(137.4926655665,62.1141653213,315.94129050414)
  );
#325 = CARTESIAN_POINT('',(149.04913096938,68.786293732531,
    296.08804478514));
#326 = CARTESIAN_POINT('',(154.39465868499,71.872535598104,
    287.32294146739));
#327 = CARTESIAN_POINT('',(159.87252565885,75.035183570039,
    278.69858280122));
#328 = CARTESIAN_POINT('',(165.46893108153,78.26626974733,
    270.18853919595));
#329 = CARTESIAN_POINT('',(171.16984458016,81.557693690378,
    261.76655323976));
#330 = CARTESIAN_POINT('',(176.96098893846,84.901212444571,
    253.40645830099));
#331 = CARTESIAN_POINT('',(182.82783438181,88.288437240574,
    245.08211602823));
#332 = CARTESIAN_POINT('',(188.75560442882,91.710836872911,
    236.76737274927));
#333 = CARTESIAN_POINT('',(198.51171460938,97.343529711901,
    223.1607968235));
#334 = CARTESIAN_POINT('',(208.34974422162,103.02351875682,
    209.43997014143));
#335 = CARTESIAN_POINT('',(212.17237762134,105.23051717915,
    204.09660605667));
#336 = CARTESIAN_POINT('',(215.99956731135,107.44014617694,198.72274259)
  );
#337 = CARTESIAN_POINT('',(219.82738393545,109.65013713525,
    193.31170532054));
#338 = CARTESIAN_POINT('',(223.65186578319,111.85820275958,
    187.85681656079));
#339 = CARTESIAN_POINT('',(227.46901995754,114.06203774966,
    182.35139851519));
#340 = CARTESIAN_POINT('',(231.274823543,116.25931947422,176.78877643825
    ));
#341 = CARTESIAN_POINT('',(235.06522477322,118.44770864482,
    171.16228179312));
#342 = CARTESIAN_POINT('',(240.3074177669,121.47429018086,
    163.24248600362));
#343 = CARTESIAN_POINT('',(241.7735501436,122.32076210322,
    161.01226649111));
#344 = CARTESIAN_POINT('',(243.23510277527,123.16458990854,
    158.77568471301));
#345 = CARTESIAN_POINT('',(244.6926312908,124.00609438935,
    156.53382834468));
#346 = CARTESIAN_POINT('',(246.14668559355,124.84559303244,
    154.2877850707));
#347 = CARTESIAN_POINT('',(247.59780995239,125.68340007165,
    152.0386427592));
#348 = CARTESIAN_POINT('',(249.04654309354,126.51982654068,
    149.78748963649));
#349 = CARTESIAN_POINT('',(250.49341829166,127.3551803258,
    147.53541446137));
#350 = CARTESIAN_POINT('',(259.7938725162,132.72480007592,
    133.04692562534));
#351 = CARTESIAN_POINT('',(269.06090538039,138.07512399465,
    118.61050145138));
#352 = CARTESIAN_POINT('',(276.94744325116,142.62841875731,
    106.62989388255));
#353 = CARTESIAN_POINT('',(284.97397341013,147.26253810526,
    95.037067628935));
#354 = CARTESIAN_POINT('',(293.2128866992,152.01927691053,
    84.007616411991));
#355 = CARTESIAN_POINT('',(301.73697417606,156.94066110989,
    73.716252561911));
#356 = CARTESIAN_POINT('',(310.60967737599,162.06331869081,
    64.334968563367));
#357 = CARTESIAN_POINT('',(319.88522832983,167.41856053089,
    56.020219180526));
#358 = CARTESIAN_POINT('',(329.63895141296,173.04987517854,
    48.897246730486));
#359 = CARTESIAN_POINT('',(347.48304877509,183.35216959401,
    38.878292443138));
#360 = CARTESIAN_POINT('',(355.39916051134,187.92253883587,
    35.302429260287));
#361 = CARTESIAN_POINT('',(363.68343814204,192.70546875599,
    32.293586923138));
#362 = CARTESIAN_POINT('',(372.28475393198,197.6714407427,
    29.783659329527));
#363 = CARTESIAN_POINT('',(381.1449373262,202.78687001042,
    27.699491381258));
#364 = CARTESIAN_POINT('',(390.20378103316,208.01699586318,
    25.962275587655));
#365 = CARTESIAN_POINT('',(399.40216356417,213.32768449357,
    24.489675786158));
#366 = CARTESIAN_POINT('',(408.68261780303,218.68575724658,
    23.197139867497));
#367 = CARTESIAN_POINT('',(419.41304727214,224.88097358909,
    21.814037594579));
#368 = CARTESIAN_POINT('',(430.10558766969,231.05431466594,
    20.435819046132));
#369 = CARTESIAN_POINT('',(431.52407987699,231.87328152366,
    20.252636469106));
#370 = CARTESIAN_POINT('',(432.9415171168,232.69163929563,
    20.068897592877));
#371 = CARTESIAN_POINT('',(434.35770739777,233.50927713557,
    19.884279208377));
#372 = CARTESIAN_POINT('',(435.77245986479,234.32608485323,
    19.698456676922));
#373 = CARTESIAN_POINT('',(437.18558481172,235.14195292175,
    19.511103874566));
#374 = CARTESIAN_POINT('',(438.59689369406,235.95677248488,
    19.32189313591));
#375 = CARTESIAN_POINT('',(440.00619914161,236.77043536439,
    19.130495198552));
#376 = CARTESIAN_POINT('',(442.16811531407,238.01861824853,
    18.832559350432));
#377 = CARTESIAN_POINT('',(442.9211935398,238.45340816487,
    18.727965483982));
#378 = CARTESIAN_POINT('',(443.67258668942,238.88722520207,
    18.622895965609));
#379 = CARTESIAN_POINT('',(444.42233197527,239.32009084469,
    18.517448853069));
#380 = CARTESIAN_POINT('',(445.17046678113,239.75202667623,
    18.411721835607));
#381 = CARTESIAN_POINT('',(445.9170286613,240.18305437872,
    18.305812226892));
#382 = CARTESIAN_POINT('',(446.66205534114,240.61319573288,
    18.199816956347));
#383 = CARTESIAN_POINT('',(447.40558471608,241.04247261765,
    18.093832562167));
#384 = CARTESIAN_POINT('',(455.48256893434,245.7057216303,
    16.941421382208));
#385 = CARTESIAN_POINT('',(463.39120679412,250.27177582756,
    15.813029591206));
#386 = CARTESIAN_POINT('',(470.47119290915,254.35940771695,
    14.900577757308));
#387 = CARTESIAN_POINT('',(477.4883291509,258.41075321504,
    14.188885071044));
#388 = CARTESIAN_POINT('',(484.48218737538,262.44865914365,
    13.762473485634));
#389 = CARTESIAN_POINT('',(491.49651218733,266.49838146197,
    13.700885924247));
#390 = CARTESIAN_POINT('',(498.5825275658,270.58949434825,
    14.081270200624));
#391 = CARTESIAN_POINT('',(505.79843035795,274.75559776772,
    14.984650850435));
#392 = CARTESIAN_POINT('',(513.20476173883,279.03164518419,
    16.501465080967));
#393 = CARTESIAN_POINT('',(524.43456826019,285.51517700224,
    19.767520095862));
#394 = CARTESIAN_POINT('',(528.08111942266,287.62051429751,
    20.967202437193));
#395 = CARTESIAN_POINT('',(531.76677847199,289.74843054178,
    22.314997334586));
#396 = CARTESIAN_POINT('',(535.46160945092,291.88164220208,
    23.798697322585));
#397 = CARTESIAN_POINT('',(539.13639164706,294.00327869224,
    25.405573607383));
#398 = CARTESIAN_POINT('',(542.76223649155,296.09666118924,
    27.122510803846));
#399 = CARTESIAN_POINT('',(546.31032913916,298.14515343445,
    28.935995202539));
#400 = CARTESIAN_POINT('',(549.75171949489,300.13204108271,
    30.831889372429));
#401 = CARTESIAN_POINT('',(556.36245539873,303.94875123634,
    34.757962439756));
#402 = CARTESIAN_POINT('',(562.30899798587,307.38198919977,
    38.883598200624));
#403 = CARTESIAN_POINT('',(565.08632203072,308.98547798469,
    40.978940418937));
#404 = CARTESIAN_POINT('',(567.63610704803,310.4575970508,
    43.088170274778));
#405 = CARTESIAN_POINT('',(569.92981056506,311.78186739382,
    45.186004747446));
#406 = CARTESIAN_POINT('',(571.92807977965,312.93556866276,
    47.251501206825));
#407 = CARTESIAN_POINT('',(573.6064785427,313.90459264042,
    49.236213828755));
#408 = CARTESIAN_POINT('',(574.9220735955,314.6641517983,51.107602745797
    ));
#409 = CARTESIAN_POINT('',(575.85065996534,315.20027138889,
    52.75490738862));
#410 = CARTESIAN_POINT('',(576.56363433403,315.61190733258,
    54.367530318745));
#411 = CARTESIAN_POINT('',(576.68235529673,315.68045091235,
    54.655254184308));
#412 = CARTESIAN_POINT('',(576.79951517271,315.74809319829,
    54.958222380627));
#413 = CARTESIAN_POINT('',(576.91623708888,315.81548262801,
    55.278919463965));
#414 = CARTESIAN_POINT('',(577.03349927705,315.88318398391,
    55.619464411868));
#415 = CARTESIAN_POINT('',(577.1522810451,315.95176266968,
    55.981601079981));
#416 = CARTESIAN_POINT('',(577.27368656035,316.02185617658,
    56.366703483844));
#417 = CARTESIAN_POINT('',(577.39904643621,316.09423273465,
    56.775795910252));
#418 = CARTESIAN_POINT('',(577.70970133605,316.27358942471,
    57.804882415516));
#419 = CARTESIAN_POINT('',(578.06307328338,316.47760881362,
    58.975474936452));
#420 = CARTESIAN_POINT('',(578.28691430923,316.60684349015,
    59.701094819827));
#421 = CARTESIAN_POINT('',(578.53666822217,316.75103897901,60.4750316186
    ));
#422 = CARTESIAN_POINT('',(578.8199774331,316.91460762822,
    61.296007850393));
#423 = CARTESIAN_POINT('',(579.14604728426,317.10286414455,
    62.160795079649));
#424 = CARTESIAN_POINT('',(579.52505689796,317.32168544705,
    63.062889386542));
#425 = CARTESIAN_POINT('',(579.96624623677,317.57640623057,
    63.991502638478));
#426 = CARTESIAN_POINT('',(580.98500602604,318.16458746915,
    65.872561485596));
#427 = CARTESIAN_POINT('',(582.28587115849,318.91564230355,
    67.741445681648));
#428 = CARTESIAN_POINT('',(583.00912660687,319.33321403135,
    68.657900420347));
#429 = CARTESIAN_POINT('',(583.80419608207,319.79224760692,
    69.540533054441));
#430 = CARTESIAN_POINT('',(584.66531191618,320.28941306549,
    70.375992808776));
#431 = CARTESIAN_POINT('',(585.58508140838,320.82044222946,
    71.156597674659));
#432 = CARTESIAN_POINT('',(586.55787213705,321.38208321849,
    71.880848330355));
#433 = CARTESIAN_POINT('',(587.5812391425,321.97292443458,
    72.551055028974));
#434 = CARTESIAN_POINT('',(590.80345265151,323.83327027139,
    74.408267340214));
#435 = CARTESIAN_POINT('',(594.50078349973,325.96792523188,
    75.839169743635));
#436 = CARTESIAN_POINT('',(597.19339524149,327.52250534584,
    76.63321907418));
#437 = CARTESIAN_POINT('',(600.1642151043,329.23770899328,
    77.304035490085));
#438 = CARTESIAN_POINT('',(603.47012022045,331.14637420211,
    77.861878875431));
#439 = CARTESIAN_POINT('',(607.16122253184,333.27743311508,
    78.310305067474));
#440 = CARTESIAN_POINT('',(611.2836020871,335.65749006111,
    78.651620746265));
#441 = CARTESIAN_POINT('',(615.88353381139,338.31326188032,
    78.882458194834));
#442 = CARTESIAN_POINT('',(621.00345246942,341.26924829579,
    79.000000000002));
#443 = CARTESIAN_POINT('',(626.68510754594,344.54955338366,79.));
#444 = CARTESIAN_POINT('',(71.345199132163,21.444622797109,490.));
#445 = CARTESIAN_POINT('',(71.345199132158,21.444622797106,
    482.12174013898));
#446 = CARTESIAN_POINT('',(71.565773061595,21.571971214641,474.431745129
    ));
#447 = CARTESIAN_POINT('',(71.99976042396,21.822533935132,
    466.91058660143));
#448 = CARTESIAN_POINT('',(72.639656969882,22.191978378166,
    459.53937157169));
#449 = CARTESIAN_POINT('',(73.477400841383,22.675650027899,
    452.29955694258));
#450 = CARTESIAN_POINT('',(74.504342707269,23.268555190598,
    445.17262329616));
#451 = CARTESIAN_POINT('',(75.711350204291,23.96542129393,438.1397090108
    ));
#452 = CARTESIAN_POINT('',(77.088997010834,24.760806048527,
    431.18130575361));
#453 = CARTESIAN_POINT('',(78.627786867021,25.649226786227,
    424.27711638321));
#454 = CARTESIAN_POINT('',(83.504908037231,28.465034006717,
    404.45522887582));
#455 = CARTESIAN_POINT('',(87.238946808613,30.620882296539,
    391.58896966824));
#456 = CARTESIAN_POINT('',(91.475827011182,33.067046222018,
    378.83247891018));
#457 = CARTESIAN_POINT('',(96.171966768711,35.778363775175,
    366.21049876724));
#458 = CARTESIAN_POINT('',(101.28459998684,38.730143939941,
    353.74774894597));
#459 = CARTESIAN_POINT('',(106.77156601569,41.898045253721,
    341.46914563974));
#460 = CARTESIAN_POINT('',(112.59114348437,45.257979871838,
    329.39992382447));
#461 = CARTESIAN_POINT('',(118.70192831033,48.786043136063,
    317.56566290358));
#462 = CARTESIAN_POINT('',(125.06275588016,52.458468645779,
    305.99221570299));
#463 = CARTESIAN_POINT('',(137.00650668559,59.354196388427,
    285.47363919364));
#464 = CARTESIAN_POINT('',(142.5148134314,62.534418770898,
    276.44290582688));
#465 = CARTESIAN_POINT('',(148.14092872913,65.78265795253,
    267.58724449134));
#466 = CARTESIAN_POINT('',(153.86840533167,69.089418110793,
    258.88027162387));
#467 = CARTESIAN_POINT('',(159.68103807793,72.445343191537,
    250.29542209017));
#468 = CARTESIAN_POINT('',(165.56288211472,75.841227429515,
    241.80603502417));
#469 = CARTESIAN_POINT('',(171.49825892412,79.268018828161,
    233.38541973666));
#470 = CARTESIAN_POINT('',(177.47175015217,82.716815596676,
    225.00690169511));
#471 = CARTESIAN_POINT('',(187.26499919546,88.370950568067,
    211.34852922891));
#472 = CARTESIAN_POINT('',(197.07951321652,94.037362880085,
    197.66049908878));
#473 = CARTESIAN_POINT('',(200.88397598664,96.233870484542,
    192.34247257902));
#474 = CARTESIAN_POINT('',(204.68407588074,98.427859181334,
    187.00649609682));
#475 = CARTESIAN_POINT('',(208.4760869388,100.61717778649,
    181.64583539932));
#476 = CARTESIAN_POINT('',(212.25631731986,102.79969481457,
    176.25375968838));
#477 = CARTESIAN_POINT('',(216.02110807074,104.97329776805,
    170.82353827996));
#478 = CARTESIAN_POINT('',(219.76683189419,107.13589242582,
    165.34843727341));
#479 = CARTESIAN_POINT('',(223.48989191755,109.28540213252,
    159.82171622088));
#480 = CARTESIAN_POINT('',(228.62908650143,112.25251750894,
    152.0575282797));
#481 = CARTESIAN_POINT('',(230.06975359732,113.08428704457,
    149.86608017122));
#482 = CARTESIAN_POINT('',(231.50919839043,113.91535088335,
    147.66338100951));
#483 = CARTESIAN_POINT('',(232.947903657,114.7459877563,145.45053150722)
  );
#484 = CARTESIAN_POINT('',(234.38635821115,115.57647988034,
    143.22863236727));
#485 = CARTESIAN_POINT('',(235.82505680883,116.40711290301,140.998784099
    ));
#486 = CARTESIAN_POINT('',(237.26450005098,117.23817584634,
    138.76208683409));
#487 = CARTESIAN_POINT('',(238.70519428749,118.06996105161,
    136.51964014261));
#488 = CARTESIAN_POINT('',(247.98578111837,123.42811035665,
    122.06210124776));
#489 = CARTESIAN_POINT('',(257.36077087909,128.84076321866,
    107.45749902006));
#490 = CARTESIAN_POINT('',(265.42917861498,133.4990605969,
    95.194186470519));
#491 = CARTESIAN_POINT('',(273.73509701649,138.29448482189,
    83.177477085038));
#492 = CARTESIAN_POINT('',(282.37365712855,143.28195982798,
    71.582835959576));
#493 = CARTESIAN_POINT('',(291.43956794933,148.51616588082,
    60.586657659219));
#494 = CARTESIAN_POINT('',(301.03739799893,154.05747564359,
    50.368204957616));
#495 = CARTESIAN_POINT('',(311.28142766362,159.97186892809,
    41.123125903192));
#496 = CARTESIAN_POINT('',(322.26369443603,166.31248360545,
    33.079983574081));
#497 = CARTESIAN_POINT('',(342.60447787987,178.05624040228,
    21.65921090305));
#498 = CARTESIAN_POINT('',(351.47889043384,183.17988487921,
    17.666849826507));
#499 = CARTESIAN_POINT('',(360.59642606541,188.44389653045,
    14.381007740484));
#500 = CARTESIAN_POINT('',(369.8962822196,193.81317098448,
    11.690313915999));
#501 = CARTESIAN_POINT('',(379.32508333414,199.25689184612,
    9.488722034085));
#502 = CARTESIAN_POINT('',(388.83160168378,204.74548277432,
    7.676146495447));
#503 = CARTESIAN_POINT('',(398.36346451165,210.24870634388,
    6.156222856037));
#504 = CARTESIAN_POINT('',(407.86655444558,215.73531787537,
    4.834923493758));
#505 = CARTESIAN_POINT('',(418.72740977596,222.00583562399,
    3.435009936115));
#506 = CARTESIAN_POINT('',(429.39998718895,228.16765106633,
    2.059364523195));
#507 = CARTESIAN_POINT('',(430.81316721211,228.98355093311,
    1.876866705565));
#508 = CARTESIAN_POINT('',(432.22261542386,229.79729623757,
    1.694160121939));
#509 = CARTESIAN_POINT('',(433.62812292882,230.60876637392,
    1.510928723652));
#510 = CARTESIAN_POINT('',(435.02947963366,231.41784004467,1.32685796936
    ));
#511 = CARTESIAN_POINT('',(436.42647423301,232.22439525268,
    1.141634884405));
#512 = CARTESIAN_POINT('',(437.81889419692,233.02830929366,
    0.954948119212));
#513 = CARTESIAN_POINT('',(439.20652575674,233.82945874826,
    0.766488008708));
#514 = CARTESIAN_POINT('',(441.33081862869,235.05591980972,
    0.473737065578));
#515 = CARTESIAN_POINT('',(442.07219530651,235.48395383423,
    0.370769921777));
#516 = CARTESIAN_POINT('',(442.81332815005,235.91184708095,
    0.267137426635));
#517 = CARTESIAN_POINT('',(443.55426120275,236.33962497838,
    0.162932187373));
#518 = CARTESIAN_POINT('',(444.29503832768,236.76731285087,
    5.82471995055E-02));
#519 = CARTESIAN_POINT('',(445.03570320754,237.19493591863,
    -4.682414493817E-02));
#520 = CARTESIAN_POINT('',(445.77629934519,237.62251929807,
    -0.152188049208));
#521 = CARTESIAN_POINT('',(446.51687006372,238.05008800177,
    -0.257750303597));
#522 = CARTESIAN_POINT('',(454.57772695407,242.7040258973,-1.40786046222
    ));
#523 = CARTESIAN_POINT('',(462.64577368762,247.36211485076,
    -2.558996456184));
#524 = CARTESIAN_POINT('',(470.02013936548,251.61970685995,
    -3.513428607714));
#525 = CARTESIAN_POINT('',(477.48116687981,255.92733310382,
    -4.280939946869));
#526 = CARTESIAN_POINT('',(485.06755639232,260.307337131,-4.761368998813
    ));
#527 = CARTESIAN_POINT('',(492.8136077006,264.77952193904,
    -4.849303662891));
#528 = CARTESIAN_POINT('',(500.74573324086,269.35913675492,
    -4.436806078571));
#529 = CARTESIAN_POINT('',(508.88299222464,274.05718541969,
    -3.420026576887));
#530 = CARTESIAN_POINT('',(517.24197165612,278.8832444446,-1.70504160361
    ));
#531 = CARTESIAN_POINT('',(529.86214523794,286.16950505928,1.96538505399
    ));
#532 = CARTESIAN_POINT('',(533.91676019705,288.51043809738,
    3.300973186159));
#533 = CARTESIAN_POINT('',(537.98679991676,290.86027662517,
    4.790965250591));
#534 = CARTESIAN_POINT('',(542.050686108,293.20656241164,6.423825091167)
  );
#535 = CARTESIAN_POINT('',(546.0860862217,295.53640175357,8.188566317194
    ));
#536 = CARTESIAN_POINT('',(550.07031744719,297.83669872413,
    10.074610217771));
#537 = CARTESIAN_POINT('',(553.98061922894,300.09431251043,
    12.071798133528));
#538 = CARTESIAN_POINT('',(557.79437363858,302.29618464546,
    14.170629150092));
#539 = CARTESIAN_POINT('',(565.18433225863,306.56277924404,
    18.55495878459));
#540 = CARTESIAN_POINT('',(572.01325682692,310.50546068183,
    23.28775650989));
#541 = CARTESIAN_POINT('',(575.26584325109,312.38334232937,
    25.735176516011));
#542 = CARTESIAN_POINT('',(578.33672166989,314.15631481113,
    28.258861447388));
#543 = CARTESIAN_POINT('',(581.20284429777,315.81107148185,
    30.861063950772));
#544 = CARTESIAN_POINT('',(583.85256336245,317.34088749713,
    33.539459522069));
#545 = CARTESIAN_POINT('',(586.25850076222,318.72995610255,
    36.320727100489));
#546 = CARTESIAN_POINT('',(588.4127844888,319.97373239199,
    39.214772027532));
#547 = CARTESIAN_POINT('',(590.2877926538,321.05626886079,
    42.313987144247));
#548 = CARTESIAN_POINT('',(592.08476739034,322.09375270866,
    46.378428717875));
#549 = CARTESIAN_POINT('',(592.36332170258,322.25457611582,
    47.056855872374));
#550 = CARTESIAN_POINT('',(592.61580372868,322.40034668153,
    47.716294534426));
#551 = CARTESIAN_POINT('',(592.84469465296,322.53249691832,
    48.353566085374));
#552 = CARTESIAN_POINT('',(593.05262845985,322.65254755765,
    48.965877426317));
#553 = CARTESIAN_POINT('',(593.24223799721,322.76201867513,
    49.550831043355));
#554 = CARTESIAN_POINT('',(593.41602444457,322.86235432727,
    50.106419435856));
#555 = CARTESIAN_POINT('',(593.57625018153,322.95486069964,
    50.63100390977));
#556 = CARTESIAN_POINT('',(593.92878617922,323.1583974528,
    51.798827234099));
#557 = CARTESIAN_POINT('',(594.22468451469,323.32923443644,
    52.779030617729));
#558 = CARTESIAN_POINT('',(594.38096115097,323.41946079449,
    53.280644020485));
#559 = CARTESIAN_POINT('',(594.52497918328,323.50260964415,
    53.715570024171));
#560 = CARTESIAN_POINT('',(594.65815245189,323.57949726672,
    54.083712346812));
#561 = CARTESIAN_POINT('',(594.7802466116,323.6499883626,54.387032080514
    ));
#562 = CARTESIAN_POINT('',(594.89000041807,323.71335475238,
    54.630944473492));
#563 = CARTESIAN_POINT('',(594.98714301712,323.76944005806,
    54.825382682679));
#564 = CARTESIAN_POINT('',(595.1624746412,323.87066781843,
    55.143222492653));
#565 = CARTESIAN_POINT('',(595.32793887223,323.96619863675,
    55.376318756031));
#566 = CARTESIAN_POINT('',(595.4152554519,324.01661088755,
    55.485996400528));
#567 = CARTESIAN_POINT('',(595.51769351359,324.07575352999,
    55.60405861104));
#568 = CARTESIAN_POINT('',(595.65080847215,324.15260748722,
    55.743140974727));
#569 = CARTESIAN_POINT('',(595.83186941834,324.25714307317,
    55.909901091078));
#570 = CARTESIAN_POINT('',(596.07628914315,324.39825886713,
    56.104476618553));
#571 = CARTESIAN_POINT('',(596.39611910586,324.58291278218,
    56.322987835067));
#572 = CARTESIAN_POINT('',(597.60985451065,325.28366324486,
    57.036798235993));
#573 = CARTESIAN_POINT('',(599.65178037823,326.46256969418,
    57.876684489213));
#574 = CARTESIAN_POINT('',(601.43946935609,327.49469240675,
    58.449895481747));
#575 = CARTESIAN_POINT('',(603.67611104914,328.78601809036,
    58.986193679709));
#576 = CARTESIAN_POINT('',(606.37751082994,330.34567198093,
    59.463211951327));
#577 = CARTESIAN_POINT('',(609.56660829136,332.18689825882,
    59.865652904764));
#578 = CARTESIAN_POINT('',(613.27059485079,334.32539589593,
    60.179536445247));
#579 = CARTESIAN_POINT('',(617.51645642008,336.77674521593,
    60.396866402578));
#580 = CARTESIAN_POINT('',(622.33522854448,339.5588645991,
    60.509066285068));
#581 = CARTESIAN_POINT('',(627.75866943047,342.69008965457,
    60.509066285067));
#582 = CARTESIAN_POINT('',(49.586837286221,28.628973855462,490.));
#583 = CARTESIAN_POINT('',(49.586837286222,28.628973855461,
    481.67799107127));
#584 = CARTESIAN_POINT('',(49.819835212464,28.763495270906,
    473.53582839543));
#585 = CARTESIAN_POINT('',(50.279452491254,29.028855430516,
    465.5588396353));
#586 = CARTESIAN_POINT('',(50.958414413667,29.420854279237,
    457.73374815323));
#587 = CARTESIAN_POINT('',(51.847992634547,29.934452504459,
    450.04818943963));
#588 = CARTESIAN_POINT('',(52.937927313946,30.563726585084,
    442.48986071231));
#589 = CARTESIAN_POINT('',(54.216699391247,31.302025988085,
    435.04556709621));
#590 = CARTESIAN_POINT('',(55.672023479322,32.142257742128,
    427.7004277927));
#591 = CARTESIAN_POINT('',(57.291431869433,33.077223612074,
    420.43750564873));
#592 = CARTESIAN_POINT('',(62.401687315771,36.027630969648,
    399.66809987506));
#593 = CARTESIAN_POINT('',(66.301957744458,38.279453151566,
    386.23664632448));
#594 = CARTESIAN_POINT('',(70.713321418107,40.826355156024,372.964220449
    ));
#595 = CARTESIAN_POINT('',(75.588258496447,43.640901390522,
    359.8703985331));
#596 = CARTESIAN_POINT('',(80.88137581369,46.696884098432,
    346.97469831237));
#597 = CARTESIAN_POINT('',(86.548858544395,49.969006778688,
    334.29714974677));
#598 = CARTESIAN_POINT('',(92.548037027923,53.432634091026,
    321.85861383501));
#599 = CARTESIAN_POINT('',(98.83706874524,57.063608245985,
    309.68084946899));
#600 = CARTESIAN_POINT('',(105.37473545432,60.838131880337,
    297.78632832951));
#601 = CARTESIAN_POINT('',(117.6379149964,67.91828189008,276.71899430845
    ));
#602 = CARTESIAN_POINT('',(123.2804800944,71.17601836834,267.46917220138
    ));
#603 = CARTESIAN_POINT('',(129.02886897765,74.494852237464,
    258.42273497044));
#604 = CARTESIAN_POINT('',(134.86445164656,77.864027462285,
    249.5533370153));
#605 = CARTESIAN_POINT('',(140.76922919831,81.273152371228,
    240.8341593958));
#606 = CARTESIAN_POINT('',(146.72588133157,84.712227083896,
    232.23813360648));
#607 = CARTESIAN_POINT('',(152.7177820572,88.171652580757,
    223.73811339624));
#608 = CARTESIAN_POINT('',(158.72898361209,91.642221416643,
    215.30699463254));
#609 = CARTESIAN_POINT('',(168.55286438053,97.31404162278,
    201.60590094999));
#610 = CARTESIAN_POINT('',(178.34798300085,102.96925599496,
    187.94492103662));
#611 = CARTESIAN_POINT('',(182.13745883568,105.1571108883,182.6477926798
    ));
#612 = CARTESIAN_POINT('',(185.91521536437,107.33819963706,
    177.34306496532));
#613 = CARTESIAN_POINT('',(189.67769438566,109.51046791283,
    172.02395430982));
#614 = CARTESIAN_POINT('',(193.4214266442,111.67191274006,
    166.68368611006));
#615 = CARTESIAN_POINT('',(197.14302861977,113.82058064249,
    161.3154860602));
#616 = CARTESIAN_POINT('',(200.83919931693,115.95456578946,
    155.91257146905));
#617 = CARTESIAN_POINT('',(204.50671705416,118.07200814231,
    150.46814257737));
#618 = CARTESIAN_POINT('',(209.5609596835,120.9900764849,142.83229827649
    ));
#619 = CARTESIAN_POINT('',(210.98062329609,121.80971965379,
    140.67282839525));
#620 = CARTESIAN_POINT('',(212.40183378738,122.63025591351,
    138.49807524257));
#621 = CARTESIAN_POINT('',(213.82501384532,123.45192930307,
    136.30915028404));
#622 = CARTESIAN_POINT('',(215.25060189866,124.27499294942,
    134.10716496007));
#623 = CARTESIAN_POINT('',(216.67905186524,125.09970892215,
    131.89323020625));
#624 = CARTESIAN_POINT('',(218.11083290102,125.92634808857,
    129.66845597373));
#625 = CARTESIAN_POINT('',(219.54642914841,126.75518996845,
    127.43395074956));
#626 = CARTESIAN_POINT('',(228.8106295717,132.10387857667,
    113.00193902548));
#627 = CARTESIAN_POINT('',(238.27466099227,137.56793966495,
    98.258625390442));
#628 = CARTESIAN_POINT('',(246.49307299082,142.31284204462,
    85.76214088487));
#629 = CARTESIAN_POINT('',(255.02942773919,147.2413087565,
    73.395817358519));
#630 = CARTESIAN_POINT('',(263.9976121514,152.41909244102,
    61.335013818211));
#631 = CARTESIAN_POINT('',(273.5104129017,157.91131051496,
    49.757512318183));
#632 = CARTESIAN_POINT('',(283.70631959447,163.79791998867,
    38.848572086024));
#633 = CARTESIAN_POINT('',(294.74913983857,170.17349522921,
    28.836167359885));
#634 = CARTESIAN_POINT('',(306.74469592171,177.09913276289,
    20.034079044016));
#635 = CARTESIAN_POINT('',(329.14471856145,190.03179186379,
    7.457102001773));
#636 = CARTESIAN_POINT('',(338.80952708059,195.61177166399,
    3.121218047476));
#637 = CARTESIAN_POINT('',(348.61432473853,201.27257423115,
    -0.393090382196));
#638 = CARTESIAN_POINT('',(358.4903292954,206.97448812057,
    -3.232878203837));
#639 = CARTESIAN_POINT('',(368.38812004614,212.6889802749,
    -5.531320053753));
#640 = CARTESIAN_POINT('',(378.26387551293,218.39075035209,
    -7.406051480359));
#641 = CARTESIAN_POINT('',(388.07078921858,224.05277461998,
    -8.965007300424));
#642 = CARTESIAN_POINT('',(397.75750662298,229.64540352097,
    -10.31003043431));
#643 = CARTESIAN_POINT('',(408.72593576795,235.97802904041,
    -11.72380975455));
#644 = CARTESIAN_POINT('',(419.38204793104,242.13033826628,
    -13.09733287361));
#645 = CARTESIAN_POINT('',(420.79084652321,242.94370851271,
    -13.27926590924));
#646 = CARTESIAN_POINT('',(422.19370547251,243.75364950471,
    -13.46112106924));
#647 = CARTESIAN_POINT('',(423.5904019415,244.56003258708,
    -13.64320849665));
#648 = CARTESIAN_POINT('',(424.98070996907,245.36272730103,
    -13.82583440433));
#649 = CARTESIAN_POINT('',(426.36440043538,246.16160136424,
    -14.00930092189));
#650 = CARTESIAN_POINT('',(427.74124102725,246.95652065058,
    -14.19390594152));
#651 = CARTESIAN_POINT('',(429.11099620309,247.74734917008,
    -14.37994296478));
#652 = CARTESIAN_POINT('',(431.20425779094,248.95589431131,
    -14.66841745536));
#653 = CARTESIAN_POINT('',(431.93598316086,249.37835615061,
    -14.7700428962));
#654 = CARTESIAN_POINT('',(432.6686534169,249.80136352016,
    -14.87249015047));
#655 = CARTESIAN_POINT('',(433.40231823668,250.22494510135,
    -14.97567110619));
#656 = CARTESIAN_POINT('',(434.13702682741,250.64912930399,
    -15.07949663969));
#657 = CARTESIAN_POINT('',(434.87282792629,251.07394426649,
    -15.18387659284));
#658 = CARTESIAN_POINT('',(435.60976980155,251.49941785655,
    -15.28871975325));
#659 = CARTESIAN_POINT('',(436.34790025284,251.9255776713,
    -15.39393383136));
#660 = CARTESIAN_POINT('',(444.39545550065,256.57183585995,
    -16.54214613292));
#661 = CARTESIAN_POINT('',(452.59498091847,261.30583406715,
    -17.7120412951));
#662 = CARTESIAN_POINT('',(460.21214761914,265.70360731225,
    -18.7010983505));
#663 = CARTESIAN_POINT('',(468.03929176857,270.22261109389,
    -19.51464830005));
#664 = CARTESIAN_POINT('',(476.11439456473,274.88477386702,
    -20.03963036381));
#665 = CARTESIAN_POINT('',(484.46396583206,279.70540108579,
    -20.14929582808));
#666 = CARTESIAN_POINT('',(493.09395371957,284.68792691578,
    -19.71031154095));
#667 = CARTESIAN_POINT('',(501.99113714759,289.82471816296,
    -18.60000191453));
#668 = CARTESIAN_POINT('',(511.13585020418,295.10442070785,
    -16.72156789418));
#669 = CARTESIAN_POINT('',(524.90278323187,303.0527631973,
    -12.71761995711));
#670 = CARTESIAN_POINT('',(529.29396471838,305.5880130106,
    -11.26993822478));
#671 = CARTESIAN_POINT('',(533.68103738356,308.12089059479,
    -9.662663502245));
#672 = CARTESIAN_POINT('',(538.04931625137,310.64291757503,
    -7.906778257424));
#673 = CARTESIAN_POINT('',(542.38215005352,313.14448033704,
    -6.011831765484));
#674 = CARTESIAN_POINT('',(546.66197442099,315.6154380877,
    -3.986310517136));
#675 = CARTESIAN_POINT('',(550.87102230915,318.04553301894,
    -1.837605962635));
#676 = CARTESIAN_POINT('',(554.99189849141,320.42472199208,
    0.428605131018));
#677 = CARTESIAN_POINT('',(563.02455142983,325.06237632838,
    5.190899737509));
#678 = CARTESIAN_POINT('',(570.58125494269,329.42524113572,
    10.424477967229));
#679 = CARTESIAN_POINT('',(574.22583254541,331.52943899572,
    13.162287856978));
#680 = CARTESIAN_POINT('',(577.72650306554,333.55055206289,
    16.027810772159));
#681 = CARTESIAN_POINT('',(581.06475067449,335.47789021849,19.0460104751
    ));
#682 = CARTESIAN_POINT('',(584.25177840434,337.31792153629,
    22.229918486864));
#683 = CARTESIAN_POINT('',(587.25778166261,339.05343832659,
    25.668175824712));
#684 = CARTESIAN_POINT('',(590.10380657481,340.6965915758,
    29.405696171072));
#685 = CARTESIAN_POINT('',(592.75941301794,342.22980667059,
    33.702431063577));
#686 = CARTESIAN_POINT('',(595.45045932488,343.7834829803,
    39.789105663987));
#687 = CARTESIAN_POINT('',(595.86084242434,344.02041777324,
    40.789780590208));
#688 = CARTESIAN_POINT('',(596.22493667012,344.23062768408,
    41.743232168286));
#689 = CARTESIAN_POINT('',(596.54634335762,344.41619192157,
    42.641610855122));
#690 = CARTESIAN_POINT('',(596.82906211736,344.57941967369,
    43.478072125412));
#691 = CARTESIAN_POINT('',(597.07708961924,344.72261841859,
    44.246802709039));
#692 = CARTESIAN_POINT('',(597.29407928274,344.84789745928,
    44.943006068231));
#693 = CARTESIAN_POINT('',(597.48306199812,344.95700668085,
    45.562847111547));
#694 = CARTESIAN_POINT('',(597.87014106428,345.1804868839,
    46.845099036984));
#695 = CARTESIAN_POINT('',(598.11863579737,345.32395538494,
    47.668271556028));
#696 = CARTESIAN_POINT('',(598.21918606896,345.38200811132,
    47.985126879499));
#697 = CARTESIAN_POINT('',(598.27599431077,345.414806365,48.140440511342
    ));
#698 = CARTESIAN_POINT('',(598.28533710709,345.420200431,48.135090410633
    ));
#699 = CARTESIAN_POINT('',(598.23919436172,345.3935599045,
    47.975317934831));
#700 = CARTESIAN_POINT('',(598.12686894257,345.32870879355,
    47.676369130669));
#701 = CARTESIAN_POINT('',(597.94024557799,345.22096174376,
    47.265267846629));
#702 = CARTESIAN_POINT('',(597.41992693614,344.92055563583,
    46.293781803167));
#703 = CARTESIAN_POINT('',(596.64892500252,344.4754174619,
    45.177698186932));
#704 = CARTESIAN_POINT('',(596.21172620391,344.22300061784,
    44.621954965397));
#705 = CARTESIAN_POINT('',(595.74288950043,343.95231762086,
    44.109407907135));
#706 = CARTESIAN_POINT('',(595.27555735091,343.68250327856,
    43.674125864999));
#707 = CARTESIAN_POINT('',(594.84733962026,343.43527165648,
    43.334593589288));
#708 = CARTESIAN_POINT('',(594.49100695922,343.22954289872,
    43.092298901859));
#709 = CARTESIAN_POINT('',(594.23056731384,343.07917799935,
    42.938256657128));
#710 = CARTESIAN_POINT('',(593.78773208821,342.82350696262,
    42.709001749353));
#711 = CARTESIAN_POINT('',(594.464298151,343.2141225611,43.061424387972)
  );
#712 = CARTESIAN_POINT('',(595.50561679479,343.8153281604,43.45249035038
    ));
#713 = CARTESIAN_POINT('',(597.13671641563,344.75704396557,
    43.877839402984));
#714 = CARTESIAN_POINT('',(599.33952685021,346.02883716295,
    44.288194010571));
#715 = CARTESIAN_POINT('',(602.11457623782,347.6310126739,
    44.652706845401));
#716 = CARTESIAN_POINT('',(605.47347685991,349.57027485224,
    44.943964660211));
#717 = CARTESIAN_POINT('',(609.42730526317,351.8530187452,
    45.150153787448));
#718 = CARTESIAN_POINT('',(613.99769504171,354.49173451414,
    45.257947710925));
#719 = CARTESIAN_POINT('',(619.20816370587,357.49999999999,
    45.257947710924));
#720 = CARTESIAN_POINT('',(54.244187682952,51.064443487958,490.));
#721 = CARTESIAN_POINT('',(54.244187682955,51.064443487959,
    482.12174013898));
#722 = CARTESIAN_POINT('',(54.464761612355,51.191791905477,
    474.43174512901));
#723 = CARTESIAN_POINT('',(54.898748974817,51.442354626012,
    466.91058660139));
#724 = CARTESIAN_POINT('',(55.538645520563,51.811799068968,
    459.53937157174));
#725 = CARTESIAN_POINT('',(56.376389392298,52.295470718801,
    452.29955694253));
#726 = CARTESIAN_POINT('',(57.403331257951,52.888375881406,
    445.1726232962));
#727 = CARTESIAN_POINT('',(58.610338755148,53.585241984805,
    438.13970901077));
#728 = CARTESIAN_POINT('',(59.987985561597,54.380626739367,
    431.18130575362));
#729 = CARTESIAN_POINT('',(61.526775417815,55.269047477078,
    424.27711638321));
#730 = CARTESIAN_POINT('',(66.403896588017,58.084854697565,
    404.45522887582));
#731 = CARTESIAN_POINT('',(70.137935359404,60.240702987391,
    391.58896966825));
#732 = CARTESIAN_POINT('',(74.374815561979,62.686866912866,
    378.83247891017));
#733 = CARTESIAN_POINT('',(79.070955319479,65.398184466023,
    366.21049876727));
#734 = CARTESIAN_POINT('',(84.183588537673,68.349964630798,
    353.74774894594));
#735 = CARTESIAN_POINT('',(89.670554566444,71.517865944561,
    341.46914563978));
#736 = CARTESIAN_POINT('',(95.490132035188,74.877800562697,
    329.39992382445));
#737 = CARTESIAN_POINT('',(101.6009168611,78.405863826908,
    317.56566290359));
#738 = CARTESIAN_POINT('',(107.96174443096,82.07828933663,
    305.99221570299));
#739 = CARTESIAN_POINT('',(119.90549523638,88.974017079275,
    285.47363919364));
#740 = CARTESIAN_POINT('',(125.4138019822,92.154239461753,
    276.44290582687));
#741 = CARTESIAN_POINT('',(131.03991727988,95.402478643365,
    267.58724449135));
#742 = CARTESIAN_POINT('',(136.76739388253,98.709238801667,
    258.88027162386));
#743 = CARTESIAN_POINT('',(142.58002662863,102.06516388235,
    250.29542209018));
#744 = CARTESIAN_POINT('',(148.46187066558,105.46104812038,
    241.80603502416));
#745 = CARTESIAN_POINT('',(154.39724747487,108.88783951899,
    233.38541973666));
#746 = CARTESIAN_POINT('',(160.37073870297,112.33663628753,
    225.00690169511));
#747 = CARTESIAN_POINT('',(170.16398774625,117.99077125891,
    211.34852922891));
#748 = CARTESIAN_POINT('',(179.97850176731,123.65718357093,
    197.66049908878));
#749 = CARTESIAN_POINT('',(183.78296453742,125.85369117538,
    192.34247257902));
#750 = CARTESIAN_POINT('',(187.58306443153,128.04767987219,
    187.00649609682));
#751 = CARTESIAN_POINT('',(191.37507548959,130.23699847733,
    181.64583539932));
#752 = CARTESIAN_POINT('',(195.15530587064,132.41951550543,
    176.25375968838));
#753 = CARTESIAN_POINT('',(198.92009662153,134.5931184589,
    170.82353827996));
#754 = CARTESIAN_POINT('',(202.66582044498,136.75571311668,
    165.34843727341));
#755 = CARTESIAN_POINT('',(206.38888046834,138.90522282337,
    159.82171622088));
#756 = CARTESIAN_POINT('',(211.52807505222,141.87233819979,
    152.0575282797));
#757 = CARTESIAN_POINT('',(212.96874214812,142.70410773542,
    149.86608017122));
#758 = CARTESIAN_POINT('',(214.40818694122,143.53517157421,
    147.66338100952));
#759 = CARTESIAN_POINT('',(215.8468922078,144.36580844714,
    145.45053150722));
#760 = CARTESIAN_POINT('',(217.28534676193,145.1963005712,
    143.22863236727));
#761 = CARTESIAN_POINT('',(218.72404535963,146.02693359385,140.998784099
    ));
#762 = CARTESIAN_POINT('',(220.16348860177,146.85799653719,
    138.76208683409));
#763 = CARTESIAN_POINT('',(221.60418283828,147.68978174246,
    136.51964014261));
#764 = CARTESIAN_POINT('',(230.88476966916,153.0479310475,
    122.06210124776));
#765 = CARTESIAN_POINT('',(240.25975942989,158.46058390951,
    107.45749902007));
#766 = CARTESIAN_POINT('',(248.32816716577,163.11888128775,
    95.194186470511));
#767 = CARTESIAN_POINT('',(256.63408556728,167.91430551274,
    83.17747708505));
#768 = CARTESIAN_POINT('',(265.27264567933,172.90178051884,
    71.582835959563));
#769 = CARTESIAN_POINT('',(274.33855650012,178.13598657167,
    60.586657659229));
#770 = CARTESIAN_POINT('',(283.93638654971,183.67729633444,
    50.368204957611));
#771 = CARTESIAN_POINT('',(294.18041621441,189.59168961894,
    41.123125903194));
#772 = CARTESIAN_POINT('',(305.16268298682,195.9323042963,
    33.079983574081));
#773 = CARTESIAN_POINT('',(325.50346643066,207.67606109313,
    21.659210903048));
#774 = CARTESIAN_POINT('',(334.37787898462,212.79970557006,
    17.666849826515));
#775 = CARTESIAN_POINT('',(343.49541461621,218.0637172213,
    14.381007740464));
#776 = CARTESIAN_POINT('',(352.79527077038,223.43299167534,
    11.690313916028));
#777 = CARTESIAN_POINT('',(362.22407188494,228.87671253696,
    9.488722034055));
#778 = CARTESIAN_POINT('',(371.73059023456,234.36530346517,
    7.676146495472));
#779 = CARTESIAN_POINT('',(381.26245306244,239.86852703473,
    6.156222856021));
#780 = CARTESIAN_POINT('',(390.76554299637,245.35513856622,
    4.834923493764));
#781 = CARTESIAN_POINT('',(401.62639832675,251.62565631484,
    3.435009936114));
#782 = CARTESIAN_POINT('',(412.29897573974,257.78747175718,
    2.059364523195));
#783 = CARTESIAN_POINT('',(413.71215576291,258.60337162396,
    1.876866705564));
#784 = CARTESIAN_POINT('',(415.12160397463,259.41711692842,
    1.694160121942));
#785 = CARTESIAN_POINT('',(416.52711147964,260.22858706477,
    1.510928723647));
#786 = CARTESIAN_POINT('',(417.92846818442,261.03766073552,
    1.326857969366));
#787 = CARTESIAN_POINT('',(419.32546278382,261.84421594353,
    1.141634884402));
#788 = CARTESIAN_POINT('',(420.7178827477,262.64812998451,0.954948119214
    ));
#789 = CARTESIAN_POINT('',(422.10551430753,263.44927943911,
    0.766488008708));
#790 = CARTESIAN_POINT('',(424.22980717948,264.67574050057,
    0.473737065578));
#791 = CARTESIAN_POINT('',(424.97118385731,265.10377452508,
    0.370769921782));
#792 = CARTESIAN_POINT('',(425.71231670083,265.5316677718,0.267137426625
    ));
#793 = CARTESIAN_POINT('',(426.45324975355,265.95944566922,
    0.162932187391));
#794 = CARTESIAN_POINT('',(427.19402687846,266.38713354172,
    5.824719948555E-02));
#795 = CARTESIAN_POINT('',(427.93469175833,266.81475660947,
    -4.682414492032E-02));
#796 = CARTESIAN_POINT('',(428.67528789598,267.24233998892,
    -0.152188049218));
#797 = CARTESIAN_POINT('',(429.41585861451,267.66990869261,
    -0.257750303595));
#798 = CARTESIAN_POINT('',(437.47671550486,272.32384658815,
    -1.407860462226));
#799 = CARTESIAN_POINT('',(445.54476223841,276.98193554161,
    -2.558996456175));
#800 = CARTESIAN_POINT('',(452.91912791627,281.23952755082,
    -3.513428607737));
#801 = CARTESIAN_POINT('',(460.38015543059,285.54715379465,
    -4.280939946834));
#802 = CARTESIAN_POINT('',(467.96654494314,289.92715782188,
    -4.761368998855));
#803 = CARTESIAN_POINT('',(475.71259625136,294.39934262987,
    -4.849303662853));
#804 = CARTESIAN_POINT('',(483.64472179167,298.97895744578,
    -4.436806078597));
#805 = CARTESIAN_POINT('',(491.78198077541,303.67700611053,
    -3.420026576877));
#806 = CARTESIAN_POINT('',(500.14096020691,308.50306513545,
    -1.705041603613));
#807 = CARTESIAN_POINT('',(512.76113378873,315.78932575013,1.96538505399
    ));
#808 = CARTESIAN_POINT('',(516.81574874784,318.13025878823,
    3.300973186159));
#809 = CARTESIAN_POINT('',(520.88578846755,320.48009731603,4.79096525059
    ));
#810 = CARTESIAN_POINT('',(524.94967465879,322.82638310248,
    6.423825091165));
#811 = CARTESIAN_POINT('',(528.98507477249,325.15622244443,
    8.188566317198));
#812 = CARTESIAN_POINT('',(532.96930599799,327.45651941497,
    10.074610217764));
#813 = CARTESIAN_POINT('',(536.87960777972,329.71413320128,
    12.071798133532));
#814 = CARTESIAN_POINT('',(540.69336218938,331.91600533631,
    14.17062915009));
#815 = CARTESIAN_POINT('',(548.08332080941,336.18259993489,
    18.554958784593));
#816 = CARTESIAN_POINT('',(554.91224537773,340.12528137268,
    23.287756509886));
#817 = CARTESIAN_POINT('',(558.16483180182,342.00316302021,
    25.735176516023));
#818 = CARTESIAN_POINT('',(561.23571022079,343.776135502,28.258861447367
    ));
#819 = CARTESIAN_POINT('',(564.10183284842,345.43089217267,
    30.861063950795));
#820 = CARTESIAN_POINT('',(566.75155191336,346.96070818801,
    33.539459522048));
#821 = CARTESIAN_POINT('',(569.15748931295,348.34977679338,36.3207271005
    ));
#822 = CARTESIAN_POINT('',(571.31177303962,349.59355308285,
    39.214772027526));
#823 = CARTESIAN_POINT('',(573.18678120459,350.67608955164,
    42.313987144248));
#824 = CARTESIAN_POINT('',(574.98375594113,351.71357339951,
    46.378428717874));
#825 = CARTESIAN_POINT('',(575.26231025338,351.87439680667,
    47.056855872374));
#826 = CARTESIAN_POINT('',(575.51479227943,352.02016737236,
    47.716294534425));
#827 = CARTESIAN_POINT('',(575.74368320381,352.1523176092,
    48.353566085373));
#828 = CARTESIAN_POINT('',(575.95161701058,352.27236824847,
    48.965877426318));
#829 = CARTESIAN_POINT('',(576.14122654804,352.38183936601,
    49.550831043353));
#830 = CARTESIAN_POINT('',(576.31501299534,352.4821750181,
    50.106419435856));
#831 = CARTESIAN_POINT('',(576.47523873232,352.57468139049,
    50.631003909769));
#832 = CARTESIAN_POINT('',(576.82777473,352.77821814365,51.798827234099)
  );
#833 = CARTESIAN_POINT('',(577.12367306548,352.94905512729,
    52.779030617727));
#834 = CARTESIAN_POINT('',(577.27994970176,353.03928148531,
    53.280644020489));
#835 = CARTESIAN_POINT('',(577.42396773408,353.12243033504,
    53.715570024164));
#836 = CARTESIAN_POINT('',(577.55714100268,353.19931795752,
    54.083712346818));
#837 = CARTESIAN_POINT('',(577.6792351624,353.26980905349,
    54.387032080508));
#838 = CARTESIAN_POINT('',(577.78898896885,353.3331754432,
    54.630944473496));
#839 = CARTESIAN_POINT('',(577.88613156791,353.38926074891,
    54.825382682678));
#840 = CARTESIAN_POINT('',(578.06146319199,353.49048850927,
    55.143222492654));
#841 = CARTESIAN_POINT('',(578.22692742302,353.5860193276,
    55.376318756029));
#842 = CARTESIAN_POINT('',(578.31424400271,353.63643157839,
    55.485996400532));
#843 = CARTESIAN_POINT('',(578.41668206435,353.69557422085,
    55.604058611032));
#844 = CARTESIAN_POINT('',(578.54979702299,353.77242817805,
    55.743140974735));
#845 = CARTESIAN_POINT('',(578.73085796909,353.87696376403,
    55.909901091071));
#846 = CARTESIAN_POINT('',(578.97527769396,354.01807955797,
    56.104476618555));
#847 = CARTESIAN_POINT('',(579.29510765664,354.20273347303,
    56.322987835066));
#848 = CARTESIAN_POINT('',(580.50884306145,354.90348393571,
    57.036798235992));
#849 = CARTESIAN_POINT('',(582.55076892901,356.08239038503,
    57.876684489212));
#850 = CARTESIAN_POINT('',(584.33845790692,357.11451309761,
    58.449895481747));
#851 = CARTESIAN_POINT('',(586.57509959987,358.4058387812,
    58.986193679705));
#852 = CARTESIAN_POINT('',(589.27649938081,359.96549267179,
    59.463211951331));
#853 = CARTESIAN_POINT('',(592.46559684208,361.80671894966,
    59.865652904758));
#854 = CARTESIAN_POINT('',(596.16958340162,363.94521658678,
    60.179536445251));
#855 = CARTESIAN_POINT('',(600.41544497085,366.39656590678,
    60.396866402575));
#856 = CARTESIAN_POINT('',(605.23421709527,369.17868528995,
    60.509066285067));
#857 = CARTESIAN_POINT('',(610.65765798126,372.30991034542,
    60.509066285066));
#858 = CARTESIAN_POINT('',(71.331367904314,58.45044661634,490.));
#859 = CARTESIAN_POINT('',(71.331367904314,58.450446616339,
    482.65975540373));
#860 = CARTESIAN_POINT('',(71.536878590943,58.569098266588,
    475.51798263043));
#861 = CARTESIAN_POINT('',(71.939791440221,58.801720108573,
    468.54948695025));
#862 = CARTESIAN_POINT('',(72.532323900196,59.143818883855,
    461.72856594327));
#863 = CARTESIAN_POINT('',(73.307222183754,59.591206616444,
    455.02918540001));
#864 = CARTESIAN_POINT('',(74.257789589729,60.140016964186,
    448.42528865754));
#865 = CARTESIAN_POINT('',(75.377787462713,60.786648037628,
    441.89114355447));
#866 = CARTESIAN_POINT('',(76.661255900701,61.527658885808,
    435.40163118951));
#867 = CARTESIAN_POINT('',(78.102301322007,62.359646847709,
    428.93238066678));
#868 = CARTESIAN_POINT('',(82.696763195737,65.01226064729,
    410.25929397487));
#869 = CARTESIAN_POINT('',(86.229257500612,67.051747185118,
    398.0782940866));
#870 = CARTESIAN_POINT('',(90.254588479321,69.375773109257,
    385.94733922028));
#871 = CARTESIAN_POINT('',(94.733948766331,71.961932976756,
    373.89743481757));
#872 = CARTESIAN_POINT('',(99.627757411436,74.78737471537,
    361.95960761752));
#873 = CARTESIAN_POINT('',(104.89585933823,77.828914780929,
    350.16469803585));
#874 = CARTESIAN_POINT('',(110.49768291287,81.063129129698,
    338.54324419543));
#875 = CARTESIAN_POINT('',(116.39235562623,84.466420007541,
    327.12545760748));
#876 = CARTESIAN_POINT('',(122.53877788636,88.015058553979,
    315.94129050414));
#877 = CARTESIAN_POINT('',(134.09524328924,94.687186965212,
    296.08804478514));
#878 = CARTESIAN_POINT('',(139.44077100485,97.773428830782,
    287.32294146739));
#879 = CARTESIAN_POINT('',(144.91863797872,100.93607680272,
    278.69858280122));
#880 = CARTESIAN_POINT('',(150.51504340138,104.16716297999,
    270.18853919595));
#881 = CARTESIAN_POINT('',(156.21595690004,107.45858692307,
    261.76655323975));
#882 = CARTESIAN_POINT('',(162.0071012583,110.80210567723,253.406458301)
  );
#883 = CARTESIAN_POINT('',(167.87394670168,114.18933047326,
    245.08211602823));
#884 = CARTESIAN_POINT('',(173.80171674867,117.61173010558,
    236.76737274927));
#885 = CARTESIAN_POINT('',(183.55782692924,123.24442294458,
    223.1607968235));
#886 = CARTESIAN_POINT('',(193.39585654148,128.9244119895,
    209.43997014143));
#887 = CARTESIAN_POINT('',(197.21848994119,131.13141041184,
    204.09660605667));
#888 = CARTESIAN_POINT('',(201.04567963122,133.3410394096,198.72274259)
  );
#889 = CARTESIAN_POINT('',(204.8734962553,135.55103036795,
    193.31170532054));
#890 = CARTESIAN_POINT('',(208.69797810306,137.75909599224,
    187.85681656079));
#891 = CARTESIAN_POINT('',(212.5151322774,139.96293098235,
    182.35139851519));
#892 = CARTESIAN_POINT('',(216.32093586286,142.16021270689,
    176.78877643825));
#893 = CARTESIAN_POINT('',(220.11133709309,144.3486018775,
    171.16228179312));
#894 = CARTESIAN_POINT('',(225.35353008676,147.37518341354,
    163.24248600362));
#895 = CARTESIAN_POINT('',(226.81966246347,148.2216553359,
    161.01226649111));
#896 = CARTESIAN_POINT('',(228.28121509511,149.06548314122,158.775684713
    ));
#897 = CARTESIAN_POINT('',(229.73874361069,149.90698762204,
    156.53382834469));
#898 = CARTESIAN_POINT('',(231.19279791338,150.74648626511,
    154.28778507069));
#899 = CARTESIAN_POINT('',(232.64392227227,151.58429330434,
    152.03864275921));
#900 = CARTESIAN_POINT('',(234.09265541339,152.42071977335,
    149.78748963649));
#901 = CARTESIAN_POINT('',(235.53953061152,153.25607355848,
    147.53541446137));
#902 = CARTESIAN_POINT('',(244.83998483606,158.6256933086,
    133.04692562534));
#903 = CARTESIAN_POINT('',(254.10701770025,163.97601722733,
    118.61050145138));
#904 = CARTESIAN_POINT('',(261.99355557102,168.52931198999,
    106.62989388254));
#905 = CARTESIAN_POINT('',(270.02008573,173.16343133794,95.037067628945)
  );
#906 = CARTESIAN_POINT('',(278.25899901906,177.92017014321,
    84.00761641198));
#907 = CARTESIAN_POINT('',(286.78308649593,182.84155434257,
    73.71625256192));
#908 = CARTESIAN_POINT('',(295.65578969584,187.96421192349,
    64.334968563362));
#909 = CARTESIAN_POINT('',(304.93134064969,193.31945376357,
    56.020219180528));
#910 = CARTESIAN_POINT('',(314.68506373282,198.95076841122,
    48.897246730485));
#911 = CARTESIAN_POINT('',(332.52916109495,209.25306282669,
    38.87829244314));
#912 = CARTESIAN_POINT('',(340.4452728312,213.82343206854,
    35.302429260282));
#913 = CARTESIAN_POINT('',(348.7295504619,218.60636198868,
    32.293586923145));
#914 = CARTESIAN_POINT('',(357.33086625184,223.57233397537,
    29.783659329521));
#915 = CARTESIAN_POINT('',(366.19104964606,228.68776324311,
    27.699491381259));
#916 = CARTESIAN_POINT('',(375.24989335302,233.91788909585,
    25.962275587661));
#917 = CARTESIAN_POINT('',(384.44827588404,239.22857772626,
    24.489675786149));
#918 = CARTESIAN_POINT('',(393.72873012289,244.58665047925,
    23.197139867502));
#919 = CARTESIAN_POINT('',(404.45915959201,250.78186682177,
    21.814037594577));
#920 = CARTESIAN_POINT('',(415.15169998955,256.95520789862,
    20.435819046133));
#921 = CARTESIAN_POINT('',(416.57019219686,257.77417475635,20.2526364691
    ));
#922 = CARTESIAN_POINT('',(417.98762943664,258.5925325283,20.06889759289
    ));
#923 = CARTESIAN_POINT('',(419.40381971766,259.41017036826,
    19.884279208361));
#924 = CARTESIAN_POINT('',(420.81857218462,260.22697808591,
    19.698456676939));
#925 = CARTESIAN_POINT('',(422.23169713159,261.04284615443,
    19.511103874555));
#926 = CARTESIAN_POINT('',(423.64300601392,261.85766571756,
    19.321893135917));
#927 = CARTESIAN_POINT('',(425.05231146147,262.67132859707,
    19.130495198551));
#928 = CARTESIAN_POINT('',(427.21422763393,263.91951148121,
    18.832559350434));
#929 = CARTESIAN_POINT('',(427.96730585967,264.35430139756,
    18.727965483979));
#930 = CARTESIAN_POINT('',(428.71869900926,264.78811843474,
    18.622895965622));
#931 = CARTESIAN_POINT('',(429.46844429517,265.22098407738,
    18.517448853046));
#932 = CARTESIAN_POINT('',(430.21657910095,265.6529199089,
    18.411721835635));
#933 = CARTESIAN_POINT('',(430.9631409812,266.08394761141,
    18.305812226871));
#934 = CARTESIAN_POINT('',(431.70816766099,266.51408896555,
    18.199816956356));
#935 = CARTESIAN_POINT('',(432.45169703595,266.94336585033,
    18.093832562166));
#936 = CARTESIAN_POINT('',(440.5286812542,271.60661486298,
    16.941421382204));
#937 = CARTESIAN_POINT('',(448.43731911396,276.17266906025,
    15.813029591218));
#938 = CARTESIAN_POINT('',(455.51730522904,280.26030094962,
    14.900577757278));
#939 = CARTESIAN_POINT('',(462.5344414707,284.31164644773,
    14.188885071091));
#940 = CARTESIAN_POINT('',(469.52829969532,288.34955237632,
    13.762473485579));
#941 = CARTESIAN_POINT('',(476.54262450712,292.39927469466,
    13.700885924294));
#942 = CARTESIAN_POINT('',(483.6286398857,296.49038758093,
    14.081270200593));
#943 = CARTESIAN_POINT('',(490.84454267779,300.65649100041,
    14.984650850448));
#944 = CARTESIAN_POINT('',(498.25087405869,304.93253841687,
    16.501465080964));
#945 = CARTESIAN_POINT('',(509.48068058005,311.41607023492,
    19.767520095862));
#946 = CARTESIAN_POINT('',(513.12723174252,313.52140753018,
    20.967202437192));
#947 = CARTESIAN_POINT('',(516.81289079186,315.64932377447,
    22.314997334589));
#948 = CARTESIAN_POINT('',(520.50772177077,317.78253543474,
    23.798697322576));
#949 = CARTESIAN_POINT('',(524.18250396694,319.90417192493,
    25.405573607397));
#950 = CARTESIAN_POINT('',(527.8083488114,321.99755442191,27.12251080383
    ));
#951 = CARTESIAN_POINT('',(531.35644145903,324.04604666713,
    28.93599520255));
#952 = CARTESIAN_POINT('',(534.79783181475,326.03293431539,
    30.831889372425));
#953 = CARTESIAN_POINT('',(541.4085677186,329.84964446902,
    34.757962439759));
#954 = CARTESIAN_POINT('',(547.35511030572,333.28288243244,
    38.88359820062));
#955 = CARTESIAN_POINT('',(550.1324343506,334.88637121738,
    40.978940418948));
#956 = CARTESIAN_POINT('',(552.68221936784,336.35849028347,
    43.088170274755));
#957 = CARTESIAN_POINT('',(554.97592288498,337.68276062651,
    45.186004747472));
#958 = CARTESIAN_POINT('',(556.97419209946,338.83646189543,
    47.251501206803));
#959 = CARTESIAN_POINT('',(558.65259086259,339.80548587311,
    49.236213828766));
#960 = CARTESIAN_POINT('',(559.96818591535,340.56504503097,
    51.107602745793));
#961 = CARTESIAN_POINT('',(560.8967722852,341.10116462157,52.75490738862
    ));
#962 = CARTESIAN_POINT('',(561.60974665389,341.51280056526,
    54.367530318745));
#963 = CARTESIAN_POINT('',(561.7284676166,341.58134414504,
    54.655254184304));
#964 = CARTESIAN_POINT('',(561.84562749254,341.64898643095,
    54.958222380635));
#965 = CARTESIAN_POINT('',(561.96234940878,341.71637586071,
    55.27891946395));
#966 = CARTESIAN_POINT('',(562.07961159685,341.78407721657,
    55.619464411884));
#967 = CARTESIAN_POINT('',(562.19839336501,341.85265590237,
    55.981601079968));
#968 = CARTESIAN_POINT('',(562.31979888019,341.92274940926,
    56.36670348385));
#969 = CARTESIAN_POINT('',(562.44515875607,341.99512596734,
    56.775795910251));
#970 = CARTESIAN_POINT('',(562.75581365591,342.17448265739,
    57.804882415517));
#971 = CARTESIAN_POINT('',(563.10918560324,342.37850204629,
    58.97547493645));
#972 = CARTESIAN_POINT('',(563.33302662909,342.50773672284,
    59.70109481983));
#973 = CARTESIAN_POINT('',(563.58278054201,342.65193221167,
    60.475031618596));
#974 = CARTESIAN_POINT('',(563.86608975298,342.81550086093,
    61.296007850396));
#975 = CARTESIAN_POINT('',(564.19215960411,343.00375737721,
    62.160795079647));
#976 = CARTESIAN_POINT('',(564.57116921782,343.22257867974,
    63.062889386543));
#977 = CARTESIAN_POINT('',(565.01235855663,343.47729946325,
    63.991502638478));
#978 = CARTESIAN_POINT('',(566.0311183459,344.06548070183,
    65.872561485596));
#979 = CARTESIAN_POINT('',(567.33198347836,344.81653553623,
    67.741445681648));
#980 = CARTESIAN_POINT('',(568.05523892671,345.23410726404,
    68.657900420346));
#981 = CARTESIAN_POINT('',(568.85030840195,345.69314083958,
    69.540533054442));
#982 = CARTESIAN_POINT('',(569.71142423601,346.19030629819,
    70.375992808774));
#983 = CARTESIAN_POINT('',(570.63119372826,346.72133546212,
    71.15659767466));
#984 = CARTESIAN_POINT('',(571.60398445691,347.28297645118,
    71.880848330354));
#985 = CARTESIAN_POINT('',(572.62735146236,347.87381766725,
    72.551055028975));
#986 = CARTESIAN_POINT('',(575.84956497138,349.73416350407,
    74.408267340211));
#987 = CARTESIAN_POINT('',(579.54689581957,351.86881846456,
    75.839169743639));
#988 = CARTESIAN_POINT('',(582.23950756141,353.42339857853,
    76.633219074164));
#989 = CARTESIAN_POINT('',(585.21032742404,355.13860222595,
    77.304035490114));
#990 = CARTESIAN_POINT('',(588.51623254046,357.0472674348,
    77.861878875393));
#991 = CARTESIAN_POINT('',(592.20733485156,359.17832634775,
    78.310305067508));
#992 = CARTESIAN_POINT('',(596.32971440706,361.5583832938,
    78.651620746241));
#993 = CARTESIAN_POINT('',(600.9296461312,364.214155113,78.882458194843)
  );
#994 = CARTESIAN_POINT('',(606.04956478929,367.17014152847,
    78.999999999999));
#995 = CARTESIAN_POINT('',(611.7312198658,370.45044661634,79.));
#996 = CARTESIAN_POINT('',(78.808311744384,45.5,490.));
#997 = CARTESIAN_POINT('',(78.808311744386,45.499999999999,
    482.65975540373));
#998 = CARTESIAN_POINT('',(79.013822431004,45.61865165025,
    475.51798263043));
#999 = CARTESIAN_POINT('',(79.416735280309,45.851273492229,
    468.54948695025));
#1000 = CARTESIAN_POINT('',(80.009267740241,46.193372267522,
    461.72856594327));
#1001 = CARTESIAN_POINT('',(80.784166023847,46.640760000094,
    455.02918540001));
#1002 = CARTESIAN_POINT('',(81.734733429784,47.189570347857,
    448.42528865754));
#1003 = CARTESIAN_POINT('',(82.854731302789,47.83620142128,
    441.89114355447));
#1004 = CARTESIAN_POINT('',(84.138199740769,48.577212269471,
    435.40163118951));
#1005 = CARTESIAN_POINT('',(85.579245162078,49.409200231369,
    428.93238066678));
#1006 = CARTESIAN_POINT('',(90.173707035805,52.061814030951,
    410.25929397487));
#1007 = CARTESIAN_POINT('',(93.706201340693,54.101300568778,
    398.07829408661));
#1008 = CARTESIAN_POINT('',(97.731532319365,56.425326492917,
    385.94733922027));
#1009 = CARTESIAN_POINT('',(102.21089260644,59.011486360418,
    373.89743481758));
#1010 = CARTESIAN_POINT('',(107.10470125145,61.836928099026,
    361.95960761751));
#1011 = CARTESIAN_POINT('',(112.37280317834,64.878468164594,
    350.16469803586));
#1012 = CARTESIAN_POINT('',(117.97462675292,68.112682513353,
    338.54324419542));
#1013 = CARTESIAN_POINT('',(123.86929946631,71.515973391205,
    327.12545760749));
#1014 = CARTESIAN_POINT('',(130.01572172642,75.064611937637,
    315.94129050414));
#1015 = CARTESIAN_POINT('',(141.57218712931,81.736740348873,
    296.08804478514));
#1016 = CARTESIAN_POINT('',(146.91771484492,84.822982214436,
    287.32294146739));
#1017 = CARTESIAN_POINT('',(152.39558181879,87.985630186398,
    278.69858280121));
#1018 = CARTESIAN_POINT('',(157.99198724145,91.216716363641,
    270.18853919596));
#1019 = CARTESIAN_POINT('',(163.69290074011,94.508140306752,
    261.76655323975));
#1020 = CARTESIAN_POINT('',(169.48404509838,97.851659060883,
    253.406458301));
#1021 = CARTESIAN_POINT('',(175.35089054175,101.23888385693,
    245.08211602823));
#1022 = CARTESIAN_POINT('',(181.27866058874,104.66128348924,
    236.76737274927));
#1023 = CARTESIAN_POINT('',(191.03477076931,110.29397632824,
    223.1607968235));
#1024 = CARTESIAN_POINT('',(200.87280038154,115.97396537316,
    209.43997014143));
#1025 = CARTESIAN_POINT('',(204.69543378128,118.1809637955,
    204.09660605667));
#1026 = CARTESIAN_POINT('',(208.52262347125,120.39059279326,
    198.72274259001));
#1027 = CARTESIAN_POINT('',(212.35044009542,122.60058375161,
    193.31170532053));
#1028 = CARTESIAN_POINT('',(216.17492194308,124.8086493759,
    187.8568165608));
#1029 = CARTESIAN_POINT('',(219.9920761175,127.01248436601,
    182.35139851519));
#1030 = CARTESIAN_POINT('',(223.79787970292,129.20976609055,
    176.78877643825));
#1031 = CARTESIAN_POINT('',(227.58828093316,131.39815526116,
    171.16228179312));
#1032 = CARTESIAN_POINT('',(232.83047392683,134.4247367972,
    163.24248600362));
#1033 = CARTESIAN_POINT('',(234.29660630354,135.27120871956,
    161.01226649111));
#1034 = CARTESIAN_POINT('',(235.75815893519,136.11503652488,
    158.775684713));
#1035 = CARTESIAN_POINT('',(237.21568745075,136.95654100569,
    156.53382834469));
#1036 = CARTESIAN_POINT('',(238.66974175347,137.79603964878,
    154.2877850707));
#1037 = CARTESIAN_POINT('',(240.12086611233,138.633846688,
    152.03864275921));
#1038 = CARTESIAN_POINT('',(241.56959925346,139.47027315701,
    149.78748963649));
#1039 = CARTESIAN_POINT('',(243.01647445159,140.30562694214,
    147.53541446137));
#1040 = CARTESIAN_POINT('',(252.31692867613,145.67524669226,
    133.04692562534));
#1041 = CARTESIAN_POINT('',(261.58396154032,151.02557061099,
    118.61050145138));
#1042 = CARTESIAN_POINT('',(269.47049941109,155.57886537365,
    106.62989388254));
#1043 = CARTESIAN_POINT('',(277.49702957007,160.2129847216,
    95.037067628941));
#1044 = CARTESIAN_POINT('',(285.73594285913,164.96972352687,
    84.007616411985));
#1045 = CARTESIAN_POINT('',(294.26003033599,169.89110772623,
    73.716252561916));
#1046 = CARTESIAN_POINT('',(303.13273353592,175.01376530715,
    64.334968563363));
#1047 = CARTESIAN_POINT('',(312.40828448976,180.36900714723,
    56.020219180528));
#1048 = CARTESIAN_POINT('',(322.16200757289,186.00032179488,
    48.897246730485));
#1049 = CARTESIAN_POINT('',(340.00610493502,196.30261621035,
    38.87829244314));
#1050 = CARTESIAN_POINT('',(347.92221667126,200.8729854522,
    35.302429260279));
#1051 = CARTESIAN_POINT('',(356.20649430198,205.65591537234,
    32.293586923154));
#1052 = CARTESIAN_POINT('',(364.80781009189,210.62188735903,
    29.783659329506));
#1053 = CARTESIAN_POINT('',(373.66799348615,215.73731662677,
    27.699491381275));
#1054 = CARTESIAN_POINT('',(382.72683719306,220.96744247951,
    25.962275587647));
#1055 = CARTESIAN_POINT('',(391.92521972412,226.27813110992,
    24.489675786158));
#1056 = CARTESIAN_POINT('',(401.20567396295,231.63620386291,
    23.197139867499));
#1057 = CARTESIAN_POINT('',(411.93610343208,237.83142020543,
    21.814037594578));
#1058 = CARTESIAN_POINT('',(422.62864382962,244.00476128228,
    20.435819046133));
#1059 = CARTESIAN_POINT('',(424.04713603693,244.82372814,20.2526364691)
  );
#1060 = CARTESIAN_POINT('',(425.46457327671,245.64208591197,
    20.068897592893));
#1061 = CARTESIAN_POINT('',(426.88076355772,246.45972375191,
    19.884279208354));
#1062 = CARTESIAN_POINT('',(428.29551602469,247.27653146957,
    19.698456676947));
#1063 = CARTESIAN_POINT('',(429.70864097167,248.09239953809,
    19.511103874547));
#1064 = CARTESIAN_POINT('',(431.11994985398,248.90721910122,
    19.32189313592));
#1065 = CARTESIAN_POINT('',(432.52925530154,249.72088198073,
    19.13049519855));
#1066 = CARTESIAN_POINT('',(434.691171474,250.96906486487,
    18.832559350434));
#1067 = CARTESIAN_POINT('',(435.44424969974,251.40385478122,
    18.727965483976));
#1068 = CARTESIAN_POINT('',(436.19564284933,251.83767181839,
    18.622895965625));
#1069 = CARTESIAN_POINT('',(436.94538813523,252.27053746105,
    18.517448853044));
#1070 = CARTESIAN_POINT('',(437.69352294103,252.70247329254,
    18.411721835634));
#1071 = CARTESIAN_POINT('',(438.44008482126,253.13350099508,
    18.305812226872));
#1072 = CARTESIAN_POINT('',(439.18511150106,253.56364234921,
    18.199816956356));
#1073 = CARTESIAN_POINT('',(439.92864087601,253.99291923399,
    18.093832562166));
#1074 = CARTESIAN_POINT('',(448.00562509427,258.65616824664,
    16.941421382204));
#1075 = CARTESIAN_POINT('',(455.91426295404,263.22222244391,
    15.81302959122));
#1076 = CARTESIAN_POINT('',(462.99424906911,267.30985433328,
    14.900577757272));
#1077 = CARTESIAN_POINT('',(470.01138531078,271.36119983139,
    14.188885071103));
#1078 = CARTESIAN_POINT('',(477.00524353537,275.39910575998,
    13.762473485564));
#1079 = CARTESIAN_POINT('',(484.0195683472,279.44882807833,
    13.700885924308));
#1080 = CARTESIAN_POINT('',(491.10558372577,283.53994096458,
    14.081270200585));
#1081 = CARTESIAN_POINT('',(498.32148651786,287.70604438407,
    14.984650850451));
#1082 = CARTESIAN_POINT('',(505.72781789876,291.98209180053,
    16.501465080964));
#1083 = CARTESIAN_POINT('',(516.95762442012,298.46562361858,
    19.767520095861));
#1084 = CARTESIAN_POINT('',(520.60417558257,300.57096091384,
    20.967202437202));
#1085 = CARTESIAN_POINT('',(524.28983463196,302.69887715813,
    22.314997334562));
#1086 = CARTESIAN_POINT('',(527.98466561078,304.83208881839,
    23.798697322622));
#1087 = CARTESIAN_POINT('',(531.65944780707,306.9537253086,
    25.405573607341));
#1088 = CARTESIAN_POINT('',(535.28529265142,309.04710780555,
    27.122510803878));
#1089 = CARTESIAN_POINT('',(538.83338529912,311.0956000508,
    28.935995202523));
#1090 = CARTESIAN_POINT('',(542.27477565482,313.08248769905,
    30.831889372433));
#1091 = CARTESIAN_POINT('',(548.88551155867,316.89919785268,
    34.757962439753));
#1092 = CARTESIAN_POINT('',(554.83205414579,320.3324358161,
    38.883598200625));
#1093 = CARTESIAN_POINT('',(557.60937819066,321.93592460104,
    40.978940418936));
#1094 = CARTESIAN_POINT('',(560.15916320793,323.40804366712,
    43.088170274777));
#1095 = CARTESIAN_POINT('',(562.45286672501,324.73231401017,
    45.186004747447));
#1096 = CARTESIAN_POINT('',(564.45113593957,325.88601527909,
    47.251501206822));
#1097 = CARTESIAN_POINT('',(566.12953470263,326.85503925677,
    49.236213828757));
#1098 = CARTESIAN_POINT('',(567.44512975543,327.61459841464,
    51.107602745797));
#1099 = CARTESIAN_POINT('',(568.37371612527,328.15071800523,
    52.754907388619));
#1100 = CARTESIAN_POINT('',(569.08669049395,328.56235394892,
    54.367530318747));
#1101 = CARTESIAN_POINT('',(569.20541145668,328.6308975287,
    54.655254184295));
#1102 = CARTESIAN_POINT('',(569.32257133258,328.6985398146,
    54.958222380658));
#1103 = CARTESIAN_POINT('',(569.4392932489,328.76592924439,
    55.278919463916));
#1104 = CARTESIAN_POINT('',(569.55655543687,328.8336306002,
    55.61946441192));
#1105 = CARTESIAN_POINT('',(569.67533720512,328.90220928606,
    55.981601079941));
#1106 = CARTESIAN_POINT('',(569.79674272023,328.9723027929,
    56.366703483864));
#1107 = CARTESIAN_POINT('',(569.92210259615,329.044679351,
    56.775795910247));
#1108 = CARTESIAN_POINT('',(570.23275749598,329.22403604104,
    57.804882415521));
#1109 = CARTESIAN_POINT('',(570.58612944331,329.42805542996,
    58.975474936447));
#1110 = CARTESIAN_POINT('',(570.80997046916,329.55729010647,
    59.701094819836));
#1111 = CARTESIAN_POINT('',(571.05972438209,329.70148559538,
    60.475031618585));
#1112 = CARTESIAN_POINT('',(571.34303359304,329.86505424452,
    61.29600785041));
#1113 = CARTESIAN_POINT('',(571.66910344418,330.05331076092,
    62.160795079636));
#1114 = CARTESIAN_POINT('',(572.04811305789,330.27213206337,
    63.062889386549));
#1115 = CARTESIAN_POINT('',(572.4893023967,330.52685284692,
    63.991502638476));
#1116 = CARTESIAN_POINT('',(573.50806218597,331.11503408549,
    65.872561485597));
#1117 = CARTESIAN_POINT('',(574.80892731842,331.8660889199,
    67.741445681648));
#1118 = CARTESIAN_POINT('',(575.53218276681,332.28366064769,
    68.657900420343));
#1119 = CARTESIAN_POINT('',(576.32725224196,332.74269422326,
    69.540533054451));
#1120 = CARTESIAN_POINT('',(577.18836807615,333.23985968184,
    70.37599280876));
#1121 = CARTESIAN_POINT('',(578.10813756827,333.77088884579,
    71.156597674673));
#1122 = CARTESIAN_POINT('',(579.08092829701,334.33252983483,
    71.880848330346));
#1123 = CARTESIAN_POINT('',(580.10429530242,334.92337105092,
    72.551055028977));
#1124 = CARTESIAN_POINT('',(583.32650881146,336.78371688773,
    74.408267340207));
#1125 = CARTESIAN_POINT('',(587.02383965963,338.91837184822,
    75.839169743645));
#1126 = CARTESIAN_POINT('',(589.7164514015,340.47295196218,
    76.633219074151));
#1127 = CARTESIAN_POINT('',(592.68727126408,342.18815560962,
    77.304035490135));
#1128 = CARTESIAN_POINT('',(595.99317638057,344.09682081845,
    77.86187887537));
#1129 = CARTESIAN_POINT('',(599.68427869159,346.22787973142,
    78.310305067526));
#1130 = CARTESIAN_POINT('',(603.80665824715,348.60793667745,
    78.65162074623));
#1131 = CARTESIAN_POINT('',(608.40658997126,351.26370849666,
    78.882458194848));
#1132 = CARTESIAN_POINT('',(613.52650862936,354.21969491213,
    78.999999999998));
#1133 = CARTESIAN_POINT('',(619.20816370587,357.5,79.));
#1134 = DEFINITIONAL_REPRESENTATION('',(#1135),#1138);
#1135 = B_SPLINE_CURVE_WITH_KNOTS('',1,(#1136,#1137),.UNSPECIFIED.,.F.,
  .F.,(2,2),(0.,907.36523970595),.PIECEWISE_BEZIER_KNOTS.);
#1136 = CARTESIAN_POINT('',(6.28318530718,0.));
#1137 = CARTESIAN_POINT('',(6.28318530718,907.36523970595));
#1138 = ( GEOMETRIC_REPRESENTATION_CONTEXT(2) 
PARAMETRIC_REPRESENTATION_CONTEXT() REPRESENTATION_CONTEXT('2D SPACE',''
  ) );
#1139 = PCURVE('',#167,#1140);
#1140 = DEFINITIONAL_REPRESENTATION('',(#1141),#1145);
#1141 = LINE('',#1142,#1143);
#1142 = CARTESIAN_POINT('',(0.,0.));
#1143 = VECTOR('',#1144,1.);
#1144 = DIRECTION('',(0.,1.));
#1145 = ( GEOMETRIC_REPRESENTATION_CONTEXT(2) 
PARAMETRIC_REPRESENTATION_CONTEXT() REPRESENTATION_CONTEXT('2D SPACE',''
  ) );
#1146 = ORIENTED_EDGE('',*,*,#1147,.F.);
#1147 = EDGE_CURVE('',#24,#24,#1148,.T.);
#1148 = SURFACE_CURVE('',#1149,(#1157,#1164),.PCURVE_S1.);
#1149 = ( BOUNDED_CURVE() B_SPLINE_CURVE(6,(#1150,#1151,#1152,#1153,
#1154,#1155,#1156),.UNSPECIFIED.,.T.,.F.) B_SPLINE_CURVE_WITH_KNOTS((1,6
    ,6,1),(-6.28318530718,0.,6.28318530718,12.566370614359),
.UNSPECIFIED.) CURVE() GEOMETRIC_REPRESENTATION_ITEM() 
RATIONAL_B_SPLINE_CURVE((1.669078461068,1.03672962321,1.038346699848,
    0.853534330196,1.038346699848,1.03672962321,1.669078461068)) 
REPRESENTATION_ITEM('') );
#1150 = CARTESIAN_POINT('',(619.20816370587,357.5,79.));
#1151 = CARTESIAN_POINT('',(626.68510754594,344.54955338366,79.));
#1152 = CARTESIAN_POINT('',(627.75866943047,342.69008965457,
    60.509066285067));
#1153 = CARTESIAN_POINT('',(619.20816370587,357.49999999999,
    45.257947710924));
#1154 = CARTESIAN_POINT('',(610.65765798126,372.30991034542,
    60.509066285066));
#1155 = CARTESIAN_POINT('',(611.7312198658,370.45044661634,79.));
#1156 = CARTESIAN_POINT('',(619.20816370587,357.5,79.));
#1157 = PCURVE('',#167,#1158);
#1158 = DEFINITIONAL_REPRESENTATION('',(#1159),#1163);
#1159 = LINE('',#1160,#1161);
#1160 = CARTESIAN_POINT('',(0.,907.36523970595));
#1161 = VECTOR('',#1162,1.);
#1162 = DIRECTION('',(1.,0.));
#1163 = ( GEOMETRIC_REPRESENTATION_CONTEXT(2) 
PARAMETRIC_REPRESENTATION_CONTEXT() REPRESENTATION_CONTEXT('2D SPACE',''
  ) );
#1164 = PCURVE('',#1165,#1170);
#1165 = PLANE('',#1166);
#1166 = AXIS2_PLACEMENT_3D('',#1167,#1168,#1169);
#1167 = CARTESIAN_POINT('',(619.20816370587,357.5,70.001425809114));
#1168 = DIRECTION('',(0.866025403784,0.5,-5.531018990171E-15));
#1169 = DIRECTION('',(-0.5,0.866025403784,0.));
#1170 = DEFINITIONAL_REPRESENTATION('',(#1171),#1179);
#1171 = ( BOUNDED_CURVE() B_SPLINE_CURVE(6,(#1172,#1173,#1174,#1175,
#1176,#1177,#1178),.UNSPECIFIED.,.T.,.F.) B_SPLINE_CURVE_WITH_KNOTS((1,6
    ,6,1),(-6.28318530718,0.,6.28318530718,12.566370614359),
.UNSPECIFIED.) CURVE() GEOMETRIC_REPRESENTATION_ITEM() 
RATIONAL_B_SPLINE_CURVE((1.669078461068,1.03672962321,1.038346699848,
    0.853534330196,1.038346699848,1.03672962321,1.669078461068)) 
REPRESENTATION_ITEM('') );
#1172 = CARTESIAN_POINT('',(1.136868377216E-13,8.998574190886));
#1173 = CARTESIAN_POINT('',(-14.95388768013,8.998574190887));
#1174 = CARTESIAN_POINT('',(-17.10101144921,-9.492359524047));
#1175 = CARTESIAN_POINT('',(-6.821210263297E-13,-24.74347809819));
#1176 = CARTESIAN_POINT('',(17.10101144921,-9.492359524047));
#1177 = CARTESIAN_POINT('',(14.95388768014,8.998574190886));
#1178 = CARTESIAN_POINT('',(1.136868377216E-13,8.998574190886));
#1179 = ( GEOMETRIC_REPRESENTATION_CONTEXT(2) 
PARAMETRIC_REPRESENTATION_CONTEXT() REPRESENTATION_CONTEXT('2D SPACE',''
  ) );
#1180 = ORIENTED_EDGE('',*,*,#21,.F.);
#1181 = ORIENTED_EDGE('',*,*,#1182,.T.);
#1182 = EDGE_CURVE('',#22,#22,#1183,.T.);
#1183 = SURFACE_CURVE('',#1184,(#1192,#1199),.PCURVE_S1.);
#1184 = ( BOUNDED_CURVE() B_SPLINE_CURVE(6,(#1185,#1186,#1187,#1188,
#1189,#1190,#1191),.UNSPECIFIED.,.T.,.F.) B_SPLINE_CURVE_WITH_KNOTS((1,6
    ,6,1),(-6.28318530718,0.,6.28318530718,12.566370614359),
.UNSPECIFIED.) CURVE() GEOMETRIC_REPRESENTATION_ITEM() 
RATIONAL_B_SPLINE_CURVE((1.669078461068,1.03672962321,1.038346699848,
    0.853534330196,1.038346699848,1.03672962321,1.669078461068)) 
REPRESENTATION_ITEM('') );
#1185 = CARTESIAN_POINT('',(78.808311744384,45.5,490.));
#1186 = CARTESIAN_POINT('',(86.285255584454,32.54955338366,490.));
#1187 = CARTESIAN_POINT('',(71.345199132163,21.444622797109,490.));
#1188 = CARTESIAN_POINT('',(49.586837286221,28.628973855462,490.));
#1189 = CARTESIAN_POINT('',(54.244187682952,51.064443487958,490.));
#1190 = CARTESIAN_POINT('',(71.331367904314,58.45044661634,490.));
#1191 = CARTESIAN_POINT('',(78.808311744384,45.5,490.));
#1192 = PCURVE('',#167,#1193);
#1193 = DEFINITIONAL_REPRESENTATION('',(#1194),#1198);
#1194 = LINE('',#1195,#1196);
#1195 = CARTESIAN_POINT('',(0.,0.));
#1196 = VECTOR('',#1197,1.);
#1197 = DIRECTION('',(1.,0.));
#1198 = ( GEOMETRIC_REPRESENTATION_CONTEXT(2) 
PARAMETRIC_REPRESENTATION_CONTEXT() REPRESENTATION_CONTEXT('2D SPACE',''
  ) );
#1199 = PCURVE('',#1200,#1205);
#1200 = PLANE('',#1201);
#1201 = AXIS2_PLACEMENT_3D('',#1202,#1203,#1204);
#1202 = CARTESIAN_POINT('',(71.015317897237,41.000712904557,490.));
#1203 = DIRECTION('',(2.188243003235E-14,2.089556399565E-15,-1.));
#1204 = DIRECTION('',(-1.,0.,-2.188243003235E-14));
#1205 = DEFINITIONAL_REPRESENTATION('',(#1206),#1214);
#1206 = ( BOUNDED_CURVE() B_SPLINE_CURVE(6,(#1207,#1208,#1209,#1210,
#1211,#1212,#1213),.UNSPECIFIED.,.T.,.F.) B_SPLINE_CURVE_WITH_KNOTS((1,6
    ,6,1),(-6.28318530718,0.,6.28318530718,12.566370614359),
.UNSPECIFIED.) CURVE() GEOMETRIC_REPRESENTATION_ITEM() 
RATIONAL_B_SPLINE_CURVE((1.669078461068,1.03672962321,1.038346699848,
    0.853534330196,1.038346699848,1.03672962321,1.669078461068)) 
REPRESENTATION_ITEM('') );
#1207 = CARTESIAN_POINT('',(-7.792993847146,4.499287095443));
#1208 = CARTESIAN_POINT('',(-15.26993768721,-8.451159520897));
#1209 = CARTESIAN_POINT('',(-0.329881234925,-19.55609010744));
#1210 = CARTESIAN_POINT('',(21.428480611016,-12.37173904909));
#1211 = CARTESIAN_POINT('',(16.771130214285,10.063730583401));
#1212 = CARTESIAN_POINT('',(-0.316050007077,17.449733711783));
#1213 = CARTESIAN_POINT('',(-7.792993847146,4.499287095443));
#1214 = ( GEOMETRIC_REPRESENTATION_CONTEXT(2) 
PARAMETRIC_REPRESENTATION_CONTEXT() REPRESENTATION_CONTEXT('2D SPACE',''
  ) );
#1215 = ADVANCED_FACE('',(#1216),#1200,.F.);
#1216 = FACE_BOUND('',#1217,.F.);
#1217 = EDGE_LOOP('',(#1218));
#1218 = ORIENTED_EDGE('',*,*,#1182,.T.);
#1219 = ADVANCED_FACE('',(#1220),#1165,.T.);
#1220 = FACE_BOUND('',#1221,.T.);
#1221 = EDGE_LOOP('',(#1222));
#1222 = ORIENTED_EDGE('',*,*,#1147,.T.);
#1223 = ( GEOMETRIC_REPRESENTATION_CONTEXT(3) 
GLOBAL_UNCERTAINTY_ASSIGNED_CONTEXT((#1227)) 
GLOBAL_UNIT_ASSIGNED_CONTEXT((#1224,#1225,#1226)) REPRESENTATION_CONTEXT
('Context #1','3D Context with UNIT and UNCERTAINTY') );
#1224 = ( LENGTH_UNIT() NAMED_UNIT(*) SI_UNIT(.MILLI.,.METRE.) );
#1225 = ( NAMED_UNIT(*) PLANE_ANGLE_UNIT() SI_UNIT($,.RADIAN.) );
#1226 = ( NAMED_UNIT(*) SI_UNIT($,.STERADIAN.) SOLID_ANGLE_UNIT() );
#1227 = UNCERTAINTY_MEASURE_WITH_UNIT(LENGTH_MEASURE(2.E-05),#1224,
  'distance_accuracy_value','confusion accuracy');
#1228 = PRODUCT_RELATED_PRODUCT_CATEGORY('part',$,(#7));
ENDSEC;
END-ISO-10303-21;
