ISO-10303-21;
HEADER;
FILE_DESCRIPTION(('Open CASCADE Model'),'2;1');
FILE_NAME('Open CASCADE Shape Model','2026-09-30T12:22:06',('Author'),(
    'Open CASCADE'),'Open CASCADE STEP processor 7.9','Open CASCADE 7.9'
  ,'Unknown');
FILE_SCHEMA(('AUTOMOTIVE_DESIGN { 1 0 10303 214 1 1 1 1 }'));
ENDSEC;
DATA;
#1 = APPLICATION_PROTOCOL_DEFINITION('international standard',
  'automotive_design',2000,#2);
#2 = APPLICATION_CONTEXT(
  'core data for automotive mechanical design processes');
#3 = SHAPE_DEFINITION_REPRESENTATION(#4,#10);
#4 = PRODUCT_DEFINITION_SHAPE('','',#5);
#5 = PRODUCT_DEFINITION('design','',#6,#9);
#6 = PRODUCT_DEFINITION_FORMATION('','',#7);
#7 = PRODUCT('Open CASCADE STEP translator 7.9 16',
  'Open CASCADE STEP translator 7.9 16','',(#8));
#8 = PRODUCT_CONTEXT('',#2,'mechanical');
#9 = PRODUCT_DEFINITION_CONTEXT('part definition',#2,'design');
#10 = ADVANCED_BREP_SHAPE_REPRESENTATION('',(#11,#15),#2257);
#11 = AXIS2_PLACEMENT_3D('',#12,#13,#14);
#12 = CARTESIAN_POINT('',(0.,0.,0.));
#13 = DIRECTION('',(0.,0.,1.));
#14 = DIRECTION('',(1.,0.,-0.));
#15 = MANIFOLD_SOLID_BREP('',#16);
#16 = CLOSED_SHELL('',(#17,#105,#140,#607,#662,#1421,#1447,#1474,#1480,
    #1506,#1533,#1539,#1565,#1592,#1598,#1624,#1651,#1657,#1692,#1994,
    #2020,#2047,#2053,#2079,#2106,#2112,#2138,#2165,#2171,#2197,#2224,
    #2230));
#17 = ADVANCED_FACE('',(#18),#32,.T.);
#18 = FACE_BOUND('',#19,.F.);
#19 = EDGE_LOOP('',(#20,#50,#77,#78));
#20 = ORIENTED_EDGE('',*,*,#21,.T.);
#21 = EDGE_CURVE('',#22,#24,#26,.T.);
#22 = VERTEX_POINT('',#23);
#23 = CARTESIAN_POINT('',(75.,0.,1.005E+03));
#24 = VERTEX_POINT('',#25);
#25 = CARTESIAN_POINT('',(75.,0.,1.017E+03));
#26 = SEAM_CURVE('',#27,(#31,#43),.PCURVE_S1.);
#27 = LINE('',#28,#29);
#28 = CARTESIAN_POINT('',(75.,0.,1.005E+03));
#29 = VECTOR('',#30,1.);
#30 = DIRECTION('',(0.,0.,1.));
#31 = PCURVE('',#32,#37);
#32 = CYLINDRICAL_SURFACE('',#33,75.);
#33 = AXIS2_PLACEMENT_3D('',#34,#35,#36);
#34 = CARTESIAN_POINT('',(0.,0.,1.005E+03));
#35 = DIRECTION('',(-0.,-0.,-1.));
#36 = DIRECTION('',(1.,0.,0.));
#37 = DEFINITIONAL_REPRESENTATION('',(#38),#42);
#38 = LINE('',#39,#40);
#39 = CARTESIAN_POINT('',(-0.,0.));
#40 = VECTOR('',#41,1.);
#41 = DIRECTION('',(-0.,-1.));
#42 = ( GEOMETRIC_REPRESENTATION_CONTEXT(2) 
PARAMETRIC_REPRESENTATION_CONTEXT() REPRESENTATION_CONTEXT('2D SPACE',''
  ) );
#43 = PCURVE('',#32,#44);
#44 = DEFINITIONAL_REPRESENTATION('',(#45),#49);
#45 = LINE('',#46,#47);
#46 = CARTESIAN_POINT('',(-6.28318530718,0.));
#47 = VECTOR('',#48,1.);
#48 = DIRECTION('',(-0.,-1.));
#49 = ( GEOMETRIC_REPRESENTATION_CONTEXT(2) 
PARAMETRIC_REPRESENTATION_CONTEXT() REPRESENTATION_CONTEXT('2D SPACE',''
  ) );
#50 = ORIENTED_EDGE('',*,*,#51,.T.);
#51 = EDGE_CURVE('',#24,#24,#52,.T.);
#52 = SURFACE_CURVE('',#53,(#58,#65),.PCURVE_S1.);
#53 = CIRCLE('',#54,75.);
#54 = AXIS2_PLACEMENT_3D('',#55,#56,#57);
#55 = CARTESIAN_POINT('',(0.,0.,1.017E+03));
#56 = DIRECTION('',(0.,0.,1.));
#57 = DIRECTION('',(1.,0.,0.));
#58 = PCURVE('',#32,#59);
#59 = DEFINITIONAL_REPRESENTATION('',(#60),#64);
#60 = LINE('',#61,#62);
#61 = CARTESIAN_POINT('',(-0.,-12.));
#62 = VECTOR('',#63,1.);
#63 = DIRECTION('',(-1.,0.));
#64 = ( GEOMETRIC_REPRESENTATION_CONTEXT(2) 
PARAMETRIC_REPRESENTATION_CONTEXT() REPRESENTATION_CONTEXT('2D SPACE',''
  ) );
#65 = PCURVE('',#66,#71);
#66 = PLANE('',#67);
#67 = AXIS2_PLACEMENT_3D('',#68,#69,#70);
#68 = CARTESIAN_POINT('',(-7.001293478602E-15,1.605911987866E-15,
    1.017E+03));
#69 = DIRECTION('',(0.,0.,1.));
#70 = DIRECTION('',(1.,0.,-0.));
#71 = DEFINITIONAL_REPRESENTATION('',(#72),#76);
#72 = CIRCLE('',#73,75.);
#73 = AXIS2_PLACEMENT_2D('',#74,#75);
#74 = CARTESIAN_POINT('',(7.001293478602E-15,-1.605911987866E-15));
#75 = DIRECTION('',(1.,0.));
#76 = ( GEOMETRIC_REPRESENTATION_CONTEXT(2) 
PARAMETRIC_REPRESENTATION_CONTEXT() REPRESENTATION_CONTEXT('2D SPACE',''
  ) );
#77 = ORIENTED_EDGE('',*,*,#21,.F.);
#78 = ORIENTED_EDGE('',*,*,#79,.F.);
#79 = EDGE_CURVE('',#22,#22,#80,.T.);
#80 = SURFACE_CURVE('',#81,(#86,#93),.PCURVE_S1.);
#81 = CIRCLE('',#82,75.);
#82 = AXIS2_PLACEMENT_3D('',#83,#84,#85);
#83 = CARTESIAN_POINT('',(0.,0.,1.005E+03));
#84 = DIRECTION('',(0.,0.,1.));
#85 = DIRECTION('',(1.,0.,0.));
#86 = PCURVE('',#32,#87);
#87 = DEFINITIONAL_REPRESENTATION('',(#88),#92);
#88 = LINE('',#89,#90);
#89 = CARTESIAN_POINT('',(-0.,0.));
#90 = VECTOR('',#91,1.);
#91 = DIRECTION('',(-1.,0.));
#92 = ( GEOMETRIC_REPRESENTATION_CONTEXT(2) 
PARAMETRIC_REPRESENTATION_CONTEXT() REPRESENTATION_CONTEXT('2D SPACE',''
  ) );
#93 = PCURVE('',#94,#99);
#94 = PLANE('',#95);
#95 = AXIS2_PLACEMENT_3D('',#96,#97,#98);
#96 = CARTESIAN_POINT('',(-7.001293478602E-15,1.605911987866E-15,
    1.005E+03));
#97 = DIRECTION('',(0.,0.,1.));
#98 = DIRECTION('',(1.,0.,-0.));
#99 = DEFINITIONAL_REPRESENTATION('',(#100),#104);
#100 = CIRCLE('',#101,75.);
#101 = AXIS2_PLACEMENT_2D('',#102,#103);
#102 = CARTESIAN_POINT('',(7.001293478602E-15,-1.605911987866E-15));
#103 = DIRECTION('',(1.,0.));
#104 = ( GEOMETRIC_REPRESENTATION_CONTEXT(2) 
PARAMETRIC_REPRESENTATION_CONTEXT() REPRESENTATION_CONTEXT('2D SPACE',''
  ) );
#105 = ADVANCED_FACE('',(#106,#109),#94,.F.);
#106 = FACE_BOUND('',#107,.F.);
#107 = EDGE_LOOP('',(#108));
#108 = ORIENTED_EDGE('',*,*,#79,.T.);
#109 = FACE_BOUND('',#110,.F.);
#110 = EDGE_LOOP('',(#111));
#111 = ORIENTED_EDGE('',*,*,#112,.F.);
#112 = EDGE_CURVE('',#113,#113,#115,.T.);
#113 = VERTEX_POINT('',#114);
#114 = CARTESIAN_POINT('',(41.,1.515824502955E-15,1.005E+03));
#115 = SURFACE_CURVE('',#116,(#121,#128),.PCURVE_S1.);
#116 = CIRCLE('',#117,41.);
#117 = AXIS2_PLACEMENT_3D('',#118,#119,#120);
#118 = CARTESIAN_POINT('',(3.531871091885E-13,1.515824502955E-15,
    1.005E+03));
#119 = DIRECTION('',(0.,0.,1.));
#120 = DIRECTION('',(1.,0.,0.));
#121 = PCURVE('',#94,#122);
#122 = DEFINITIONAL_REPRESENTATION('',(#123),#127);
#123 = CIRCLE('',#124,41.);
#124 = AXIS2_PLACEMENT_2D('',#125,#126);
#125 = CARTESIAN_POINT('',(3.601884026671E-13,-9.00874849113E-17));
#126 = DIRECTION('',(1.,0.));
#127 = ( GEOMETRIC_REPRESENTATION_CONTEXT(2) 
PARAMETRIC_REPRESENTATION_CONTEXT() REPRESENTATION_CONTEXT('2D SPACE',''
  ) );
#128 = PCURVE('',#129,#134);
#129 = CYLINDRICAL_SURFACE('',#130,41.);
#130 = AXIS2_PLACEMENT_3D('',#131,#132,#133);
#131 = CARTESIAN_POINT('',(3.531871091885E-13,1.515824502955E-15,
    1.005E+03));
#132 = DIRECTION('',(-0.,-0.,-1.));
#133 = DIRECTION('',(1.,0.,0.));
#134 = DEFINITIONAL_REPRESENTATION('',(#135),#139);
#135 = LINE('',#136,#137);
#136 = CARTESIAN_POINT('',(-0.,0.));
#137 = VECTOR('',#138,1.);
#138 = DIRECTION('',(-1.,0.));
#139 = ( GEOMETRIC_REPRESENTATION_CONTEXT(2) 
PARAMETRIC_REPRESENTATION_CONTEXT() REPRESENTATION_CONTEXT('2D SPACE',''
  ) );
#140 = ADVANCED_FACE('',(#141,#144),#66,.T.);
#141 = FACE_BOUND('',#142,.T.);
#142 = EDGE_LOOP('',(#143));
#143 = ORIENTED_EDGE('',*,*,#51,.T.);
#144 = FACE_BOUND('',#145,.T.);
#145 = EDGE_LOOP('',(#146,#177,#201,#229,#257,#285,#309,#337,#365,#393,
    #417,#445,#473,#501,#525,#553,#581));
#146 = ORIENTED_EDGE('',*,*,#147,.F.);
#147 = EDGE_CURVE('',#148,#150,#152,.T.);
#148 = VERTEX_POINT('',#149);
#149 = CARTESIAN_POINT('',(45.,0.,1.017E+03));
#150 = VERTEX_POINT('',#151);
#151 = CARTESIAN_POINT('',(33.202576212879,30.37414908813,1.017E+03));
#152 = SURFACE_CURVE('',#153,(#158,#165),.PCURVE_S1.);
#153 = CIRCLE('',#154,45.);
#154 = AXIS2_PLACEMENT_3D('',#155,#156,#157);
#155 = CARTESIAN_POINT('',(0.,0.,1.017E+03));
#156 = DIRECTION('',(0.,0.,1.));
#157 = DIRECTION('',(1.,0.,0.));
#158 = PCURVE('',#66,#159);
#159 = DEFINITIONAL_REPRESENTATION('',(#160),#164);
#160 = CIRCLE('',#161,45.);
#161 = AXIS2_PLACEMENT_2D('',#162,#163);
#162 = CARTESIAN_POINT('',(7.001293478602E-15,-1.605911987866E-15));
#163 = DIRECTION('',(1.,0.));
#164 = ( GEOMETRIC_REPRESENTATION_CONTEXT(2) 
PARAMETRIC_REPRESENTATION_CONTEXT() REPRESENTATION_CONTEXT('2D SPACE',''
  ) );
#165 = PCURVE('',#166,#171);
#166 = CYLINDRICAL_SURFACE('',#167,45.);
#167 = AXIS2_PLACEMENT_3D('',#168,#169,#170);
#168 = CARTESIAN_POINT('',(0.,0.,1.017E+03));
#169 = DIRECTION('',(-0.,-0.,-1.));
#170 = DIRECTION('',(1.,0.,0.));
#171 = DEFINITIONAL_REPRESENTATION('',(#172),#176);
#172 = LINE('',#173,#174);
#173 = CARTESIAN_POINT('',(-0.,0.));
#174 = VECTOR('',#175,1.);
#175 = DIRECTION('',(-1.,0.));
#176 = ( GEOMETRIC_REPRESENTATION_CONTEXT(2) 
PARAMETRIC_REPRESENTATION_CONTEXT() REPRESENTATION_CONTEXT('2D SPACE',''
  ) );
#177 = ORIENTED_EDGE('',*,*,#178,.F.);
#178 = EDGE_CURVE('',#179,#148,#181,.T.);
#179 = VERTEX_POINT('',#180);
#180 = CARTESIAN_POINT('',(33.202576212878,-30.37414908813,1.017E+03));
#181 = SURFACE_CURVE('',#182,(#187,#194),.PCURVE_S1.);
#182 = CIRCLE('',#183,45.);
#183 = AXIS2_PLACEMENT_3D('',#184,#185,#186);
#184 = CARTESIAN_POINT('',(0.,0.,1.017E+03));
#185 = DIRECTION('',(0.,0.,1.));
#186 = DIRECTION('',(1.,0.,0.));
#187 = PCURVE('',#66,#188);
#188 = DEFINITIONAL_REPRESENTATION('',(#189),#193);
#189 = CIRCLE('',#190,45.);
#190 = AXIS2_PLACEMENT_2D('',#191,#192);
#191 = CARTESIAN_POINT('',(7.001293478602E-15,-1.605911987866E-15));
#192 = DIRECTION('',(1.,0.));
#193 = ( GEOMETRIC_REPRESENTATION_CONTEXT(2) 
PARAMETRIC_REPRESENTATION_CONTEXT() REPRESENTATION_CONTEXT('2D SPACE',''
  ) );
#194 = PCURVE('',#166,#195);
#195 = DEFINITIONAL_REPRESENTATION('',(#196),#200);
#196 = LINE('',#197,#198);
#197 = CARTESIAN_POINT('',(-0.,0.));
#198 = VECTOR('',#199,1.);
#199 = DIRECTION('',(-1.,0.));
#200 = ( GEOMETRIC_REPRESENTATION_CONTEXT(2) 
PARAMETRIC_REPRESENTATION_CONTEXT() REPRESENTATION_CONTEXT('2D SPACE',''
  ) );
#201 = ORIENTED_EDGE('',*,*,#202,.T.);
#202 = EDGE_CURVE('',#179,#203,#205,.T.);
#203 = VERTEX_POINT('',#204);
#204 = CARTESIAN_POINT('',(52.325901807804,-49.49747468305,1.017E+03));
#205 = SURFACE_CURVE('',#206,(#210,#217),.PCURVE_S1.);
#206 = LINE('',#207,#208);
#207 = CARTESIAN_POINT('',(32.526911934581,-29.69848480983,1.017E+03));
#208 = VECTOR('',#209,1.);
#209 = DIRECTION('',(0.707106781187,-0.707106781187,0.));
#210 = PCURVE('',#66,#211);
#211 = DEFINITIONAL_REPRESENTATION('',(#212),#216);
#212 = LINE('',#213,#214);
#213 = CARTESIAN_POINT('',(32.526911934581,-29.69848480983));
#214 = VECTOR('',#215,1.);
#215 = DIRECTION('',(0.707106781187,-0.707106781187));
#216 = ( GEOMETRIC_REPRESENTATION_CONTEXT(2) 
PARAMETRIC_REPRESENTATION_CONTEXT() REPRESENTATION_CONTEXT('2D SPACE',''
  ) );
#217 = PCURVE('',#218,#223);
#218 = PLANE('',#219);
#219 = AXIS2_PLACEMENT_3D('',#220,#221,#222);
#220 = CARTESIAN_POINT('',(39.036929841838,-36.20850271709,
    1.032206555616E+03));
#221 = DIRECTION('',(-0.707106781187,-0.707106781187,-0.));
#222 = DIRECTION('',(0.,0.,-1.));
#223 = DEFINITIONAL_REPRESENTATION('',(#224),#228);
#224 = LINE('',#225,#226);
#225 = CARTESIAN_POINT('',(15.206555615734,-9.206555615734));
#226 = VECTOR('',#227,1.);
#227 = DIRECTION('',(0.,1.));
#228 = ( GEOMETRIC_REPRESENTATION_CONTEXT(2) 
PARAMETRIC_REPRESENTATION_CONTEXT() REPRESENTATION_CONTEXT('2D SPACE',''
  ) );
#229 = ORIENTED_EDGE('',*,*,#230,.T.);
#230 = EDGE_CURVE('',#203,#231,#233,.T.);
#231 = VERTEX_POINT('',#232);
#232 = CARTESIAN_POINT('',(49.497474683058,-52.3259018078,1.017E+03));
#233 = SURFACE_CURVE('',#234,(#238,#245),.PCURVE_S1.);
#234 = LINE('',#235,#236);
#235 = CARTESIAN_POINT('',(52.325901807804,-49.49747468305,1.017E+03));
#236 = VECTOR('',#237,1.);
#237 = DIRECTION('',(-0.707106781187,-0.707106781187,0.));
#238 = PCURVE('',#66,#239);
#239 = DEFINITIONAL_REPRESENTATION('',(#240),#244);
#240 = LINE('',#241,#242);
#241 = CARTESIAN_POINT('',(52.325901807805,-49.49747468305));
#242 = VECTOR('',#243,1.);
#243 = DIRECTION('',(-0.707106781187,-0.707106781187));
#244 = ( GEOMETRIC_REPRESENTATION_CONTEXT(2) 
PARAMETRIC_REPRESENTATION_CONTEXT() REPRESENTATION_CONTEXT('2D SPACE',''
  ) );
#245 = PCURVE('',#246,#251);
#246 = PLANE('',#247);
#247 = AXIS2_PLACEMENT_3D('',#248,#249,#250);
#248 = CARTESIAN_POINT('',(50.911688245431,-50.91168824543,1.017E+03));
#249 = DIRECTION('',(-0.579284446363,0.579284446363,-0.573462344363));
#250 = DIRECTION('',(-0.405499112454,0.405499112454,0.819231920519));
#251 = DEFINITIONAL_REPRESENTATION('',(#252),#256);
#252 = LINE('',#253,#254);
#253 = CARTESIAN_POINT('',(2.22044604925E-16,2.));
#254 = VECTOR('',#255,1.);
#255 = DIRECTION('',(-2.607906433683E-17,-1.));
#256 = ( GEOMETRIC_REPRESENTATION_CONTEXT(2) 
PARAMETRIC_REPRESENTATION_CONTEXT() REPRESENTATION_CONTEXT('2D SPACE',''
  ) );
#257 = ORIENTED_EDGE('',*,*,#258,.F.);
#258 = EDGE_CURVE('',#259,#231,#261,.T.);
#259 = VERTEX_POINT('',#260);
#260 = CARTESIAN_POINT('',(30.37414908813,-33.20257621287,1.017E+03));
#261 = SURFACE_CURVE('',#262,(#266,#273),.PCURVE_S1.);
#262 = LINE('',#263,#264);
#263 = CARTESIAN_POINT('',(29.698484809835,-32.52691193458,1.017E+03));
#264 = VECTOR('',#265,1.);
#265 = DIRECTION('',(0.707106781187,-0.707106781187,0.));
#266 = PCURVE('',#66,#267);
#267 = DEFINITIONAL_REPRESENTATION('',(#268),#272);
#268 = LINE('',#269,#270);
#269 = CARTESIAN_POINT('',(29.698484809835,-32.52691193458));
#270 = VECTOR('',#271,1.);
#271 = DIRECTION('',(0.707106781187,-0.707106781187));
#272 = ( GEOMETRIC_REPRESENTATION_CONTEXT(2) 
PARAMETRIC_REPRESENTATION_CONTEXT() REPRESENTATION_CONTEXT('2D SPACE',''
  ) );
#273 = PCURVE('',#274,#279);
#274 = PLANE('',#275);
#275 = AXIS2_PLACEMENT_3D('',#276,#277,#278);
#276 = CARTESIAN_POINT('',(36.208502717091,-39.03692984183,
    1.032206555616E+03));
#277 = DIRECTION('',(-0.707106781187,-0.707106781187,-0.));
#278 = DIRECTION('',(0.,0.,-1.));
#279 = DEFINITIONAL_REPRESENTATION('',(#280),#284);
#280 = LINE('',#281,#282);
#281 = CARTESIAN_POINT('',(15.206555615734,-9.206555615734));
#282 = VECTOR('',#283,1.);
#283 = DIRECTION('',(0.,1.));
#284 = ( GEOMETRIC_REPRESENTATION_CONTEXT(2) 
PARAMETRIC_REPRESENTATION_CONTEXT() REPRESENTATION_CONTEXT('2D SPACE',''
  ) );
#285 = ORIENTED_EDGE('',*,*,#286,.F.);
#286 = EDGE_CURVE('',#287,#259,#289,.T.);
#287 = VERTEX_POINT('',#288);
#288 = CARTESIAN_POINT('',(-30.37414908813,-33.20257621287,1.017E+03));
#289 = SURFACE_CURVE('',#290,(#295,#302),.PCURVE_S1.);
#290 = CIRCLE('',#291,45.);
#291 = AXIS2_PLACEMENT_3D('',#292,#293,#294);
#292 = CARTESIAN_POINT('',(0.,0.,1.017E+03));
#293 = DIRECTION('',(0.,0.,1.));
#294 = DIRECTION('',(1.,0.,0.));
#295 = PCURVE('',#66,#296);
#296 = DEFINITIONAL_REPRESENTATION('',(#297),#301);
#297 = CIRCLE('',#298,45.);
#298 = AXIS2_PLACEMENT_2D('',#299,#300);
#299 = CARTESIAN_POINT('',(7.001293478602E-15,-1.605911987866E-15));
#300 = DIRECTION('',(1.,0.));
#301 = ( GEOMETRIC_REPRESENTATION_CONTEXT(2) 
PARAMETRIC_REPRESENTATION_CONTEXT() REPRESENTATION_CONTEXT('2D SPACE',''
  ) );
#302 = PCURVE('',#166,#303);
#303 = DEFINITIONAL_REPRESENTATION('',(#304),#308);
#304 = LINE('',#305,#306);
#305 = CARTESIAN_POINT('',(-0.,0.));
#306 = VECTOR('',#307,1.);
#307 = DIRECTION('',(-1.,0.));
#308 = ( GEOMETRIC_REPRESENTATION_CONTEXT(2) 
PARAMETRIC_REPRESENTATION_CONTEXT() REPRESENTATION_CONTEXT('2D SPACE',''
  ) );
#309 = ORIENTED_EDGE('',*,*,#310,.T.);
#310 = EDGE_CURVE('',#287,#311,#313,.T.);
#311 = VERTEX_POINT('',#312);
#312 = CARTESIAN_POINT('',(-49.49747468305,-52.3259018078,1.017E+03));
#313 = SURFACE_CURVE('',#314,(#318,#325),.PCURVE_S1.);
#314 = LINE('',#315,#316);
#315 = CARTESIAN_POINT('',(-29.69848480983,-32.52691193458,1.017E+03));
#316 = VECTOR('',#317,1.);
#317 = DIRECTION('',(-0.707106781187,-0.707106781187,0.));
#318 = PCURVE('',#66,#319);
#319 = DEFINITIONAL_REPRESENTATION('',(#320),#324);
#320 = LINE('',#321,#322);
#321 = CARTESIAN_POINT('',(-29.69848480983,-32.52691193458));
#322 = VECTOR('',#323,1.);
#323 = DIRECTION('',(-0.707106781187,-0.707106781187));
#324 = ( GEOMETRIC_REPRESENTATION_CONTEXT(2) 
PARAMETRIC_REPRESENTATION_CONTEXT() REPRESENTATION_CONTEXT('2D SPACE',''
  ) );
#325 = PCURVE('',#326,#331);
#326 = PLANE('',#327);
#327 = AXIS2_PLACEMENT_3D('',#328,#329,#330);
#328 = CARTESIAN_POINT('',(-36.20850271709,-39.03692984183,
    1.032206555616E+03));
#329 = DIRECTION('',(-0.707106781187,0.707106781187,-0.));
#330 = DIRECTION('',(0.,-0.,-1.));
#331 = DEFINITIONAL_REPRESENTATION('',(#332),#336);
#332 = LINE('',#333,#334);
#333 = CARTESIAN_POINT('',(15.206555615734,-9.206555615734));
#334 = VECTOR('',#335,1.);
#335 = DIRECTION('',(0.,1.));
#336 = ( GEOMETRIC_REPRESENTATION_CONTEXT(2) 
PARAMETRIC_REPRESENTATION_CONTEXT() REPRESENTATION_CONTEXT('2D SPACE',''
  ) );
#337 = ORIENTED_EDGE('',*,*,#338,.T.);
#338 = EDGE_CURVE('',#311,#339,#341,.T.);
#339 = VERTEX_POINT('',#340);
#340 = CARTESIAN_POINT('',(-52.3259018078,-49.49747468305,1.017E+03));
#341 = SURFACE_CURVE('',#342,(#346,#353),.PCURVE_S1.);
#342 = LINE('',#343,#344);
#343 = CARTESIAN_POINT('',(-49.49747468305,-52.3259018078,1.017E+03));
#344 = VECTOR('',#345,1.);
#345 = DIRECTION('',(-0.707106781187,0.707106781187,0.));
#346 = PCURVE('',#66,#347);
#347 = DEFINITIONAL_REPRESENTATION('',(#348),#352);
#348 = LINE('',#349,#350);
#349 = CARTESIAN_POINT('',(-49.49747468305,-52.3259018078));
#350 = VECTOR('',#351,1.);
#351 = DIRECTION('',(-0.707106781187,0.707106781187));
#352 = ( GEOMETRIC_REPRESENTATION_CONTEXT(2) 
PARAMETRIC_REPRESENTATION_CONTEXT() REPRESENTATION_CONTEXT('2D SPACE',''
  ) );
#353 = PCURVE('',#354,#359);
#354 = PLANE('',#355);
#355 = AXIS2_PLACEMENT_3D('',#356,#357,#358);
#356 = CARTESIAN_POINT('',(-50.91168824543,-50.91168824543,1.017E+03));
#357 = DIRECTION('',(0.579284446363,0.579284446363,-0.573462344363));
#358 = DIRECTION('',(0.405499112454,0.405499112454,0.819231920519));
#359 = DEFINITIONAL_REPRESENTATION('',(#360),#364);
#360 = LINE('',#361,#362);
#361 = CARTESIAN_POINT('',(2.22044604925E-16,2.));
#362 = VECTOR('',#363,1.);
#363 = DIRECTION('',(0.,-1.));
#364 = ( GEOMETRIC_REPRESENTATION_CONTEXT(2) 
PARAMETRIC_REPRESENTATION_CONTEXT() REPRESENTATION_CONTEXT('2D SPACE',''
  ) );
#365 = ORIENTED_EDGE('',*,*,#366,.F.);
#366 = EDGE_CURVE('',#367,#339,#369,.T.);
#367 = VERTEX_POINT('',#368);
#368 = CARTESIAN_POINT('',(-33.20257621287,-30.37414908813,1.017E+03));
#369 = SURFACE_CURVE('',#370,(#374,#381),.PCURVE_S1.);
#370 = LINE('',#371,#372);
#371 = CARTESIAN_POINT('',(-32.52691193458,-29.69848480983,1.017E+03));
#372 = VECTOR('',#373,1.);
#373 = DIRECTION('',(-0.707106781187,-0.707106781187,0.));
#374 = PCURVE('',#66,#375);
#375 = DEFINITIONAL_REPRESENTATION('',(#376),#380);
#376 = LINE('',#377,#378);
#377 = CARTESIAN_POINT('',(-32.52691193458,-29.69848480983));
#378 = VECTOR('',#379,1.);
#379 = DIRECTION('',(-0.707106781187,-0.707106781187));
#380 = ( GEOMETRIC_REPRESENTATION_CONTEXT(2) 
PARAMETRIC_REPRESENTATION_CONTEXT() REPRESENTATION_CONTEXT('2D SPACE',''
  ) );
#381 = PCURVE('',#382,#387);
#382 = PLANE('',#383);
#383 = AXIS2_PLACEMENT_3D('',#384,#385,#386);
#384 = CARTESIAN_POINT('',(-39.03692984183,-36.20850271709,
    1.032206555616E+03));
#385 = DIRECTION('',(-0.707106781187,0.707106781187,-0.));
#386 = DIRECTION('',(0.,-0.,-1.));
#387 = DEFINITIONAL_REPRESENTATION('',(#388),#392);
#388 = LINE('',#389,#390);
#389 = CARTESIAN_POINT('',(15.206555615734,-9.206555615734));
#390 = VECTOR('',#391,1.);
#391 = DIRECTION('',(0.,1.));
#392 = ( GEOMETRIC_REPRESENTATION_CONTEXT(2) 
PARAMETRIC_REPRESENTATION_CONTEXT() REPRESENTATION_CONTEXT('2D SPACE',''
  ) );
#393 = ORIENTED_EDGE('',*,*,#394,.F.);
#394 = EDGE_CURVE('',#395,#367,#397,.T.);
#395 = VERTEX_POINT('',#396);
#396 = CARTESIAN_POINT('',(-33.20257621287,30.37414908813,1.017E+03));
#397 = SURFACE_CURVE('',#398,(#403,#410),.PCURVE_S1.);
#398 = CIRCLE('',#399,45.);
#399 = AXIS2_PLACEMENT_3D('',#400,#401,#402);
#400 = CARTESIAN_POINT('',(0.,0.,1.017E+03));
#401 = DIRECTION('',(0.,0.,1.));
#402 = DIRECTION('',(1.,0.,0.));
#403 = PCURVE('',#66,#404);
#404 = DEFINITIONAL_REPRESENTATION('',(#405),#409);
#405 = CIRCLE('',#406,45.);
#406 = AXIS2_PLACEMENT_2D('',#407,#408);
#407 = CARTESIAN_POINT('',(7.001293478602E-15,-1.605911987866E-15));
#408 = DIRECTION('',(1.,0.));
#409 = ( GEOMETRIC_REPRESENTATION_CONTEXT(2) 
PARAMETRIC_REPRESENTATION_CONTEXT() REPRESENTATION_CONTEXT('2D SPACE',''
  ) );
#410 = PCURVE('',#166,#411);
#411 = DEFINITIONAL_REPRESENTATION('',(#412),#416);
#412 = LINE('',#413,#414);
#413 = CARTESIAN_POINT('',(-0.,0.));
#414 = VECTOR('',#415,1.);
#415 = DIRECTION('',(-1.,0.));
#416 = ( GEOMETRIC_REPRESENTATION_CONTEXT(2) 
PARAMETRIC_REPRESENTATION_CONTEXT() REPRESENTATION_CONTEXT('2D SPACE',''
  ) );
#417 = ORIENTED_EDGE('',*,*,#418,.T.);
#418 = EDGE_CURVE('',#395,#419,#421,.T.);
#419 = VERTEX_POINT('',#420);
#420 = CARTESIAN_POINT('',(-52.3259018078,49.497474683058,1.017E+03));
#421 = SURFACE_CURVE('',#422,(#426,#433),.PCURVE_S1.);
#422 = LINE('',#423,#424);
#423 = CARTESIAN_POINT('',(-32.52691193458,29.698484809835,1.017E+03));
#424 = VECTOR('',#425,1.);
#425 = DIRECTION('',(-0.707106781187,0.707106781187,0.));
#426 = PCURVE('',#66,#427);
#427 = DEFINITIONAL_REPRESENTATION('',(#428),#432);
#428 = LINE('',#429,#430);
#429 = CARTESIAN_POINT('',(-32.52691193458,29.698484809835));
#430 = VECTOR('',#431,1.);
#431 = DIRECTION('',(-0.707106781187,0.707106781187));
#432 = ( GEOMETRIC_REPRESENTATION_CONTEXT(2) 
PARAMETRIC_REPRESENTATION_CONTEXT() REPRESENTATION_CONTEXT('2D SPACE',''
  ) );
#433 = PCURVE('',#434,#439);
#434 = PLANE('',#435);
#435 = AXIS2_PLACEMENT_3D('',#436,#437,#438);
#436 = CARTESIAN_POINT('',(-39.03692984183,36.208502717091,
    1.032206555616E+03));
#437 = DIRECTION('',(0.707106781187,0.707106781187,-0.));
#438 = DIRECTION('',(-0.,0.,-1.));
#439 = DEFINITIONAL_REPRESENTATION('',(#440),#444);
#440 = LINE('',#441,#442);
#441 = CARTESIAN_POINT('',(15.206555615734,-9.206555615734));
#442 = VECTOR('',#443,1.);
#443 = DIRECTION('',(0.,1.));
#444 = ( GEOMETRIC_REPRESENTATION_CONTEXT(2) 
PARAMETRIC_REPRESENTATION_CONTEXT() REPRESENTATION_CONTEXT('2D SPACE',''
  ) );
#445 = ORIENTED_EDGE('',*,*,#446,.T.);
#446 = EDGE_CURVE('',#419,#447,#449,.T.);
#447 = VERTEX_POINT('',#448);
#448 = CARTESIAN_POINT('',(-49.49747468305,52.325901807805,1.017E+03));
#449 = SURFACE_CURVE('',#450,(#454,#461),.PCURVE_S1.);
#450 = LINE('',#451,#452);
#451 = CARTESIAN_POINT('',(-52.3259018078,49.497474683058,1.017E+03));
#452 = VECTOR('',#453,1.);
#453 = DIRECTION('',(0.707106781187,0.707106781187,0.));
#454 = PCURVE('',#66,#455);
#455 = DEFINITIONAL_REPRESENTATION('',(#456),#460);
#456 = LINE('',#457,#458);
#457 = CARTESIAN_POINT('',(-52.3259018078,49.497474683058));
#458 = VECTOR('',#459,1.);
#459 = DIRECTION('',(0.707106781187,0.707106781187));
#460 = ( GEOMETRIC_REPRESENTATION_CONTEXT(2) 
PARAMETRIC_REPRESENTATION_CONTEXT() REPRESENTATION_CONTEXT('2D SPACE',''
  ) );
#461 = PCURVE('',#462,#467);
#462 = PLANE('',#463);
#463 = AXIS2_PLACEMENT_3D('',#464,#465,#466);
#464 = CARTESIAN_POINT('',(-50.91168824543,50.911688245431,1.017E+03));
#465 = DIRECTION('',(0.579284446363,-0.579284446363,-0.573462344363));
#466 = DIRECTION('',(0.405499112454,-0.405499112454,0.819231920519));
#467 = DEFINITIONAL_REPRESENTATION('',(#468),#472);
#468 = LINE('',#469,#470);
#469 = CARTESIAN_POINT('',(1.110223024625E-16,2.));
#470 = VECTOR('',#471,1.);
#471 = DIRECTION('',(0.,-1.));
#472 = ( GEOMETRIC_REPRESENTATION_CONTEXT(2) 
PARAMETRIC_REPRESENTATION_CONTEXT() REPRESENTATION_CONTEXT('2D SPACE',''
  ) );
#473 = ORIENTED_EDGE('',*,*,#474,.F.);
#474 = EDGE_CURVE('',#475,#447,#477,.T.);
#475 = VERTEX_POINT('',#476);
#476 = CARTESIAN_POINT('',(-30.37414908813,33.202576212879,1.017E+03));
#477 = SURFACE_CURVE('',#478,(#482,#489),.PCURVE_S1.);
#478 = LINE('',#479,#480);
#479 = CARTESIAN_POINT('',(-29.69848480983,32.526911934581,1.017E+03));
#480 = VECTOR('',#481,1.);
#481 = DIRECTION('',(-0.707106781187,0.707106781187,0.));
#482 = PCURVE('',#66,#483);
#483 = DEFINITIONAL_REPRESENTATION('',(#484),#488);
#484 = LINE('',#485,#486);
#485 = CARTESIAN_POINT('',(-29.69848480983,32.526911934581));
#486 = VECTOR('',#487,1.);
#487 = DIRECTION('',(-0.707106781187,0.707106781187));
#488 = ( GEOMETRIC_REPRESENTATION_CONTEXT(2) 
PARAMETRIC_REPRESENTATION_CONTEXT() REPRESENTATION_CONTEXT('2D SPACE',''
  ) );
#489 = PCURVE('',#490,#495);
#490 = PLANE('',#491);
#491 = AXIS2_PLACEMENT_3D('',#492,#493,#494);
#492 = CARTESIAN_POINT('',(-36.20850271709,39.036929841838,
    1.032206555616E+03));
#493 = DIRECTION('',(0.707106781187,0.707106781187,-0.));
#494 = DIRECTION('',(-0.,0.,-1.));
#495 = DEFINITIONAL_REPRESENTATION('',(#496),#500);
#496 = LINE('',#497,#498);
#497 = CARTESIAN_POINT('',(15.206555615734,-9.206555615734));
#498 = VECTOR('',#499,1.);
#499 = DIRECTION('',(0.,1.));
#500 = ( GEOMETRIC_REPRESENTATION_CONTEXT(2) 
PARAMETRIC_REPRESENTATION_CONTEXT() REPRESENTATION_CONTEXT('2D SPACE',''
  ) );
#501 = ORIENTED_EDGE('',*,*,#502,.F.);
#502 = EDGE_CURVE('',#503,#475,#505,.T.);
#503 = VERTEX_POINT('',#504);
#504 = CARTESIAN_POINT('',(30.37414908813,33.202576212879,1.017E+03));
#505 = SURFACE_CURVE('',#506,(#511,#518),.PCURVE_S1.);
#506 = CIRCLE('',#507,45.);
#507 = AXIS2_PLACEMENT_3D('',#508,#509,#510);
#508 = CARTESIAN_POINT('',(0.,0.,1.017E+03));
#509 = DIRECTION('',(0.,0.,1.));
#510 = DIRECTION('',(1.,0.,0.));
#511 = PCURVE('',#66,#512);
#512 = DEFINITIONAL_REPRESENTATION('',(#513),#517);
#513 = CIRCLE('',#514,45.);
#514 = AXIS2_PLACEMENT_2D('',#515,#516);
#515 = CARTESIAN_POINT('',(7.001293478602E-15,-1.605911987866E-15));
#516 = DIRECTION('',(1.,0.));
#517 = ( GEOMETRIC_REPRESENTATION_CONTEXT(2) 
PARAMETRIC_REPRESENTATION_CONTEXT() REPRESENTATION_CONTEXT('2D SPACE',''
  ) );
#518 = PCURVE('',#166,#519);
#519 = DEFINITIONAL_REPRESENTATION('',(#520),#524);
#520 = LINE('',#521,#522);
#521 = CARTESIAN_POINT('',(-0.,0.));
#522 = VECTOR('',#523,1.);
#523 = DIRECTION('',(-1.,0.));
#524 = ( GEOMETRIC_REPRESENTATION_CONTEXT(2) 
PARAMETRIC_REPRESENTATION_CONTEXT() REPRESENTATION_CONTEXT('2D SPACE',''
  ) );
#525 = ORIENTED_EDGE('',*,*,#526,.T.);
#526 = EDGE_CURVE('',#503,#527,#529,.T.);
#527 = VERTEX_POINT('',#528);
#528 = CARTESIAN_POINT('',(49.497474683058,52.325901807805,1.017E+03));
#529 = SURFACE_CURVE('',#530,(#534,#541),.PCURVE_S1.);
#530 = LINE('',#531,#532);
#531 = CARTESIAN_POINT('',(29.698484809835,32.526911934581,1.017E+03));
#532 = VECTOR('',#533,1.);
#533 = DIRECTION('',(0.707106781187,0.707106781187,0.));
#534 = PCURVE('',#66,#535);
#535 = DEFINITIONAL_REPRESENTATION('',(#536),#540);
#536 = LINE('',#537,#538);
#537 = CARTESIAN_POINT('',(29.698484809835,32.526911934581));
#538 = VECTOR('',#539,1.);
#539 = DIRECTION('',(0.707106781187,0.707106781187));
#540 = ( GEOMETRIC_REPRESENTATION_CONTEXT(2) 
PARAMETRIC_REPRESENTATION_CONTEXT() REPRESENTATION_CONTEXT('2D SPACE',''
  ) );
#541 = PCURVE('',#542,#547);
#542 = PLANE('',#543);
#543 = AXIS2_PLACEMENT_3D('',#544,#545,#546);
#544 = CARTESIAN_POINT('',(36.208502717091,39.036929841838,
    1.032206555616E+03));
#545 = DIRECTION('',(0.707106781187,-0.707106781187,-0.));
#546 = DIRECTION('',(0.,0.,-1.));
#547 = DEFINITIONAL_REPRESENTATION('',(#548),#552);
#548 = LINE('',#549,#550);
#549 = CARTESIAN_POINT('',(15.206555615734,-9.206555615734));
#550 = VECTOR('',#551,1.);
#551 = DIRECTION('',(0.,1.));
#552 = ( GEOMETRIC_REPRESENTATION_CONTEXT(2) 
PARAMETRIC_REPRESENTATION_CONTEXT() REPRESENTATION_CONTEXT('2D SPACE',''
  ) );
#553 = ORIENTED_EDGE('',*,*,#554,.T.);
#554 = EDGE_CURVE('',#527,#555,#557,.T.);
#555 = VERTEX_POINT('',#556);
#556 = CARTESIAN_POINT('',(52.325901807805,49.497474683058,1.017E+03));
#557 = SURFACE_CURVE('',#558,(#562,#569),.PCURVE_S1.);
#558 = LINE('',#559,#560);
#559 = CARTESIAN_POINT('',(49.497474683058,52.325901807805,1.017E+03));
#560 = VECTOR('',#561,1.);
#561 = DIRECTION('',(0.707106781187,-0.707106781187,0.));
#562 = PCURVE('',#66,#563);
#563 = DEFINITIONAL_REPRESENTATION('',(#564),#568);
#564 = LINE('',#565,#566);
#565 = CARTESIAN_POINT('',(49.497474683058,52.325901807805));
#566 = VECTOR('',#567,1.);
#567 = DIRECTION('',(0.707106781187,-0.707106781187));
#568 = ( GEOMETRIC_REPRESENTATION_CONTEXT(2) 
PARAMETRIC_REPRESENTATION_CONTEXT() REPRESENTATION_CONTEXT('2D SPACE',''
  ) );
#569 = PCURVE('',#570,#575);
#570 = PLANE('',#571);
#571 = AXIS2_PLACEMENT_3D('',#572,#573,#574);
#572 = CARTESIAN_POINT('',(50.911688245431,50.911688245431,1.017E+03));
#573 = DIRECTION('',(-0.579284446363,-0.579284446363,-0.573462344363));
#574 = DIRECTION('',(-0.405499112454,-0.405499112454,0.819231920519));
#575 = DEFINITIONAL_REPRESENTATION('',(#576),#580);
#576 = LINE('',#577,#578);
#577 = CARTESIAN_POINT('',(1.110223024625E-16,2.));
#578 = VECTOR('',#579,1.);
#579 = DIRECTION('',(0.,-1.));
#580 = ( GEOMETRIC_REPRESENTATION_CONTEXT(2) 
PARAMETRIC_REPRESENTATION_CONTEXT() REPRESENTATION_CONTEXT('2D SPACE',''
  ) );
#581 = ORIENTED_EDGE('',*,*,#582,.F.);
#582 = EDGE_CURVE('',#150,#555,#583,.T.);
#583 = SURFACE_CURVE('',#584,(#588,#595),.PCURVE_S1.);
#584 = LINE('',#585,#586);
#585 = CARTESIAN_POINT('',(32.526911934581,29.698484809835,1.017E+03));
#586 = VECTOR('',#587,1.);
#587 = DIRECTION('',(0.707106781187,0.707106781187,0.));
#588 = PCURVE('',#66,#589);
#589 = DEFINITIONAL_REPRESENTATION('',(#590),#594);
#590 = LINE('',#591,#592);
#591 = CARTESIAN_POINT('',(32.526911934581,29.698484809835));
#592 = VECTOR('',#593,1.);
#593 = DIRECTION('',(0.707106781187,0.707106781187));
#594 = ( GEOMETRIC_REPRESENTATION_CONTEXT(2) 
PARAMETRIC_REPRESENTATION_CONTEXT() REPRESENTATION_CONTEXT('2D SPACE',''
  ) );
#595 = PCURVE('',#596,#601);
#596 = PLANE('',#597);
#597 = AXIS2_PLACEMENT_3D('',#598,#599,#600);
#598 = CARTESIAN_POINT('',(39.036929841838,36.208502717091,
    1.032206555616E+03));
#599 = DIRECTION('',(0.707106781187,-0.707106781187,-0.));
#600 = DIRECTION('',(0.,0.,-1.));
#601 = DEFINITIONAL_REPRESENTATION('',(#602),#606);
#602 = LINE('',#603,#604);
#603 = CARTESIAN_POINT('',(15.206555615734,-9.206555615734));
#604 = VECTOR('',#605,1.);
#605 = DIRECTION('',(0.,1.));
#606 = ( GEOMETRIC_REPRESENTATION_CONTEXT(2) 
PARAMETRIC_REPRESENTATION_CONTEXT() REPRESENTATION_CONTEXT('2D SPACE',''
  ) );
#607 = ADVANCED_FACE('',(#608),#129,.F.);
#608 = FACE_BOUND('',#609,.T.);
#609 = EDGE_LOOP('',(#610,#611,#634,#661));
#610 = ORIENTED_EDGE('',*,*,#112,.F.);
#611 = ORIENTED_EDGE('',*,*,#612,.T.);
#612 = EDGE_CURVE('',#113,#613,#615,.T.);
#613 = VERTEX_POINT('',#614);
#614 = CARTESIAN_POINT('',(41.,1.515824502955E-15,1.395E+03));
#615 = SEAM_CURVE('',#616,(#620,#627),.PCURVE_S1.);
#616 = LINE('',#617,#618);
#617 = CARTESIAN_POINT('',(41.,1.515824502955E-15,1.005E+03));
#618 = VECTOR('',#619,1.);
#619 = DIRECTION('',(0.,0.,1.));
#620 = PCURVE('',#129,#621);
#621 = DEFINITIONAL_REPRESENTATION('',(#622),#626);
#622 = LINE('',#623,#624);
#623 = CARTESIAN_POINT('',(-0.,0.));
#624 = VECTOR('',#625,1.);
#625 = DIRECTION('',(-0.,-1.));
#626 = ( GEOMETRIC_REPRESENTATION_CONTEXT(2) 
PARAMETRIC_REPRESENTATION_CONTEXT() REPRESENTATION_CONTEXT('2D SPACE',''
  ) );
#627 = PCURVE('',#129,#628);
#628 = DEFINITIONAL_REPRESENTATION('',(#629),#633);
#629 = LINE('',#630,#631);
#630 = CARTESIAN_POINT('',(-6.28318530718,0.));
#631 = VECTOR('',#632,1.);
#632 = DIRECTION('',(-0.,-1.));
#633 = ( GEOMETRIC_REPRESENTATION_CONTEXT(2) 
PARAMETRIC_REPRESENTATION_CONTEXT() REPRESENTATION_CONTEXT('2D SPACE',''
  ) );
#634 = ORIENTED_EDGE('',*,*,#635,.T.);
#635 = EDGE_CURVE('',#613,#613,#636,.T.);
#636 = SURFACE_CURVE('',#637,(#642,#649),.PCURVE_S1.);
#637 = CIRCLE('',#638,41.);
#638 = AXIS2_PLACEMENT_3D('',#639,#640,#641);
#639 = CARTESIAN_POINT('',(3.531871091885E-13,1.515824502955E-15,
    1.395E+03));
#640 = DIRECTION('',(0.,0.,1.));
#641 = DIRECTION('',(1.,0.,0.));
#642 = PCURVE('',#129,#643);
#643 = DEFINITIONAL_REPRESENTATION('',(#644),#648);
#644 = LINE('',#645,#646);
#645 = CARTESIAN_POINT('',(-0.,-390.));
#646 = VECTOR('',#647,1.);
#647 = DIRECTION('',(-1.,0.));
#648 = ( GEOMETRIC_REPRESENTATION_CONTEXT(2) 
PARAMETRIC_REPRESENTATION_CONTEXT() REPRESENTATION_CONTEXT('2D SPACE',''
  ) );
#649 = PCURVE('',#650,#655);
#650 = PLANE('',#651);
#651 = AXIS2_PLACEMENT_3D('',#652,#653,#654);
#652 = CARTESIAN_POINT('',(-7.001293478602E-15,1.605911987866E-15,
    1.395E+03));
#653 = DIRECTION('',(0.,0.,1.));
#654 = DIRECTION('',(1.,0.,-0.));
#655 = DEFINITIONAL_REPRESENTATION('',(#656),#660);
#656 = CIRCLE('',#657,41.);
#657 = AXIS2_PLACEMENT_2D('',#658,#659);
#658 = CARTESIAN_POINT('',(3.601884026671E-13,-9.00874849113E-17));
#659 = DIRECTION('',(1.,0.));
#660 = ( GEOMETRIC_REPRESENTATION_CONTEXT(2) 
PARAMETRIC_REPRESENTATION_CONTEXT() REPRESENTATION_CONTEXT('2D SPACE',''
  ) );
#661 = ORIENTED_EDGE('',*,*,#612,.F.);
#662 = ADVANCED_FACE('',(#663),#166,.T.);
#663 = FACE_BOUND('',#664,.F.);
#664 = EDGE_LOOP('',(#665,#688,#689,#710,#737,#756,#757,#778,#805,#824,
    #825,#846,#873,#892,#893,#914,#941,#960,#961,#962,#991,#1017,#1049,
    #1075,#1099,#1125,#1157,#1183,#1207,#1233,#1265,#1291,#1315,#1341,
    #1373,#1399));
#665 = ORIENTED_EDGE('',*,*,#666,.F.);
#666 = EDGE_CURVE('',#148,#667,#669,.T.);
#667 = VERTEX_POINT('',#668);
#668 = CARTESIAN_POINT('',(45.,0.,1.383E+03));
#669 = SEAM_CURVE('',#670,(#674,#681),.PCURVE_S1.);
#670 = LINE('',#671,#672);
#671 = CARTESIAN_POINT('',(45.,0.,1.017E+03));
#672 = VECTOR('',#673,1.);
#673 = DIRECTION('',(0.,0.,1.));
#674 = PCURVE('',#166,#675);
#675 = DEFINITIONAL_REPRESENTATION('',(#676),#680);
#676 = LINE('',#677,#678);
#677 = CARTESIAN_POINT('',(-6.28318530718,0.));
#678 = VECTOR('',#679,1.);
#679 = DIRECTION('',(-0.,-1.));
#680 = ( GEOMETRIC_REPRESENTATION_CONTEXT(2) 
PARAMETRIC_REPRESENTATION_CONTEXT() REPRESENTATION_CONTEXT('2D SPACE',''
  ) );
#681 = PCURVE('',#166,#682);
#682 = DEFINITIONAL_REPRESENTATION('',(#683),#687);
#683 = LINE('',#684,#685);
#684 = CARTESIAN_POINT('',(-0.,0.));
#685 = VECTOR('',#686,1.);
#686 = DIRECTION('',(-0.,-1.));
#687 = ( GEOMETRIC_REPRESENTATION_CONTEXT(2) 
PARAMETRIC_REPRESENTATION_CONTEXT() REPRESENTATION_CONTEXT('2D SPACE',''
  ) );
#688 = ORIENTED_EDGE('',*,*,#178,.F.);
#689 = ORIENTED_EDGE('',*,*,#690,.F.);
#690 = EDGE_CURVE('',#691,#179,#693,.T.);
#691 = VERTEX_POINT('',#692);
#692 = CARTESIAN_POINT('',(33.202576212878,-30.37414908813,
    1.05563495202E+03));
#693 = SURFACE_CURVE('',#694,(#698,#704),.PCURVE_S1.);
#694 = LINE('',#695,#696);
#695 = CARTESIAN_POINT('',(33.202576212878,-30.37414908813,1.017E+03));
#696 = VECTOR('',#697,1.);
#697 = DIRECTION('',(-0.,-0.,-1.));
#698 = PCURVE('',#166,#699);
#699 = DEFINITIONAL_REPRESENTATION('',(#700),#703);
#700 = B_SPLINE_CURVE_WITH_KNOTS('',1,(#701,#702),.UNSPECIFIED.,.F.,.F.,
  (2,2),(-44.,6.000000212225E-07),.PIECEWISE_BEZIER_KNOTS.);
#701 = CARTESIAN_POINT('',(-5.542246233164,-44.));
#702 = CARTESIAN_POINT('',(-5.542246233164,6.000000212225E-07));
#703 = ( GEOMETRIC_REPRESENTATION_CONTEXT(2) 
PARAMETRIC_REPRESENTATION_CONTEXT() REPRESENTATION_CONTEXT('2D SPACE',''
  ) );
#704 = PCURVE('',#218,#705);
#705 = DEFINITIONAL_REPRESENTATION('',(#706),#709);
#706 = B_SPLINE_CURVE_WITH_KNOTS('',1,(#707,#708),.UNSPECIFIED.,.F.,.F.,
  (2,2),(-44.,6.000000212225E-07),.PIECEWISE_BEZIER_KNOTS.);
#707 = CARTESIAN_POINT('',(-28.79344438426,-8.251022029756));
#708 = CARTESIAN_POINT('',(15.206556215734,-8.251022029756));
#709 = ( GEOMETRIC_REPRESENTATION_CONTEXT(2) 
PARAMETRIC_REPRESENTATION_CONTEXT() REPRESENTATION_CONTEXT('2D SPACE',''
  ) );
#710 = ORIENTED_EDGE('',*,*,#711,.T.);
#711 = EDGE_CURVE('',#691,#712,#714,.T.);
#712 = VERTEX_POINT('',#713);
#713 = CARTESIAN_POINT('',(30.374149088132,-33.20257621287,
    1.05563495202E+03));
#714 = SURFACE_CURVE('',#715,(#720,#730),.PCURVE_S1.);
#715 = ELLIPSE('',#716,78.470714672574,45.);
#716 = AXIS2_PLACEMENT_3D('',#717,#718,#719);
#717 = CARTESIAN_POINT('',(0.,0.,1.119857142857E+03));
#718 = DIRECTION('',(-0.579284446363,0.579284446363,-0.573462344363));
#719 = DIRECTION('',(0.405499112454,-0.405499112454,-0.819231920519));
#720 = PCURVE('',#166,#721);
#721 = DEFINITIONAL_REPRESENTATION('',(#722),#729);
#722 = B_SPLINE_CURVE_WITH_KNOTS('',5,(#723,#724,#725,#726,#727,#728),
  .UNSPECIFIED.,.F.,.F.,(6,6),(6.229826657477,6.336543956882),
  .PIECEWISE_BEZIER_KNOTS.);
#723 = CARTESIAN_POINT('',(-5.551145793484,-38.66292225136));
#724 = CARTESIAN_POINT('',(-5.529802333604,-38.58974467462));
#725 = CARTESIAN_POINT('',(-5.508458873723,-38.55312115224));
#726 = CARTESIAN_POINT('',(-5.487115413842,-38.55312115224));
#727 = CARTESIAN_POINT('',(-5.465771953961,-38.58974467462));
#728 = CARTESIAN_POINT('',(-5.44442849408,-38.66292225136));
#729 = ( GEOMETRIC_REPRESENTATION_CONTEXT(2) 
PARAMETRIC_REPRESENTATION_CONTEXT() REPRESENTATION_CONTEXT('2D SPACE',''
  ) );
#730 = PCURVE('',#246,#731);
#731 = DEFINITIONAL_REPRESENTATION('',(#732),#736);
#732 = ELLIPSE('',#733,78.470714672574,45.);
#733 = AXIS2_PLACEMENT_2D('',#734,#735);
#734 = CARTESIAN_POINT('',(125.55314347611,0.));
#735 = DIRECTION('',(-1.,5.551115123126E-17));
#736 = ( GEOMETRIC_REPRESENTATION_CONTEXT(2) 
PARAMETRIC_REPRESENTATION_CONTEXT() REPRESENTATION_CONTEXT('2D SPACE',''
  ) );
#737 = ORIENTED_EDGE('',*,*,#738,.T.);
#738 = EDGE_CURVE('',#712,#259,#739,.T.);
#739 = SURFACE_CURVE('',#740,(#744,#750),.PCURVE_S1.);
#740 = LINE('',#741,#742);
#741 = CARTESIAN_POINT('',(30.374149088132,-33.20257621287,1.017E+03));
#742 = VECTOR('',#743,1.);
#743 = DIRECTION('',(-0.,-0.,-1.));
#744 = PCURVE('',#166,#745);
#745 = DEFINITIONAL_REPRESENTATION('',(#746),#749);
#746 = B_SPLINE_CURVE_WITH_KNOTS('',1,(#747,#748),.UNSPECIFIED.,.F.,.F.,
  (2,2),(-44.,6.000000212225E-07),.PIECEWISE_BEZIER_KNOTS.);
#747 = CARTESIAN_POINT('',(-5.4533280544,-44.));
#748 = CARTESIAN_POINT('',(-5.4533280544,6.000000212225E-07));
#749 = ( GEOMETRIC_REPRESENTATION_CONTEXT(2) 
PARAMETRIC_REPRESENTATION_CONTEXT() REPRESENTATION_CONTEXT('2D SPACE',''
  ) );
#750 = PCURVE('',#274,#751);
#751 = DEFINITIONAL_REPRESENTATION('',(#752),#755);
#752 = B_SPLINE_CURVE_WITH_KNOTS('',1,(#753,#754),.UNSPECIFIED.,.F.,.F.,
  (2,2),(-44.,6.000000212225E-07),.PIECEWISE_BEZIER_KNOTS.);
#753 = CARTESIAN_POINT('',(-28.79344438426,-8.251022029756));
#754 = CARTESIAN_POINT('',(15.206556215734,-8.251022029756));
#755 = ( GEOMETRIC_REPRESENTATION_CONTEXT(2) 
PARAMETRIC_REPRESENTATION_CONTEXT() REPRESENTATION_CONTEXT('2D SPACE',''
  ) );
#756 = ORIENTED_EDGE('',*,*,#286,.F.);
#757 = ORIENTED_EDGE('',*,*,#758,.F.);
#758 = EDGE_CURVE('',#759,#287,#761,.T.);
#759 = VERTEX_POINT('',#760);
#760 = CARTESIAN_POINT('',(-30.37414908813,-33.20257621287,
    1.05563495202E+03));
#761 = SURFACE_CURVE('',#762,(#766,#772),.PCURVE_S1.);
#762 = LINE('',#763,#764);
#763 = CARTESIAN_POINT('',(-30.37414908813,-33.20257621287,1.017E+03));
#764 = VECTOR('',#765,1.);
#765 = DIRECTION('',(-0.,-0.,-1.));
#766 = PCURVE('',#166,#767);
#767 = DEFINITIONAL_REPRESENTATION('',(#768),#771);
#768 = B_SPLINE_CURVE_WITH_KNOTS('',1,(#769,#770),.UNSPECIFIED.,.F.,.F.,
  (2,2),(-44.,6.000000212225E-07),.PIECEWISE_BEZIER_KNOTS.);
#769 = CARTESIAN_POINT('',(-3.971449906369,-44.));
#770 = CARTESIAN_POINT('',(-3.971449906369,6.000000212225E-07));
#771 = ( GEOMETRIC_REPRESENTATION_CONTEXT(2) 
PARAMETRIC_REPRESENTATION_CONTEXT() REPRESENTATION_CONTEXT('2D SPACE',''
  ) );
#772 = PCURVE('',#326,#773);
#773 = DEFINITIONAL_REPRESENTATION('',(#774),#777);
#774 = B_SPLINE_CURVE_WITH_KNOTS('',1,(#775,#776),.UNSPECIFIED.,.F.,.F.,
  (2,2),(-44.,6.000000212225E-07),.PIECEWISE_BEZIER_KNOTS.);
#775 = CARTESIAN_POINT('',(-28.79344438426,-8.251022029756));
#776 = CARTESIAN_POINT('',(15.206556215734,-8.251022029756));
#777 = ( GEOMETRIC_REPRESENTATION_CONTEXT(2) 
PARAMETRIC_REPRESENTATION_CONTEXT() REPRESENTATION_CONTEXT('2D SPACE',''
  ) );
#778 = ORIENTED_EDGE('',*,*,#779,.T.);
#779 = EDGE_CURVE('',#759,#780,#782,.T.);
#780 = VERTEX_POINT('',#781);
#781 = CARTESIAN_POINT('',(-33.20257621287,-30.37414908813,
    1.05563495202E+03));
#782 = SURFACE_CURVE('',#783,(#788,#798),.PCURVE_S1.);
#783 = ELLIPSE('',#784,78.470714672574,45.);
#784 = AXIS2_PLACEMENT_3D('',#785,#786,#787);
#785 = CARTESIAN_POINT('',(0.,0.,1.119857142857E+03));
#786 = DIRECTION('',(0.579284446363,0.579284446363,-0.573462344363));
#787 = DIRECTION('',(-0.405499112454,-0.405499112454,-0.819231920519));
#788 = PCURVE('',#166,#789);
#789 = DEFINITIONAL_REPRESENTATION('',(#790),#797);
#790 = B_SPLINE_CURVE_WITH_KNOTS('',5,(#791,#792,#793,#794,#795,#796),
  .UNSPECIFIED.,.F.,.F.,(6,6),(6.229826657477,6.336543956882),
  .PIECEWISE_BEZIER_KNOTS.);
#791 = CARTESIAN_POINT('',(-3.98034946669,-38.66292225136));
#792 = CARTESIAN_POINT('',(-3.959006006809,-38.58974467462));
#793 = CARTESIAN_POINT('',(-3.937662546928,-38.55312115224));
#794 = CARTESIAN_POINT('',(-3.916319087047,-38.55312115224));
#795 = CARTESIAN_POINT('',(-3.894975627166,-38.58974467462));
#796 = CARTESIAN_POINT('',(-3.873632167285,-38.66292225136));
#797 = ( GEOMETRIC_REPRESENTATION_CONTEXT(2) 
PARAMETRIC_REPRESENTATION_CONTEXT() REPRESENTATION_CONTEXT('2D SPACE',''
  ) );
#798 = PCURVE('',#354,#799);
#799 = DEFINITIONAL_REPRESENTATION('',(#800),#804);
#800 = ELLIPSE('',#801,78.470714672574,45.);
#801 = AXIS2_PLACEMENT_2D('',#802,#803);
#802 = CARTESIAN_POINT('',(125.55314347611,0.));
#803 = DIRECTION('',(-1.,0.));
#804 = ( GEOMETRIC_REPRESENTATION_CONTEXT(2) 
PARAMETRIC_REPRESENTATION_CONTEXT() REPRESENTATION_CONTEXT('2D SPACE',''
  ) );
#805 = ORIENTED_EDGE('',*,*,#806,.T.);
#806 = EDGE_CURVE('',#780,#367,#807,.T.);
#807 = SURFACE_CURVE('',#808,(#812,#818),.PCURVE_S1.);
#808 = LINE('',#809,#810);
#809 = CARTESIAN_POINT('',(-33.20257621287,-30.37414908813,1.017E+03));
#810 = VECTOR('',#811,1.);
#811 = DIRECTION('',(-0.,-0.,-1.));
#812 = PCURVE('',#166,#813);
#813 = DEFINITIONAL_REPRESENTATION('',(#814),#817);
#814 = B_SPLINE_CURVE_WITH_KNOTS('',1,(#815,#816),.UNSPECIFIED.,.F.,.F.,
  (2,2),(-44.,6.000000212225E-07),.PIECEWISE_BEZIER_KNOTS.);
#815 = CARTESIAN_POINT('',(-3.882531727605,-44.));
#816 = CARTESIAN_POINT('',(-3.882531727605,6.000000212225E-07));
#817 = ( GEOMETRIC_REPRESENTATION_CONTEXT(2) 
PARAMETRIC_REPRESENTATION_CONTEXT() REPRESENTATION_CONTEXT('2D SPACE',''
  ) );
#818 = PCURVE('',#382,#819);
#819 = DEFINITIONAL_REPRESENTATION('',(#820),#823);
#820 = B_SPLINE_CURVE_WITH_KNOTS('',1,(#821,#822),.UNSPECIFIED.,.F.,.F.,
  (2,2),(-44.,6.000000212225E-07),.PIECEWISE_BEZIER_KNOTS.);
#821 = CARTESIAN_POINT('',(-28.79344438426,-8.251022029756));
#822 = CARTESIAN_POINT('',(15.206556215734,-8.251022029756));
#823 = ( GEOMETRIC_REPRESENTATION_CONTEXT(2) 
PARAMETRIC_REPRESENTATION_CONTEXT() REPRESENTATION_CONTEXT('2D SPACE',''
  ) );
#824 = ORIENTED_EDGE('',*,*,#394,.F.);
#825 = ORIENTED_EDGE('',*,*,#826,.F.);
#826 = EDGE_CURVE('',#827,#395,#829,.T.);
#827 = VERTEX_POINT('',#828);
#828 = CARTESIAN_POINT('',(-33.20257621287,30.374149088132,
    1.05563495202E+03));
#829 = SURFACE_CURVE('',#830,(#834,#840),.PCURVE_S1.);
#830 = LINE('',#831,#832);
#831 = CARTESIAN_POINT('',(-33.20257621287,30.374149088132,1.017E+03));
#832 = VECTOR('',#833,1.);
#833 = DIRECTION('',(-0.,-0.,-1.));
#834 = PCURVE('',#166,#835);
#835 = DEFINITIONAL_REPRESENTATION('',(#836),#839);
#836 = B_SPLINE_CURVE_WITH_KNOTS('',1,(#837,#838),.UNSPECIFIED.,.F.,.F.,
  (2,2),(-44.,6.000000212225E-07),.PIECEWISE_BEZIER_KNOTS.);
#837 = CARTESIAN_POINT('',(-2.400653579574,-44.));
#838 = CARTESIAN_POINT('',(-2.400653579574,6.000000212225E-07));
#839 = ( GEOMETRIC_REPRESENTATION_CONTEXT(2) 
PARAMETRIC_REPRESENTATION_CONTEXT() REPRESENTATION_CONTEXT('2D SPACE',''
  ) );
#840 = PCURVE('',#434,#841);
#841 = DEFINITIONAL_REPRESENTATION('',(#842),#845);
#842 = B_SPLINE_CURVE_WITH_KNOTS('',1,(#843,#844),.UNSPECIFIED.,.F.,.F.,
  (2,2),(-44.,6.000000212225E-07),.PIECEWISE_BEZIER_KNOTS.);
#843 = CARTESIAN_POINT('',(-28.79344438426,-8.251022029756));
#844 = CARTESIAN_POINT('',(15.206556215734,-8.251022029756));
#845 = ( GEOMETRIC_REPRESENTATION_CONTEXT(2) 
PARAMETRIC_REPRESENTATION_CONTEXT() REPRESENTATION_CONTEXT('2D SPACE',''
  ) );
#846 = ORIENTED_EDGE('',*,*,#847,.T.);
#847 = EDGE_CURVE('',#827,#848,#850,.T.);
#848 = VERTEX_POINT('',#849);
#849 = CARTESIAN_POINT('',(-30.37414908813,33.202576212878,
    1.05563495202E+03));
#850 = SURFACE_CURVE('',#851,(#856,#866),.PCURVE_S1.);
#851 = ELLIPSE('',#852,78.470714672574,45.);
#852 = AXIS2_PLACEMENT_3D('',#853,#854,#855);
#853 = CARTESIAN_POINT('',(0.,0.,1.119857142857E+03));
#854 = DIRECTION('',(0.579284446363,-0.579284446363,-0.573462344363));
#855 = DIRECTION('',(-0.405499112454,0.405499112454,-0.819231920519));
#856 = PCURVE('',#166,#857);
#857 = DEFINITIONAL_REPRESENTATION('',(#858),#865);
#858 = B_SPLINE_CURVE_WITH_KNOTS('',5,(#859,#860,#861,#862,#863,#864),
  .UNSPECIFIED.,.F.,.F.,(6,6),(6.229826657477,6.336543956882),
  .PIECEWISE_BEZIER_KNOTS.);
#859 = CARTESIAN_POINT('',(-2.409553139895,-38.66292225136));
#860 = CARTESIAN_POINT('',(-2.388209680014,-38.58974467462));
#861 = CARTESIAN_POINT('',(-2.366866220133,-38.55312115224));
#862 = CARTESIAN_POINT('',(-2.345522760252,-38.55312115224));
#863 = CARTESIAN_POINT('',(-2.324179300371,-38.58974467462));
#864 = CARTESIAN_POINT('',(-2.30283584049,-38.66292225136));
#865 = ( GEOMETRIC_REPRESENTATION_CONTEXT(2) 
PARAMETRIC_REPRESENTATION_CONTEXT() REPRESENTATION_CONTEXT('2D SPACE',''
  ) );
#866 = PCURVE('',#462,#867);
#867 = DEFINITIONAL_REPRESENTATION('',(#868),#872);
#868 = ELLIPSE('',#869,78.470714672574,45.);
#869 = AXIS2_PLACEMENT_2D('',#870,#871);
#870 = CARTESIAN_POINT('',(125.55314347611,0.));
#871 = DIRECTION('',(-1.,0.));
#872 = ( GEOMETRIC_REPRESENTATION_CONTEXT(2) 
PARAMETRIC_REPRESENTATION_CONTEXT() REPRESENTATION_CONTEXT('2D SPACE',''
  ) );
#873 = ORIENTED_EDGE('',*,*,#874,.T.);
#874 = EDGE_CURVE('',#848,#475,#875,.T.);
#875 = SURFACE_CURVE('',#876,(#880,#886),.PCURVE_S1.);
#876 = LINE('',#877,#878);
#877 = CARTESIAN_POINT('',(-30.37414908813,33.202576212878,1.017E+03));
#878 = VECTOR('',#879,1.);
#879 = DIRECTION('',(-0.,-0.,-1.));
#880 = PCURVE('',#166,#881);
#881 = DEFINITIONAL_REPRESENTATION('',(#882),#885);
#882 = B_SPLINE_CURVE_WITH_KNOTS('',1,(#883,#884),.UNSPECIFIED.,.F.,.F.,
  (2,2),(-44.,6.000000212225E-07),.PIECEWISE_BEZIER_KNOTS.);
#883 = CARTESIAN_POINT('',(-2.311735400811,-44.));
#884 = CARTESIAN_POINT('',(-2.311735400811,6.000000212225E-07));
#885 = ( GEOMETRIC_REPRESENTATION_CONTEXT(2) 
PARAMETRIC_REPRESENTATION_CONTEXT() REPRESENTATION_CONTEXT('2D SPACE',''
  ) );
#886 = PCURVE('',#490,#887);
#887 = DEFINITIONAL_REPRESENTATION('',(#888),#891);
#888 = B_SPLINE_CURVE_WITH_KNOTS('',1,(#889,#890),.UNSPECIFIED.,.F.,.F.,
  (2,2),(-44.,6.000000212225E-07),.PIECEWISE_BEZIER_KNOTS.);
#889 = CARTESIAN_POINT('',(-28.79344438426,-8.251022029756));
#890 = CARTESIAN_POINT('',(15.206556215734,-8.251022029756));
#891 = ( GEOMETRIC_REPRESENTATION_CONTEXT(2) 
PARAMETRIC_REPRESENTATION_CONTEXT() REPRESENTATION_CONTEXT('2D SPACE',''
  ) );
#892 = ORIENTED_EDGE('',*,*,#502,.F.);
#893 = ORIENTED_EDGE('',*,*,#894,.F.);
#894 = EDGE_CURVE('',#895,#503,#897,.T.);
#895 = VERTEX_POINT('',#896);
#896 = CARTESIAN_POINT('',(30.374149088132,33.202576212878,
    1.05563495202E+03));
#897 = SURFACE_CURVE('',#898,(#902,#908),.PCURVE_S1.);
#898 = LINE('',#899,#900);
#899 = CARTESIAN_POINT('',(30.374149088132,33.202576212878,1.017E+03));
#900 = VECTOR('',#901,1.);
#901 = DIRECTION('',(-0.,-0.,-1.));
#902 = PCURVE('',#166,#903);
#903 = DEFINITIONAL_REPRESENTATION('',(#904),#907);
#904 = B_SPLINE_CURVE_WITH_KNOTS('',1,(#905,#906),.UNSPECIFIED.,.F.,.F.,
  (2,2),(-44.,6.000000212225E-07),.PIECEWISE_BEZIER_KNOTS.);
#905 = CARTESIAN_POINT('',(-0.829857252779,-44.));
#906 = CARTESIAN_POINT('',(-0.829857252779,6.000000212225E-07));
#907 = ( GEOMETRIC_REPRESENTATION_CONTEXT(2) 
PARAMETRIC_REPRESENTATION_CONTEXT() REPRESENTATION_CONTEXT('2D SPACE',''
  ) );
#908 = PCURVE('',#542,#909);
#909 = DEFINITIONAL_REPRESENTATION('',(#910),#913);
#910 = B_SPLINE_CURVE_WITH_KNOTS('',1,(#911,#912),.UNSPECIFIED.,.F.,.F.,
  (2,2),(-44.,6.000000212225E-07),.PIECEWISE_BEZIER_KNOTS.);
#911 = CARTESIAN_POINT('',(-28.79344438426,-8.251022029756));
#912 = CARTESIAN_POINT('',(15.206556215734,-8.251022029756));
#913 = ( GEOMETRIC_REPRESENTATION_CONTEXT(2) 
PARAMETRIC_REPRESENTATION_CONTEXT() REPRESENTATION_CONTEXT('2D SPACE',''
  ) );
#914 = ORIENTED_EDGE('',*,*,#915,.T.);
#915 = EDGE_CURVE('',#895,#916,#918,.T.);
#916 = VERTEX_POINT('',#917);
#917 = CARTESIAN_POINT('',(33.202576212878,30.374149088132,
    1.05563495202E+03));
#918 = SURFACE_CURVE('',#919,(#924,#934),.PCURVE_S1.);
#919 = ELLIPSE('',#920,78.470714672574,45.);
#920 = AXIS2_PLACEMENT_3D('',#921,#922,#923);
#921 = CARTESIAN_POINT('',(0.,0.,1.119857142857E+03));
#922 = DIRECTION('',(-0.579284446363,-0.579284446363,-0.573462344363));
#923 = DIRECTION('',(0.405499112454,0.405499112454,-0.819231920519));
#924 = PCURVE('',#166,#925);
#925 = DEFINITIONAL_REPRESENTATION('',(#926),#933);
#926 = B_SPLINE_CURVE_WITH_KNOTS('',5,(#927,#928,#929,#930,#931,#932),
  .UNSPECIFIED.,.F.,.F.,(6,6),(6.229826657477,6.336543956882),
  .PIECEWISE_BEZIER_KNOTS.);
#927 = CARTESIAN_POINT('',(-0.8387568131,-38.66292225136));
#928 = CARTESIAN_POINT('',(-0.817413353219,-38.58974467462));
#929 = CARTESIAN_POINT('',(-0.796069893338,-38.55312115224));
#930 = CARTESIAN_POINT('',(-0.774726433457,-38.55312115224));
#931 = CARTESIAN_POINT('',(-0.753382973576,-38.58974467462));
#932 = CARTESIAN_POINT('',(-0.732039513695,-38.66292225136));
#933 = ( GEOMETRIC_REPRESENTATION_CONTEXT(2) 
PARAMETRIC_REPRESENTATION_CONTEXT() REPRESENTATION_CONTEXT('2D SPACE',''
  ) );
#934 = PCURVE('',#570,#935);
#935 = DEFINITIONAL_REPRESENTATION('',(#936),#940);
#936 = ELLIPSE('',#937,78.470714672574,45.);
#937 = AXIS2_PLACEMENT_2D('',#938,#939);
#938 = CARTESIAN_POINT('',(125.55314347611,0.));
#939 = DIRECTION('',(-1.,0.));
#940 = ( GEOMETRIC_REPRESENTATION_CONTEXT(2) 
PARAMETRIC_REPRESENTATION_CONTEXT() REPRESENTATION_CONTEXT('2D SPACE',''
  ) );
#941 = ORIENTED_EDGE('',*,*,#942,.T.);
#942 = EDGE_CURVE('',#916,#150,#943,.T.);
#943 = SURFACE_CURVE('',#944,(#948,#954),.PCURVE_S1.);
#944 = LINE('',#945,#946);
#945 = CARTESIAN_POINT('',(33.202576212878,30.374149088132,1.017E+03));
#946 = VECTOR('',#947,1.);
#947 = DIRECTION('',(-0.,-0.,-1.));
#948 = PCURVE('',#166,#949);
#949 = DEFINITIONAL_REPRESENTATION('',(#950),#953);
#950 = B_SPLINE_CURVE_WITH_KNOTS('',1,(#951,#952),.UNSPECIFIED.,.F.,.F.,
  (2,2),(-44.,6.000000212225E-07),.PIECEWISE_BEZIER_KNOTS.);
#951 = CARTESIAN_POINT('',(-0.740939074016,-44.));
#952 = CARTESIAN_POINT('',(-0.740939074016,6.000000212225E-07));
#953 = ( GEOMETRIC_REPRESENTATION_CONTEXT(2) 
PARAMETRIC_REPRESENTATION_CONTEXT() REPRESENTATION_CONTEXT('2D SPACE',''
  ) );
#954 = PCURVE('',#596,#955);
#955 = DEFINITIONAL_REPRESENTATION('',(#956),#959);
#956 = B_SPLINE_CURVE_WITH_KNOTS('',1,(#957,#958),.UNSPECIFIED.,.F.,.F.,
  (2,2),(-44.,6.000000212225E-07),.PIECEWISE_BEZIER_KNOTS.);
#957 = CARTESIAN_POINT('',(-28.79344438426,-8.251022029756));
#958 = CARTESIAN_POINT('',(15.206556215734,-8.251022029756));
#959 = ( GEOMETRIC_REPRESENTATION_CONTEXT(2) 
PARAMETRIC_REPRESENTATION_CONTEXT() REPRESENTATION_CONTEXT('2D SPACE',''
  ) );
#960 = ORIENTED_EDGE('',*,*,#147,.F.);
#961 = ORIENTED_EDGE('',*,*,#666,.T.);
#962 = ORIENTED_EDGE('',*,*,#963,.T.);
#963 = EDGE_CURVE('',#667,#964,#966,.T.);
#964 = VERTEX_POINT('',#965);
#965 = CARTESIAN_POINT('',(33.202576212879,30.37414908813,1.383E+03));
#966 = SURFACE_CURVE('',#967,(#972,#979),.PCURVE_S1.);
#967 = CIRCLE('',#968,45.);
#968 = AXIS2_PLACEMENT_3D('',#969,#970,#971);
#969 = CARTESIAN_POINT('',(0.,0.,1.383E+03));
#970 = DIRECTION('',(0.,0.,1.));
#971 = DIRECTION('',(1.,0.,0.));
#972 = PCURVE('',#166,#973);
#973 = DEFINITIONAL_REPRESENTATION('',(#974),#978);
#974 = LINE('',#975,#976);
#975 = CARTESIAN_POINT('',(-0.,-366.));
#976 = VECTOR('',#977,1.);
#977 = DIRECTION('',(-1.,0.));
#978 = ( GEOMETRIC_REPRESENTATION_CONTEXT(2) 
PARAMETRIC_REPRESENTATION_CONTEXT() REPRESENTATION_CONTEXT('2D SPACE',''
  ) );
#979 = PCURVE('',#980,#985);
#980 = PLANE('',#981);
#981 = AXIS2_PLACEMENT_3D('',#982,#983,#984);
#982 = CARTESIAN_POINT('',(-7.001293478602E-15,1.605911987866E-15,
    1.383E+03));
#983 = DIRECTION('',(0.,0.,1.));
#984 = DIRECTION('',(1.,0.,-0.));
#985 = DEFINITIONAL_REPRESENTATION('',(#986),#990);
#986 = CIRCLE('',#987,45.);
#987 = AXIS2_PLACEMENT_2D('',#988,#989);
#988 = CARTESIAN_POINT('',(7.001293478602E-15,-1.605911987866E-15));
#989 = DIRECTION('',(1.,0.));
#990 = ( GEOMETRIC_REPRESENTATION_CONTEXT(2) 
PARAMETRIC_REPRESENTATION_CONTEXT() REPRESENTATION_CONTEXT('2D SPACE',''
  ) );
#991 = ORIENTED_EDGE('',*,*,#992,.T.);
#992 = EDGE_CURVE('',#964,#993,#995,.T.);
#993 = VERTEX_POINT('',#994);
#994 = CARTESIAN_POINT('',(33.202576212878,30.374149088132,
    1.34436504798E+03));
#995 = SURFACE_CURVE('',#996,(#1000,#1006),.PCURVE_S1.);
#996 = LINE('',#997,#998);
#997 = CARTESIAN_POINT('',(33.202576212878,30.374149088132,1.017E+03));
#998 = VECTOR('',#999,1.);
#999 = DIRECTION('',(-0.,-0.,-1.));
#1000 = PCURVE('',#166,#1001);
#1001 = DEFINITIONAL_REPRESENTATION('',(#1002),#1005);
#1002 = B_SPLINE_CURVE_WITH_KNOTS('',1,(#1003,#1004),.UNSPECIFIED.,.F.,
  .F.,(2,2),(-366.0000006,-322.),.PIECEWISE_BEZIER_KNOTS.);
#1003 = CARTESIAN_POINT('',(-0.740939074016,-366.0000006));
#1004 = CARTESIAN_POINT('',(-0.740939074016,-322.));
#1005 = ( GEOMETRIC_REPRESENTATION_CONTEXT(2) 
PARAMETRIC_REPRESENTATION_CONTEXT() REPRESENTATION_CONTEXT('2D SPACE',''
  ) );
#1006 = PCURVE('',#1007,#1012);
#1007 = PLANE('',#1008);
#1008 = AXIS2_PLACEMENT_3D('',#1009,#1010,#1011);
#1009 = CARTESIAN_POINT('',(39.036929841838,36.208502717091,
    1.367793444384E+03));
#1010 = DIRECTION('',(-0.707106781187,0.707106781187,0.));
#1011 = DIRECTION('',(0.,0.,1.));
#1012 = DEFINITIONAL_REPRESENTATION('',(#1013),#1016);
#1013 = B_SPLINE_CURVE_WITH_KNOTS('',1,(#1014,#1015),.UNSPECIFIED.,.F.,
  .F.,(2,2),(-366.0000006,-322.),.PIECEWISE_BEZIER_KNOTS.);
#1014 = CARTESIAN_POINT('',(15.206556215734,-8.251022029756));
#1015 = CARTESIAN_POINT('',(-28.79344438426,-8.251022029756));
#1016 = ( GEOMETRIC_REPRESENTATION_CONTEXT(2) 
PARAMETRIC_REPRESENTATION_CONTEXT() REPRESENTATION_CONTEXT('2D SPACE',''
  ) );
#1017 = ORIENTED_EDGE('',*,*,#1018,.F.);
#1018 = EDGE_CURVE('',#1019,#993,#1021,.T.);
#1019 = VERTEX_POINT('',#1020);
#1020 = CARTESIAN_POINT('',(30.374149088132,33.202576212878,
    1.34436504798E+03));
#1021 = SURFACE_CURVE('',#1022,(#1027,#1037),.PCURVE_S1.);
#1022 = ELLIPSE('',#1023,78.470714672574,45.);
#1023 = AXIS2_PLACEMENT_3D('',#1024,#1025,#1026);
#1024 = CARTESIAN_POINT('',(0.,0.,1.280142857143E+03));
#1025 = DIRECTION('',(0.579284446363,0.579284446363,-0.573462344363));
#1026 = DIRECTION('',(-0.405499112454,-0.405499112454,-0.819231920519));
#1027 = PCURVE('',#166,#1028);
#1028 = DEFINITIONAL_REPRESENTATION('',(#1029),#1036);
#1029 = B_SPLINE_CURVE_WITH_KNOTS('',5,(#1030,#1031,#1032,#1033,#1034,
    #1035),.UNSPECIFIED.,.F.,.F.,(6,6),(3.088234003887,3.194951303292),
  .PIECEWISE_BEZIER_KNOTS.);
#1030 = CARTESIAN_POINT('',(-0.8387568131,-327.3370777486));
#1031 = CARTESIAN_POINT('',(-0.817413353219,-327.4102553253));
#1032 = CARTESIAN_POINT('',(-0.796069893338,-327.4468788477));
#1033 = CARTESIAN_POINT('',(-0.774726433457,-327.4468788477));
#1034 = CARTESIAN_POINT('',(-0.753382973576,-327.4102553253));
#1035 = CARTESIAN_POINT('',(-0.732039513695,-327.3370777486));
#1036 = ( GEOMETRIC_REPRESENTATION_CONTEXT(2) 
PARAMETRIC_REPRESENTATION_CONTEXT() REPRESENTATION_CONTEXT('2D SPACE',''
  ) );
#1037 = PCURVE('',#1038,#1043);
#1038 = PLANE('',#1039);
#1039 = AXIS2_PLACEMENT_3D('',#1040,#1041,#1042);
#1040 = CARTESIAN_POINT('',(50.911688245431,50.911688245431,1.383E+03));
#1041 = DIRECTION('',(0.579284446363,0.579284446363,-0.573462344363));
#1042 = DIRECTION('',(-0.405499112454,-0.405499112454,-0.819231920519));
#1043 = DEFINITIONAL_REPRESENTATION('',(#1044),#1048);
#1044 = ELLIPSE('',#1045,78.470714672574,45.);
#1045 = AXIS2_PLACEMENT_2D('',#1046,#1047);
#1046 = CARTESIAN_POINT('',(125.55314347611,0.));
#1047 = DIRECTION('',(1.,0.));
#1048 = ( GEOMETRIC_REPRESENTATION_CONTEXT(2) 
PARAMETRIC_REPRESENTATION_CONTEXT() REPRESENTATION_CONTEXT('2D SPACE',''
  ) );
#1049 = ORIENTED_EDGE('',*,*,#1050,.F.);
#1050 = EDGE_CURVE('',#1051,#1019,#1053,.T.);
#1051 = VERTEX_POINT('',#1052);
#1052 = CARTESIAN_POINT('',(30.37414908813,33.202576212879,1.383E+03));
#1053 = SURFACE_CURVE('',#1054,(#1058,#1064),.PCURVE_S1.);
#1054 = LINE('',#1055,#1056);
#1055 = CARTESIAN_POINT('',(30.374149088132,33.202576212878,1.017E+03));
#1056 = VECTOR('',#1057,1.);
#1057 = DIRECTION('',(-0.,-0.,-1.));
#1058 = PCURVE('',#166,#1059);
#1059 = DEFINITIONAL_REPRESENTATION('',(#1060),#1063);
#1060 = B_SPLINE_CURVE_WITH_KNOTS('',1,(#1061,#1062),.UNSPECIFIED.,.F.,
  .F.,(2,2),(-366.0000006,-322.),.PIECEWISE_BEZIER_KNOTS.);
#1061 = CARTESIAN_POINT('',(-0.829857252779,-366.0000006));
#1062 = CARTESIAN_POINT('',(-0.829857252779,-322.));
#1063 = ( GEOMETRIC_REPRESENTATION_CONTEXT(2) 
PARAMETRIC_REPRESENTATION_CONTEXT() REPRESENTATION_CONTEXT('2D SPACE',''
  ) );
#1064 = PCURVE('',#1065,#1070);
#1065 = PLANE('',#1066);
#1066 = AXIS2_PLACEMENT_3D('',#1067,#1068,#1069);
#1067 = CARTESIAN_POINT('',(36.208502717091,39.036929841838,
    1.367793444384E+03));
#1068 = DIRECTION('',(-0.707106781187,0.707106781187,0.));
#1069 = DIRECTION('',(0.,0.,1.));
#1070 = DEFINITIONAL_REPRESENTATION('',(#1071),#1074);
#1071 = B_SPLINE_CURVE_WITH_KNOTS('',1,(#1072,#1073),.UNSPECIFIED.,.F.,
  .F.,(2,2),(-366.0000006,-322.),.PIECEWISE_BEZIER_KNOTS.);
#1072 = CARTESIAN_POINT('',(15.206556215734,-8.251022029756));
#1073 = CARTESIAN_POINT('',(-28.79344438426,-8.251022029756));
#1074 = ( GEOMETRIC_REPRESENTATION_CONTEXT(2) 
PARAMETRIC_REPRESENTATION_CONTEXT() REPRESENTATION_CONTEXT('2D SPACE',''
  ) );
#1075 = ORIENTED_EDGE('',*,*,#1076,.T.);
#1076 = EDGE_CURVE('',#1051,#1077,#1079,.T.);
#1077 = VERTEX_POINT('',#1078);
#1078 = CARTESIAN_POINT('',(-30.37414908813,33.202576212879,1.383E+03));
#1079 = SURFACE_CURVE('',#1080,(#1085,#1092),.PCURVE_S1.);
#1080 = CIRCLE('',#1081,45.);
#1081 = AXIS2_PLACEMENT_3D('',#1082,#1083,#1084);
#1082 = CARTESIAN_POINT('',(0.,0.,1.383E+03));
#1083 = DIRECTION('',(0.,0.,1.));
#1084 = DIRECTION('',(1.,0.,0.));
#1085 = PCURVE('',#166,#1086);
#1086 = DEFINITIONAL_REPRESENTATION('',(#1087),#1091);
#1087 = LINE('',#1088,#1089);
#1088 = CARTESIAN_POINT('',(-0.,-366.));
#1089 = VECTOR('',#1090,1.);
#1090 = DIRECTION('',(-1.,0.));
#1091 = ( GEOMETRIC_REPRESENTATION_CONTEXT(2) 
PARAMETRIC_REPRESENTATION_CONTEXT() REPRESENTATION_CONTEXT('2D SPACE',''
  ) );
#1092 = PCURVE('',#980,#1093);
#1093 = DEFINITIONAL_REPRESENTATION('',(#1094),#1098);
#1094 = CIRCLE('',#1095,45.);
#1095 = AXIS2_PLACEMENT_2D('',#1096,#1097);
#1096 = CARTESIAN_POINT('',(7.001293478602E-15,-1.605911987866E-15));
#1097 = DIRECTION('',(1.,0.));
#1098 = ( GEOMETRIC_REPRESENTATION_CONTEXT(2) 
PARAMETRIC_REPRESENTATION_CONTEXT() REPRESENTATION_CONTEXT('2D SPACE',''
  ) );
#1099 = ORIENTED_EDGE('',*,*,#1100,.T.);
#1100 = EDGE_CURVE('',#1077,#1101,#1103,.T.);
#1101 = VERTEX_POINT('',#1102);
#1102 = CARTESIAN_POINT('',(-30.37414908813,33.202576212878,
    1.34436504798E+03));
#1103 = SURFACE_CURVE('',#1104,(#1108,#1114),.PCURVE_S1.);
#1104 = LINE('',#1105,#1106);
#1105 = CARTESIAN_POINT('',(-30.37414908813,33.202576212878,1.017E+03));
#1106 = VECTOR('',#1107,1.);
#1107 = DIRECTION('',(-0.,-0.,-1.));
#1108 = PCURVE('',#166,#1109);
#1109 = DEFINITIONAL_REPRESENTATION('',(#1110),#1113);
#1110 = B_SPLINE_CURVE_WITH_KNOTS('',1,(#1111,#1112),.UNSPECIFIED.,.F.,
  .F.,(2,2),(-366.0000006,-322.),.PIECEWISE_BEZIER_KNOTS.);
#1111 = CARTESIAN_POINT('',(-2.311735400811,-366.0000006));
#1112 = CARTESIAN_POINT('',(-2.311735400811,-322.));
#1113 = ( GEOMETRIC_REPRESENTATION_CONTEXT(2) 
PARAMETRIC_REPRESENTATION_CONTEXT() REPRESENTATION_CONTEXT('2D SPACE',''
  ) );
#1114 = PCURVE('',#1115,#1120);
#1115 = PLANE('',#1116);
#1116 = AXIS2_PLACEMENT_3D('',#1117,#1118,#1119);
#1117 = CARTESIAN_POINT('',(-36.20850271709,39.036929841838,
    1.367793444384E+03));
#1118 = DIRECTION('',(-0.707106781187,-0.707106781187,0.));
#1119 = DIRECTION('',(0.,0.,1.));
#1120 = DEFINITIONAL_REPRESENTATION('',(#1121),#1124);
#1121 = B_SPLINE_CURVE_WITH_KNOTS('',1,(#1122,#1123),.UNSPECIFIED.,.F.,
  .F.,(2,2),(-366.0000006,-322.),.PIECEWISE_BEZIER_KNOTS.);
#1122 = CARTESIAN_POINT('',(15.206556215734,-8.251022029756));
#1123 = CARTESIAN_POINT('',(-28.79344438426,-8.251022029756));
#1124 = ( GEOMETRIC_REPRESENTATION_CONTEXT(2) 
PARAMETRIC_REPRESENTATION_CONTEXT() REPRESENTATION_CONTEXT('2D SPACE',''
  ) );
#1125 = ORIENTED_EDGE('',*,*,#1126,.F.);
#1126 = EDGE_CURVE('',#1127,#1101,#1129,.T.);
#1127 = VERTEX_POINT('',#1128);
#1128 = CARTESIAN_POINT('',(-33.20257621287,30.374149088132,
    1.34436504798E+03));
#1129 = SURFACE_CURVE('',#1130,(#1135,#1145),.PCURVE_S1.);
#1130 = ELLIPSE('',#1131,78.470714672574,45.);
#1131 = AXIS2_PLACEMENT_3D('',#1132,#1133,#1134);
#1132 = CARTESIAN_POINT('',(0.,0.,1.280142857143E+03));
#1133 = DIRECTION('',(-0.579284446363,0.579284446363,-0.573462344363));
#1134 = DIRECTION('',(0.405499112454,-0.405499112454,-0.819231920519));
#1135 = PCURVE('',#166,#1136);
#1136 = DEFINITIONAL_REPRESENTATION('',(#1137),#1144);
#1137 = B_SPLINE_CURVE_WITH_KNOTS('',5,(#1138,#1139,#1140,#1141,#1142,
    #1143),.UNSPECIFIED.,.F.,.F.,(6,6),(3.088234003887,3.194951303292),
  .PIECEWISE_BEZIER_KNOTS.);
#1138 = CARTESIAN_POINT('',(-2.409553139895,-327.3370777486));
#1139 = CARTESIAN_POINT('',(-2.388209680014,-327.4102553253));
#1140 = CARTESIAN_POINT('',(-2.366866220133,-327.4468788477));
#1141 = CARTESIAN_POINT('',(-2.345522760252,-327.4468788477));
#1142 = CARTESIAN_POINT('',(-2.324179300371,-327.4102553253));
#1143 = CARTESIAN_POINT('',(-2.30283584049,-327.3370777486));
#1144 = ( GEOMETRIC_REPRESENTATION_CONTEXT(2) 
PARAMETRIC_REPRESENTATION_CONTEXT() REPRESENTATION_CONTEXT('2D SPACE',''
  ) );
#1145 = PCURVE('',#1146,#1151);
#1146 = PLANE('',#1147);
#1147 = AXIS2_PLACEMENT_3D('',#1148,#1149,#1150);
#1148 = CARTESIAN_POINT('',(-50.91168824543,50.911688245431,1.383E+03));
#1149 = DIRECTION('',(-0.579284446363,0.579284446363,-0.573462344363));
#1150 = DIRECTION('',(0.405499112454,-0.405499112454,-0.819231920519));
#1151 = DEFINITIONAL_REPRESENTATION('',(#1152),#1156);
#1152 = ELLIPSE('',#1153,78.470714672574,45.);
#1153 = AXIS2_PLACEMENT_2D('',#1154,#1155);
#1154 = CARTESIAN_POINT('',(125.55314347611,0.));
#1155 = DIRECTION('',(1.,0.));
#1156 = ( GEOMETRIC_REPRESENTATION_CONTEXT(2) 
PARAMETRIC_REPRESENTATION_CONTEXT() REPRESENTATION_CONTEXT('2D SPACE',''
  ) );
#1157 = ORIENTED_EDGE('',*,*,#1158,.F.);
#1158 = EDGE_CURVE('',#1159,#1127,#1161,.T.);
#1159 = VERTEX_POINT('',#1160);
#1160 = CARTESIAN_POINT('',(-33.20257621287,30.37414908813,1.383E+03));
#1161 = SURFACE_CURVE('',#1162,(#1166,#1172),.PCURVE_S1.);
#1162 = LINE('',#1163,#1164);
#1163 = CARTESIAN_POINT('',(-33.20257621287,30.374149088132,1.017E+03));
#1164 = VECTOR('',#1165,1.);
#1165 = DIRECTION('',(-0.,-0.,-1.));
#1166 = PCURVE('',#166,#1167);
#1167 = DEFINITIONAL_REPRESENTATION('',(#1168),#1171);
#1168 = B_SPLINE_CURVE_WITH_KNOTS('',1,(#1169,#1170),.UNSPECIFIED.,.F.,
  .F.,(2,2),(-366.0000006,-322.),.PIECEWISE_BEZIER_KNOTS.);
#1169 = CARTESIAN_POINT('',(-2.400653579574,-366.0000006));
#1170 = CARTESIAN_POINT('',(-2.400653579574,-322.));
#1171 = ( GEOMETRIC_REPRESENTATION_CONTEXT(2) 
PARAMETRIC_REPRESENTATION_CONTEXT() REPRESENTATION_CONTEXT('2D SPACE',''
  ) );
#1172 = PCURVE('',#1173,#1178);
#1173 = PLANE('',#1174);
#1174 = AXIS2_PLACEMENT_3D('',#1175,#1176,#1177);
#1175 = CARTESIAN_POINT('',(-39.03692984183,36.208502717091,
    1.367793444384E+03));
#1176 = DIRECTION('',(-0.707106781187,-0.707106781187,0.));
#1177 = DIRECTION('',(0.,0.,1.));
#1178 = DEFINITIONAL_REPRESENTATION('',(#1179),#1182);
#1179 = B_SPLINE_CURVE_WITH_KNOTS('',1,(#1180,#1181),.UNSPECIFIED.,.F.,
  .F.,(2,2),(-366.0000006,-322.),.PIECEWISE_BEZIER_KNOTS.);
#1180 = CARTESIAN_POINT('',(15.206556215734,-8.251022029756));
#1181 = CARTESIAN_POINT('',(-28.79344438426,-8.251022029756));
#1182 = ( GEOMETRIC_REPRESENTATION_CONTEXT(2) 
PARAMETRIC_REPRESENTATION_CONTEXT() REPRESENTATION_CONTEXT('2D SPACE',''
  ) );
#1183 = ORIENTED_EDGE('',*,*,#1184,.T.);
#1184 = EDGE_CURVE('',#1159,#1185,#1187,.T.);
#1185 = VERTEX_POINT('',#1186);
#1186 = CARTESIAN_POINT('',(-33.20257621287,-30.37414908813,1.383E+03));
#1187 = SURFACE_CURVE('',#1188,(#1193,#1200),.PCURVE_S1.);
#1188 = CIRCLE('',#1189,45.);
#1189 = AXIS2_PLACEMENT_3D('',#1190,#1191,#1192);
#1190 = CARTESIAN_POINT('',(0.,0.,1.383E+03));
#1191 = DIRECTION('',(0.,0.,1.));
#1192 = DIRECTION('',(1.,0.,0.));
#1193 = PCURVE('',#166,#1194);
#1194 = DEFINITIONAL_REPRESENTATION('',(#1195),#1199);
#1195 = LINE('',#1196,#1197);
#1196 = CARTESIAN_POINT('',(-0.,-366.));
#1197 = VECTOR('',#1198,1.);
#1198 = DIRECTION('',(-1.,0.));
#1199 = ( GEOMETRIC_REPRESENTATION_CONTEXT(2) 
PARAMETRIC_REPRESENTATION_CONTEXT() REPRESENTATION_CONTEXT('2D SPACE',''
  ) );
#1200 = PCURVE('',#980,#1201);
#1201 = DEFINITIONAL_REPRESENTATION('',(#1202),#1206);
#1202 = CIRCLE('',#1203,45.);
#1203 = AXIS2_PLACEMENT_2D('',#1204,#1205);
#1204 = CARTESIAN_POINT('',(7.001293478602E-15,-1.605911987866E-15));
#1205 = DIRECTION('',(1.,0.));
#1206 = ( GEOMETRIC_REPRESENTATION_CONTEXT(2) 
PARAMETRIC_REPRESENTATION_CONTEXT() REPRESENTATION_CONTEXT('2D SPACE',''
  ) );
#1207 = ORIENTED_EDGE('',*,*,#1208,.T.);
#1208 = EDGE_CURVE('',#1185,#1209,#1211,.T.);
#1209 = VERTEX_POINT('',#1210);
#1210 = CARTESIAN_POINT('',(-33.20257621287,-30.37414908813,
    1.34436504798E+03));
#1211 = SURFACE_CURVE('',#1212,(#1216,#1222),.PCURVE_S1.);
#1212 = LINE('',#1213,#1214);
#1213 = CARTESIAN_POINT('',(-33.20257621287,-30.37414908813,1.017E+03));
#1214 = VECTOR('',#1215,1.);
#1215 = DIRECTION('',(-0.,-0.,-1.));
#1216 = PCURVE('',#166,#1217);
#1217 = DEFINITIONAL_REPRESENTATION('',(#1218),#1221);
#1218 = B_SPLINE_CURVE_WITH_KNOTS('',1,(#1219,#1220),.UNSPECIFIED.,.F.,
  .F.,(2,2),(-366.0000006,-322.),.PIECEWISE_BEZIER_KNOTS.);
#1219 = CARTESIAN_POINT('',(-3.882531727605,-366.0000006));
#1220 = CARTESIAN_POINT('',(-3.882531727605,-322.));
#1221 = ( GEOMETRIC_REPRESENTATION_CONTEXT(2) 
PARAMETRIC_REPRESENTATION_CONTEXT() REPRESENTATION_CONTEXT('2D SPACE',''
  ) );
#1222 = PCURVE('',#1223,#1228);
#1223 = PLANE('',#1224);
#1224 = AXIS2_PLACEMENT_3D('',#1225,#1226,#1227);
#1225 = CARTESIAN_POINT('',(-39.03692984183,-36.20850271709,
    1.367793444384E+03));
#1226 = DIRECTION('',(0.707106781187,-0.707106781187,0.));
#1227 = DIRECTION('',(0.,0.,1.));
#1228 = DEFINITIONAL_REPRESENTATION('',(#1229),#1232);
#1229 = B_SPLINE_CURVE_WITH_KNOTS('',1,(#1230,#1231),.UNSPECIFIED.,.F.,
  .F.,(2,2),(-366.0000006,-322.),.PIECEWISE_BEZIER_KNOTS.);
#1230 = CARTESIAN_POINT('',(15.206556215734,-8.251022029756));
#1231 = CARTESIAN_POINT('',(-28.79344438426,-8.251022029756));
#1232 = ( GEOMETRIC_REPRESENTATION_CONTEXT(2) 
PARAMETRIC_REPRESENTATION_CONTEXT() REPRESENTATION_CONTEXT('2D SPACE',''
  ) );
#1233 = ORIENTED_EDGE('',*,*,#1234,.F.);
#1234 = EDGE_CURVE('',#1235,#1209,#1237,.T.);
#1235 = VERTEX_POINT('',#1236);
#1236 = CARTESIAN_POINT('',(-30.37414908813,-33.20257621287,
    1.34436504798E+03));
#1237 = SURFACE_CURVE('',#1238,(#1243,#1253),.PCURVE_S1.);
#1238 = ELLIPSE('',#1239,78.470714672574,45.);
#1239 = AXIS2_PLACEMENT_3D('',#1240,#1241,#1242);
#1240 = CARTESIAN_POINT('',(0.,0.,1.280142857143E+03));
#1241 = DIRECTION('',(-0.579284446363,-0.579284446363,-0.573462344363));
#1242 = DIRECTION('',(0.405499112454,0.405499112454,-0.819231920519));
#1243 = PCURVE('',#166,#1244);
#1244 = DEFINITIONAL_REPRESENTATION('',(#1245),#1252);
#1245 = B_SPLINE_CURVE_WITH_KNOTS('',5,(#1246,#1247,#1248,#1249,#1250,
    #1251),.UNSPECIFIED.,.F.,.F.,(6,6),(3.088234003887,3.194951303292),
  .PIECEWISE_BEZIER_KNOTS.);
#1246 = CARTESIAN_POINT('',(-3.98034946669,-327.3370777486));
#1247 = CARTESIAN_POINT('',(-3.959006006809,-327.4102553253));
#1248 = CARTESIAN_POINT('',(-3.937662546928,-327.4468788477));
#1249 = CARTESIAN_POINT('',(-3.916319087047,-327.4468788477));
#1250 = CARTESIAN_POINT('',(-3.894975627166,-327.4102553253));
#1251 = CARTESIAN_POINT('',(-3.873632167285,-327.3370777486));
#1252 = ( GEOMETRIC_REPRESENTATION_CONTEXT(2) 
PARAMETRIC_REPRESENTATION_CONTEXT() REPRESENTATION_CONTEXT('2D SPACE',''
  ) );
#1253 = PCURVE('',#1254,#1259);
#1254 = PLANE('',#1255);
#1255 = AXIS2_PLACEMENT_3D('',#1256,#1257,#1258);
#1256 = CARTESIAN_POINT('',(-50.91168824543,-50.91168824543,1.383E+03));
#1257 = DIRECTION('',(-0.579284446363,-0.579284446363,-0.573462344363));
#1258 = DIRECTION('',(0.405499112454,0.405499112454,-0.819231920519));
#1259 = DEFINITIONAL_REPRESENTATION('',(#1260),#1264);
#1260 = ELLIPSE('',#1261,78.470714672574,45.);
#1261 = AXIS2_PLACEMENT_2D('',#1262,#1263);
#1262 = CARTESIAN_POINT('',(125.55314347611,0.));
#1263 = DIRECTION('',(1.,0.));
#1264 = ( GEOMETRIC_REPRESENTATION_CONTEXT(2) 
PARAMETRIC_REPRESENTATION_CONTEXT() REPRESENTATION_CONTEXT('2D SPACE',''
  ) );
#1265 = ORIENTED_EDGE('',*,*,#1266,.F.);
#1266 = EDGE_CURVE('',#1267,#1235,#1269,.T.);
#1267 = VERTEX_POINT('',#1268);
#1268 = CARTESIAN_POINT('',(-30.37414908813,-33.20257621287,1.383E+03));
#1269 = SURFACE_CURVE('',#1270,(#1274,#1280),.PCURVE_S1.);
#1270 = LINE('',#1271,#1272);
#1271 = CARTESIAN_POINT('',(-30.37414908813,-33.20257621287,1.017E+03));
#1272 = VECTOR('',#1273,1.);
#1273 = DIRECTION('',(-0.,-0.,-1.));
#1274 = PCURVE('',#166,#1275);
#1275 = DEFINITIONAL_REPRESENTATION('',(#1276),#1279);
#1276 = B_SPLINE_CURVE_WITH_KNOTS('',1,(#1277,#1278),.UNSPECIFIED.,.F.,
  .F.,(2,2),(-366.0000006,-322.),.PIECEWISE_BEZIER_KNOTS.);
#1277 = CARTESIAN_POINT('',(-3.971449906369,-366.0000006));
#1278 = CARTESIAN_POINT('',(-3.971449906369,-322.));
#1279 = ( GEOMETRIC_REPRESENTATION_CONTEXT(2) 
PARAMETRIC_REPRESENTATION_CONTEXT() REPRESENTATION_CONTEXT('2D SPACE',''
  ) );
#1280 = PCURVE('',#1281,#1286);
#1281 = PLANE('',#1282);
#1282 = AXIS2_PLACEMENT_3D('',#1283,#1284,#1285);
#1283 = CARTESIAN_POINT('',(-36.20850271709,-39.03692984183,
    1.367793444384E+03));
#1284 = DIRECTION('',(0.707106781187,-0.707106781187,0.));
#1285 = DIRECTION('',(0.,0.,1.));
#1286 = DEFINITIONAL_REPRESENTATION('',(#1287),#1290);
#1287 = B_SPLINE_CURVE_WITH_KNOTS('',1,(#1288,#1289),.UNSPECIFIED.,.F.,
  .F.,(2,2),(-366.0000006,-322.),.PIECEWISE_BEZIER_KNOTS.);
#1288 = CARTESIAN_POINT('',(15.206556215734,-8.251022029756));
#1289 = CARTESIAN_POINT('',(-28.79344438426,-8.251022029756));
#1290 = ( GEOMETRIC_REPRESENTATION_CONTEXT(2) 
PARAMETRIC_REPRESENTATION_CONTEXT() REPRESENTATION_CONTEXT('2D SPACE',''
  ) );
#1291 = ORIENTED_EDGE('',*,*,#1292,.T.);
#1292 = EDGE_CURVE('',#1267,#1293,#1295,.T.);
#1293 = VERTEX_POINT('',#1294);
#1294 = CARTESIAN_POINT('',(30.37414908813,-33.20257621287,1.383E+03));
#1295 = SURFACE_CURVE('',#1296,(#1301,#1308),.PCURVE_S1.);
#1296 = CIRCLE('',#1297,45.);
#1297 = AXIS2_PLACEMENT_3D('',#1298,#1299,#1300);
#1298 = CARTESIAN_POINT('',(0.,0.,1.383E+03));
#1299 = DIRECTION('',(0.,0.,1.));
#1300 = DIRECTION('',(1.,0.,0.));
#1301 = PCURVE('',#166,#1302);
#1302 = DEFINITIONAL_REPRESENTATION('',(#1303),#1307);
#1303 = LINE('',#1304,#1305);
#1304 = CARTESIAN_POINT('',(-0.,-366.));
#1305 = VECTOR('',#1306,1.);
#1306 = DIRECTION('',(-1.,0.));
#1307 = ( GEOMETRIC_REPRESENTATION_CONTEXT(2) 
PARAMETRIC_REPRESENTATION_CONTEXT() REPRESENTATION_CONTEXT('2D SPACE',''
  ) );
#1308 = PCURVE('',#980,#1309);
#1309 = DEFINITIONAL_REPRESENTATION('',(#1310),#1314);
#1310 = CIRCLE('',#1311,45.);
#1311 = AXIS2_PLACEMENT_2D('',#1312,#1313);
#1312 = CARTESIAN_POINT('',(7.001293478602E-15,-1.605911987866E-15));
#1313 = DIRECTION('',(1.,0.));
#1314 = ( GEOMETRIC_REPRESENTATION_CONTEXT(2) 
PARAMETRIC_REPRESENTATION_CONTEXT() REPRESENTATION_CONTEXT('2D SPACE',''
  ) );
#1315 = ORIENTED_EDGE('',*,*,#1316,.T.);
#1316 = EDGE_CURVE('',#1293,#1317,#1319,.T.);
#1317 = VERTEX_POINT('',#1318);
#1318 = CARTESIAN_POINT('',(30.374149088132,-33.20257621287,
    1.34436504798E+03));
#1319 = SURFACE_CURVE('',#1320,(#1324,#1330),.PCURVE_S1.);
#1320 = LINE('',#1321,#1322);
#1321 = CARTESIAN_POINT('',(30.374149088132,-33.20257621287,1.017E+03));
#1322 = VECTOR('',#1323,1.);
#1323 = DIRECTION('',(-0.,-0.,-1.));
#1324 = PCURVE('',#166,#1325);
#1325 = DEFINITIONAL_REPRESENTATION('',(#1326),#1329);
#1326 = B_SPLINE_CURVE_WITH_KNOTS('',1,(#1327,#1328),.UNSPECIFIED.,.F.,
  .F.,(2,2),(-366.0000006,-322.),.PIECEWISE_BEZIER_KNOTS.);
#1327 = CARTESIAN_POINT('',(-5.4533280544,-366.0000006));
#1328 = CARTESIAN_POINT('',(-5.4533280544,-322.));
#1329 = ( GEOMETRIC_REPRESENTATION_CONTEXT(2) 
PARAMETRIC_REPRESENTATION_CONTEXT() REPRESENTATION_CONTEXT('2D SPACE',''
  ) );
#1330 = PCURVE('',#1331,#1336);
#1331 = PLANE('',#1332);
#1332 = AXIS2_PLACEMENT_3D('',#1333,#1334,#1335);
#1333 = CARTESIAN_POINT('',(36.208502717091,-39.03692984183,
    1.367793444384E+03));
#1334 = DIRECTION('',(0.707106781187,0.707106781187,0.));
#1335 = DIRECTION('',(0.,0.,1.));
#1336 = DEFINITIONAL_REPRESENTATION('',(#1337),#1340);
#1337 = B_SPLINE_CURVE_WITH_KNOTS('',1,(#1338,#1339),.UNSPECIFIED.,.F.,
  .F.,(2,2),(-366.0000006,-322.),.PIECEWISE_BEZIER_KNOTS.);
#1338 = CARTESIAN_POINT('',(15.206556215734,-8.251022029756));
#1339 = CARTESIAN_POINT('',(-28.79344438426,-8.251022029756));
#1340 = ( GEOMETRIC_REPRESENTATION_CONTEXT(2) 
PARAMETRIC_REPRESENTATION_CONTEXT() REPRESENTATION_CONTEXT('2D SPACE',''
  ) );
#1341 = ORIENTED_EDGE('',*,*,#1342,.F.);
#1342 = EDGE_CURVE('',#1343,#1317,#1345,.T.);
#1343 = VERTEX_POINT('',#1344);
#1344 = CARTESIAN_POINT('',(33.202576212878,-30.37414908813,
    1.34436504798E+03));
#1345 = SURFACE_CURVE('',#1346,(#1351,#1361),.PCURVE_S1.);
#1346 = ELLIPSE('',#1347,78.470714672574,45.);
#1347 = AXIS2_PLACEMENT_3D('',#1348,#1349,#1350);
#1348 = CARTESIAN_POINT('',(0.,0.,1.280142857143E+03));
#1349 = DIRECTION('',(0.579284446363,-0.579284446363,-0.573462344363));
#1350 = DIRECTION('',(-0.405499112454,0.405499112454,-0.819231920519));
#1351 = PCURVE('',#166,#1352);
#1352 = DEFINITIONAL_REPRESENTATION('',(#1353),#1360);
#1353 = B_SPLINE_CURVE_WITH_KNOTS('',5,(#1354,#1355,#1356,#1357,#1358,
    #1359),.UNSPECIFIED.,.F.,.F.,(6,6),(3.088234003887,3.194951303292),
  .PIECEWISE_BEZIER_KNOTS.);
#1354 = CARTESIAN_POINT('',(-5.551145793484,-327.3370777486));
#1355 = CARTESIAN_POINT('',(-5.529802333604,-327.4102553253));
#1356 = CARTESIAN_POINT('',(-5.508458873723,-327.4468788477));
#1357 = CARTESIAN_POINT('',(-5.487115413842,-327.4468788477));
#1358 = CARTESIAN_POINT('',(-5.465771953961,-327.4102553253));
#1359 = CARTESIAN_POINT('',(-5.44442849408,-327.3370777486));
#1360 = ( GEOMETRIC_REPRESENTATION_CONTEXT(2) 
PARAMETRIC_REPRESENTATION_CONTEXT() REPRESENTATION_CONTEXT('2D SPACE',''
  ) );
#1361 = PCURVE('',#1362,#1367);
#1362 = PLANE('',#1363);
#1363 = AXIS2_PLACEMENT_3D('',#1364,#1365,#1366);
#1364 = CARTESIAN_POINT('',(50.911688245431,-50.91168824543,1.383E+03));
#1365 = DIRECTION('',(0.579284446363,-0.579284446363,-0.573462344363));
#1366 = DIRECTION('',(-0.405499112454,0.405499112454,-0.819231920519));
#1367 = DEFINITIONAL_REPRESENTATION('',(#1368),#1372);
#1368 = ELLIPSE('',#1369,78.470714672574,45.);
#1369 = AXIS2_PLACEMENT_2D('',#1370,#1371);
#1370 = CARTESIAN_POINT('',(125.55314347611,0.));
#1371 = DIRECTION('',(1.,-5.551115123126E-17));
#1372 = ( GEOMETRIC_REPRESENTATION_CONTEXT(2) 
PARAMETRIC_REPRESENTATION_CONTEXT() REPRESENTATION_CONTEXT('2D SPACE',''
  ) );
#1373 = ORIENTED_EDGE('',*,*,#1374,.F.);
#1374 = EDGE_CURVE('',#1375,#1343,#1377,.T.);
#1375 = VERTEX_POINT('',#1376);
#1376 = CARTESIAN_POINT('',(33.202576212878,-30.37414908813,1.383E+03));
#1377 = SURFACE_CURVE('',#1378,(#1382,#1388),.PCURVE_S1.);
#1378 = LINE('',#1379,#1380);
#1379 = CARTESIAN_POINT('',(33.202576212878,-30.37414908813,1.017E+03));
#1380 = VECTOR('',#1381,1.);
#1381 = DIRECTION('',(-0.,-0.,-1.));
#1382 = PCURVE('',#166,#1383);
#1383 = DEFINITIONAL_REPRESENTATION('',(#1384),#1387);
#1384 = B_SPLINE_CURVE_WITH_KNOTS('',1,(#1385,#1386),.UNSPECIFIED.,.F.,
  .F.,(2,2),(-366.0000006,-322.),.PIECEWISE_BEZIER_KNOTS.);
#1385 = CARTESIAN_POINT('',(-5.542246233164,-366.0000006));
#1386 = CARTESIAN_POINT('',(-5.542246233164,-322.));
#1387 = ( GEOMETRIC_REPRESENTATION_CONTEXT(2) 
PARAMETRIC_REPRESENTATION_CONTEXT() REPRESENTATION_CONTEXT('2D SPACE',''
  ) );
#1388 = PCURVE('',#1389,#1394);
#1389 = PLANE('',#1390);
#1390 = AXIS2_PLACEMENT_3D('',#1391,#1392,#1393);
#1391 = CARTESIAN_POINT('',(39.036929841838,-36.20850271709,
    1.367793444384E+03));
#1392 = DIRECTION('',(0.707106781187,0.707106781187,0.));
#1393 = DIRECTION('',(0.,0.,1.));
#1394 = DEFINITIONAL_REPRESENTATION('',(#1395),#1398);
#1395 = B_SPLINE_CURVE_WITH_KNOTS('',1,(#1396,#1397),.UNSPECIFIED.,.F.,
  .F.,(2,2),(-366.0000006,-322.),.PIECEWISE_BEZIER_KNOTS.);
#1396 = CARTESIAN_POINT('',(15.206556215734,-8.251022029756));
#1397 = CARTESIAN_POINT('',(-28.79344438426,-8.251022029756));
#1398 = ( GEOMETRIC_REPRESENTATION_CONTEXT(2) 
PARAMETRIC_REPRESENTATION_CONTEXT() REPRESENTATION_CONTEXT('2D SPACE',''
  ) );
#1399 = ORIENTED_EDGE('',*,*,#1400,.T.);
#1400 = EDGE_CURVE('',#1375,#667,#1401,.T.);
#1401 = SURFACE_CURVE('',#1402,(#1407,#1414),.PCURVE_S1.);
#1402 = CIRCLE('',#1403,45.);
#1403 = AXIS2_PLACEMENT_3D('',#1404,#1405,#1406);
#1404 = CARTESIAN_POINT('',(0.,0.,1.383E+03));
#1405 = DIRECTION('',(0.,0.,1.));
#1406 = DIRECTION('',(1.,0.,0.));
#1407 = PCURVE('',#166,#1408);
#1408 = DEFINITIONAL_REPRESENTATION('',(#1409),#1413);
#1409 = LINE('',#1410,#1411);
#1410 = CARTESIAN_POINT('',(-0.,-366.));
#1411 = VECTOR('',#1412,1.);
#1412 = DIRECTION('',(-1.,0.));
#1413 = ( GEOMETRIC_REPRESENTATION_CONTEXT(2) 
PARAMETRIC_REPRESENTATION_CONTEXT() REPRESENTATION_CONTEXT('2D SPACE',''
  ) );
#1414 = PCURVE('',#980,#1415);
#1415 = DEFINITIONAL_REPRESENTATION('',(#1416),#1420);
#1416 = CIRCLE('',#1417,45.);
#1417 = AXIS2_PLACEMENT_2D('',#1418,#1419);
#1418 = CARTESIAN_POINT('',(7.001293478602E-15,-1.605911987866E-15));
#1419 = DIRECTION('',(1.,0.));
#1420 = ( GEOMETRIC_REPRESENTATION_CONTEXT(2) 
PARAMETRIC_REPRESENTATION_CONTEXT() REPRESENTATION_CONTEXT('2D SPACE',''
  ) );
#1421 = ADVANCED_FACE('',(#1422),#596,.T.);
#1422 = FACE_BOUND('',#1423,.T.);
#1423 = EDGE_LOOP('',(#1424,#1425,#1426));
#1424 = ORIENTED_EDGE('',*,*,#942,.T.);
#1425 = ORIENTED_EDGE('',*,*,#582,.T.);
#1426 = ORIENTED_EDGE('',*,*,#1427,.T.);
#1427 = EDGE_CURVE('',#555,#916,#1428,.T.);
#1428 = SURFACE_CURVE('',#1429,(#1433,#1440),.PCURVE_S1.);
#1429 = LINE('',#1430,#1431);
#1430 = CARTESIAN_POINT('',(52.325901807805,49.497474683058,1.017E+03));
#1431 = VECTOR('',#1432,1.);
#1432 = DIRECTION('',(-0.405499112454,-0.405499112454,0.819231920519));
#1433 = PCURVE('',#596,#1434);
#1434 = DEFINITIONAL_REPRESENTATION('',(#1435),#1439);
#1435 = LINE('',#1436,#1437);
#1436 = CARTESIAN_POINT('',(15.206555615734,18.793444384266));
#1437 = VECTOR('',#1438,1.);
#1438 = DIRECTION('',(-0.819231920519,-0.573462344363));
#1439 = ( GEOMETRIC_REPRESENTATION_CONTEXT(2) 
PARAMETRIC_REPRESENTATION_CONTEXT() REPRESENTATION_CONTEXT('2D SPACE',''
  ) );
#1440 = PCURVE('',#570,#1441);
#1441 = DEFINITIONAL_REPRESENTATION('',(#1442),#1446);
#1442 = LINE('',#1443,#1444);
#1443 = CARTESIAN_POINT('',(-1.110223024625E-16,-2.));
#1444 = VECTOR('',#1445,1.);
#1445 = DIRECTION('',(1.,0.));
#1446 = ( GEOMETRIC_REPRESENTATION_CONTEXT(2) 
PARAMETRIC_REPRESENTATION_CONTEXT() REPRESENTATION_CONTEXT('2D SPACE',''
  ) );
#1447 = ADVANCED_FACE('',(#1448),#570,.F.);
#1448 = FACE_BOUND('',#1449,.F.);
#1449 = EDGE_LOOP('',(#1450,#1451,#1452,#1453));
#1450 = ORIENTED_EDGE('',*,*,#554,.T.);
#1451 = ORIENTED_EDGE('',*,*,#1427,.T.);
#1452 = ORIENTED_EDGE('',*,*,#915,.F.);
#1453 = ORIENTED_EDGE('',*,*,#1454,.F.);
#1454 = EDGE_CURVE('',#527,#895,#1455,.T.);
#1455 = SURFACE_CURVE('',#1456,(#1460,#1467),.PCURVE_S1.);
#1456 = LINE('',#1457,#1458);
#1457 = CARTESIAN_POINT('',(49.497474683058,52.325901807805,1.017E+03));
#1458 = VECTOR('',#1459,1.);
#1459 = DIRECTION('',(-0.405499112454,-0.405499112454,0.819231920519));
#1460 = PCURVE('',#570,#1461);
#1461 = DEFINITIONAL_REPRESENTATION('',(#1462),#1466);
#1462 = LINE('',#1463,#1464);
#1463 = CARTESIAN_POINT('',(1.110223024625E-16,2.));
#1464 = VECTOR('',#1465,1.);
#1465 = DIRECTION('',(1.,0.));
#1466 = ( GEOMETRIC_REPRESENTATION_CONTEXT(2) 
PARAMETRIC_REPRESENTATION_CONTEXT() REPRESENTATION_CONTEXT('2D SPACE',''
  ) );
#1467 = PCURVE('',#542,#1468);
#1468 = DEFINITIONAL_REPRESENTATION('',(#1469),#1473);
#1469 = LINE('',#1470,#1471);
#1470 = CARTESIAN_POINT('',(15.206555615734,18.793444384266));
#1471 = VECTOR('',#1472,1.);
#1472 = DIRECTION('',(-0.819231920519,-0.573462344363));
#1473 = ( GEOMETRIC_REPRESENTATION_CONTEXT(2) 
PARAMETRIC_REPRESENTATION_CONTEXT() REPRESENTATION_CONTEXT('2D SPACE',''
  ) );
#1474 = ADVANCED_FACE('',(#1475),#542,.F.);
#1475 = FACE_BOUND('',#1476,.F.);
#1476 = EDGE_LOOP('',(#1477,#1478,#1479));
#1477 = ORIENTED_EDGE('',*,*,#894,.T.);
#1478 = ORIENTED_EDGE('',*,*,#526,.T.);
#1479 = ORIENTED_EDGE('',*,*,#1454,.T.);
#1480 = ADVANCED_FACE('',(#1481),#490,.T.);
#1481 = FACE_BOUND('',#1482,.T.);
#1482 = EDGE_LOOP('',(#1483,#1484,#1485));
#1483 = ORIENTED_EDGE('',*,*,#874,.T.);
#1484 = ORIENTED_EDGE('',*,*,#474,.T.);
#1485 = ORIENTED_EDGE('',*,*,#1486,.T.);
#1486 = EDGE_CURVE('',#447,#848,#1487,.T.);
#1487 = SURFACE_CURVE('',#1488,(#1492,#1499),.PCURVE_S1.);
#1488 = LINE('',#1489,#1490);
#1489 = CARTESIAN_POINT('',(-49.49747468305,52.325901807805,1.017E+03));
#1490 = VECTOR('',#1491,1.);
#1491 = DIRECTION('',(0.405499112454,-0.405499112454,0.819231920519));
#1492 = PCURVE('',#490,#1493);
#1493 = DEFINITIONAL_REPRESENTATION('',(#1494),#1498);
#1494 = LINE('',#1495,#1496);
#1495 = CARTESIAN_POINT('',(15.206555615734,18.793444384266));
#1496 = VECTOR('',#1497,1.);
#1497 = DIRECTION('',(-0.819231920519,-0.573462344363));
#1498 = ( GEOMETRIC_REPRESENTATION_CONTEXT(2) 
PARAMETRIC_REPRESENTATION_CONTEXT() REPRESENTATION_CONTEXT('2D SPACE',''
  ) );
#1499 = PCURVE('',#462,#1500);
#1500 = DEFINITIONAL_REPRESENTATION('',(#1501),#1505);
#1501 = LINE('',#1502,#1503);
#1502 = CARTESIAN_POINT('',(-1.110223024625E-16,-2.));
#1503 = VECTOR('',#1504,1.);
#1504 = DIRECTION('',(1.,0.));
#1505 = ( GEOMETRIC_REPRESENTATION_CONTEXT(2) 
PARAMETRIC_REPRESENTATION_CONTEXT() REPRESENTATION_CONTEXT('2D SPACE',''
  ) );
#1506 = ADVANCED_FACE('',(#1507),#462,.F.);
#1507 = FACE_BOUND('',#1508,.F.);
#1508 = EDGE_LOOP('',(#1509,#1510,#1511,#1512));
#1509 = ORIENTED_EDGE('',*,*,#446,.T.);
#1510 = ORIENTED_EDGE('',*,*,#1486,.T.);
#1511 = ORIENTED_EDGE('',*,*,#847,.F.);
#1512 = ORIENTED_EDGE('',*,*,#1513,.F.);
#1513 = EDGE_CURVE('',#419,#827,#1514,.T.);
#1514 = SURFACE_CURVE('',#1515,(#1519,#1526),.PCURVE_S1.);
#1515 = LINE('',#1516,#1517);
#1516 = CARTESIAN_POINT('',(-52.3259018078,49.497474683058,1.017E+03));
#1517 = VECTOR('',#1518,1.);
#1518 = DIRECTION('',(0.405499112454,-0.405499112454,0.819231920519));
#1519 = PCURVE('',#462,#1520);
#1520 = DEFINITIONAL_REPRESENTATION('',(#1521),#1525);
#1521 = LINE('',#1522,#1523);
#1522 = CARTESIAN_POINT('',(1.110223024625E-16,2.));
#1523 = VECTOR('',#1524,1.);
#1524 = DIRECTION('',(1.,0.));
#1525 = ( GEOMETRIC_REPRESENTATION_CONTEXT(2) 
PARAMETRIC_REPRESENTATION_CONTEXT() REPRESENTATION_CONTEXT('2D SPACE',''
  ) );
#1526 = PCURVE('',#434,#1527);
#1527 = DEFINITIONAL_REPRESENTATION('',(#1528),#1532);
#1528 = LINE('',#1529,#1530);
#1529 = CARTESIAN_POINT('',(15.206555615734,18.793444384266));
#1530 = VECTOR('',#1531,1.);
#1531 = DIRECTION('',(-0.819231920519,-0.573462344363));
#1532 = ( GEOMETRIC_REPRESENTATION_CONTEXT(2) 
PARAMETRIC_REPRESENTATION_CONTEXT() REPRESENTATION_CONTEXT('2D SPACE',''
  ) );
#1533 = ADVANCED_FACE('',(#1534),#434,.F.);
#1534 = FACE_BOUND('',#1535,.F.);
#1535 = EDGE_LOOP('',(#1536,#1537,#1538));
#1536 = ORIENTED_EDGE('',*,*,#826,.T.);
#1537 = ORIENTED_EDGE('',*,*,#418,.T.);
#1538 = ORIENTED_EDGE('',*,*,#1513,.T.);
#1539 = ADVANCED_FACE('',(#1540),#382,.T.);
#1540 = FACE_BOUND('',#1541,.T.);
#1541 = EDGE_LOOP('',(#1542,#1543,#1544));
#1542 = ORIENTED_EDGE('',*,*,#806,.T.);
#1543 = ORIENTED_EDGE('',*,*,#366,.T.);
#1544 = ORIENTED_EDGE('',*,*,#1545,.T.);
#1545 = EDGE_CURVE('',#339,#780,#1546,.T.);
#1546 = SURFACE_CURVE('',#1547,(#1551,#1558),.PCURVE_S1.);
#1547 = LINE('',#1548,#1549);
#1548 = CARTESIAN_POINT('',(-52.3259018078,-49.49747468305,1.017E+03));
#1549 = VECTOR('',#1550,1.);
#1550 = DIRECTION('',(0.405499112454,0.405499112454,0.819231920519));
#1551 = PCURVE('',#382,#1552);
#1552 = DEFINITIONAL_REPRESENTATION('',(#1553),#1557);
#1553 = LINE('',#1554,#1555);
#1554 = CARTESIAN_POINT('',(15.206555615734,18.793444384266));
#1555 = VECTOR('',#1556,1.);
#1556 = DIRECTION('',(-0.819231920519,-0.573462344363));
#1557 = ( GEOMETRIC_REPRESENTATION_CONTEXT(2) 
PARAMETRIC_REPRESENTATION_CONTEXT() REPRESENTATION_CONTEXT('2D SPACE',''
  ) );
#1558 = PCURVE('',#354,#1559);
#1559 = DEFINITIONAL_REPRESENTATION('',(#1560),#1564);
#1560 = LINE('',#1561,#1562);
#1561 = CARTESIAN_POINT('',(-2.22044604925E-16,-2.));
#1562 = VECTOR('',#1563,1.);
#1563 = DIRECTION('',(1.,0.));
#1564 = ( GEOMETRIC_REPRESENTATION_CONTEXT(2) 
PARAMETRIC_REPRESENTATION_CONTEXT() REPRESENTATION_CONTEXT('2D SPACE',''
  ) );
#1565 = ADVANCED_FACE('',(#1566),#354,.F.);
#1566 = FACE_BOUND('',#1567,.F.);
#1567 = EDGE_LOOP('',(#1568,#1569,#1570,#1571));
#1568 = ORIENTED_EDGE('',*,*,#338,.T.);
#1569 = ORIENTED_EDGE('',*,*,#1545,.T.);
#1570 = ORIENTED_EDGE('',*,*,#779,.F.);
#1571 = ORIENTED_EDGE('',*,*,#1572,.F.);
#1572 = EDGE_CURVE('',#311,#759,#1573,.T.);
#1573 = SURFACE_CURVE('',#1574,(#1578,#1585),.PCURVE_S1.);
#1574 = LINE('',#1575,#1576);
#1575 = CARTESIAN_POINT('',(-49.49747468305,-52.3259018078,1.017E+03));
#1576 = VECTOR('',#1577,1.);
#1577 = DIRECTION('',(0.405499112454,0.405499112454,0.819231920519));
#1578 = PCURVE('',#354,#1579);
#1579 = DEFINITIONAL_REPRESENTATION('',(#1580),#1584);
#1580 = LINE('',#1581,#1582);
#1581 = CARTESIAN_POINT('',(2.22044604925E-16,2.));
#1582 = VECTOR('',#1583,1.);
#1583 = DIRECTION('',(1.,0.));
#1584 = ( GEOMETRIC_REPRESENTATION_CONTEXT(2) 
PARAMETRIC_REPRESENTATION_CONTEXT() REPRESENTATION_CONTEXT('2D SPACE',''
  ) );
#1585 = PCURVE('',#326,#1586);
#1586 = DEFINITIONAL_REPRESENTATION('',(#1587),#1591);
#1587 = LINE('',#1588,#1589);
#1588 = CARTESIAN_POINT('',(15.206555615734,18.793444384266));
#1589 = VECTOR('',#1590,1.);
#1590 = DIRECTION('',(-0.819231920519,-0.573462344363));
#1591 = ( GEOMETRIC_REPRESENTATION_CONTEXT(2) 
PARAMETRIC_REPRESENTATION_CONTEXT() REPRESENTATION_CONTEXT('2D SPACE',''
  ) );
#1592 = ADVANCED_FACE('',(#1593),#326,.F.);
#1593 = FACE_BOUND('',#1594,.F.);
#1594 = EDGE_LOOP('',(#1595,#1596,#1597));
#1595 = ORIENTED_EDGE('',*,*,#758,.T.);
#1596 = ORIENTED_EDGE('',*,*,#310,.T.);
#1597 = ORIENTED_EDGE('',*,*,#1572,.T.);
#1598 = ADVANCED_FACE('',(#1599),#274,.T.);
#1599 = FACE_BOUND('',#1600,.T.);
#1600 = EDGE_LOOP('',(#1601,#1602,#1603));
#1601 = ORIENTED_EDGE('',*,*,#738,.T.);
#1602 = ORIENTED_EDGE('',*,*,#258,.T.);
#1603 = ORIENTED_EDGE('',*,*,#1604,.T.);
#1604 = EDGE_CURVE('',#231,#712,#1605,.T.);
#1605 = SURFACE_CURVE('',#1606,(#1610,#1617),.PCURVE_S1.);
#1606 = LINE('',#1607,#1608);
#1607 = CARTESIAN_POINT('',(49.497474683058,-52.3259018078,1.017E+03));
#1608 = VECTOR('',#1609,1.);
#1609 = DIRECTION('',(-0.405499112454,0.405499112454,0.819231920519));
#1610 = PCURVE('',#274,#1611);
#1611 = DEFINITIONAL_REPRESENTATION('',(#1612),#1616);
#1612 = LINE('',#1613,#1614);
#1613 = CARTESIAN_POINT('',(15.206555615734,18.793444384266));
#1614 = VECTOR('',#1615,1.);
#1615 = DIRECTION('',(-0.819231920519,-0.573462344363));
#1616 = ( GEOMETRIC_REPRESENTATION_CONTEXT(2) 
PARAMETRIC_REPRESENTATION_CONTEXT() REPRESENTATION_CONTEXT('2D SPACE',''
  ) );
#1617 = PCURVE('',#246,#1618);
#1618 = DEFINITIONAL_REPRESENTATION('',(#1619),#1623);
#1619 = LINE('',#1620,#1621);
#1620 = CARTESIAN_POINT('',(-2.22044604925E-16,-2.));
#1621 = VECTOR('',#1622,1.);
#1622 = DIRECTION('',(1.,0.));
#1623 = ( GEOMETRIC_REPRESENTATION_CONTEXT(2) 
PARAMETRIC_REPRESENTATION_CONTEXT() REPRESENTATION_CONTEXT('2D SPACE',''
  ) );
#1624 = ADVANCED_FACE('',(#1625),#246,.F.);
#1625 = FACE_BOUND('',#1626,.F.);
#1626 = EDGE_LOOP('',(#1627,#1628,#1629,#1630));
#1627 = ORIENTED_EDGE('',*,*,#230,.T.);
#1628 = ORIENTED_EDGE('',*,*,#1604,.T.);
#1629 = ORIENTED_EDGE('',*,*,#711,.F.);
#1630 = ORIENTED_EDGE('',*,*,#1631,.F.);
#1631 = EDGE_CURVE('',#203,#691,#1632,.T.);
#1632 = SURFACE_CURVE('',#1633,(#1637,#1644),.PCURVE_S1.);
#1633 = LINE('',#1634,#1635);
#1634 = CARTESIAN_POINT('',(52.325901807804,-49.49747468305,1.017E+03));
#1635 = VECTOR('',#1636,1.);
#1636 = DIRECTION('',(-0.405499112454,0.405499112454,0.819231920519));
#1637 = PCURVE('',#246,#1638);
#1638 = DEFINITIONAL_REPRESENTATION('',(#1639),#1643);
#1639 = LINE('',#1640,#1641);
#1640 = CARTESIAN_POINT('',(2.22044604925E-16,2.));
#1641 = VECTOR('',#1642,1.);
#1642 = DIRECTION('',(1.,0.));
#1643 = ( GEOMETRIC_REPRESENTATION_CONTEXT(2) 
PARAMETRIC_REPRESENTATION_CONTEXT() REPRESENTATION_CONTEXT('2D SPACE',''
  ) );
#1644 = PCURVE('',#218,#1645);
#1645 = DEFINITIONAL_REPRESENTATION('',(#1646),#1650);
#1646 = LINE('',#1647,#1648);
#1647 = CARTESIAN_POINT('',(15.206555615734,18.793444384266));
#1648 = VECTOR('',#1649,1.);
#1649 = DIRECTION('',(-0.819231920519,-0.573462344363));
#1650 = ( GEOMETRIC_REPRESENTATION_CONTEXT(2) 
PARAMETRIC_REPRESENTATION_CONTEXT() REPRESENTATION_CONTEXT('2D SPACE',''
  ) );
#1651 = ADVANCED_FACE('',(#1652),#218,.F.);
#1652 = FACE_BOUND('',#1653,.F.);
#1653 = EDGE_LOOP('',(#1654,#1655,#1656));
#1654 = ORIENTED_EDGE('',*,*,#690,.T.);
#1655 = ORIENTED_EDGE('',*,*,#202,.T.);
#1656 = ORIENTED_EDGE('',*,*,#1631,.T.);
#1657 = ADVANCED_FACE('',(#1658,#1689),#650,.T.);
#1658 = FACE_BOUND('',#1659,.T.);
#1659 = EDGE_LOOP('',(#1660));
#1660 = ORIENTED_EDGE('',*,*,#1661,.T.);
#1661 = EDGE_CURVE('',#1662,#1662,#1664,.T.);
#1662 = VERTEX_POINT('',#1663);
#1663 = CARTESIAN_POINT('',(75.,0.,1.395E+03));
#1664 = SURFACE_CURVE('',#1665,(#1670,#1677),.PCURVE_S1.);
#1665 = CIRCLE('',#1666,75.);
#1666 = AXIS2_PLACEMENT_3D('',#1667,#1668,#1669);
#1667 = CARTESIAN_POINT('',(0.,0.,1.395E+03));
#1668 = DIRECTION('',(0.,0.,1.));
#1669 = DIRECTION('',(1.,0.,0.));
#1670 = PCURVE('',#650,#1671);
#1671 = DEFINITIONAL_REPRESENTATION('',(#1672),#1676);
#1672 = CIRCLE('',#1673,75.);
#1673 = AXIS2_PLACEMENT_2D('',#1674,#1675);
#1674 = CARTESIAN_POINT('',(7.001293478602E-15,-1.605911987866E-15));
#1675 = DIRECTION('',(1.,0.));
#1676 = ( GEOMETRIC_REPRESENTATION_CONTEXT(2) 
PARAMETRIC_REPRESENTATION_CONTEXT() REPRESENTATION_CONTEXT('2D SPACE',''
  ) );
#1677 = PCURVE('',#1678,#1683);
#1678 = CYLINDRICAL_SURFACE('',#1679,75.);
#1679 = AXIS2_PLACEMENT_3D('',#1680,#1681,#1682);
#1680 = CARTESIAN_POINT('',(0.,0.,1.383E+03));
#1681 = DIRECTION('',(-0.,-0.,-1.));
#1682 = DIRECTION('',(1.,0.,0.));
#1683 = DEFINITIONAL_REPRESENTATION('',(#1684),#1688);
#1684 = LINE('',#1685,#1686);
#1685 = CARTESIAN_POINT('',(-0.,-12.));
#1686 = VECTOR('',#1687,1.);
#1687 = DIRECTION('',(-1.,0.));
#1688 = ( GEOMETRIC_REPRESENTATION_CONTEXT(2) 
PARAMETRIC_REPRESENTATION_CONTEXT() REPRESENTATION_CONTEXT('2D SPACE',''
  ) );
#1689 = FACE_BOUND('',#1690,.T.);
#1690 = EDGE_LOOP('',(#1691));
#1691 = ORIENTED_EDGE('',*,*,#635,.F.);
#1692 = ADVANCED_FACE('',(#1693,#1719),#980,.F.);
#1693 = FACE_BOUND('',#1694,.F.);
#1694 = EDGE_LOOP('',(#1695));
#1695 = ORIENTED_EDGE('',*,*,#1696,.T.);
#1696 = EDGE_CURVE('',#1697,#1697,#1699,.T.);
#1697 = VERTEX_POINT('',#1698);
#1698 = CARTESIAN_POINT('',(75.,0.,1.383E+03));
#1699 = SURFACE_CURVE('',#1700,(#1705,#1712),.PCURVE_S1.);
#1700 = CIRCLE('',#1701,75.);
#1701 = AXIS2_PLACEMENT_3D('',#1702,#1703,#1704);
#1702 = CARTESIAN_POINT('',(0.,0.,1.383E+03));
#1703 = DIRECTION('',(0.,0.,1.));
#1704 = DIRECTION('',(1.,0.,0.));
#1705 = PCURVE('',#980,#1706);
#1706 = DEFINITIONAL_REPRESENTATION('',(#1707),#1711);
#1707 = CIRCLE('',#1708,75.);
#1708 = AXIS2_PLACEMENT_2D('',#1709,#1710);
#1709 = CARTESIAN_POINT('',(7.001293478602E-15,-1.605911987866E-15));
#1710 = DIRECTION('',(1.,0.));
#1711 = ( GEOMETRIC_REPRESENTATION_CONTEXT(2) 
PARAMETRIC_REPRESENTATION_CONTEXT() REPRESENTATION_CONTEXT('2D SPACE',''
  ) );
#1712 = PCURVE('',#1678,#1713);
#1713 = DEFINITIONAL_REPRESENTATION('',(#1714),#1718);
#1714 = LINE('',#1715,#1716);
#1715 = CARTESIAN_POINT('',(-0.,0.));
#1716 = VECTOR('',#1717,1.);
#1717 = DIRECTION('',(-1.,0.));
#1718 = ( GEOMETRIC_REPRESENTATION_CONTEXT(2) 
PARAMETRIC_REPRESENTATION_CONTEXT() REPRESENTATION_CONTEXT('2D SPACE',''
  ) );
#1719 = FACE_BOUND('',#1720,.F.);
#1720 = EDGE_LOOP('',(#1721,#1722,#1723,#1746,#1769,#1790,#1791,#1814,
    #1837,#1858,#1859,#1882,#1905,#1926,#1927,#1950,#1973));
#1721 = ORIENTED_EDGE('',*,*,#963,.F.);
#1722 = ORIENTED_EDGE('',*,*,#1400,.F.);
#1723 = ORIENTED_EDGE('',*,*,#1724,.T.);
#1724 = EDGE_CURVE('',#1375,#1725,#1727,.T.);
#1725 = VERTEX_POINT('',#1726);
#1726 = CARTESIAN_POINT('',(52.325901807804,-49.49747468305,1.383E+03));
#1727 = SURFACE_CURVE('',#1728,(#1732,#1739),.PCURVE_S1.);
#1728 = LINE('',#1729,#1730);
#1729 = CARTESIAN_POINT('',(32.526911934581,-29.69848480983,1.383E+03));
#1730 = VECTOR('',#1731,1.);
#1731 = DIRECTION('',(0.707106781187,-0.707106781187,0.));
#1732 = PCURVE('',#980,#1733);
#1733 = DEFINITIONAL_REPRESENTATION('',(#1734),#1738);
#1734 = LINE('',#1735,#1736);
#1735 = CARTESIAN_POINT('',(32.526911934581,-29.69848480983));
#1736 = VECTOR('',#1737,1.);
#1737 = DIRECTION('',(0.707106781187,-0.707106781187));
#1738 = ( GEOMETRIC_REPRESENTATION_CONTEXT(2) 
PARAMETRIC_REPRESENTATION_CONTEXT() REPRESENTATION_CONTEXT('2D SPACE',''
  ) );
#1739 = PCURVE('',#1389,#1740);
#1740 = DEFINITIONAL_REPRESENTATION('',(#1741),#1745);
#1741 = LINE('',#1742,#1743);
#1742 = CARTESIAN_POINT('',(15.206555615734,-9.206555615734));
#1743 = VECTOR('',#1744,1.);
#1744 = DIRECTION('',(0.,1.));
#1745 = ( GEOMETRIC_REPRESENTATION_CONTEXT(2) 
PARAMETRIC_REPRESENTATION_CONTEXT() REPRESENTATION_CONTEXT('2D SPACE',''
  ) );
#1746 = ORIENTED_EDGE('',*,*,#1747,.F.);
#1747 = EDGE_CURVE('',#1748,#1725,#1750,.T.);
#1748 = VERTEX_POINT('',#1749);
#1749 = CARTESIAN_POINT('',(49.497474683058,-52.3259018078,1.383E+03));
#1750 = SURFACE_CURVE('',#1751,(#1755,#1762),.PCURVE_S1.);
#1751 = LINE('',#1752,#1753);
#1752 = CARTESIAN_POINT('',(49.497474683058,-52.3259018078,1.383E+03));
#1753 = VECTOR('',#1754,1.);
#1754 = DIRECTION('',(0.707106781187,0.707106781187,0.));
#1755 = PCURVE('',#980,#1756);
#1756 = DEFINITIONAL_REPRESENTATION('',(#1757),#1761);
#1757 = LINE('',#1758,#1759);
#1758 = CARTESIAN_POINT('',(49.497474683058,-52.3259018078));
#1759 = VECTOR('',#1760,1.);
#1760 = DIRECTION('',(0.707106781187,0.707106781187));
#1761 = ( GEOMETRIC_REPRESENTATION_CONTEXT(2) 
PARAMETRIC_REPRESENTATION_CONTEXT() REPRESENTATION_CONTEXT('2D SPACE',''
  ) );
#1762 = PCURVE('',#1362,#1763);
#1763 = DEFINITIONAL_REPRESENTATION('',(#1764),#1768);
#1764 = LINE('',#1765,#1766);
#1765 = CARTESIAN_POINT('',(-2.22044604925E-16,-2.));
#1766 = VECTOR('',#1767,1.);
#1767 = DIRECTION('',(2.607906433683E-17,1.));
#1768 = ( GEOMETRIC_REPRESENTATION_CONTEXT(2) 
PARAMETRIC_REPRESENTATION_CONTEXT() REPRESENTATION_CONTEXT('2D SPACE',''
  ) );
#1769 = ORIENTED_EDGE('',*,*,#1770,.F.);
#1770 = EDGE_CURVE('',#1293,#1748,#1771,.T.);
#1771 = SURFACE_CURVE('',#1772,(#1776,#1783),.PCURVE_S1.);
#1772 = LINE('',#1773,#1774);
#1773 = CARTESIAN_POINT('',(29.698484809835,-32.52691193458,1.383E+03));
#1774 = VECTOR('',#1775,1.);
#1775 = DIRECTION('',(0.707106781187,-0.707106781187,0.));
#1776 = PCURVE('',#980,#1777);
#1777 = DEFINITIONAL_REPRESENTATION('',(#1778),#1782);
#1778 = LINE('',#1779,#1780);
#1779 = CARTESIAN_POINT('',(29.698484809835,-32.52691193458));
#1780 = VECTOR('',#1781,1.);
#1781 = DIRECTION('',(0.707106781187,-0.707106781187));
#1782 = ( GEOMETRIC_REPRESENTATION_CONTEXT(2) 
PARAMETRIC_REPRESENTATION_CONTEXT() REPRESENTATION_CONTEXT('2D SPACE',''
  ) );
#1783 = PCURVE('',#1331,#1784);
#1784 = DEFINITIONAL_REPRESENTATION('',(#1785),#1789);
#1785 = LINE('',#1786,#1787);
#1786 = CARTESIAN_POINT('',(15.206555615734,-9.206555615734));
#1787 = VECTOR('',#1788,1.);
#1788 = DIRECTION('',(0.,1.));
#1789 = ( GEOMETRIC_REPRESENTATION_CONTEXT(2) 
PARAMETRIC_REPRESENTATION_CONTEXT() REPRESENTATION_CONTEXT('2D SPACE',''
  ) );
#1790 = ORIENTED_EDGE('',*,*,#1292,.F.);
#1791 = ORIENTED_EDGE('',*,*,#1792,.T.);
#1792 = EDGE_CURVE('',#1267,#1793,#1795,.T.);
#1793 = VERTEX_POINT('',#1794);
#1794 = CARTESIAN_POINT('',(-49.49747468305,-52.3259018078,1.383E+03));
#1795 = SURFACE_CURVE('',#1796,(#1800,#1807),.PCURVE_S1.);
#1796 = LINE('',#1797,#1798);
#1797 = CARTESIAN_POINT('',(-29.69848480983,-32.52691193458,1.383E+03));
#1798 = VECTOR('',#1799,1.);
#1799 = DIRECTION('',(-0.707106781187,-0.707106781187,0.));
#1800 = PCURVE('',#980,#1801);
#1801 = DEFINITIONAL_REPRESENTATION('',(#1802),#1806);
#1802 = LINE('',#1803,#1804);
#1803 = CARTESIAN_POINT('',(-29.69848480983,-32.52691193458));
#1804 = VECTOR('',#1805,1.);
#1805 = DIRECTION('',(-0.707106781187,-0.707106781187));
#1806 = ( GEOMETRIC_REPRESENTATION_CONTEXT(2) 
PARAMETRIC_REPRESENTATION_CONTEXT() REPRESENTATION_CONTEXT('2D SPACE',''
  ) );
#1807 = PCURVE('',#1281,#1808);
#1808 = DEFINITIONAL_REPRESENTATION('',(#1809),#1813);
#1809 = LINE('',#1810,#1811);
#1810 = CARTESIAN_POINT('',(15.206555615734,-9.206555615734));
#1811 = VECTOR('',#1812,1.);
#1812 = DIRECTION('',(0.,1.));
#1813 = ( GEOMETRIC_REPRESENTATION_CONTEXT(2) 
PARAMETRIC_REPRESENTATION_CONTEXT() REPRESENTATION_CONTEXT('2D SPACE',''
  ) );
#1814 = ORIENTED_EDGE('',*,*,#1815,.F.);
#1815 = EDGE_CURVE('',#1816,#1793,#1818,.T.);
#1816 = VERTEX_POINT('',#1817);
#1817 = CARTESIAN_POINT('',(-52.3259018078,-49.49747468305,1.383E+03));
#1818 = SURFACE_CURVE('',#1819,(#1823,#1830),.PCURVE_S1.);
#1819 = LINE('',#1820,#1821);
#1820 = CARTESIAN_POINT('',(-52.3259018078,-49.49747468305,1.383E+03));
#1821 = VECTOR('',#1822,1.);
#1822 = DIRECTION('',(0.707106781187,-0.707106781187,0.));
#1823 = PCURVE('',#980,#1824);
#1824 = DEFINITIONAL_REPRESENTATION('',(#1825),#1829);
#1825 = LINE('',#1826,#1827);
#1826 = CARTESIAN_POINT('',(-52.3259018078,-49.49747468305));
#1827 = VECTOR('',#1828,1.);
#1828 = DIRECTION('',(0.707106781187,-0.707106781187));
#1829 = ( GEOMETRIC_REPRESENTATION_CONTEXT(2) 
PARAMETRIC_REPRESENTATION_CONTEXT() REPRESENTATION_CONTEXT('2D SPACE',''
  ) );
#1830 = PCURVE('',#1254,#1831);
#1831 = DEFINITIONAL_REPRESENTATION('',(#1832),#1836);
#1832 = LINE('',#1833,#1834);
#1833 = CARTESIAN_POINT('',(-2.22044604925E-16,-2.));
#1834 = VECTOR('',#1835,1.);
#1835 = DIRECTION('',(0.,1.));
#1836 = ( GEOMETRIC_REPRESENTATION_CONTEXT(2) 
PARAMETRIC_REPRESENTATION_CONTEXT() REPRESENTATION_CONTEXT('2D SPACE',''
  ) );
#1837 = ORIENTED_EDGE('',*,*,#1838,.F.);
#1838 = EDGE_CURVE('',#1185,#1816,#1839,.T.);
#1839 = SURFACE_CURVE('',#1840,(#1844,#1851),.PCURVE_S1.);
#1840 = LINE('',#1841,#1842);
#1841 = CARTESIAN_POINT('',(-32.52691193458,-29.69848480983,1.383E+03));
#1842 = VECTOR('',#1843,1.);
#1843 = DIRECTION('',(-0.707106781187,-0.707106781187,0.));
#1844 = PCURVE('',#980,#1845);
#1845 = DEFINITIONAL_REPRESENTATION('',(#1846),#1850);
#1846 = LINE('',#1847,#1848);
#1847 = CARTESIAN_POINT('',(-32.52691193458,-29.69848480983));
#1848 = VECTOR('',#1849,1.);
#1849 = DIRECTION('',(-0.707106781187,-0.707106781187));
#1850 = ( GEOMETRIC_REPRESENTATION_CONTEXT(2) 
PARAMETRIC_REPRESENTATION_CONTEXT() REPRESENTATION_CONTEXT('2D SPACE',''
  ) );
#1851 = PCURVE('',#1223,#1852);
#1852 = DEFINITIONAL_REPRESENTATION('',(#1853),#1857);
#1853 = LINE('',#1854,#1855);
#1854 = CARTESIAN_POINT('',(15.206555615734,-9.206555615734));
#1855 = VECTOR('',#1856,1.);
#1856 = DIRECTION('',(0.,1.));
#1857 = ( GEOMETRIC_REPRESENTATION_CONTEXT(2) 
PARAMETRIC_REPRESENTATION_CONTEXT() REPRESENTATION_CONTEXT('2D SPACE',''
  ) );
#1858 = ORIENTED_EDGE('',*,*,#1184,.F.);
#1859 = ORIENTED_EDGE('',*,*,#1860,.T.);
#1860 = EDGE_CURVE('',#1159,#1861,#1863,.T.);
#1861 = VERTEX_POINT('',#1862);
#1862 = CARTESIAN_POINT('',(-52.3259018078,49.497474683058,1.383E+03));
#1863 = SURFACE_CURVE('',#1864,(#1868,#1875),.PCURVE_S1.);
#1864 = LINE('',#1865,#1866);
#1865 = CARTESIAN_POINT('',(-32.52691193458,29.698484809835,1.383E+03));
#1866 = VECTOR('',#1867,1.);
#1867 = DIRECTION('',(-0.707106781187,0.707106781187,0.));
#1868 = PCURVE('',#980,#1869);
#1869 = DEFINITIONAL_REPRESENTATION('',(#1870),#1874);
#1870 = LINE('',#1871,#1872);
#1871 = CARTESIAN_POINT('',(-32.52691193458,29.698484809835));
#1872 = VECTOR('',#1873,1.);
#1873 = DIRECTION('',(-0.707106781187,0.707106781187));
#1874 = ( GEOMETRIC_REPRESENTATION_CONTEXT(2) 
PARAMETRIC_REPRESENTATION_CONTEXT() REPRESENTATION_CONTEXT('2D SPACE',''
  ) );
#1875 = PCURVE('',#1173,#1876);
#1876 = DEFINITIONAL_REPRESENTATION('',(#1877),#1881);
#1877 = LINE('',#1878,#1879);
#1878 = CARTESIAN_POINT('',(15.206555615734,-9.206555615734));
#1879 = VECTOR('',#1880,1.);
#1880 = DIRECTION('',(0.,1.));
#1881 = ( GEOMETRIC_REPRESENTATION_CONTEXT(2) 
PARAMETRIC_REPRESENTATION_CONTEXT() REPRESENTATION_CONTEXT('2D SPACE',''
  ) );
#1882 = ORIENTED_EDGE('',*,*,#1883,.F.);
#1883 = EDGE_CURVE('',#1884,#1861,#1886,.T.);
#1884 = VERTEX_POINT('',#1885);
#1885 = CARTESIAN_POINT('',(-49.49747468305,52.325901807805,1.383E+03));
#1886 = SURFACE_CURVE('',#1887,(#1891,#1898),.PCURVE_S1.);
#1887 = LINE('',#1888,#1889);
#1888 = CARTESIAN_POINT('',(-49.49747468305,52.325901807805,1.383E+03));
#1889 = VECTOR('',#1890,1.);
#1890 = DIRECTION('',(-0.707106781187,-0.707106781187,0.));
#1891 = PCURVE('',#980,#1892);
#1892 = DEFINITIONAL_REPRESENTATION('',(#1893),#1897);
#1893 = LINE('',#1894,#1895);
#1894 = CARTESIAN_POINT('',(-49.49747468305,52.325901807805));
#1895 = VECTOR('',#1896,1.);
#1896 = DIRECTION('',(-0.707106781187,-0.707106781187));
#1897 = ( GEOMETRIC_REPRESENTATION_CONTEXT(2) 
PARAMETRIC_REPRESENTATION_CONTEXT() REPRESENTATION_CONTEXT('2D SPACE',''
  ) );
#1898 = PCURVE('',#1146,#1899);
#1899 = DEFINITIONAL_REPRESENTATION('',(#1900),#1904);
#1900 = LINE('',#1901,#1902);
#1901 = CARTESIAN_POINT('',(-1.110223024625E-16,-2.));
#1902 = VECTOR('',#1903,1.);
#1903 = DIRECTION('',(0.,1.));
#1904 = ( GEOMETRIC_REPRESENTATION_CONTEXT(2) 
PARAMETRIC_REPRESENTATION_CONTEXT() REPRESENTATION_CONTEXT('2D SPACE',''
  ) );
#1905 = ORIENTED_EDGE('',*,*,#1906,.F.);
#1906 = EDGE_CURVE('',#1077,#1884,#1907,.T.);
#1907 = SURFACE_CURVE('',#1908,(#1912,#1919),.PCURVE_S1.);
#1908 = LINE('',#1909,#1910);
#1909 = CARTESIAN_POINT('',(-29.69848480983,32.526911934581,1.383E+03));
#1910 = VECTOR('',#1911,1.);
#1911 = DIRECTION('',(-0.707106781187,0.707106781187,0.));
#1912 = PCURVE('',#980,#1913);
#1913 = DEFINITIONAL_REPRESENTATION('',(#1914),#1918);
#1914 = LINE('',#1915,#1916);
#1915 = CARTESIAN_POINT('',(-29.69848480983,32.526911934581));
#1916 = VECTOR('',#1917,1.);
#1917 = DIRECTION('',(-0.707106781187,0.707106781187));
#1918 = ( GEOMETRIC_REPRESENTATION_CONTEXT(2) 
PARAMETRIC_REPRESENTATION_CONTEXT() REPRESENTATION_CONTEXT('2D SPACE',''
  ) );
#1919 = PCURVE('',#1115,#1920);
#1920 = DEFINITIONAL_REPRESENTATION('',(#1921),#1925);
#1921 = LINE('',#1922,#1923);
#1922 = CARTESIAN_POINT('',(15.206555615734,-9.206555615734));
#1923 = VECTOR('',#1924,1.);
#1924 = DIRECTION('',(0.,1.));
#1925 = ( GEOMETRIC_REPRESENTATION_CONTEXT(2) 
PARAMETRIC_REPRESENTATION_CONTEXT() REPRESENTATION_CONTEXT('2D SPACE',''
  ) );
#1926 = ORIENTED_EDGE('',*,*,#1076,.F.);
#1927 = ORIENTED_EDGE('',*,*,#1928,.T.);
#1928 = EDGE_CURVE('',#1051,#1929,#1931,.T.);
#1929 = VERTEX_POINT('',#1930);
#1930 = CARTESIAN_POINT('',(49.497474683058,52.325901807805,1.383E+03));
#1931 = SURFACE_CURVE('',#1932,(#1936,#1943),.PCURVE_S1.);
#1932 = LINE('',#1933,#1934);
#1933 = CARTESIAN_POINT('',(29.698484809835,32.526911934581,1.383E+03));
#1934 = VECTOR('',#1935,1.);
#1935 = DIRECTION('',(0.707106781187,0.707106781187,0.));
#1936 = PCURVE('',#980,#1937);
#1937 = DEFINITIONAL_REPRESENTATION('',(#1938),#1942);
#1938 = LINE('',#1939,#1940);
#1939 = CARTESIAN_POINT('',(29.698484809835,32.526911934581));
#1940 = VECTOR('',#1941,1.);
#1941 = DIRECTION('',(0.707106781187,0.707106781187));
#1942 = ( GEOMETRIC_REPRESENTATION_CONTEXT(2) 
PARAMETRIC_REPRESENTATION_CONTEXT() REPRESENTATION_CONTEXT('2D SPACE',''
  ) );
#1943 = PCURVE('',#1065,#1944);
#1944 = DEFINITIONAL_REPRESENTATION('',(#1945),#1949);
#1945 = LINE('',#1946,#1947);
#1946 = CARTESIAN_POINT('',(15.206555615734,-9.206555615734));
#1947 = VECTOR('',#1948,1.);
#1948 = DIRECTION('',(0.,1.));
#1949 = ( GEOMETRIC_REPRESENTATION_CONTEXT(2) 
PARAMETRIC_REPRESENTATION_CONTEXT() REPRESENTATION_CONTEXT('2D SPACE',''
  ) );
#1950 = ORIENTED_EDGE('',*,*,#1951,.F.);
#1951 = EDGE_CURVE('',#1952,#1929,#1954,.T.);
#1952 = VERTEX_POINT('',#1953);
#1953 = CARTESIAN_POINT('',(52.325901807805,49.497474683058,1.383E+03));
#1954 = SURFACE_CURVE('',#1955,(#1959,#1966),.PCURVE_S1.);
#1955 = LINE('',#1956,#1957);
#1956 = CARTESIAN_POINT('',(52.325901807805,49.497474683058,1.383E+03));
#1957 = VECTOR('',#1958,1.);
#1958 = DIRECTION('',(-0.707106781187,0.707106781187,0.));
#1959 = PCURVE('',#980,#1960);
#1960 = DEFINITIONAL_REPRESENTATION('',(#1961),#1965);
#1961 = LINE('',#1962,#1963);
#1962 = CARTESIAN_POINT('',(52.325901807805,49.497474683058));
#1963 = VECTOR('',#1964,1.);
#1964 = DIRECTION('',(-0.707106781187,0.707106781187));
#1965 = ( GEOMETRIC_REPRESENTATION_CONTEXT(2) 
PARAMETRIC_REPRESENTATION_CONTEXT() REPRESENTATION_CONTEXT('2D SPACE',''
  ) );
#1966 = PCURVE('',#1038,#1967);
#1967 = DEFINITIONAL_REPRESENTATION('',(#1968),#1972);
#1968 = LINE('',#1969,#1970);
#1969 = CARTESIAN_POINT('',(-1.110223024625E-16,-2.));
#1970 = VECTOR('',#1971,1.);
#1971 = DIRECTION('',(0.,1.));
#1972 = ( GEOMETRIC_REPRESENTATION_CONTEXT(2) 
PARAMETRIC_REPRESENTATION_CONTEXT() REPRESENTATION_CONTEXT('2D SPACE',''
  ) );
#1973 = ORIENTED_EDGE('',*,*,#1974,.F.);
#1974 = EDGE_CURVE('',#964,#1952,#1975,.T.);
#1975 = SURFACE_CURVE('',#1976,(#1980,#1987),.PCURVE_S1.);
#1976 = LINE('',#1977,#1978);
#1977 = CARTESIAN_POINT('',(32.526911934581,29.698484809835,1.383E+03));
#1978 = VECTOR('',#1979,1.);
#1979 = DIRECTION('',(0.707106781187,0.707106781187,0.));
#1980 = PCURVE('',#980,#1981);
#1981 = DEFINITIONAL_REPRESENTATION('',(#1982),#1986);
#1982 = LINE('',#1983,#1984);
#1983 = CARTESIAN_POINT('',(32.526911934581,29.698484809835));
#1984 = VECTOR('',#1985,1.);
#1985 = DIRECTION('',(0.707106781187,0.707106781187));
#1986 = ( GEOMETRIC_REPRESENTATION_CONTEXT(2) 
PARAMETRIC_REPRESENTATION_CONTEXT() REPRESENTATION_CONTEXT('2D SPACE',''
  ) );
#1987 = PCURVE('',#1007,#1988);
#1988 = DEFINITIONAL_REPRESENTATION('',(#1989),#1993);
#1989 = LINE('',#1990,#1991);
#1990 = CARTESIAN_POINT('',(15.206555615734,-9.206555615734));
#1991 = VECTOR('',#1992,1.);
#1992 = DIRECTION('',(0.,1.));
#1993 = ( GEOMETRIC_REPRESENTATION_CONTEXT(2) 
PARAMETRIC_REPRESENTATION_CONTEXT() REPRESENTATION_CONTEXT('2D SPACE',''
  ) );
#1994 = ADVANCED_FACE('',(#1995),#1389,.T.);
#1995 = FACE_BOUND('',#1996,.T.);
#1996 = EDGE_LOOP('',(#1997,#1998,#1999));
#1997 = ORIENTED_EDGE('',*,*,#1374,.F.);
#1998 = ORIENTED_EDGE('',*,*,#1724,.T.);
#1999 = ORIENTED_EDGE('',*,*,#2000,.T.);
#2000 = EDGE_CURVE('',#1725,#1343,#2001,.T.);
#2001 = SURFACE_CURVE('',#2002,(#2006,#2013),.PCURVE_S1.);
#2002 = LINE('',#2003,#2004);
#2003 = CARTESIAN_POINT('',(52.325901807804,-49.49747468305,1.383E+03));
#2004 = VECTOR('',#2005,1.);
#2005 = DIRECTION('',(-0.405499112454,0.405499112454,-0.819231920519));
#2006 = PCURVE('',#1389,#2007);
#2007 = DEFINITIONAL_REPRESENTATION('',(#2008),#2012);
#2008 = LINE('',#2009,#2010);
#2009 = CARTESIAN_POINT('',(15.206555615734,18.793444384266));
#2010 = VECTOR('',#2011,1.);
#2011 = DIRECTION('',(-0.819231920519,-0.573462344363));
#2012 = ( GEOMETRIC_REPRESENTATION_CONTEXT(2) 
PARAMETRIC_REPRESENTATION_CONTEXT() REPRESENTATION_CONTEXT('2D SPACE',''
  ) );
#2013 = PCURVE('',#1362,#2014);
#2014 = DEFINITIONAL_REPRESENTATION('',(#2015),#2019);
#2015 = LINE('',#2016,#2017);
#2016 = CARTESIAN_POINT('',(2.22044604925E-16,2.));
#2017 = VECTOR('',#2018,1.);
#2018 = DIRECTION('',(1.,0.));
#2019 = ( GEOMETRIC_REPRESENTATION_CONTEXT(2) 
PARAMETRIC_REPRESENTATION_CONTEXT() REPRESENTATION_CONTEXT('2D SPACE',''
  ) );
#2020 = ADVANCED_FACE('',(#2021),#1362,.T.);
#2021 = FACE_BOUND('',#2022,.T.);
#2022 = EDGE_LOOP('',(#2023,#2024,#2045,#2046));
#2023 = ORIENTED_EDGE('',*,*,#1747,.F.);
#2024 = ORIENTED_EDGE('',*,*,#2025,.T.);
#2025 = EDGE_CURVE('',#1748,#1317,#2026,.T.);
#2026 = SURFACE_CURVE('',#2027,(#2031,#2038),.PCURVE_S1.);
#2027 = LINE('',#2028,#2029);
#2028 = CARTESIAN_POINT('',(49.497474683058,-52.3259018078,1.383E+03));
#2029 = VECTOR('',#2030,1.);
#2030 = DIRECTION('',(-0.405499112454,0.405499112454,-0.819231920519));
#2031 = PCURVE('',#1362,#2032);
#2032 = DEFINITIONAL_REPRESENTATION('',(#2033),#2037);
#2033 = LINE('',#2034,#2035);
#2034 = CARTESIAN_POINT('',(-2.22044604925E-16,-2.));
#2035 = VECTOR('',#2036,1.);
#2036 = DIRECTION('',(1.,0.));
#2037 = ( GEOMETRIC_REPRESENTATION_CONTEXT(2) 
PARAMETRIC_REPRESENTATION_CONTEXT() REPRESENTATION_CONTEXT('2D SPACE',''
  ) );
#2038 = PCURVE('',#1331,#2039);
#2039 = DEFINITIONAL_REPRESENTATION('',(#2040),#2044);
#2040 = LINE('',#2041,#2042);
#2041 = CARTESIAN_POINT('',(15.206555615734,18.793444384266));
#2042 = VECTOR('',#2043,1.);
#2043 = DIRECTION('',(-0.819231920519,-0.573462344363));
#2044 = ( GEOMETRIC_REPRESENTATION_CONTEXT(2) 
PARAMETRIC_REPRESENTATION_CONTEXT() REPRESENTATION_CONTEXT('2D SPACE',''
  ) );
#2045 = ORIENTED_EDGE('',*,*,#1342,.F.);
#2046 = ORIENTED_EDGE('',*,*,#2000,.F.);
#2047 = ADVANCED_FACE('',(#2048),#1331,.F.);
#2048 = FACE_BOUND('',#2049,.F.);
#2049 = EDGE_LOOP('',(#2050,#2051,#2052));
#2050 = ORIENTED_EDGE('',*,*,#1316,.F.);
#2051 = ORIENTED_EDGE('',*,*,#1770,.T.);
#2052 = ORIENTED_EDGE('',*,*,#2025,.T.);
#2053 = ADVANCED_FACE('',(#2054),#1281,.T.);
#2054 = FACE_BOUND('',#2055,.T.);
#2055 = EDGE_LOOP('',(#2056,#2057,#2058));
#2056 = ORIENTED_EDGE('',*,*,#1266,.F.);
#2057 = ORIENTED_EDGE('',*,*,#1792,.T.);
#2058 = ORIENTED_EDGE('',*,*,#2059,.T.);
#2059 = EDGE_CURVE('',#1793,#1235,#2060,.T.);
#2060 = SURFACE_CURVE('',#2061,(#2065,#2072),.PCURVE_S1.);
#2061 = LINE('',#2062,#2063);
#2062 = CARTESIAN_POINT('',(-49.49747468305,-52.3259018078,1.383E+03));
#2063 = VECTOR('',#2064,1.);
#2064 = DIRECTION('',(0.405499112454,0.405499112454,-0.819231920519));
#2065 = PCURVE('',#1281,#2066);
#2066 = DEFINITIONAL_REPRESENTATION('',(#2067),#2071);
#2067 = LINE('',#2068,#2069);
#2068 = CARTESIAN_POINT('',(15.206555615734,18.793444384266));
#2069 = VECTOR('',#2070,1.);
#2070 = DIRECTION('',(-0.819231920519,-0.573462344363));
#2071 = ( GEOMETRIC_REPRESENTATION_CONTEXT(2) 
PARAMETRIC_REPRESENTATION_CONTEXT() REPRESENTATION_CONTEXT('2D SPACE',''
  ) );
#2072 = PCURVE('',#1254,#2073);
#2073 = DEFINITIONAL_REPRESENTATION('',(#2074),#2078);
#2074 = LINE('',#2075,#2076);
#2075 = CARTESIAN_POINT('',(2.22044604925E-16,2.));
#2076 = VECTOR('',#2077,1.);
#2077 = DIRECTION('',(1.,0.));
#2078 = ( GEOMETRIC_REPRESENTATION_CONTEXT(2) 
PARAMETRIC_REPRESENTATION_CONTEXT() REPRESENTATION_CONTEXT('2D SPACE',''
  ) );
#2079 = ADVANCED_FACE('',(#2080),#1254,.T.);
#2080 = FACE_BOUND('',#2081,.T.);
#2081 = EDGE_LOOP('',(#2082,#2083,#2104,#2105));
#2082 = ORIENTED_EDGE('',*,*,#1815,.F.);
#2083 = ORIENTED_EDGE('',*,*,#2084,.T.);
#2084 = EDGE_CURVE('',#1816,#1209,#2085,.T.);
#2085 = SURFACE_CURVE('',#2086,(#2090,#2097),.PCURVE_S1.);
#2086 = LINE('',#2087,#2088);
#2087 = CARTESIAN_POINT('',(-52.3259018078,-49.49747468305,1.383E+03));
#2088 = VECTOR('',#2089,1.);
#2089 = DIRECTION('',(0.405499112454,0.405499112454,-0.819231920519));
#2090 = PCURVE('',#1254,#2091);
#2091 = DEFINITIONAL_REPRESENTATION('',(#2092),#2096);
#2092 = LINE('',#2093,#2094);
#2093 = CARTESIAN_POINT('',(-2.22044604925E-16,-2.));
#2094 = VECTOR('',#2095,1.);
#2095 = DIRECTION('',(1.,0.));
#2096 = ( GEOMETRIC_REPRESENTATION_CONTEXT(2) 
PARAMETRIC_REPRESENTATION_CONTEXT() REPRESENTATION_CONTEXT('2D SPACE',''
  ) );
#2097 = PCURVE('',#1223,#2098);
#2098 = DEFINITIONAL_REPRESENTATION('',(#2099),#2103);
#2099 = LINE('',#2100,#2101);
#2100 = CARTESIAN_POINT('',(15.206555615734,18.793444384266));
#2101 = VECTOR('',#2102,1.);
#2102 = DIRECTION('',(-0.819231920519,-0.573462344363));
#2103 = ( GEOMETRIC_REPRESENTATION_CONTEXT(2) 
PARAMETRIC_REPRESENTATION_CONTEXT() REPRESENTATION_CONTEXT('2D SPACE',''
  ) );
#2104 = ORIENTED_EDGE('',*,*,#1234,.F.);
#2105 = ORIENTED_EDGE('',*,*,#2059,.F.);
#2106 = ADVANCED_FACE('',(#2107),#1223,.F.);
#2107 = FACE_BOUND('',#2108,.F.);
#2108 = EDGE_LOOP('',(#2109,#2110,#2111));
#2109 = ORIENTED_EDGE('',*,*,#1208,.F.);
#2110 = ORIENTED_EDGE('',*,*,#1838,.T.);
#2111 = ORIENTED_EDGE('',*,*,#2084,.T.);
#2112 = ADVANCED_FACE('',(#2113),#1173,.T.);
#2113 = FACE_BOUND('',#2114,.T.);
#2114 = EDGE_LOOP('',(#2115,#2116,#2117));
#2115 = ORIENTED_EDGE('',*,*,#1158,.F.);
#2116 = ORIENTED_EDGE('',*,*,#1860,.T.);
#2117 = ORIENTED_EDGE('',*,*,#2118,.T.);
#2118 = EDGE_CURVE('',#1861,#1127,#2119,.T.);
#2119 = SURFACE_CURVE('',#2120,(#2124,#2131),.PCURVE_S1.);
#2120 = LINE('',#2121,#2122);
#2121 = CARTESIAN_POINT('',(-52.3259018078,49.497474683058,1.383E+03));
#2122 = VECTOR('',#2123,1.);
#2123 = DIRECTION('',(0.405499112454,-0.405499112454,-0.819231920519));
#2124 = PCURVE('',#1173,#2125);
#2125 = DEFINITIONAL_REPRESENTATION('',(#2126),#2130);
#2126 = LINE('',#2127,#2128);
#2127 = CARTESIAN_POINT('',(15.206555615734,18.793444384266));
#2128 = VECTOR('',#2129,1.);
#2129 = DIRECTION('',(-0.819231920519,-0.573462344363));
#2130 = ( GEOMETRIC_REPRESENTATION_CONTEXT(2) 
PARAMETRIC_REPRESENTATION_CONTEXT() REPRESENTATION_CONTEXT('2D SPACE',''
  ) );
#2131 = PCURVE('',#1146,#2132);
#2132 = DEFINITIONAL_REPRESENTATION('',(#2133),#2137);
#2133 = LINE('',#2134,#2135);
#2134 = CARTESIAN_POINT('',(1.110223024625E-16,2.));
#2135 = VECTOR('',#2136,1.);
#2136 = DIRECTION('',(1.,0.));
#2137 = ( GEOMETRIC_REPRESENTATION_CONTEXT(2) 
PARAMETRIC_REPRESENTATION_CONTEXT() REPRESENTATION_CONTEXT('2D SPACE',''
  ) );
#2138 = ADVANCED_FACE('',(#2139),#1146,.T.);
#2139 = FACE_BOUND('',#2140,.T.);
#2140 = EDGE_LOOP('',(#2141,#2142,#2163,#2164));
#2141 = ORIENTED_EDGE('',*,*,#1883,.F.);
#2142 = ORIENTED_EDGE('',*,*,#2143,.T.);
#2143 = EDGE_CURVE('',#1884,#1101,#2144,.T.);
#2144 = SURFACE_CURVE('',#2145,(#2149,#2156),.PCURVE_S1.);
#2145 = LINE('',#2146,#2147);
#2146 = CARTESIAN_POINT('',(-49.49747468305,52.325901807805,1.383E+03));
#2147 = VECTOR('',#2148,1.);
#2148 = DIRECTION('',(0.405499112454,-0.405499112454,-0.819231920519));
#2149 = PCURVE('',#1146,#2150);
#2150 = DEFINITIONAL_REPRESENTATION('',(#2151),#2155);
#2151 = LINE('',#2152,#2153);
#2152 = CARTESIAN_POINT('',(-1.110223024625E-16,-2.));
#2153 = VECTOR('',#2154,1.);
#2154 = DIRECTION('',(1.,0.));
#2155 = ( GEOMETRIC_REPRESENTATION_CONTEXT(2) 
PARAMETRIC_REPRESENTATION_CONTEXT() REPRESENTATION_CONTEXT('2D SPACE',''
  ) );
#2156 = PCURVE('',#1115,#2157);
#2157 = DEFINITIONAL_REPRESENTATION('',(#2158),#2162);
#2158 = LINE('',#2159,#2160);
#2159 = CARTESIAN_POINT('',(15.206555615734,18.793444384266));
#2160 = VECTOR('',#2161,1.);
#2161 = DIRECTION('',(-0.819231920519,-0.573462344363));
#2162 = ( GEOMETRIC_REPRESENTATION_CONTEXT(2) 
PARAMETRIC_REPRESENTATION_CONTEXT() REPRESENTATION_CONTEXT('2D SPACE',''
  ) );
#2163 = ORIENTED_EDGE('',*,*,#1126,.F.);
#2164 = ORIENTED_EDGE('',*,*,#2118,.F.);
#2165 = ADVANCED_FACE('',(#2166),#1115,.F.);
#2166 = FACE_BOUND('',#2167,.F.);
#2167 = EDGE_LOOP('',(#2168,#2169,#2170));
#2168 = ORIENTED_EDGE('',*,*,#1100,.F.);
#2169 = ORIENTED_EDGE('',*,*,#1906,.T.);
#2170 = ORIENTED_EDGE('',*,*,#2143,.T.);
#2171 = ADVANCED_FACE('',(#2172),#1065,.T.);
#2172 = FACE_BOUND('',#2173,.T.);
#2173 = EDGE_LOOP('',(#2174,#2175,#2176));
#2174 = ORIENTED_EDGE('',*,*,#1050,.F.);
#2175 = ORIENTED_EDGE('',*,*,#1928,.T.);
#2176 = ORIENTED_EDGE('',*,*,#2177,.T.);
#2177 = EDGE_CURVE('',#1929,#1019,#2178,.T.);
#2178 = SURFACE_CURVE('',#2179,(#2183,#2190),.PCURVE_S1.);
#2179 = LINE('',#2180,#2181);
#2180 = CARTESIAN_POINT('',(49.497474683058,52.325901807805,1.383E+03));
#2181 = VECTOR('',#2182,1.);
#2182 = DIRECTION('',(-0.405499112454,-0.405499112454,-0.819231920519));
#2183 = PCURVE('',#1065,#2184);
#2184 = DEFINITIONAL_REPRESENTATION('',(#2185),#2189);
#2185 = LINE('',#2186,#2187);
#2186 = CARTESIAN_POINT('',(15.206555615734,18.793444384266));
#2187 = VECTOR('',#2188,1.);
#2188 = DIRECTION('',(-0.819231920519,-0.573462344363));
#2189 = ( GEOMETRIC_REPRESENTATION_CONTEXT(2) 
PARAMETRIC_REPRESENTATION_CONTEXT() REPRESENTATION_CONTEXT('2D SPACE',''
  ) );
#2190 = PCURVE('',#1038,#2191);
#2191 = DEFINITIONAL_REPRESENTATION('',(#2192),#2196);
#2192 = LINE('',#2193,#2194);
#2193 = CARTESIAN_POINT('',(1.110223024625E-16,2.));
#2194 = VECTOR('',#2195,1.);
#2195 = DIRECTION('',(1.,0.));
#2196 = ( GEOMETRIC_REPRESENTATION_CONTEXT(2) 
PARAMETRIC_REPRESENTATION_CONTEXT() REPRESENTATION_CONTEXT('2D SPACE',''
  ) );
#2197 = ADVANCED_FACE('',(#2198),#1038,.T.);
#2198 = FACE_BOUND('',#2199,.T.);
#2199 = EDGE_LOOP('',(#2200,#2201,#2222,#2223));
#2200 = ORIENTED_EDGE('',*,*,#1951,.F.);
#2201 = ORIENTED_EDGE('',*,*,#2202,.T.);
#2202 = EDGE_CURVE('',#1952,#993,#2203,.T.);
#2203 = SURFACE_CURVE('',#2204,(#2208,#2215),.PCURVE_S1.);
#2204 = LINE('',#2205,#2206);
#2205 = CARTESIAN_POINT('',(52.325901807805,49.497474683058,1.383E+03));
#2206 = VECTOR('',#2207,1.);
#2207 = DIRECTION('',(-0.405499112454,-0.405499112454,-0.819231920519));
#2208 = PCURVE('',#1038,#2209);
#2209 = DEFINITIONAL_REPRESENTATION('',(#2210),#2214);
#2210 = LINE('',#2211,#2212);
#2211 = CARTESIAN_POINT('',(-1.110223024625E-16,-2.));
#2212 = VECTOR('',#2213,1.);
#2213 = DIRECTION('',(1.,0.));
#2214 = ( GEOMETRIC_REPRESENTATION_CONTEXT(2) 
PARAMETRIC_REPRESENTATION_CONTEXT() REPRESENTATION_CONTEXT('2D SPACE',''
  ) );
#2215 = PCURVE('',#1007,#2216);
#2216 = DEFINITIONAL_REPRESENTATION('',(#2217),#2221);
#2217 = LINE('',#2218,#2219);
#2218 = CARTESIAN_POINT('',(15.206555615734,18.793444384266));
#2219 = VECTOR('',#2220,1.);
#2220 = DIRECTION('',(-0.819231920519,-0.573462344363));
#2221 = ( GEOMETRIC_REPRESENTATION_CONTEXT(2) 
PARAMETRIC_REPRESENTATION_CONTEXT() REPRESENTATION_CONTEXT('2D SPACE',''
  ) );
#2222 = ORIENTED_EDGE('',*,*,#1018,.F.);
#2223 = ORIENTED_EDGE('',*,*,#2177,.F.);
#2224 = ADVANCED_FACE('',(#2225),#1007,.F.);
#2225 = FACE_BOUND('',#2226,.F.);
#2226 = EDGE_LOOP('',(#2227,#2228,#2229));
#2227 = ORIENTED_EDGE('',*,*,#992,.F.);
#2228 = ORIENTED_EDGE('',*,*,#1974,.T.);
#2229 = ORIENTED_EDGE('',*,*,#2202,.T.);
#2230 = ADVANCED_FACE('',(#2231),#1678,.T.);
#2231 = FACE_BOUND('',#2232,.F.);
#2232 = EDGE_LOOP('',(#2233,#2254,#2255,#2256));
#2233 = ORIENTED_EDGE('',*,*,#2234,.T.);
#2234 = EDGE_CURVE('',#1697,#1662,#2235,.T.);
#2235 = SEAM_CURVE('',#2236,(#2240,#2247),.PCURVE_S1.);
#2236 = LINE('',#2237,#2238);
#2237 = CARTESIAN_POINT('',(75.,0.,1.383E+03));
#2238 = VECTOR('',#2239,1.);
#2239 = DIRECTION('',(0.,0.,1.));
#2240 = PCURVE('',#1678,#2241);
#2241 = DEFINITIONAL_REPRESENTATION('',(#2242),#2246);
#2242 = LINE('',#2243,#2244);
#2243 = CARTESIAN_POINT('',(-0.,0.));
#2244 = VECTOR('',#2245,1.);
#2245 = DIRECTION('',(-0.,-1.));
#2246 = ( GEOMETRIC_REPRESENTATION_CONTEXT(2) 
PARAMETRIC_REPRESENTATION_CONTEXT() REPRESENTATION_CONTEXT('2D SPACE',''
  ) );
#2247 = PCURVE('',#1678,#2248);
#2248 = DEFINITIONAL_REPRESENTATION('',(#2249),#2253);
#2249 = LINE('',#2250,#2251);
#2250 = CARTESIAN_POINT('',(-6.28318530718,0.));
#2251 = VECTOR('',#2252,1.);
#2252 = DIRECTION('',(-0.,-1.));
#2253 = ( GEOMETRIC_REPRESENTATION_CONTEXT(2) 
PARAMETRIC_REPRESENTATION_CONTEXT() REPRESENTATION_CONTEXT('2D SPACE',''
  ) );
#2254 = ORIENTED_EDGE('',*,*,#1661,.T.);
#2255 = ORIENTED_EDGE('',*,*,#2234,.F.);
#2256 = ORIENTED_EDGE('',*,*,#1696,.F.);
#2257 = ( GEOMETRIC_REPRESENTATION_CONTEXT(3) 
GLOBAL_UNCERTAINTY_ASSIGNED_CONTEXT((#2261)) 
GLOBAL_UNIT_ASSIGNED_CONTEXT((#2258,#2259,#2260)) REPRESENTATION_CONTEXT
('Context #1','3D Context with UNIT and UNCERTAINTY') );
#2258 = ( LENGTH_UNIT() NAMED_UNIT(*) SI_UNIT(.MILLI.,.METRE.) );
#2259 = ( NAMED_UNIT(*) PLANE_ANGLE_UNIT() SI_UNIT($,.RADIAN.) );
#2260 = ( NAMED_UNIT(*) SI_UNIT($,.STERADIAN.) SOLID_ANGLE_UNIT() );
#2261 = UNCERTAINTY_MEASURE_WITH_UNIT(LENGTH_MEASURE(1.E-07),#2258,
  'distance_accuracy_value','confusion accuracy');
#2262 = PRODUCT_RELATED_PRODUCT_CATEGORY('part',$,(#7));
ENDSEC;
END-ISO-10303-21;
