ISO-10303-21;
HEADER;
FILE_DESCRIPTION(('Open CASCADE Model'),'2;1');
FILE_NAME('Open CASCADE Shape Model','2026-09-30T14:08:47',('Author'),(
    'Open CASCADE'),'Open CASCADE STEP processor 7.9','Open CASCADE 7.9'
  ,'Unknown');
FILE_SCHEMA(('AUTOMOTIVE_DESIGN { 1 0 10303 214 1 1 1 1 }'));
ENDSEC;
DATA;
#1 = APPLICATION_PROTOCOL_DEFINITION('international standard',
  'automotive_design',2000,#2);
#2 = APPLICATION_CONTEXT(
  'core data for automotive mechanical design processes');
#3 = SHAPE_DEFINITION_REPRESENTATION(#4,#10);
#4 = PRODUCT_DEFINITION_SHAPE('','',#5);
#5 = PRODUCT_DEFINITION('design','',#6,#9);
#6 = PRODUCT_DEFINITION_FORMATION('','',#7);
#7 = PRODUCT('Open CASCADE STEP translator 7.9 22',
  'Open CASCADE STEP translator 7.9 22','',(#8));
#8 = PRODUCT_CONTEXT('',#2,'mechanical');
#9 = PRODUCT_DEFINITION_CONTEXT('part definition',#2,'design');
#10 = ADVANCED_BREP_SHAPE_REPRESENTATION('',(#11,#15),#13169);
#11 = AXIS2_PLACEMENT_3D('',#12,#13,#14);
#12 = CARTESIAN_POINT('',(0.,0.,0.));
#13 = DIRECTION('',(0.,0.,1.));
#14 = DIRECTION('',(1.,0.,-0.));
#15 = MANIFOLD_SOLID_BREP('',#16);
#16 = CLOSED_SHELL('',(#17,#145,#221,#321,#5343,#9274,#9301,#9328,#9355,
    #9382,#9409,#9436,#9463,#9490,#9517,#9544,#9571,#9598,#9625,#9652,
    #9679,#9706,#9733,#9760,#9787,#9814,#9841,#9868,#9895,#9922,#9949,
    #9976,#10003,#10030,#10057,#10084,#10111,#10138,#10165,#10192,#10219
    ,#10246,#10273,#10300,#10327,#10354,#10381,#10408,#10435,#10462,
    #10489,#10516,#10543,#10570,#10597,#10624,#10651,#10678,#10705,
    #10732,#10759,#10786,#10813,#10840,#10867,#10894,#10921,#10948,
    #10975,#11002,#11029,#11056,#11083,#11110,#11137,#11164,#11191,
    #11218,#11245,#11272,#11299,#11326,#11353,#11380,#11407,#11434,
    #11461,#11488,#11515,#11542,#11569,#11596,#11623,#11650,#11677,
    #11704,#11731,#11758,#11785,#11812,#11839,#11866,#11893,#11920,
    #11947,#11974,#12001,#12028,#12055,#12082,#12109,#12136,#12163,
    #12190,#12217,#12244,#12271,#12298,#12325,#12352,#12379,#12406,
    #12433,#12460,#12487,#12514,#12541,#12568,#12595,#12622,#12649,
    #12676,#12703,#12730,#12757,#12784,#12811,#12838,#12865,#12892,
    #12919,#12946,#12973,#13000,#13027,#13054,#13061,#13088,#13115,
    #13142));
#17 = ADVANCED_FACE('',(#18),#32,.F.);
#18 = FACE_BOUND('',#19,.F.);
#19 = EDGE_LOOP('',(#20,#55,#83,#119));
#20 = ORIENTED_EDGE('',*,*,#21,.T.);
#21 = EDGE_CURVE('',#22,#24,#26,.T.);
#22 = VERTEX_POINT('',#23);
#23 = CARTESIAN_POINT('',(0.,10.717437065993,-0.83608775645));
#24 = VERTEX_POINT('',#25);
#25 = CARTESIAN_POINT('',(8.,10.717437065993,-0.83608775645));
#26 = SURFACE_CURVE('',#27,(#31,#43),.PCURVE_S1.);
#27 = LINE('',#28,#29);
#28 = CARTESIAN_POINT('',(0.,10.717437065993,-0.83608775645));
#29 = VECTOR('',#30,1.);
#30 = DIRECTION('',(1.,0.,0.));
#31 = PCURVE('',#32,#37);
#32 = PLANE('',#33);
#33 = AXIS2_PLACEMENT_3D('',#34,#35,#36);
#34 = CARTESIAN_POINT('',(0.,10.717437065993,-0.83608775645));
#35 = DIRECTION('',(-0.,7.777560525116E-02,0.99697088986));
#36 = DIRECTION('',(0.,0.99697088986,-7.777560525116E-02));
#37 = DEFINITIONAL_REPRESENTATION('',(#38),#42);
#38 = LINE('',#39,#40);
#39 = CARTESIAN_POINT('',(0.,0.));
#40 = VECTOR('',#41,1.);
#41 = DIRECTION('',(0.,-1.));
#42 = ( GEOMETRIC_REPRESENTATION_CONTEXT(2) 
PARAMETRIC_REPRESENTATION_CONTEXT() REPRESENTATION_CONTEXT('2D SPACE',''
  ) );
#43 = PCURVE('',#44,#49);
#44 = PLANE('',#45);
#45 = AXIS2_PLACEMENT_3D('',#46,#47,#48);
#46 = CARTESIAN_POINT('',(0.,10.568644688416,-1.966278070367));
#47 = DIRECTION('',(0.,-0.991444861374,0.13052619222));
#48 = DIRECTION('',(0.,0.13052619222,0.991444861374));
#49 = DEFINITIONAL_REPRESENTATION('',(#50),#54);
#50 = LINE('',#51,#52);
#51 = CARTESIAN_POINT('',(1.139942681584,0.));
#52 = VECTOR('',#53,1.);
#53 = DIRECTION('',(0.,-1.));
#54 = ( GEOMETRIC_REPRESENTATION_CONTEXT(2) 
PARAMETRIC_REPRESENTATION_CONTEXT() REPRESENTATION_CONTEXT('2D SPACE',''
  ) );
#55 = ORIENTED_EDGE('',*,*,#56,.T.);
#56 = EDGE_CURVE('',#24,#57,#59,.T.);
#57 = VERTEX_POINT('',#58);
#58 = CARTESIAN_POINT('',(8.,11.242154260075,-0.87702194798));
#59 = SURFACE_CURVE('',#60,(#64,#71),.PCURVE_S1.);
#60 = LINE('',#61,#62);
#61 = CARTESIAN_POINT('',(8.,10.717437065993,-0.83608775645));
#62 = VECTOR('',#63,1.);
#63 = DIRECTION('',(0.,0.99697088986,-7.777560525116E-02));
#64 = PCURVE('',#32,#65);
#65 = DEFINITIONAL_REPRESENTATION('',(#66),#70);
#66 = LINE('',#67,#68);
#67 = CARTESIAN_POINT('',(0.,-8.));
#68 = VECTOR('',#69,1.);
#69 = DIRECTION('',(1.,0.));
#70 = ( GEOMETRIC_REPRESENTATION_CONTEXT(2) 
PARAMETRIC_REPRESENTATION_CONTEXT() REPRESENTATION_CONTEXT('2D SPACE',''
  ) );
#71 = PCURVE('',#72,#77);
#72 = PLANE('',#73);
#73 = AXIS2_PLACEMENT_3D('',#74,#75,#76);
#74 = CARTESIAN_POINT('',(8.,-4.291701614059E-16,4.445581704826E-15));
#75 = DIRECTION('',(1.,0.,0.));
#76 = DIRECTION('',(-0.,0.,1.));
#77 = DEFINITIONAL_REPRESENTATION('',(#78),#82);
#78 = LINE('',#79,#80);
#79 = CARTESIAN_POINT('',(-0.83608775645,-10.71743706599));
#80 = VECTOR('',#81,1.);
#81 = DIRECTION('',(-7.777560525116E-02,-0.99697088986));
#82 = ( GEOMETRIC_REPRESENTATION_CONTEXT(2) 
PARAMETRIC_REPRESENTATION_CONTEXT() REPRESENTATION_CONTEXT('2D SPACE',''
  ) );
#83 = ORIENTED_EDGE('',*,*,#84,.F.);
#84 = EDGE_CURVE('',#85,#57,#87,.T.);
#85 = VERTEX_POINT('',#86);
#86 = CARTESIAN_POINT('',(0.,11.242154260075,-0.87702194798));
#87 = SURFACE_CURVE('',#88,(#92,#99),.PCURVE_S1.);
#88 = LINE('',#89,#90);
#89 = CARTESIAN_POINT('',(0.,11.242154260075,-0.87702194798));
#90 = VECTOR('',#91,1.);
#91 = DIRECTION('',(1.,0.,0.));
#92 = PCURVE('',#32,#93);
#93 = DEFINITIONAL_REPRESENTATION('',(#94),#98);
#94 = LINE('',#95,#96);
#95 = CARTESIAN_POINT('',(0.526311449431,0.));
#96 = VECTOR('',#97,1.);
#97 = DIRECTION('',(0.,-1.));
#98 = ( GEOMETRIC_REPRESENTATION_CONTEXT(2) 
PARAMETRIC_REPRESENTATION_CONTEXT() REPRESENTATION_CONTEXT('2D SPACE',''
  ) );
#99 = PCURVE('',#100,#113);
#100 = SURFACE_OF_LINEAR_EXTRUSION('',#101,#111);
#101 = B_SPLINE_CURVE_WITH_KNOTS('',3,(#102,#103,#104,#105,#106,#107,
    #108,#109,#110),.UNSPECIFIED.,.F.,.F.,(4,1,1,1,1,1,4),(0.,
    0.290524100267,0.58867032325,0.894177536695,1.207021205364,
    1.527193397443,1.854690543779),.UNSPECIFIED.);
#102 = CARTESIAN_POINT('',(0.,11.242154260075,-0.87702194798));
#103 = CARTESIAN_POINT('',(0.,11.339482402881,-0.877326208913));
#104 = CARTESIAN_POINT('',(0.,11.535244965817,-0.86157390126));
#105 = CARTESIAN_POINT('',(0.,11.827500182343,-0.799483280409));
#106 = CARTESIAN_POINT('',(0.,12.120772531006,-0.713346079538));
#107 = CARTESIAN_POINT('',(0.,12.414296758997,-0.604389421178));
#108 = CARTESIAN_POINT('',(0.,12.707380214312,-0.475139254144));
#109 = CARTESIAN_POINT('',(-0.,12.899904231146,-0.377119930223));
#110 = CARTESIAN_POINT('',(0.,12.99593082897,-0.325241277576));
#111 = VECTOR('',#112,1.);
#112 = DIRECTION('',(-1.,-0.,-0.));
#113 = DEFINITIONAL_REPRESENTATION('',(#114),#118);
#114 = LINE('',#115,#116);
#115 = CARTESIAN_POINT('',(0.,0.));
#116 = VECTOR('',#117,1.);
#117 = DIRECTION('',(0.,-1.));
#118 = ( GEOMETRIC_REPRESENTATION_CONTEXT(2) 
PARAMETRIC_REPRESENTATION_CONTEXT() REPRESENTATION_CONTEXT('2D SPACE',''
  ) );
#119 = ORIENTED_EDGE('',*,*,#120,.F.);
#120 = EDGE_CURVE('',#22,#85,#121,.T.);
#121 = SURFACE_CURVE('',#122,(#126,#133),.PCURVE_S1.);
#122 = LINE('',#123,#124);
#123 = CARTESIAN_POINT('',(0.,10.717437065993,-0.83608775645));
#124 = VECTOR('',#125,1.);
#125 = DIRECTION('',(0.,0.99697088986,-7.777560525116E-02));
#126 = PCURVE('',#32,#127);
#127 = DEFINITIONAL_REPRESENTATION('',(#128),#132);
#128 = LINE('',#129,#130);
#129 = CARTESIAN_POINT('',(0.,0.));
#130 = VECTOR('',#131,1.);
#131 = DIRECTION('',(1.,0.));
#132 = ( GEOMETRIC_REPRESENTATION_CONTEXT(2) 
PARAMETRIC_REPRESENTATION_CONTEXT() REPRESENTATION_CONTEXT('2D SPACE',''
  ) );
#133 = PCURVE('',#134,#139);
#134 = PLANE('',#135);
#135 = AXIS2_PLACEMENT_3D('',#136,#137,#138);
#136 = CARTESIAN_POINT('',(0.,-4.291701614059E-16,4.445581704826E-15));
#137 = DIRECTION('',(1.,0.,0.));
#138 = DIRECTION('',(-0.,0.,1.));
#139 = DEFINITIONAL_REPRESENTATION('',(#140),#144);
#140 = LINE('',#141,#142);
#141 = CARTESIAN_POINT('',(-0.83608775645,-10.71743706599));
#142 = VECTOR('',#143,1.);
#143 = DIRECTION('',(-7.777560525116E-02,-0.99697088986));
#144 = ( GEOMETRIC_REPRESENTATION_CONTEXT(2) 
PARAMETRIC_REPRESENTATION_CONTEXT() REPRESENTATION_CONTEXT('2D SPACE',''
  ) );
#145 = ADVANCED_FACE('',(#146),#44,.F.);
#146 = FACE_BOUND('',#147,.F.);
#147 = EDGE_LOOP('',(#148,#178,#199,#200));
#148 = ORIENTED_EDGE('',*,*,#149,.T.);
#149 = EDGE_CURVE('',#150,#152,#154,.T.);
#150 = VERTEX_POINT('',#151);
#151 = CARTESIAN_POINT('',(0.,10.568644688416,-1.966278070367));
#152 = VERTEX_POINT('',#153);
#153 = CARTESIAN_POINT('',(8.,10.568644688416,-1.966278070367));
#154 = SURFACE_CURVE('',#155,(#159,#166),.PCURVE_S1.);
#155 = LINE('',#156,#157);
#156 = CARTESIAN_POINT('',(0.,10.568644688416,-1.966278070367));
#157 = VECTOR('',#158,1.);
#158 = DIRECTION('',(1.,0.,0.));
#159 = PCURVE('',#44,#160);
#160 = DEFINITIONAL_REPRESENTATION('',(#161),#165);
#161 = LINE('',#162,#163);
#162 = CARTESIAN_POINT('',(0.,0.));
#163 = VECTOR('',#164,1.);
#164 = DIRECTION('',(0.,-1.));
#165 = ( GEOMETRIC_REPRESENTATION_CONTEXT(2) 
PARAMETRIC_REPRESENTATION_CONTEXT() REPRESENTATION_CONTEXT('2D SPACE',''
  ) );
#166 = PCURVE('',#167,#172);
#167 = PLANE('',#168);
#168 = AXIS2_PLACEMENT_3D('',#169,#170,#171);
#169 = CARTESIAN_POINT('',(0.,11.086077126042,-2.062545480712));
#170 = DIRECTION('',(0.,-0.182909587941,-0.983129738457));
#171 = DIRECTION('',(0.,-0.983129738457,0.182909587941));
#172 = DEFINITIONAL_REPRESENTATION('',(#173),#177);
#173 = LINE('',#174,#175);
#174 = CARTESIAN_POINT('',(0.526311449431,0.));
#175 = VECTOR('',#176,1.);
#176 = DIRECTION('',(0.,-1.));
#177 = ( GEOMETRIC_REPRESENTATION_CONTEXT(2) 
PARAMETRIC_REPRESENTATION_CONTEXT() REPRESENTATION_CONTEXT('2D SPACE',''
  ) );
#178 = ORIENTED_EDGE('',*,*,#179,.T.);
#179 = EDGE_CURVE('',#152,#24,#180,.T.);
#180 = SURFACE_CURVE('',#181,(#185,#192),.PCURVE_S1.);
#181 = LINE('',#182,#183);
#182 = CARTESIAN_POINT('',(8.,10.568644688416,-1.966278070367));
#183 = VECTOR('',#184,1.);
#184 = DIRECTION('',(0.,0.13052619222,0.991444861374));
#185 = PCURVE('',#44,#186);
#186 = DEFINITIONAL_REPRESENTATION('',(#187),#191);
#187 = LINE('',#188,#189);
#188 = CARTESIAN_POINT('',(0.,-8.));
#189 = VECTOR('',#190,1.);
#190 = DIRECTION('',(1.,0.));
#191 = ( GEOMETRIC_REPRESENTATION_CONTEXT(2) 
PARAMETRIC_REPRESENTATION_CONTEXT() REPRESENTATION_CONTEXT('2D SPACE',''
  ) );
#192 = PCURVE('',#72,#193);
#193 = DEFINITIONAL_REPRESENTATION('',(#194),#198);
#194 = LINE('',#195,#196);
#195 = CARTESIAN_POINT('',(-1.966278070367,-10.56864468841));
#196 = VECTOR('',#197,1.);
#197 = DIRECTION('',(0.991444861374,-0.13052619222));
#198 = ( GEOMETRIC_REPRESENTATION_CONTEXT(2) 
PARAMETRIC_REPRESENTATION_CONTEXT() REPRESENTATION_CONTEXT('2D SPACE',''
  ) );
#199 = ORIENTED_EDGE('',*,*,#21,.F.);
#200 = ORIENTED_EDGE('',*,*,#201,.F.);
#201 = EDGE_CURVE('',#150,#22,#202,.T.);
#202 = SURFACE_CURVE('',#203,(#207,#214),.PCURVE_S1.);
#203 = LINE('',#204,#205);
#204 = CARTESIAN_POINT('',(0.,10.568644688416,-1.966278070367));
#205 = VECTOR('',#206,1.);
#206 = DIRECTION('',(0.,0.13052619222,0.991444861374));
#207 = PCURVE('',#44,#208);
#208 = DEFINITIONAL_REPRESENTATION('',(#209),#213);
#209 = LINE('',#210,#211);
#210 = CARTESIAN_POINT('',(0.,0.));
#211 = VECTOR('',#212,1.);
#212 = DIRECTION('',(1.,0.));
#213 = ( GEOMETRIC_REPRESENTATION_CONTEXT(2) 
PARAMETRIC_REPRESENTATION_CONTEXT() REPRESENTATION_CONTEXT('2D SPACE',''
  ) );
#214 = PCURVE('',#134,#215);
#215 = DEFINITIONAL_REPRESENTATION('',(#216),#220);
#216 = LINE('',#217,#218);
#217 = CARTESIAN_POINT('',(-1.966278070367,-10.56864468841));
#218 = VECTOR('',#219,1.);
#219 = DIRECTION('',(0.991444861374,-0.13052619222));
#220 = ( GEOMETRIC_REPRESENTATION_CONTEXT(2) 
PARAMETRIC_REPRESENTATION_CONTEXT() REPRESENTATION_CONTEXT('2D SPACE',''
  ) );
#221 = ADVANCED_FACE('',(#222),#100,.F.);
#222 = FACE_BOUND('',#223,.F.);
#223 = EDGE_LOOP('',(#224,#225,#260,#288));
#224 = ORIENTED_EDGE('',*,*,#84,.T.);
#225 = ORIENTED_EDGE('',*,*,#226,.T.);
#226 = EDGE_CURVE('',#57,#227,#229,.T.);
#227 = VERTEX_POINT('',#228);
#228 = CARTESIAN_POINT('',(8.,12.99593082897,-0.325241277576));
#229 = SURFACE_CURVE('',#230,(#240,#247),.PCURVE_S1.);
#230 = B_SPLINE_CURVE_WITH_KNOTS('',3,(#231,#232,#233,#234,#235,#236,
    #237,#238,#239),.UNSPECIFIED.,.F.,.F.,(4,1,1,1,1,1,4),(0.,
    0.290524100267,0.58867032325,0.894177536695,1.207021205364,
    1.527193397443,1.854690543779),.UNSPECIFIED.);
#231 = CARTESIAN_POINT('',(8.,11.242154260075,-0.87702194798));
#232 = CARTESIAN_POINT('',(8.,11.339482402881,-0.877326208913));
#233 = CARTESIAN_POINT('',(8.,11.535244965817,-0.86157390126));
#234 = CARTESIAN_POINT('',(8.,11.827500182343,-0.799483280409));
#235 = CARTESIAN_POINT('',(8.,12.120772531006,-0.713346079538));
#236 = CARTESIAN_POINT('',(8.,12.414296758997,-0.604389421178));
#237 = CARTESIAN_POINT('',(8.,12.707380214312,-0.475139254144));
#238 = CARTESIAN_POINT('',(8.,12.899904231146,-0.377119930223));
#239 = CARTESIAN_POINT('',(8.,12.99593082897,-0.325241277576));
#240 = PCURVE('',#100,#241);
#241 = DEFINITIONAL_REPRESENTATION('',(#242),#246);
#242 = LINE('',#243,#244);
#243 = CARTESIAN_POINT('',(0.,-8.));
#244 = VECTOR('',#245,1.);
#245 = DIRECTION('',(1.,0.));
#246 = ( GEOMETRIC_REPRESENTATION_CONTEXT(2) 
PARAMETRIC_REPRESENTATION_CONTEXT() REPRESENTATION_CONTEXT('2D SPACE',''
  ) );
#247 = PCURVE('',#72,#248);
#248 = DEFINITIONAL_REPRESENTATION('',(#249),#259);
#249 = B_SPLINE_CURVE_WITH_KNOTS('',3,(#250,#251,#252,#253,#254,#255,
    #256,#257,#258),.UNSPECIFIED.,.F.,.F.,(4,1,1,1,1,1,4),(0.,
    0.290524100267,0.58867032325,0.894177536695,1.207021205364,
    1.527193397443,1.854690543779),.UNSPECIFIED.);
#250 = CARTESIAN_POINT('',(-0.87702194798,-11.24215426007));
#251 = CARTESIAN_POINT('',(-0.877326208913,-11.33948240288));
#252 = CARTESIAN_POINT('',(-0.86157390126,-11.53524496581));
#253 = CARTESIAN_POINT('',(-0.799483280409,-11.82750018234));
#254 = CARTESIAN_POINT('',(-0.713346079538,-12.120772531));
#255 = CARTESIAN_POINT('',(-0.604389421178,-12.41429675899));
#256 = CARTESIAN_POINT('',(-0.475139254144,-12.70738021431));
#257 = CARTESIAN_POINT('',(-0.377119930223,-12.89990423114));
#258 = CARTESIAN_POINT('',(-0.325241277576,-12.99593082897));
#259 = ( GEOMETRIC_REPRESENTATION_CONTEXT(2) 
PARAMETRIC_REPRESENTATION_CONTEXT() REPRESENTATION_CONTEXT('2D SPACE',''
  ) );
#260 = ORIENTED_EDGE('',*,*,#261,.F.);
#261 = EDGE_CURVE('',#262,#227,#264,.T.);
#262 = VERTEX_POINT('',#263);
#263 = CARTESIAN_POINT('',(0.,12.99593082897,-0.325241277576));
#264 = SURFACE_CURVE('',#265,(#269,#276),.PCURVE_S1.);
#265 = LINE('',#266,#267);
#266 = CARTESIAN_POINT('',(0.,12.99593082897,-0.325241277576));
#267 = VECTOR('',#268,1.);
#268 = DIRECTION('',(1.,0.,0.));
#269 = PCURVE('',#100,#270);
#270 = DEFINITIONAL_REPRESENTATION('',(#271),#275);
#271 = LINE('',#272,#273);
#272 = CARTESIAN_POINT('',(1.854690543779,0.));
#273 = VECTOR('',#274,1.);
#274 = DIRECTION('',(0.,-1.));
#275 = ( GEOMETRIC_REPRESENTATION_CONTEXT(2) 
PARAMETRIC_REPRESENTATION_CONTEXT() REPRESENTATION_CONTEXT('2D SPACE',''
  ) );
#276 = PCURVE('',#277,#282);
#277 = PLANE('',#278);
#278 = AXIS2_PLACEMENT_3D('',#279,#280,#281);
#279 = CARTESIAN_POINT('',(0.,12.99593082897,-0.325241277576));
#280 = DIRECTION('',(0.,-1.,0.));
#281 = DIRECTION('',(0.,0.,1.));
#282 = DEFINITIONAL_REPRESENTATION('',(#283),#287);
#283 = LINE('',#284,#285);
#284 = CARTESIAN_POINT('',(0.,0.));
#285 = VECTOR('',#286,1.);
#286 = DIRECTION('',(0.,-1.));
#287 = ( GEOMETRIC_REPRESENTATION_CONTEXT(2) 
PARAMETRIC_REPRESENTATION_CONTEXT() REPRESENTATION_CONTEXT('2D SPACE',''
  ) );
#288 = ORIENTED_EDGE('',*,*,#289,.F.);
#289 = EDGE_CURVE('',#85,#262,#290,.T.);
#290 = SURFACE_CURVE('',#291,(#301,#308),.PCURVE_S1.);
#291 = B_SPLINE_CURVE_WITH_KNOTS('',3,(#292,#293,#294,#295,#296,#297,
    #298,#299,#300),.UNSPECIFIED.,.F.,.F.,(4,1,1,1,1,1,4),(0.,
    0.290524100267,0.58867032325,0.894177536695,1.207021205364,
    1.527193397443,1.854690543779),.UNSPECIFIED.);
#292 = CARTESIAN_POINT('',(0.,11.242154260075,-0.87702194798));
#293 = CARTESIAN_POINT('',(0.,11.339482402881,-0.877326208913));
#294 = CARTESIAN_POINT('',(0.,11.535244965817,-0.86157390126));
#295 = CARTESIAN_POINT('',(0.,11.827500182343,-0.799483280409));
#296 = CARTESIAN_POINT('',(0.,12.120772531006,-0.713346079538));
#297 = CARTESIAN_POINT('',(0.,12.414296758997,-0.604389421178));
#298 = CARTESIAN_POINT('',(0.,12.707380214312,-0.475139254144));
#299 = CARTESIAN_POINT('',(-0.,12.899904231146,-0.377119930223));
#300 = CARTESIAN_POINT('',(0.,12.99593082897,-0.325241277576));
#301 = PCURVE('',#100,#302);
#302 = DEFINITIONAL_REPRESENTATION('',(#303),#307);
#303 = LINE('',#304,#305);
#304 = CARTESIAN_POINT('',(0.,0.));
#305 = VECTOR('',#306,1.);
#306 = DIRECTION('',(1.,0.));
#307 = ( GEOMETRIC_REPRESENTATION_CONTEXT(2) 
PARAMETRIC_REPRESENTATION_CONTEXT() REPRESENTATION_CONTEXT('2D SPACE',''
  ) );
#308 = PCURVE('',#134,#309);
#309 = DEFINITIONAL_REPRESENTATION('',(#310),#320);
#310 = B_SPLINE_CURVE_WITH_KNOTS('',3,(#311,#312,#313,#314,#315,#316,
    #317,#318,#319),.UNSPECIFIED.,.F.,.F.,(4,1,1,1,1,1,4),(0.,
    0.290524100267,0.58867032325,0.894177536695,1.207021205364,
    1.527193397443,1.854690543779),.UNSPECIFIED.);
#311 = CARTESIAN_POINT('',(-0.87702194798,-11.24215426007));
#312 = CARTESIAN_POINT('',(-0.877326208913,-11.33948240288));
#313 = CARTESIAN_POINT('',(-0.86157390126,-11.53524496581));
#314 = CARTESIAN_POINT('',(-0.799483280409,-11.82750018234));
#315 = CARTESIAN_POINT('',(-0.713346079538,-12.120772531));
#316 = CARTESIAN_POINT('',(-0.604389421178,-12.41429675899));
#317 = CARTESIAN_POINT('',(-0.475139254144,-12.70738021431));
#318 = CARTESIAN_POINT('',(-0.377119930223,-12.89990423114));
#319 = CARTESIAN_POINT('',(-0.325241277576,-12.99593082897));
#320 = ( GEOMETRIC_REPRESENTATION_CONTEXT(2) 
PARAMETRIC_REPRESENTATION_CONTEXT() REPRESENTATION_CONTEXT('2D SPACE',''
  ) );
#321 = ADVANCED_FACE('',(#322,#5203,#5238,#5273,#5308),#134,.F.);
#322 = FACE_BOUND('',#323,.F.);
#323 = EDGE_LOOP('',(#324,#325,#326,#349,#397,#425,#453,#481,#529,#557,
    #605,#633,#661,#689,#737,#765,#813,#841,#869,#897,#945,#973,#1021,
    #1049,#1077,#1105,#1153,#1181,#1229,#1257,#1285,#1313,#1361,#1389,
    #1437,#1465,#1493,#1521,#1569,#1597,#1645,#1673,#1701,#1729,#1777,
    #1805,#1853,#1881,#1909,#1937,#1985,#2013,#2061,#2089,#2117,#2145,
    #2193,#2221,#2269,#2297,#2325,#2353,#2401,#2429,#2477,#2505,#2533,
    #2561,#2609,#2637,#2685,#2713,#2741,#2769,#2817,#2845,#2893,#2921,
    #2949,#2977,#3025,#3053,#3101,#3129,#3157,#3185,#3233,#3261,#3309,
    #3337,#3365,#3393,#3441,#3469,#3517,#3545,#3573,#3601,#3649,#3677,
    #3725,#3753,#3781,#3809,#3857,#3885,#3933,#3961,#3989,#4017,#4065,
    #4093,#4141,#4169,#4197,#4225,#4273,#4301,#4349,#4377,#4405,#4433,
    #4481,#4509,#4557,#4585,#4613,#4641,#4689,#4717,#4765,#4793,#4821,
    #4849,#4897,#4925,#4973,#5001,#5029,#5057,#5105,#5133,#5181,#5202));
#324 = ORIENTED_EDGE('',*,*,#120,.T.);
#325 = ORIENTED_EDGE('',*,*,#289,.T.);
#326 = ORIENTED_EDGE('',*,*,#327,.T.);
#327 = EDGE_CURVE('',#262,#328,#330,.T.);
#328 = VERTEX_POINT('',#329);
#329 = CARTESIAN_POINT('',(0.,12.99593082897,0.325241277576));
#330 = SURFACE_CURVE('',#331,(#335,#342),.PCURVE_S1.);
#331 = LINE('',#332,#333);
#332 = CARTESIAN_POINT('',(0.,12.99593082897,-0.325241277576));
#333 = VECTOR('',#334,1.);
#334 = DIRECTION('',(0.,0.,1.));
#335 = PCURVE('',#134,#336);
#336 = DEFINITIONAL_REPRESENTATION('',(#337),#341);
#337 = LINE('',#338,#339);
#338 = CARTESIAN_POINT('',(-0.325241277576,-12.99593082897));
#339 = VECTOR('',#340,1.);
#340 = DIRECTION('',(1.,0.));
#341 = ( GEOMETRIC_REPRESENTATION_CONTEXT(2) 
PARAMETRIC_REPRESENTATION_CONTEXT() REPRESENTATION_CONTEXT('2D SPACE',''
  ) );
#342 = PCURVE('',#277,#343);
#343 = DEFINITIONAL_REPRESENTATION('',(#344),#348);
#344 = LINE('',#345,#346);
#345 = CARTESIAN_POINT('',(0.,0.));
#346 = VECTOR('',#347,1.);
#347 = DIRECTION('',(1.,0.));
#348 = ( GEOMETRIC_REPRESENTATION_CONTEXT(2) 
PARAMETRIC_REPRESENTATION_CONTEXT() REPRESENTATION_CONTEXT('2D SPACE',''
  ) );
#349 = ORIENTED_EDGE('',*,*,#350,.T.);
#350 = EDGE_CURVE('',#328,#351,#353,.T.);
#351 = VERTEX_POINT('',#352);
#352 = CARTESIAN_POINT('',(0.,11.242154260075,0.87702194798));
#353 = SURFACE_CURVE('',#354,(#364,#377),.PCURVE_S1.);
#354 = B_SPLINE_CURVE_WITH_KNOTS('',3,(#355,#356,#357,#358,#359,#360,
    #361,#362,#363),.UNSPECIFIED.,.F.,.F.,(4,1,1,1,1,1,4),(0.,
    0.327497146337,0.647669338415,0.960513007084,1.266020220529,
    1.564166443513,1.854690543779),.UNSPECIFIED.);
#355 = CARTESIAN_POINT('',(0.,12.99593082897,0.325241277576));
#356 = CARTESIAN_POINT('',(0.,12.899904231146,0.377119930223));
#357 = CARTESIAN_POINT('',(0.,12.707380214312,0.475139254144));
#358 = CARTESIAN_POINT('',(0.,12.414296758997,0.604389421178));
#359 = CARTESIAN_POINT('',(0.,12.120772531006,0.713346079538));
#360 = CARTESIAN_POINT('',(0.,11.827500182343,0.799483280409));
#361 = CARTESIAN_POINT('',(0.,11.535244965817,0.86157390126));
#362 = CARTESIAN_POINT('',(-0.,11.339482402881,0.877326208913));
#363 = CARTESIAN_POINT('',(0.,11.242154260075,0.87702194798));
#364 = PCURVE('',#134,#365);
#365 = DEFINITIONAL_REPRESENTATION('',(#366),#376);
#366 = B_SPLINE_CURVE_WITH_KNOTS('',3,(#367,#368,#369,#370,#371,#372,
    #373,#374,#375),.UNSPECIFIED.,.F.,.F.,(4,1,1,1,1,1,4),(0.,
    0.327497146337,0.647669338415,0.960513007084,1.266020220529,
    1.564166443513,1.854690543779),.UNSPECIFIED.);
#367 = CARTESIAN_POINT('',(0.325241277576,-12.99593082897));
#368 = CARTESIAN_POINT('',(0.377119930223,-12.89990423114));
#369 = CARTESIAN_POINT('',(0.475139254144,-12.70738021431));
#370 = CARTESIAN_POINT('',(0.604389421178,-12.41429675899));
#371 = CARTESIAN_POINT('',(0.713346079538,-12.120772531));
#372 = CARTESIAN_POINT('',(0.799483280409,-11.82750018234));
#373 = CARTESIAN_POINT('',(0.86157390126,-11.53524496581));
#374 = CARTESIAN_POINT('',(0.877326208913,-11.33948240288));
#375 = CARTESIAN_POINT('',(0.87702194798,-11.24215426007));
#376 = ( GEOMETRIC_REPRESENTATION_CONTEXT(2) 
PARAMETRIC_REPRESENTATION_CONTEXT() REPRESENTATION_CONTEXT('2D SPACE',''
  ) );
#377 = PCURVE('',#378,#391);
#378 = SURFACE_OF_LINEAR_EXTRUSION('',#379,#389);
#379 = B_SPLINE_CURVE_WITH_KNOTS('',3,(#380,#381,#382,#383,#384,#385,
    #386,#387,#388),.UNSPECIFIED.,.F.,.F.,(4,1,1,1,1,1,4),(0.,
    0.327497146337,0.647669338415,0.960513007084,1.266020220529,
    1.564166443513,1.854690543779),.UNSPECIFIED.);
#380 = CARTESIAN_POINT('',(0.,12.99593082897,0.325241277576));
#381 = CARTESIAN_POINT('',(0.,12.899904231146,0.377119930223));
#382 = CARTESIAN_POINT('',(0.,12.707380214312,0.475139254144));
#383 = CARTESIAN_POINT('',(0.,12.414296758997,0.604389421178));
#384 = CARTESIAN_POINT('',(0.,12.120772531006,0.713346079538));
#385 = CARTESIAN_POINT('',(0.,11.827500182343,0.799483280409));
#386 = CARTESIAN_POINT('',(0.,11.535244965817,0.86157390126));
#387 = CARTESIAN_POINT('',(-0.,11.339482402881,0.877326208913));
#388 = CARTESIAN_POINT('',(0.,11.242154260075,0.87702194798));
#389 = VECTOR('',#390,1.);
#390 = DIRECTION('',(-1.,-0.,-0.));
#391 = DEFINITIONAL_REPRESENTATION('',(#392),#396);
#392 = LINE('',#393,#394);
#393 = CARTESIAN_POINT('',(0.,0.));
#394 = VECTOR('',#395,1.);
#395 = DIRECTION('',(1.,0.));
#396 = ( GEOMETRIC_REPRESENTATION_CONTEXT(2) 
PARAMETRIC_REPRESENTATION_CONTEXT() REPRESENTATION_CONTEXT('2D SPACE',''
  ) );
#397 = ORIENTED_EDGE('',*,*,#398,.T.);
#398 = EDGE_CURVE('',#351,#399,#401,.T.);
#399 = VERTEX_POINT('',#400);
#400 = CARTESIAN_POINT('',(0.,10.717437065993,0.83608775645));
#401 = SURFACE_CURVE('',#402,(#406,#413),.PCURVE_S1.);
#402 = LINE('',#403,#404);
#403 = CARTESIAN_POINT('',(0.,11.242154260075,0.87702194798));
#404 = VECTOR('',#405,1.);
#405 = DIRECTION('',(0.,-0.99697088986,-7.777560525116E-02));
#406 = PCURVE('',#134,#407);
#407 = DEFINITIONAL_REPRESENTATION('',(#408),#412);
#408 = LINE('',#409,#410);
#409 = CARTESIAN_POINT('',(0.87702194798,-11.24215426007));
#410 = VECTOR('',#411,1.);
#411 = DIRECTION('',(-7.777560525116E-02,0.99697088986));
#412 = ( GEOMETRIC_REPRESENTATION_CONTEXT(2) 
PARAMETRIC_REPRESENTATION_CONTEXT() REPRESENTATION_CONTEXT('2D SPACE',''
  ) );
#413 = PCURVE('',#414,#419);
#414 = PLANE('',#415);
#415 = AXIS2_PLACEMENT_3D('',#416,#417,#418);
#416 = CARTESIAN_POINT('',(0.,11.242154260075,0.87702194798));
#417 = DIRECTION('',(0.,7.777560525116E-02,-0.99697088986));
#418 = DIRECTION('',(0.,-0.99697088986,-7.777560525116E-02));
#419 = DEFINITIONAL_REPRESENTATION('',(#420),#424);
#420 = LINE('',#421,#422);
#421 = CARTESIAN_POINT('',(0.,0.));
#422 = VECTOR('',#423,1.);
#423 = DIRECTION('',(1.,0.));
#424 = ( GEOMETRIC_REPRESENTATION_CONTEXT(2) 
PARAMETRIC_REPRESENTATION_CONTEXT() REPRESENTATION_CONTEXT('2D SPACE',''
  ) );
#425 = ORIENTED_EDGE('',*,*,#426,.T.);
#426 = EDGE_CURVE('',#399,#427,#429,.T.);
#427 = VERTEX_POINT('',#428);
#428 = CARTESIAN_POINT('',(0.,10.568644688416,1.966278070367));
#429 = SURFACE_CURVE('',#430,(#434,#441),.PCURVE_S1.);
#430 = LINE('',#431,#432);
#431 = CARTESIAN_POINT('',(0.,10.717437065993,0.83608775645));
#432 = VECTOR('',#433,1.);
#433 = DIRECTION('',(0.,-0.13052619222,0.991444861374));
#434 = PCURVE('',#134,#435);
#435 = DEFINITIONAL_REPRESENTATION('',(#436),#440);
#436 = LINE('',#437,#438);
#437 = CARTESIAN_POINT('',(0.83608775645,-10.71743706599));
#438 = VECTOR('',#439,1.);
#439 = DIRECTION('',(0.991444861374,0.13052619222));
#440 = ( GEOMETRIC_REPRESENTATION_CONTEXT(2) 
PARAMETRIC_REPRESENTATION_CONTEXT() REPRESENTATION_CONTEXT('2D SPACE',''
  ) );
#441 = PCURVE('',#442,#447);
#442 = PLANE('',#443);
#443 = AXIS2_PLACEMENT_3D('',#444,#445,#446);
#444 = CARTESIAN_POINT('',(0.,10.717437065993,0.83608775645));
#445 = DIRECTION('',(0.,-0.991444861374,-0.13052619222));
#446 = DIRECTION('',(0.,-0.13052619222,0.991444861374));
#447 = DEFINITIONAL_REPRESENTATION('',(#448),#452);
#448 = LINE('',#449,#450);
#449 = CARTESIAN_POINT('',(0.,0.));
#450 = VECTOR('',#451,1.);
#451 = DIRECTION('',(1.,0.));
#452 = ( GEOMETRIC_REPRESENTATION_CONTEXT(2) 
PARAMETRIC_REPRESENTATION_CONTEXT() REPRESENTATION_CONTEXT('2D SPACE',''
  ) );
#453 = ORIENTED_EDGE('',*,*,#454,.T.);
#454 = EDGE_CURVE('',#427,#455,#457,.T.);
#455 = VERTEX_POINT('',#456);
#456 = CARTESIAN_POINT('',(0.,11.086077126042,2.062545480712));
#457 = SURFACE_CURVE('',#458,(#462,#469),.PCURVE_S1.);
#458 = LINE('',#459,#460);
#459 = CARTESIAN_POINT('',(0.,10.568644688416,1.966278070367));
#460 = VECTOR('',#461,1.);
#461 = DIRECTION('',(0.,0.983129738457,0.182909587941));
#462 = PCURVE('',#134,#463);
#463 = DEFINITIONAL_REPRESENTATION('',(#464),#468);
#464 = LINE('',#465,#466);
#465 = CARTESIAN_POINT('',(1.966278070367,-10.56864468841));
#466 = VECTOR('',#467,1.);
#467 = DIRECTION('',(0.182909587941,-0.983129738457));
#468 = ( GEOMETRIC_REPRESENTATION_CONTEXT(2) 
PARAMETRIC_REPRESENTATION_CONTEXT() REPRESENTATION_CONTEXT('2D SPACE',''
  ) );
#469 = PCURVE('',#470,#475);
#470 = PLANE('',#471);
#471 = AXIS2_PLACEMENT_3D('',#472,#473,#474);
#472 = CARTESIAN_POINT('',(0.,10.568644688416,1.966278070367));
#473 = DIRECTION('',(0.,-0.182909587941,0.983129738457));
#474 = DIRECTION('',(0.,0.983129738457,0.182909587941));
#475 = DEFINITIONAL_REPRESENTATION('',(#476),#480);
#476 = LINE('',#477,#478);
#477 = CARTESIAN_POINT('',(0.,0.));
#478 = VECTOR('',#479,1.);
#479 = DIRECTION('',(1.,0.));
#480 = ( GEOMETRIC_REPRESENTATION_CONTEXT(2) 
PARAMETRIC_REPRESENTATION_CONTEXT() REPRESENTATION_CONTEXT('2D SPACE',''
  ) );
#481 = ORIENTED_EDGE('',*,*,#482,.T.);
#482 = EDGE_CURVE('',#455,#483,#485,.T.);
#483 = VERTEX_POINT('',#484);
#484 = CARTESIAN_POINT('',(0.,12.637283861258,3.049435457586));
#485 = SURFACE_CURVE('',#486,(#496,#509),.PCURVE_S1.);
#486 = B_SPLINE_CURVE_WITH_KNOTS('',3,(#487,#488,#489,#490,#491,#492,
    #493,#494,#495),.UNSPECIFIED.,.F.,.F.,(4,1,1,1,1,1,4),(0.,
    0.290524100267,0.58867032325,0.894177536695,1.207021205364,
    1.527193397443,1.854690543779),.UNSPECIFIED.);
#487 = CARTESIAN_POINT('',(0.,11.086077126042,2.062545480712));
#488 = CARTESIAN_POINT('',(0.,11.180167641328,2.087441964201));
#489 = CARTESIAN_POINT('',(0.,11.365182759463,2.153324604593));
#490 = CARTESIAN_POINT('',(0.,11.631409385775,2.28894075491));
#491 = CARTESIAN_POINT('',(0.,11.892394773408,2.448047371072));
#492 = CARTESIAN_POINT('',(0.,12.147717347591,2.629261081731));
#493 = CARTESIAN_POINT('',(0.,12.397361821527,2.829962736161));
#494 = CARTESIAN_POINT('',(-0.,12.557956473749,2.974471014809));
#495 = CARTESIAN_POINT('',(0.,12.637283861258,3.049435457586));
#496 = PCURVE('',#134,#497);
#497 = DEFINITIONAL_REPRESENTATION('',(#498),#508);
#498 = B_SPLINE_CURVE_WITH_KNOTS('',3,(#499,#500,#501,#502,#503,#504,
    #505,#506,#507),.UNSPECIFIED.,.F.,.F.,(4,1,1,1,1,1,4),(0.,
    0.290524100267,0.58867032325,0.894177536695,1.207021205364,
    1.527193397443,1.854690543779),.UNSPECIFIED.);
#499 = CARTESIAN_POINT('',(2.062545480712,-11.08607712604));
#500 = CARTESIAN_POINT('',(2.087441964201,-11.18016764132));
#501 = CARTESIAN_POINT('',(2.153324604593,-11.36518275946));
#502 = CARTESIAN_POINT('',(2.28894075491,-11.63140938577));
#503 = CARTESIAN_POINT('',(2.448047371072,-11.8923947734));
#504 = CARTESIAN_POINT('',(2.629261081731,-12.14771734759));
#505 = CARTESIAN_POINT('',(2.829962736161,-12.39736182152));
#506 = CARTESIAN_POINT('',(2.974471014809,-12.55795647374));
#507 = CARTESIAN_POINT('',(3.049435457586,-12.63728386125));
#508 = ( GEOMETRIC_REPRESENTATION_CONTEXT(2) 
PARAMETRIC_REPRESENTATION_CONTEXT() REPRESENTATION_CONTEXT('2D SPACE',''
  ) );
#509 = PCURVE('',#510,#523);
#510 = SURFACE_OF_LINEAR_EXTRUSION('',#511,#521);
#511 = B_SPLINE_CURVE_WITH_KNOTS('',3,(#512,#513,#514,#515,#516,#517,
    #518,#519,#520),.UNSPECIFIED.,.F.,.F.,(4,1,1,1,1,1,4),(0.,
    0.290524100267,0.58867032325,0.894177536695,1.207021205364,
    1.527193397443,1.854690543779),.UNSPECIFIED.);
#512 = CARTESIAN_POINT('',(0.,11.086077126042,2.062545480712));
#513 = CARTESIAN_POINT('',(0.,11.180167641328,2.087441964201));
#514 = CARTESIAN_POINT('',(0.,11.365182759463,2.153324604593));
#515 = CARTESIAN_POINT('',(0.,11.631409385775,2.28894075491));
#516 = CARTESIAN_POINT('',(0.,11.892394773408,2.448047371072));
#517 = CARTESIAN_POINT('',(0.,12.147717347591,2.629261081731));
#518 = CARTESIAN_POINT('',(0.,12.397361821527,2.829962736161));
#519 = CARTESIAN_POINT('',(-0.,12.557956473749,2.974471014809));
#520 = CARTESIAN_POINT('',(0.,12.637283861258,3.049435457586));
#521 = VECTOR('',#522,1.);
#522 = DIRECTION('',(-1.,-0.,-0.));
#523 = DEFINITIONAL_REPRESENTATION('',(#524),#528);
#524 = LINE('',#525,#526);
#525 = CARTESIAN_POINT('',(0.,0.));
#526 = VECTOR('',#527,1.);
#527 = DIRECTION('',(1.,0.));
#528 = ( GEOMETRIC_REPRESENTATION_CONTEXT(2) 
PARAMETRIC_REPRESENTATION_CONTEXT() REPRESENTATION_CONTEXT('2D SPACE',''
  ) );
#529 = ORIENTED_EDGE('',*,*,#530,.T.);
#530 = EDGE_CURVE('',#483,#531,#533,.T.);
#531 = VERTEX_POINT('',#532);
#532 = CARTESIAN_POINT('',(0.,12.468926587478,3.677753357158));
#533 = SURFACE_CURVE('',#534,(#538,#545),.PCURVE_S1.);
#534 = LINE('',#535,#536);
#535 = CARTESIAN_POINT('',(0.,12.637283861258,3.049435457586));
#536 = VECTOR('',#537,1.);
#537 = DIRECTION('',(0.,-0.258819045103,0.965925826289));
#538 = PCURVE('',#134,#539);
#539 = DEFINITIONAL_REPRESENTATION('',(#540),#544);
#540 = LINE('',#541,#542);
#541 = CARTESIAN_POINT('',(3.049435457586,-12.63728386125));
#542 = VECTOR('',#543,1.);
#543 = DIRECTION('',(0.965925826289,0.258819045103));
#544 = ( GEOMETRIC_REPRESENTATION_CONTEXT(2) 
PARAMETRIC_REPRESENTATION_CONTEXT() REPRESENTATION_CONTEXT('2D SPACE',''
  ) );
#545 = PCURVE('',#546,#551);
#546 = PLANE('',#547);
#547 = AXIS2_PLACEMENT_3D('',#548,#549,#550);
#548 = CARTESIAN_POINT('',(0.,12.637283861258,3.049435457586));
#549 = DIRECTION('',(0.,-0.965925826289,-0.258819045103));
#550 = DIRECTION('',(0.,-0.258819045103,0.965925826289));
#551 = DEFINITIONAL_REPRESENTATION('',(#552),#556);
#552 = LINE('',#553,#554);
#553 = CARTESIAN_POINT('',(0.,0.));
#554 = VECTOR('',#555,1.);
#555 = DIRECTION('',(1.,0.));
#556 = ( GEOMETRIC_REPRESENTATION_CONTEXT(2) 
PARAMETRIC_REPRESENTATION_CONTEXT() REPRESENTATION_CONTEXT('2D SPACE',''
  ) );
#557 = ORIENTED_EDGE('',*,*,#558,.T.);
#558 = EDGE_CURVE('',#531,#559,#561,.T.);
#559 = VERTEX_POINT('',#560);
#560 = CARTESIAN_POINT('',(0.,10.632097159822,3.756821780264));
#561 = SURFACE_CURVE('',#562,(#572,#585),.PCURVE_S1.);
#562 = B_SPLINE_CURVE_WITH_KNOTS('',3,(#563,#564,#565,#566,#567,#568,
    #569,#570,#571),.UNSPECIFIED.,.F.,.F.,(4,1,1,1,1,1,4),(0.,
    0.327497146337,0.647669338416,0.960513007084,1.266020220529,
    1.564166443513,1.854690543779),.UNSPECIFIED.);
#563 = CARTESIAN_POINT('',(0.,12.468926587478,3.677753357158));
#564 = CARTESIAN_POINT('',(0.,12.36274483329,3.70301077523));
#565 = CARTESIAN_POINT('',(0.,12.15141164543,3.747861289485));
#566 = CARTESIAN_POINT('',(0.,11.834862361872,3.796851783834));
#567 = CARTESIAN_POINT('',(0.,11.523139671141,3.826126173688));
#568 = CARTESIAN_POINT('',(0.,11.217566387353,3.833423851378));
#569 = CARTESIAN_POINT('',(0.,10.919199290644,3.81775756956));
#570 = CARTESIAN_POINT('',(-0.,10.726030178059,3.78230605074));
#571 = CARTESIAN_POINT('',(0.,10.632097159822,3.756821780264));
#572 = PCURVE('',#134,#573);
#573 = DEFINITIONAL_REPRESENTATION('',(#574),#584);
#574 = B_SPLINE_CURVE_WITH_KNOTS('',3,(#575,#576,#577,#578,#579,#580,
    #581,#582,#583),.UNSPECIFIED.,.F.,.F.,(4,1,1,1,1,1,4),(0.,
    0.327497146337,0.647669338416,0.960513007084,1.266020220529,
    1.564166443513,1.854690543779),.UNSPECIFIED.);
#575 = CARTESIAN_POINT('',(3.677753357158,-12.46892658747));
#576 = CARTESIAN_POINT('',(3.70301077523,-12.36274483329));
#577 = CARTESIAN_POINT('',(3.747861289485,-12.15141164543));
#578 = CARTESIAN_POINT('',(3.796851783834,-11.83486236187));
#579 = CARTESIAN_POINT('',(3.826126173688,-11.52313967114));
#580 = CARTESIAN_POINT('',(3.833423851378,-11.21756638735));
#581 = CARTESIAN_POINT('',(3.81775756956,-10.91919929064));
#582 = CARTESIAN_POINT('',(3.78230605074,-10.72603017805));
#583 = CARTESIAN_POINT('',(3.756821780264,-10.63209715982));
#584 = ( GEOMETRIC_REPRESENTATION_CONTEXT(2) 
PARAMETRIC_REPRESENTATION_CONTEXT() REPRESENTATION_CONTEXT('2D SPACE',''
  ) );
#585 = PCURVE('',#586,#599);
#586 = SURFACE_OF_LINEAR_EXTRUSION('',#587,#597);
#587 = B_SPLINE_CURVE_WITH_KNOTS('',3,(#588,#589,#590,#591,#592,#593,
    #594,#595,#596),.UNSPECIFIED.,.F.,.F.,(4,1,1,1,1,1,4),(0.,
    0.327497146337,0.647669338416,0.960513007084,1.266020220529,
    1.564166443513,1.854690543779),.UNSPECIFIED.);
#588 = CARTESIAN_POINT('',(0.,12.468926587478,3.677753357158));
#589 = CARTESIAN_POINT('',(0.,12.36274483329,3.70301077523));
#590 = CARTESIAN_POINT('',(0.,12.15141164543,3.747861289485));
#591 = CARTESIAN_POINT('',(0.,11.834862361872,3.796851783834));
#592 = CARTESIAN_POINT('',(0.,11.523139671141,3.826126173688));
#593 = CARTESIAN_POINT('',(0.,11.217566387353,3.833423851378));
#594 = CARTESIAN_POINT('',(0.,10.919199290644,3.81775756956));
#595 = CARTESIAN_POINT('',(-0.,10.726030178059,3.78230605074));
#596 = CARTESIAN_POINT('',(0.,10.632097159822,3.756821780264));
#597 = VECTOR('',#598,1.);
#598 = DIRECTION('',(-1.,-0.,-0.));
#599 = DEFINITIONAL_REPRESENTATION('',(#600),#604);
#600 = LINE('',#601,#602);
#601 = CARTESIAN_POINT('',(0.,0.));
#602 = VECTOR('',#603,1.);
#603 = DIRECTION('',(1.,0.));
#604 = ( GEOMETRIC_REPRESENTATION_CONTEXT(2) 
PARAMETRIC_REPRESENTATION_CONTEXT() REPRESENTATION_CONTEXT('2D SPACE',''
  ) );
#605 = ORIENTED_EDGE('',*,*,#606,.T.);
#606 = EDGE_CURVE('',#559,#607,#609,.T.);
#607 = VERTEX_POINT('',#608);
#608 = CARTESIAN_POINT('',(0.,10.135853818924,3.581475584366));
#609 = SURFACE_CURVE('',#610,(#614,#621),.PCURVE_S1.);
#610 = LINE('',#611,#612);
#611 = CARTESIAN_POINT('',(0.,10.632097159822,3.756821780264));
#612 = VECTOR('',#613,1.);
#613 = DIRECTION('',(0.,-0.942870122691,-0.333160519476));
#614 = PCURVE('',#134,#615);
#615 = DEFINITIONAL_REPRESENTATION('',(#616),#620);
#616 = LINE('',#617,#618);
#617 = CARTESIAN_POINT('',(3.756821780264,-10.63209715982));
#618 = VECTOR('',#619,1.);
#619 = DIRECTION('',(-0.333160519476,0.942870122691));
#620 = ( GEOMETRIC_REPRESENTATION_CONTEXT(2) 
PARAMETRIC_REPRESENTATION_CONTEXT() REPRESENTATION_CONTEXT('2D SPACE',''
  ) );
#621 = PCURVE('',#622,#627);
#622 = PLANE('',#623);
#623 = AXIS2_PLACEMENT_3D('',#624,#625,#626);
#624 = CARTESIAN_POINT('',(0.,10.632097159822,3.756821780264));
#625 = DIRECTION('',(0.,0.333160519476,-0.942870122691));
#626 = DIRECTION('',(0.,-0.942870122691,-0.333160519476));
#627 = DEFINITIONAL_REPRESENTATION('',(#628),#632);
#628 = LINE('',#629,#630);
#629 = CARTESIAN_POINT('',(0.,0.));
#630 = VECTOR('',#631,1.);
#631 = DIRECTION('',(1.,0.));
#632 = ( GEOMETRIC_REPRESENTATION_CONTEXT(2) 
PARAMETRIC_REPRESENTATION_CONTEXT() REPRESENTATION_CONTEXT('2D SPACE',''
  ) );
#633 = ORIENTED_EDGE('',*,*,#634,.T.);
#634 = EDGE_CURVE('',#607,#635,#637,.T.);
#635 = VERTEX_POINT('',#636);
#636 = CARTESIAN_POINT('',(0.,9.699616640836,4.634645296118));
#637 = SURFACE_CURVE('',#638,(#642,#649),.PCURVE_S1.);
#638 = LINE('',#639,#640);
#639 = CARTESIAN_POINT('',(0.,10.135853818924,3.581475584366));
#640 = VECTOR('',#641,1.);
#641 = DIRECTION('',(0.,-0.382683432365,0.923879532511));
#642 = PCURVE('',#134,#643);
#643 = DEFINITIONAL_REPRESENTATION('',(#644),#648);
#644 = LINE('',#645,#646);
#645 = CARTESIAN_POINT('',(3.581475584366,-10.13585381892));
#646 = VECTOR('',#647,1.);
#647 = DIRECTION('',(0.923879532511,0.382683432365));
#648 = ( GEOMETRIC_REPRESENTATION_CONTEXT(2) 
PARAMETRIC_REPRESENTATION_CONTEXT() REPRESENTATION_CONTEXT('2D SPACE',''
  ) );
#649 = PCURVE('',#650,#655);
#650 = PLANE('',#651);
#651 = AXIS2_PLACEMENT_3D('',#652,#653,#654);
#652 = CARTESIAN_POINT('',(0.,10.135853818924,3.581475584366));
#653 = DIRECTION('',(0.,-0.923879532511,-0.382683432365));
#654 = DIRECTION('',(0.,-0.382683432365,0.923879532511));
#655 = DEFINITIONAL_REPRESENTATION('',(#656),#660);
#656 = LINE('',#657,#658);
#657 = CARTESIAN_POINT('',(0.,0.));
#658 = VECTOR('',#659,1.);
#659 = DIRECTION('',(1.,0.));
#660 = ( GEOMETRIC_REPRESENTATION_CONTEXT(2) 
PARAMETRIC_REPRESENTATION_CONTEXT() REPRESENTATION_CONTEXT('2D SPACE',''
  ) );
#661 = ORIENTED_EDGE('',*,*,#662,.T.);
#662 = EDGE_CURVE('',#635,#663,#665,.T.);
#663 = VERTEX_POINT('',#664);
#664 = CARTESIAN_POINT('',(0.,10.174502156479,4.86155384341));
#665 = SURFACE_CURVE('',#666,(#670,#677),.PCURVE_S1.);
#666 = LINE('',#667,#668);
#667 = CARTESIAN_POINT('',(0.,9.699616640836,4.634645296118));
#668 = VECTOR('',#669,1.);
#669 = DIRECTION('',(0.,0.902289920078,0.431129794988));
#670 = PCURVE('',#134,#671);
#671 = DEFINITIONAL_REPRESENTATION('',(#672),#676);
#672 = LINE('',#673,#674);
#673 = CARTESIAN_POINT('',(4.634645296118,-9.699616640836));
#674 = VECTOR('',#675,1.);
#675 = DIRECTION('',(0.431129794988,-0.902289920078));
#676 = ( GEOMETRIC_REPRESENTATION_CONTEXT(2) 
PARAMETRIC_REPRESENTATION_CONTEXT() REPRESENTATION_CONTEXT('2D SPACE',''
  ) );
#677 = PCURVE('',#678,#683);
#678 = PLANE('',#679);
#679 = AXIS2_PLACEMENT_3D('',#680,#681,#682);
#680 = CARTESIAN_POINT('',(0.,9.699616640836,4.634645296118));
#681 = DIRECTION('',(0.,-0.431129794988,0.902289920078));
#682 = DIRECTION('',(0.,0.902289920078,0.431129794988));
#683 = DEFINITIONAL_REPRESENTATION('',(#684),#688);
#684 = LINE('',#685,#686);
#685 = CARTESIAN_POINT('',(0.,0.));
#686 = VECTOR('',#687,1.);
#687 = DIRECTION('',(1.,0.));
#688 = ( GEOMETRIC_REPRESENTATION_CONTEXT(2) 
PARAMETRIC_REPRESENTATION_CONTEXT() REPRESENTATION_CONTEXT('2D SPACE',''
  ) );
#689 = ORIENTED_EDGE('',*,*,#690,.T.);
#690 = EDGE_CURVE('',#663,#691,#693,.T.);
#691 = VERTEX_POINT('',#692);
#692 = CARTESIAN_POINT('',(0.,11.417426882501,6.216298205745));
#693 = SURFACE_CURVE('',#694,(#704,#717),.PCURVE_S1.);
#694 = B_SPLINE_CURVE_WITH_KNOTS('',3,(#695,#696,#697,#698,#699,#700,
    #701,#702,#703),.UNSPECIFIED.,.F.,.F.,(4,1,1,1,1,1,4),(0.,
    0.290524100267,0.58867032325,0.894177536695,1.207021205364,
    1.527193397443,1.854690543779),.UNSPECIFIED.);
#695 = CARTESIAN_POINT('',(0.,10.174502156479,4.86155384341));
#696 = CARTESIAN_POINT('',(0.,10.258942931118,4.909954417116));
#697 = CARTESIAN_POINT('',(0.,10.420602129904,5.02147759718));
#698 = CARTESIAN_POINT('',(0.,10.642657261379,5.221377260436));
#699 = CARTESIAN_POINT('',(0.,10.853569965113,5.442610438933));
#700 = CARTESIAN_POINT('',(0.,11.053291073999,5.68373178698));
#701 = CARTESIAN_POINT('',(0.,11.242483708214,5.942207442732));
#702 = CARTESIAN_POINT('',(-0.,11.36020473567,6.123356675727));
#703 = CARTESIAN_POINT('',(0.,11.417426882501,6.216298205745));
#704 = PCURVE('',#134,#705);
#705 = DEFINITIONAL_REPRESENTATION('',(#706),#716);
#706 = B_SPLINE_CURVE_WITH_KNOTS('',3,(#707,#708,#709,#710,#711,#712,
    #713,#714,#715),.UNSPECIFIED.,.F.,.F.,(4,1,1,1,1,1,4),(0.,
    0.290524100267,0.58867032325,0.894177536695,1.207021205364,
    1.527193397443,1.854690543779),.UNSPECIFIED.);
#707 = CARTESIAN_POINT('',(4.86155384341,-10.17450215647));
#708 = CARTESIAN_POINT('',(4.909954417116,-10.25894293111));
#709 = CARTESIAN_POINT('',(5.02147759718,-10.4206021299));
#710 = CARTESIAN_POINT('',(5.221377260436,-10.64265726137));
#711 = CARTESIAN_POINT('',(5.442610438933,-10.85356996511));
#712 = CARTESIAN_POINT('',(5.68373178698,-11.05329107399));
#713 = CARTESIAN_POINT('',(5.942207442732,-11.24248370821));
#714 = CARTESIAN_POINT('',(6.123356675727,-11.36020473567));
#715 = CARTESIAN_POINT('',(6.216298205745,-11.4174268825));
#716 = ( GEOMETRIC_REPRESENTATION_CONTEXT(2) 
PARAMETRIC_REPRESENTATION_CONTEXT() REPRESENTATION_CONTEXT('2D SPACE',''
  ) );
#717 = PCURVE('',#718,#731);
#718 = SURFACE_OF_LINEAR_EXTRUSION('',#719,#729);
#719 = B_SPLINE_CURVE_WITH_KNOTS('',3,(#720,#721,#722,#723,#724,#725,
    #726,#727,#728),.UNSPECIFIED.,.F.,.F.,(4,1,1,1,1,1,4),(0.,
    0.290524100267,0.58867032325,0.894177536695,1.207021205364,
    1.527193397443,1.854690543779),.UNSPECIFIED.);
#720 = CARTESIAN_POINT('',(0.,10.174502156479,4.86155384341));
#721 = CARTESIAN_POINT('',(0.,10.258942931118,4.909954417116));
#722 = CARTESIAN_POINT('',(0.,10.420602129904,5.02147759718));
#723 = CARTESIAN_POINT('',(0.,10.642657261379,5.221377260436));
#724 = CARTESIAN_POINT('',(0.,10.853569965113,5.442610438933));
#725 = CARTESIAN_POINT('',(0.,11.053291073999,5.68373178698));
#726 = CARTESIAN_POINT('',(0.,11.242483708214,5.942207442732));
#727 = CARTESIAN_POINT('',(-0.,11.36020473567,6.123356675727));
#728 = CARTESIAN_POINT('',(0.,11.417426882501,6.216298205745));
#729 = VECTOR('',#730,1.);
#730 = DIRECTION('',(-1.,-0.,-0.));
#731 = DEFINITIONAL_REPRESENTATION('',(#732),#736);
#732 = LINE('',#733,#734);
#733 = CARTESIAN_POINT('',(0.,0.));
#734 = VECTOR('',#735,1.);
#735 = DIRECTION('',(1.,0.));
#736 = ( GEOMETRIC_REPRESENTATION_CONTEXT(2) 
PARAMETRIC_REPRESENTATION_CONTEXT() REPRESENTATION_CONTEXT('2D SPACE',''
  ) );
#737 = ORIENTED_EDGE('',*,*,#738,.T.);
#738 = EDGE_CURVE('',#691,#739,#741,.T.);
#739 = VERTEX_POINT('',#740);
#740 = CARTESIAN_POINT('',(0.,11.092185604925,6.779632623225));
#741 = SURFACE_CURVE('',#742,(#746,#753),.PCURVE_S1.);
#742 = LINE('',#743,#744);
#743 = CARTESIAN_POINT('',(0.,11.417426882501,6.216298205745));
#744 = VECTOR('',#745,1.);
#745 = DIRECTION('',(0.,-0.5,0.866025403784));
#746 = PCURVE('',#134,#747);
#747 = DEFINITIONAL_REPRESENTATION('',(#748),#752);
#748 = LINE('',#749,#750);
#749 = CARTESIAN_POINT('',(6.216298205745,-11.4174268825));
#750 = VECTOR('',#751,1.);
#751 = DIRECTION('',(0.866025403784,0.5));
#752 = ( GEOMETRIC_REPRESENTATION_CONTEXT(2) 
PARAMETRIC_REPRESENTATION_CONTEXT() REPRESENTATION_CONTEXT('2D SPACE',''
  ) );
#753 = PCURVE('',#754,#759);
#754 = PLANE('',#755);
#755 = AXIS2_PLACEMENT_3D('',#756,#757,#758);
#756 = CARTESIAN_POINT('',(0.,11.417426882501,6.216298205745));
#757 = DIRECTION('',(0.,-0.866025403784,-0.5));
#758 = DIRECTION('',(0.,-0.5,0.866025403784));
#759 = DEFINITIONAL_REPRESENTATION('',(#760),#764);
#760 = LINE('',#761,#762);
#761 = CARTESIAN_POINT('',(0.,0.));
#762 = VECTOR('',#763,1.);
#763 = DIRECTION('',(1.,0.));
#764 = ( GEOMETRIC_REPRESENTATION_CONTEXT(2) 
PARAMETRIC_REPRESENTATION_CONTEXT() REPRESENTATION_CONTEXT('2D SPACE',''
  ) );
#765 = ORIENTED_EDGE('',*,*,#766,.T.);
#766 = EDGE_CURVE('',#739,#767,#769,.T.);
#767 = VERTEX_POINT('',#768);
#768 = CARTESIAN_POINT('',(0.,9.297480208499,6.380600416665));
#769 = SURFACE_CURVE('',#770,(#780,#793),.PCURVE_S1.);
#770 = B_SPLINE_CURVE_WITH_KNOTS('',3,(#771,#772,#773,#774,#775,#776,
    #777,#778,#779),.UNSPECIFIED.,.F.,.F.,(4,1,1,1,1,1,4),(0.,
    0.327497146337,0.647669338415,0.960513007084,1.266020220529,
    1.564166443513,1.854690543779),.UNSPECIFIED.);
#771 = CARTESIAN_POINT('',(0.,11.092185604925,6.779632623225));
#772 = CARTESIAN_POINT('',(0.,10.983084805447,6.776547555419));
#773 = CARTESIAN_POINT('',(0.,10.76734445407,6.76517277158));
#774 = CARTESIAN_POINT('',(0.,10.448901652821,6.730564972017));
#775 = CARTESIAN_POINT('',(0.,10.140223885575,6.678162092073));
#776 = CARTESIAN_POINT('',(0.,9.84317398097,6.606122921907));
#777 = CARTESIAN_POINT('',(0.,9.559028228644,6.513767368637));
#778 = CARTESIAN_POINT('',(-0.,9.381616722205,6.429527985766));
#779 = CARTESIAN_POINT('',(0.,9.297480208499,6.380600416665));
#780 = PCURVE('',#134,#781);
#781 = DEFINITIONAL_REPRESENTATION('',(#782),#792);
#782 = B_SPLINE_CURVE_WITH_KNOTS('',3,(#783,#784,#785,#786,#787,#788,
    #789,#790,#791),.UNSPECIFIED.,.F.,.F.,(4,1,1,1,1,1,4),(0.,
    0.327497146337,0.647669338415,0.960513007084,1.266020220529,
    1.564166443513,1.854690543779),.UNSPECIFIED.);
#783 = CARTESIAN_POINT('',(6.779632623225,-11.09218560492));
#784 = CARTESIAN_POINT('',(6.776547555419,-10.98308480544));
#785 = CARTESIAN_POINT('',(6.76517277158,-10.76734445407));
#786 = CARTESIAN_POINT('',(6.730564972017,-10.44890165282));
#787 = CARTESIAN_POINT('',(6.678162092073,-10.14022388557));
#788 = CARTESIAN_POINT('',(6.606122921907,-9.84317398097));
#789 = CARTESIAN_POINT('',(6.513767368637,-9.559028228644));
#790 = CARTESIAN_POINT('',(6.429527985766,-9.381616722205));
#791 = CARTESIAN_POINT('',(6.380600416665,-9.297480208499));
#792 = ( GEOMETRIC_REPRESENTATION_CONTEXT(2) 
PARAMETRIC_REPRESENTATION_CONTEXT() REPRESENTATION_CONTEXT('2D SPACE',''
  ) );
#793 = PCURVE('',#794,#807);
#794 = SURFACE_OF_LINEAR_EXTRUSION('',#795,#805);
#795 = B_SPLINE_CURVE_WITH_KNOTS('',3,(#796,#797,#798,#799,#800,#801,
    #802,#803,#804),.UNSPECIFIED.,.F.,.F.,(4,1,1,1,1,1,4),(0.,
    0.327497146337,0.647669338415,0.960513007084,1.266020220529,
    1.564166443513,1.854690543779),.UNSPECIFIED.);
#796 = CARTESIAN_POINT('',(0.,11.092185604925,6.779632623225));
#797 = CARTESIAN_POINT('',(0.,10.983084805447,6.776547555419));
#798 = CARTESIAN_POINT('',(0.,10.76734445407,6.76517277158));
#799 = CARTESIAN_POINT('',(0.,10.448901652821,6.730564972017));
#800 = CARTESIAN_POINT('',(0.,10.140223885575,6.678162092073));
#801 = CARTESIAN_POINT('',(0.,9.84317398097,6.606122921907));
#802 = CARTESIAN_POINT('',(0.,9.559028228644,6.513767368637));
#803 = CARTESIAN_POINT('',(-0.,9.381616722205,6.429527985766));
#804 = CARTESIAN_POINT('',(0.,9.297480208499,6.380600416665));
#805 = VECTOR('',#806,1.);
#806 = DIRECTION('',(-1.,-0.,-0.));
#807 = DEFINITIONAL_REPRESENTATION('',(#808),#812);
#808 = LINE('',#809,#810);
#809 = CARTESIAN_POINT('',(0.,0.));
#810 = VECTOR('',#811,1.);
#811 = DIRECTION('',(1.,0.));
#812 = ( GEOMETRIC_REPRESENTATION_CONTEXT(2) 
PARAMETRIC_REPRESENTATION_CONTEXT() REPRESENTATION_CONTEXT('2D SPACE',''
  ) );
#813 = ORIENTED_EDGE('',*,*,#814,.T.);
#814 = EDGE_CURVE('',#767,#815,#817,.T.);
#815 = VERTEX_POINT('',#816);
#816 = CARTESIAN_POINT('',(0.,8.863528884386,6.082791769875));
#817 = SURFACE_CURVE('',#818,(#822,#829),.PCURVE_S1.);
#818 = LINE('',#819,#820);
#819 = CARTESIAN_POINT('',(0.,9.297480208499,6.380600416665));
#820 = VECTOR('',#821,1.);
#821 = DIRECTION('',(0.,-0.824514314827,-0.565841094872));
#822 = PCURVE('',#134,#823);
#823 = DEFINITIONAL_REPRESENTATION('',(#824),#828);
#824 = LINE('',#825,#826);
#825 = CARTESIAN_POINT('',(6.380600416665,-9.297480208499));
#826 = VECTOR('',#827,1.);
#827 = DIRECTION('',(-0.565841094872,0.824514314827));
#828 = ( GEOMETRIC_REPRESENTATION_CONTEXT(2) 
PARAMETRIC_REPRESENTATION_CONTEXT() REPRESENTATION_CONTEXT('2D SPACE',''
  ) );
#829 = PCURVE('',#830,#835);
#830 = PLANE('',#831);
#831 = AXIS2_PLACEMENT_3D('',#832,#833,#834);
#832 = CARTESIAN_POINT('',(0.,9.297480208499,6.380600416665));
#833 = DIRECTION('',(0.,0.565841094872,-0.824514314827));
#834 = DIRECTION('',(0.,-0.824514314827,-0.565841094872));
#835 = DEFINITIONAL_REPRESENTATION('',(#836),#840);
#836 = LINE('',#837,#838);
#837 = CARTESIAN_POINT('',(0.,0.));
#838 = VECTOR('',#839,1.);
#839 = DIRECTION('',(1.,0.));
#840 = ( GEOMETRIC_REPRESENTATION_CONTEXT(2) 
PARAMETRIC_REPRESENTATION_CONTEXT() REPRESENTATION_CONTEXT('2D SPACE',''
  ) );
#841 = ORIENTED_EDGE('',*,*,#842,.T.);
#842 = EDGE_CURVE('',#815,#843,#845,.T.);
#843 = VERTEX_POINT('',#844);
#844 = CARTESIAN_POINT('',(0.,8.169575748556,6.987169104051));
#845 = SURFACE_CURVE('',#846,(#850,#857),.PCURVE_S1.);
#846 = LINE('',#847,#848);
#847 = CARTESIAN_POINT('',(0.,8.863528884386,6.082791769875));
#848 = VECTOR('',#849,1.);
#849 = DIRECTION('',(0.,-0.608761429009,0.793353340291));
#850 = PCURVE('',#134,#851);
#851 = DEFINITIONAL_REPRESENTATION('',(#852),#856);
#852 = LINE('',#853,#854);
#853 = CARTESIAN_POINT('',(6.082791769875,-8.863528884386));
#854 = VECTOR('',#855,1.);
#855 = DIRECTION('',(0.793353340291,0.608761429009));
#856 = ( GEOMETRIC_REPRESENTATION_CONTEXT(2) 
PARAMETRIC_REPRESENTATION_CONTEXT() REPRESENTATION_CONTEXT('2D SPACE',''
  ) );
#857 = PCURVE('',#858,#863);
#858 = PLANE('',#859);
#859 = AXIS2_PLACEMENT_3D('',#860,#861,#862);
#860 = CARTESIAN_POINT('',(0.,8.863528884386,6.082791769875));
#861 = DIRECTION('',(0.,-0.793353340291,-0.608761429009));
#862 = DIRECTION('',(0.,-0.608761429009,0.793353340291));
#863 = DEFINITIONAL_REPRESENTATION('',(#864),#868);
#864 = LINE('',#865,#866);
#865 = CARTESIAN_POINT('',(0.,0.));
#866 = VECTOR('',#867,1.);
#867 = DIRECTION('',(1.,0.));
#868 = ( GEOMETRIC_REPRESENTATION_CONTEXT(2) 
PARAMETRIC_REPRESENTATION_CONTEXT() REPRESENTATION_CONTEXT('2D SPACE',''
  ) );
#869 = ORIENTED_EDGE('',*,*,#870,.T.);
#870 = EDGE_CURVE('',#843,#871,#873,.T.);
#871 = VERTEX_POINT('',#872);
#872 = CARTESIAN_POINT('',(0.,8.569551679111,7.329255345778));
#873 = SURFACE_CURVE('',#874,(#878,#885),.PCURVE_S1.);
#874 = LINE('',#875,#876);
#875 = CARTESIAN_POINT('',(0.,8.169575748556,6.987169104051));
#876 = VECTOR('',#877,1.);
#877 = DIRECTION('',(0.,0.759960534749,0.649969218981));
#878 = PCURVE('',#134,#879);
#879 = DEFINITIONAL_REPRESENTATION('',(#880),#884);
#880 = LINE('',#881,#882);
#881 = CARTESIAN_POINT('',(6.987169104051,-8.169575748556));
#882 = VECTOR('',#883,1.);
#883 = DIRECTION('',(0.649969218981,-0.759960534749));
#884 = ( GEOMETRIC_REPRESENTATION_CONTEXT(2) 
PARAMETRIC_REPRESENTATION_CONTEXT() REPRESENTATION_CONTEXT('2D SPACE',''
  ) );
#885 = PCURVE('',#886,#891);
#886 = PLANE('',#887);
#887 = AXIS2_PLACEMENT_3D('',#888,#889,#890);
#888 = CARTESIAN_POINT('',(0.,8.169575748556,6.987169104051));
#889 = DIRECTION('',(0.,-0.649969218981,0.759960534749));
#890 = DIRECTION('',(0.,0.759960534749,0.649969218981));
#891 = DEFINITIONAL_REPRESENTATION('',(#892),#896);
#892 = LINE('',#893,#894);
#893 = CARTESIAN_POINT('',(0.,0.));
#894 = VECTOR('',#895,1.);
#895 = DIRECTION('',(1.,0.));
#896 = ( GEOMETRIC_REPRESENTATION_CONTEXT(2) 
PARAMETRIC_REPRESENTATION_CONTEXT() REPRESENTATION_CONTEXT('2D SPACE',''
  ) );
#897 = ORIENTED_EDGE('',*,*,#898,.T.);
#898 = EDGE_CURVE('',#871,#899,#901,.T.);
#899 = VERTEX_POINT('',#900);
#900 = CARTESIAN_POINT('',(0.,9.419491129892,8.9595305041));
#901 = SURFACE_CURVE('',#902,(#912,#925),.PCURVE_S1.);
#902 = B_SPLINE_CURVE_WITH_KNOTS('',3,(#903,#904,#905,#906,#907,#908,
    #909,#910,#911),.UNSPECIFIED.,.F.,.F.,(4,1,1,1,1,1,4),(0.,
    0.290524100267,0.58867032325,0.894177536695,1.207021205364,
    1.527193397443,1.854690543779),.UNSPECIFIED.);
#903 = CARTESIAN_POINT('',(0.,8.569551679111,7.329255345778));
#904 = CARTESIAN_POINT('',(0.,8.638588213858,7.397861590587));
#905 = CARTESIAN_POINT('',(0.,8.765874686051,7.547425189903));
#906 = CARTESIAN_POINT('',(0.,8.928625632443,7.797985534397));
#907 = CARTESIAN_POINT('',(0.,9.075092300069,8.06626859972));
#908 = CARTESIAN_POINT('',(0.,9.205601280141,8.350865563757));
#909 = CARTESIAN_POINT('',(0.,9.321448909269,8.649500532042));
#910 = CARTESIAN_POINT('',(-0.,9.388273818481,8.854945698519));
#911 = CARTESIAN_POINT('',(0.,9.419491129892,8.9595305041));
#912 = PCURVE('',#134,#913);
#913 = DEFINITIONAL_REPRESENTATION('',(#914),#924);
#914 = B_SPLINE_CURVE_WITH_KNOTS('',3,(#915,#916,#917,#918,#919,#920,
    #921,#922,#923),.UNSPECIFIED.,.F.,.F.,(4,1,1,1,1,1,4),(0.,
    0.290524100267,0.58867032325,0.894177536695,1.207021205364,
    1.527193397443,1.854690543779),.UNSPECIFIED.);
#915 = CARTESIAN_POINT('',(7.329255345778,-8.569551679111));
#916 = CARTESIAN_POINT('',(7.397861590587,-8.638588213858));
#917 = CARTESIAN_POINT('',(7.547425189903,-8.765874686051));
#918 = CARTESIAN_POINT('',(7.797985534397,-8.928625632443));
#919 = CARTESIAN_POINT('',(8.06626859972,-9.075092300069));
#920 = CARTESIAN_POINT('',(8.350865563757,-9.205601280141));
#921 = CARTESIAN_POINT('',(8.649500532042,-9.321448909269));
#922 = CARTESIAN_POINT('',(8.854945698519,-9.388273818481));
#923 = CARTESIAN_POINT('',(8.9595305041,-9.419491129892));
#924 = ( GEOMETRIC_REPRESENTATION_CONTEXT(2) 
PARAMETRIC_REPRESENTATION_CONTEXT() REPRESENTATION_CONTEXT('2D SPACE',''
  ) );
#925 = PCURVE('',#926,#939);
#926 = SURFACE_OF_LINEAR_EXTRUSION('',#927,#937);
#927 = B_SPLINE_CURVE_WITH_KNOTS('',3,(#928,#929,#930,#931,#932,#933,
    #934,#935,#936),.UNSPECIFIED.,.F.,.F.,(4,1,1,1,1,1,4),(0.,
    0.290524100267,0.58867032325,0.894177536695,1.207021205364,
    1.527193397443,1.854690543779),.UNSPECIFIED.);
#928 = CARTESIAN_POINT('',(0.,8.569551679111,7.329255345778));
#929 = CARTESIAN_POINT('',(0.,8.638588213858,7.397861590587));
#930 = CARTESIAN_POINT('',(0.,8.765874686051,7.547425189903));
#931 = CARTESIAN_POINT('',(0.,8.928625632443,7.797985534397));
#932 = CARTESIAN_POINT('',(0.,9.075092300069,8.06626859972));
#933 = CARTESIAN_POINT('',(0.,9.205601280141,8.350865563757));
#934 = CARTESIAN_POINT('',(0.,9.321448909269,8.649500532042));
#935 = CARTESIAN_POINT('',(-0.,9.388273818481,8.854945698519));
#936 = CARTESIAN_POINT('',(0.,9.419491129892,8.9595305041));
#937 = VECTOR('',#938,1.);
#938 = DIRECTION('',(-1.,-0.,-0.));
#939 = DEFINITIONAL_REPRESENTATION('',(#940),#944);
#940 = LINE('',#941,#942);
#941 = CARTESIAN_POINT('',(0.,0.));
#942 = VECTOR('',#943,1.);
#943 = DIRECTION('',(1.,0.));
#944 = ( GEOMETRIC_REPRESENTATION_CONTEXT(2) 
PARAMETRIC_REPRESENTATION_CONTEXT() REPRESENTATION_CONTEXT('2D SPACE',''
  ) );
#945 = ORIENTED_EDGE('',*,*,#946,.T.);
#946 = EDGE_CURVE('',#899,#947,#949,.T.);
#947 = VERTEX_POINT('',#948);
#948 = CARTESIAN_POINT('',(0.,8.9595305041,9.419491129892));
#949 = SURFACE_CURVE('',#950,(#954,#961),.PCURVE_S1.);
#950 = LINE('',#951,#952);
#951 = CARTESIAN_POINT('',(0.,9.419491129892,8.9595305041));
#952 = VECTOR('',#953,1.);
#953 = DIRECTION('',(0.,-0.707106781187,0.707106781187));
#954 = PCURVE('',#134,#955);
#955 = DEFINITIONAL_REPRESENTATION('',(#956),#960);
#956 = LINE('',#957,#958);
#957 = CARTESIAN_POINT('',(8.9595305041,-9.419491129892));
#958 = VECTOR('',#959,1.);
#959 = DIRECTION('',(0.707106781187,0.707106781187));
#960 = ( GEOMETRIC_REPRESENTATION_CONTEXT(2) 
PARAMETRIC_REPRESENTATION_CONTEXT() REPRESENTATION_CONTEXT('2D SPACE',''
  ) );
#961 = PCURVE('',#962,#967);
#962 = PLANE('',#963);
#963 = AXIS2_PLACEMENT_3D('',#964,#965,#966);
#964 = CARTESIAN_POINT('',(0.,9.419491129892,8.9595305041));
#965 = DIRECTION('',(0.,-0.707106781187,-0.707106781187));
#966 = DIRECTION('',(0.,-0.707106781187,0.707106781187));
#967 = DEFINITIONAL_REPRESENTATION('',(#968),#972);
#968 = LINE('',#969,#970);
#969 = CARTESIAN_POINT('',(0.,0.));
#970 = VECTOR('',#971,1.);
#971 = DIRECTION('',(1.,0.));
#972 = ( GEOMETRIC_REPRESENTATION_CONTEXT(2) 
PARAMETRIC_REPRESENTATION_CONTEXT() REPRESENTATION_CONTEXT('2D SPACE',''
  ) );
#973 = ORIENTED_EDGE('',*,*,#974,.T.);
#974 = EDGE_CURVE('',#947,#975,#977,.T.);
#975 = VERTEX_POINT('',#976);
#976 = CARTESIAN_POINT('',(0.,7.329255345778,8.569551679111));
#977 = SURFACE_CURVE('',#978,(#988,#1001),.PCURVE_S1.);
#978 = B_SPLINE_CURVE_WITH_KNOTS('',3,(#979,#980,#981,#982,#983,#984,
    #985,#986,#987),.UNSPECIFIED.,.F.,.F.,(4,1,1,1,1,1,4),(0.,
    0.327497146337,0.647669338415,0.960513007084,1.266020220529,
    1.564166443513,1.854690543779),.UNSPECIFIED.);
#979 = CARTESIAN_POINT('',(0.,8.9595305041,9.419491129892));
#980 = CARTESIAN_POINT('',(0.,8.854945698519,9.388273818481));
#981 = CARTESIAN_POINT('',(0.,8.649500532042,9.321448909269));
#982 = CARTESIAN_POINT('',(0.,8.350865563757,9.205601280141));
#983 = CARTESIAN_POINT('',(0.,8.06626859972,9.075092300069));
#984 = CARTESIAN_POINT('',(0.,7.797985534397,8.928625632443));
#985 = CARTESIAN_POINT('',(0.,7.547425189903,8.765874686051));
#986 = CARTESIAN_POINT('',(-0.,7.397861590587,8.638588213858));
#987 = CARTESIAN_POINT('',(0.,7.329255345778,8.569551679111));
#988 = PCURVE('',#134,#989);
#989 = DEFINITIONAL_REPRESENTATION('',(#990),#1000);
#990 = B_SPLINE_CURVE_WITH_KNOTS('',3,(#991,#992,#993,#994,#995,#996,
    #997,#998,#999),.UNSPECIFIED.,.F.,.F.,(4,1,1,1,1,1,4),(0.,
    0.327497146337,0.647669338415,0.960513007084,1.266020220529,
    1.564166443513,1.854690543779),.UNSPECIFIED.);
#991 = CARTESIAN_POINT('',(9.419491129892,-8.9595305041));
#992 = CARTESIAN_POINT('',(9.388273818481,-8.854945698519));
#993 = CARTESIAN_POINT('',(9.321448909269,-8.649500532042));
#994 = CARTESIAN_POINT('',(9.205601280141,-8.350865563757));
#995 = CARTESIAN_POINT('',(9.075092300069,-8.06626859972));
#996 = CARTESIAN_POINT('',(8.928625632443,-7.797985534397));
#997 = CARTESIAN_POINT('',(8.765874686051,-7.547425189903));
#998 = CARTESIAN_POINT('',(8.638588213858,-7.397861590587));
#999 = CARTESIAN_POINT('',(8.569551679111,-7.329255345778));
#1000 = ( GEOMETRIC_REPRESENTATION_CONTEXT(2) 
PARAMETRIC_REPRESENTATION_CONTEXT() REPRESENTATION_CONTEXT('2D SPACE',''
  ) );
#1001 = PCURVE('',#1002,#1015);
#1002 = SURFACE_OF_LINEAR_EXTRUSION('',#1003,#1013);
#1003 = B_SPLINE_CURVE_WITH_KNOTS('',3,(#1004,#1005,#1006,#1007,#1008,
    #1009,#1010,#1011,#1012),.UNSPECIFIED.,.F.,.F.,(4,1,1,1,1,1,4),(0.,
    0.327497146337,0.647669338415,0.960513007084,1.266020220529,
    1.564166443513,1.854690543779),.UNSPECIFIED.);
#1004 = CARTESIAN_POINT('',(0.,8.9595305041,9.419491129892));
#1005 = CARTESIAN_POINT('',(0.,8.854945698519,9.388273818481));
#1006 = CARTESIAN_POINT('',(0.,8.649500532042,9.321448909269));
#1007 = CARTESIAN_POINT('',(0.,8.350865563757,9.205601280141));
#1008 = CARTESIAN_POINT('',(0.,8.06626859972,9.075092300069));
#1009 = CARTESIAN_POINT('',(0.,7.797985534397,8.928625632443));
#1010 = CARTESIAN_POINT('',(0.,7.547425189903,8.765874686051));
#1011 = CARTESIAN_POINT('',(-0.,7.397861590587,8.638588213858));
#1012 = CARTESIAN_POINT('',(0.,7.329255345778,8.569551679111));
#1013 = VECTOR('',#1014,1.);
#1014 = DIRECTION('',(-1.,-0.,-0.));
#1015 = DEFINITIONAL_REPRESENTATION('',(#1016),#1020);
#1016 = LINE('',#1017,#1018);
#1017 = CARTESIAN_POINT('',(0.,0.));
#1018 = VECTOR('',#1019,1.);
#1019 = DIRECTION('',(1.,0.));
#1020 = ( GEOMETRIC_REPRESENTATION_CONTEXT(2) 
PARAMETRIC_REPRESENTATION_CONTEXT() REPRESENTATION_CONTEXT('2D SPACE',''
  ) );
#1021 = ORIENTED_EDGE('',*,*,#1022,.T.);
#1022 = EDGE_CURVE('',#975,#1023,#1025,.T.);
#1023 = VERTEX_POINT('',#1024);
#1024 = CARTESIAN_POINT('',(0.,6.987169104051,8.169575748556));
#1025 = SURFACE_CURVE('',#1026,(#1030,#1037),.PCURVE_S1.);
#1026 = LINE('',#1027,#1028);
#1027 = CARTESIAN_POINT('',(0.,7.329255345778,8.569551679111));
#1028 = VECTOR('',#1029,1.);
#1029 = DIRECTION('',(0.,-0.649969218981,-0.759960534749));
#1030 = PCURVE('',#134,#1031);
#1031 = DEFINITIONAL_REPRESENTATION('',(#1032),#1036);
#1032 = LINE('',#1033,#1034);
#1033 = CARTESIAN_POINT('',(8.569551679111,-7.329255345778));
#1034 = VECTOR('',#1035,1.);
#1035 = DIRECTION('',(-0.759960534749,0.649969218981));
#1036 = ( GEOMETRIC_REPRESENTATION_CONTEXT(2) 
PARAMETRIC_REPRESENTATION_CONTEXT() REPRESENTATION_CONTEXT('2D SPACE',''
  ) );
#1037 = PCURVE('',#1038,#1043);
#1038 = PLANE('',#1039);
#1039 = AXIS2_PLACEMENT_3D('',#1040,#1041,#1042);
#1040 = CARTESIAN_POINT('',(0.,7.329255345778,8.569551679111));
#1041 = DIRECTION('',(0.,0.759960534749,-0.649969218981));
#1042 = DIRECTION('',(0.,-0.649969218981,-0.759960534749));
#1043 = DEFINITIONAL_REPRESENTATION('',(#1044),#1048);
#1044 = LINE('',#1045,#1046);
#1045 = CARTESIAN_POINT('',(0.,0.));
#1046 = VECTOR('',#1047,1.);
#1047 = DIRECTION('',(1.,0.));
#1048 = ( GEOMETRIC_REPRESENTATION_CONTEXT(2) 
PARAMETRIC_REPRESENTATION_CONTEXT() REPRESENTATION_CONTEXT('2D SPACE',''
  ) );
#1049 = ORIENTED_EDGE('',*,*,#1050,.T.);
#1050 = EDGE_CURVE('',#1023,#1051,#1053,.T.);
#1051 = VERTEX_POINT('',#1052);
#1052 = CARTESIAN_POINT('',(0.,6.082791769875,8.863528884386));
#1053 = SURFACE_CURVE('',#1054,(#1058,#1065),.PCURVE_S1.);
#1054 = LINE('',#1055,#1056);
#1055 = CARTESIAN_POINT('',(0.,6.987169104051,8.169575748556));
#1056 = VECTOR('',#1057,1.);
#1057 = DIRECTION('',(0.,-0.793353340291,0.608761429009));
#1058 = PCURVE('',#134,#1059);
#1059 = DEFINITIONAL_REPRESENTATION('',(#1060),#1064);
#1060 = LINE('',#1061,#1062);
#1061 = CARTESIAN_POINT('',(8.169575748556,-6.987169104051));
#1062 = VECTOR('',#1063,1.);
#1063 = DIRECTION('',(0.608761429009,0.793353340291));
#1064 = ( GEOMETRIC_REPRESENTATION_CONTEXT(2) 
PARAMETRIC_REPRESENTATION_CONTEXT() REPRESENTATION_CONTEXT('2D SPACE',''
  ) );
#1065 = PCURVE('',#1066,#1071);
#1066 = PLANE('',#1067);
#1067 = AXIS2_PLACEMENT_3D('',#1068,#1069,#1070);
#1068 = CARTESIAN_POINT('',(0.,6.987169104051,8.169575748556));
#1069 = DIRECTION('',(0.,-0.608761429009,-0.793353340291));
#1070 = DIRECTION('',(0.,-0.793353340291,0.608761429009));
#1071 = DEFINITIONAL_REPRESENTATION('',(#1072),#1076);
#1072 = LINE('',#1073,#1074);
#1073 = CARTESIAN_POINT('',(0.,0.));
#1074 = VECTOR('',#1075,1.);
#1075 = DIRECTION('',(1.,0.));
#1076 = ( GEOMETRIC_REPRESENTATION_CONTEXT(2) 
PARAMETRIC_REPRESENTATION_CONTEXT() REPRESENTATION_CONTEXT('2D SPACE',''
  ) );
#1077 = ORIENTED_EDGE('',*,*,#1078,.T.);
#1078 = EDGE_CURVE('',#1051,#1079,#1081,.T.);
#1079 = VERTEX_POINT('',#1080);
#1080 = CARTESIAN_POINT('',(0.,6.380600416665,9.297480208499));
#1081 = SURFACE_CURVE('',#1082,(#1086,#1093),.PCURVE_S1.);
#1082 = LINE('',#1083,#1084);
#1083 = CARTESIAN_POINT('',(0.,6.082791769875,8.863528884386));
#1084 = VECTOR('',#1085,1.);
#1085 = DIRECTION('',(0.,0.565841094872,0.824514314827));
#1086 = PCURVE('',#134,#1087);
#1087 = DEFINITIONAL_REPRESENTATION('',(#1088),#1092);
#1088 = LINE('',#1089,#1090);
#1089 = CARTESIAN_POINT('',(8.863528884386,-6.082791769875));
#1090 = VECTOR('',#1091,1.);
#1091 = DIRECTION('',(0.824514314827,-0.565841094872));
#1092 = ( GEOMETRIC_REPRESENTATION_CONTEXT(2) 
PARAMETRIC_REPRESENTATION_CONTEXT() REPRESENTATION_CONTEXT('2D SPACE',''
  ) );
#1093 = PCURVE('',#1094,#1099);
#1094 = PLANE('',#1095);
#1095 = AXIS2_PLACEMENT_3D('',#1096,#1097,#1098);
#1096 = CARTESIAN_POINT('',(0.,6.082791769875,8.863528884386));
#1097 = DIRECTION('',(0.,-0.824514314827,0.565841094872));
#1098 = DIRECTION('',(0.,0.565841094872,0.824514314827));
#1099 = DEFINITIONAL_REPRESENTATION('',(#1100),#1104);
#1100 = LINE('',#1101,#1102);
#1101 = CARTESIAN_POINT('',(0.,0.));
#1102 = VECTOR('',#1103,1.);
#1103 = DIRECTION('',(1.,0.));
#1104 = ( GEOMETRIC_REPRESENTATION_CONTEXT(2) 
PARAMETRIC_REPRESENTATION_CONTEXT() REPRESENTATION_CONTEXT('2D SPACE',''
  ) );
#1105 = ORIENTED_EDGE('',*,*,#1106,.T.);
#1106 = EDGE_CURVE('',#1079,#1107,#1109,.T.);
#1107 = VERTEX_POINT('',#1108);
#1108 = CARTESIAN_POINT('',(0.,6.779632623225,11.092185604925));
#1109 = SURFACE_CURVE('',#1110,(#1120,#1133),.PCURVE_S1.);
#1110 = B_SPLINE_CURVE_WITH_KNOTS('',3,(#1111,#1112,#1113,#1114,#1115,
    #1116,#1117,#1118,#1119),.UNSPECIFIED.,.F.,.F.,(4,1,1,1,1,1,4),(0.,
    0.290524100267,0.58867032325,0.894177536695,1.207021205364,
    1.527193397443,1.854690543779),.UNSPECIFIED.);
#1111 = CARTESIAN_POINT('',(0.,6.380600416665,9.297480208499));
#1112 = CARTESIAN_POINT('',(0.,6.429527985766,9.381616722205));
#1113 = CARTESIAN_POINT('',(0.,6.513767368637,9.559028228644));
#1114 = CARTESIAN_POINT('',(0.,6.606122921907,9.84317398097));
#1115 = CARTESIAN_POINT('',(0.,6.678162092073,10.140223885575));
#1116 = CARTESIAN_POINT('',(0.,6.730564972017,10.448901652821));
#1117 = CARTESIAN_POINT('',(0.,6.76517277158,10.76734445407));
#1118 = CARTESIAN_POINT('',(-0.,6.776547555419,10.983084805447));
#1119 = CARTESIAN_POINT('',(0.,6.779632623225,11.092185604925));
#1120 = PCURVE('',#134,#1121);
#1121 = DEFINITIONAL_REPRESENTATION('',(#1122),#1132);
#1122 = B_SPLINE_CURVE_WITH_KNOTS('',3,(#1123,#1124,#1125,#1126,#1127,
    #1128,#1129,#1130,#1131),.UNSPECIFIED.,.F.,.F.,(4,1,1,1,1,1,4),(0.,
    0.290524100267,0.58867032325,0.894177536695,1.207021205364,
    1.527193397443,1.854690543779),.UNSPECIFIED.);
#1123 = CARTESIAN_POINT('',(9.297480208499,-6.380600416665));
#1124 = CARTESIAN_POINT('',(9.381616722205,-6.429527985766));
#1125 = CARTESIAN_POINT('',(9.559028228644,-6.513767368637));
#1126 = CARTESIAN_POINT('',(9.84317398097,-6.606122921907));
#1127 = CARTESIAN_POINT('',(10.140223885575,-6.678162092073));
#1128 = CARTESIAN_POINT('',(10.448901652821,-6.730564972017));
#1129 = CARTESIAN_POINT('',(10.76734445407,-6.76517277158));
#1130 = CARTESIAN_POINT('',(10.983084805447,-6.776547555419));
#1131 = CARTESIAN_POINT('',(11.092185604925,-6.779632623225));
#1132 = ( GEOMETRIC_REPRESENTATION_CONTEXT(2) 
PARAMETRIC_REPRESENTATION_CONTEXT() REPRESENTATION_CONTEXT('2D SPACE',''
  ) );
#1133 = PCURVE('',#1134,#1147);
#1134 = SURFACE_OF_LINEAR_EXTRUSION('',#1135,#1145);
#1135 = B_SPLINE_CURVE_WITH_KNOTS('',3,(#1136,#1137,#1138,#1139,#1140,
    #1141,#1142,#1143,#1144),.UNSPECIFIED.,.F.,.F.,(4,1,1,1,1,1,4),(0.,
    0.290524100267,0.58867032325,0.894177536695,1.207021205364,
    1.527193397443,1.854690543779),.UNSPECIFIED.);
#1136 = CARTESIAN_POINT('',(0.,6.380600416665,9.297480208499));
#1137 = CARTESIAN_POINT('',(0.,6.429527985766,9.381616722205));
#1138 = CARTESIAN_POINT('',(0.,6.513767368637,9.559028228644));
#1139 = CARTESIAN_POINT('',(0.,6.606122921907,9.84317398097));
#1140 = CARTESIAN_POINT('',(0.,6.678162092073,10.140223885575));
#1141 = CARTESIAN_POINT('',(0.,6.730564972017,10.448901652821));
#1142 = CARTESIAN_POINT('',(0.,6.76517277158,10.76734445407));
#1143 = CARTESIAN_POINT('',(-0.,6.776547555419,10.983084805447));
#1144 = CARTESIAN_POINT('',(0.,6.779632623225,11.092185604925));
#1145 = VECTOR('',#1146,1.);
#1146 = DIRECTION('',(-1.,-0.,-0.));
#1147 = DEFINITIONAL_REPRESENTATION('',(#1148),#1152);
#1148 = LINE('',#1149,#1150);
#1149 = CARTESIAN_POINT('',(0.,0.));
#1150 = VECTOR('',#1151,1.);
#1151 = DIRECTION('',(1.,0.));
#1152 = ( GEOMETRIC_REPRESENTATION_CONTEXT(2) 
PARAMETRIC_REPRESENTATION_CONTEXT() REPRESENTATION_CONTEXT('2D SPACE',''
  ) );
#1153 = ORIENTED_EDGE('',*,*,#1154,.T.);
#1154 = EDGE_CURVE('',#1107,#1155,#1157,.T.);
#1155 = VERTEX_POINT('',#1156);
#1156 = CARTESIAN_POINT('',(0.,6.216298205745,11.417426882501));
#1157 = SURFACE_CURVE('',#1158,(#1162,#1169),.PCURVE_S1.);
#1158 = LINE('',#1159,#1160);
#1159 = CARTESIAN_POINT('',(0.,6.779632623225,11.092185604925));
#1160 = VECTOR('',#1161,1.);
#1161 = DIRECTION('',(0.,-0.866025403784,0.5));
#1162 = PCURVE('',#134,#1163);
#1163 = DEFINITIONAL_REPRESENTATION('',(#1164),#1168);
#1164 = LINE('',#1165,#1166);
#1165 = CARTESIAN_POINT('',(11.092185604925,-6.779632623225));
#1166 = VECTOR('',#1167,1.);
#1167 = DIRECTION('',(0.5,0.866025403784));
#1168 = ( GEOMETRIC_REPRESENTATION_CONTEXT(2) 
PARAMETRIC_REPRESENTATION_CONTEXT() REPRESENTATION_CONTEXT('2D SPACE',''
  ) );
#1169 = PCURVE('',#1170,#1175);
#1170 = PLANE('',#1171);
#1171 = AXIS2_PLACEMENT_3D('',#1172,#1173,#1174);
#1172 = CARTESIAN_POINT('',(0.,6.779632623225,11.092185604925));
#1173 = DIRECTION('',(0.,-0.5,-0.866025403784));
#1174 = DIRECTION('',(0.,-0.866025403784,0.5));
#1175 = DEFINITIONAL_REPRESENTATION('',(#1176),#1180);
#1176 = LINE('',#1177,#1178);
#1177 = CARTESIAN_POINT('',(0.,0.));
#1178 = VECTOR('',#1179,1.);
#1179 = DIRECTION('',(1.,0.));
#1180 = ( GEOMETRIC_REPRESENTATION_CONTEXT(2) 
PARAMETRIC_REPRESENTATION_CONTEXT() REPRESENTATION_CONTEXT('2D SPACE',''
  ) );
#1181 = ORIENTED_EDGE('',*,*,#1182,.T.);
#1182 = EDGE_CURVE('',#1155,#1183,#1185,.T.);
#1183 = VERTEX_POINT('',#1184);
#1184 = CARTESIAN_POINT('',(0.,4.86155384341,10.174502156479));
#1185 = SURFACE_CURVE('',#1186,(#1196,#1209),.PCURVE_S1.);
#1186 = B_SPLINE_CURVE_WITH_KNOTS('',3,(#1187,#1188,#1189,#1190,#1191,
    #1192,#1193,#1194,#1195),.UNSPECIFIED.,.F.,.F.,(4,1,1,1,1,1,4),(0.,
    0.327497146337,0.647669338415,0.960513007084,1.266020220529,
    1.564166443513,1.854690543779),.UNSPECIFIED.);
#1187 = CARTESIAN_POINT('',(0.,6.216298205745,11.417426882501));
#1188 = CARTESIAN_POINT('',(0.,6.123356675727,11.36020473567));
#1189 = CARTESIAN_POINT('',(0.,5.942207442732,11.242483708214));
#1190 = CARTESIAN_POINT('',(0.,5.68373178698,11.053291073999));
#1191 = CARTESIAN_POINT('',(0.,5.442610438933,10.853569965113));
#1192 = CARTESIAN_POINT('',(0.,5.221377260436,10.642657261379));
#1193 = CARTESIAN_POINT('',(0.,5.02147759718,10.420602129904));
#1194 = CARTESIAN_POINT('',(-0.,4.909954417116,10.258942931118));
#1195 = CARTESIAN_POINT('',(0.,4.86155384341,10.174502156479));
#1196 = PCURVE('',#134,#1197);
#1197 = DEFINITIONAL_REPRESENTATION('',(#1198),#1208);
#1198 = B_SPLINE_CURVE_WITH_KNOTS('',3,(#1199,#1200,#1201,#1202,#1203,
    #1204,#1205,#1206,#1207),.UNSPECIFIED.,.F.,.F.,(4,1,1,1,1,1,4),(0.,
    0.327497146337,0.647669338415,0.960513007084,1.266020220529,
    1.564166443513,1.854690543779),.UNSPECIFIED.);
#1199 = CARTESIAN_POINT('',(11.417426882501,-6.216298205745));
#1200 = CARTESIAN_POINT('',(11.36020473567,-6.123356675727));
#1201 = CARTESIAN_POINT('',(11.242483708214,-5.942207442732));
#1202 = CARTESIAN_POINT('',(11.053291073999,-5.68373178698));
#1203 = CARTESIAN_POINT('',(10.853569965113,-5.442610438933));
#1204 = CARTESIAN_POINT('',(10.642657261379,-5.221377260436));
#1205 = CARTESIAN_POINT('',(10.420602129904,-5.02147759718));
#1206 = CARTESIAN_POINT('',(10.258942931118,-4.909954417116));
#1207 = CARTESIAN_POINT('',(10.174502156479,-4.86155384341));
#1208 = ( GEOMETRIC_REPRESENTATION_CONTEXT(2) 
PARAMETRIC_REPRESENTATION_CONTEXT() REPRESENTATION_CONTEXT('2D SPACE',''
  ) );
#1209 = PCURVE('',#1210,#1223);
#1210 = SURFACE_OF_LINEAR_EXTRUSION('',#1211,#1221);
#1211 = B_SPLINE_CURVE_WITH_KNOTS('',3,(#1212,#1213,#1214,#1215,#1216,
    #1217,#1218,#1219,#1220),.UNSPECIFIED.,.F.,.F.,(4,1,1,1,1,1,4),(0.,
    0.327497146337,0.647669338415,0.960513007084,1.266020220529,
    1.564166443513,1.854690543779),.UNSPECIFIED.);
#1212 = CARTESIAN_POINT('',(0.,6.216298205745,11.417426882501));
#1213 = CARTESIAN_POINT('',(0.,6.123356675727,11.36020473567));
#1214 = CARTESIAN_POINT('',(0.,5.942207442732,11.242483708214));
#1215 = CARTESIAN_POINT('',(0.,5.68373178698,11.053291073999));
#1216 = CARTESIAN_POINT('',(0.,5.442610438933,10.853569965113));
#1217 = CARTESIAN_POINT('',(0.,5.221377260436,10.642657261379));
#1218 = CARTESIAN_POINT('',(0.,5.02147759718,10.420602129904));
#1219 = CARTESIAN_POINT('',(-0.,4.909954417116,10.258942931118));
#1220 = CARTESIAN_POINT('',(0.,4.86155384341,10.174502156479));
#1221 = VECTOR('',#1222,1.);
#1222 = DIRECTION('',(-1.,-0.,-0.));
#1223 = DEFINITIONAL_REPRESENTATION('',(#1224),#1228);
#1224 = LINE('',#1225,#1226);
#1225 = CARTESIAN_POINT('',(0.,0.));
#1226 = VECTOR('',#1227,1.);
#1227 = DIRECTION('',(1.,0.));
#1228 = ( GEOMETRIC_REPRESENTATION_CONTEXT(2) 
PARAMETRIC_REPRESENTATION_CONTEXT() REPRESENTATION_CONTEXT('2D SPACE',''
  ) );
#1229 = ORIENTED_EDGE('',*,*,#1230,.T.);
#1230 = EDGE_CURVE('',#1183,#1231,#1233,.T.);
#1231 = VERTEX_POINT('',#1232);
#1232 = CARTESIAN_POINT('',(0.,4.634645296118,9.699616640836));
#1233 = SURFACE_CURVE('',#1234,(#1238,#1245),.PCURVE_S1.);
#1234 = LINE('',#1235,#1236);
#1235 = CARTESIAN_POINT('',(0.,4.86155384341,10.174502156479));
#1236 = VECTOR('',#1237,1.);
#1237 = DIRECTION('',(0.,-0.431129794988,-0.902289920078));
#1238 = PCURVE('',#134,#1239);
#1239 = DEFINITIONAL_REPRESENTATION('',(#1240),#1244);
#1240 = LINE('',#1241,#1242);
#1241 = CARTESIAN_POINT('',(10.174502156479,-4.86155384341));
#1242 = VECTOR('',#1243,1.);
#1243 = DIRECTION('',(-0.902289920078,0.431129794988));
#1244 = ( GEOMETRIC_REPRESENTATION_CONTEXT(2) 
PARAMETRIC_REPRESENTATION_CONTEXT() REPRESENTATION_CONTEXT('2D SPACE',''
  ) );
#1245 = PCURVE('',#1246,#1251);
#1246 = PLANE('',#1247);
#1247 = AXIS2_PLACEMENT_3D('',#1248,#1249,#1250);
#1248 = CARTESIAN_POINT('',(0.,4.86155384341,10.174502156479));
#1249 = DIRECTION('',(0.,0.902289920078,-0.431129794988));
#1250 = DIRECTION('',(0.,-0.431129794988,-0.902289920078));
#1251 = DEFINITIONAL_REPRESENTATION('',(#1252),#1256);
#1252 = LINE('',#1253,#1254);
#1253 = CARTESIAN_POINT('',(0.,0.));
#1254 = VECTOR('',#1255,1.);
#1255 = DIRECTION('',(1.,0.));
#1256 = ( GEOMETRIC_REPRESENTATION_CONTEXT(2) 
PARAMETRIC_REPRESENTATION_CONTEXT() REPRESENTATION_CONTEXT('2D SPACE',''
  ) );
#1257 = ORIENTED_EDGE('',*,*,#1258,.T.);
#1258 = EDGE_CURVE('',#1231,#1259,#1261,.T.);
#1259 = VERTEX_POINT('',#1260);
#1260 = CARTESIAN_POINT('',(0.,3.581475584366,10.135853818924));
#1261 = SURFACE_CURVE('',#1262,(#1266,#1273),.PCURVE_S1.);
#1262 = LINE('',#1263,#1264);
#1263 = CARTESIAN_POINT('',(0.,4.634645296118,9.699616640836));
#1264 = VECTOR('',#1265,1.);
#1265 = DIRECTION('',(0.,-0.923879532511,0.382683432365));
#1266 = PCURVE('',#134,#1267);
#1267 = DEFINITIONAL_REPRESENTATION('',(#1268),#1272);
#1268 = LINE('',#1269,#1270);
#1269 = CARTESIAN_POINT('',(9.699616640836,-4.634645296118));
#1270 = VECTOR('',#1271,1.);
#1271 = DIRECTION('',(0.382683432365,0.923879532511));
#1272 = ( GEOMETRIC_REPRESENTATION_CONTEXT(2) 
PARAMETRIC_REPRESENTATION_CONTEXT() REPRESENTATION_CONTEXT('2D SPACE',''
  ) );
#1273 = PCURVE('',#1274,#1279);
#1274 = PLANE('',#1275);
#1275 = AXIS2_PLACEMENT_3D('',#1276,#1277,#1278);
#1276 = CARTESIAN_POINT('',(0.,4.634645296118,9.699616640836));
#1277 = DIRECTION('',(0.,-0.382683432365,-0.923879532511));
#1278 = DIRECTION('',(0.,-0.923879532511,0.382683432365));
#1279 = DEFINITIONAL_REPRESENTATION('',(#1280),#1284);
#1280 = LINE('',#1281,#1282);
#1281 = CARTESIAN_POINT('',(0.,0.));
#1282 = VECTOR('',#1283,1.);
#1283 = DIRECTION('',(1.,0.));
#1284 = ( GEOMETRIC_REPRESENTATION_CONTEXT(2) 
PARAMETRIC_REPRESENTATION_CONTEXT() REPRESENTATION_CONTEXT('2D SPACE',''
  ) );
#1285 = ORIENTED_EDGE('',*,*,#1286,.T.);
#1286 = EDGE_CURVE('',#1259,#1287,#1289,.T.);
#1287 = VERTEX_POINT('',#1288);
#1288 = CARTESIAN_POINT('',(0.,3.756821780264,10.632097159822));
#1289 = SURFACE_CURVE('',#1290,(#1294,#1301),.PCURVE_S1.);
#1290 = LINE('',#1291,#1292);
#1291 = CARTESIAN_POINT('',(0.,3.581475584366,10.135853818924));
#1292 = VECTOR('',#1293,1.);
#1293 = DIRECTION('',(0.,0.333160519476,0.942870122691));
#1294 = PCURVE('',#134,#1295);
#1295 = DEFINITIONAL_REPRESENTATION('',(#1296),#1300);
#1296 = LINE('',#1297,#1298);
#1297 = CARTESIAN_POINT('',(10.135853818924,-3.581475584366));
#1298 = VECTOR('',#1299,1.);
#1299 = DIRECTION('',(0.942870122691,-0.333160519476));
#1300 = ( GEOMETRIC_REPRESENTATION_CONTEXT(2) 
PARAMETRIC_REPRESENTATION_CONTEXT() REPRESENTATION_CONTEXT('2D SPACE',''
  ) );
#1301 = PCURVE('',#1302,#1307);
#1302 = PLANE('',#1303);
#1303 = AXIS2_PLACEMENT_3D('',#1304,#1305,#1306);
#1304 = CARTESIAN_POINT('',(0.,3.581475584366,10.135853818924));
#1305 = DIRECTION('',(0.,-0.942870122691,0.333160519476));
#1306 = DIRECTION('',(0.,0.333160519476,0.942870122691));
#1307 = DEFINITIONAL_REPRESENTATION('',(#1308),#1312);
#1308 = LINE('',#1309,#1310);
#1309 = CARTESIAN_POINT('',(0.,0.));
#1310 = VECTOR('',#1311,1.);
#1311 = DIRECTION('',(1.,0.));
#1312 = ( GEOMETRIC_REPRESENTATION_CONTEXT(2) 
PARAMETRIC_REPRESENTATION_CONTEXT() REPRESENTATION_CONTEXT('2D SPACE',''
  ) );
#1313 = ORIENTED_EDGE('',*,*,#1314,.T.);
#1314 = EDGE_CURVE('',#1287,#1315,#1317,.T.);
#1315 = VERTEX_POINT('',#1316);
#1316 = CARTESIAN_POINT('',(0.,3.677753357158,12.468926587478));
#1317 = SURFACE_CURVE('',#1318,(#1328,#1341),.PCURVE_S1.);
#1318 = B_SPLINE_CURVE_WITH_KNOTS('',3,(#1319,#1320,#1321,#1322,#1323,
    #1324,#1325,#1326,#1327),.UNSPECIFIED.,.F.,.F.,(4,1,1,1,1,1,4),(0.,
    0.290524100267,0.58867032325,0.894177536695,1.207021205364,
    1.527193397443,1.854690543779),.UNSPECIFIED.);
#1319 = CARTESIAN_POINT('',(0.,3.756821780264,10.632097159822));
#1320 = CARTESIAN_POINT('',(0.,3.78230605074,10.726030178059));
#1321 = CARTESIAN_POINT('',(0.,3.81775756956,10.919199290644));
#1322 = CARTESIAN_POINT('',(0.,3.833423851378,11.217566387353));
#1323 = CARTESIAN_POINT('',(0.,3.826126173688,11.523139671141));
#1324 = CARTESIAN_POINT('',(0.,3.796851783834,11.834862361872));
#1325 = CARTESIAN_POINT('',(0.,3.747861289485,12.15141164543));
#1326 = CARTESIAN_POINT('',(-0.,3.70301077523,12.36274483329));
#1327 = CARTESIAN_POINT('',(0.,3.677753357158,12.468926587478));
#1328 = PCURVE('',#134,#1329);
#1329 = DEFINITIONAL_REPRESENTATION('',(#1330),#1340);
#1330 = B_SPLINE_CURVE_WITH_KNOTS('',3,(#1331,#1332,#1333,#1334,#1335,
    #1336,#1337,#1338,#1339),.UNSPECIFIED.,.F.,.F.,(4,1,1,1,1,1,4),(0.,
    0.290524100267,0.58867032325,0.894177536695,1.207021205364,
    1.527193397443,1.854690543779),.UNSPECIFIED.);
#1331 = CARTESIAN_POINT('',(10.632097159822,-3.756821780264));
#1332 = CARTESIAN_POINT('',(10.726030178059,-3.78230605074));
#1333 = CARTESIAN_POINT('',(10.919199290644,-3.81775756956));
#1334 = CARTESIAN_POINT('',(11.217566387353,-3.833423851378));
#1335 = CARTESIAN_POINT('',(11.523139671141,-3.826126173688));
#1336 = CARTESIAN_POINT('',(11.834862361872,-3.796851783834));
#1337 = CARTESIAN_POINT('',(12.15141164543,-3.747861289485));
#1338 = CARTESIAN_POINT('',(12.36274483329,-3.70301077523));
#1339 = CARTESIAN_POINT('',(12.468926587478,-3.677753357158));
#1340 = ( GEOMETRIC_REPRESENTATION_CONTEXT(2) 
PARAMETRIC_REPRESENTATION_CONTEXT() REPRESENTATION_CONTEXT('2D SPACE',''
  ) );
#1341 = PCURVE('',#1342,#1355);
#1342 = SURFACE_OF_LINEAR_EXTRUSION('',#1343,#1353);
#1343 = B_SPLINE_CURVE_WITH_KNOTS('',3,(#1344,#1345,#1346,#1347,#1348,
    #1349,#1350,#1351,#1352),.UNSPECIFIED.,.F.,.F.,(4,1,1,1,1,1,4),(0.,
    0.290524100267,0.58867032325,0.894177536695,1.207021205364,
    1.527193397443,1.854690543779),.UNSPECIFIED.);
#1344 = CARTESIAN_POINT('',(0.,3.756821780264,10.632097159822));
#1345 = CARTESIAN_POINT('',(0.,3.78230605074,10.726030178059));
#1346 = CARTESIAN_POINT('',(0.,3.81775756956,10.919199290644));
#1347 = CARTESIAN_POINT('',(0.,3.833423851378,11.217566387353));
#1348 = CARTESIAN_POINT('',(0.,3.826126173688,11.523139671141));
#1349 = CARTESIAN_POINT('',(0.,3.796851783834,11.834862361872));
#1350 = CARTESIAN_POINT('',(0.,3.747861289485,12.15141164543));
#1351 = CARTESIAN_POINT('',(-0.,3.70301077523,12.36274483329));
#1352 = CARTESIAN_POINT('',(0.,3.677753357158,12.468926587478));
#1353 = VECTOR('',#1354,1.);
#1354 = DIRECTION('',(-1.,-0.,-0.));
#1355 = DEFINITIONAL_REPRESENTATION('',(#1356),#1360);
#1356 = LINE('',#1357,#1358);
#1357 = CARTESIAN_POINT('',(0.,0.));
#1358 = VECTOR('',#1359,1.);
#1359 = DIRECTION('',(1.,0.));
#1360 = ( GEOMETRIC_REPRESENTATION_CONTEXT(2) 
PARAMETRIC_REPRESENTATION_CONTEXT() REPRESENTATION_CONTEXT('2D SPACE',''
  ) );
#1361 = ORIENTED_EDGE('',*,*,#1362,.T.);
#1362 = EDGE_CURVE('',#1315,#1363,#1365,.T.);
#1363 = VERTEX_POINT('',#1364);
#1364 = CARTESIAN_POINT('',(0.,3.049435457586,12.637283861258));
#1365 = SURFACE_CURVE('',#1366,(#1370,#1377),.PCURVE_S1.);
#1366 = LINE('',#1367,#1368);
#1367 = CARTESIAN_POINT('',(0.,3.677753357158,12.468926587478));
#1368 = VECTOR('',#1369,1.);
#1369 = DIRECTION('',(0.,-0.965925826289,0.258819045103));
#1370 = PCURVE('',#134,#1371);
#1371 = DEFINITIONAL_REPRESENTATION('',(#1372),#1376);
#1372 = LINE('',#1373,#1374);
#1373 = CARTESIAN_POINT('',(12.468926587478,-3.677753357158));
#1374 = VECTOR('',#1375,1.);
#1375 = DIRECTION('',(0.258819045103,0.965925826289));
#1376 = ( GEOMETRIC_REPRESENTATION_CONTEXT(2) 
PARAMETRIC_REPRESENTATION_CONTEXT() REPRESENTATION_CONTEXT('2D SPACE',''
  ) );
#1377 = PCURVE('',#1378,#1383);
#1378 = PLANE('',#1379);
#1379 = AXIS2_PLACEMENT_3D('',#1380,#1381,#1382);
#1380 = CARTESIAN_POINT('',(0.,3.677753357158,12.468926587478));
#1381 = DIRECTION('',(0.,-0.258819045103,-0.965925826289));
#1382 = DIRECTION('',(0.,-0.965925826289,0.258819045103));
#1383 = DEFINITIONAL_REPRESENTATION('',(#1384),#1388);
#1384 = LINE('',#1385,#1386);
#1385 = CARTESIAN_POINT('',(0.,0.));
#1386 = VECTOR('',#1387,1.);
#1387 = DIRECTION('',(1.,0.));
#1388 = ( GEOMETRIC_REPRESENTATION_CONTEXT(2) 
PARAMETRIC_REPRESENTATION_CONTEXT() REPRESENTATION_CONTEXT('2D SPACE',''
  ) );
#1389 = ORIENTED_EDGE('',*,*,#1390,.T.);
#1390 = EDGE_CURVE('',#1363,#1391,#1393,.T.);
#1391 = VERTEX_POINT('',#1392);
#1392 = CARTESIAN_POINT('',(0.,2.062545480712,11.086077126042));
#1393 = SURFACE_CURVE('',#1394,(#1404,#1417),.PCURVE_S1.);
#1394 = B_SPLINE_CURVE_WITH_KNOTS('',3,(#1395,#1396,#1397,#1398,#1399,
    #1400,#1401,#1402,#1403),.UNSPECIFIED.,.F.,.F.,(4,1,1,1,1,1,4),(0.,
    0.327497146337,0.647669338415,0.960513007084,1.266020220529,
    1.564166443513,1.854690543779),.UNSPECIFIED.);
#1395 = CARTESIAN_POINT('',(0.,3.049435457586,12.637283861258));
#1396 = CARTESIAN_POINT('',(0.,2.974471014809,12.557956473749));
#1397 = CARTESIAN_POINT('',(0.,2.829962736161,12.397361821527));
#1398 = CARTESIAN_POINT('',(0.,2.629261081731,12.147717347591));
#1399 = CARTESIAN_POINT('',(0.,2.448047371072,11.892394773408));
#1400 = CARTESIAN_POINT('',(0.,2.28894075491,11.631409385775));
#1401 = CARTESIAN_POINT('',(0.,2.153324604593,11.365182759463));
#1402 = CARTESIAN_POINT('',(-0.,2.087441964201,11.180167641328));
#1403 = CARTESIAN_POINT('',(0.,2.062545480712,11.086077126042));
#1404 = PCURVE('',#134,#1405);
#1405 = DEFINITIONAL_REPRESENTATION('',(#1406),#1416);
#1406 = B_SPLINE_CURVE_WITH_KNOTS('',3,(#1407,#1408,#1409,#1410,#1411,
    #1412,#1413,#1414,#1415),.UNSPECIFIED.,.F.,.F.,(4,1,1,1,1,1,4),(0.,
    0.327497146337,0.647669338415,0.960513007084,1.266020220529,
    1.564166443513,1.854690543779),.UNSPECIFIED.);
#1407 = CARTESIAN_POINT('',(12.637283861258,-3.049435457586));
#1408 = CARTESIAN_POINT('',(12.557956473749,-2.974471014809));
#1409 = CARTESIAN_POINT('',(12.397361821527,-2.829962736161));
#1410 = CARTESIAN_POINT('',(12.147717347591,-2.629261081731));
#1411 = CARTESIAN_POINT('',(11.892394773408,-2.448047371072));
#1412 = CARTESIAN_POINT('',(11.631409385775,-2.28894075491));
#1413 = CARTESIAN_POINT('',(11.365182759463,-2.153324604593));
#1414 = CARTESIAN_POINT('',(11.180167641328,-2.087441964201));
#1415 = CARTESIAN_POINT('',(11.086077126042,-2.062545480712));
#1416 = ( GEOMETRIC_REPRESENTATION_CONTEXT(2) 
PARAMETRIC_REPRESENTATION_CONTEXT() REPRESENTATION_CONTEXT('2D SPACE',''
  ) );
#1417 = PCURVE('',#1418,#1431);
#1418 = SURFACE_OF_LINEAR_EXTRUSION('',#1419,#1429);
#1419 = B_SPLINE_CURVE_WITH_KNOTS('',3,(#1420,#1421,#1422,#1423,#1424,
    #1425,#1426,#1427,#1428),.UNSPECIFIED.,.F.,.F.,(4,1,1,1,1,1,4),(0.,
    0.327497146337,0.647669338415,0.960513007084,1.266020220529,
    1.564166443513,1.854690543779),.UNSPECIFIED.);
#1420 = CARTESIAN_POINT('',(0.,3.049435457586,12.637283861258));
#1421 = CARTESIAN_POINT('',(0.,2.974471014809,12.557956473749));
#1422 = CARTESIAN_POINT('',(0.,2.829962736161,12.397361821527));
#1423 = CARTESIAN_POINT('',(0.,2.629261081731,12.147717347591));
#1424 = CARTESIAN_POINT('',(0.,2.448047371072,11.892394773408));
#1425 = CARTESIAN_POINT('',(0.,2.28894075491,11.631409385775));
#1426 = CARTESIAN_POINT('',(0.,2.153324604593,11.365182759463));
#1427 = CARTESIAN_POINT('',(-0.,2.087441964201,11.180167641328));
#1428 = CARTESIAN_POINT('',(0.,2.062545480712,11.086077126042));
#1429 = VECTOR('',#1430,1.);
#1430 = DIRECTION('',(-1.,-0.,-0.));
#1431 = DEFINITIONAL_REPRESENTATION('',(#1432),#1436);
#1432 = LINE('',#1433,#1434);
#1433 = CARTESIAN_POINT('',(0.,0.));
#1434 = VECTOR('',#1435,1.);
#1435 = DIRECTION('',(1.,0.));
#1436 = ( GEOMETRIC_REPRESENTATION_CONTEXT(2) 
PARAMETRIC_REPRESENTATION_CONTEXT() REPRESENTATION_CONTEXT('2D SPACE',''
  ) );
#1437 = ORIENTED_EDGE('',*,*,#1438,.T.);
#1438 = EDGE_CURVE('',#1391,#1439,#1441,.T.);
#1439 = VERTEX_POINT('',#1440);
#1440 = CARTESIAN_POINT('',(0.,1.966278070367,10.568644688416));
#1441 = SURFACE_CURVE('',#1442,(#1446,#1453),.PCURVE_S1.);
#1442 = LINE('',#1443,#1444);
#1443 = CARTESIAN_POINT('',(0.,2.062545480712,11.086077126042));
#1444 = VECTOR('',#1445,1.);
#1445 = DIRECTION('',(0.,-0.182909587941,-0.983129738457));
#1446 = PCURVE('',#134,#1447);
#1447 = DEFINITIONAL_REPRESENTATION('',(#1448),#1452);
#1448 = LINE('',#1449,#1450);
#1449 = CARTESIAN_POINT('',(11.086077126042,-2.062545480712));
#1450 = VECTOR('',#1451,1.);
#1451 = DIRECTION('',(-0.983129738457,0.182909587941));
#1452 = ( GEOMETRIC_REPRESENTATION_CONTEXT(2) 
PARAMETRIC_REPRESENTATION_CONTEXT() REPRESENTATION_CONTEXT('2D SPACE',''
  ) );
#1453 = PCURVE('',#1454,#1459);
#1454 = PLANE('',#1455);
#1455 = AXIS2_PLACEMENT_3D('',#1456,#1457,#1458);
#1456 = CARTESIAN_POINT('',(0.,2.062545480712,11.086077126042));
#1457 = DIRECTION('',(0.,0.983129738457,-0.182909587941));
#1458 = DIRECTION('',(0.,-0.182909587941,-0.983129738457));
#1459 = DEFINITIONAL_REPRESENTATION('',(#1460),#1464);
#1460 = LINE('',#1461,#1462);
#1461 = CARTESIAN_POINT('',(0.,0.));
#1462 = VECTOR('',#1463,1.);
#1463 = DIRECTION('',(1.,0.));
#1464 = ( GEOMETRIC_REPRESENTATION_CONTEXT(2) 
PARAMETRIC_REPRESENTATION_CONTEXT() REPRESENTATION_CONTEXT('2D SPACE',''
  ) );
#1465 = ORIENTED_EDGE('',*,*,#1466,.T.);
#1466 = EDGE_CURVE('',#1439,#1467,#1469,.T.);
#1467 = VERTEX_POINT('',#1468);
#1468 = CARTESIAN_POINT('',(0.,0.83608775645,10.717437065993));
#1469 = SURFACE_CURVE('',#1470,(#1474,#1481),.PCURVE_S1.);
#1470 = LINE('',#1471,#1472);
#1471 = CARTESIAN_POINT('',(0.,1.966278070367,10.568644688416));
#1472 = VECTOR('',#1473,1.);
#1473 = DIRECTION('',(0.,-0.991444861374,0.13052619222));
#1474 = PCURVE('',#134,#1475);
#1475 = DEFINITIONAL_REPRESENTATION('',(#1476),#1480);
#1476 = LINE('',#1477,#1478);
#1477 = CARTESIAN_POINT('',(10.568644688416,-1.966278070367));
#1478 = VECTOR('',#1479,1.);
#1479 = DIRECTION('',(0.13052619222,0.991444861374));
#1480 = ( GEOMETRIC_REPRESENTATION_CONTEXT(2) 
PARAMETRIC_REPRESENTATION_CONTEXT() REPRESENTATION_CONTEXT('2D SPACE',''
  ) );
#1481 = PCURVE('',#1482,#1487);
#1482 = PLANE('',#1483);
#1483 = AXIS2_PLACEMENT_3D('',#1484,#1485,#1486);
#1484 = CARTESIAN_POINT('',(0.,1.966278070367,10.568644688416));
#1485 = DIRECTION('',(0.,-0.13052619222,-0.991444861374));
#1486 = DIRECTION('',(0.,-0.991444861374,0.13052619222));
#1487 = DEFINITIONAL_REPRESENTATION('',(#1488),#1492);
#1488 = LINE('',#1489,#1490);
#1489 = CARTESIAN_POINT('',(0.,0.));
#1490 = VECTOR('',#1491,1.);
#1491 = DIRECTION('',(1.,0.));
#1492 = ( GEOMETRIC_REPRESENTATION_CONTEXT(2) 
PARAMETRIC_REPRESENTATION_CONTEXT() REPRESENTATION_CONTEXT('2D SPACE',''
  ) );
#1493 = ORIENTED_EDGE('',*,*,#1494,.T.);
#1494 = EDGE_CURVE('',#1467,#1495,#1497,.T.);
#1495 = VERTEX_POINT('',#1496);
#1496 = CARTESIAN_POINT('',(0.,0.87702194798,11.242154260075));
#1497 = SURFACE_CURVE('',#1498,(#1502,#1509),.PCURVE_S1.);
#1498 = LINE('',#1499,#1500);
#1499 = CARTESIAN_POINT('',(0.,0.83608775645,10.717437065993));
#1500 = VECTOR('',#1501,1.);
#1501 = DIRECTION('',(0.,7.777560525116E-02,0.99697088986));
#1502 = PCURVE('',#134,#1503);
#1503 = DEFINITIONAL_REPRESENTATION('',(#1504),#1508);
#1504 = LINE('',#1505,#1506);
#1505 = CARTESIAN_POINT('',(10.717437065993,-0.83608775645));
#1506 = VECTOR('',#1507,1.);
#1507 = DIRECTION('',(0.99697088986,-7.777560525116E-02));
#1508 = ( GEOMETRIC_REPRESENTATION_CONTEXT(2) 
PARAMETRIC_REPRESENTATION_CONTEXT() REPRESENTATION_CONTEXT('2D SPACE',''
  ) );
#1509 = PCURVE('',#1510,#1515);
#1510 = PLANE('',#1511);
#1511 = AXIS2_PLACEMENT_3D('',#1512,#1513,#1514);
#1512 = CARTESIAN_POINT('',(0.,0.83608775645,10.717437065993));
#1513 = DIRECTION('',(0.,-0.99697088986,7.777560525116E-02));
#1514 = DIRECTION('',(0.,7.777560525116E-02,0.99697088986));
#1515 = DEFINITIONAL_REPRESENTATION('',(#1516),#1520);
#1516 = LINE('',#1517,#1518);
#1517 = CARTESIAN_POINT('',(0.,0.));
#1518 = VECTOR('',#1519,1.);
#1519 = DIRECTION('',(1.,0.));
#1520 = ( GEOMETRIC_REPRESENTATION_CONTEXT(2) 
PARAMETRIC_REPRESENTATION_CONTEXT() REPRESENTATION_CONTEXT('2D SPACE',''
  ) );
#1521 = ORIENTED_EDGE('',*,*,#1522,.T.);
#1522 = EDGE_CURVE('',#1495,#1523,#1525,.T.);
#1523 = VERTEX_POINT('',#1524);
#1524 = CARTESIAN_POINT('',(0.,0.325241277576,12.99593082897));
#1525 = SURFACE_CURVE('',#1526,(#1536,#1549),.PCURVE_S1.);
#1526 = B_SPLINE_CURVE_WITH_KNOTS('',3,(#1527,#1528,#1529,#1530,#1531,
    #1532,#1533,#1534,#1535),.UNSPECIFIED.,.F.,.F.,(4,1,1,1,1,1,4),(0.,
    0.290524100267,0.58867032325,0.894177536695,1.207021205364,
    1.527193397443,1.854690543779),.UNSPECIFIED.);
#1527 = CARTESIAN_POINT('',(0.,0.87702194798,11.242154260075));
#1528 = CARTESIAN_POINT('',(0.,0.877326208913,11.339482402881));
#1529 = CARTESIAN_POINT('',(0.,0.86157390126,11.535244965817));
#1530 = CARTESIAN_POINT('',(0.,0.799483280409,11.827500182343));
#1531 = CARTESIAN_POINT('',(0.,0.713346079538,12.120772531006));
#1532 = CARTESIAN_POINT('',(0.,0.604389421178,12.414296758997));
#1533 = CARTESIAN_POINT('',(0.,0.475139254144,12.707380214312));
#1534 = CARTESIAN_POINT('',(-0.,0.377119930223,12.899904231146));
#1535 = CARTESIAN_POINT('',(0.,0.325241277576,12.99593082897));
#1536 = PCURVE('',#134,#1537);
#1537 = DEFINITIONAL_REPRESENTATION('',(#1538),#1548);
#1538 = B_SPLINE_CURVE_WITH_KNOTS('',3,(#1539,#1540,#1541,#1542,#1543,
    #1544,#1545,#1546,#1547),.UNSPECIFIED.,.F.,.F.,(4,1,1,1,1,1,4),(0.,
    0.290524100267,0.58867032325,0.894177536695,1.207021205364,
    1.527193397443,1.854690543779),.UNSPECIFIED.);
#1539 = CARTESIAN_POINT('',(11.242154260075,-0.87702194798));
#1540 = CARTESIAN_POINT('',(11.339482402881,-0.877326208913));
#1541 = CARTESIAN_POINT('',(11.535244965817,-0.86157390126));
#1542 = CARTESIAN_POINT('',(11.827500182343,-0.799483280409));
#1543 = CARTESIAN_POINT('',(12.120772531006,-0.713346079538));
#1544 = CARTESIAN_POINT('',(12.414296758997,-0.604389421178));
#1545 = CARTESIAN_POINT('',(12.707380214312,-0.475139254144));
#1546 = CARTESIAN_POINT('',(12.899904231146,-0.377119930223));
#1547 = CARTESIAN_POINT('',(12.99593082897,-0.325241277576));
#1548 = ( GEOMETRIC_REPRESENTATION_CONTEXT(2) 
PARAMETRIC_REPRESENTATION_CONTEXT() REPRESENTATION_CONTEXT('2D SPACE',''
  ) );
#1549 = PCURVE('',#1550,#1563);
#1550 = SURFACE_OF_LINEAR_EXTRUSION('',#1551,#1561);
#1551 = B_SPLINE_CURVE_WITH_KNOTS('',3,(#1552,#1553,#1554,#1555,#1556,
    #1557,#1558,#1559,#1560),.UNSPECIFIED.,.F.,.F.,(4,1,1,1,1,1,4),(0.,
    0.290524100267,0.58867032325,0.894177536695,1.207021205364,
    1.527193397443,1.854690543779),.UNSPECIFIED.);
#1552 = CARTESIAN_POINT('',(0.,0.87702194798,11.242154260075));
#1553 = CARTESIAN_POINT('',(0.,0.877326208913,11.339482402881));
#1554 = CARTESIAN_POINT('',(0.,0.86157390126,11.535244965817));
#1555 = CARTESIAN_POINT('',(0.,0.799483280409,11.827500182343));
#1556 = CARTESIAN_POINT('',(0.,0.713346079538,12.120772531006));
#1557 = CARTESIAN_POINT('',(0.,0.604389421178,12.414296758997));
#1558 = CARTESIAN_POINT('',(0.,0.475139254144,12.707380214312));
#1559 = CARTESIAN_POINT('',(-0.,0.377119930223,12.899904231146));
#1560 = CARTESIAN_POINT('',(0.,0.325241277576,12.99593082897));
#1561 = VECTOR('',#1562,1.);
#1562 = DIRECTION('',(-1.,-0.,-0.));
#1563 = DEFINITIONAL_REPRESENTATION('',(#1564),#1568);
#1564 = LINE('',#1565,#1566);
#1565 = CARTESIAN_POINT('',(0.,0.));
#1566 = VECTOR('',#1567,1.);
#1567 = DIRECTION('',(1.,0.));
#1568 = ( GEOMETRIC_REPRESENTATION_CONTEXT(2) 
PARAMETRIC_REPRESENTATION_CONTEXT() REPRESENTATION_CONTEXT('2D SPACE',''
  ) );
#1569 = ORIENTED_EDGE('',*,*,#1570,.T.);
#1570 = EDGE_CURVE('',#1523,#1571,#1573,.T.);
#1571 = VERTEX_POINT('',#1572);
#1572 = CARTESIAN_POINT('',(0.,-0.325241277576,12.99593082897));
#1573 = SURFACE_CURVE('',#1574,(#1578,#1585),.PCURVE_S1.);
#1574 = LINE('',#1575,#1576);
#1575 = CARTESIAN_POINT('',(0.,0.325241277576,12.99593082897));
#1576 = VECTOR('',#1577,1.);
#1577 = DIRECTION('',(0.,-1.,0.));
#1578 = PCURVE('',#134,#1579);
#1579 = DEFINITIONAL_REPRESENTATION('',(#1580),#1584);
#1580 = LINE('',#1581,#1582);
#1581 = CARTESIAN_POINT('',(12.99593082897,-0.325241277576));
#1582 = VECTOR('',#1583,1.);
#1583 = DIRECTION('',(0.,1.));
#1584 = ( GEOMETRIC_REPRESENTATION_CONTEXT(2) 
PARAMETRIC_REPRESENTATION_CONTEXT() REPRESENTATION_CONTEXT('2D SPACE',''
  ) );
#1585 = PCURVE('',#1586,#1591);
#1586 = PLANE('',#1587);
#1587 = AXIS2_PLACEMENT_3D('',#1588,#1589,#1590);
#1588 = CARTESIAN_POINT('',(0.,0.325241277576,12.99593082897));
#1589 = DIRECTION('',(0.,0.,-1.));
#1590 = DIRECTION('',(0.,-1.,0.));
#1591 = DEFINITIONAL_REPRESENTATION('',(#1592),#1596);
#1592 = LINE('',#1593,#1594);
#1593 = CARTESIAN_POINT('',(0.,-0.));
#1594 = VECTOR('',#1595,1.);
#1595 = DIRECTION('',(1.,0.));
#1596 = ( GEOMETRIC_REPRESENTATION_CONTEXT(2) 
PARAMETRIC_REPRESENTATION_CONTEXT() REPRESENTATION_CONTEXT('2D SPACE',''
  ) );
#1597 = ORIENTED_EDGE('',*,*,#1598,.T.);
#1598 = EDGE_CURVE('',#1571,#1599,#1601,.T.);
#1599 = VERTEX_POINT('',#1600);
#1600 = CARTESIAN_POINT('',(0.,-0.87702194798,11.242154260075));
#1601 = SURFACE_CURVE('',#1602,(#1612,#1625),.PCURVE_S1.);
#1602 = B_SPLINE_CURVE_WITH_KNOTS('',3,(#1603,#1604,#1605,#1606,#1607,
    #1608,#1609,#1610,#1611),.UNSPECIFIED.,.F.,.F.,(4,1,1,1,1,1,4),(0.,
    0.327497146337,0.647669338415,0.960513007084,1.266020220529,
    1.564166443513,1.854690543779),.UNSPECIFIED.);
#1603 = CARTESIAN_POINT('',(0.,-0.325241277576,12.99593082897));
#1604 = CARTESIAN_POINT('',(0.,-0.377119930223,12.899904231146));
#1605 = CARTESIAN_POINT('',(0.,-0.475139254144,12.707380214312));
#1606 = CARTESIAN_POINT('',(0.,-0.604389421178,12.414296758997));
#1607 = CARTESIAN_POINT('',(0.,-0.713346079538,12.120772531006));
#1608 = CARTESIAN_POINT('',(0.,-0.799483280409,11.827500182343));
#1609 = CARTESIAN_POINT('',(0.,-0.86157390126,11.535244965817));
#1610 = CARTESIAN_POINT('',(-0.,-0.877326208913,11.339482402881));
#1611 = CARTESIAN_POINT('',(0.,-0.87702194798,11.242154260075));
#1612 = PCURVE('',#134,#1613);
#1613 = DEFINITIONAL_REPRESENTATION('',(#1614),#1624);
#1614 = B_SPLINE_CURVE_WITH_KNOTS('',3,(#1615,#1616,#1617,#1618,#1619,
    #1620,#1621,#1622,#1623),.UNSPECIFIED.,.F.,.F.,(4,1,1,1,1,1,4),(0.,
    0.327497146337,0.647669338415,0.960513007084,1.266020220529,
    1.564166443513,1.854690543779),.UNSPECIFIED.);
#1615 = CARTESIAN_POINT('',(12.99593082897,0.325241277576));
#1616 = CARTESIAN_POINT('',(12.899904231146,0.377119930223));
#1617 = CARTESIAN_POINT('',(12.707380214312,0.475139254144));
#1618 = CARTESIAN_POINT('',(12.414296758997,0.604389421178));
#1619 = CARTESIAN_POINT('',(12.120772531006,0.713346079538));
#1620 = CARTESIAN_POINT('',(11.827500182343,0.799483280409));
#1621 = CARTESIAN_POINT('',(11.535244965817,0.86157390126));
#1622 = CARTESIAN_POINT('',(11.339482402881,0.877326208913));
#1623 = CARTESIAN_POINT('',(11.242154260075,0.87702194798));
#1624 = ( GEOMETRIC_REPRESENTATION_CONTEXT(2) 
PARAMETRIC_REPRESENTATION_CONTEXT() REPRESENTATION_CONTEXT('2D SPACE',''
  ) );
#1625 = PCURVE('',#1626,#1639);
#1626 = SURFACE_OF_LINEAR_EXTRUSION('',#1627,#1637);
#1627 = B_SPLINE_CURVE_WITH_KNOTS('',3,(#1628,#1629,#1630,#1631,#1632,
    #1633,#1634,#1635,#1636),.UNSPECIFIED.,.F.,.F.,(4,1,1,1,1,1,4),(0.,
    0.327497146337,0.647669338415,0.960513007084,1.266020220529,
    1.564166443513,1.854690543779),.UNSPECIFIED.);
#1628 = CARTESIAN_POINT('',(0.,-0.325241277576,12.99593082897));
#1629 = CARTESIAN_POINT('',(0.,-0.377119930223,12.899904231146));
#1630 = CARTESIAN_POINT('',(0.,-0.475139254144,12.707380214312));
#1631 = CARTESIAN_POINT('',(0.,-0.604389421178,12.414296758997));
#1632 = CARTESIAN_POINT('',(0.,-0.713346079538,12.120772531006));
#1633 = CARTESIAN_POINT('',(0.,-0.799483280409,11.827500182343));
#1634 = CARTESIAN_POINT('',(0.,-0.86157390126,11.535244965817));
#1635 = CARTESIAN_POINT('',(-0.,-0.877326208913,11.339482402881));
#1636 = CARTESIAN_POINT('',(0.,-0.87702194798,11.242154260075));
#1637 = VECTOR('',#1638,1.);
#1638 = DIRECTION('',(-1.,-0.,-0.));
#1639 = DEFINITIONAL_REPRESENTATION('',(#1640),#1644);
#1640 = LINE('',#1641,#1642);
#1641 = CARTESIAN_POINT('',(0.,0.));
#1642 = VECTOR('',#1643,1.);
#1643 = DIRECTION('',(1.,0.));
#1644 = ( GEOMETRIC_REPRESENTATION_CONTEXT(2) 
PARAMETRIC_REPRESENTATION_CONTEXT() REPRESENTATION_CONTEXT('2D SPACE',''
  ) );
#1645 = ORIENTED_EDGE('',*,*,#1646,.T.);
#1646 = EDGE_CURVE('',#1599,#1647,#1649,.T.);
#1647 = VERTEX_POINT('',#1648);
#1648 = CARTESIAN_POINT('',(0.,-0.83608775645,10.717437065993));
#1649 = SURFACE_CURVE('',#1650,(#1654,#1661),.PCURVE_S1.);
#1650 = LINE('',#1651,#1652);
#1651 = CARTESIAN_POINT('',(0.,-0.87702194798,11.242154260075));
#1652 = VECTOR('',#1653,1.);
#1653 = DIRECTION('',(0.,7.777560525116E-02,-0.99697088986));
#1654 = PCURVE('',#134,#1655);
#1655 = DEFINITIONAL_REPRESENTATION('',(#1656),#1660);
#1656 = LINE('',#1657,#1658);
#1657 = CARTESIAN_POINT('',(11.242154260075,0.87702194798));
#1658 = VECTOR('',#1659,1.);
#1659 = DIRECTION('',(-0.99697088986,-7.777560525116E-02));
#1660 = ( GEOMETRIC_REPRESENTATION_CONTEXT(2) 
PARAMETRIC_REPRESENTATION_CONTEXT() REPRESENTATION_CONTEXT('2D SPACE',''
  ) );
#1661 = PCURVE('',#1662,#1667);
#1662 = PLANE('',#1663);
#1663 = AXIS2_PLACEMENT_3D('',#1664,#1665,#1666);
#1664 = CARTESIAN_POINT('',(0.,-0.87702194798,11.242154260075));
#1665 = DIRECTION('',(-0.,0.99697088986,7.777560525116E-02));
#1666 = DIRECTION('',(0.,7.777560525116E-02,-0.99697088986));
#1667 = DEFINITIONAL_REPRESENTATION('',(#1668),#1672);
#1668 = LINE('',#1669,#1670);
#1669 = CARTESIAN_POINT('',(0.,0.));
#1670 = VECTOR('',#1671,1.);
#1671 = DIRECTION('',(1.,0.));
#1672 = ( GEOMETRIC_REPRESENTATION_CONTEXT(2) 
PARAMETRIC_REPRESENTATION_CONTEXT() REPRESENTATION_CONTEXT('2D SPACE',''
  ) );
#1673 = ORIENTED_EDGE('',*,*,#1674,.T.);
#1674 = EDGE_CURVE('',#1647,#1675,#1677,.T.);
#1675 = VERTEX_POINT('',#1676);
#1676 = CARTESIAN_POINT('',(0.,-1.966278070367,10.568644688416));
#1677 = SURFACE_CURVE('',#1678,(#1682,#1689),.PCURVE_S1.);
#1678 = LINE('',#1679,#1680);
#1679 = CARTESIAN_POINT('',(0.,-0.83608775645,10.717437065993));
#1680 = VECTOR('',#1681,1.);
#1681 = DIRECTION('',(0.,-0.991444861374,-0.13052619222));
#1682 = PCURVE('',#134,#1683);
#1683 = DEFINITIONAL_REPRESENTATION('',(#1684),#1688);
#1684 = LINE('',#1685,#1686);
#1685 = CARTESIAN_POINT('',(10.717437065993,0.83608775645));
#1686 = VECTOR('',#1687,1.);
#1687 = DIRECTION('',(-0.13052619222,0.991444861374));
#1688 = ( GEOMETRIC_REPRESENTATION_CONTEXT(2) 
PARAMETRIC_REPRESENTATION_CONTEXT() REPRESENTATION_CONTEXT('2D SPACE',''
  ) );
#1689 = PCURVE('',#1690,#1695);
#1690 = PLANE('',#1691);
#1691 = AXIS2_PLACEMENT_3D('',#1692,#1693,#1694);
#1692 = CARTESIAN_POINT('',(0.,-0.83608775645,10.717437065993));
#1693 = DIRECTION('',(0.,0.13052619222,-0.991444861374));
#1694 = DIRECTION('',(0.,-0.991444861374,-0.13052619222));
#1695 = DEFINITIONAL_REPRESENTATION('',(#1696),#1700);
#1696 = LINE('',#1697,#1698);
#1697 = CARTESIAN_POINT('',(0.,0.));
#1698 = VECTOR('',#1699,1.);
#1699 = DIRECTION('',(1.,0.));
#1700 = ( GEOMETRIC_REPRESENTATION_CONTEXT(2) 
PARAMETRIC_REPRESENTATION_CONTEXT() REPRESENTATION_CONTEXT('2D SPACE',''
  ) );
#1701 = ORIENTED_EDGE('',*,*,#1702,.T.);
#1702 = EDGE_CURVE('',#1675,#1703,#1705,.T.);
#1703 = VERTEX_POINT('',#1704);
#1704 = CARTESIAN_POINT('',(0.,-2.062545480712,11.086077126042));
#1705 = SURFACE_CURVE('',#1706,(#1710,#1717),.PCURVE_S1.);
#1706 = LINE('',#1707,#1708);
#1707 = CARTESIAN_POINT('',(0.,-1.966278070367,10.568644688416));
#1708 = VECTOR('',#1709,1.);
#1709 = DIRECTION('',(0.,-0.182909587941,0.983129738457));
#1710 = PCURVE('',#134,#1711);
#1711 = DEFINITIONAL_REPRESENTATION('',(#1712),#1716);
#1712 = LINE('',#1713,#1714);
#1713 = CARTESIAN_POINT('',(10.568644688416,1.966278070367));
#1714 = VECTOR('',#1715,1.);
#1715 = DIRECTION('',(0.983129738457,0.182909587941));
#1716 = ( GEOMETRIC_REPRESENTATION_CONTEXT(2) 
PARAMETRIC_REPRESENTATION_CONTEXT() REPRESENTATION_CONTEXT('2D SPACE',''
  ) );
#1717 = PCURVE('',#1718,#1723);
#1718 = PLANE('',#1719);
#1719 = AXIS2_PLACEMENT_3D('',#1720,#1721,#1722);
#1720 = CARTESIAN_POINT('',(0.,-1.966278070367,10.568644688416));
#1721 = DIRECTION('',(0.,-0.983129738457,-0.182909587941));
#1722 = DIRECTION('',(0.,-0.182909587941,0.983129738457));
#1723 = DEFINITIONAL_REPRESENTATION('',(#1724),#1728);
#1724 = LINE('',#1725,#1726);
#1725 = CARTESIAN_POINT('',(0.,0.));
#1726 = VECTOR('',#1727,1.);
#1727 = DIRECTION('',(1.,0.));
#1728 = ( GEOMETRIC_REPRESENTATION_CONTEXT(2) 
PARAMETRIC_REPRESENTATION_CONTEXT() REPRESENTATION_CONTEXT('2D SPACE',''
  ) );
#1729 = ORIENTED_EDGE('',*,*,#1730,.T.);
#1730 = EDGE_CURVE('',#1703,#1731,#1733,.T.);
#1731 = VERTEX_POINT('',#1732);
#1732 = CARTESIAN_POINT('',(0.,-3.049435457586,12.637283861258));
#1733 = SURFACE_CURVE('',#1734,(#1744,#1757),.PCURVE_S1.);
#1734 = B_SPLINE_CURVE_WITH_KNOTS('',3,(#1735,#1736,#1737,#1738,#1739,
    #1740,#1741,#1742,#1743),.UNSPECIFIED.,.F.,.F.,(4,1,1,1,1,1,4),(0.,
    0.290524100267,0.58867032325,0.894177536695,1.207021205364,
    1.527193397443,1.854690543779),.UNSPECIFIED.);
#1735 = CARTESIAN_POINT('',(0.,-2.062545480712,11.086077126042));
#1736 = CARTESIAN_POINT('',(0.,-2.087441964201,11.180167641328));
#1737 = CARTESIAN_POINT('',(0.,-2.153324604593,11.365182759463));
#1738 = CARTESIAN_POINT('',(0.,-2.28894075491,11.631409385775));
#1739 = CARTESIAN_POINT('',(0.,-2.448047371072,11.892394773408));
#1740 = CARTESIAN_POINT('',(0.,-2.629261081731,12.147717347591));
#1741 = CARTESIAN_POINT('',(0.,-2.829962736161,12.397361821527));
#1742 = CARTESIAN_POINT('',(-0.,-2.974471014809,12.557956473749));
#1743 = CARTESIAN_POINT('',(0.,-3.049435457586,12.637283861258));
#1744 = PCURVE('',#134,#1745);
#1745 = DEFINITIONAL_REPRESENTATION('',(#1746),#1756);
#1746 = B_SPLINE_CURVE_WITH_KNOTS('',3,(#1747,#1748,#1749,#1750,#1751,
    #1752,#1753,#1754,#1755),.UNSPECIFIED.,.F.,.F.,(4,1,1,1,1,1,4),(0.,
    0.290524100267,0.58867032325,0.894177536695,1.207021205364,
    1.527193397443,1.854690543779),.UNSPECIFIED.);
#1747 = CARTESIAN_POINT('',(11.086077126042,2.062545480712));
#1748 = CARTESIAN_POINT('',(11.180167641328,2.087441964201));
#1749 = CARTESIAN_POINT('',(11.365182759463,2.153324604593));
#1750 = CARTESIAN_POINT('',(11.631409385775,2.28894075491));
#1751 = CARTESIAN_POINT('',(11.892394773408,2.448047371072));
#1752 = CARTESIAN_POINT('',(12.147717347591,2.629261081731));
#1753 = CARTESIAN_POINT('',(12.397361821527,2.829962736161));
#1754 = CARTESIAN_POINT('',(12.557956473749,2.974471014809));
#1755 = CARTESIAN_POINT('',(12.637283861258,3.049435457586));
#1756 = ( GEOMETRIC_REPRESENTATION_CONTEXT(2) 
PARAMETRIC_REPRESENTATION_CONTEXT() REPRESENTATION_CONTEXT('2D SPACE',''
  ) );
#1757 = PCURVE('',#1758,#1771);
#1758 = SURFACE_OF_LINEAR_EXTRUSION('',#1759,#1769);
#1759 = B_SPLINE_CURVE_WITH_KNOTS('',3,(#1760,#1761,#1762,#1763,#1764,
    #1765,#1766,#1767,#1768),.UNSPECIFIED.,.F.,.F.,(4,1,1,1,1,1,4),(0.,
    0.290524100267,0.58867032325,0.894177536695,1.207021205364,
    1.527193397443,1.854690543779),.UNSPECIFIED.);
#1760 = CARTESIAN_POINT('',(0.,-2.062545480712,11.086077126042));
#1761 = CARTESIAN_POINT('',(0.,-2.087441964201,11.180167641328));
#1762 = CARTESIAN_POINT('',(0.,-2.153324604593,11.365182759463));
#1763 = CARTESIAN_POINT('',(0.,-2.28894075491,11.631409385775));
#1764 = CARTESIAN_POINT('',(0.,-2.448047371072,11.892394773408));
#1765 = CARTESIAN_POINT('',(0.,-2.629261081731,12.147717347591));
#1766 = CARTESIAN_POINT('',(0.,-2.829962736161,12.397361821527));
#1767 = CARTESIAN_POINT('',(-0.,-2.974471014809,12.557956473749));
#1768 = CARTESIAN_POINT('',(0.,-3.049435457586,12.637283861258));
#1769 = VECTOR('',#1770,1.);
#1770 = DIRECTION('',(-1.,-0.,-0.));
#1771 = DEFINITIONAL_REPRESENTATION('',(#1772),#1776);
#1772 = LINE('',#1773,#1774);
#1773 = CARTESIAN_POINT('',(0.,0.));
#1774 = VECTOR('',#1775,1.);
#1775 = DIRECTION('',(1.,0.));
#1776 = ( GEOMETRIC_REPRESENTATION_CONTEXT(2) 
PARAMETRIC_REPRESENTATION_CONTEXT() REPRESENTATION_CONTEXT('2D SPACE',''
  ) );
#1777 = ORIENTED_EDGE('',*,*,#1778,.T.);
#1778 = EDGE_CURVE('',#1731,#1779,#1781,.T.);
#1779 = VERTEX_POINT('',#1780);
#1780 = CARTESIAN_POINT('',(0.,-3.677753357158,12.468926587478));
#1781 = SURFACE_CURVE('',#1782,(#1786,#1793),.PCURVE_S1.);
#1782 = LINE('',#1783,#1784);
#1783 = CARTESIAN_POINT('',(0.,-3.049435457586,12.637283861258));
#1784 = VECTOR('',#1785,1.);
#1785 = DIRECTION('',(0.,-0.965925826289,-0.258819045103));
#1786 = PCURVE('',#134,#1787);
#1787 = DEFINITIONAL_REPRESENTATION('',(#1788),#1792);
#1788 = LINE('',#1789,#1790);
#1789 = CARTESIAN_POINT('',(12.637283861258,3.049435457586));
#1790 = VECTOR('',#1791,1.);
#1791 = DIRECTION('',(-0.258819045103,0.965925826289));
#1792 = ( GEOMETRIC_REPRESENTATION_CONTEXT(2) 
PARAMETRIC_REPRESENTATION_CONTEXT() REPRESENTATION_CONTEXT('2D SPACE',''
  ) );
#1793 = PCURVE('',#1794,#1799);
#1794 = PLANE('',#1795);
#1795 = AXIS2_PLACEMENT_3D('',#1796,#1797,#1798);
#1796 = CARTESIAN_POINT('',(0.,-3.049435457586,12.637283861258));
#1797 = DIRECTION('',(0.,0.258819045103,-0.965925826289));
#1798 = DIRECTION('',(0.,-0.965925826289,-0.258819045103));
#1799 = DEFINITIONAL_REPRESENTATION('',(#1800),#1804);
#1800 = LINE('',#1801,#1802);
#1801 = CARTESIAN_POINT('',(0.,0.));
#1802 = VECTOR('',#1803,1.);
#1803 = DIRECTION('',(1.,0.));
#1804 = ( GEOMETRIC_REPRESENTATION_CONTEXT(2) 
PARAMETRIC_REPRESENTATION_CONTEXT() REPRESENTATION_CONTEXT('2D SPACE',''
  ) );
#1805 = ORIENTED_EDGE('',*,*,#1806,.T.);
#1806 = EDGE_CURVE('',#1779,#1807,#1809,.T.);
#1807 = VERTEX_POINT('',#1808);
#1808 = CARTESIAN_POINT('',(0.,-3.756821780264,10.632097159822));
#1809 = SURFACE_CURVE('',#1810,(#1820,#1833),.PCURVE_S1.);
#1810 = B_SPLINE_CURVE_WITH_KNOTS('',3,(#1811,#1812,#1813,#1814,#1815,
    #1816,#1817,#1818,#1819),.UNSPECIFIED.,.F.,.F.,(4,1,1,1,1,1,4),(0.,
    0.327497146337,0.647669338416,0.960513007084,1.266020220529,
    1.564166443513,1.854690543779),.UNSPECIFIED.);
#1811 = CARTESIAN_POINT('',(0.,-3.677753357158,12.468926587478));
#1812 = CARTESIAN_POINT('',(0.,-3.70301077523,12.36274483329));
#1813 = CARTESIAN_POINT('',(0.,-3.747861289485,12.15141164543));
#1814 = CARTESIAN_POINT('',(0.,-3.796851783834,11.834862361872));
#1815 = CARTESIAN_POINT('',(0.,-3.826126173688,11.523139671141));
#1816 = CARTESIAN_POINT('',(0.,-3.833423851378,11.217566387353));
#1817 = CARTESIAN_POINT('',(0.,-3.81775756956,10.919199290644));
#1818 = CARTESIAN_POINT('',(-0.,-3.78230605074,10.726030178059));
#1819 = CARTESIAN_POINT('',(0.,-3.756821780264,10.632097159822));
#1820 = PCURVE('',#134,#1821);
#1821 = DEFINITIONAL_REPRESENTATION('',(#1822),#1832);
#1822 = B_SPLINE_CURVE_WITH_KNOTS('',3,(#1823,#1824,#1825,#1826,#1827,
    #1828,#1829,#1830,#1831),.UNSPECIFIED.,.F.,.F.,(4,1,1,1,1,1,4),(0.,
    0.327497146337,0.647669338416,0.960513007084,1.266020220529,
    1.564166443513,1.854690543779),.UNSPECIFIED.);
#1823 = CARTESIAN_POINT('',(12.468926587478,3.677753357158));
#1824 = CARTESIAN_POINT('',(12.36274483329,3.70301077523));
#1825 = CARTESIAN_POINT('',(12.15141164543,3.747861289485));
#1826 = CARTESIAN_POINT('',(11.834862361872,3.796851783834));
#1827 = CARTESIAN_POINT('',(11.523139671141,3.826126173688));
#1828 = CARTESIAN_POINT('',(11.217566387353,3.833423851378));
#1829 = CARTESIAN_POINT('',(10.919199290644,3.81775756956));
#1830 = CARTESIAN_POINT('',(10.726030178059,3.78230605074));
#1831 = CARTESIAN_POINT('',(10.632097159822,3.756821780264));
#1832 = ( GEOMETRIC_REPRESENTATION_CONTEXT(2) 
PARAMETRIC_REPRESENTATION_CONTEXT() REPRESENTATION_CONTEXT('2D SPACE',''
  ) );
#1833 = PCURVE('',#1834,#1847);
#1834 = SURFACE_OF_LINEAR_EXTRUSION('',#1835,#1845);
#1835 = B_SPLINE_CURVE_WITH_KNOTS('',3,(#1836,#1837,#1838,#1839,#1840,
    #1841,#1842,#1843,#1844),.UNSPECIFIED.,.F.,.F.,(4,1,1,1,1,1,4),(0.,
    0.327497146337,0.647669338416,0.960513007084,1.266020220529,
    1.564166443513,1.854690543779),.UNSPECIFIED.);
#1836 = CARTESIAN_POINT('',(0.,-3.677753357158,12.468926587478));
#1837 = CARTESIAN_POINT('',(0.,-3.70301077523,12.36274483329));
#1838 = CARTESIAN_POINT('',(0.,-3.747861289485,12.15141164543));
#1839 = CARTESIAN_POINT('',(0.,-3.796851783834,11.834862361872));
#1840 = CARTESIAN_POINT('',(0.,-3.826126173688,11.523139671141));
#1841 = CARTESIAN_POINT('',(0.,-3.833423851378,11.217566387353));
#1842 = CARTESIAN_POINT('',(0.,-3.81775756956,10.919199290644));
#1843 = CARTESIAN_POINT('',(-0.,-3.78230605074,10.726030178059));
#1844 = CARTESIAN_POINT('',(0.,-3.756821780264,10.632097159822));
#1845 = VECTOR('',#1846,1.);
#1846 = DIRECTION('',(-1.,-0.,-0.));
#1847 = DEFINITIONAL_REPRESENTATION('',(#1848),#1852);
#1848 = LINE('',#1849,#1850);
#1849 = CARTESIAN_POINT('',(0.,0.));
#1850 = VECTOR('',#1851,1.);
#1851 = DIRECTION('',(1.,0.));
#1852 = ( GEOMETRIC_REPRESENTATION_CONTEXT(2) 
PARAMETRIC_REPRESENTATION_CONTEXT() REPRESENTATION_CONTEXT('2D SPACE',''
  ) );
#1853 = ORIENTED_EDGE('',*,*,#1854,.T.);
#1854 = EDGE_CURVE('',#1807,#1855,#1857,.T.);
#1855 = VERTEX_POINT('',#1856);
#1856 = CARTESIAN_POINT('',(0.,-3.581475584366,10.135853818924));
#1857 = SURFACE_CURVE('',#1858,(#1862,#1869),.PCURVE_S1.);
#1858 = LINE('',#1859,#1860);
#1859 = CARTESIAN_POINT('',(0.,-3.756821780264,10.632097159822));
#1860 = VECTOR('',#1861,1.);
#1861 = DIRECTION('',(0.,0.333160519476,-0.942870122691));
#1862 = PCURVE('',#134,#1863);
#1863 = DEFINITIONAL_REPRESENTATION('',(#1864),#1868);
#1864 = LINE('',#1865,#1866);
#1865 = CARTESIAN_POINT('',(10.632097159822,3.756821780264));
#1866 = VECTOR('',#1867,1.);
#1867 = DIRECTION('',(-0.942870122691,-0.333160519476));
#1868 = ( GEOMETRIC_REPRESENTATION_CONTEXT(2) 
PARAMETRIC_REPRESENTATION_CONTEXT() REPRESENTATION_CONTEXT('2D SPACE',''
  ) );
#1869 = PCURVE('',#1870,#1875);
#1870 = PLANE('',#1871);
#1871 = AXIS2_PLACEMENT_3D('',#1872,#1873,#1874);
#1872 = CARTESIAN_POINT('',(0.,-3.756821780264,10.632097159822));
#1873 = DIRECTION('',(-0.,0.942870122691,0.333160519476));
#1874 = DIRECTION('',(0.,0.333160519476,-0.942870122691));
#1875 = DEFINITIONAL_REPRESENTATION('',(#1876),#1880);
#1876 = LINE('',#1877,#1878);
#1877 = CARTESIAN_POINT('',(0.,0.));
#1878 = VECTOR('',#1879,1.);
#1879 = DIRECTION('',(1.,0.));
#1880 = ( GEOMETRIC_REPRESENTATION_CONTEXT(2) 
PARAMETRIC_REPRESENTATION_CONTEXT() REPRESENTATION_CONTEXT('2D SPACE',''
  ) );
#1881 = ORIENTED_EDGE('',*,*,#1882,.T.);
#1882 = EDGE_CURVE('',#1855,#1883,#1885,.T.);
#1883 = VERTEX_POINT('',#1884);
#1884 = CARTESIAN_POINT('',(0.,-4.634645296118,9.699616640836));
#1885 = SURFACE_CURVE('',#1886,(#1890,#1897),.PCURVE_S1.);
#1886 = LINE('',#1887,#1888);
#1887 = CARTESIAN_POINT('',(0.,-3.581475584366,10.135853818924));
#1888 = VECTOR('',#1889,1.);
#1889 = DIRECTION('',(0.,-0.923879532511,-0.382683432365));
#1890 = PCURVE('',#134,#1891);
#1891 = DEFINITIONAL_REPRESENTATION('',(#1892),#1896);
#1892 = LINE('',#1893,#1894);
#1893 = CARTESIAN_POINT('',(10.135853818924,3.581475584366));
#1894 = VECTOR('',#1895,1.);
#1895 = DIRECTION('',(-0.382683432365,0.923879532511));
#1896 = ( GEOMETRIC_REPRESENTATION_CONTEXT(2) 
PARAMETRIC_REPRESENTATION_CONTEXT() REPRESENTATION_CONTEXT('2D SPACE',''
  ) );
#1897 = PCURVE('',#1898,#1903);
#1898 = PLANE('',#1899);
#1899 = AXIS2_PLACEMENT_3D('',#1900,#1901,#1902);
#1900 = CARTESIAN_POINT('',(0.,-3.581475584366,10.135853818924));
#1901 = DIRECTION('',(0.,0.382683432365,-0.923879532511));
#1902 = DIRECTION('',(0.,-0.923879532511,-0.382683432365));
#1903 = DEFINITIONAL_REPRESENTATION('',(#1904),#1908);
#1904 = LINE('',#1905,#1906);
#1905 = CARTESIAN_POINT('',(0.,0.));
#1906 = VECTOR('',#1907,1.);
#1907 = DIRECTION('',(1.,0.));
#1908 = ( GEOMETRIC_REPRESENTATION_CONTEXT(2) 
PARAMETRIC_REPRESENTATION_CONTEXT() REPRESENTATION_CONTEXT('2D SPACE',''
  ) );
#1909 = ORIENTED_EDGE('',*,*,#1910,.T.);
#1910 = EDGE_CURVE('',#1883,#1911,#1913,.T.);
#1911 = VERTEX_POINT('',#1912);
#1912 = CARTESIAN_POINT('',(0.,-4.86155384341,10.174502156479));
#1913 = SURFACE_CURVE('',#1914,(#1918,#1925),.PCURVE_S1.);
#1914 = LINE('',#1915,#1916);
#1915 = CARTESIAN_POINT('',(0.,-4.634645296118,9.699616640836));
#1916 = VECTOR('',#1917,1.);
#1917 = DIRECTION('',(0.,-0.431129794988,0.902289920078));
#1918 = PCURVE('',#134,#1919);
#1919 = DEFINITIONAL_REPRESENTATION('',(#1920),#1924);
#1920 = LINE('',#1921,#1922);
#1921 = CARTESIAN_POINT('',(9.699616640836,4.634645296118));
#1922 = VECTOR('',#1923,1.);
#1923 = DIRECTION('',(0.902289920078,0.431129794988));
#1924 = ( GEOMETRIC_REPRESENTATION_CONTEXT(2) 
PARAMETRIC_REPRESENTATION_CONTEXT() REPRESENTATION_CONTEXT('2D SPACE',''
  ) );
#1925 = PCURVE('',#1926,#1931);
#1926 = PLANE('',#1927);
#1927 = AXIS2_PLACEMENT_3D('',#1928,#1929,#1930);
#1928 = CARTESIAN_POINT('',(0.,-4.634645296118,9.699616640836));
#1929 = DIRECTION('',(0.,-0.902289920078,-0.431129794988));
#1930 = DIRECTION('',(0.,-0.431129794988,0.902289920078));
#1931 = DEFINITIONAL_REPRESENTATION('',(#1932),#1936);
#1932 = LINE('',#1933,#1934);
#1933 = CARTESIAN_POINT('',(0.,0.));
#1934 = VECTOR('',#1935,1.);
#1935 = DIRECTION('',(1.,0.));
#1936 = ( GEOMETRIC_REPRESENTATION_CONTEXT(2) 
PARAMETRIC_REPRESENTATION_CONTEXT() REPRESENTATION_CONTEXT('2D SPACE',''
  ) );
#1937 = ORIENTED_EDGE('',*,*,#1938,.T.);
#1938 = EDGE_CURVE('',#1911,#1939,#1941,.T.);
#1939 = VERTEX_POINT('',#1940);
#1940 = CARTESIAN_POINT('',(0.,-6.216298205745,11.417426882501));
#1941 = SURFACE_CURVE('',#1942,(#1952,#1965),.PCURVE_S1.);
#1942 = B_SPLINE_CURVE_WITH_KNOTS('',3,(#1943,#1944,#1945,#1946,#1947,
    #1948,#1949,#1950,#1951),.UNSPECIFIED.,.F.,.F.,(4,1,1,1,1,1,4),(0.,
    0.290524100267,0.58867032325,0.894177536695,1.207021205364,
    1.527193397443,1.854690543779),.UNSPECIFIED.);
#1943 = CARTESIAN_POINT('',(0.,-4.86155384341,10.174502156479));
#1944 = CARTESIAN_POINT('',(0.,-4.909954417116,10.258942931118));
#1945 = CARTESIAN_POINT('',(0.,-5.02147759718,10.420602129904));
#1946 = CARTESIAN_POINT('',(0.,-5.221377260436,10.642657261379));
#1947 = CARTESIAN_POINT('',(0.,-5.442610438933,10.853569965113));
#1948 = CARTESIAN_POINT('',(0.,-5.68373178698,11.053291073999));
#1949 = CARTESIAN_POINT('',(0.,-5.942207442732,11.242483708214));
#1950 = CARTESIAN_POINT('',(-0.,-6.123356675727,11.36020473567));
#1951 = CARTESIAN_POINT('',(0.,-6.216298205745,11.417426882501));
#1952 = PCURVE('',#134,#1953);
#1953 = DEFINITIONAL_REPRESENTATION('',(#1954),#1964);
#1954 = B_SPLINE_CURVE_WITH_KNOTS('',3,(#1955,#1956,#1957,#1958,#1959,
    #1960,#1961,#1962,#1963),.UNSPECIFIED.,.F.,.F.,(4,1,1,1,1,1,4),(0.,
    0.290524100267,0.58867032325,0.894177536695,1.207021205364,
    1.527193397443,1.854690543779),.UNSPECIFIED.);
#1955 = CARTESIAN_POINT('',(10.174502156479,4.86155384341));
#1956 = CARTESIAN_POINT('',(10.258942931118,4.909954417116));
#1957 = CARTESIAN_POINT('',(10.420602129904,5.02147759718));
#1958 = CARTESIAN_POINT('',(10.642657261379,5.221377260436));
#1959 = CARTESIAN_POINT('',(10.853569965113,5.442610438933));
#1960 = CARTESIAN_POINT('',(11.053291073999,5.68373178698));
#1961 = CARTESIAN_POINT('',(11.242483708214,5.942207442732));
#1962 = CARTESIAN_POINT('',(11.36020473567,6.123356675727));
#1963 = CARTESIAN_POINT('',(11.417426882501,6.216298205745));
#1964 = ( GEOMETRIC_REPRESENTATION_CONTEXT(2) 
PARAMETRIC_REPRESENTATION_CONTEXT() REPRESENTATION_CONTEXT('2D SPACE',''
  ) );
#1965 = PCURVE('',#1966,#1979);
#1966 = SURFACE_OF_LINEAR_EXTRUSION('',#1967,#1977);
#1967 = B_SPLINE_CURVE_WITH_KNOTS('',3,(#1968,#1969,#1970,#1971,#1972,
    #1973,#1974,#1975,#1976),.UNSPECIFIED.,.F.,.F.,(4,1,1,1,1,1,4),(0.,
    0.290524100267,0.58867032325,0.894177536695,1.207021205364,
    1.527193397443,1.854690543779),.UNSPECIFIED.);
#1968 = CARTESIAN_POINT('',(0.,-4.86155384341,10.174502156479));
#1969 = CARTESIAN_POINT('',(0.,-4.909954417116,10.258942931118));
#1970 = CARTESIAN_POINT('',(0.,-5.02147759718,10.420602129904));
#1971 = CARTESIAN_POINT('',(0.,-5.221377260436,10.642657261379));
#1972 = CARTESIAN_POINT('',(0.,-5.442610438933,10.853569965113));
#1973 = CARTESIAN_POINT('',(0.,-5.68373178698,11.053291073999));
#1974 = CARTESIAN_POINT('',(0.,-5.942207442732,11.242483708214));
#1975 = CARTESIAN_POINT('',(-0.,-6.123356675727,11.36020473567));
#1976 = CARTESIAN_POINT('',(0.,-6.216298205745,11.417426882501));
#1977 = VECTOR('',#1978,1.);
#1978 = DIRECTION('',(-1.,-0.,-0.));
#1979 = DEFINITIONAL_REPRESENTATION('',(#1980),#1984);
#1980 = LINE('',#1981,#1982);
#1981 = CARTESIAN_POINT('',(0.,0.));
#1982 = VECTOR('',#1983,1.);
#1983 = DIRECTION('',(1.,0.));
#1984 = ( GEOMETRIC_REPRESENTATION_CONTEXT(2) 
PARAMETRIC_REPRESENTATION_CONTEXT() REPRESENTATION_CONTEXT('2D SPACE',''
  ) );
#1985 = ORIENTED_EDGE('',*,*,#1986,.T.);
#1986 = EDGE_CURVE('',#1939,#1987,#1989,.T.);
#1987 = VERTEX_POINT('',#1988);
#1988 = CARTESIAN_POINT('',(0.,-6.779632623225,11.092185604925));
#1989 = SURFACE_CURVE('',#1990,(#1994,#2001),.PCURVE_S1.);
#1990 = LINE('',#1991,#1992);
#1991 = CARTESIAN_POINT('',(0.,-6.216298205745,11.417426882501));
#1992 = VECTOR('',#1993,1.);
#1993 = DIRECTION('',(0.,-0.866025403784,-0.5));
#1994 = PCURVE('',#134,#1995);
#1995 = DEFINITIONAL_REPRESENTATION('',(#1996),#2000);
#1996 = LINE('',#1997,#1998);
#1997 = CARTESIAN_POINT('',(11.417426882501,6.216298205745));
#1998 = VECTOR('',#1999,1.);
#1999 = DIRECTION('',(-0.5,0.866025403784));
#2000 = ( GEOMETRIC_REPRESENTATION_CONTEXT(2) 
PARAMETRIC_REPRESENTATION_CONTEXT() REPRESENTATION_CONTEXT('2D SPACE',''
  ) );
#2001 = PCURVE('',#2002,#2007);
#2002 = PLANE('',#2003);
#2003 = AXIS2_PLACEMENT_3D('',#2004,#2005,#2006);
#2004 = CARTESIAN_POINT('',(0.,-6.216298205745,11.417426882501));
#2005 = DIRECTION('',(0.,0.5,-0.866025403784));
#2006 = DIRECTION('',(0.,-0.866025403784,-0.5));
#2007 = DEFINITIONAL_REPRESENTATION('',(#2008),#2012);
#2008 = LINE('',#2009,#2010);
#2009 = CARTESIAN_POINT('',(0.,0.));
#2010 = VECTOR('',#2011,1.);
#2011 = DIRECTION('',(1.,0.));
#2012 = ( GEOMETRIC_REPRESENTATION_CONTEXT(2) 
PARAMETRIC_REPRESENTATION_CONTEXT() REPRESENTATION_CONTEXT('2D SPACE',''
  ) );
#2013 = ORIENTED_EDGE('',*,*,#2014,.T.);
#2014 = EDGE_CURVE('',#1987,#2015,#2017,.T.);
#2015 = VERTEX_POINT('',#2016);
#2016 = CARTESIAN_POINT('',(0.,-6.380600416665,9.297480208499));
#2017 = SURFACE_CURVE('',#2018,(#2028,#2041),.PCURVE_S1.);
#2018 = B_SPLINE_CURVE_WITH_KNOTS('',3,(#2019,#2020,#2021,#2022,#2023,
    #2024,#2025,#2026,#2027),.UNSPECIFIED.,.F.,.F.,(4,1,1,1,1,1,4),(0.,
    0.327497146337,0.647669338415,0.960513007084,1.266020220529,
    1.564166443513,1.854690543779),.UNSPECIFIED.);
#2019 = CARTESIAN_POINT('',(0.,-6.779632623225,11.092185604925));
#2020 = CARTESIAN_POINT('',(0.,-6.776547555419,10.983084805447));
#2021 = CARTESIAN_POINT('',(0.,-6.76517277158,10.76734445407));
#2022 = CARTESIAN_POINT('',(0.,-6.730564972017,10.448901652821));
#2023 = CARTESIAN_POINT('',(0.,-6.678162092073,10.140223885575));
#2024 = CARTESIAN_POINT('',(0.,-6.606122921907,9.84317398097));
#2025 = CARTESIAN_POINT('',(0.,-6.513767368637,9.559028228644));
#2026 = CARTESIAN_POINT('',(-0.,-6.429527985766,9.381616722205));
#2027 = CARTESIAN_POINT('',(0.,-6.380600416665,9.297480208499));
#2028 = PCURVE('',#134,#2029);
#2029 = DEFINITIONAL_REPRESENTATION('',(#2030),#2040);
#2030 = B_SPLINE_CURVE_WITH_KNOTS('',3,(#2031,#2032,#2033,#2034,#2035,
    #2036,#2037,#2038,#2039),.UNSPECIFIED.,.F.,.F.,(4,1,1,1,1,1,4),(0.,
    0.327497146337,0.647669338415,0.960513007084,1.266020220529,
    1.564166443513,1.854690543779),.UNSPECIFIED.);
#2031 = CARTESIAN_POINT('',(11.092185604925,6.779632623225));
#2032 = CARTESIAN_POINT('',(10.983084805447,6.776547555419));
#2033 = CARTESIAN_POINT('',(10.76734445407,6.76517277158));
#2034 = CARTESIAN_POINT('',(10.448901652821,6.730564972017));
#2035 = CARTESIAN_POINT('',(10.140223885575,6.678162092073));
#2036 = CARTESIAN_POINT('',(9.84317398097,6.606122921907));
#2037 = CARTESIAN_POINT('',(9.559028228644,6.513767368637));
#2038 = CARTESIAN_POINT('',(9.381616722205,6.429527985766));
#2039 = CARTESIAN_POINT('',(9.297480208499,6.380600416665));
#2040 = ( GEOMETRIC_REPRESENTATION_CONTEXT(2) 
PARAMETRIC_REPRESENTATION_CONTEXT() REPRESENTATION_CONTEXT('2D SPACE',''
  ) );
#2041 = PCURVE('',#2042,#2055);
#2042 = SURFACE_OF_LINEAR_EXTRUSION('',#2043,#2053);
#2043 = B_SPLINE_CURVE_WITH_KNOTS('',3,(#2044,#2045,#2046,#2047,#2048,
    #2049,#2050,#2051,#2052),.UNSPECIFIED.,.F.,.F.,(4,1,1,1,1,1,4),(0.,
    0.327497146337,0.647669338415,0.960513007084,1.266020220529,
    1.564166443513,1.854690543779),.UNSPECIFIED.);
#2044 = CARTESIAN_POINT('',(0.,-6.779632623225,11.092185604925));
#2045 = CARTESIAN_POINT('',(0.,-6.776547555419,10.983084805447));
#2046 = CARTESIAN_POINT('',(0.,-6.76517277158,10.76734445407));
#2047 = CARTESIAN_POINT('',(0.,-6.730564972017,10.448901652821));
#2048 = CARTESIAN_POINT('',(0.,-6.678162092073,10.140223885575));
#2049 = CARTESIAN_POINT('',(0.,-6.606122921907,9.84317398097));
#2050 = CARTESIAN_POINT('',(0.,-6.513767368637,9.559028228644));
#2051 = CARTESIAN_POINT('',(-0.,-6.429527985766,9.381616722205));
#2052 = CARTESIAN_POINT('',(0.,-6.380600416665,9.297480208499));
#2053 = VECTOR('',#2054,1.);
#2054 = DIRECTION('',(-1.,-0.,-0.));
#2055 = DEFINITIONAL_REPRESENTATION('',(#2056),#2060);
#2056 = LINE('',#2057,#2058);
#2057 = CARTESIAN_POINT('',(0.,0.));
#2058 = VECTOR('',#2059,1.);
#2059 = DIRECTION('',(1.,0.));
#2060 = ( GEOMETRIC_REPRESENTATION_CONTEXT(2) 
PARAMETRIC_REPRESENTATION_CONTEXT() REPRESENTATION_CONTEXT('2D SPACE',''
  ) );
#2061 = ORIENTED_EDGE('',*,*,#2062,.T.);
#2062 = EDGE_CURVE('',#2015,#2063,#2065,.T.);
#2063 = VERTEX_POINT('',#2064);
#2064 = CARTESIAN_POINT('',(0.,-6.082791769875,8.863528884386));
#2065 = SURFACE_CURVE('',#2066,(#2070,#2077),.PCURVE_S1.);
#2066 = LINE('',#2067,#2068);
#2067 = CARTESIAN_POINT('',(0.,-6.380600416665,9.297480208499));
#2068 = VECTOR('',#2069,1.);
#2069 = DIRECTION('',(0.,0.565841094872,-0.824514314827));
#2070 = PCURVE('',#134,#2071);
#2071 = DEFINITIONAL_REPRESENTATION('',(#2072),#2076);
#2072 = LINE('',#2073,#2074);
#2073 = CARTESIAN_POINT('',(9.297480208499,6.380600416665));
#2074 = VECTOR('',#2075,1.);
#2075 = DIRECTION('',(-0.824514314827,-0.565841094872));
#2076 = ( GEOMETRIC_REPRESENTATION_CONTEXT(2) 
PARAMETRIC_REPRESENTATION_CONTEXT() REPRESENTATION_CONTEXT('2D SPACE',''
  ) );
#2077 = PCURVE('',#2078,#2083);
#2078 = PLANE('',#2079);
#2079 = AXIS2_PLACEMENT_3D('',#2080,#2081,#2082);
#2080 = CARTESIAN_POINT('',(0.,-6.380600416665,9.297480208499));
#2081 = DIRECTION('',(-0.,0.824514314827,0.565841094872));
#2082 = DIRECTION('',(0.,0.565841094872,-0.824514314827));
#2083 = DEFINITIONAL_REPRESENTATION('',(#2084),#2088);
#2084 = LINE('',#2085,#2086);
#2085 = CARTESIAN_POINT('',(0.,0.));
#2086 = VECTOR('',#2087,1.);
#2087 = DIRECTION('',(1.,0.));
#2088 = ( GEOMETRIC_REPRESENTATION_CONTEXT(2) 
PARAMETRIC_REPRESENTATION_CONTEXT() REPRESENTATION_CONTEXT('2D SPACE',''
  ) );
#2089 = ORIENTED_EDGE('',*,*,#2090,.T.);
#2090 = EDGE_CURVE('',#2063,#2091,#2093,.T.);
#2091 = VERTEX_POINT('',#2092);
#2092 = CARTESIAN_POINT('',(0.,-6.987169104051,8.169575748556));
#2093 = SURFACE_CURVE('',#2094,(#2098,#2105),.PCURVE_S1.);
#2094 = LINE('',#2095,#2096);
#2095 = CARTESIAN_POINT('',(0.,-6.082791769875,8.863528884386));
#2096 = VECTOR('',#2097,1.);
#2097 = DIRECTION('',(0.,-0.793353340291,-0.608761429009));
#2098 = PCURVE('',#134,#2099);
#2099 = DEFINITIONAL_REPRESENTATION('',(#2100),#2104);
#2100 = LINE('',#2101,#2102);
#2101 = CARTESIAN_POINT('',(8.863528884386,6.082791769875));
#2102 = VECTOR('',#2103,1.);
#2103 = DIRECTION('',(-0.608761429009,0.793353340291));
#2104 = ( GEOMETRIC_REPRESENTATION_CONTEXT(2) 
PARAMETRIC_REPRESENTATION_CONTEXT() REPRESENTATION_CONTEXT('2D SPACE',''
  ) );
#2105 = PCURVE('',#2106,#2111);
#2106 = PLANE('',#2107);
#2107 = AXIS2_PLACEMENT_3D('',#2108,#2109,#2110);
#2108 = CARTESIAN_POINT('',(0.,-6.082791769875,8.863528884386));
#2109 = DIRECTION('',(0.,0.608761429009,-0.793353340291));
#2110 = DIRECTION('',(0.,-0.793353340291,-0.608761429009));
#2111 = DEFINITIONAL_REPRESENTATION('',(#2112),#2116);
#2112 = LINE('',#2113,#2114);
#2113 = CARTESIAN_POINT('',(0.,0.));
#2114 = VECTOR('',#2115,1.);
#2115 = DIRECTION('',(1.,0.));
#2116 = ( GEOMETRIC_REPRESENTATION_CONTEXT(2) 
PARAMETRIC_REPRESENTATION_CONTEXT() REPRESENTATION_CONTEXT('2D SPACE',''
  ) );
#2117 = ORIENTED_EDGE('',*,*,#2118,.T.);
#2118 = EDGE_CURVE('',#2091,#2119,#2121,.T.);
#2119 = VERTEX_POINT('',#2120);
#2120 = CARTESIAN_POINT('',(0.,-7.329255345778,8.569551679111));
#2121 = SURFACE_CURVE('',#2122,(#2126,#2133),.PCURVE_S1.);
#2122 = LINE('',#2123,#2124);
#2123 = CARTESIAN_POINT('',(0.,-6.987169104051,8.169575748556));
#2124 = VECTOR('',#2125,1.);
#2125 = DIRECTION('',(0.,-0.649969218981,0.759960534749));
#2126 = PCURVE('',#134,#2127);
#2127 = DEFINITIONAL_REPRESENTATION('',(#2128),#2132);
#2128 = LINE('',#2129,#2130);
#2129 = CARTESIAN_POINT('',(8.169575748556,6.987169104051));
#2130 = VECTOR('',#2131,1.);
#2131 = DIRECTION('',(0.759960534749,0.649969218981));
#2132 = ( GEOMETRIC_REPRESENTATION_CONTEXT(2) 
PARAMETRIC_REPRESENTATION_CONTEXT() REPRESENTATION_CONTEXT('2D SPACE',''
  ) );
#2133 = PCURVE('',#2134,#2139);
#2134 = PLANE('',#2135);
#2135 = AXIS2_PLACEMENT_3D('',#2136,#2137,#2138);
#2136 = CARTESIAN_POINT('',(0.,-6.987169104051,8.169575748556));
#2137 = DIRECTION('',(0.,-0.759960534749,-0.649969218981));
#2138 = DIRECTION('',(0.,-0.649969218981,0.759960534749));
#2139 = DEFINITIONAL_REPRESENTATION('',(#2140),#2144);
#2140 = LINE('',#2141,#2142);
#2141 = CARTESIAN_POINT('',(0.,0.));
#2142 = VECTOR('',#2143,1.);
#2143 = DIRECTION('',(1.,0.));
#2144 = ( GEOMETRIC_REPRESENTATION_CONTEXT(2) 
PARAMETRIC_REPRESENTATION_CONTEXT() REPRESENTATION_CONTEXT('2D SPACE',''
  ) );
#2145 = ORIENTED_EDGE('',*,*,#2146,.T.);
#2146 = EDGE_CURVE('',#2119,#2147,#2149,.T.);
#2147 = VERTEX_POINT('',#2148);
#2148 = CARTESIAN_POINT('',(0.,-8.9595305041,9.419491129892));
#2149 = SURFACE_CURVE('',#2150,(#2160,#2173),.PCURVE_S1.);
#2150 = B_SPLINE_CURVE_WITH_KNOTS('',3,(#2151,#2152,#2153,#2154,#2155,
    #2156,#2157,#2158,#2159),.UNSPECIFIED.,.F.,.F.,(4,1,1,1,1,1,4),(0.,
    0.290524100267,0.58867032325,0.894177536695,1.207021205364,
    1.527193397443,1.854690543779),.UNSPECIFIED.);
#2151 = CARTESIAN_POINT('',(0.,-7.329255345778,8.569551679111));
#2152 = CARTESIAN_POINT('',(0.,-7.397861590587,8.638588213858));
#2153 = CARTESIAN_POINT('',(0.,-7.547425189903,8.765874686051));
#2154 = CARTESIAN_POINT('',(0.,-7.797985534397,8.928625632443));
#2155 = CARTESIAN_POINT('',(0.,-8.06626859972,9.075092300069));
#2156 = CARTESIAN_POINT('',(0.,-8.350865563757,9.205601280141));
#2157 = CARTESIAN_POINT('',(0.,-8.649500532042,9.321448909269));
#2158 = CARTESIAN_POINT('',(-0.,-8.854945698519,9.388273818481));
#2159 = CARTESIAN_POINT('',(0.,-8.9595305041,9.419491129892));
#2160 = PCURVE('',#134,#2161);
#2161 = DEFINITIONAL_REPRESENTATION('',(#2162),#2172);
#2162 = B_SPLINE_CURVE_WITH_KNOTS('',3,(#2163,#2164,#2165,#2166,#2167,
    #2168,#2169,#2170,#2171),.UNSPECIFIED.,.F.,.F.,(4,1,1,1,1,1,4),(0.,
    0.290524100267,0.58867032325,0.894177536695,1.207021205364,
    1.527193397443,1.854690543779),.UNSPECIFIED.);
#2163 = CARTESIAN_POINT('',(8.569551679111,7.329255345778));
#2164 = CARTESIAN_POINT('',(8.638588213858,7.397861590587));
#2165 = CARTESIAN_POINT('',(8.765874686051,7.547425189903));
#2166 = CARTESIAN_POINT('',(8.928625632443,7.797985534397));
#2167 = CARTESIAN_POINT('',(9.075092300069,8.06626859972));
#2168 = CARTESIAN_POINT('',(9.205601280141,8.350865563757));
#2169 = CARTESIAN_POINT('',(9.321448909269,8.649500532042));
#2170 = CARTESIAN_POINT('',(9.388273818481,8.854945698519));
#2171 = CARTESIAN_POINT('',(9.419491129892,8.9595305041));
#2172 = ( GEOMETRIC_REPRESENTATION_CONTEXT(2) 
PARAMETRIC_REPRESENTATION_CONTEXT() REPRESENTATION_CONTEXT('2D SPACE',''
  ) );
#2173 = PCURVE('',#2174,#2187);
#2174 = SURFACE_OF_LINEAR_EXTRUSION('',#2175,#2185);
#2175 = B_SPLINE_CURVE_WITH_KNOTS('',3,(#2176,#2177,#2178,#2179,#2180,
    #2181,#2182,#2183,#2184),.UNSPECIFIED.,.F.,.F.,(4,1,1,1,1,1,4),(0.,
    0.290524100267,0.58867032325,0.894177536695,1.207021205364,
    1.527193397443,1.854690543779),.UNSPECIFIED.);
#2176 = CARTESIAN_POINT('',(0.,-7.329255345778,8.569551679111));
#2177 = CARTESIAN_POINT('',(0.,-7.397861590587,8.638588213858));
#2178 = CARTESIAN_POINT('',(0.,-7.547425189903,8.765874686051));
#2179 = CARTESIAN_POINT('',(0.,-7.797985534397,8.928625632443));
#2180 = CARTESIAN_POINT('',(0.,-8.06626859972,9.075092300069));
#2181 = CARTESIAN_POINT('',(0.,-8.350865563757,9.205601280141));
#2182 = CARTESIAN_POINT('',(0.,-8.649500532042,9.321448909269));
#2183 = CARTESIAN_POINT('',(-0.,-8.854945698519,9.388273818481));
#2184 = CARTESIAN_POINT('',(0.,-8.9595305041,9.419491129892));
#2185 = VECTOR('',#2186,1.);
#2186 = DIRECTION('',(-1.,-0.,-0.));
#2187 = DEFINITIONAL_REPRESENTATION('',(#2188),#2192);
#2188 = LINE('',#2189,#2190);
#2189 = CARTESIAN_POINT('',(0.,0.));
#2190 = VECTOR('',#2191,1.);
#2191 = DIRECTION('',(1.,0.));
#2192 = ( GEOMETRIC_REPRESENTATION_CONTEXT(2) 
PARAMETRIC_REPRESENTATION_CONTEXT() REPRESENTATION_CONTEXT('2D SPACE',''
  ) );
#2193 = ORIENTED_EDGE('',*,*,#2194,.T.);
#2194 = EDGE_CURVE('',#2147,#2195,#2197,.T.);
#2195 = VERTEX_POINT('',#2196);
#2196 = CARTESIAN_POINT('',(0.,-9.419491129892,8.9595305041));
#2197 = SURFACE_CURVE('',#2198,(#2202,#2209),.PCURVE_S1.);
#2198 = LINE('',#2199,#2200);
#2199 = CARTESIAN_POINT('',(0.,-8.9595305041,9.419491129892));
#2200 = VECTOR('',#2201,1.);
#2201 = DIRECTION('',(0.,-0.707106781187,-0.707106781187));
#2202 = PCURVE('',#134,#2203);
#2203 = DEFINITIONAL_REPRESENTATION('',(#2204),#2208);
#2204 = LINE('',#2205,#2206);
#2205 = CARTESIAN_POINT('',(9.419491129892,8.9595305041));
#2206 = VECTOR('',#2207,1.);
#2207 = DIRECTION('',(-0.707106781187,0.707106781187));
#2208 = ( GEOMETRIC_REPRESENTATION_CONTEXT(2) 
PARAMETRIC_REPRESENTATION_CONTEXT() REPRESENTATION_CONTEXT('2D SPACE',''
  ) );
#2209 = PCURVE('',#2210,#2215);
#2210 = PLANE('',#2211);
#2211 = AXIS2_PLACEMENT_3D('',#2212,#2213,#2214);
#2212 = CARTESIAN_POINT('',(0.,-8.9595305041,9.419491129892));
#2213 = DIRECTION('',(0.,0.707106781187,-0.707106781187));
#2214 = DIRECTION('',(0.,-0.707106781187,-0.707106781187));
#2215 = DEFINITIONAL_REPRESENTATION('',(#2216),#2220);
#2216 = LINE('',#2217,#2218);
#2217 = CARTESIAN_POINT('',(0.,0.));
#2218 = VECTOR('',#2219,1.);
#2219 = DIRECTION('',(1.,0.));
#2220 = ( GEOMETRIC_REPRESENTATION_CONTEXT(2) 
PARAMETRIC_REPRESENTATION_CONTEXT() REPRESENTATION_CONTEXT('2D SPACE',''
  ) );
#2221 = ORIENTED_EDGE('',*,*,#2222,.T.);
#2222 = EDGE_CURVE('',#2195,#2223,#2225,.T.);
#2223 = VERTEX_POINT('',#2224);
#2224 = CARTESIAN_POINT('',(0.,-8.569551679111,7.329255345778));
#2225 = SURFACE_CURVE('',#2226,(#2236,#2249),.PCURVE_S1.);
#2226 = B_SPLINE_CURVE_WITH_KNOTS('',3,(#2227,#2228,#2229,#2230,#2231,
    #2232,#2233,#2234,#2235),.UNSPECIFIED.,.F.,.F.,(4,1,1,1,1,1,4),(0.,
    0.327497146337,0.647669338415,0.960513007084,1.266020220529,
    1.564166443513,1.854690543779),.UNSPECIFIED.);
#2227 = CARTESIAN_POINT('',(0.,-9.419491129892,8.9595305041));
#2228 = CARTESIAN_POINT('',(0.,-9.388273818481,8.854945698519));
#2229 = CARTESIAN_POINT('',(0.,-9.321448909269,8.649500532042));
#2230 = CARTESIAN_POINT('',(0.,-9.205601280141,8.350865563757));
#2231 = CARTESIAN_POINT('',(0.,-9.075092300069,8.06626859972));
#2232 = CARTESIAN_POINT('',(0.,-8.928625632443,7.797985534397));
#2233 = CARTESIAN_POINT('',(0.,-8.765874686051,7.547425189903));
#2234 = CARTESIAN_POINT('',(-0.,-8.638588213858,7.397861590587));
#2235 = CARTESIAN_POINT('',(0.,-8.569551679111,7.329255345778));
#2236 = PCURVE('',#134,#2237);
#2237 = DEFINITIONAL_REPRESENTATION('',(#2238),#2248);
#2238 = B_SPLINE_CURVE_WITH_KNOTS('',3,(#2239,#2240,#2241,#2242,#2243,
    #2244,#2245,#2246,#2247),.UNSPECIFIED.,.F.,.F.,(4,1,1,1,1,1,4),(0.,
    0.327497146337,0.647669338415,0.960513007084,1.266020220529,
    1.564166443513,1.854690543779),.UNSPECIFIED.);
#2239 = CARTESIAN_POINT('',(8.9595305041,9.419491129892));
#2240 = CARTESIAN_POINT('',(8.854945698519,9.388273818481));
#2241 = CARTESIAN_POINT('',(8.649500532042,9.321448909269));
#2242 = CARTESIAN_POINT('',(8.350865563757,9.205601280141));
#2243 = CARTESIAN_POINT('',(8.06626859972,9.075092300069));
#2244 = CARTESIAN_POINT('',(7.797985534397,8.928625632443));
#2245 = CARTESIAN_POINT('',(7.547425189903,8.765874686051));
#2246 = CARTESIAN_POINT('',(7.397861590587,8.638588213858));
#2247 = CARTESIAN_POINT('',(7.329255345778,8.569551679111));
#2248 = ( GEOMETRIC_REPRESENTATION_CONTEXT(2) 
PARAMETRIC_REPRESENTATION_CONTEXT() REPRESENTATION_CONTEXT('2D SPACE',''
  ) );
#2249 = PCURVE('',#2250,#2263);
#2250 = SURFACE_OF_LINEAR_EXTRUSION('',#2251,#2261);
#2251 = B_SPLINE_CURVE_WITH_KNOTS('',3,(#2252,#2253,#2254,#2255,#2256,
    #2257,#2258,#2259,#2260),.UNSPECIFIED.,.F.,.F.,(4,1,1,1,1,1,4),(0.,
    0.327497146337,0.647669338415,0.960513007084,1.266020220529,
    1.564166443513,1.854690543779),.UNSPECIFIED.);
#2252 = CARTESIAN_POINT('',(0.,-9.419491129892,8.9595305041));
#2253 = CARTESIAN_POINT('',(0.,-9.388273818481,8.854945698519));
#2254 = CARTESIAN_POINT('',(0.,-9.321448909269,8.649500532042));
#2255 = CARTESIAN_POINT('',(0.,-9.205601280141,8.350865563757));
#2256 = CARTESIAN_POINT('',(0.,-9.075092300069,8.06626859972));
#2257 = CARTESIAN_POINT('',(0.,-8.928625632443,7.797985534397));
#2258 = CARTESIAN_POINT('',(0.,-8.765874686051,7.547425189903));
#2259 = CARTESIAN_POINT('',(-0.,-8.638588213858,7.397861590587));
#2260 = CARTESIAN_POINT('',(0.,-8.569551679111,7.329255345778));
#2261 = VECTOR('',#2262,1.);
#2262 = DIRECTION('',(-1.,-0.,-0.));
#2263 = DEFINITIONAL_REPRESENTATION('',(#2264),#2268);
#2264 = LINE('',#2265,#2266);
#2265 = CARTESIAN_POINT('',(0.,0.));
#2266 = VECTOR('',#2267,1.);
#2267 = DIRECTION('',(1.,0.));
#2268 = ( GEOMETRIC_REPRESENTATION_CONTEXT(2) 
PARAMETRIC_REPRESENTATION_CONTEXT() REPRESENTATION_CONTEXT('2D SPACE',''
  ) );
#2269 = ORIENTED_EDGE('',*,*,#2270,.T.);
#2270 = EDGE_CURVE('',#2223,#2271,#2273,.T.);
#2271 = VERTEX_POINT('',#2272);
#2272 = CARTESIAN_POINT('',(0.,-8.169575748556,6.987169104051));
#2273 = SURFACE_CURVE('',#2274,(#2278,#2285),.PCURVE_S1.);
#2274 = LINE('',#2275,#2276);
#2275 = CARTESIAN_POINT('',(0.,-8.569551679111,7.329255345778));
#2276 = VECTOR('',#2277,1.);
#2277 = DIRECTION('',(0.,0.759960534749,-0.649969218981));
#2278 = PCURVE('',#134,#2279);
#2279 = DEFINITIONAL_REPRESENTATION('',(#2280),#2284);
#2280 = LINE('',#2281,#2282);
#2281 = CARTESIAN_POINT('',(7.329255345778,8.569551679111));
#2282 = VECTOR('',#2283,1.);
#2283 = DIRECTION('',(-0.649969218981,-0.759960534749));
#2284 = ( GEOMETRIC_REPRESENTATION_CONTEXT(2) 
PARAMETRIC_REPRESENTATION_CONTEXT() REPRESENTATION_CONTEXT('2D SPACE',''
  ) );
#2285 = PCURVE('',#2286,#2291);
#2286 = PLANE('',#2287);
#2287 = AXIS2_PLACEMENT_3D('',#2288,#2289,#2290);
#2288 = CARTESIAN_POINT('',(0.,-8.569551679111,7.329255345778));
#2289 = DIRECTION('',(-0.,0.649969218981,0.759960534749));
#2290 = DIRECTION('',(0.,0.759960534749,-0.649969218981));
#2291 = DEFINITIONAL_REPRESENTATION('',(#2292),#2296);
#2292 = LINE('',#2293,#2294);
#2293 = CARTESIAN_POINT('',(0.,0.));
#2294 = VECTOR('',#2295,1.);
#2295 = DIRECTION('',(1.,0.));
#2296 = ( GEOMETRIC_REPRESENTATION_CONTEXT(2) 
PARAMETRIC_REPRESENTATION_CONTEXT() REPRESENTATION_CONTEXT('2D SPACE',''
  ) );
#2297 = ORIENTED_EDGE('',*,*,#2298,.T.);
#2298 = EDGE_CURVE('',#2271,#2299,#2301,.T.);
#2299 = VERTEX_POINT('',#2300);
#2300 = CARTESIAN_POINT('',(0.,-8.863528884386,6.082791769875));
#2301 = SURFACE_CURVE('',#2302,(#2306,#2313),.PCURVE_S1.);
#2302 = LINE('',#2303,#2304);
#2303 = CARTESIAN_POINT('',(0.,-8.169575748556,6.987169104051));
#2304 = VECTOR('',#2305,1.);
#2305 = DIRECTION('',(0.,-0.608761429009,-0.793353340291));
#2306 = PCURVE('',#134,#2307);
#2307 = DEFINITIONAL_REPRESENTATION('',(#2308),#2312);
#2308 = LINE('',#2309,#2310);
#2309 = CARTESIAN_POINT('',(6.987169104051,8.169575748556));
#2310 = VECTOR('',#2311,1.);
#2311 = DIRECTION('',(-0.793353340291,0.608761429009));
#2312 = ( GEOMETRIC_REPRESENTATION_CONTEXT(2) 
PARAMETRIC_REPRESENTATION_CONTEXT() REPRESENTATION_CONTEXT('2D SPACE',''
  ) );
#2313 = PCURVE('',#2314,#2319);
#2314 = PLANE('',#2315);
#2315 = AXIS2_PLACEMENT_3D('',#2316,#2317,#2318);
#2316 = CARTESIAN_POINT('',(0.,-8.169575748556,6.987169104051));
#2317 = DIRECTION('',(0.,0.793353340291,-0.608761429009));
#2318 = DIRECTION('',(0.,-0.608761429009,-0.793353340291));
#2319 = DEFINITIONAL_REPRESENTATION('',(#2320),#2324);
#2320 = LINE('',#2321,#2322);
#2321 = CARTESIAN_POINT('',(0.,0.));
#2322 = VECTOR('',#2323,1.);
#2323 = DIRECTION('',(1.,0.));
#2324 = ( GEOMETRIC_REPRESENTATION_CONTEXT(2) 
PARAMETRIC_REPRESENTATION_CONTEXT() REPRESENTATION_CONTEXT('2D SPACE',''
  ) );
#2325 = ORIENTED_EDGE('',*,*,#2326,.T.);
#2326 = EDGE_CURVE('',#2299,#2327,#2329,.T.);
#2327 = VERTEX_POINT('',#2328);
#2328 = CARTESIAN_POINT('',(0.,-9.297480208499,6.380600416665));
#2329 = SURFACE_CURVE('',#2330,(#2334,#2341),.PCURVE_S1.);
#2330 = LINE('',#2331,#2332);
#2331 = CARTESIAN_POINT('',(0.,-8.863528884386,6.082791769875));
#2332 = VECTOR('',#2333,1.);
#2333 = DIRECTION('',(0.,-0.824514314827,0.565841094872));
#2334 = PCURVE('',#134,#2335);
#2335 = DEFINITIONAL_REPRESENTATION('',(#2336),#2340);
#2336 = LINE('',#2337,#2338);
#2337 = CARTESIAN_POINT('',(6.082791769875,8.863528884386));
#2338 = VECTOR('',#2339,1.);
#2339 = DIRECTION('',(0.565841094872,0.824514314827));
#2340 = ( GEOMETRIC_REPRESENTATION_CONTEXT(2) 
PARAMETRIC_REPRESENTATION_CONTEXT() REPRESENTATION_CONTEXT('2D SPACE',''
  ) );
#2341 = PCURVE('',#2342,#2347);
#2342 = PLANE('',#2343);
#2343 = AXIS2_PLACEMENT_3D('',#2344,#2345,#2346);
#2344 = CARTESIAN_POINT('',(0.,-8.863528884386,6.082791769875));
#2345 = DIRECTION('',(0.,-0.565841094872,-0.824514314827));
#2346 = DIRECTION('',(0.,-0.824514314827,0.565841094872));
#2347 = DEFINITIONAL_REPRESENTATION('',(#2348),#2352);
#2348 = LINE('',#2349,#2350);
#2349 = CARTESIAN_POINT('',(0.,0.));
#2350 = VECTOR('',#2351,1.);
#2351 = DIRECTION('',(1.,0.));
#2352 = ( GEOMETRIC_REPRESENTATION_CONTEXT(2) 
PARAMETRIC_REPRESENTATION_CONTEXT() REPRESENTATION_CONTEXT('2D SPACE',''
  ) );
#2353 = ORIENTED_EDGE('',*,*,#2354,.T.);
#2354 = EDGE_CURVE('',#2327,#2355,#2357,.T.);
#2355 = VERTEX_POINT('',#2356);
#2356 = CARTESIAN_POINT('',(0.,-11.09218560492,6.779632623225));
#2357 = SURFACE_CURVE('',#2358,(#2368,#2381),.PCURVE_S1.);
#2358 = B_SPLINE_CURVE_WITH_KNOTS('',3,(#2359,#2360,#2361,#2362,#2363,
    #2364,#2365,#2366,#2367),.UNSPECIFIED.,.F.,.F.,(4,1,1,1,1,1,4),(0.,
    0.290524100267,0.58867032325,0.894177536695,1.207021205364,
    1.527193397443,1.854690543779),.UNSPECIFIED.);
#2359 = CARTESIAN_POINT('',(0.,-9.297480208499,6.380600416665));
#2360 = CARTESIAN_POINT('',(0.,-9.381616722205,6.429527985766));
#2361 = CARTESIAN_POINT('',(0.,-9.559028228644,6.513767368637));
#2362 = CARTESIAN_POINT('',(0.,-9.84317398097,6.606122921907));
#2363 = CARTESIAN_POINT('',(0.,-10.14022388557,6.678162092073));
#2364 = CARTESIAN_POINT('',(0.,-10.44890165282,6.730564972017));
#2365 = CARTESIAN_POINT('',(0.,-10.76734445407,6.76517277158));
#2366 = CARTESIAN_POINT('',(-0.,-10.98308480544,6.776547555419));
#2367 = CARTESIAN_POINT('',(0.,-11.09218560492,6.779632623225));
#2368 = PCURVE('',#134,#2369);
#2369 = DEFINITIONAL_REPRESENTATION('',(#2370),#2380);
#2370 = B_SPLINE_CURVE_WITH_KNOTS('',3,(#2371,#2372,#2373,#2374,#2375,
    #2376,#2377,#2378,#2379),.UNSPECIFIED.,.F.,.F.,(4,1,1,1,1,1,4),(0.,
    0.290524100267,0.58867032325,0.894177536695,1.207021205364,
    1.527193397443,1.854690543779),.UNSPECIFIED.);
#2371 = CARTESIAN_POINT('',(6.380600416665,9.297480208499));
#2372 = CARTESIAN_POINT('',(6.429527985766,9.381616722205));
#2373 = CARTESIAN_POINT('',(6.513767368637,9.559028228644));
#2374 = CARTESIAN_POINT('',(6.606122921907,9.84317398097));
#2375 = CARTESIAN_POINT('',(6.678162092073,10.140223885575));
#2376 = CARTESIAN_POINT('',(6.730564972017,10.448901652821));
#2377 = CARTESIAN_POINT('',(6.76517277158,10.76734445407));
#2378 = CARTESIAN_POINT('',(6.776547555419,10.983084805447));
#2379 = CARTESIAN_POINT('',(6.779632623225,11.092185604925));
#2380 = ( GEOMETRIC_REPRESENTATION_CONTEXT(2) 
PARAMETRIC_REPRESENTATION_CONTEXT() REPRESENTATION_CONTEXT('2D SPACE',''
  ) );
#2381 = PCURVE('',#2382,#2395);
#2382 = SURFACE_OF_LINEAR_EXTRUSION('',#2383,#2393);
#2383 = B_SPLINE_CURVE_WITH_KNOTS('',3,(#2384,#2385,#2386,#2387,#2388,
    #2389,#2390,#2391,#2392),.UNSPECIFIED.,.F.,.F.,(4,1,1,1,1,1,4),(0.,
    0.290524100267,0.58867032325,0.894177536695,1.207021205364,
    1.527193397443,1.854690543779),.UNSPECIFIED.);
#2384 = CARTESIAN_POINT('',(0.,-9.297480208499,6.380600416665));
#2385 = CARTESIAN_POINT('',(0.,-9.381616722205,6.429527985766));
#2386 = CARTESIAN_POINT('',(0.,-9.559028228644,6.513767368637));
#2387 = CARTESIAN_POINT('',(0.,-9.84317398097,6.606122921907));
#2388 = CARTESIAN_POINT('',(0.,-10.14022388557,6.678162092073));
#2389 = CARTESIAN_POINT('',(0.,-10.44890165282,6.730564972017));
#2390 = CARTESIAN_POINT('',(0.,-10.76734445407,6.76517277158));
#2391 = CARTESIAN_POINT('',(-0.,-10.98308480544,6.776547555419));
#2392 = CARTESIAN_POINT('',(0.,-11.09218560492,6.779632623225));
#2393 = VECTOR('',#2394,1.);
#2394 = DIRECTION('',(-1.,-0.,-0.));
#2395 = DEFINITIONAL_REPRESENTATION('',(#2396),#2400);
#2396 = LINE('',#2397,#2398);
#2397 = CARTESIAN_POINT('',(0.,0.));
#2398 = VECTOR('',#2399,1.);
#2399 = DIRECTION('',(1.,0.));
#2400 = ( GEOMETRIC_REPRESENTATION_CONTEXT(2) 
PARAMETRIC_REPRESENTATION_CONTEXT() REPRESENTATION_CONTEXT('2D SPACE',''
  ) );
#2401 = ORIENTED_EDGE('',*,*,#2402,.T.);
#2402 = EDGE_CURVE('',#2355,#2403,#2405,.T.);
#2403 = VERTEX_POINT('',#2404);
#2404 = CARTESIAN_POINT('',(0.,-11.4174268825,6.216298205745));
#2405 = SURFACE_CURVE('',#2406,(#2410,#2417),.PCURVE_S1.);
#2406 = LINE('',#2407,#2408);
#2407 = CARTESIAN_POINT('',(0.,-11.09218560492,6.779632623225));
#2408 = VECTOR('',#2409,1.);
#2409 = DIRECTION('',(0.,-0.5,-0.866025403784));
#2410 = PCURVE('',#134,#2411);
#2411 = DEFINITIONAL_REPRESENTATION('',(#2412),#2416);
#2412 = LINE('',#2413,#2414);
#2413 = CARTESIAN_POINT('',(6.779632623225,11.092185604925));
#2414 = VECTOR('',#2415,1.);
#2415 = DIRECTION('',(-0.866025403784,0.5));
#2416 = ( GEOMETRIC_REPRESENTATION_CONTEXT(2) 
PARAMETRIC_REPRESENTATION_CONTEXT() REPRESENTATION_CONTEXT('2D SPACE',''
  ) );
#2417 = PCURVE('',#2418,#2423);
#2418 = PLANE('',#2419);
#2419 = AXIS2_PLACEMENT_3D('',#2420,#2421,#2422);
#2420 = CARTESIAN_POINT('',(0.,-11.09218560492,6.779632623225));
#2421 = DIRECTION('',(0.,0.866025403784,-0.5));
#2422 = DIRECTION('',(0.,-0.5,-0.866025403784));
#2423 = DEFINITIONAL_REPRESENTATION('',(#2424),#2428);
#2424 = LINE('',#2425,#2426);
#2425 = CARTESIAN_POINT('',(0.,0.));
#2426 = VECTOR('',#2427,1.);
#2427 = DIRECTION('',(1.,0.));
#2428 = ( GEOMETRIC_REPRESENTATION_CONTEXT(2) 
PARAMETRIC_REPRESENTATION_CONTEXT() REPRESENTATION_CONTEXT('2D SPACE',''
  ) );
#2429 = ORIENTED_EDGE('',*,*,#2430,.T.);
#2430 = EDGE_CURVE('',#2403,#2431,#2433,.T.);
#2431 = VERTEX_POINT('',#2432);
#2432 = CARTESIAN_POINT('',(0.,-10.17450215647,4.86155384341));
#2433 = SURFACE_CURVE('',#2434,(#2444,#2457),.PCURVE_S1.);
#2434 = B_SPLINE_CURVE_WITH_KNOTS('',3,(#2435,#2436,#2437,#2438,#2439,
    #2440,#2441,#2442,#2443),.UNSPECIFIED.,.F.,.F.,(4,1,1,1,1,1,4),(0.,
    0.327497146337,0.647669338415,0.960513007084,1.266020220529,
    1.564166443513,1.854690543779),.UNSPECIFIED.);
#2435 = CARTESIAN_POINT('',(0.,-11.4174268825,6.216298205745));
#2436 = CARTESIAN_POINT('',(0.,-11.36020473567,6.123356675727));
#2437 = CARTESIAN_POINT('',(0.,-11.24248370821,5.942207442732));
#2438 = CARTESIAN_POINT('',(0.,-11.05329107399,5.68373178698));
#2439 = CARTESIAN_POINT('',(0.,-10.85356996511,5.442610438933));
#2440 = CARTESIAN_POINT('',(0.,-10.64265726137,5.221377260436));
#2441 = CARTESIAN_POINT('',(0.,-10.4206021299,5.02147759718));
#2442 = CARTESIAN_POINT('',(-0.,-10.25894293111,4.909954417116));
#2443 = CARTESIAN_POINT('',(0.,-10.17450215647,4.86155384341));
#2444 = PCURVE('',#134,#2445);
#2445 = DEFINITIONAL_REPRESENTATION('',(#2446),#2456);
#2446 = B_SPLINE_CURVE_WITH_KNOTS('',3,(#2447,#2448,#2449,#2450,#2451,
    #2452,#2453,#2454,#2455),.UNSPECIFIED.,.F.,.F.,(4,1,1,1,1,1,4),(0.,
    0.327497146337,0.647669338415,0.960513007084,1.266020220529,
    1.564166443513,1.854690543779),.UNSPECIFIED.);
#2447 = CARTESIAN_POINT('',(6.216298205745,11.417426882501));
#2448 = CARTESIAN_POINT('',(6.123356675727,11.36020473567));
#2449 = CARTESIAN_POINT('',(5.942207442732,11.242483708214));
#2450 = CARTESIAN_POINT('',(5.68373178698,11.053291073999));
#2451 = CARTESIAN_POINT('',(5.442610438933,10.853569965113));
#2452 = CARTESIAN_POINT('',(5.221377260436,10.642657261379));
#2453 = CARTESIAN_POINT('',(5.02147759718,10.420602129904));
#2454 = CARTESIAN_POINT('',(4.909954417116,10.258942931118));
#2455 = CARTESIAN_POINT('',(4.86155384341,10.174502156479));
#2456 = ( GEOMETRIC_REPRESENTATION_CONTEXT(2) 
PARAMETRIC_REPRESENTATION_CONTEXT() REPRESENTATION_CONTEXT('2D SPACE',''
  ) );
#2457 = PCURVE('',#2458,#2471);
#2458 = SURFACE_OF_LINEAR_EXTRUSION('',#2459,#2469);
#2459 = B_SPLINE_CURVE_WITH_KNOTS('',3,(#2460,#2461,#2462,#2463,#2464,
    #2465,#2466,#2467,#2468),.UNSPECIFIED.,.F.,.F.,(4,1,1,1,1,1,4),(0.,
    0.327497146337,0.647669338415,0.960513007084,1.266020220529,
    1.564166443513,1.854690543779),.UNSPECIFIED.);
#2460 = CARTESIAN_POINT('',(0.,-11.4174268825,6.216298205745));
#2461 = CARTESIAN_POINT('',(0.,-11.36020473567,6.123356675727));
#2462 = CARTESIAN_POINT('',(0.,-11.24248370821,5.942207442732));
#2463 = CARTESIAN_POINT('',(0.,-11.05329107399,5.68373178698));
#2464 = CARTESIAN_POINT('',(0.,-10.85356996511,5.442610438933));
#2465 = CARTESIAN_POINT('',(0.,-10.64265726137,5.221377260436));
#2466 = CARTESIAN_POINT('',(0.,-10.4206021299,5.02147759718));
#2467 = CARTESIAN_POINT('',(-0.,-10.25894293111,4.909954417116));
#2468 = CARTESIAN_POINT('',(0.,-10.17450215647,4.86155384341));
#2469 = VECTOR('',#2470,1.);
#2470 = DIRECTION('',(-1.,-0.,-0.));
#2471 = DEFINITIONAL_REPRESENTATION('',(#2472),#2476);
#2472 = LINE('',#2473,#2474);
#2473 = CARTESIAN_POINT('',(0.,0.));
#2474 = VECTOR('',#2475,1.);
#2475 = DIRECTION('',(1.,0.));
#2476 = ( GEOMETRIC_REPRESENTATION_CONTEXT(2) 
PARAMETRIC_REPRESENTATION_CONTEXT() REPRESENTATION_CONTEXT('2D SPACE',''
  ) );
#2477 = ORIENTED_EDGE('',*,*,#2478,.T.);
#2478 = EDGE_CURVE('',#2431,#2479,#2481,.T.);
#2479 = VERTEX_POINT('',#2480);
#2480 = CARTESIAN_POINT('',(0.,-9.699616640836,4.634645296118));
#2481 = SURFACE_CURVE('',#2482,(#2486,#2493),.PCURVE_S1.);
#2482 = LINE('',#2483,#2484);
#2483 = CARTESIAN_POINT('',(0.,-10.17450215647,4.86155384341));
#2484 = VECTOR('',#2485,1.);
#2485 = DIRECTION('',(0.,0.902289920078,-0.431129794988));
#2486 = PCURVE('',#134,#2487);
#2487 = DEFINITIONAL_REPRESENTATION('',(#2488),#2492);
#2488 = LINE('',#2489,#2490);
#2489 = CARTESIAN_POINT('',(4.86155384341,10.174502156479));
#2490 = VECTOR('',#2491,1.);
#2491 = DIRECTION('',(-0.431129794988,-0.902289920078));
#2492 = ( GEOMETRIC_REPRESENTATION_CONTEXT(2) 
PARAMETRIC_REPRESENTATION_CONTEXT() REPRESENTATION_CONTEXT('2D SPACE',''
  ) );
#2493 = PCURVE('',#2494,#2499);
#2494 = PLANE('',#2495);
#2495 = AXIS2_PLACEMENT_3D('',#2496,#2497,#2498);
#2496 = CARTESIAN_POINT('',(0.,-10.17450215647,4.86155384341));
#2497 = DIRECTION('',(-0.,0.431129794988,0.902289920078));
#2498 = DIRECTION('',(0.,0.902289920078,-0.431129794988));
#2499 = DEFINITIONAL_REPRESENTATION('',(#2500),#2504);
#2500 = LINE('',#2501,#2502);
#2501 = CARTESIAN_POINT('',(0.,0.));
#2502 = VECTOR('',#2503,1.);
#2503 = DIRECTION('',(1.,0.));
#2504 = ( GEOMETRIC_REPRESENTATION_CONTEXT(2) 
PARAMETRIC_REPRESENTATION_CONTEXT() REPRESENTATION_CONTEXT('2D SPACE',''
  ) );
#2505 = ORIENTED_EDGE('',*,*,#2506,.T.);
#2506 = EDGE_CURVE('',#2479,#2507,#2509,.T.);
#2507 = VERTEX_POINT('',#2508);
#2508 = CARTESIAN_POINT('',(0.,-10.13585381892,3.581475584366));
#2509 = SURFACE_CURVE('',#2510,(#2514,#2521),.PCURVE_S1.);
#2510 = LINE('',#2511,#2512);
#2511 = CARTESIAN_POINT('',(0.,-9.699616640836,4.634645296118));
#2512 = VECTOR('',#2513,1.);
#2513 = DIRECTION('',(0.,-0.382683432365,-0.923879532511));
#2514 = PCURVE('',#134,#2515);
#2515 = DEFINITIONAL_REPRESENTATION('',(#2516),#2520);
#2516 = LINE('',#2517,#2518);
#2517 = CARTESIAN_POINT('',(4.634645296118,9.699616640836));
#2518 = VECTOR('',#2519,1.);
#2519 = DIRECTION('',(-0.923879532511,0.382683432365));
#2520 = ( GEOMETRIC_REPRESENTATION_CONTEXT(2) 
PARAMETRIC_REPRESENTATION_CONTEXT() REPRESENTATION_CONTEXT('2D SPACE',''
  ) );
#2521 = PCURVE('',#2522,#2527);
#2522 = PLANE('',#2523);
#2523 = AXIS2_PLACEMENT_3D('',#2524,#2525,#2526);
#2524 = CARTESIAN_POINT('',(0.,-9.699616640836,4.634645296118));
#2525 = DIRECTION('',(0.,0.923879532511,-0.382683432365));
#2526 = DIRECTION('',(0.,-0.382683432365,-0.923879532511));
#2527 = DEFINITIONAL_REPRESENTATION('',(#2528),#2532);
#2528 = LINE('',#2529,#2530);
#2529 = CARTESIAN_POINT('',(0.,0.));
#2530 = VECTOR('',#2531,1.);
#2531 = DIRECTION('',(1.,0.));
#2532 = ( GEOMETRIC_REPRESENTATION_CONTEXT(2) 
PARAMETRIC_REPRESENTATION_CONTEXT() REPRESENTATION_CONTEXT('2D SPACE',''
  ) );
#2533 = ORIENTED_EDGE('',*,*,#2534,.T.);
#2534 = EDGE_CURVE('',#2507,#2535,#2537,.T.);
#2535 = VERTEX_POINT('',#2536);
#2536 = CARTESIAN_POINT('',(0.,-10.63209715982,3.756821780264));
#2537 = SURFACE_CURVE('',#2538,(#2542,#2549),.PCURVE_S1.);
#2538 = LINE('',#2539,#2540);
#2539 = CARTESIAN_POINT('',(0.,-10.13585381892,3.581475584366));
#2540 = VECTOR('',#2541,1.);
#2541 = DIRECTION('',(0.,-0.942870122691,0.333160519476));
#2542 = PCURVE('',#134,#2543);
#2543 = DEFINITIONAL_REPRESENTATION('',(#2544),#2548);
#2544 = LINE('',#2545,#2546);
#2545 = CARTESIAN_POINT('',(3.581475584366,10.135853818924));
#2546 = VECTOR('',#2547,1.);
#2547 = DIRECTION('',(0.333160519476,0.942870122691));
#2548 = ( GEOMETRIC_REPRESENTATION_CONTEXT(2) 
PARAMETRIC_REPRESENTATION_CONTEXT() REPRESENTATION_CONTEXT('2D SPACE',''
  ) );
#2549 = PCURVE('',#2550,#2555);
#2550 = PLANE('',#2551);
#2551 = AXIS2_PLACEMENT_3D('',#2552,#2553,#2554);
#2552 = CARTESIAN_POINT('',(0.,-10.13585381892,3.581475584366));
#2553 = DIRECTION('',(0.,-0.333160519476,-0.942870122691));
#2554 = DIRECTION('',(0.,-0.942870122691,0.333160519476));
#2555 = DEFINITIONAL_REPRESENTATION('',(#2556),#2560);
#2556 = LINE('',#2557,#2558);
#2557 = CARTESIAN_POINT('',(0.,0.));
#2558 = VECTOR('',#2559,1.);
#2559 = DIRECTION('',(1.,0.));
#2560 = ( GEOMETRIC_REPRESENTATION_CONTEXT(2) 
PARAMETRIC_REPRESENTATION_CONTEXT() REPRESENTATION_CONTEXT('2D SPACE',''
  ) );
#2561 = ORIENTED_EDGE('',*,*,#2562,.T.);
#2562 = EDGE_CURVE('',#2535,#2563,#2565,.T.);
#2563 = VERTEX_POINT('',#2564);
#2564 = CARTESIAN_POINT('',(0.,-12.46892658747,3.677753357158));
#2565 = SURFACE_CURVE('',#2566,(#2576,#2589),.PCURVE_S1.);
#2566 = B_SPLINE_CURVE_WITH_KNOTS('',3,(#2567,#2568,#2569,#2570,#2571,
    #2572,#2573,#2574,#2575),.UNSPECIFIED.,.F.,.F.,(4,1,1,1,1,1,4),(0.,
    0.290524100267,0.58867032325,0.894177536695,1.207021205364,
    1.527193397443,1.854690543779),.UNSPECIFIED.);
#2567 = CARTESIAN_POINT('',(0.,-10.63209715982,3.756821780264));
#2568 = CARTESIAN_POINT('',(0.,-10.72603017805,3.78230605074));
#2569 = CARTESIAN_POINT('',(0.,-10.91919929064,3.81775756956));
#2570 = CARTESIAN_POINT('',(0.,-11.21756638735,3.833423851378));
#2571 = CARTESIAN_POINT('',(0.,-11.52313967114,3.826126173688));
#2572 = CARTESIAN_POINT('',(0.,-11.83486236187,3.796851783834));
#2573 = CARTESIAN_POINT('',(0.,-12.15141164543,3.747861289485));
#2574 = CARTESIAN_POINT('',(-0.,-12.36274483329,3.70301077523));
#2575 = CARTESIAN_POINT('',(0.,-12.46892658747,3.677753357158));
#2576 = PCURVE('',#134,#2577);
#2577 = DEFINITIONAL_REPRESENTATION('',(#2578),#2588);
#2578 = B_SPLINE_CURVE_WITH_KNOTS('',3,(#2579,#2580,#2581,#2582,#2583,
    #2584,#2585,#2586,#2587),.UNSPECIFIED.,.F.,.F.,(4,1,1,1,1,1,4),(0.,
    0.290524100267,0.58867032325,0.894177536695,1.207021205364,
    1.527193397443,1.854690543779),.UNSPECIFIED.);
#2579 = CARTESIAN_POINT('',(3.756821780264,10.632097159822));
#2580 = CARTESIAN_POINT('',(3.78230605074,10.726030178059));
#2581 = CARTESIAN_POINT('',(3.81775756956,10.919199290644));
#2582 = CARTESIAN_POINT('',(3.833423851378,11.217566387353));
#2583 = CARTESIAN_POINT('',(3.826126173688,11.523139671141));
#2584 = CARTESIAN_POINT('',(3.796851783834,11.834862361872));
#2585 = CARTESIAN_POINT('',(3.747861289485,12.15141164543));
#2586 = CARTESIAN_POINT('',(3.70301077523,12.36274483329));
#2587 = CARTESIAN_POINT('',(3.677753357158,12.468926587478));
#2588 = ( GEOMETRIC_REPRESENTATION_CONTEXT(2) 
PARAMETRIC_REPRESENTATION_CONTEXT() REPRESENTATION_CONTEXT('2D SPACE',''
  ) );
#2589 = PCURVE('',#2590,#2603);
#2590 = SURFACE_OF_LINEAR_EXTRUSION('',#2591,#2601);
#2591 = B_SPLINE_CURVE_WITH_KNOTS('',3,(#2592,#2593,#2594,#2595,#2596,
    #2597,#2598,#2599,#2600),.UNSPECIFIED.,.F.,.F.,(4,1,1,1,1,1,4),(0.,
    0.290524100267,0.58867032325,0.894177536695,1.207021205364,
    1.527193397443,1.854690543779),.UNSPECIFIED.);
#2592 = CARTESIAN_POINT('',(0.,-10.63209715982,3.756821780264));
#2593 = CARTESIAN_POINT('',(0.,-10.72603017805,3.78230605074));
#2594 = CARTESIAN_POINT('',(0.,-10.91919929064,3.81775756956));
#2595 = CARTESIAN_POINT('',(0.,-11.21756638735,3.833423851378));
#2596 = CARTESIAN_POINT('',(0.,-11.52313967114,3.826126173688));
#2597 = CARTESIAN_POINT('',(0.,-11.83486236187,3.796851783834));
#2598 = CARTESIAN_POINT('',(0.,-12.15141164543,3.747861289485));
#2599 = CARTESIAN_POINT('',(-0.,-12.36274483329,3.70301077523));
#2600 = CARTESIAN_POINT('',(0.,-12.46892658747,3.677753357158));
#2601 = VECTOR('',#2602,1.);
#2602 = DIRECTION('',(-1.,-0.,-0.));
#2603 = DEFINITIONAL_REPRESENTATION('',(#2604),#2608);
#2604 = LINE('',#2605,#2606);
#2605 = CARTESIAN_POINT('',(0.,0.));
#2606 = VECTOR('',#2607,1.);
#2607 = DIRECTION('',(1.,0.));
#2608 = ( GEOMETRIC_REPRESENTATION_CONTEXT(2) 
PARAMETRIC_REPRESENTATION_CONTEXT() REPRESENTATION_CONTEXT('2D SPACE',''
  ) );
#2609 = ORIENTED_EDGE('',*,*,#2610,.T.);
#2610 = EDGE_CURVE('',#2563,#2611,#2613,.T.);
#2611 = VERTEX_POINT('',#2612);
#2612 = CARTESIAN_POINT('',(0.,-12.63728386125,3.049435457586));
#2613 = SURFACE_CURVE('',#2614,(#2618,#2625),.PCURVE_S1.);
#2614 = LINE('',#2615,#2616);
#2615 = CARTESIAN_POINT('',(0.,-12.46892658747,3.677753357158));
#2616 = VECTOR('',#2617,1.);
#2617 = DIRECTION('',(0.,-0.258819045103,-0.965925826289));
#2618 = PCURVE('',#134,#2619);
#2619 = DEFINITIONAL_REPRESENTATION('',(#2620),#2624);
#2620 = LINE('',#2621,#2622);
#2621 = CARTESIAN_POINT('',(3.677753357158,12.468926587478));
#2622 = VECTOR('',#2623,1.);
#2623 = DIRECTION('',(-0.965925826289,0.258819045103));
#2624 = ( GEOMETRIC_REPRESENTATION_CONTEXT(2) 
PARAMETRIC_REPRESENTATION_CONTEXT() REPRESENTATION_CONTEXT('2D SPACE',''
  ) );
#2625 = PCURVE('',#2626,#2631);
#2626 = PLANE('',#2627);
#2627 = AXIS2_PLACEMENT_3D('',#2628,#2629,#2630);
#2628 = CARTESIAN_POINT('',(0.,-12.46892658747,3.677753357158));
#2629 = DIRECTION('',(0.,0.965925826289,-0.258819045103));
#2630 = DIRECTION('',(0.,-0.258819045103,-0.965925826289));
#2631 = DEFINITIONAL_REPRESENTATION('',(#2632),#2636);
#2632 = LINE('',#2633,#2634);
#2633 = CARTESIAN_POINT('',(0.,0.));
#2634 = VECTOR('',#2635,1.);
#2635 = DIRECTION('',(1.,0.));
#2636 = ( GEOMETRIC_REPRESENTATION_CONTEXT(2) 
PARAMETRIC_REPRESENTATION_CONTEXT() REPRESENTATION_CONTEXT('2D SPACE',''
  ) );
#2637 = ORIENTED_EDGE('',*,*,#2638,.T.);
#2638 = EDGE_CURVE('',#2611,#2639,#2641,.T.);
#2639 = VERTEX_POINT('',#2640);
#2640 = CARTESIAN_POINT('',(0.,-11.08607712604,2.062545480712));
#2641 = SURFACE_CURVE('',#2642,(#2652,#2665),.PCURVE_S1.);
#2642 = B_SPLINE_CURVE_WITH_KNOTS('',3,(#2643,#2644,#2645,#2646,#2647,
    #2648,#2649,#2650,#2651),.UNSPECIFIED.,.F.,.F.,(4,1,1,1,1,1,4),(0.,
    0.327497146337,0.647669338415,0.960513007084,1.266020220529,
    1.564166443513,1.854690543779),.UNSPECIFIED.);
#2643 = CARTESIAN_POINT('',(0.,-12.63728386125,3.049435457586));
#2644 = CARTESIAN_POINT('',(0.,-12.55795647374,2.974471014809));
#2645 = CARTESIAN_POINT('',(0.,-12.39736182152,2.829962736161));
#2646 = CARTESIAN_POINT('',(0.,-12.14771734759,2.629261081731));
#2647 = CARTESIAN_POINT('',(0.,-11.8923947734,2.448047371072));
#2648 = CARTESIAN_POINT('',(0.,-11.63140938577,2.28894075491));
#2649 = CARTESIAN_POINT('',(0.,-11.36518275946,2.153324604593));
#2650 = CARTESIAN_POINT('',(-0.,-11.18016764132,2.087441964201));
#2651 = CARTESIAN_POINT('',(0.,-11.08607712604,2.062545480712));
#2652 = PCURVE('',#134,#2653);
#2653 = DEFINITIONAL_REPRESENTATION('',(#2654),#2664);
#2654 = B_SPLINE_CURVE_WITH_KNOTS('',3,(#2655,#2656,#2657,#2658,#2659,
    #2660,#2661,#2662,#2663),.UNSPECIFIED.,.F.,.F.,(4,1,1,1,1,1,4),(0.,
    0.327497146337,0.647669338415,0.960513007084,1.266020220529,
    1.564166443513,1.854690543779),.UNSPECIFIED.);
#2655 = CARTESIAN_POINT('',(3.049435457586,12.637283861258));
#2656 = CARTESIAN_POINT('',(2.974471014809,12.557956473749));
#2657 = CARTESIAN_POINT('',(2.829962736161,12.397361821527));
#2658 = CARTESIAN_POINT('',(2.629261081731,12.147717347591));
#2659 = CARTESIAN_POINT('',(2.448047371072,11.892394773408));
#2660 = CARTESIAN_POINT('',(2.28894075491,11.631409385775));
#2661 = CARTESIAN_POINT('',(2.153324604593,11.365182759463));
#2662 = CARTESIAN_POINT('',(2.087441964201,11.180167641328));
#2663 = CARTESIAN_POINT('',(2.062545480712,11.086077126042));
#2664 = ( GEOMETRIC_REPRESENTATION_CONTEXT(2) 
PARAMETRIC_REPRESENTATION_CONTEXT() REPRESENTATION_CONTEXT('2D SPACE',''
  ) );
#2665 = PCURVE('',#2666,#2679);
#2666 = SURFACE_OF_LINEAR_EXTRUSION('',#2667,#2677);
#2667 = B_SPLINE_CURVE_WITH_KNOTS('',3,(#2668,#2669,#2670,#2671,#2672,
    #2673,#2674,#2675,#2676),.UNSPECIFIED.,.F.,.F.,(4,1,1,1,1,1,4),(0.,
    0.327497146337,0.647669338415,0.960513007084,1.266020220529,
    1.564166443513,1.854690543779),.UNSPECIFIED.);
#2668 = CARTESIAN_POINT('',(0.,-12.63728386125,3.049435457586));
#2669 = CARTESIAN_POINT('',(0.,-12.55795647374,2.974471014809));
#2670 = CARTESIAN_POINT('',(0.,-12.39736182152,2.829962736161));
#2671 = CARTESIAN_POINT('',(0.,-12.14771734759,2.629261081731));
#2672 = CARTESIAN_POINT('',(0.,-11.8923947734,2.448047371072));
#2673 = CARTESIAN_POINT('',(0.,-11.63140938577,2.28894075491));
#2674 = CARTESIAN_POINT('',(0.,-11.36518275946,2.153324604593));
#2675 = CARTESIAN_POINT('',(-0.,-11.18016764132,2.087441964201));
#2676 = CARTESIAN_POINT('',(0.,-11.08607712604,2.062545480712));
#2677 = VECTOR('',#2678,1.);
#2678 = DIRECTION('',(-1.,-0.,-0.));
#2679 = DEFINITIONAL_REPRESENTATION('',(#2680),#2684);
#2680 = LINE('',#2681,#2682);
#2681 = CARTESIAN_POINT('',(0.,0.));
#2682 = VECTOR('',#2683,1.);
#2683 = DIRECTION('',(1.,0.));
#2684 = ( GEOMETRIC_REPRESENTATION_CONTEXT(2) 
PARAMETRIC_REPRESENTATION_CONTEXT() REPRESENTATION_CONTEXT('2D SPACE',''
  ) );
#2685 = ORIENTED_EDGE('',*,*,#2686,.T.);
#2686 = EDGE_CURVE('',#2639,#2687,#2689,.T.);
#2687 = VERTEX_POINT('',#2688);
#2688 = CARTESIAN_POINT('',(0.,-10.56864468841,1.966278070367));
#2689 = SURFACE_CURVE('',#2690,(#2694,#2701),.PCURVE_S1.);
#2690 = LINE('',#2691,#2692);
#2691 = CARTESIAN_POINT('',(0.,-11.08607712604,2.062545480712));
#2692 = VECTOR('',#2693,1.);
#2693 = DIRECTION('',(0.,0.983129738457,-0.182909587941));
#2694 = PCURVE('',#134,#2695);
#2695 = DEFINITIONAL_REPRESENTATION('',(#2696),#2700);
#2696 = LINE('',#2697,#2698);
#2697 = CARTESIAN_POINT('',(2.062545480712,11.086077126042));
#2698 = VECTOR('',#2699,1.);
#2699 = DIRECTION('',(-0.182909587941,-0.983129738457));
#2700 = ( GEOMETRIC_REPRESENTATION_CONTEXT(2) 
PARAMETRIC_REPRESENTATION_CONTEXT() REPRESENTATION_CONTEXT('2D SPACE',''
  ) );
#2701 = PCURVE('',#2702,#2707);
#2702 = PLANE('',#2703);
#2703 = AXIS2_PLACEMENT_3D('',#2704,#2705,#2706);
#2704 = CARTESIAN_POINT('',(0.,-11.08607712604,2.062545480712));
#2705 = DIRECTION('',(-0.,0.182909587941,0.983129738457));
#2706 = DIRECTION('',(0.,0.983129738457,-0.182909587941));
#2707 = DEFINITIONAL_REPRESENTATION('',(#2708),#2712);
#2708 = LINE('',#2709,#2710);
#2709 = CARTESIAN_POINT('',(0.,0.));
#2710 = VECTOR('',#2711,1.);
#2711 = DIRECTION('',(1.,0.));
#2712 = ( GEOMETRIC_REPRESENTATION_CONTEXT(2) 
PARAMETRIC_REPRESENTATION_CONTEXT() REPRESENTATION_CONTEXT('2D SPACE',''
  ) );
#2713 = ORIENTED_EDGE('',*,*,#2714,.T.);
#2714 = EDGE_CURVE('',#2687,#2715,#2717,.T.);
#2715 = VERTEX_POINT('',#2716);
#2716 = CARTESIAN_POINT('',(0.,-10.71743706599,0.83608775645));
#2717 = SURFACE_CURVE('',#2718,(#2722,#2729),.PCURVE_S1.);
#2718 = LINE('',#2719,#2720);
#2719 = CARTESIAN_POINT('',(0.,-10.56864468841,1.966278070367));
#2720 = VECTOR('',#2721,1.);
#2721 = DIRECTION('',(0.,-0.13052619222,-0.991444861374));
#2722 = PCURVE('',#134,#2723);
#2723 = DEFINITIONAL_REPRESENTATION('',(#2724),#2728);
#2724 = LINE('',#2725,#2726);
#2725 = CARTESIAN_POINT('',(1.966278070367,10.568644688416));
#2726 = VECTOR('',#2727,1.);
#2727 = DIRECTION('',(-0.991444861374,0.13052619222));
#2728 = ( GEOMETRIC_REPRESENTATION_CONTEXT(2) 
PARAMETRIC_REPRESENTATION_CONTEXT() REPRESENTATION_CONTEXT('2D SPACE',''
  ) );
#2729 = PCURVE('',#2730,#2735);
#2730 = PLANE('',#2731);
#2731 = AXIS2_PLACEMENT_3D('',#2732,#2733,#2734);
#2732 = CARTESIAN_POINT('',(0.,-10.56864468841,1.966278070367));
#2733 = DIRECTION('',(0.,0.991444861374,-0.13052619222));
#2734 = DIRECTION('',(0.,-0.13052619222,-0.991444861374));
#2735 = DEFINITIONAL_REPRESENTATION('',(#2736),#2740);
#2736 = LINE('',#2737,#2738);
#2737 = CARTESIAN_POINT('',(0.,0.));
#2738 = VECTOR('',#2739,1.);
#2739 = DIRECTION('',(1.,0.));
#2740 = ( GEOMETRIC_REPRESENTATION_CONTEXT(2) 
PARAMETRIC_REPRESENTATION_CONTEXT() REPRESENTATION_CONTEXT('2D SPACE',''
  ) );
#2741 = ORIENTED_EDGE('',*,*,#2742,.T.);
#2742 = EDGE_CURVE('',#2715,#2743,#2745,.T.);
#2743 = VERTEX_POINT('',#2744);
#2744 = CARTESIAN_POINT('',(0.,-11.24215426007,0.87702194798));
#2745 = SURFACE_CURVE('',#2746,(#2750,#2757),.PCURVE_S1.);
#2746 = LINE('',#2747,#2748);
#2747 = CARTESIAN_POINT('',(0.,-10.71743706599,0.83608775645));
#2748 = VECTOR('',#2749,1.);
#2749 = DIRECTION('',(0.,-0.99697088986,7.777560525116E-02));
#2750 = PCURVE('',#134,#2751);
#2751 = DEFINITIONAL_REPRESENTATION('',(#2752),#2756);
#2752 = LINE('',#2753,#2754);
#2753 = CARTESIAN_POINT('',(0.83608775645,10.717437065993));
#2754 = VECTOR('',#2755,1.);
#2755 = DIRECTION('',(7.777560525116E-02,0.99697088986));
#2756 = ( GEOMETRIC_REPRESENTATION_CONTEXT(2) 
PARAMETRIC_REPRESENTATION_CONTEXT() REPRESENTATION_CONTEXT('2D SPACE',''
  ) );
#2757 = PCURVE('',#2758,#2763);
#2758 = PLANE('',#2759);
#2759 = AXIS2_PLACEMENT_3D('',#2760,#2761,#2762);
#2760 = CARTESIAN_POINT('',(0.,-10.71743706599,0.83608775645));
#2761 = DIRECTION('',(0.,-7.777560525116E-02,-0.99697088986));
#2762 = DIRECTION('',(0.,-0.99697088986,7.777560525116E-02));
#2763 = DEFINITIONAL_REPRESENTATION('',(#2764),#2768);
#2764 = LINE('',#2765,#2766);
#2765 = CARTESIAN_POINT('',(0.,0.));
#2766 = VECTOR('',#2767,1.);
#2767 = DIRECTION('',(1.,0.));
#2768 = ( GEOMETRIC_REPRESENTATION_CONTEXT(2) 
PARAMETRIC_REPRESENTATION_CONTEXT() REPRESENTATION_CONTEXT('2D SPACE',''
  ) );
#2769 = ORIENTED_EDGE('',*,*,#2770,.T.);
#2770 = EDGE_CURVE('',#2743,#2771,#2773,.T.);
#2771 = VERTEX_POINT('',#2772);
#2772 = CARTESIAN_POINT('',(0.,-12.99593082897,0.325241277576));
#2773 = SURFACE_CURVE('',#2774,(#2784,#2797),.PCURVE_S1.);
#2774 = B_SPLINE_CURVE_WITH_KNOTS('',3,(#2775,#2776,#2777,#2778,#2779,
    #2780,#2781,#2782,#2783),.UNSPECIFIED.,.F.,.F.,(4,1,1,1,1,1,4),(0.,
    0.290524100267,0.58867032325,0.894177536695,1.207021205364,
    1.527193397443,1.854690543779),.UNSPECIFIED.);
#2775 = CARTESIAN_POINT('',(0.,-11.24215426007,0.87702194798));
#2776 = CARTESIAN_POINT('',(0.,-11.33948240288,0.877326208913));
#2777 = CARTESIAN_POINT('',(0.,-11.53524496581,0.86157390126));
#2778 = CARTESIAN_POINT('',(0.,-11.82750018234,0.799483280409));
#2779 = CARTESIAN_POINT('',(0.,-12.120772531,0.713346079538));
#2780 = CARTESIAN_POINT('',(0.,-12.41429675899,0.604389421178));
#2781 = CARTESIAN_POINT('',(0.,-12.70738021431,0.475139254144));
#2782 = CARTESIAN_POINT('',(-0.,-12.89990423114,0.377119930223));
#2783 = CARTESIAN_POINT('',(0.,-12.99593082897,0.325241277576));
#2784 = PCURVE('',#134,#2785);
#2785 = DEFINITIONAL_REPRESENTATION('',(#2786),#2796);
#2786 = B_SPLINE_CURVE_WITH_KNOTS('',3,(#2787,#2788,#2789,#2790,#2791,
    #2792,#2793,#2794,#2795),.UNSPECIFIED.,.F.,.F.,(4,1,1,1,1,1,4),(0.,
    0.290524100267,0.58867032325,0.894177536695,1.207021205364,
    1.527193397443,1.854690543779),.UNSPECIFIED.);
#2787 = CARTESIAN_POINT('',(0.87702194798,11.242154260075));
#2788 = CARTESIAN_POINT('',(0.877326208913,11.339482402881));
#2789 = CARTESIAN_POINT('',(0.86157390126,11.535244965817));
#2790 = CARTESIAN_POINT('',(0.799483280409,11.827500182343));
#2791 = CARTESIAN_POINT('',(0.713346079538,12.120772531006));
#2792 = CARTESIAN_POINT('',(0.604389421178,12.414296758997));
#2793 = CARTESIAN_POINT('',(0.475139254144,12.707380214312));
#2794 = CARTESIAN_POINT('',(0.377119930223,12.899904231146));
#2795 = CARTESIAN_POINT('',(0.325241277576,12.99593082897));
#2796 = ( GEOMETRIC_REPRESENTATION_CONTEXT(2) 
PARAMETRIC_REPRESENTATION_CONTEXT() REPRESENTATION_CONTEXT('2D SPACE',''
  ) );
#2797 = PCURVE('',#2798,#2811);
#2798 = SURFACE_OF_LINEAR_EXTRUSION('',#2799,#2809);
#2799 = B_SPLINE_CURVE_WITH_KNOTS('',3,(#2800,#2801,#2802,#2803,#2804,
    #2805,#2806,#2807,#2808),.UNSPECIFIED.,.F.,.F.,(4,1,1,1,1,1,4),(0.,
    0.290524100267,0.58867032325,0.894177536695,1.207021205364,
    1.527193397443,1.854690543779),.UNSPECIFIED.);
#2800 = CARTESIAN_POINT('',(0.,-11.24215426007,0.87702194798));
#2801 = CARTESIAN_POINT('',(0.,-11.33948240288,0.877326208913));
#2802 = CARTESIAN_POINT('',(0.,-11.53524496581,0.86157390126));
#2803 = CARTESIAN_POINT('',(0.,-11.82750018234,0.799483280409));
#2804 = CARTESIAN_POINT('',(0.,-12.120772531,0.713346079538));
#2805 = CARTESIAN_POINT('',(0.,-12.41429675899,0.604389421178));
#2806 = CARTESIAN_POINT('',(0.,-12.70738021431,0.475139254144));
#2807 = CARTESIAN_POINT('',(-0.,-12.89990423114,0.377119930223));
#2808 = CARTESIAN_POINT('',(0.,-12.99593082897,0.325241277576));
#2809 = VECTOR('',#2810,1.);
#2810 = DIRECTION('',(-1.,-0.,-0.));
#2811 = DEFINITIONAL_REPRESENTATION('',(#2812),#2816);
#2812 = LINE('',#2813,#2814);
#2813 = CARTESIAN_POINT('',(0.,0.));
#2814 = VECTOR('',#2815,1.);
#2815 = DIRECTION('',(1.,0.));
#2816 = ( GEOMETRIC_REPRESENTATION_CONTEXT(2) 
PARAMETRIC_REPRESENTATION_CONTEXT() REPRESENTATION_CONTEXT('2D SPACE',''
  ) );
#2817 = ORIENTED_EDGE('',*,*,#2818,.T.);
#2818 = EDGE_CURVE('',#2771,#2819,#2821,.T.);
#2819 = VERTEX_POINT('',#2820);
#2820 = CARTESIAN_POINT('',(0.,-12.99593082897,-0.325241277576));
#2821 = SURFACE_CURVE('',#2822,(#2826,#2833),.PCURVE_S1.);
#2822 = LINE('',#2823,#2824);
#2823 = CARTESIAN_POINT('',(0.,-12.99593082897,0.325241277576));
#2824 = VECTOR('',#2825,1.);
#2825 = DIRECTION('',(0.,0.,-1.));
#2826 = PCURVE('',#134,#2827);
#2827 = DEFINITIONAL_REPRESENTATION('',(#2828),#2832);
#2828 = LINE('',#2829,#2830);
#2829 = CARTESIAN_POINT('',(0.325241277576,12.99593082897));
#2830 = VECTOR('',#2831,1.);
#2831 = DIRECTION('',(-1.,0.));
#2832 = ( GEOMETRIC_REPRESENTATION_CONTEXT(2) 
PARAMETRIC_REPRESENTATION_CONTEXT() REPRESENTATION_CONTEXT('2D SPACE',''
  ) );
#2833 = PCURVE('',#2834,#2839);
#2834 = PLANE('',#2835);
#2835 = AXIS2_PLACEMENT_3D('',#2836,#2837,#2838);
#2836 = CARTESIAN_POINT('',(0.,-12.99593082897,0.325241277576));
#2837 = DIRECTION('',(-0.,1.,0.));
#2838 = DIRECTION('',(0.,0.,-1.));
#2839 = DEFINITIONAL_REPRESENTATION('',(#2840),#2844);
#2840 = LINE('',#2841,#2842);
#2841 = CARTESIAN_POINT('',(0.,0.));
#2842 = VECTOR('',#2843,1.);
#2843 = DIRECTION('',(1.,0.));
#2844 = ( GEOMETRIC_REPRESENTATION_CONTEXT(2) 
PARAMETRIC_REPRESENTATION_CONTEXT() REPRESENTATION_CONTEXT('2D SPACE',''
  ) );
#2845 = ORIENTED_EDGE('',*,*,#2846,.T.);
#2846 = EDGE_CURVE('',#2819,#2847,#2849,.T.);
#2847 = VERTEX_POINT('',#2848);
#2848 = CARTESIAN_POINT('',(0.,-11.24215426007,-0.87702194798));
#2849 = SURFACE_CURVE('',#2850,(#2860,#2873),.PCURVE_S1.);
#2850 = B_SPLINE_CURVE_WITH_KNOTS('',3,(#2851,#2852,#2853,#2854,#2855,
    #2856,#2857,#2858,#2859),.UNSPECIFIED.,.F.,.F.,(4,1,1,1,1,1,4),(0.,
    0.327497146337,0.647669338415,0.960513007084,1.266020220529,
    1.564166443513,1.854690543779),.UNSPECIFIED.);
#2851 = CARTESIAN_POINT('',(0.,-12.99593082897,-0.325241277576));
#2852 = CARTESIAN_POINT('',(0.,-12.89990423114,-0.377119930223));
#2853 = CARTESIAN_POINT('',(0.,-12.70738021431,-0.475139254144));
#2854 = CARTESIAN_POINT('',(0.,-12.41429675899,-0.604389421178));
#2855 = CARTESIAN_POINT('',(0.,-12.120772531,-0.713346079538));
#2856 = CARTESIAN_POINT('',(0.,-11.82750018234,-0.799483280409));
#2857 = CARTESIAN_POINT('',(0.,-11.53524496581,-0.86157390126));
#2858 = CARTESIAN_POINT('',(-0.,-11.33948240288,-0.877326208913));
#2859 = CARTESIAN_POINT('',(0.,-11.24215426007,-0.87702194798));
#2860 = PCURVE('',#134,#2861);
#2861 = DEFINITIONAL_REPRESENTATION('',(#2862),#2872);
#2862 = B_SPLINE_CURVE_WITH_KNOTS('',3,(#2863,#2864,#2865,#2866,#2867,
    #2868,#2869,#2870,#2871),.UNSPECIFIED.,.F.,.F.,(4,1,1,1,1,1,4),(0.,
    0.327497146337,0.647669338415,0.960513007084,1.266020220529,
    1.564166443513,1.854690543779),.UNSPECIFIED.);
#2863 = CARTESIAN_POINT('',(-0.325241277576,12.99593082897));
#2864 = CARTESIAN_POINT('',(-0.377119930223,12.899904231146));
#2865 = CARTESIAN_POINT('',(-0.475139254144,12.707380214312));
#2866 = CARTESIAN_POINT('',(-0.604389421178,12.414296758997));
#2867 = CARTESIAN_POINT('',(-0.713346079538,12.120772531006));
#2868 = CARTESIAN_POINT('',(-0.799483280409,11.827500182343));
#2869 = CARTESIAN_POINT('',(-0.86157390126,11.535244965817));
#2870 = CARTESIAN_POINT('',(-0.877326208913,11.339482402881));
#2871 = CARTESIAN_POINT('',(-0.87702194798,11.242154260075));
#2872 = ( GEOMETRIC_REPRESENTATION_CONTEXT(2) 
PARAMETRIC_REPRESENTATION_CONTEXT() REPRESENTATION_CONTEXT('2D SPACE',''
  ) );
#2873 = PCURVE('',#2874,#2887);
#2874 = SURFACE_OF_LINEAR_EXTRUSION('',#2875,#2885);
#2875 = B_SPLINE_CURVE_WITH_KNOTS('',3,(#2876,#2877,#2878,#2879,#2880,
    #2881,#2882,#2883,#2884),.UNSPECIFIED.,.F.,.F.,(4,1,1,1,1,1,4),(0.,
    0.327497146337,0.647669338415,0.960513007084,1.266020220529,
    1.564166443513,1.854690543779),.UNSPECIFIED.);
#2876 = CARTESIAN_POINT('',(0.,-12.99593082897,-0.325241277576));
#2877 = CARTESIAN_POINT('',(0.,-12.89990423114,-0.377119930223));
#2878 = CARTESIAN_POINT('',(0.,-12.70738021431,-0.475139254144));
#2879 = CARTESIAN_POINT('',(0.,-12.41429675899,-0.604389421178));
#2880 = CARTESIAN_POINT('',(0.,-12.120772531,-0.713346079538));
#2881 = CARTESIAN_POINT('',(0.,-11.82750018234,-0.799483280409));
#2882 = CARTESIAN_POINT('',(0.,-11.53524496581,-0.86157390126));
#2883 = CARTESIAN_POINT('',(-0.,-11.33948240288,-0.877326208913));
#2884 = CARTESIAN_POINT('',(0.,-11.24215426007,-0.87702194798));
#2885 = VECTOR('',#2886,1.);
#2886 = DIRECTION('',(-1.,-0.,-0.));
#2887 = DEFINITIONAL_REPRESENTATION('',(#2888),#2892);
#2888 = LINE('',#2889,#2890);
#2889 = CARTESIAN_POINT('',(0.,0.));
#2890 = VECTOR('',#2891,1.);
#2891 = DIRECTION('',(1.,0.));
#2892 = ( GEOMETRIC_REPRESENTATION_CONTEXT(2) 
PARAMETRIC_REPRESENTATION_CONTEXT() REPRESENTATION_CONTEXT('2D SPACE',''
  ) );
#2893 = ORIENTED_EDGE('',*,*,#2894,.T.);
#2894 = EDGE_CURVE('',#2847,#2895,#2897,.T.);
#2895 = VERTEX_POINT('',#2896);
#2896 = CARTESIAN_POINT('',(0.,-10.71743706599,-0.83608775645));
#2897 = SURFACE_CURVE('',#2898,(#2902,#2909),.PCURVE_S1.);
#2898 = LINE('',#2899,#2900);
#2899 = CARTESIAN_POINT('',(0.,-11.24215426007,-0.87702194798));
#2900 = VECTOR('',#2901,1.);
#2901 = DIRECTION('',(0.,0.99697088986,7.777560525116E-02));
#2902 = PCURVE('',#134,#2903);
#2903 = DEFINITIONAL_REPRESENTATION('',(#2904),#2908);
#2904 = LINE('',#2905,#2906);
#2905 = CARTESIAN_POINT('',(-0.87702194798,11.242154260075));
#2906 = VECTOR('',#2907,1.);
#2907 = DIRECTION('',(7.777560525116E-02,-0.99697088986));
#2908 = ( GEOMETRIC_REPRESENTATION_CONTEXT(2) 
PARAMETRIC_REPRESENTATION_CONTEXT() REPRESENTATION_CONTEXT('2D SPACE',''
  ) );
#2909 = PCURVE('',#2910,#2915);
#2910 = PLANE('',#2911);
#2911 = AXIS2_PLACEMENT_3D('',#2912,#2913,#2914);
#2912 = CARTESIAN_POINT('',(0.,-11.24215426007,-0.87702194798));
#2913 = DIRECTION('',(0.,-7.777560525116E-02,0.99697088986));
#2914 = DIRECTION('',(0.,0.99697088986,7.777560525116E-02));
#2915 = DEFINITIONAL_REPRESENTATION('',(#2916),#2920);
#2916 = LINE('',#2917,#2918);
#2917 = CARTESIAN_POINT('',(0.,0.));
#2918 = VECTOR('',#2919,1.);
#2919 = DIRECTION('',(1.,0.));
#2920 = ( GEOMETRIC_REPRESENTATION_CONTEXT(2) 
PARAMETRIC_REPRESENTATION_CONTEXT() REPRESENTATION_CONTEXT('2D SPACE',''
  ) );
#2921 = ORIENTED_EDGE('',*,*,#2922,.T.);
#2922 = EDGE_CURVE('',#2895,#2923,#2925,.T.);
#2923 = VERTEX_POINT('',#2924);
#2924 = CARTESIAN_POINT('',(0.,-10.56864468841,-1.966278070367));
#2925 = SURFACE_CURVE('',#2926,(#2930,#2937),.PCURVE_S1.);
#2926 = LINE('',#2927,#2928);
#2927 = CARTESIAN_POINT('',(0.,-10.71743706599,-0.83608775645));
#2928 = VECTOR('',#2929,1.);
#2929 = DIRECTION('',(0.,0.13052619222,-0.991444861374));
#2930 = PCURVE('',#134,#2931);
#2931 = DEFINITIONAL_REPRESENTATION('',(#2932),#2936);
#2932 = LINE('',#2933,#2934);
#2933 = CARTESIAN_POINT('',(-0.83608775645,10.717437065993));
#2934 = VECTOR('',#2935,1.);
#2935 = DIRECTION('',(-0.991444861374,-0.13052619222));
#2936 = ( GEOMETRIC_REPRESENTATION_CONTEXT(2) 
PARAMETRIC_REPRESENTATION_CONTEXT() REPRESENTATION_CONTEXT('2D SPACE',''
  ) );
#2937 = PCURVE('',#2938,#2943);
#2938 = PLANE('',#2939);
#2939 = AXIS2_PLACEMENT_3D('',#2940,#2941,#2942);
#2940 = CARTESIAN_POINT('',(0.,-10.71743706599,-0.83608775645));
#2941 = DIRECTION('',(-0.,0.991444861374,0.13052619222));
#2942 = DIRECTION('',(0.,0.13052619222,-0.991444861374));
#2943 = DEFINITIONAL_REPRESENTATION('',(#2944),#2948);
#2944 = LINE('',#2945,#2946);
#2945 = CARTESIAN_POINT('',(0.,0.));
#2946 = VECTOR('',#2947,1.);
#2947 = DIRECTION('',(1.,0.));
#2948 = ( GEOMETRIC_REPRESENTATION_CONTEXT(2) 
PARAMETRIC_REPRESENTATION_CONTEXT() REPRESENTATION_CONTEXT('2D SPACE',''
  ) );
#2949 = ORIENTED_EDGE('',*,*,#2950,.T.);
#2950 = EDGE_CURVE('',#2923,#2951,#2953,.T.);
#2951 = VERTEX_POINT('',#2952);
#2952 = CARTESIAN_POINT('',(0.,-11.08607712604,-2.062545480712));
#2953 = SURFACE_CURVE('',#2954,(#2958,#2965),.PCURVE_S1.);
#2954 = LINE('',#2955,#2956);
#2955 = CARTESIAN_POINT('',(0.,-10.56864468841,-1.966278070367));
#2956 = VECTOR('',#2957,1.);
#2957 = DIRECTION('',(0.,-0.983129738457,-0.182909587941));
#2958 = PCURVE('',#134,#2959);
#2959 = DEFINITIONAL_REPRESENTATION('',(#2960),#2964);
#2960 = LINE('',#2961,#2962);
#2961 = CARTESIAN_POINT('',(-1.966278070367,10.568644688416));
#2962 = VECTOR('',#2963,1.);
#2963 = DIRECTION('',(-0.182909587941,0.983129738457));
#2964 = ( GEOMETRIC_REPRESENTATION_CONTEXT(2) 
PARAMETRIC_REPRESENTATION_CONTEXT() REPRESENTATION_CONTEXT('2D SPACE',''
  ) );
#2965 = PCURVE('',#2966,#2971);
#2966 = PLANE('',#2967);
#2967 = AXIS2_PLACEMENT_3D('',#2968,#2969,#2970);
#2968 = CARTESIAN_POINT('',(0.,-10.56864468841,-1.966278070367));
#2969 = DIRECTION('',(0.,0.182909587941,-0.983129738457));
#2970 = DIRECTION('',(0.,-0.983129738457,-0.182909587941));
#2971 = DEFINITIONAL_REPRESENTATION('',(#2972),#2976);
#2972 = LINE('',#2973,#2974);
#2973 = CARTESIAN_POINT('',(0.,0.));
#2974 = VECTOR('',#2975,1.);
#2975 = DIRECTION('',(1.,0.));
#2976 = ( GEOMETRIC_REPRESENTATION_CONTEXT(2) 
PARAMETRIC_REPRESENTATION_CONTEXT() REPRESENTATION_CONTEXT('2D SPACE',''
  ) );
#2977 = ORIENTED_EDGE('',*,*,#2978,.T.);
#2978 = EDGE_CURVE('',#2951,#2979,#2981,.T.);
#2979 = VERTEX_POINT('',#2980);
#2980 = CARTESIAN_POINT('',(0.,-12.63728386125,-3.049435457586));
#2981 = SURFACE_CURVE('',#2982,(#2992,#3005),.PCURVE_S1.);
#2982 = B_SPLINE_CURVE_WITH_KNOTS('',3,(#2983,#2984,#2985,#2986,#2987,
    #2988,#2989,#2990,#2991),.UNSPECIFIED.,.F.,.F.,(4,1,1,1,1,1,4),(0.,
    0.290524100267,0.58867032325,0.894177536695,1.207021205364,
    1.527193397443,1.854690543779),.UNSPECIFIED.);
#2983 = CARTESIAN_POINT('',(0.,-11.08607712604,-2.062545480712));
#2984 = CARTESIAN_POINT('',(0.,-11.18016764132,-2.087441964201));
#2985 = CARTESIAN_POINT('',(0.,-11.36518275946,-2.153324604593));
#2986 = CARTESIAN_POINT('',(0.,-11.63140938577,-2.28894075491));
#2987 = CARTESIAN_POINT('',(0.,-11.8923947734,-2.448047371072));
#2988 = CARTESIAN_POINT('',(0.,-12.14771734759,-2.629261081731));
#2989 = CARTESIAN_POINT('',(0.,-12.39736182152,-2.829962736161));
#2990 = CARTESIAN_POINT('',(-0.,-12.55795647374,-2.974471014809));
#2991 = CARTESIAN_POINT('',(0.,-12.63728386125,-3.049435457586));
#2992 = PCURVE('',#134,#2993);
#2993 = DEFINITIONAL_REPRESENTATION('',(#2994),#3004);
#2994 = B_SPLINE_CURVE_WITH_KNOTS('',3,(#2995,#2996,#2997,#2998,#2999,
    #3000,#3001,#3002,#3003),.UNSPECIFIED.,.F.,.F.,(4,1,1,1,1,1,4),(0.,
    0.290524100267,0.58867032325,0.894177536695,1.207021205364,
    1.527193397443,1.854690543779),.UNSPECIFIED.);
#2995 = CARTESIAN_POINT('',(-2.062545480712,11.086077126042));
#2996 = CARTESIAN_POINT('',(-2.087441964201,11.180167641328));
#2997 = CARTESIAN_POINT('',(-2.153324604593,11.365182759463));
#2998 = CARTESIAN_POINT('',(-2.28894075491,11.631409385775));
#2999 = CARTESIAN_POINT('',(-2.448047371072,11.892394773408));
#3000 = CARTESIAN_POINT('',(-2.629261081731,12.147717347591));
#3001 = CARTESIAN_POINT('',(-2.829962736161,12.397361821527));
#3002 = CARTESIAN_POINT('',(-2.974471014809,12.557956473749));
#3003 = CARTESIAN_POINT('',(-3.049435457586,12.637283861258));
#3004 = ( GEOMETRIC_REPRESENTATION_CONTEXT(2) 
PARAMETRIC_REPRESENTATION_CONTEXT() REPRESENTATION_CONTEXT('2D SPACE',''
  ) );
#3005 = PCURVE('',#3006,#3019);
#3006 = SURFACE_OF_LINEAR_EXTRUSION('',#3007,#3017);
#3007 = B_SPLINE_CURVE_WITH_KNOTS('',3,(#3008,#3009,#3010,#3011,#3012,
    #3013,#3014,#3015,#3016),.UNSPECIFIED.,.F.,.F.,(4,1,1,1,1,1,4),(0.,
    0.290524100267,0.58867032325,0.894177536695,1.207021205364,
    1.527193397443,1.854690543779),.UNSPECIFIED.);
#3008 = CARTESIAN_POINT('',(0.,-11.08607712604,-2.062545480712));
#3009 = CARTESIAN_POINT('',(0.,-11.18016764132,-2.087441964201));
#3010 = CARTESIAN_POINT('',(0.,-11.36518275946,-2.153324604593));
#3011 = CARTESIAN_POINT('',(0.,-11.63140938577,-2.28894075491));
#3012 = CARTESIAN_POINT('',(0.,-11.8923947734,-2.448047371072));
#3013 = CARTESIAN_POINT('',(0.,-12.14771734759,-2.629261081731));
#3014 = CARTESIAN_POINT('',(0.,-12.39736182152,-2.829962736161));
#3015 = CARTESIAN_POINT('',(-0.,-12.55795647374,-2.974471014809));
#3016 = CARTESIAN_POINT('',(0.,-12.63728386125,-3.049435457586));
#3017 = VECTOR('',#3018,1.);
#3018 = DIRECTION('',(-1.,-0.,-0.));
#3019 = DEFINITIONAL_REPRESENTATION('',(#3020),#3024);
#3020 = LINE('',#3021,#3022);
#3021 = CARTESIAN_POINT('',(0.,0.));
#3022 = VECTOR('',#3023,1.);
#3023 = DIRECTION('',(1.,0.));
#3024 = ( GEOMETRIC_REPRESENTATION_CONTEXT(2) 
PARAMETRIC_REPRESENTATION_CONTEXT() REPRESENTATION_CONTEXT('2D SPACE',''
  ) );
#3025 = ORIENTED_EDGE('',*,*,#3026,.T.);
#3026 = EDGE_CURVE('',#2979,#3027,#3029,.T.);
#3027 = VERTEX_POINT('',#3028);
#3028 = CARTESIAN_POINT('',(0.,-12.46892658747,-3.677753357158));
#3029 = SURFACE_CURVE('',#3030,(#3034,#3041),.PCURVE_S1.);
#3030 = LINE('',#3031,#3032);
#3031 = CARTESIAN_POINT('',(0.,-12.63728386125,-3.049435457586));
#3032 = VECTOR('',#3033,1.);
#3033 = DIRECTION('',(0.,0.258819045103,-0.965925826289));
#3034 = PCURVE('',#134,#3035);
#3035 = DEFINITIONAL_REPRESENTATION('',(#3036),#3040);
#3036 = LINE('',#3037,#3038);
#3037 = CARTESIAN_POINT('',(-3.049435457586,12.637283861258));
#3038 = VECTOR('',#3039,1.);
#3039 = DIRECTION('',(-0.965925826289,-0.258819045103));
#3040 = ( GEOMETRIC_REPRESENTATION_CONTEXT(2) 
PARAMETRIC_REPRESENTATION_CONTEXT() REPRESENTATION_CONTEXT('2D SPACE',''
  ) );
#3041 = PCURVE('',#3042,#3047);
#3042 = PLANE('',#3043);
#3043 = AXIS2_PLACEMENT_3D('',#3044,#3045,#3046);
#3044 = CARTESIAN_POINT('',(0.,-12.63728386125,-3.049435457586));
#3045 = DIRECTION('',(-0.,0.965925826289,0.258819045103));
#3046 = DIRECTION('',(0.,0.258819045103,-0.965925826289));
#3047 = DEFINITIONAL_REPRESENTATION('',(#3048),#3052);
#3048 = LINE('',#3049,#3050);
#3049 = CARTESIAN_POINT('',(0.,0.));
#3050 = VECTOR('',#3051,1.);
#3051 = DIRECTION('',(1.,0.));
#3052 = ( GEOMETRIC_REPRESENTATION_CONTEXT(2) 
PARAMETRIC_REPRESENTATION_CONTEXT() REPRESENTATION_CONTEXT('2D SPACE',''
  ) );
#3053 = ORIENTED_EDGE('',*,*,#3054,.T.);
#3054 = EDGE_CURVE('',#3027,#3055,#3057,.T.);
#3055 = VERTEX_POINT('',#3056);
#3056 = CARTESIAN_POINT('',(0.,-10.63209715982,-3.756821780264));
#3057 = SURFACE_CURVE('',#3058,(#3068,#3081),.PCURVE_S1.);
#3058 = B_SPLINE_CURVE_WITH_KNOTS('',3,(#3059,#3060,#3061,#3062,#3063,
    #3064,#3065,#3066,#3067),.UNSPECIFIED.,.F.,.F.,(4,1,1,1,1,1,4),(0.,
    0.327497146337,0.647669338415,0.960513007084,1.266020220529,
    1.564166443513,1.854690543779),.UNSPECIFIED.);
#3059 = CARTESIAN_POINT('',(0.,-12.46892658747,-3.677753357158));
#3060 = CARTESIAN_POINT('',(0.,-12.36274483329,-3.70301077523));
#3061 = CARTESIAN_POINT('',(0.,-12.15141164543,-3.747861289485));
#3062 = CARTESIAN_POINT('',(0.,-11.83486236187,-3.796851783834));
#3063 = CARTESIAN_POINT('',(0.,-11.52313967114,-3.826126173688));
#3064 = CARTESIAN_POINT('',(0.,-11.21756638735,-3.833423851378));
#3065 = CARTESIAN_POINT('',(0.,-10.91919929064,-3.81775756956));
#3066 = CARTESIAN_POINT('',(-0.,-10.72603017805,-3.78230605074));
#3067 = CARTESIAN_POINT('',(0.,-10.63209715982,-3.756821780264));
#3068 = PCURVE('',#134,#3069);
#3069 = DEFINITIONAL_REPRESENTATION('',(#3070),#3080);
#3070 = B_SPLINE_CURVE_WITH_KNOTS('',3,(#3071,#3072,#3073,#3074,#3075,
    #3076,#3077,#3078,#3079),.UNSPECIFIED.,.F.,.F.,(4,1,1,1,1,1,4),(0.,
    0.327497146337,0.647669338415,0.960513007084,1.266020220529,
    1.564166443513,1.854690543779),.UNSPECIFIED.);
#3071 = CARTESIAN_POINT('',(-3.677753357158,12.468926587478));
#3072 = CARTESIAN_POINT('',(-3.70301077523,12.36274483329));
#3073 = CARTESIAN_POINT('',(-3.747861289485,12.15141164543));
#3074 = CARTESIAN_POINT('',(-3.796851783834,11.834862361872));
#3075 = CARTESIAN_POINT('',(-3.826126173688,11.523139671141));
#3076 = CARTESIAN_POINT('',(-3.833423851378,11.217566387353));
#3077 = CARTESIAN_POINT('',(-3.81775756956,10.919199290644));
#3078 = CARTESIAN_POINT('',(-3.78230605074,10.726030178059));
#3079 = CARTESIAN_POINT('',(-3.756821780264,10.632097159822));
#3080 = ( GEOMETRIC_REPRESENTATION_CONTEXT(2) 
PARAMETRIC_REPRESENTATION_CONTEXT() REPRESENTATION_CONTEXT('2D SPACE',''
  ) );
#3081 = PCURVE('',#3082,#3095);
#3082 = SURFACE_OF_LINEAR_EXTRUSION('',#3083,#3093);
#3083 = B_SPLINE_CURVE_WITH_KNOTS('',3,(#3084,#3085,#3086,#3087,#3088,
    #3089,#3090,#3091,#3092),.UNSPECIFIED.,.F.,.F.,(4,1,1,1,1,1,4),(0.,
    0.327497146337,0.647669338415,0.960513007084,1.266020220529,
    1.564166443513,1.854690543779),.UNSPECIFIED.);
#3084 = CARTESIAN_POINT('',(0.,-12.46892658747,-3.677753357158));
#3085 = CARTESIAN_POINT('',(0.,-12.36274483329,-3.70301077523));
#3086 = CARTESIAN_POINT('',(0.,-12.15141164543,-3.747861289485));
#3087 = CARTESIAN_POINT('',(0.,-11.83486236187,-3.796851783834));
#3088 = CARTESIAN_POINT('',(0.,-11.52313967114,-3.826126173688));
#3089 = CARTESIAN_POINT('',(0.,-11.21756638735,-3.833423851378));
#3090 = CARTESIAN_POINT('',(0.,-10.91919929064,-3.81775756956));
#3091 = CARTESIAN_POINT('',(-0.,-10.72603017805,-3.78230605074));
#3092 = CARTESIAN_POINT('',(0.,-10.63209715982,-3.756821780264));
#3093 = VECTOR('',#3094,1.);
#3094 = DIRECTION('',(-1.,-0.,-0.));
#3095 = DEFINITIONAL_REPRESENTATION('',(#3096),#3100);
#3096 = LINE('',#3097,#3098);
#3097 = CARTESIAN_POINT('',(0.,0.));
#3098 = VECTOR('',#3099,1.);
#3099 = DIRECTION('',(1.,0.));
#3100 = ( GEOMETRIC_REPRESENTATION_CONTEXT(2) 
PARAMETRIC_REPRESENTATION_CONTEXT() REPRESENTATION_CONTEXT('2D SPACE',''
  ) );
#3101 = ORIENTED_EDGE('',*,*,#3102,.T.);
#3102 = EDGE_CURVE('',#3055,#3103,#3105,.T.);
#3103 = VERTEX_POINT('',#3104);
#3104 = CARTESIAN_POINT('',(0.,-10.13585381892,-3.581475584366));
#3105 = SURFACE_CURVE('',#3106,(#3110,#3117),.PCURVE_S1.);
#3106 = LINE('',#3107,#3108);
#3107 = CARTESIAN_POINT('',(0.,-10.63209715982,-3.756821780264));
#3108 = VECTOR('',#3109,1.);
#3109 = DIRECTION('',(0.,0.942870122691,0.333160519476));
#3110 = PCURVE('',#134,#3111);
#3111 = DEFINITIONAL_REPRESENTATION('',(#3112),#3116);
#3112 = LINE('',#3113,#3114);
#3113 = CARTESIAN_POINT('',(-3.756821780264,10.632097159822));
#3114 = VECTOR('',#3115,1.);
#3115 = DIRECTION('',(0.333160519476,-0.942870122691));
#3116 = ( GEOMETRIC_REPRESENTATION_CONTEXT(2) 
PARAMETRIC_REPRESENTATION_CONTEXT() REPRESENTATION_CONTEXT('2D SPACE',''
  ) );
#3117 = PCURVE('',#3118,#3123);
#3118 = PLANE('',#3119);
#3119 = AXIS2_PLACEMENT_3D('',#3120,#3121,#3122);
#3120 = CARTESIAN_POINT('',(0.,-10.63209715982,-3.756821780264));
#3121 = DIRECTION('',(0.,-0.333160519476,0.942870122691));
#3122 = DIRECTION('',(0.,0.942870122691,0.333160519476));
#3123 = DEFINITIONAL_REPRESENTATION('',(#3124),#3128);
#3124 = LINE('',#3125,#3126);
#3125 = CARTESIAN_POINT('',(0.,0.));
#3126 = VECTOR('',#3127,1.);
#3127 = DIRECTION('',(1.,0.));
#3128 = ( GEOMETRIC_REPRESENTATION_CONTEXT(2) 
PARAMETRIC_REPRESENTATION_CONTEXT() REPRESENTATION_CONTEXT('2D SPACE',''
  ) );
#3129 = ORIENTED_EDGE('',*,*,#3130,.T.);
#3130 = EDGE_CURVE('',#3103,#3131,#3133,.T.);
#3131 = VERTEX_POINT('',#3132);
#3132 = CARTESIAN_POINT('',(0.,-9.699616640836,-4.634645296118));
#3133 = SURFACE_CURVE('',#3134,(#3138,#3145),.PCURVE_S1.);
#3134 = LINE('',#3135,#3136);
#3135 = CARTESIAN_POINT('',(0.,-10.13585381892,-3.581475584366));
#3136 = VECTOR('',#3137,1.);
#3137 = DIRECTION('',(0.,0.382683432365,-0.923879532511));
#3138 = PCURVE('',#134,#3139);
#3139 = DEFINITIONAL_REPRESENTATION('',(#3140),#3144);
#3140 = LINE('',#3141,#3142);
#3141 = CARTESIAN_POINT('',(-3.581475584366,10.135853818924));
#3142 = VECTOR('',#3143,1.);
#3143 = DIRECTION('',(-0.923879532511,-0.382683432365));
#3144 = ( GEOMETRIC_REPRESENTATION_CONTEXT(2) 
PARAMETRIC_REPRESENTATION_CONTEXT() REPRESENTATION_CONTEXT('2D SPACE',''
  ) );
#3145 = PCURVE('',#3146,#3151);
#3146 = PLANE('',#3147);
#3147 = AXIS2_PLACEMENT_3D('',#3148,#3149,#3150);
#3148 = CARTESIAN_POINT('',(0.,-10.13585381892,-3.581475584366));
#3149 = DIRECTION('',(-0.,0.923879532511,0.382683432365));
#3150 = DIRECTION('',(0.,0.382683432365,-0.923879532511));
#3151 = DEFINITIONAL_REPRESENTATION('',(#3152),#3156);
#3152 = LINE('',#3153,#3154);
#3153 = CARTESIAN_POINT('',(0.,0.));
#3154 = VECTOR('',#3155,1.);
#3155 = DIRECTION('',(1.,0.));
#3156 = ( GEOMETRIC_REPRESENTATION_CONTEXT(2) 
PARAMETRIC_REPRESENTATION_CONTEXT() REPRESENTATION_CONTEXT('2D SPACE',''
  ) );
#3157 = ORIENTED_EDGE('',*,*,#3158,.T.);
#3158 = EDGE_CURVE('',#3131,#3159,#3161,.T.);
#3159 = VERTEX_POINT('',#3160);
#3160 = CARTESIAN_POINT('',(0.,-10.17450215647,-4.86155384341));
#3161 = SURFACE_CURVE('',#3162,(#3166,#3173),.PCURVE_S1.);
#3162 = LINE('',#3163,#3164);
#3163 = CARTESIAN_POINT('',(0.,-9.699616640836,-4.634645296118));
#3164 = VECTOR('',#3165,1.);
#3165 = DIRECTION('',(0.,-0.902289920078,-0.431129794988));
#3166 = PCURVE('',#134,#3167);
#3167 = DEFINITIONAL_REPRESENTATION('',(#3168),#3172);
#3168 = LINE('',#3169,#3170);
#3169 = CARTESIAN_POINT('',(-4.634645296118,9.699616640836));
#3170 = VECTOR('',#3171,1.);
#3171 = DIRECTION('',(-0.431129794988,0.902289920078));
#3172 = ( GEOMETRIC_REPRESENTATION_CONTEXT(2) 
PARAMETRIC_REPRESENTATION_CONTEXT() REPRESENTATION_CONTEXT('2D SPACE',''
  ) );
#3173 = PCURVE('',#3174,#3179);
#3174 = PLANE('',#3175);
#3175 = AXIS2_PLACEMENT_3D('',#3176,#3177,#3178);
#3176 = CARTESIAN_POINT('',(0.,-9.699616640836,-4.634645296118));
#3177 = DIRECTION('',(0.,0.431129794988,-0.902289920078));
#3178 = DIRECTION('',(0.,-0.902289920078,-0.431129794988));
#3179 = DEFINITIONAL_REPRESENTATION('',(#3180),#3184);
#3180 = LINE('',#3181,#3182);
#3181 = CARTESIAN_POINT('',(0.,0.));
#3182 = VECTOR('',#3183,1.);
#3183 = DIRECTION('',(1.,0.));
#3184 = ( GEOMETRIC_REPRESENTATION_CONTEXT(2) 
PARAMETRIC_REPRESENTATION_CONTEXT() REPRESENTATION_CONTEXT('2D SPACE',''
  ) );
#3185 = ORIENTED_EDGE('',*,*,#3186,.T.);
#3186 = EDGE_CURVE('',#3159,#3187,#3189,.T.);
#3187 = VERTEX_POINT('',#3188);
#3188 = CARTESIAN_POINT('',(0.,-11.4174268825,-6.216298205745));
#3189 = SURFACE_CURVE('',#3190,(#3200,#3213),.PCURVE_S1.);
#3190 = B_SPLINE_CURVE_WITH_KNOTS('',3,(#3191,#3192,#3193,#3194,#3195,
    #3196,#3197,#3198,#3199),.UNSPECIFIED.,.F.,.F.,(4,1,1,1,1,1,4),(0.,
    0.290524100267,0.58867032325,0.894177536695,1.207021205364,
    1.527193397443,1.854690543779),.UNSPECIFIED.);
#3191 = CARTESIAN_POINT('',(0.,-10.17450215647,-4.86155384341));
#3192 = CARTESIAN_POINT('',(0.,-10.25894293111,-4.909954417116));
#3193 = CARTESIAN_POINT('',(0.,-10.4206021299,-5.02147759718));
#3194 = CARTESIAN_POINT('',(0.,-10.64265726137,-5.221377260436));
#3195 = CARTESIAN_POINT('',(0.,-10.85356996511,-5.442610438933));
#3196 = CARTESIAN_POINT('',(0.,-11.05329107399,-5.68373178698));
#3197 = CARTESIAN_POINT('',(0.,-11.24248370821,-5.942207442732));
#3198 = CARTESIAN_POINT('',(-0.,-11.36020473567,-6.123356675727));
#3199 = CARTESIAN_POINT('',(0.,-11.4174268825,-6.216298205745));
#3200 = PCURVE('',#134,#3201);
#3201 = DEFINITIONAL_REPRESENTATION('',(#3202),#3212);
#3202 = B_SPLINE_CURVE_WITH_KNOTS('',3,(#3203,#3204,#3205,#3206,#3207,
    #3208,#3209,#3210,#3211),.UNSPECIFIED.,.F.,.F.,(4,1,1,1,1,1,4),(0.,
    0.290524100267,0.58867032325,0.894177536695,1.207021205364,
    1.527193397443,1.854690543779),.UNSPECIFIED.);
#3203 = CARTESIAN_POINT('',(-4.86155384341,10.174502156479));
#3204 = CARTESIAN_POINT('',(-4.909954417116,10.258942931118));
#3205 = CARTESIAN_POINT('',(-5.02147759718,10.420602129904));
#3206 = CARTESIAN_POINT('',(-5.221377260436,10.642657261379));
#3207 = CARTESIAN_POINT('',(-5.442610438933,10.853569965113));
#3208 = CARTESIAN_POINT('',(-5.68373178698,11.053291073999));
#3209 = CARTESIAN_POINT('',(-5.942207442732,11.242483708214));
#3210 = CARTESIAN_POINT('',(-6.123356675727,11.36020473567));
#3211 = CARTESIAN_POINT('',(-6.216298205745,11.417426882501));
#3212 = ( GEOMETRIC_REPRESENTATION_CONTEXT(2) 
PARAMETRIC_REPRESENTATION_CONTEXT() REPRESENTATION_CONTEXT('2D SPACE',''
  ) );
#3213 = PCURVE('',#3214,#3227);
#3214 = SURFACE_OF_LINEAR_EXTRUSION('',#3215,#3225);
#3215 = B_SPLINE_CURVE_WITH_KNOTS('',3,(#3216,#3217,#3218,#3219,#3220,
    #3221,#3222,#3223,#3224),.UNSPECIFIED.,.F.,.F.,(4,1,1,1,1,1,4),(0.,
    0.290524100267,0.58867032325,0.894177536695,1.207021205364,
    1.527193397443,1.854690543779),.UNSPECIFIED.);
#3216 = CARTESIAN_POINT('',(0.,-10.17450215647,-4.86155384341));
#3217 = CARTESIAN_POINT('',(0.,-10.25894293111,-4.909954417116));
#3218 = CARTESIAN_POINT('',(0.,-10.4206021299,-5.02147759718));
#3219 = CARTESIAN_POINT('',(0.,-10.64265726137,-5.221377260436));
#3220 = CARTESIAN_POINT('',(0.,-10.85356996511,-5.442610438933));
#3221 = CARTESIAN_POINT('',(0.,-11.05329107399,-5.68373178698));
#3222 = CARTESIAN_POINT('',(0.,-11.24248370821,-5.942207442732));
#3223 = CARTESIAN_POINT('',(-0.,-11.36020473567,-6.123356675727));
#3224 = CARTESIAN_POINT('',(0.,-11.4174268825,-6.216298205745));
#3225 = VECTOR('',#3226,1.);
#3226 = DIRECTION('',(-1.,-0.,-0.));
#3227 = DEFINITIONAL_REPRESENTATION('',(#3228),#3232);
#3228 = LINE('',#3229,#3230);
#3229 = CARTESIAN_POINT('',(0.,0.));
#3230 = VECTOR('',#3231,1.);
#3231 = DIRECTION('',(1.,0.));
#3232 = ( GEOMETRIC_REPRESENTATION_CONTEXT(2) 
PARAMETRIC_REPRESENTATION_CONTEXT() REPRESENTATION_CONTEXT('2D SPACE',''
  ) );
#3233 = ORIENTED_EDGE('',*,*,#3234,.T.);
#3234 = EDGE_CURVE('',#3187,#3235,#3237,.T.);
#3235 = VERTEX_POINT('',#3236);
#3236 = CARTESIAN_POINT('',(0.,-11.09218560492,-6.779632623225));
#3237 = SURFACE_CURVE('',#3238,(#3242,#3249),.PCURVE_S1.);
#3238 = LINE('',#3239,#3240);
#3239 = CARTESIAN_POINT('',(0.,-11.4174268825,-6.216298205745));
#3240 = VECTOR('',#3241,1.);
#3241 = DIRECTION('',(0.,0.5,-0.866025403784));
#3242 = PCURVE('',#134,#3243);
#3243 = DEFINITIONAL_REPRESENTATION('',(#3244),#3248);
#3244 = LINE('',#3245,#3246);
#3245 = CARTESIAN_POINT('',(-6.216298205745,11.417426882501));
#3246 = VECTOR('',#3247,1.);
#3247 = DIRECTION('',(-0.866025403784,-0.5));
#3248 = ( GEOMETRIC_REPRESENTATION_CONTEXT(2) 
PARAMETRIC_REPRESENTATION_CONTEXT() REPRESENTATION_CONTEXT('2D SPACE',''
  ) );
#3249 = PCURVE('',#3250,#3255);
#3250 = PLANE('',#3251);
#3251 = AXIS2_PLACEMENT_3D('',#3252,#3253,#3254);
#3252 = CARTESIAN_POINT('',(0.,-11.4174268825,-6.216298205745));
#3253 = DIRECTION('',(-0.,0.866025403784,0.5));
#3254 = DIRECTION('',(0.,0.5,-0.866025403784));
#3255 = DEFINITIONAL_REPRESENTATION('',(#3256),#3260);
#3256 = LINE('',#3257,#3258);
#3257 = CARTESIAN_POINT('',(0.,0.));
#3258 = VECTOR('',#3259,1.);
#3259 = DIRECTION('',(1.,0.));
#3260 = ( GEOMETRIC_REPRESENTATION_CONTEXT(2) 
PARAMETRIC_REPRESENTATION_CONTEXT() REPRESENTATION_CONTEXT('2D SPACE',''
  ) );
#3261 = ORIENTED_EDGE('',*,*,#3262,.T.);
#3262 = EDGE_CURVE('',#3235,#3263,#3265,.T.);
#3263 = VERTEX_POINT('',#3264);
#3264 = CARTESIAN_POINT('',(0.,-9.297480208499,-6.380600416665));
#3265 = SURFACE_CURVE('',#3266,(#3276,#3289),.PCURVE_S1.);
#3266 = B_SPLINE_CURVE_WITH_KNOTS('',3,(#3267,#3268,#3269,#3270,#3271,
    #3272,#3273,#3274,#3275),.UNSPECIFIED.,.F.,.F.,(4,1,1,1,1,1,4),(0.,
    0.327497146337,0.647669338415,0.960513007084,1.266020220529,
    1.564166443513,1.854690543779),.UNSPECIFIED.);
#3267 = CARTESIAN_POINT('',(0.,-11.09218560492,-6.779632623225));
#3268 = CARTESIAN_POINT('',(0.,-10.98308480544,-6.776547555419));
#3269 = CARTESIAN_POINT('',(0.,-10.76734445407,-6.76517277158));
#3270 = CARTESIAN_POINT('',(0.,-10.44890165282,-6.730564972017));
#3271 = CARTESIAN_POINT('',(0.,-10.14022388557,-6.678162092073));
#3272 = CARTESIAN_POINT('',(0.,-9.84317398097,-6.606122921907));
#3273 = CARTESIAN_POINT('',(0.,-9.559028228644,-6.513767368637));
#3274 = CARTESIAN_POINT('',(-0.,-9.381616722205,-6.429527985766));
#3275 = CARTESIAN_POINT('',(0.,-9.297480208499,-6.380600416665));
#3276 = PCURVE('',#134,#3277);
#3277 = DEFINITIONAL_REPRESENTATION('',(#3278),#3288);
#3278 = B_SPLINE_CURVE_WITH_KNOTS('',3,(#3279,#3280,#3281,#3282,#3283,
    #3284,#3285,#3286,#3287),.UNSPECIFIED.,.F.,.F.,(4,1,1,1,1,1,4),(0.,
    0.327497146337,0.647669338415,0.960513007084,1.266020220529,
    1.564166443513,1.854690543779),.UNSPECIFIED.);
#3279 = CARTESIAN_POINT('',(-6.779632623225,11.092185604925));
#3280 = CARTESIAN_POINT('',(-6.776547555419,10.983084805447));
#3281 = CARTESIAN_POINT('',(-6.76517277158,10.76734445407));
#3282 = CARTESIAN_POINT('',(-6.730564972017,10.448901652821));
#3283 = CARTESIAN_POINT('',(-6.678162092073,10.140223885575));
#3284 = CARTESIAN_POINT('',(-6.606122921907,9.84317398097));
#3285 = CARTESIAN_POINT('',(-6.513767368637,9.559028228644));
#3286 = CARTESIAN_POINT('',(-6.429527985766,9.381616722205));
#3287 = CARTESIAN_POINT('',(-6.380600416665,9.297480208499));
#3288 = ( GEOMETRIC_REPRESENTATION_CONTEXT(2) 
PARAMETRIC_REPRESENTATION_CONTEXT() REPRESENTATION_CONTEXT('2D SPACE',''
  ) );
#3289 = PCURVE('',#3290,#3303);
#3290 = SURFACE_OF_LINEAR_EXTRUSION('',#3291,#3301);
#3291 = B_SPLINE_CURVE_WITH_KNOTS('',3,(#3292,#3293,#3294,#3295,#3296,
    #3297,#3298,#3299,#3300),.UNSPECIFIED.,.F.,.F.,(4,1,1,1,1,1,4),(0.,
    0.327497146337,0.647669338415,0.960513007084,1.266020220529,
    1.564166443513,1.854690543779),.UNSPECIFIED.);
#3292 = CARTESIAN_POINT('',(0.,-11.09218560492,-6.779632623225));
#3293 = CARTESIAN_POINT('',(0.,-10.98308480544,-6.776547555419));
#3294 = CARTESIAN_POINT('',(0.,-10.76734445407,-6.76517277158));
#3295 = CARTESIAN_POINT('',(0.,-10.44890165282,-6.730564972017));
#3296 = CARTESIAN_POINT('',(0.,-10.14022388557,-6.678162092073));
#3297 = CARTESIAN_POINT('',(0.,-9.84317398097,-6.606122921907));
#3298 = CARTESIAN_POINT('',(0.,-9.559028228644,-6.513767368637));
#3299 = CARTESIAN_POINT('',(-0.,-9.381616722205,-6.429527985766));
#3300 = CARTESIAN_POINT('',(0.,-9.297480208499,-6.380600416665));
#3301 = VECTOR('',#3302,1.);
#3302 = DIRECTION('',(-1.,-0.,-0.));
#3303 = DEFINITIONAL_REPRESENTATION('',(#3304),#3308);
#3304 = LINE('',#3305,#3306);
#3305 = CARTESIAN_POINT('',(0.,0.));
#3306 = VECTOR('',#3307,1.);
#3307 = DIRECTION('',(1.,0.));
#3308 = ( GEOMETRIC_REPRESENTATION_CONTEXT(2) 
PARAMETRIC_REPRESENTATION_CONTEXT() REPRESENTATION_CONTEXT('2D SPACE',''
  ) );
#3309 = ORIENTED_EDGE('',*,*,#3310,.T.);
#3310 = EDGE_CURVE('',#3263,#3311,#3313,.T.);
#3311 = VERTEX_POINT('',#3312);
#3312 = CARTESIAN_POINT('',(0.,-8.863528884386,-6.082791769875));
#3313 = SURFACE_CURVE('',#3314,(#3318,#3325),.PCURVE_S1.);
#3314 = LINE('',#3315,#3316);
#3315 = CARTESIAN_POINT('',(0.,-9.297480208499,-6.380600416665));
#3316 = VECTOR('',#3317,1.);
#3317 = DIRECTION('',(0.,0.824514314827,0.565841094872));
#3318 = PCURVE('',#134,#3319);
#3319 = DEFINITIONAL_REPRESENTATION('',(#3320),#3324);
#3320 = LINE('',#3321,#3322);
#3321 = CARTESIAN_POINT('',(-6.380600416665,9.297480208499));
#3322 = VECTOR('',#3323,1.);
#3323 = DIRECTION('',(0.565841094872,-0.824514314827));
#3324 = ( GEOMETRIC_REPRESENTATION_CONTEXT(2) 
PARAMETRIC_REPRESENTATION_CONTEXT() REPRESENTATION_CONTEXT('2D SPACE',''
  ) );
#3325 = PCURVE('',#3326,#3331);
#3326 = PLANE('',#3327);
#3327 = AXIS2_PLACEMENT_3D('',#3328,#3329,#3330);
#3328 = CARTESIAN_POINT('',(0.,-9.297480208499,-6.380600416665));
#3329 = DIRECTION('',(0.,-0.565841094872,0.824514314827));
#3330 = DIRECTION('',(0.,0.824514314827,0.565841094872));
#3331 = DEFINITIONAL_REPRESENTATION('',(#3332),#3336);
#3332 = LINE('',#3333,#3334);
#3333 = CARTESIAN_POINT('',(0.,0.));
#3334 = VECTOR('',#3335,1.);
#3335 = DIRECTION('',(1.,0.));
#3336 = ( GEOMETRIC_REPRESENTATION_CONTEXT(2) 
PARAMETRIC_REPRESENTATION_CONTEXT() REPRESENTATION_CONTEXT('2D SPACE',''
  ) );
#3337 = ORIENTED_EDGE('',*,*,#3338,.T.);
#3338 = EDGE_CURVE('',#3311,#3339,#3341,.T.);
#3339 = VERTEX_POINT('',#3340);
#3340 = CARTESIAN_POINT('',(0.,-8.169575748556,-6.987169104051));
#3341 = SURFACE_CURVE('',#3342,(#3346,#3353),.PCURVE_S1.);
#3342 = LINE('',#3343,#3344);
#3343 = CARTESIAN_POINT('',(0.,-8.863528884386,-6.082791769875));
#3344 = VECTOR('',#3345,1.);
#3345 = DIRECTION('',(0.,0.608761429009,-0.793353340291));
#3346 = PCURVE('',#134,#3347);
#3347 = DEFINITIONAL_REPRESENTATION('',(#3348),#3352);
#3348 = LINE('',#3349,#3350);
#3349 = CARTESIAN_POINT('',(-6.082791769875,8.863528884386));
#3350 = VECTOR('',#3351,1.);
#3351 = DIRECTION('',(-0.793353340291,-0.608761429009));
#3352 = ( GEOMETRIC_REPRESENTATION_CONTEXT(2) 
PARAMETRIC_REPRESENTATION_CONTEXT() REPRESENTATION_CONTEXT('2D SPACE',''
  ) );
#3353 = PCURVE('',#3354,#3359);
#3354 = PLANE('',#3355);
#3355 = AXIS2_PLACEMENT_3D('',#3356,#3357,#3358);
#3356 = CARTESIAN_POINT('',(0.,-8.863528884386,-6.082791769875));
#3357 = DIRECTION('',(-0.,0.793353340291,0.608761429009));
#3358 = DIRECTION('',(0.,0.608761429009,-0.793353340291));
#3359 = DEFINITIONAL_REPRESENTATION('',(#3360),#3364);
#3360 = LINE('',#3361,#3362);
#3361 = CARTESIAN_POINT('',(0.,0.));
#3362 = VECTOR('',#3363,1.);
#3363 = DIRECTION('',(1.,0.));
#3364 = ( GEOMETRIC_REPRESENTATION_CONTEXT(2) 
PARAMETRIC_REPRESENTATION_CONTEXT() REPRESENTATION_CONTEXT('2D SPACE',''
  ) );
#3365 = ORIENTED_EDGE('',*,*,#3366,.T.);
#3366 = EDGE_CURVE('',#3339,#3367,#3369,.T.);
#3367 = VERTEX_POINT('',#3368);
#3368 = CARTESIAN_POINT('',(0.,-8.569551679111,-7.329255345778));
#3369 = SURFACE_CURVE('',#3370,(#3374,#3381),.PCURVE_S1.);
#3370 = LINE('',#3371,#3372);
#3371 = CARTESIAN_POINT('',(0.,-8.169575748556,-6.987169104051));
#3372 = VECTOR('',#3373,1.);
#3373 = DIRECTION('',(0.,-0.759960534749,-0.649969218981));
#3374 = PCURVE('',#134,#3375);
#3375 = DEFINITIONAL_REPRESENTATION('',(#3376),#3380);
#3376 = LINE('',#3377,#3378);
#3377 = CARTESIAN_POINT('',(-6.987169104051,8.169575748556));
#3378 = VECTOR('',#3379,1.);
#3379 = DIRECTION('',(-0.649969218981,0.759960534749));
#3380 = ( GEOMETRIC_REPRESENTATION_CONTEXT(2) 
PARAMETRIC_REPRESENTATION_CONTEXT() REPRESENTATION_CONTEXT('2D SPACE',''
  ) );
#3381 = PCURVE('',#3382,#3387);
#3382 = PLANE('',#3383);
#3383 = AXIS2_PLACEMENT_3D('',#3384,#3385,#3386);
#3384 = CARTESIAN_POINT('',(0.,-8.169575748556,-6.987169104051));
#3385 = DIRECTION('',(0.,0.649969218981,-0.759960534749));
#3386 = DIRECTION('',(0.,-0.759960534749,-0.649969218981));
#3387 = DEFINITIONAL_REPRESENTATION('',(#3388),#3392);
#3388 = LINE('',#3389,#3390);
#3389 = CARTESIAN_POINT('',(0.,0.));
#3390 = VECTOR('',#3391,1.);
#3391 = DIRECTION('',(1.,0.));
#3392 = ( GEOMETRIC_REPRESENTATION_CONTEXT(2) 
PARAMETRIC_REPRESENTATION_CONTEXT() REPRESENTATION_CONTEXT('2D SPACE',''
  ) );
#3393 = ORIENTED_EDGE('',*,*,#3394,.T.);
#3394 = EDGE_CURVE('',#3367,#3395,#3397,.T.);
#3395 = VERTEX_POINT('',#3396);
#3396 = CARTESIAN_POINT('',(0.,-9.419491129892,-8.9595305041));
#3397 = SURFACE_CURVE('',#3398,(#3408,#3421),.PCURVE_S1.);
#3398 = B_SPLINE_CURVE_WITH_KNOTS('',3,(#3399,#3400,#3401,#3402,#3403,
    #3404,#3405,#3406,#3407),.UNSPECIFIED.,.F.,.F.,(4,1,1,1,1,1,4),(0.,
    0.290524100267,0.58867032325,0.894177536695,1.207021205364,
    1.527193397443,1.854690543779),.UNSPECIFIED.);
#3399 = CARTESIAN_POINT('',(0.,-8.569551679111,-7.329255345778));
#3400 = CARTESIAN_POINT('',(0.,-8.638588213858,-7.397861590587));
#3401 = CARTESIAN_POINT('',(0.,-8.765874686051,-7.547425189903));
#3402 = CARTESIAN_POINT('',(0.,-8.928625632443,-7.797985534397));
#3403 = CARTESIAN_POINT('',(0.,-9.075092300069,-8.06626859972));
#3404 = CARTESIAN_POINT('',(0.,-9.205601280141,-8.350865563757));
#3405 = CARTESIAN_POINT('',(0.,-9.321448909269,-8.649500532042));
#3406 = CARTESIAN_POINT('',(-0.,-9.388273818481,-8.854945698519));
#3407 = CARTESIAN_POINT('',(0.,-9.419491129892,-8.9595305041));
#3408 = PCURVE('',#134,#3409);
#3409 = DEFINITIONAL_REPRESENTATION('',(#3410),#3420);
#3410 = B_SPLINE_CURVE_WITH_KNOTS('',3,(#3411,#3412,#3413,#3414,#3415,
    #3416,#3417,#3418,#3419),.UNSPECIFIED.,.F.,.F.,(4,1,1,1,1,1,4),(0.,
    0.290524100267,0.58867032325,0.894177536695,1.207021205364,
    1.527193397443,1.854690543779),.UNSPECIFIED.);
#3411 = CARTESIAN_POINT('',(-7.329255345778,8.569551679111));
#3412 = CARTESIAN_POINT('',(-7.397861590587,8.638588213858));
#3413 = CARTESIAN_POINT('',(-7.547425189903,8.765874686051));
#3414 = CARTESIAN_POINT('',(-7.797985534397,8.928625632443));
#3415 = CARTESIAN_POINT('',(-8.06626859972,9.075092300069));
#3416 = CARTESIAN_POINT('',(-8.350865563757,9.205601280141));
#3417 = CARTESIAN_POINT('',(-8.649500532042,9.321448909269));
#3418 = CARTESIAN_POINT('',(-8.854945698519,9.388273818481));
#3419 = CARTESIAN_POINT('',(-8.9595305041,9.419491129892));
#3420 = ( GEOMETRIC_REPRESENTATION_CONTEXT(2) 
PARAMETRIC_REPRESENTATION_CONTEXT() REPRESENTATION_CONTEXT('2D SPACE',''
  ) );
#3421 = PCURVE('',#3422,#3435);
#3422 = SURFACE_OF_LINEAR_EXTRUSION('',#3423,#3433);
#3423 = B_SPLINE_CURVE_WITH_KNOTS('',3,(#3424,#3425,#3426,#3427,#3428,
    #3429,#3430,#3431,#3432),.UNSPECIFIED.,.F.,.F.,(4,1,1,1,1,1,4),(0.,
    0.290524100267,0.58867032325,0.894177536695,1.207021205364,
    1.527193397443,1.854690543779),.UNSPECIFIED.);
#3424 = CARTESIAN_POINT('',(0.,-8.569551679111,-7.329255345778));
#3425 = CARTESIAN_POINT('',(0.,-8.638588213858,-7.397861590587));
#3426 = CARTESIAN_POINT('',(0.,-8.765874686051,-7.547425189903));
#3427 = CARTESIAN_POINT('',(0.,-8.928625632443,-7.797985534397));
#3428 = CARTESIAN_POINT('',(0.,-9.075092300069,-8.06626859972));
#3429 = CARTESIAN_POINT('',(0.,-9.205601280141,-8.350865563757));
#3430 = CARTESIAN_POINT('',(0.,-9.321448909269,-8.649500532042));
#3431 = CARTESIAN_POINT('',(-0.,-9.388273818481,-8.854945698519));
#3432 = CARTESIAN_POINT('',(0.,-9.419491129892,-8.9595305041));
#3433 = VECTOR('',#3434,1.);
#3434 = DIRECTION('',(-1.,-0.,-0.));
#3435 = DEFINITIONAL_REPRESENTATION('',(#3436),#3440);
#3436 = LINE('',#3437,#3438);
#3437 = CARTESIAN_POINT('',(0.,0.));
#3438 = VECTOR('',#3439,1.);
#3439 = DIRECTION('',(1.,0.));
#3440 = ( GEOMETRIC_REPRESENTATION_CONTEXT(2) 
PARAMETRIC_REPRESENTATION_CONTEXT() REPRESENTATION_CONTEXT('2D SPACE',''
  ) );
#3441 = ORIENTED_EDGE('',*,*,#3442,.T.);
#3442 = EDGE_CURVE('',#3395,#3443,#3445,.T.);
#3443 = VERTEX_POINT('',#3444);
#3444 = CARTESIAN_POINT('',(0.,-8.9595305041,-9.419491129892));
#3445 = SURFACE_CURVE('',#3446,(#3450,#3457),.PCURVE_S1.);
#3446 = LINE('',#3447,#3448);
#3447 = CARTESIAN_POINT('',(0.,-9.419491129892,-8.9595305041));
#3448 = VECTOR('',#3449,1.);
#3449 = DIRECTION('',(0.,0.707106781187,-0.707106781187));
#3450 = PCURVE('',#134,#3451);
#3451 = DEFINITIONAL_REPRESENTATION('',(#3452),#3456);
#3452 = LINE('',#3453,#3454);
#3453 = CARTESIAN_POINT('',(-8.9595305041,9.419491129892));
#3454 = VECTOR('',#3455,1.);
#3455 = DIRECTION('',(-0.707106781187,-0.707106781187));
#3456 = ( GEOMETRIC_REPRESENTATION_CONTEXT(2) 
PARAMETRIC_REPRESENTATION_CONTEXT() REPRESENTATION_CONTEXT('2D SPACE',''
  ) );
#3457 = PCURVE('',#3458,#3463);
#3458 = PLANE('',#3459);
#3459 = AXIS2_PLACEMENT_3D('',#3460,#3461,#3462);
#3460 = CARTESIAN_POINT('',(0.,-9.419491129892,-8.9595305041));
#3461 = DIRECTION('',(-0.,0.707106781187,0.707106781187));
#3462 = DIRECTION('',(0.,0.707106781187,-0.707106781187));
#3463 = DEFINITIONAL_REPRESENTATION('',(#3464),#3468);
#3464 = LINE('',#3465,#3466);
#3465 = CARTESIAN_POINT('',(0.,0.));
#3466 = VECTOR('',#3467,1.);
#3467 = DIRECTION('',(1.,0.));
#3468 = ( GEOMETRIC_REPRESENTATION_CONTEXT(2) 
PARAMETRIC_REPRESENTATION_CONTEXT() REPRESENTATION_CONTEXT('2D SPACE',''
  ) );
#3469 = ORIENTED_EDGE('',*,*,#3470,.T.);
#3470 = EDGE_CURVE('',#3443,#3471,#3473,.T.);
#3471 = VERTEX_POINT('',#3472);
#3472 = CARTESIAN_POINT('',(0.,-7.329255345778,-8.569551679111));
#3473 = SURFACE_CURVE('',#3474,(#3484,#3497),.PCURVE_S1.);
#3474 = B_SPLINE_CURVE_WITH_KNOTS('',3,(#3475,#3476,#3477,#3478,#3479,
    #3480,#3481,#3482,#3483),.UNSPECIFIED.,.F.,.F.,(4,1,1,1,1,1,4),(0.,
    0.327497146337,0.647669338415,0.960513007084,1.266020220529,
    1.564166443513,1.854690543779),.UNSPECIFIED.);
#3475 = CARTESIAN_POINT('',(0.,-8.9595305041,-9.419491129892));
#3476 = CARTESIAN_POINT('',(0.,-8.854945698519,-9.388273818481));
#3477 = CARTESIAN_POINT('',(0.,-8.649500532042,-9.321448909269));
#3478 = CARTESIAN_POINT('',(0.,-8.350865563757,-9.205601280141));
#3479 = CARTESIAN_POINT('',(0.,-8.06626859972,-9.075092300069));
#3480 = CARTESIAN_POINT('',(0.,-7.797985534397,-8.928625632443));
#3481 = CARTESIAN_POINT('',(0.,-7.547425189903,-8.765874686051));
#3482 = CARTESIAN_POINT('',(-0.,-7.397861590587,-8.638588213858));
#3483 = CARTESIAN_POINT('',(0.,-7.329255345778,-8.569551679111));
#3484 = PCURVE('',#134,#3485);
#3485 = DEFINITIONAL_REPRESENTATION('',(#3486),#3496);
#3486 = B_SPLINE_CURVE_WITH_KNOTS('',3,(#3487,#3488,#3489,#3490,#3491,
    #3492,#3493,#3494,#3495),.UNSPECIFIED.,.F.,.F.,(4,1,1,1,1,1,4),(0.,
    0.327497146337,0.647669338415,0.960513007084,1.266020220529,
    1.564166443513,1.854690543779),.UNSPECIFIED.);
#3487 = CARTESIAN_POINT('',(-9.419491129892,8.9595305041));
#3488 = CARTESIAN_POINT('',(-9.388273818481,8.854945698519));
#3489 = CARTESIAN_POINT('',(-9.321448909269,8.649500532042));
#3490 = CARTESIAN_POINT('',(-9.205601280141,8.350865563757));
#3491 = CARTESIAN_POINT('',(-9.075092300069,8.06626859972));
#3492 = CARTESIAN_POINT('',(-8.928625632443,7.797985534397));
#3493 = CARTESIAN_POINT('',(-8.765874686051,7.547425189903));
#3494 = CARTESIAN_POINT('',(-8.638588213858,7.397861590587));
#3495 = CARTESIAN_POINT('',(-8.569551679111,7.329255345778));
#3496 = ( GEOMETRIC_REPRESENTATION_CONTEXT(2) 
PARAMETRIC_REPRESENTATION_CONTEXT() REPRESENTATION_CONTEXT('2D SPACE',''
  ) );
#3497 = PCURVE('',#3498,#3511);
#3498 = SURFACE_OF_LINEAR_EXTRUSION('',#3499,#3509);
#3499 = B_SPLINE_CURVE_WITH_KNOTS('',3,(#3500,#3501,#3502,#3503,#3504,
    #3505,#3506,#3507,#3508),.UNSPECIFIED.,.F.,.F.,(4,1,1,1,1,1,4),(0.,
    0.327497146337,0.647669338415,0.960513007084,1.266020220529,
    1.564166443513,1.854690543779),.UNSPECIFIED.);
#3500 = CARTESIAN_POINT('',(0.,-8.9595305041,-9.419491129892));
#3501 = CARTESIAN_POINT('',(0.,-8.854945698519,-9.388273818481));
#3502 = CARTESIAN_POINT('',(0.,-8.649500532042,-9.321448909269));
#3503 = CARTESIAN_POINT('',(0.,-8.350865563757,-9.205601280141));
#3504 = CARTESIAN_POINT('',(0.,-8.06626859972,-9.075092300069));
#3505 = CARTESIAN_POINT('',(0.,-7.797985534397,-8.928625632443));
#3506 = CARTESIAN_POINT('',(0.,-7.547425189903,-8.765874686051));
#3507 = CARTESIAN_POINT('',(-0.,-7.397861590587,-8.638588213858));
#3508 = CARTESIAN_POINT('',(0.,-7.329255345778,-8.569551679111));
#3509 = VECTOR('',#3510,1.);
#3510 = DIRECTION('',(-1.,-0.,-0.));
#3511 = DEFINITIONAL_REPRESENTATION('',(#3512),#3516);
#3512 = LINE('',#3513,#3514);
#3513 = CARTESIAN_POINT('',(0.,0.));
#3514 = VECTOR('',#3515,1.);
#3515 = DIRECTION('',(1.,0.));
#3516 = ( GEOMETRIC_REPRESENTATION_CONTEXT(2) 
PARAMETRIC_REPRESENTATION_CONTEXT() REPRESENTATION_CONTEXT('2D SPACE',''
  ) );
#3517 = ORIENTED_EDGE('',*,*,#3518,.T.);
#3518 = EDGE_CURVE('',#3471,#3519,#3521,.T.);
#3519 = VERTEX_POINT('',#3520);
#3520 = CARTESIAN_POINT('',(0.,-6.987169104051,-8.169575748556));
#3521 = SURFACE_CURVE('',#3522,(#3526,#3533),.PCURVE_S1.);
#3522 = LINE('',#3523,#3524);
#3523 = CARTESIAN_POINT('',(0.,-7.329255345778,-8.569551679111));
#3524 = VECTOR('',#3525,1.);
#3525 = DIRECTION('',(0.,0.649969218981,0.759960534749));
#3526 = PCURVE('',#134,#3527);
#3527 = DEFINITIONAL_REPRESENTATION('',(#3528),#3532);
#3528 = LINE('',#3529,#3530);
#3529 = CARTESIAN_POINT('',(-8.569551679111,7.329255345778));
#3530 = VECTOR('',#3531,1.);
#3531 = DIRECTION('',(0.759960534749,-0.649969218981));
#3532 = ( GEOMETRIC_REPRESENTATION_CONTEXT(2) 
PARAMETRIC_REPRESENTATION_CONTEXT() REPRESENTATION_CONTEXT('2D SPACE',''
  ) );
#3533 = PCURVE('',#3534,#3539);
#3534 = PLANE('',#3535);
#3535 = AXIS2_PLACEMENT_3D('',#3536,#3537,#3538);
#3536 = CARTESIAN_POINT('',(0.,-7.329255345778,-8.569551679111));
#3537 = DIRECTION('',(0.,-0.759960534749,0.649969218981));
#3538 = DIRECTION('',(0.,0.649969218981,0.759960534749));
#3539 = DEFINITIONAL_REPRESENTATION('',(#3540),#3544);
#3540 = LINE('',#3541,#3542);
#3541 = CARTESIAN_POINT('',(0.,0.));
#3542 = VECTOR('',#3543,1.);
#3543 = DIRECTION('',(1.,0.));
#3544 = ( GEOMETRIC_REPRESENTATION_CONTEXT(2) 
PARAMETRIC_REPRESENTATION_CONTEXT() REPRESENTATION_CONTEXT('2D SPACE',''
  ) );
#3545 = ORIENTED_EDGE('',*,*,#3546,.T.);
#3546 = EDGE_CURVE('',#3519,#3547,#3549,.T.);
#3547 = VERTEX_POINT('',#3548);
#3548 = CARTESIAN_POINT('',(0.,-6.082791769875,-8.863528884386));
#3549 = SURFACE_CURVE('',#3550,(#3554,#3561),.PCURVE_S1.);
#3550 = LINE('',#3551,#3552);
#3551 = CARTESIAN_POINT('',(0.,-6.987169104051,-8.169575748556));
#3552 = VECTOR('',#3553,1.);
#3553 = DIRECTION('',(0.,0.793353340291,-0.608761429009));
#3554 = PCURVE('',#134,#3555);
#3555 = DEFINITIONAL_REPRESENTATION('',(#3556),#3560);
#3556 = LINE('',#3557,#3558);
#3557 = CARTESIAN_POINT('',(-8.169575748556,6.987169104051));
#3558 = VECTOR('',#3559,1.);
#3559 = DIRECTION('',(-0.608761429009,-0.793353340291));
#3560 = ( GEOMETRIC_REPRESENTATION_CONTEXT(2) 
PARAMETRIC_REPRESENTATION_CONTEXT() REPRESENTATION_CONTEXT('2D SPACE',''
  ) );
#3561 = PCURVE('',#3562,#3567);
#3562 = PLANE('',#3563);
#3563 = AXIS2_PLACEMENT_3D('',#3564,#3565,#3566);
#3564 = CARTESIAN_POINT('',(0.,-6.987169104051,-8.169575748556));
#3565 = DIRECTION('',(-0.,0.608761429009,0.793353340291));
#3566 = DIRECTION('',(0.,0.793353340291,-0.608761429009));
#3567 = DEFINITIONAL_REPRESENTATION('',(#3568),#3572);
#3568 = LINE('',#3569,#3570);
#3569 = CARTESIAN_POINT('',(0.,0.));
#3570 = VECTOR('',#3571,1.);
#3571 = DIRECTION('',(1.,0.));
#3572 = ( GEOMETRIC_REPRESENTATION_CONTEXT(2) 
PARAMETRIC_REPRESENTATION_CONTEXT() REPRESENTATION_CONTEXT('2D SPACE',''
  ) );
#3573 = ORIENTED_EDGE('',*,*,#3574,.T.);
#3574 = EDGE_CURVE('',#3547,#3575,#3577,.T.);
#3575 = VERTEX_POINT('',#3576);
#3576 = CARTESIAN_POINT('',(0.,-6.380600416665,-9.297480208499));
#3577 = SURFACE_CURVE('',#3578,(#3582,#3589),.PCURVE_S1.);
#3578 = LINE('',#3579,#3580);
#3579 = CARTESIAN_POINT('',(0.,-6.082791769875,-8.863528884386));
#3580 = VECTOR('',#3581,1.);
#3581 = DIRECTION('',(0.,-0.565841094872,-0.824514314827));
#3582 = PCURVE('',#134,#3583);
#3583 = DEFINITIONAL_REPRESENTATION('',(#3584),#3588);
#3584 = LINE('',#3585,#3586);
#3585 = CARTESIAN_POINT('',(-8.863528884386,6.082791769875));
#3586 = VECTOR('',#3587,1.);
#3587 = DIRECTION('',(-0.824514314827,0.565841094872));
#3588 = ( GEOMETRIC_REPRESENTATION_CONTEXT(2) 
PARAMETRIC_REPRESENTATION_CONTEXT() REPRESENTATION_CONTEXT('2D SPACE',''
  ) );
#3589 = PCURVE('',#3590,#3595);
#3590 = PLANE('',#3591);
#3591 = AXIS2_PLACEMENT_3D('',#3592,#3593,#3594);
#3592 = CARTESIAN_POINT('',(0.,-6.082791769875,-8.863528884386));
#3593 = DIRECTION('',(0.,0.824514314827,-0.565841094872));
#3594 = DIRECTION('',(0.,-0.565841094872,-0.824514314827));
#3595 = DEFINITIONAL_REPRESENTATION('',(#3596),#3600);
#3596 = LINE('',#3597,#3598);
#3597 = CARTESIAN_POINT('',(0.,0.));
#3598 = VECTOR('',#3599,1.);
#3599 = DIRECTION('',(1.,0.));
#3600 = ( GEOMETRIC_REPRESENTATION_CONTEXT(2) 
PARAMETRIC_REPRESENTATION_CONTEXT() REPRESENTATION_CONTEXT('2D SPACE',''
  ) );
#3601 = ORIENTED_EDGE('',*,*,#3602,.T.);
#3602 = EDGE_CURVE('',#3575,#3603,#3605,.T.);
#3603 = VERTEX_POINT('',#3604);
#3604 = CARTESIAN_POINT('',(0.,-6.779632623225,-11.09218560492));
#3605 = SURFACE_CURVE('',#3606,(#3616,#3629),.PCURVE_S1.);
#3606 = B_SPLINE_CURVE_WITH_KNOTS('',3,(#3607,#3608,#3609,#3610,#3611,
    #3612,#3613,#3614,#3615),.UNSPECIFIED.,.F.,.F.,(4,1,1,1,1,1,4),(0.,
    0.290524100267,0.58867032325,0.894177536695,1.207021205364,
    1.527193397443,1.854690543779),.UNSPECIFIED.);
#3607 = CARTESIAN_POINT('',(0.,-6.380600416665,-9.297480208499));
#3608 = CARTESIAN_POINT('',(0.,-6.429527985766,-9.381616722205));
#3609 = CARTESIAN_POINT('',(0.,-6.513767368637,-9.559028228644));
#3610 = CARTESIAN_POINT('',(0.,-6.606122921907,-9.84317398097));
#3611 = CARTESIAN_POINT('',(0.,-6.678162092073,-10.14022388557));
#3612 = CARTESIAN_POINT('',(0.,-6.730564972017,-10.44890165282));
#3613 = CARTESIAN_POINT('',(0.,-6.76517277158,-10.76734445407));
#3614 = CARTESIAN_POINT('',(-0.,-6.776547555419,-10.98308480544));
#3615 = CARTESIAN_POINT('',(0.,-6.779632623225,-11.09218560492));
#3616 = PCURVE('',#134,#3617);
#3617 = DEFINITIONAL_REPRESENTATION('',(#3618),#3628);
#3618 = B_SPLINE_CURVE_WITH_KNOTS('',3,(#3619,#3620,#3621,#3622,#3623,
    #3624,#3625,#3626,#3627),.UNSPECIFIED.,.F.,.F.,(4,1,1,1,1,1,4),(0.,
    0.290524100267,0.58867032325,0.894177536695,1.207021205364,
    1.527193397443,1.854690543779),.UNSPECIFIED.);
#3619 = CARTESIAN_POINT('',(-9.297480208499,6.380600416665));
#3620 = CARTESIAN_POINT('',(-9.381616722205,6.429527985766));
#3621 = CARTESIAN_POINT('',(-9.559028228644,6.513767368637));
#3622 = CARTESIAN_POINT('',(-9.84317398097,6.606122921907));
#3623 = CARTESIAN_POINT('',(-10.14022388557,6.678162092073));
#3624 = CARTESIAN_POINT('',(-10.44890165282,6.730564972017));
#3625 = CARTESIAN_POINT('',(-10.76734445407,6.76517277158));
#3626 = CARTESIAN_POINT('',(-10.98308480544,6.776547555419));
#3627 = CARTESIAN_POINT('',(-11.09218560492,6.779632623225));
#3628 = ( GEOMETRIC_REPRESENTATION_CONTEXT(2) 
PARAMETRIC_REPRESENTATION_CONTEXT() REPRESENTATION_CONTEXT('2D SPACE',''
  ) );
#3629 = PCURVE('',#3630,#3643);
#3630 = SURFACE_OF_LINEAR_EXTRUSION('',#3631,#3641);
#3631 = B_SPLINE_CURVE_WITH_KNOTS('',3,(#3632,#3633,#3634,#3635,#3636,
    #3637,#3638,#3639,#3640),.UNSPECIFIED.,.F.,.F.,(4,1,1,1,1,1,4),(0.,
    0.290524100267,0.58867032325,0.894177536695,1.207021205364,
    1.527193397443,1.854690543779),.UNSPECIFIED.);
#3632 = CARTESIAN_POINT('',(0.,-6.380600416665,-9.297480208499));
#3633 = CARTESIAN_POINT('',(0.,-6.429527985766,-9.381616722205));
#3634 = CARTESIAN_POINT('',(0.,-6.513767368637,-9.559028228644));
#3635 = CARTESIAN_POINT('',(0.,-6.606122921907,-9.84317398097));
#3636 = CARTESIAN_POINT('',(0.,-6.678162092073,-10.14022388557));
#3637 = CARTESIAN_POINT('',(0.,-6.730564972017,-10.44890165282));
#3638 = CARTESIAN_POINT('',(0.,-6.76517277158,-10.76734445407));
#3639 = CARTESIAN_POINT('',(-0.,-6.776547555419,-10.98308480544));
#3640 = CARTESIAN_POINT('',(0.,-6.779632623225,-11.09218560492));
#3641 = VECTOR('',#3642,1.);
#3642 = DIRECTION('',(-1.,-0.,-0.));
#3643 = DEFINITIONAL_REPRESENTATION('',(#3644),#3648);
#3644 = LINE('',#3645,#3646);
#3645 = CARTESIAN_POINT('',(0.,0.));
#3646 = VECTOR('',#3647,1.);
#3647 = DIRECTION('',(1.,0.));
#3648 = ( GEOMETRIC_REPRESENTATION_CONTEXT(2) 
PARAMETRIC_REPRESENTATION_CONTEXT() REPRESENTATION_CONTEXT('2D SPACE',''
  ) );
#3649 = ORIENTED_EDGE('',*,*,#3650,.T.);
#3650 = EDGE_CURVE('',#3603,#3651,#3653,.T.);
#3651 = VERTEX_POINT('',#3652);
#3652 = CARTESIAN_POINT('',(0.,-6.216298205745,-11.4174268825));
#3653 = SURFACE_CURVE('',#3654,(#3658,#3665),.PCURVE_S1.);
#3654 = LINE('',#3655,#3656);
#3655 = CARTESIAN_POINT('',(0.,-6.779632623225,-11.09218560492));
#3656 = VECTOR('',#3657,1.);
#3657 = DIRECTION('',(0.,0.866025403784,-0.5));
#3658 = PCURVE('',#134,#3659);
#3659 = DEFINITIONAL_REPRESENTATION('',(#3660),#3664);
#3660 = LINE('',#3661,#3662);
#3661 = CARTESIAN_POINT('',(-11.09218560492,6.779632623225));
#3662 = VECTOR('',#3663,1.);
#3663 = DIRECTION('',(-0.5,-0.866025403784));
#3664 = ( GEOMETRIC_REPRESENTATION_CONTEXT(2) 
PARAMETRIC_REPRESENTATION_CONTEXT() REPRESENTATION_CONTEXT('2D SPACE',''
  ) );
#3665 = PCURVE('',#3666,#3671);
#3666 = PLANE('',#3667);
#3667 = AXIS2_PLACEMENT_3D('',#3668,#3669,#3670);
#3668 = CARTESIAN_POINT('',(0.,-6.779632623225,-11.09218560492));
#3669 = DIRECTION('',(-0.,0.5,0.866025403784));
#3670 = DIRECTION('',(0.,0.866025403784,-0.5));
#3671 = DEFINITIONAL_REPRESENTATION('',(#3672),#3676);
#3672 = LINE('',#3673,#3674);
#3673 = CARTESIAN_POINT('',(0.,0.));
#3674 = VECTOR('',#3675,1.);
#3675 = DIRECTION('',(1.,0.));
#3676 = ( GEOMETRIC_REPRESENTATION_CONTEXT(2) 
PARAMETRIC_REPRESENTATION_CONTEXT() REPRESENTATION_CONTEXT('2D SPACE',''
  ) );
#3677 = ORIENTED_EDGE('',*,*,#3678,.T.);
#3678 = EDGE_CURVE('',#3651,#3679,#3681,.T.);
#3679 = VERTEX_POINT('',#3680);
#3680 = CARTESIAN_POINT('',(0.,-4.86155384341,-10.17450215647));
#3681 = SURFACE_CURVE('',#3682,(#3692,#3705),.PCURVE_S1.);
#3682 = B_SPLINE_CURVE_WITH_KNOTS('',3,(#3683,#3684,#3685,#3686,#3687,
    #3688,#3689,#3690,#3691),.UNSPECIFIED.,.F.,.F.,(4,1,1,1,1,1,4),(0.,
    0.327497146337,0.647669338415,0.960513007084,1.266020220529,
    1.564166443513,1.854690543779),.UNSPECIFIED.);
#3683 = CARTESIAN_POINT('',(0.,-6.216298205745,-11.4174268825));
#3684 = CARTESIAN_POINT('',(0.,-6.123356675727,-11.36020473567));
#3685 = CARTESIAN_POINT('',(0.,-5.942207442732,-11.24248370821));
#3686 = CARTESIAN_POINT('',(0.,-5.68373178698,-11.05329107399));
#3687 = CARTESIAN_POINT('',(0.,-5.442610438933,-10.85356996511));
#3688 = CARTESIAN_POINT('',(0.,-5.221377260436,-10.64265726137));
#3689 = CARTESIAN_POINT('',(0.,-5.02147759718,-10.4206021299));
#3690 = CARTESIAN_POINT('',(-0.,-4.909954417116,-10.25894293111));
#3691 = CARTESIAN_POINT('',(0.,-4.86155384341,-10.17450215647));
#3692 = PCURVE('',#134,#3693);
#3693 = DEFINITIONAL_REPRESENTATION('',(#3694),#3704);
#3694 = B_SPLINE_CURVE_WITH_KNOTS('',3,(#3695,#3696,#3697,#3698,#3699,
    #3700,#3701,#3702,#3703),.UNSPECIFIED.,.F.,.F.,(4,1,1,1,1,1,4),(0.,
    0.327497146337,0.647669338415,0.960513007084,1.266020220529,
    1.564166443513,1.854690543779),.UNSPECIFIED.);
#3695 = CARTESIAN_POINT('',(-11.4174268825,6.216298205745));
#3696 = CARTESIAN_POINT('',(-11.36020473567,6.123356675727));
#3697 = CARTESIAN_POINT('',(-11.24248370821,5.942207442732));
#3698 = CARTESIAN_POINT('',(-11.05329107399,5.68373178698));
#3699 = CARTESIAN_POINT('',(-10.85356996511,5.442610438933));
#3700 = CARTESIAN_POINT('',(-10.64265726137,5.221377260436));
#3701 = CARTESIAN_POINT('',(-10.4206021299,5.02147759718));
#3702 = CARTESIAN_POINT('',(-10.25894293111,4.909954417116));
#3703 = CARTESIAN_POINT('',(-10.17450215647,4.86155384341));
#3704 = ( GEOMETRIC_REPRESENTATION_CONTEXT(2) 
PARAMETRIC_REPRESENTATION_CONTEXT() REPRESENTATION_CONTEXT('2D SPACE',''
  ) );
#3705 = PCURVE('',#3706,#3719);
#3706 = SURFACE_OF_LINEAR_EXTRUSION('',#3707,#3717);
#3707 = B_SPLINE_CURVE_WITH_KNOTS('',3,(#3708,#3709,#3710,#3711,#3712,
    #3713,#3714,#3715,#3716),.UNSPECIFIED.,.F.,.F.,(4,1,1,1,1,1,4),(0.,
    0.327497146337,0.647669338415,0.960513007084,1.266020220529,
    1.564166443513,1.854690543779),.UNSPECIFIED.);
#3708 = CARTESIAN_POINT('',(0.,-6.216298205745,-11.4174268825));
#3709 = CARTESIAN_POINT('',(0.,-6.123356675727,-11.36020473567));
#3710 = CARTESIAN_POINT('',(0.,-5.942207442732,-11.24248370821));
#3711 = CARTESIAN_POINT('',(0.,-5.68373178698,-11.05329107399));
#3712 = CARTESIAN_POINT('',(0.,-5.442610438933,-10.85356996511));
#3713 = CARTESIAN_POINT('',(0.,-5.221377260436,-10.64265726137));
#3714 = CARTESIAN_POINT('',(0.,-5.02147759718,-10.4206021299));
#3715 = CARTESIAN_POINT('',(-0.,-4.909954417116,-10.25894293111));
#3716 = CARTESIAN_POINT('',(0.,-4.86155384341,-10.17450215647));
#3717 = VECTOR('',#3718,1.);
#3718 = DIRECTION('',(-1.,-0.,-0.));
#3719 = DEFINITIONAL_REPRESENTATION('',(#3720),#3724);
#3720 = LINE('',#3721,#3722);
#3721 = CARTESIAN_POINT('',(0.,0.));
#3722 = VECTOR('',#3723,1.);
#3723 = DIRECTION('',(1.,0.));
#3724 = ( GEOMETRIC_REPRESENTATION_CONTEXT(2) 
PARAMETRIC_REPRESENTATION_CONTEXT() REPRESENTATION_CONTEXT('2D SPACE',''
  ) );
#3725 = ORIENTED_EDGE('',*,*,#3726,.T.);
#3726 = EDGE_CURVE('',#3679,#3727,#3729,.T.);
#3727 = VERTEX_POINT('',#3728);
#3728 = CARTESIAN_POINT('',(0.,-4.634645296118,-9.699616640836));
#3729 = SURFACE_CURVE('',#3730,(#3734,#3741),.PCURVE_S1.);
#3730 = LINE('',#3731,#3732);
#3731 = CARTESIAN_POINT('',(0.,-4.86155384341,-10.17450215647));
#3732 = VECTOR('',#3733,1.);
#3733 = DIRECTION('',(0.,0.431129794988,0.902289920078));
#3734 = PCURVE('',#134,#3735);
#3735 = DEFINITIONAL_REPRESENTATION('',(#3736),#3740);
#3736 = LINE('',#3737,#3738);
#3737 = CARTESIAN_POINT('',(-10.17450215647,4.86155384341));
#3738 = VECTOR('',#3739,1.);
#3739 = DIRECTION('',(0.902289920078,-0.431129794988));
#3740 = ( GEOMETRIC_REPRESENTATION_CONTEXT(2) 
PARAMETRIC_REPRESENTATION_CONTEXT() REPRESENTATION_CONTEXT('2D SPACE',''
  ) );
#3741 = PCURVE('',#3742,#3747);
#3742 = PLANE('',#3743);
#3743 = AXIS2_PLACEMENT_3D('',#3744,#3745,#3746);
#3744 = CARTESIAN_POINT('',(0.,-4.86155384341,-10.17450215647));
#3745 = DIRECTION('',(0.,-0.902289920078,0.431129794988));
#3746 = DIRECTION('',(0.,0.431129794988,0.902289920078));
#3747 = DEFINITIONAL_REPRESENTATION('',(#3748),#3752);
#3748 = LINE('',#3749,#3750);
#3749 = CARTESIAN_POINT('',(0.,0.));
#3750 = VECTOR('',#3751,1.);
#3751 = DIRECTION('',(1.,0.));
#3752 = ( GEOMETRIC_REPRESENTATION_CONTEXT(2) 
PARAMETRIC_REPRESENTATION_CONTEXT() REPRESENTATION_CONTEXT('2D SPACE',''
  ) );
#3753 = ORIENTED_EDGE('',*,*,#3754,.T.);
#3754 = EDGE_CURVE('',#3727,#3755,#3757,.T.);
#3755 = VERTEX_POINT('',#3756);
#3756 = CARTESIAN_POINT('',(0.,-3.581475584366,-10.13585381892));
#3757 = SURFACE_CURVE('',#3758,(#3762,#3769),.PCURVE_S1.);
#3758 = LINE('',#3759,#3760);
#3759 = CARTESIAN_POINT('',(0.,-4.634645296118,-9.699616640836));
#3760 = VECTOR('',#3761,1.);
#3761 = DIRECTION('',(0.,0.923879532511,-0.382683432365));
#3762 = PCURVE('',#134,#3763);
#3763 = DEFINITIONAL_REPRESENTATION('',(#3764),#3768);
#3764 = LINE('',#3765,#3766);
#3765 = CARTESIAN_POINT('',(-9.699616640836,4.634645296118));
#3766 = VECTOR('',#3767,1.);
#3767 = DIRECTION('',(-0.382683432365,-0.923879532511));
#3768 = ( GEOMETRIC_REPRESENTATION_CONTEXT(2) 
PARAMETRIC_REPRESENTATION_CONTEXT() REPRESENTATION_CONTEXT('2D SPACE',''
  ) );
#3769 = PCURVE('',#3770,#3775);
#3770 = PLANE('',#3771);
#3771 = AXIS2_PLACEMENT_3D('',#3772,#3773,#3774);
#3772 = CARTESIAN_POINT('',(0.,-4.634645296118,-9.699616640836));
#3773 = DIRECTION('',(-0.,0.382683432365,0.923879532511));
#3774 = DIRECTION('',(0.,0.923879532511,-0.382683432365));
#3775 = DEFINITIONAL_REPRESENTATION('',(#3776),#3780);
#3776 = LINE('',#3777,#3778);
#3777 = CARTESIAN_POINT('',(0.,0.));
#3778 = VECTOR('',#3779,1.);
#3779 = DIRECTION('',(1.,0.));
#3780 = ( GEOMETRIC_REPRESENTATION_CONTEXT(2) 
PARAMETRIC_REPRESENTATION_CONTEXT() REPRESENTATION_CONTEXT('2D SPACE',''
  ) );
#3781 = ORIENTED_EDGE('',*,*,#3782,.T.);
#3782 = EDGE_CURVE('',#3755,#3783,#3785,.T.);
#3783 = VERTEX_POINT('',#3784);
#3784 = CARTESIAN_POINT('',(0.,-3.756821780264,-10.63209715982));
#3785 = SURFACE_CURVE('',#3786,(#3790,#3797),.PCURVE_S1.);
#3786 = LINE('',#3787,#3788);
#3787 = CARTESIAN_POINT('',(0.,-3.581475584366,-10.13585381892));
#3788 = VECTOR('',#3789,1.);
#3789 = DIRECTION('',(0.,-0.333160519476,-0.942870122691));
#3790 = PCURVE('',#134,#3791);
#3791 = DEFINITIONAL_REPRESENTATION('',(#3792),#3796);
#3792 = LINE('',#3793,#3794);
#3793 = CARTESIAN_POINT('',(-10.13585381892,3.581475584366));
#3794 = VECTOR('',#3795,1.);
#3795 = DIRECTION('',(-0.942870122691,0.333160519476));
#3796 = ( GEOMETRIC_REPRESENTATION_CONTEXT(2) 
PARAMETRIC_REPRESENTATION_CONTEXT() REPRESENTATION_CONTEXT('2D SPACE',''
  ) );
#3797 = PCURVE('',#3798,#3803);
#3798 = PLANE('',#3799);
#3799 = AXIS2_PLACEMENT_3D('',#3800,#3801,#3802);
#3800 = CARTESIAN_POINT('',(0.,-3.581475584366,-10.13585381892));
#3801 = DIRECTION('',(0.,0.942870122691,-0.333160519476));
#3802 = DIRECTION('',(0.,-0.333160519476,-0.942870122691));
#3803 = DEFINITIONAL_REPRESENTATION('',(#3804),#3808);
#3804 = LINE('',#3805,#3806);
#3805 = CARTESIAN_POINT('',(0.,0.));
#3806 = VECTOR('',#3807,1.);
#3807 = DIRECTION('',(1.,0.));
#3808 = ( GEOMETRIC_REPRESENTATION_CONTEXT(2) 
PARAMETRIC_REPRESENTATION_CONTEXT() REPRESENTATION_CONTEXT('2D SPACE',''
  ) );
#3809 = ORIENTED_EDGE('',*,*,#3810,.T.);
#3810 = EDGE_CURVE('',#3783,#3811,#3813,.T.);
#3811 = VERTEX_POINT('',#3812);
#3812 = CARTESIAN_POINT('',(0.,-3.677753357158,-12.46892658747));
#3813 = SURFACE_CURVE('',#3814,(#3824,#3837),.PCURVE_S1.);
#3814 = B_SPLINE_CURVE_WITH_KNOTS('',3,(#3815,#3816,#3817,#3818,#3819,
    #3820,#3821,#3822,#3823),.UNSPECIFIED.,.F.,.F.,(4,1,1,1,1,1,4),(0.,
    0.290524100267,0.58867032325,0.894177536695,1.207021205364,
    1.527193397443,1.854690543779),.UNSPECIFIED.);
#3815 = CARTESIAN_POINT('',(0.,-3.756821780264,-10.63209715982));
#3816 = CARTESIAN_POINT('',(0.,-3.78230605074,-10.72603017805));
#3817 = CARTESIAN_POINT('',(0.,-3.81775756956,-10.91919929064));
#3818 = CARTESIAN_POINT('',(0.,-3.833423851378,-11.21756638735));
#3819 = CARTESIAN_POINT('',(0.,-3.826126173688,-11.52313967114));
#3820 = CARTESIAN_POINT('',(0.,-3.796851783834,-11.83486236187));
#3821 = CARTESIAN_POINT('',(0.,-3.747861289485,-12.15141164543));
#3822 = CARTESIAN_POINT('',(-0.,-3.70301077523,-12.36274483329));
#3823 = CARTESIAN_POINT('',(0.,-3.677753357158,-12.46892658747));
#3824 = PCURVE('',#134,#3825);
#3825 = DEFINITIONAL_REPRESENTATION('',(#3826),#3836);
#3826 = B_SPLINE_CURVE_WITH_KNOTS('',3,(#3827,#3828,#3829,#3830,#3831,
    #3832,#3833,#3834,#3835),.UNSPECIFIED.,.F.,.F.,(4,1,1,1,1,1,4),(0.,
    0.290524100267,0.58867032325,0.894177536695,1.207021205364,
    1.527193397443,1.854690543779),.UNSPECIFIED.);
#3827 = CARTESIAN_POINT('',(-10.63209715982,3.756821780264));
#3828 = CARTESIAN_POINT('',(-10.72603017805,3.78230605074));
#3829 = CARTESIAN_POINT('',(-10.91919929064,3.81775756956));
#3830 = CARTESIAN_POINT('',(-11.21756638735,3.833423851378));
#3831 = CARTESIAN_POINT('',(-11.52313967114,3.826126173688));
#3832 = CARTESIAN_POINT('',(-11.83486236187,3.796851783834));
#3833 = CARTESIAN_POINT('',(-12.15141164543,3.747861289485));
#3834 = CARTESIAN_POINT('',(-12.36274483329,3.70301077523));
#3835 = CARTESIAN_POINT('',(-12.46892658747,3.677753357158));
#3836 = ( GEOMETRIC_REPRESENTATION_CONTEXT(2) 
PARAMETRIC_REPRESENTATION_CONTEXT() REPRESENTATION_CONTEXT('2D SPACE',''
  ) );
#3837 = PCURVE('',#3838,#3851);
#3838 = SURFACE_OF_LINEAR_EXTRUSION('',#3839,#3849);
#3839 = B_SPLINE_CURVE_WITH_KNOTS('',3,(#3840,#3841,#3842,#3843,#3844,
    #3845,#3846,#3847,#3848),.UNSPECIFIED.,.F.,.F.,(4,1,1,1,1,1,4),(0.,
    0.290524100267,0.58867032325,0.894177536695,1.207021205364,
    1.527193397443,1.854690543779),.UNSPECIFIED.);
#3840 = CARTESIAN_POINT('',(0.,-3.756821780264,-10.63209715982));
#3841 = CARTESIAN_POINT('',(0.,-3.78230605074,-10.72603017805));
#3842 = CARTESIAN_POINT('',(0.,-3.81775756956,-10.91919929064));
#3843 = CARTESIAN_POINT('',(0.,-3.833423851378,-11.21756638735));
#3844 = CARTESIAN_POINT('',(0.,-3.826126173688,-11.52313967114));
#3845 = CARTESIAN_POINT('',(0.,-3.796851783834,-11.83486236187));
#3846 = CARTESIAN_POINT('',(0.,-3.747861289485,-12.15141164543));
#3847 = CARTESIAN_POINT('',(-0.,-3.70301077523,-12.36274483329));
#3848 = CARTESIAN_POINT('',(0.,-3.677753357158,-12.46892658747));
#3849 = VECTOR('',#3850,1.);
#3850 = DIRECTION('',(-1.,-0.,-0.));
#3851 = DEFINITIONAL_REPRESENTATION('',(#3852),#3856);
#3852 = LINE('',#3853,#3854);
#3853 = CARTESIAN_POINT('',(0.,0.));
#3854 = VECTOR('',#3855,1.);
#3855 = DIRECTION('',(1.,0.));
#3856 = ( GEOMETRIC_REPRESENTATION_CONTEXT(2) 
PARAMETRIC_REPRESENTATION_CONTEXT() REPRESENTATION_CONTEXT('2D SPACE',''
  ) );
#3857 = ORIENTED_EDGE('',*,*,#3858,.T.);
#3858 = EDGE_CURVE('',#3811,#3859,#3861,.T.);
#3859 = VERTEX_POINT('',#3860);
#3860 = CARTESIAN_POINT('',(0.,-3.049435457586,-12.63728386125));
#3861 = SURFACE_CURVE('',#3862,(#3866,#3873),.PCURVE_S1.);
#3862 = LINE('',#3863,#3864);
#3863 = CARTESIAN_POINT('',(0.,-3.677753357158,-12.46892658747));
#3864 = VECTOR('',#3865,1.);
#3865 = DIRECTION('',(0.,0.965925826289,-0.258819045103));
#3866 = PCURVE('',#134,#3867);
#3867 = DEFINITIONAL_REPRESENTATION('',(#3868),#3872);
#3868 = LINE('',#3869,#3870);
#3869 = CARTESIAN_POINT('',(-12.46892658747,3.677753357158));
#3870 = VECTOR('',#3871,1.);
#3871 = DIRECTION('',(-0.258819045103,-0.965925826289));
#3872 = ( GEOMETRIC_REPRESENTATION_CONTEXT(2) 
PARAMETRIC_REPRESENTATION_CONTEXT() REPRESENTATION_CONTEXT('2D SPACE',''
  ) );
#3873 = PCURVE('',#3874,#3879);
#3874 = PLANE('',#3875);
#3875 = AXIS2_PLACEMENT_3D('',#3876,#3877,#3878);
#3876 = CARTESIAN_POINT('',(0.,-3.677753357158,-12.46892658747));
#3877 = DIRECTION('',(-0.,0.258819045103,0.965925826289));
#3878 = DIRECTION('',(0.,0.965925826289,-0.258819045103));
#3879 = DEFINITIONAL_REPRESENTATION('',(#3880),#3884);
#3880 = LINE('',#3881,#3882);
#3881 = CARTESIAN_POINT('',(0.,0.));
#3882 = VECTOR('',#3883,1.);
#3883 = DIRECTION('',(1.,0.));
#3884 = ( GEOMETRIC_REPRESENTATION_CONTEXT(2) 
PARAMETRIC_REPRESENTATION_CONTEXT() REPRESENTATION_CONTEXT('2D SPACE',''
  ) );
#3885 = ORIENTED_EDGE('',*,*,#3886,.T.);
#3886 = EDGE_CURVE('',#3859,#3887,#3889,.T.);
#3887 = VERTEX_POINT('',#3888);
#3888 = CARTESIAN_POINT('',(0.,-2.062545480712,-11.08607712604));
#3889 = SURFACE_CURVE('',#3890,(#3900,#3913),.PCURVE_S1.);
#3890 = B_SPLINE_CURVE_WITH_KNOTS('',3,(#3891,#3892,#3893,#3894,#3895,
    #3896,#3897,#3898,#3899),.UNSPECIFIED.,.F.,.F.,(4,1,1,1,1,1,4),(0.,
    0.327497146337,0.647669338415,0.960513007084,1.266020220529,
    1.564166443513,1.854690543779),.UNSPECIFIED.);
#3891 = CARTESIAN_POINT('',(0.,-3.049435457586,-12.63728386125));
#3892 = CARTESIAN_POINT('',(0.,-2.974471014809,-12.55795647374));
#3893 = CARTESIAN_POINT('',(0.,-2.829962736161,-12.39736182152));
#3894 = CARTESIAN_POINT('',(0.,-2.629261081731,-12.14771734759));
#3895 = CARTESIAN_POINT('',(0.,-2.448047371072,-11.8923947734));
#3896 = CARTESIAN_POINT('',(0.,-2.28894075491,-11.63140938577));
#3897 = CARTESIAN_POINT('',(0.,-2.153324604593,-11.36518275946));
#3898 = CARTESIAN_POINT('',(-0.,-2.087441964201,-11.18016764132));
#3899 = CARTESIAN_POINT('',(0.,-2.062545480712,-11.08607712604));
#3900 = PCURVE('',#134,#3901);
#3901 = DEFINITIONAL_REPRESENTATION('',(#3902),#3912);
#3902 = B_SPLINE_CURVE_WITH_KNOTS('',3,(#3903,#3904,#3905,#3906,#3907,
    #3908,#3909,#3910,#3911),.UNSPECIFIED.,.F.,.F.,(4,1,1,1,1,1,4),(0.,
    0.327497146337,0.647669338415,0.960513007084,1.266020220529,
    1.564166443513,1.854690543779),.UNSPECIFIED.);
#3903 = CARTESIAN_POINT('',(-12.63728386125,3.049435457586));
#3904 = CARTESIAN_POINT('',(-12.55795647374,2.974471014809));
#3905 = CARTESIAN_POINT('',(-12.39736182152,2.829962736161));
#3906 = CARTESIAN_POINT('',(-12.14771734759,2.629261081731));
#3907 = CARTESIAN_POINT('',(-11.8923947734,2.448047371072));
#3908 = CARTESIAN_POINT('',(-11.63140938577,2.28894075491));
#3909 = CARTESIAN_POINT('',(-11.36518275946,2.153324604593));
#3910 = CARTESIAN_POINT('',(-11.18016764132,2.087441964201));
#3911 = CARTESIAN_POINT('',(-11.08607712604,2.062545480712));
#3912 = ( GEOMETRIC_REPRESENTATION_CONTEXT(2) 
PARAMETRIC_REPRESENTATION_CONTEXT() REPRESENTATION_CONTEXT('2D SPACE',''
  ) );
#3913 = PCURVE('',#3914,#3927);
#3914 = SURFACE_OF_LINEAR_EXTRUSION('',#3915,#3925);
#3915 = B_SPLINE_CURVE_WITH_KNOTS('',3,(#3916,#3917,#3918,#3919,#3920,
    #3921,#3922,#3923,#3924),.UNSPECIFIED.,.F.,.F.,(4,1,1,1,1,1,4),(0.,
    0.327497146337,0.647669338415,0.960513007084,1.266020220529,
    1.564166443513,1.854690543779),.UNSPECIFIED.);
#3916 = CARTESIAN_POINT('',(0.,-3.049435457586,-12.63728386125));
#3917 = CARTESIAN_POINT('',(0.,-2.974471014809,-12.55795647374));
#3918 = CARTESIAN_POINT('',(0.,-2.829962736161,-12.39736182152));
#3919 = CARTESIAN_POINT('',(0.,-2.629261081731,-12.14771734759));
#3920 = CARTESIAN_POINT('',(0.,-2.448047371072,-11.8923947734));
#3921 = CARTESIAN_POINT('',(0.,-2.28894075491,-11.63140938577));
#3922 = CARTESIAN_POINT('',(0.,-2.153324604593,-11.36518275946));
#3923 = CARTESIAN_POINT('',(-0.,-2.087441964201,-11.18016764132));
#3924 = CARTESIAN_POINT('',(0.,-2.062545480712,-11.08607712604));
#3925 = VECTOR('',#3926,1.);
#3926 = DIRECTION('',(-1.,-0.,-0.));
#3927 = DEFINITIONAL_REPRESENTATION('',(#3928),#3932);
#3928 = LINE('',#3929,#3930);
#3929 = CARTESIAN_POINT('',(0.,0.));
#3930 = VECTOR('',#3931,1.);
#3931 = DIRECTION('',(1.,0.));
#3932 = ( GEOMETRIC_REPRESENTATION_CONTEXT(2) 
PARAMETRIC_REPRESENTATION_CONTEXT() REPRESENTATION_CONTEXT('2D SPACE',''
  ) );
#3933 = ORIENTED_EDGE('',*,*,#3934,.T.);
#3934 = EDGE_CURVE('',#3887,#3935,#3937,.T.);
#3935 = VERTEX_POINT('',#3936);
#3936 = CARTESIAN_POINT('',(0.,-1.966278070367,-10.56864468841));
#3937 = SURFACE_CURVE('',#3938,(#3942,#3949),.PCURVE_S1.);
#3938 = LINE('',#3939,#3940);
#3939 = CARTESIAN_POINT('',(0.,-2.062545480712,-11.08607712604));
#3940 = VECTOR('',#3941,1.);
#3941 = DIRECTION('',(0.,0.182909587941,0.983129738457));
#3942 = PCURVE('',#134,#3943);
#3943 = DEFINITIONAL_REPRESENTATION('',(#3944),#3948);
#3944 = LINE('',#3945,#3946);
#3945 = CARTESIAN_POINT('',(-11.08607712604,2.062545480712));
#3946 = VECTOR('',#3947,1.);
#3947 = DIRECTION('',(0.983129738457,-0.182909587941));
#3948 = ( GEOMETRIC_REPRESENTATION_CONTEXT(2) 
PARAMETRIC_REPRESENTATION_CONTEXT() REPRESENTATION_CONTEXT('2D SPACE',''
  ) );
#3949 = PCURVE('',#3950,#3955);
#3950 = PLANE('',#3951);
#3951 = AXIS2_PLACEMENT_3D('',#3952,#3953,#3954);
#3952 = CARTESIAN_POINT('',(0.,-2.062545480712,-11.08607712604));
#3953 = DIRECTION('',(0.,-0.983129738457,0.182909587941));
#3954 = DIRECTION('',(0.,0.182909587941,0.983129738457));
#3955 = DEFINITIONAL_REPRESENTATION('',(#3956),#3960);
#3956 = LINE('',#3957,#3958);
#3957 = CARTESIAN_POINT('',(0.,0.));
#3958 = VECTOR('',#3959,1.);
#3959 = DIRECTION('',(1.,0.));
#3960 = ( GEOMETRIC_REPRESENTATION_CONTEXT(2) 
PARAMETRIC_REPRESENTATION_CONTEXT() REPRESENTATION_CONTEXT('2D SPACE',''
  ) );
#3961 = ORIENTED_EDGE('',*,*,#3962,.T.);
#3962 = EDGE_CURVE('',#3935,#3963,#3965,.T.);
#3963 = VERTEX_POINT('',#3964);
#3964 = CARTESIAN_POINT('',(0.,-0.83608775645,-10.71743706599));
#3965 = SURFACE_CURVE('',#3966,(#3970,#3977),.PCURVE_S1.);
#3966 = LINE('',#3967,#3968);
#3967 = CARTESIAN_POINT('',(0.,-1.966278070367,-10.56864468841));
#3968 = VECTOR('',#3969,1.);
#3969 = DIRECTION('',(0.,0.991444861374,-0.13052619222));
#3970 = PCURVE('',#134,#3971);
#3971 = DEFINITIONAL_REPRESENTATION('',(#3972),#3976);
#3972 = LINE('',#3973,#3974);
#3973 = CARTESIAN_POINT('',(-10.56864468841,1.966278070367));
#3974 = VECTOR('',#3975,1.);
#3975 = DIRECTION('',(-0.13052619222,-0.991444861374));
#3976 = ( GEOMETRIC_REPRESENTATION_CONTEXT(2) 
PARAMETRIC_REPRESENTATION_CONTEXT() REPRESENTATION_CONTEXT('2D SPACE',''
  ) );
#3977 = PCURVE('',#3978,#3983);
#3978 = PLANE('',#3979);
#3979 = AXIS2_PLACEMENT_3D('',#3980,#3981,#3982);
#3980 = CARTESIAN_POINT('',(0.,-1.966278070367,-10.56864468841));
#3981 = DIRECTION('',(-0.,0.13052619222,0.991444861374));
#3982 = DIRECTION('',(0.,0.991444861374,-0.13052619222));
#3983 = DEFINITIONAL_REPRESENTATION('',(#3984),#3988);
#3984 = LINE('',#3985,#3986);
#3985 = CARTESIAN_POINT('',(0.,0.));
#3986 = VECTOR('',#3987,1.);
#3987 = DIRECTION('',(1.,0.));
#3988 = ( GEOMETRIC_REPRESENTATION_CONTEXT(2) 
PARAMETRIC_REPRESENTATION_CONTEXT() REPRESENTATION_CONTEXT('2D SPACE',''
  ) );
#3989 = ORIENTED_EDGE('',*,*,#3990,.T.);
#3990 = EDGE_CURVE('',#3963,#3991,#3993,.T.);
#3991 = VERTEX_POINT('',#3992);
#3992 = CARTESIAN_POINT('',(0.,-0.87702194798,-11.24215426007));
#3993 = SURFACE_CURVE('',#3994,(#3998,#4005),.PCURVE_S1.);
#3994 = LINE('',#3995,#3996);
#3995 = CARTESIAN_POINT('',(0.,-0.83608775645,-10.71743706599));
#3996 = VECTOR('',#3997,1.);
#3997 = DIRECTION('',(0.,-7.777560525116E-02,-0.99697088986));
#3998 = PCURVE('',#134,#3999);
#3999 = DEFINITIONAL_REPRESENTATION('',(#4000),#4004);
#4000 = LINE('',#4001,#4002);
#4001 = CARTESIAN_POINT('',(-10.71743706599,0.83608775645));
#4002 = VECTOR('',#4003,1.);
#4003 = DIRECTION('',(-0.99697088986,7.777560525116E-02));
#4004 = ( GEOMETRIC_REPRESENTATION_CONTEXT(2) 
PARAMETRIC_REPRESENTATION_CONTEXT() REPRESENTATION_CONTEXT('2D SPACE',''
  ) );
#4005 = PCURVE('',#4006,#4011);
#4006 = PLANE('',#4007);
#4007 = AXIS2_PLACEMENT_3D('',#4008,#4009,#4010);
#4008 = CARTESIAN_POINT('',(0.,-0.83608775645,-10.71743706599));
#4009 = DIRECTION('',(0.,0.99697088986,-7.777560525116E-02));
#4010 = DIRECTION('',(0.,-7.777560525116E-02,-0.99697088986));
#4011 = DEFINITIONAL_REPRESENTATION('',(#4012),#4016);
#4012 = LINE('',#4013,#4014);
#4013 = CARTESIAN_POINT('',(0.,0.));
#4014 = VECTOR('',#4015,1.);
#4015 = DIRECTION('',(1.,0.));
#4016 = ( GEOMETRIC_REPRESENTATION_CONTEXT(2) 
PARAMETRIC_REPRESENTATION_CONTEXT() REPRESENTATION_CONTEXT('2D SPACE',''
  ) );
#4017 = ORIENTED_EDGE('',*,*,#4018,.T.);
#4018 = EDGE_CURVE('',#3991,#4019,#4021,.T.);
#4019 = VERTEX_POINT('',#4020);
#4020 = CARTESIAN_POINT('',(0.,-0.325241277576,-12.99593082897));
#4021 = SURFACE_CURVE('',#4022,(#4032,#4045),.PCURVE_S1.);
#4022 = B_SPLINE_CURVE_WITH_KNOTS('',3,(#4023,#4024,#4025,#4026,#4027,
    #4028,#4029,#4030,#4031),.UNSPECIFIED.,.F.,.F.,(4,1,1,1,1,1,4),(0.,
    0.290524100267,0.58867032325,0.894177536695,1.207021205364,
    1.527193397443,1.854690543779),.UNSPECIFIED.);
#4023 = CARTESIAN_POINT('',(0.,-0.87702194798,-11.24215426007));
#4024 = CARTESIAN_POINT('',(0.,-0.877326208913,-11.33948240288));
#4025 = CARTESIAN_POINT('',(0.,-0.86157390126,-11.53524496581));
#4026 = CARTESIAN_POINT('',(0.,-0.799483280409,-11.82750018234));
#4027 = CARTESIAN_POINT('',(0.,-0.713346079538,-12.120772531));
#4028 = CARTESIAN_POINT('',(0.,-0.604389421178,-12.41429675899));
#4029 = CARTESIAN_POINT('',(0.,-0.475139254144,-12.70738021431));
#4030 = CARTESIAN_POINT('',(-0.,-0.377119930223,-12.89990423114));
#4031 = CARTESIAN_POINT('',(0.,-0.325241277576,-12.99593082897));
#4032 = PCURVE('',#134,#4033);
#4033 = DEFINITIONAL_REPRESENTATION('',(#4034),#4044);
#4034 = B_SPLINE_CURVE_WITH_KNOTS('',3,(#4035,#4036,#4037,#4038,#4039,
    #4040,#4041,#4042,#4043),.UNSPECIFIED.,.F.,.F.,(4,1,1,1,1,1,4),(0.,
    0.290524100267,0.58867032325,0.894177536695,1.207021205364,
    1.527193397443,1.854690543779),.UNSPECIFIED.);
#4035 = CARTESIAN_POINT('',(-11.24215426007,0.87702194798));
#4036 = CARTESIAN_POINT('',(-11.33948240288,0.877326208913));
#4037 = CARTESIAN_POINT('',(-11.53524496581,0.86157390126));
#4038 = CARTESIAN_POINT('',(-11.82750018234,0.799483280409));
#4039 = CARTESIAN_POINT('',(-12.120772531,0.713346079538));
#4040 = CARTESIAN_POINT('',(-12.41429675899,0.604389421178));
#4041 = CARTESIAN_POINT('',(-12.70738021431,0.475139254144));
#4042 = CARTESIAN_POINT('',(-12.89990423114,0.377119930223));
#4043 = CARTESIAN_POINT('',(-12.99593082897,0.325241277576));
#4044 = ( GEOMETRIC_REPRESENTATION_CONTEXT(2) 
PARAMETRIC_REPRESENTATION_CONTEXT() REPRESENTATION_CONTEXT('2D SPACE',''
  ) );
#4045 = PCURVE('',#4046,#4059);
#4046 = SURFACE_OF_LINEAR_EXTRUSION('',#4047,#4057);
#4047 = B_SPLINE_CURVE_WITH_KNOTS('',3,(#4048,#4049,#4050,#4051,#4052,
    #4053,#4054,#4055,#4056),.UNSPECIFIED.,.F.,.F.,(4,1,1,1,1,1,4),(0.,
    0.290524100267,0.58867032325,0.894177536695,1.207021205364,
    1.527193397443,1.854690543779),.UNSPECIFIED.);
#4048 = CARTESIAN_POINT('',(0.,-0.87702194798,-11.24215426007));
#4049 = CARTESIAN_POINT('',(0.,-0.877326208913,-11.33948240288));
#4050 = CARTESIAN_POINT('',(0.,-0.86157390126,-11.53524496581));
#4051 = CARTESIAN_POINT('',(0.,-0.799483280409,-11.82750018234));
#4052 = CARTESIAN_POINT('',(0.,-0.713346079538,-12.120772531));
#4053 = CARTESIAN_POINT('',(0.,-0.604389421178,-12.41429675899));
#4054 = CARTESIAN_POINT('',(0.,-0.475139254144,-12.70738021431));
#4055 = CARTESIAN_POINT('',(-0.,-0.377119930223,-12.89990423114));
#4056 = CARTESIAN_POINT('',(0.,-0.325241277576,-12.99593082897));
#4057 = VECTOR('',#4058,1.);
#4058 = DIRECTION('',(-1.,-0.,-0.));
#4059 = DEFINITIONAL_REPRESENTATION('',(#4060),#4064);
#4060 = LINE('',#4061,#4062);
#4061 = CARTESIAN_POINT('',(0.,0.));
#4062 = VECTOR('',#4063,1.);
#4063 = DIRECTION('',(1.,0.));
#4064 = ( GEOMETRIC_REPRESENTATION_CONTEXT(2) 
PARAMETRIC_REPRESENTATION_CONTEXT() REPRESENTATION_CONTEXT('2D SPACE',''
  ) );
#4065 = ORIENTED_EDGE('',*,*,#4066,.T.);
#4066 = EDGE_CURVE('',#4019,#4067,#4069,.T.);
#4067 = VERTEX_POINT('',#4068);
#4068 = CARTESIAN_POINT('',(0.,0.325241277576,-12.99593082897));
#4069 = SURFACE_CURVE('',#4070,(#4074,#4081),.PCURVE_S1.);
#4070 = LINE('',#4071,#4072);
#4071 = CARTESIAN_POINT('',(0.,-0.325241277576,-12.99593082897));
#4072 = VECTOR('',#4073,1.);
#4073 = DIRECTION('',(0.,1.,0.));
#4074 = PCURVE('',#134,#4075);
#4075 = DEFINITIONAL_REPRESENTATION('',(#4076),#4080);
#4076 = LINE('',#4077,#4078);
#4077 = CARTESIAN_POINT('',(-12.99593082897,0.325241277576));
#4078 = VECTOR('',#4079,1.);
#4079 = DIRECTION('',(0.,-1.));
#4080 = ( GEOMETRIC_REPRESENTATION_CONTEXT(2) 
PARAMETRIC_REPRESENTATION_CONTEXT() REPRESENTATION_CONTEXT('2D SPACE',''
  ) );
#4081 = PCURVE('',#4082,#4087);
#4082 = PLANE('',#4083);
#4083 = AXIS2_PLACEMENT_3D('',#4084,#4085,#4086);
#4084 = CARTESIAN_POINT('',(0.,-0.325241277576,-12.99593082897));
#4085 = DIRECTION('',(0.,0.,1.));
#4086 = DIRECTION('',(0.,1.,0.));
#4087 = DEFINITIONAL_REPRESENTATION('',(#4088),#4092);
#4088 = LINE('',#4089,#4090);
#4089 = CARTESIAN_POINT('',(0.,0.));
#4090 = VECTOR('',#4091,1.);
#4091 = DIRECTION('',(1.,0.));
#4092 = ( GEOMETRIC_REPRESENTATION_CONTEXT(2) 
PARAMETRIC_REPRESENTATION_CONTEXT() REPRESENTATION_CONTEXT('2D SPACE',''
  ) );
#4093 = ORIENTED_EDGE('',*,*,#4094,.T.);
#4094 = EDGE_CURVE('',#4067,#4095,#4097,.T.);
#4095 = VERTEX_POINT('',#4096);
#4096 = CARTESIAN_POINT('',(0.,0.87702194798,-11.24215426007));
#4097 = SURFACE_CURVE('',#4098,(#4108,#4121),.PCURVE_S1.);
#4098 = B_SPLINE_CURVE_WITH_KNOTS('',3,(#4099,#4100,#4101,#4102,#4103,
    #4104,#4105,#4106,#4107),.UNSPECIFIED.,.F.,.F.,(4,1,1,1,1,1,4),(0.,
    0.327497146337,0.647669338415,0.960513007084,1.266020220529,
    1.564166443513,1.854690543779),.UNSPECIFIED.);
#4099 = CARTESIAN_POINT('',(0.,0.325241277576,-12.99593082897));
#4100 = CARTESIAN_POINT('',(0.,0.377119930223,-12.89990423114));
#4101 = CARTESIAN_POINT('',(0.,0.475139254144,-12.70738021431));
#4102 = CARTESIAN_POINT('',(0.,0.604389421178,-12.41429675899));
#4103 = CARTESIAN_POINT('',(0.,0.713346079538,-12.120772531));
#4104 = CARTESIAN_POINT('',(0.,0.799483280409,-11.82750018234));
#4105 = CARTESIAN_POINT('',(0.,0.86157390126,-11.53524496581));
#4106 = CARTESIAN_POINT('',(-0.,0.877326208913,-11.33948240288));
#4107 = CARTESIAN_POINT('',(0.,0.87702194798,-11.24215426007));
#4108 = PCURVE('',#134,#4109);
#4109 = DEFINITIONAL_REPRESENTATION('',(#4110),#4120);
#4110 = B_SPLINE_CURVE_WITH_KNOTS('',3,(#4111,#4112,#4113,#4114,#4115,
    #4116,#4117,#4118,#4119),.UNSPECIFIED.,.F.,.F.,(4,1,1,1,1,1,4),(0.,
    0.327497146337,0.647669338415,0.960513007084,1.266020220529,
    1.564166443513,1.854690543779),.UNSPECIFIED.);
#4111 = CARTESIAN_POINT('',(-12.99593082897,-0.325241277576));
#4112 = CARTESIAN_POINT('',(-12.89990423114,-0.377119930223));
#4113 = CARTESIAN_POINT('',(-12.70738021431,-0.475139254144));
#4114 = CARTESIAN_POINT('',(-12.41429675899,-0.604389421178));
#4115 = CARTESIAN_POINT('',(-12.120772531,-0.713346079538));
#4116 = CARTESIAN_POINT('',(-11.82750018234,-0.799483280409));
#4117 = CARTESIAN_POINT('',(-11.53524496581,-0.86157390126));
#4118 = CARTESIAN_POINT('',(-11.33948240288,-0.877326208913));
#4119 = CARTESIAN_POINT('',(-11.24215426007,-0.87702194798));
#4120 = ( GEOMETRIC_REPRESENTATION_CONTEXT(2) 
PARAMETRIC_REPRESENTATION_CONTEXT() REPRESENTATION_CONTEXT('2D SPACE',''
  ) );
#4121 = PCURVE('',#4122,#4135);
#4122 = SURFACE_OF_LINEAR_EXTRUSION('',#4123,#4133);
#4123 = B_SPLINE_CURVE_WITH_KNOTS('',3,(#4124,#4125,#4126,#4127,#4128,
    #4129,#4130,#4131,#4132),.UNSPECIFIED.,.F.,.F.,(4,1,1,1,1,1,4),(0.,
    0.327497146337,0.647669338415,0.960513007084,1.266020220529,
    1.564166443513,1.854690543779),.UNSPECIFIED.);
#4124 = CARTESIAN_POINT('',(0.,0.325241277576,-12.99593082897));
#4125 = CARTESIAN_POINT('',(0.,0.377119930223,-12.89990423114));
#4126 = CARTESIAN_POINT('',(0.,0.475139254144,-12.70738021431));
#4127 = CARTESIAN_POINT('',(0.,0.604389421178,-12.41429675899));
#4128 = CARTESIAN_POINT('',(0.,0.713346079538,-12.120772531));
#4129 = CARTESIAN_POINT('',(0.,0.799483280409,-11.82750018234));
#4130 = CARTESIAN_POINT('',(0.,0.86157390126,-11.53524496581));
#4131 = CARTESIAN_POINT('',(-0.,0.877326208913,-11.33948240288));
#4132 = CARTESIAN_POINT('',(0.,0.87702194798,-11.24215426007));
#4133 = VECTOR('',#4134,1.);
#4134 = DIRECTION('',(-1.,-0.,-0.));
#4135 = DEFINITIONAL_REPRESENTATION('',(#4136),#4140);
#4136 = LINE('',#4137,#4138);
#4137 = CARTESIAN_POINT('',(0.,0.));
#4138 = VECTOR('',#4139,1.);
#4139 = DIRECTION('',(1.,0.));
#4140 = ( GEOMETRIC_REPRESENTATION_CONTEXT(2) 
PARAMETRIC_REPRESENTATION_CONTEXT() REPRESENTATION_CONTEXT('2D SPACE',''
  ) );
#4141 = ORIENTED_EDGE('',*,*,#4142,.T.);
#4142 = EDGE_CURVE('',#4095,#4143,#4145,.T.);
#4143 = VERTEX_POINT('',#4144);
#4144 = CARTESIAN_POINT('',(0.,0.83608775645,-10.71743706599));
#4145 = SURFACE_CURVE('',#4146,(#4150,#4157),.PCURVE_S1.);
#4146 = LINE('',#4147,#4148);
#4147 = CARTESIAN_POINT('',(0.,0.87702194798,-11.24215426007));
#4148 = VECTOR('',#4149,1.);
#4149 = DIRECTION('',(0.,-7.777560525116E-02,0.99697088986));
#4150 = PCURVE('',#134,#4151);
#4151 = DEFINITIONAL_REPRESENTATION('',(#4152),#4156);
#4152 = LINE('',#4153,#4154);
#4153 = CARTESIAN_POINT('',(-11.24215426007,-0.87702194798));
#4154 = VECTOR('',#4155,1.);
#4155 = DIRECTION('',(0.99697088986,7.777560525116E-02));
#4156 = ( GEOMETRIC_REPRESENTATION_CONTEXT(2) 
PARAMETRIC_REPRESENTATION_CONTEXT() REPRESENTATION_CONTEXT('2D SPACE',''
  ) );
#4157 = PCURVE('',#4158,#4163);
#4158 = PLANE('',#4159);
#4159 = AXIS2_PLACEMENT_3D('',#4160,#4161,#4162);
#4160 = CARTESIAN_POINT('',(0.,0.87702194798,-11.24215426007));
#4161 = DIRECTION('',(0.,-0.99697088986,-7.777560525116E-02));
#4162 = DIRECTION('',(0.,-7.777560525116E-02,0.99697088986));
#4163 = DEFINITIONAL_REPRESENTATION('',(#4164),#4168);
#4164 = LINE('',#4165,#4166);
#4165 = CARTESIAN_POINT('',(0.,0.));
#4166 = VECTOR('',#4167,1.);
#4167 = DIRECTION('',(1.,0.));
#4168 = ( GEOMETRIC_REPRESENTATION_CONTEXT(2) 
PARAMETRIC_REPRESENTATION_CONTEXT() REPRESENTATION_CONTEXT('2D SPACE',''
  ) );
#4169 = ORIENTED_EDGE('',*,*,#4170,.T.);
#4170 = EDGE_CURVE('',#4143,#4171,#4173,.T.);
#4171 = VERTEX_POINT('',#4172);
#4172 = CARTESIAN_POINT('',(0.,1.966278070367,-10.56864468841));
#4173 = SURFACE_CURVE('',#4174,(#4178,#4185),.PCURVE_S1.);
#4174 = LINE('',#4175,#4176);
#4175 = CARTESIAN_POINT('',(0.,0.83608775645,-10.71743706599));
#4176 = VECTOR('',#4177,1.);
#4177 = DIRECTION('',(0.,0.991444861374,0.13052619222));
#4178 = PCURVE('',#134,#4179);
#4179 = DEFINITIONAL_REPRESENTATION('',(#4180),#4184);
#4180 = LINE('',#4181,#4182);
#4181 = CARTESIAN_POINT('',(-10.71743706599,-0.83608775645));
#4182 = VECTOR('',#4183,1.);
#4183 = DIRECTION('',(0.13052619222,-0.991444861374));
#4184 = ( GEOMETRIC_REPRESENTATION_CONTEXT(2) 
PARAMETRIC_REPRESENTATION_CONTEXT() REPRESENTATION_CONTEXT('2D SPACE',''
  ) );
#4185 = PCURVE('',#4186,#4191);
#4186 = PLANE('',#4187);
#4187 = AXIS2_PLACEMENT_3D('',#4188,#4189,#4190);
#4188 = CARTESIAN_POINT('',(0.,0.83608775645,-10.71743706599));
#4189 = DIRECTION('',(0.,-0.13052619222,0.991444861374));
#4190 = DIRECTION('',(0.,0.991444861374,0.13052619222));
#4191 = DEFINITIONAL_REPRESENTATION('',(#4192),#4196);
#4192 = LINE('',#4193,#4194);
#4193 = CARTESIAN_POINT('',(0.,0.));
#4194 = VECTOR('',#4195,1.);
#4195 = DIRECTION('',(1.,0.));
#4196 = ( GEOMETRIC_REPRESENTATION_CONTEXT(2) 
PARAMETRIC_REPRESENTATION_CONTEXT() REPRESENTATION_CONTEXT('2D SPACE',''
  ) );
#4197 = ORIENTED_EDGE('',*,*,#4198,.T.);
#4198 = EDGE_CURVE('',#4171,#4199,#4201,.T.);
#4199 = VERTEX_POINT('',#4200);
#4200 = CARTESIAN_POINT('',(0.,2.062545480712,-11.08607712604));
#4201 = SURFACE_CURVE('',#4202,(#4206,#4213),.PCURVE_S1.);
#4202 = LINE('',#4203,#4204);
#4203 = CARTESIAN_POINT('',(0.,1.966278070367,-10.56864468841));
#4204 = VECTOR('',#4205,1.);
#4205 = DIRECTION('',(0.,0.182909587941,-0.983129738457));
#4206 = PCURVE('',#134,#4207);
#4207 = DEFINITIONAL_REPRESENTATION('',(#4208),#4212);
#4208 = LINE('',#4209,#4210);
#4209 = CARTESIAN_POINT('',(-10.56864468841,-1.966278070367));
#4210 = VECTOR('',#4211,1.);
#4211 = DIRECTION('',(-0.983129738457,-0.182909587941));
#4212 = ( GEOMETRIC_REPRESENTATION_CONTEXT(2) 
PARAMETRIC_REPRESENTATION_CONTEXT() REPRESENTATION_CONTEXT('2D SPACE',''
  ) );
#4213 = PCURVE('',#4214,#4219);
#4214 = PLANE('',#4215);
#4215 = AXIS2_PLACEMENT_3D('',#4216,#4217,#4218);
#4216 = CARTESIAN_POINT('',(0.,1.966278070367,-10.56864468841));
#4217 = DIRECTION('',(-0.,0.983129738457,0.182909587941));
#4218 = DIRECTION('',(0.,0.182909587941,-0.983129738457));
#4219 = DEFINITIONAL_REPRESENTATION('',(#4220),#4224);
#4220 = LINE('',#4221,#4222);
#4221 = CARTESIAN_POINT('',(0.,0.));
#4222 = VECTOR('',#4223,1.);
#4223 = DIRECTION('',(1.,0.));
#4224 = ( GEOMETRIC_REPRESENTATION_CONTEXT(2) 
PARAMETRIC_REPRESENTATION_CONTEXT() REPRESENTATION_CONTEXT('2D SPACE',''
  ) );
#4225 = ORIENTED_EDGE('',*,*,#4226,.T.);
#4226 = EDGE_CURVE('',#4199,#4227,#4229,.T.);
#4227 = VERTEX_POINT('',#4228);
#4228 = CARTESIAN_POINT('',(0.,3.049435457586,-12.63728386125));
#4229 = SURFACE_CURVE('',#4230,(#4240,#4253),.PCURVE_S1.);
#4230 = B_SPLINE_CURVE_WITH_KNOTS('',3,(#4231,#4232,#4233,#4234,#4235,
    #4236,#4237,#4238,#4239),.UNSPECIFIED.,.F.,.F.,(4,1,1,1,1,1,4),(0.,
    0.290524100267,0.58867032325,0.894177536695,1.207021205364,
    1.527193397443,1.854690543779),.UNSPECIFIED.);
#4231 = CARTESIAN_POINT('',(0.,2.062545480712,-11.08607712604));
#4232 = CARTESIAN_POINT('',(0.,2.087441964201,-11.18016764132));
#4233 = CARTESIAN_POINT('',(0.,2.153324604593,-11.36518275946));
#4234 = CARTESIAN_POINT('',(0.,2.28894075491,-11.63140938577));
#4235 = CARTESIAN_POINT('',(0.,2.448047371072,-11.8923947734));
#4236 = CARTESIAN_POINT('',(0.,2.629261081731,-12.14771734759));
#4237 = CARTESIAN_POINT('',(0.,2.829962736161,-12.39736182152));
#4238 = CARTESIAN_POINT('',(-0.,2.974471014809,-12.55795647374));
#4239 = CARTESIAN_POINT('',(0.,3.049435457586,-12.63728386125));
#4240 = PCURVE('',#134,#4241);
#4241 = DEFINITIONAL_REPRESENTATION('',(#4242),#4252);
#4242 = B_SPLINE_CURVE_WITH_KNOTS('',3,(#4243,#4244,#4245,#4246,#4247,
    #4248,#4249,#4250,#4251),.UNSPECIFIED.,.F.,.F.,(4,1,1,1,1,1,4),(0.,
    0.290524100267,0.58867032325,0.894177536695,1.207021205364,
    1.527193397443,1.854690543779),.UNSPECIFIED.);
#4243 = CARTESIAN_POINT('',(-11.08607712604,-2.062545480712));
#4244 = CARTESIAN_POINT('',(-11.18016764132,-2.087441964201));
#4245 = CARTESIAN_POINT('',(-11.36518275946,-2.153324604593));
#4246 = CARTESIAN_POINT('',(-11.63140938577,-2.28894075491));
#4247 = CARTESIAN_POINT('',(-11.8923947734,-2.448047371072));
#4248 = CARTESIAN_POINT('',(-12.14771734759,-2.629261081731));
#4249 = CARTESIAN_POINT('',(-12.39736182152,-2.829962736161));
#4250 = CARTESIAN_POINT('',(-12.55795647374,-2.974471014809));
#4251 = CARTESIAN_POINT('',(-12.63728386125,-3.049435457586));
#4252 = ( GEOMETRIC_REPRESENTATION_CONTEXT(2) 
PARAMETRIC_REPRESENTATION_CONTEXT() REPRESENTATION_CONTEXT('2D SPACE',''
  ) );
#4253 = PCURVE('',#4254,#4267);
#4254 = SURFACE_OF_LINEAR_EXTRUSION('',#4255,#4265);
#4255 = B_SPLINE_CURVE_WITH_KNOTS('',3,(#4256,#4257,#4258,#4259,#4260,
    #4261,#4262,#4263,#4264),.UNSPECIFIED.,.F.,.F.,(4,1,1,1,1,1,4),(0.,
    0.290524100267,0.58867032325,0.894177536695,1.207021205364,
    1.527193397443,1.854690543779),.UNSPECIFIED.);
#4256 = CARTESIAN_POINT('',(0.,2.062545480712,-11.08607712604));
#4257 = CARTESIAN_POINT('',(0.,2.087441964201,-11.18016764132));
#4258 = CARTESIAN_POINT('',(0.,2.153324604593,-11.36518275946));
#4259 = CARTESIAN_POINT('',(0.,2.28894075491,-11.63140938577));
#4260 = CARTESIAN_POINT('',(0.,2.448047371072,-11.8923947734));
#4261 = CARTESIAN_POINT('',(0.,2.629261081731,-12.14771734759));
#4262 = CARTESIAN_POINT('',(0.,2.829962736161,-12.39736182152));
#4263 = CARTESIAN_POINT('',(-0.,2.974471014809,-12.55795647374));
#4264 = CARTESIAN_POINT('',(0.,3.049435457586,-12.63728386125));
#4265 = VECTOR('',#4266,1.);
#4266 = DIRECTION('',(-1.,-0.,-0.));
#4267 = DEFINITIONAL_REPRESENTATION('',(#4268),#4272);
#4268 = LINE('',#4269,#4270);
#4269 = CARTESIAN_POINT('',(0.,0.));
#4270 = VECTOR('',#4271,1.);
#4271 = DIRECTION('',(1.,0.));
#4272 = ( GEOMETRIC_REPRESENTATION_CONTEXT(2) 
PARAMETRIC_REPRESENTATION_CONTEXT() REPRESENTATION_CONTEXT('2D SPACE',''
  ) );
#4273 = ORIENTED_EDGE('',*,*,#4274,.T.);
#4274 = EDGE_CURVE('',#4227,#4275,#4277,.T.);
#4275 = VERTEX_POINT('',#4276);
#4276 = CARTESIAN_POINT('',(0.,3.677753357158,-12.46892658747));
#4277 = SURFACE_CURVE('',#4278,(#4282,#4289),.PCURVE_S1.);
#4278 = LINE('',#4279,#4280);
#4279 = CARTESIAN_POINT('',(0.,3.049435457586,-12.63728386125));
#4280 = VECTOR('',#4281,1.);
#4281 = DIRECTION('',(0.,0.965925826289,0.258819045103));
#4282 = PCURVE('',#134,#4283);
#4283 = DEFINITIONAL_REPRESENTATION('',(#4284),#4288);
#4284 = LINE('',#4285,#4286);
#4285 = CARTESIAN_POINT('',(-12.63728386125,-3.049435457586));
#4286 = VECTOR('',#4287,1.);
#4287 = DIRECTION('',(0.258819045103,-0.965925826289));
#4288 = ( GEOMETRIC_REPRESENTATION_CONTEXT(2) 
PARAMETRIC_REPRESENTATION_CONTEXT() REPRESENTATION_CONTEXT('2D SPACE',''
  ) );
#4289 = PCURVE('',#4290,#4295);
#4290 = PLANE('',#4291);
#4291 = AXIS2_PLACEMENT_3D('',#4292,#4293,#4294);
#4292 = CARTESIAN_POINT('',(0.,3.049435457586,-12.63728386125));
#4293 = DIRECTION('',(0.,-0.258819045103,0.965925826289));
#4294 = DIRECTION('',(0.,0.965925826289,0.258819045103));
#4295 = DEFINITIONAL_REPRESENTATION('',(#4296),#4300);
#4296 = LINE('',#4297,#4298);
#4297 = CARTESIAN_POINT('',(0.,0.));
#4298 = VECTOR('',#4299,1.);
#4299 = DIRECTION('',(1.,0.));
#4300 = ( GEOMETRIC_REPRESENTATION_CONTEXT(2) 
PARAMETRIC_REPRESENTATION_CONTEXT() REPRESENTATION_CONTEXT('2D SPACE',''
  ) );
#4301 = ORIENTED_EDGE('',*,*,#4302,.T.);
#4302 = EDGE_CURVE('',#4275,#4303,#4305,.T.);
#4303 = VERTEX_POINT('',#4304);
#4304 = CARTESIAN_POINT('',(0.,3.756821780264,-10.63209715982));
#4305 = SURFACE_CURVE('',#4306,(#4316,#4329),.PCURVE_S1.);
#4306 = B_SPLINE_CURVE_WITH_KNOTS('',3,(#4307,#4308,#4309,#4310,#4311,
    #4312,#4313,#4314,#4315),.UNSPECIFIED.,.F.,.F.,(4,1,1,1,1,1,4),(0.,
    0.327497146337,0.647669338415,0.960513007084,1.266020220529,
    1.564166443513,1.854690543779),.UNSPECIFIED.);
#4307 = CARTESIAN_POINT('',(0.,3.677753357158,-12.46892658747));
#4308 = CARTESIAN_POINT('',(0.,3.70301077523,-12.36274483329));
#4309 = CARTESIAN_POINT('',(0.,3.747861289485,-12.15141164543));
#4310 = CARTESIAN_POINT('',(0.,3.796851783834,-11.83486236187));
#4311 = CARTESIAN_POINT('',(0.,3.826126173688,-11.52313967114));
#4312 = CARTESIAN_POINT('',(0.,3.833423851378,-11.21756638735));
#4313 = CARTESIAN_POINT('',(0.,3.81775756956,-10.91919929064));
#4314 = CARTESIAN_POINT('',(-0.,3.78230605074,-10.72603017805));
#4315 = CARTESIAN_POINT('',(0.,3.756821780264,-10.63209715982));
#4316 = PCURVE('',#134,#4317);
#4317 = DEFINITIONAL_REPRESENTATION('',(#4318),#4328);
#4318 = B_SPLINE_CURVE_WITH_KNOTS('',3,(#4319,#4320,#4321,#4322,#4323,
    #4324,#4325,#4326,#4327),.UNSPECIFIED.,.F.,.F.,(4,1,1,1,1,1,4),(0.,
    0.327497146337,0.647669338415,0.960513007084,1.266020220529,
    1.564166443513,1.854690543779),.UNSPECIFIED.);
#4319 = CARTESIAN_POINT('',(-12.46892658747,-3.677753357158));
#4320 = CARTESIAN_POINT('',(-12.36274483329,-3.70301077523));
#4321 = CARTESIAN_POINT('',(-12.15141164543,-3.747861289485));
#4322 = CARTESIAN_POINT('',(-11.83486236187,-3.796851783834));
#4323 = CARTESIAN_POINT('',(-11.52313967114,-3.826126173688));
#4324 = CARTESIAN_POINT('',(-11.21756638735,-3.833423851378));
#4325 = CARTESIAN_POINT('',(-10.91919929064,-3.81775756956));
#4326 = CARTESIAN_POINT('',(-10.72603017805,-3.78230605074));
#4327 = CARTESIAN_POINT('',(-10.63209715982,-3.756821780264));
#4328 = ( GEOMETRIC_REPRESENTATION_CONTEXT(2) 
PARAMETRIC_REPRESENTATION_CONTEXT() REPRESENTATION_CONTEXT('2D SPACE',''
  ) );
#4329 = PCURVE('',#4330,#4343);
#4330 = SURFACE_OF_LINEAR_EXTRUSION('',#4331,#4341);
#4331 = B_SPLINE_CURVE_WITH_KNOTS('',3,(#4332,#4333,#4334,#4335,#4336,
    #4337,#4338,#4339,#4340),.UNSPECIFIED.,.F.,.F.,(4,1,1,1,1,1,4),(0.,
    0.327497146337,0.647669338415,0.960513007084,1.266020220529,
    1.564166443513,1.854690543779),.UNSPECIFIED.);
#4332 = CARTESIAN_POINT('',(0.,3.677753357158,-12.46892658747));
#4333 = CARTESIAN_POINT('',(0.,3.70301077523,-12.36274483329));
#4334 = CARTESIAN_POINT('',(0.,3.747861289485,-12.15141164543));
#4335 = CARTESIAN_POINT('',(0.,3.796851783834,-11.83486236187));
#4336 = CARTESIAN_POINT('',(0.,3.826126173688,-11.52313967114));
#4337 = CARTESIAN_POINT('',(0.,3.833423851378,-11.21756638735));
#4338 = CARTESIAN_POINT('',(0.,3.81775756956,-10.91919929064));
#4339 = CARTESIAN_POINT('',(-0.,3.78230605074,-10.72603017805));
#4340 = CARTESIAN_POINT('',(0.,3.756821780264,-10.63209715982));
#4341 = VECTOR('',#4342,1.);
#4342 = DIRECTION('',(-1.,-0.,-0.));
#4343 = DEFINITIONAL_REPRESENTATION('',(#4344),#4348);
#4344 = LINE('',#4345,#4346);
#4345 = CARTESIAN_POINT('',(0.,0.));
#4346 = VECTOR('',#4347,1.);
#4347 = DIRECTION('',(1.,0.));
#4348 = ( GEOMETRIC_REPRESENTATION_CONTEXT(2) 
PARAMETRIC_REPRESENTATION_CONTEXT() REPRESENTATION_CONTEXT('2D SPACE',''
  ) );
#4349 = ORIENTED_EDGE('',*,*,#4350,.T.);
#4350 = EDGE_CURVE('',#4303,#4351,#4353,.T.);
#4351 = VERTEX_POINT('',#4352);
#4352 = CARTESIAN_POINT('',(0.,3.581475584366,-10.13585381892));
#4353 = SURFACE_CURVE('',#4354,(#4358,#4365),.PCURVE_S1.);
#4354 = LINE('',#4355,#4356);
#4355 = CARTESIAN_POINT('',(0.,3.756821780264,-10.63209715982));
#4356 = VECTOR('',#4357,1.);
#4357 = DIRECTION('',(0.,-0.333160519476,0.942870122691));
#4358 = PCURVE('',#134,#4359);
#4359 = DEFINITIONAL_REPRESENTATION('',(#4360),#4364);
#4360 = LINE('',#4361,#4362);
#4361 = CARTESIAN_POINT('',(-10.63209715982,-3.756821780264));
#4362 = VECTOR('',#4363,1.);
#4363 = DIRECTION('',(0.942870122691,0.333160519476));
#4364 = ( GEOMETRIC_REPRESENTATION_CONTEXT(2) 
PARAMETRIC_REPRESENTATION_CONTEXT() REPRESENTATION_CONTEXT('2D SPACE',''
  ) );
#4365 = PCURVE('',#4366,#4371);
#4366 = PLANE('',#4367);
#4367 = AXIS2_PLACEMENT_3D('',#4368,#4369,#4370);
#4368 = CARTESIAN_POINT('',(0.,3.756821780264,-10.63209715982));
#4369 = DIRECTION('',(0.,-0.942870122691,-0.333160519476));
#4370 = DIRECTION('',(0.,-0.333160519476,0.942870122691));
#4371 = DEFINITIONAL_REPRESENTATION('',(#4372),#4376);
#4372 = LINE('',#4373,#4374);
#4373 = CARTESIAN_POINT('',(0.,0.));
#4374 = VECTOR('',#4375,1.);
#4375 = DIRECTION('',(1.,0.));
#4376 = ( GEOMETRIC_REPRESENTATION_CONTEXT(2) 
PARAMETRIC_REPRESENTATION_CONTEXT() REPRESENTATION_CONTEXT('2D SPACE',''
  ) );
#4377 = ORIENTED_EDGE('',*,*,#4378,.T.);
#4378 = EDGE_CURVE('',#4351,#4379,#4381,.T.);
#4379 = VERTEX_POINT('',#4380);
#4380 = CARTESIAN_POINT('',(0.,4.634645296118,-9.699616640836));
#4381 = SURFACE_CURVE('',#4382,(#4386,#4393),.PCURVE_S1.);
#4382 = LINE('',#4383,#4384);
#4383 = CARTESIAN_POINT('',(0.,3.581475584366,-10.13585381892));
#4384 = VECTOR('',#4385,1.);
#4385 = DIRECTION('',(0.,0.923879532511,0.382683432365));
#4386 = PCURVE('',#134,#4387);
#4387 = DEFINITIONAL_REPRESENTATION('',(#4388),#4392);
#4388 = LINE('',#4389,#4390);
#4389 = CARTESIAN_POINT('',(-10.13585381892,-3.581475584366));
#4390 = VECTOR('',#4391,1.);
#4391 = DIRECTION('',(0.382683432365,-0.923879532511));
#4392 = ( GEOMETRIC_REPRESENTATION_CONTEXT(2) 
PARAMETRIC_REPRESENTATION_CONTEXT() REPRESENTATION_CONTEXT('2D SPACE',''
  ) );
#4393 = PCURVE('',#4394,#4399);
#4394 = PLANE('',#4395);
#4395 = AXIS2_PLACEMENT_3D('',#4396,#4397,#4398);
#4396 = CARTESIAN_POINT('',(0.,3.581475584366,-10.13585381892));
#4397 = DIRECTION('',(0.,-0.382683432365,0.923879532511));
#4398 = DIRECTION('',(0.,0.923879532511,0.382683432365));
#4399 = DEFINITIONAL_REPRESENTATION('',(#4400),#4404);
#4400 = LINE('',#4401,#4402);
#4401 = CARTESIAN_POINT('',(0.,0.));
#4402 = VECTOR('',#4403,1.);
#4403 = DIRECTION('',(1.,0.));
#4404 = ( GEOMETRIC_REPRESENTATION_CONTEXT(2) 
PARAMETRIC_REPRESENTATION_CONTEXT() REPRESENTATION_CONTEXT('2D SPACE',''
  ) );
#4405 = ORIENTED_EDGE('',*,*,#4406,.T.);
#4406 = EDGE_CURVE('',#4379,#4407,#4409,.T.);
#4407 = VERTEX_POINT('',#4408);
#4408 = CARTESIAN_POINT('',(0.,4.86155384341,-10.17450215647));
#4409 = SURFACE_CURVE('',#4410,(#4414,#4421),.PCURVE_S1.);
#4410 = LINE('',#4411,#4412);
#4411 = CARTESIAN_POINT('',(0.,4.634645296118,-9.699616640836));
#4412 = VECTOR('',#4413,1.);
#4413 = DIRECTION('',(0.,0.431129794988,-0.902289920078));
#4414 = PCURVE('',#134,#4415);
#4415 = DEFINITIONAL_REPRESENTATION('',(#4416),#4420);
#4416 = LINE('',#4417,#4418);
#4417 = CARTESIAN_POINT('',(-9.699616640836,-4.634645296118));
#4418 = VECTOR('',#4419,1.);
#4419 = DIRECTION('',(-0.902289920078,-0.431129794988));
#4420 = ( GEOMETRIC_REPRESENTATION_CONTEXT(2) 
PARAMETRIC_REPRESENTATION_CONTEXT() REPRESENTATION_CONTEXT('2D SPACE',''
  ) );
#4421 = PCURVE('',#4422,#4427);
#4422 = PLANE('',#4423);
#4423 = AXIS2_PLACEMENT_3D('',#4424,#4425,#4426);
#4424 = CARTESIAN_POINT('',(0.,4.634645296118,-9.699616640836));
#4425 = DIRECTION('',(-0.,0.902289920078,0.431129794988));
#4426 = DIRECTION('',(0.,0.431129794988,-0.902289920078));
#4427 = DEFINITIONAL_REPRESENTATION('',(#4428),#4432);
#4428 = LINE('',#4429,#4430);
#4429 = CARTESIAN_POINT('',(0.,0.));
#4430 = VECTOR('',#4431,1.);
#4431 = DIRECTION('',(1.,0.));
#4432 = ( GEOMETRIC_REPRESENTATION_CONTEXT(2) 
PARAMETRIC_REPRESENTATION_CONTEXT() REPRESENTATION_CONTEXT('2D SPACE',''
  ) );
#4433 = ORIENTED_EDGE('',*,*,#4434,.T.);
#4434 = EDGE_CURVE('',#4407,#4435,#4437,.T.);
#4435 = VERTEX_POINT('',#4436);
#4436 = CARTESIAN_POINT('',(0.,6.216298205745,-11.4174268825));
#4437 = SURFACE_CURVE('',#4438,(#4448,#4461),.PCURVE_S1.);
#4438 = B_SPLINE_CURVE_WITH_KNOTS('',3,(#4439,#4440,#4441,#4442,#4443,
    #4444,#4445,#4446,#4447),.UNSPECIFIED.,.F.,.F.,(4,1,1,1,1,1,4),(0.,
    0.290524100267,0.58867032325,0.894177536695,1.207021205364,
    1.527193397443,1.854690543779),.UNSPECIFIED.);
#4439 = CARTESIAN_POINT('',(0.,4.86155384341,-10.17450215647));
#4440 = CARTESIAN_POINT('',(0.,4.909954417116,-10.25894293111));
#4441 = CARTESIAN_POINT('',(0.,5.02147759718,-10.4206021299));
#4442 = CARTESIAN_POINT('',(0.,5.221377260436,-10.64265726137));
#4443 = CARTESIAN_POINT('',(0.,5.442610438933,-10.85356996511));
#4444 = CARTESIAN_POINT('',(0.,5.68373178698,-11.05329107399));
#4445 = CARTESIAN_POINT('',(0.,5.942207442732,-11.24248370821));
#4446 = CARTESIAN_POINT('',(-0.,6.123356675727,-11.36020473567));
#4447 = CARTESIAN_POINT('',(0.,6.216298205745,-11.4174268825));
#4448 = PCURVE('',#134,#4449);
#4449 = DEFINITIONAL_REPRESENTATION('',(#4450),#4460);
#4450 = B_SPLINE_CURVE_WITH_KNOTS('',3,(#4451,#4452,#4453,#4454,#4455,
    #4456,#4457,#4458,#4459),.UNSPECIFIED.,.F.,.F.,(4,1,1,1,1,1,4),(0.,
    0.290524100267,0.58867032325,0.894177536695,1.207021205364,
    1.527193397443,1.854690543779),.UNSPECIFIED.);
#4451 = CARTESIAN_POINT('',(-10.17450215647,-4.86155384341));
#4452 = CARTESIAN_POINT('',(-10.25894293111,-4.909954417116));
#4453 = CARTESIAN_POINT('',(-10.4206021299,-5.02147759718));
#4454 = CARTESIAN_POINT('',(-10.64265726137,-5.221377260436));
#4455 = CARTESIAN_POINT('',(-10.85356996511,-5.442610438933));
#4456 = CARTESIAN_POINT('',(-11.05329107399,-5.68373178698));
#4457 = CARTESIAN_POINT('',(-11.24248370821,-5.942207442732));
#4458 = CARTESIAN_POINT('',(-11.36020473567,-6.123356675727));
#4459 = CARTESIAN_POINT('',(-11.4174268825,-6.216298205745));
#4460 = ( GEOMETRIC_REPRESENTATION_CONTEXT(2) 
PARAMETRIC_REPRESENTATION_CONTEXT() REPRESENTATION_CONTEXT('2D SPACE',''
  ) );
#4461 = PCURVE('',#4462,#4475);
#4462 = SURFACE_OF_LINEAR_EXTRUSION('',#4463,#4473);
#4463 = B_SPLINE_CURVE_WITH_KNOTS('',3,(#4464,#4465,#4466,#4467,#4468,
    #4469,#4470,#4471,#4472),.UNSPECIFIED.,.F.,.F.,(4,1,1,1,1,1,4),(0.,
    0.290524100267,0.58867032325,0.894177536695,1.207021205364,
    1.527193397443,1.854690543779),.UNSPECIFIED.);
#4464 = CARTESIAN_POINT('',(0.,4.86155384341,-10.17450215647));
#4465 = CARTESIAN_POINT('',(0.,4.909954417116,-10.25894293111));
#4466 = CARTESIAN_POINT('',(0.,5.02147759718,-10.4206021299));
#4467 = CARTESIAN_POINT('',(0.,5.221377260436,-10.64265726137));
#4468 = CARTESIAN_POINT('',(0.,5.442610438933,-10.85356996511));
#4469 = CARTESIAN_POINT('',(0.,5.68373178698,-11.05329107399));
#4470 = CARTESIAN_POINT('',(0.,5.942207442732,-11.24248370821));
#4471 = CARTESIAN_POINT('',(-0.,6.123356675727,-11.36020473567));
#4472 = CARTESIAN_POINT('',(0.,6.216298205745,-11.4174268825));
#4473 = VECTOR('',#4474,1.);
#4474 = DIRECTION('',(-1.,-0.,-0.));
#4475 = DEFINITIONAL_REPRESENTATION('',(#4476),#4480);
#4476 = LINE('',#4477,#4478);
#4477 = CARTESIAN_POINT('',(0.,0.));
#4478 = VECTOR('',#4479,1.);
#4479 = DIRECTION('',(1.,0.));
#4480 = ( GEOMETRIC_REPRESENTATION_CONTEXT(2) 
PARAMETRIC_REPRESENTATION_CONTEXT() REPRESENTATION_CONTEXT('2D SPACE',''
  ) );
#4481 = ORIENTED_EDGE('',*,*,#4482,.T.);
#4482 = EDGE_CURVE('',#4435,#4483,#4485,.T.);
#4483 = VERTEX_POINT('',#4484);
#4484 = CARTESIAN_POINT('',(0.,6.779632623225,-11.09218560492));
#4485 = SURFACE_CURVE('',#4486,(#4490,#4497),.PCURVE_S1.);
#4486 = LINE('',#4487,#4488);
#4487 = CARTESIAN_POINT('',(0.,6.216298205745,-11.4174268825));
#4488 = VECTOR('',#4489,1.);
#4489 = DIRECTION('',(0.,0.866025403784,0.5));
#4490 = PCURVE('',#134,#4491);
#4491 = DEFINITIONAL_REPRESENTATION('',(#4492),#4496);
#4492 = LINE('',#4493,#4494);
#4493 = CARTESIAN_POINT('',(-11.4174268825,-6.216298205745));
#4494 = VECTOR('',#4495,1.);
#4495 = DIRECTION('',(0.5,-0.866025403784));
#4496 = ( GEOMETRIC_REPRESENTATION_CONTEXT(2) 
PARAMETRIC_REPRESENTATION_CONTEXT() REPRESENTATION_CONTEXT('2D SPACE',''
  ) );
#4497 = PCURVE('',#4498,#4503);
#4498 = PLANE('',#4499);
#4499 = AXIS2_PLACEMENT_3D('',#4500,#4501,#4502);
#4500 = CARTESIAN_POINT('',(0.,6.216298205745,-11.4174268825));
#4501 = DIRECTION('',(0.,-0.5,0.866025403784));
#4502 = DIRECTION('',(0.,0.866025403784,0.5));
#4503 = DEFINITIONAL_REPRESENTATION('',(#4504),#4508);
#4504 = LINE('',#4505,#4506);
#4505 = CARTESIAN_POINT('',(0.,0.));
#4506 = VECTOR('',#4507,1.);
#4507 = DIRECTION('',(1.,0.));
#4508 = ( GEOMETRIC_REPRESENTATION_CONTEXT(2) 
PARAMETRIC_REPRESENTATION_CONTEXT() REPRESENTATION_CONTEXT('2D SPACE',''
  ) );
#4509 = ORIENTED_EDGE('',*,*,#4510,.T.);
#4510 = EDGE_CURVE('',#4483,#4511,#4513,.T.);
#4511 = VERTEX_POINT('',#4512);
#4512 = CARTESIAN_POINT('',(0.,6.380600416665,-9.297480208499));
#4513 = SURFACE_CURVE('',#4514,(#4524,#4537),.PCURVE_S1.);
#4514 = B_SPLINE_CURVE_WITH_KNOTS('',3,(#4515,#4516,#4517,#4518,#4519,
    #4520,#4521,#4522,#4523),.UNSPECIFIED.,.F.,.F.,(4,1,1,1,1,1,4),(0.,
    0.327497146337,0.647669338415,0.960513007084,1.266020220529,
    1.564166443513,1.854690543779),.UNSPECIFIED.);
#4515 = CARTESIAN_POINT('',(0.,6.779632623225,-11.09218560492));
#4516 = CARTESIAN_POINT('',(0.,6.776547555419,-10.98308480544));
#4517 = CARTESIAN_POINT('',(0.,6.76517277158,-10.76734445407));
#4518 = CARTESIAN_POINT('',(0.,6.730564972017,-10.44890165282));
#4519 = CARTESIAN_POINT('',(0.,6.678162092073,-10.14022388557));
#4520 = CARTESIAN_POINT('',(0.,6.606122921907,-9.84317398097));
#4521 = CARTESIAN_POINT('',(0.,6.513767368637,-9.559028228644));
#4522 = CARTESIAN_POINT('',(-0.,6.429527985766,-9.381616722205));
#4523 = CARTESIAN_POINT('',(0.,6.380600416665,-9.297480208499));
#4524 = PCURVE('',#134,#4525);
#4525 = DEFINITIONAL_REPRESENTATION('',(#4526),#4536);
#4526 = B_SPLINE_CURVE_WITH_KNOTS('',3,(#4527,#4528,#4529,#4530,#4531,
    #4532,#4533,#4534,#4535),.UNSPECIFIED.,.F.,.F.,(4,1,1,1,1,1,4),(0.,
    0.327497146337,0.647669338415,0.960513007084,1.266020220529,
    1.564166443513,1.854690543779),.UNSPECIFIED.);
#4527 = CARTESIAN_POINT('',(-11.09218560492,-6.779632623225));
#4528 = CARTESIAN_POINT('',(-10.98308480544,-6.776547555419));
#4529 = CARTESIAN_POINT('',(-10.76734445407,-6.76517277158));
#4530 = CARTESIAN_POINT('',(-10.44890165282,-6.730564972017));
#4531 = CARTESIAN_POINT('',(-10.14022388557,-6.678162092073));
#4532 = CARTESIAN_POINT('',(-9.84317398097,-6.606122921907));
#4533 = CARTESIAN_POINT('',(-9.559028228644,-6.513767368637));
#4534 = CARTESIAN_POINT('',(-9.381616722205,-6.429527985766));
#4535 = CARTESIAN_POINT('',(-9.297480208499,-6.380600416665));
#4536 = ( GEOMETRIC_REPRESENTATION_CONTEXT(2) 
PARAMETRIC_REPRESENTATION_CONTEXT() REPRESENTATION_CONTEXT('2D SPACE',''
  ) );
#4537 = PCURVE('',#4538,#4551);
#4538 = SURFACE_OF_LINEAR_EXTRUSION('',#4539,#4549);
#4539 = B_SPLINE_CURVE_WITH_KNOTS('',3,(#4540,#4541,#4542,#4543,#4544,
    #4545,#4546,#4547,#4548),.UNSPECIFIED.,.F.,.F.,(4,1,1,1,1,1,4),(0.,
    0.327497146337,0.647669338415,0.960513007084,1.266020220529,
    1.564166443513,1.854690543779),.UNSPECIFIED.);
#4540 = CARTESIAN_POINT('',(0.,6.779632623225,-11.09218560492));
#4541 = CARTESIAN_POINT('',(0.,6.776547555419,-10.98308480544));
#4542 = CARTESIAN_POINT('',(0.,6.76517277158,-10.76734445407));
#4543 = CARTESIAN_POINT('',(0.,6.730564972017,-10.44890165282));
#4544 = CARTESIAN_POINT('',(0.,6.678162092073,-10.14022388557));
#4545 = CARTESIAN_POINT('',(0.,6.606122921907,-9.84317398097));
#4546 = CARTESIAN_POINT('',(0.,6.513767368637,-9.559028228644));
#4547 = CARTESIAN_POINT('',(-0.,6.429527985766,-9.381616722205));
#4548 = CARTESIAN_POINT('',(0.,6.380600416665,-9.297480208499));
#4549 = VECTOR('',#4550,1.);
#4550 = DIRECTION('',(-1.,-0.,-0.));
#4551 = DEFINITIONAL_REPRESENTATION('',(#4552),#4556);
#4552 = LINE('',#4553,#4554);
#4553 = CARTESIAN_POINT('',(0.,0.));
#4554 = VECTOR('',#4555,1.);
#4555 = DIRECTION('',(1.,0.));
#4556 = ( GEOMETRIC_REPRESENTATION_CONTEXT(2) 
PARAMETRIC_REPRESENTATION_CONTEXT() REPRESENTATION_CONTEXT('2D SPACE',''
  ) );
#4557 = ORIENTED_EDGE('',*,*,#4558,.T.);
#4558 = EDGE_CURVE('',#4511,#4559,#4561,.T.);
#4559 = VERTEX_POINT('',#4560);
#4560 = CARTESIAN_POINT('',(0.,6.082791769875,-8.863528884386));
#4561 = SURFACE_CURVE('',#4562,(#4566,#4573),.PCURVE_S1.);
#4562 = LINE('',#4563,#4564);
#4563 = CARTESIAN_POINT('',(0.,6.380600416665,-9.297480208499));
#4564 = VECTOR('',#4565,1.);
#4565 = DIRECTION('',(0.,-0.565841094872,0.824514314827));
#4566 = PCURVE('',#134,#4567);
#4567 = DEFINITIONAL_REPRESENTATION('',(#4568),#4572);
#4568 = LINE('',#4569,#4570);
#4569 = CARTESIAN_POINT('',(-9.297480208499,-6.380600416665));
#4570 = VECTOR('',#4571,1.);
#4571 = DIRECTION('',(0.824514314827,0.565841094872));
#4572 = ( GEOMETRIC_REPRESENTATION_CONTEXT(2) 
PARAMETRIC_REPRESENTATION_CONTEXT() REPRESENTATION_CONTEXT('2D SPACE',''
  ) );
#4573 = PCURVE('',#4574,#4579);
#4574 = PLANE('',#4575);
#4575 = AXIS2_PLACEMENT_3D('',#4576,#4577,#4578);
#4576 = CARTESIAN_POINT('',(0.,6.380600416665,-9.297480208499));
#4577 = DIRECTION('',(0.,-0.824514314827,-0.565841094872));
#4578 = DIRECTION('',(0.,-0.565841094872,0.824514314827));
#4579 = DEFINITIONAL_REPRESENTATION('',(#4580),#4584);
#4580 = LINE('',#4581,#4582);
#4581 = CARTESIAN_POINT('',(0.,0.));
#4582 = VECTOR('',#4583,1.);
#4583 = DIRECTION('',(1.,0.));
#4584 = ( GEOMETRIC_REPRESENTATION_CONTEXT(2) 
PARAMETRIC_REPRESENTATION_CONTEXT() REPRESENTATION_CONTEXT('2D SPACE',''
  ) );
#4585 = ORIENTED_EDGE('',*,*,#4586,.T.);
#4586 = EDGE_CURVE('',#4559,#4587,#4589,.T.);
#4587 = VERTEX_POINT('',#4588);
#4588 = CARTESIAN_POINT('',(0.,6.987169104051,-8.169575748556));
#4589 = SURFACE_CURVE('',#4590,(#4594,#4601),.PCURVE_S1.);
#4590 = LINE('',#4591,#4592);
#4591 = CARTESIAN_POINT('',(0.,6.082791769875,-8.863528884386));
#4592 = VECTOR('',#4593,1.);
#4593 = DIRECTION('',(0.,0.793353340291,0.608761429009));
#4594 = PCURVE('',#134,#4595);
#4595 = DEFINITIONAL_REPRESENTATION('',(#4596),#4600);
#4596 = LINE('',#4597,#4598);
#4597 = CARTESIAN_POINT('',(-8.863528884386,-6.082791769875));
#4598 = VECTOR('',#4599,1.);
#4599 = DIRECTION('',(0.608761429009,-0.793353340291));
#4600 = ( GEOMETRIC_REPRESENTATION_CONTEXT(2) 
PARAMETRIC_REPRESENTATION_CONTEXT() REPRESENTATION_CONTEXT('2D SPACE',''
  ) );
#4601 = PCURVE('',#4602,#4607);
#4602 = PLANE('',#4603);
#4603 = AXIS2_PLACEMENT_3D('',#4604,#4605,#4606);
#4604 = CARTESIAN_POINT('',(0.,6.082791769875,-8.863528884386));
#4605 = DIRECTION('',(0.,-0.608761429009,0.793353340291));
#4606 = DIRECTION('',(0.,0.793353340291,0.608761429009));
#4607 = DEFINITIONAL_REPRESENTATION('',(#4608),#4612);
#4608 = LINE('',#4609,#4610);
#4609 = CARTESIAN_POINT('',(0.,0.));
#4610 = VECTOR('',#4611,1.);
#4611 = DIRECTION('',(1.,0.));
#4612 = ( GEOMETRIC_REPRESENTATION_CONTEXT(2) 
PARAMETRIC_REPRESENTATION_CONTEXT() REPRESENTATION_CONTEXT('2D SPACE',''
  ) );
#4613 = ORIENTED_EDGE('',*,*,#4614,.T.);
#4614 = EDGE_CURVE('',#4587,#4615,#4617,.T.);
#4615 = VERTEX_POINT('',#4616);
#4616 = CARTESIAN_POINT('',(0.,7.329255345778,-8.569551679111));
#4617 = SURFACE_CURVE('',#4618,(#4622,#4629),.PCURVE_S1.);
#4618 = LINE('',#4619,#4620);
#4619 = CARTESIAN_POINT('',(0.,6.987169104051,-8.169575748556));
#4620 = VECTOR('',#4621,1.);
#4621 = DIRECTION('',(0.,0.649969218981,-0.759960534749));
#4622 = PCURVE('',#134,#4623);
#4623 = DEFINITIONAL_REPRESENTATION('',(#4624),#4628);
#4624 = LINE('',#4625,#4626);
#4625 = CARTESIAN_POINT('',(-8.169575748556,-6.987169104051));
#4626 = VECTOR('',#4627,1.);
#4627 = DIRECTION('',(-0.759960534749,-0.649969218981));
#4628 = ( GEOMETRIC_REPRESENTATION_CONTEXT(2) 
PARAMETRIC_REPRESENTATION_CONTEXT() REPRESENTATION_CONTEXT('2D SPACE',''
  ) );
#4629 = PCURVE('',#4630,#4635);
#4630 = PLANE('',#4631);
#4631 = AXIS2_PLACEMENT_3D('',#4632,#4633,#4634);
#4632 = CARTESIAN_POINT('',(0.,6.987169104051,-8.169575748556));
#4633 = DIRECTION('',(-0.,0.759960534749,0.649969218981));
#4634 = DIRECTION('',(0.,0.649969218981,-0.759960534749));
#4635 = DEFINITIONAL_REPRESENTATION('',(#4636),#4640);
#4636 = LINE('',#4637,#4638);
#4637 = CARTESIAN_POINT('',(0.,0.));
#4638 = VECTOR('',#4639,1.);
#4639 = DIRECTION('',(1.,0.));
#4640 = ( GEOMETRIC_REPRESENTATION_CONTEXT(2) 
PARAMETRIC_REPRESENTATION_CONTEXT() REPRESENTATION_CONTEXT('2D SPACE',''
  ) );
#4641 = ORIENTED_EDGE('',*,*,#4642,.T.);
#4642 = EDGE_CURVE('',#4615,#4643,#4645,.T.);
#4643 = VERTEX_POINT('',#4644);
#4644 = CARTESIAN_POINT('',(0.,8.9595305041,-9.419491129892));
#4645 = SURFACE_CURVE('',#4646,(#4656,#4669),.PCURVE_S1.);
#4646 = B_SPLINE_CURVE_WITH_KNOTS('',3,(#4647,#4648,#4649,#4650,#4651,
    #4652,#4653,#4654,#4655),.UNSPECIFIED.,.F.,.F.,(4,1,1,1,1,1,4),(0.,
    0.290524100267,0.58867032325,0.894177536695,1.207021205364,
    1.527193397443,1.854690543779),.UNSPECIFIED.);
#4647 = CARTESIAN_POINT('',(0.,7.329255345778,-8.569551679111));
#4648 = CARTESIAN_POINT('',(0.,7.397861590587,-8.638588213858));
#4649 = CARTESIAN_POINT('',(0.,7.547425189903,-8.765874686051));
#4650 = CARTESIAN_POINT('',(0.,7.797985534397,-8.928625632443));
#4651 = CARTESIAN_POINT('',(0.,8.06626859972,-9.075092300069));
#4652 = CARTESIAN_POINT('',(0.,8.350865563757,-9.205601280141));
#4653 = CARTESIAN_POINT('',(0.,8.649500532042,-9.321448909269));
#4654 = CARTESIAN_POINT('',(-0.,8.854945698519,-9.388273818481));
#4655 = CARTESIAN_POINT('',(0.,8.9595305041,-9.419491129892));
#4656 = PCURVE('',#134,#4657);
#4657 = DEFINITIONAL_REPRESENTATION('',(#4658),#4668);
#4658 = B_SPLINE_CURVE_WITH_KNOTS('',3,(#4659,#4660,#4661,#4662,#4663,
    #4664,#4665,#4666,#4667),.UNSPECIFIED.,.F.,.F.,(4,1,1,1,1,1,4),(0.,
    0.290524100267,0.58867032325,0.894177536695,1.207021205364,
    1.527193397443,1.854690543779),.UNSPECIFIED.);
#4659 = CARTESIAN_POINT('',(-8.569551679111,-7.329255345778));
#4660 = CARTESIAN_POINT('',(-8.638588213858,-7.397861590587));
#4661 = CARTESIAN_POINT('',(-8.765874686051,-7.547425189903));
#4662 = CARTESIAN_POINT('',(-8.928625632443,-7.797985534397));
#4663 = CARTESIAN_POINT('',(-9.075092300069,-8.06626859972));
#4664 = CARTESIAN_POINT('',(-9.205601280141,-8.350865563757));
#4665 = CARTESIAN_POINT('',(-9.321448909269,-8.649500532042));
#4666 = CARTESIAN_POINT('',(-9.388273818481,-8.854945698519));
#4667 = CARTESIAN_POINT('',(-9.419491129892,-8.9595305041));
#4668 = ( GEOMETRIC_REPRESENTATION_CONTEXT(2) 
PARAMETRIC_REPRESENTATION_CONTEXT() REPRESENTATION_CONTEXT('2D SPACE',''
  ) );
#4669 = PCURVE('',#4670,#4683);
#4670 = SURFACE_OF_LINEAR_EXTRUSION('',#4671,#4681);
#4671 = B_SPLINE_CURVE_WITH_KNOTS('',3,(#4672,#4673,#4674,#4675,#4676,
    #4677,#4678,#4679,#4680),.UNSPECIFIED.,.F.,.F.,(4,1,1,1,1,1,4),(0.,
    0.290524100267,0.58867032325,0.894177536695,1.207021205364,
    1.527193397443,1.854690543779),.UNSPECIFIED.);
#4672 = CARTESIAN_POINT('',(0.,7.329255345778,-8.569551679111));
#4673 = CARTESIAN_POINT('',(0.,7.397861590587,-8.638588213858));
#4674 = CARTESIAN_POINT('',(0.,7.547425189903,-8.765874686051));
#4675 = CARTESIAN_POINT('',(0.,7.797985534397,-8.928625632443));
#4676 = CARTESIAN_POINT('',(0.,8.06626859972,-9.075092300069));
#4677 = CARTESIAN_POINT('',(0.,8.350865563757,-9.205601280141));
#4678 = CARTESIAN_POINT('',(0.,8.649500532042,-9.321448909269));
#4679 = CARTESIAN_POINT('',(-0.,8.854945698519,-9.388273818481));
#4680 = CARTESIAN_POINT('',(0.,8.9595305041,-9.419491129892));
#4681 = VECTOR('',#4682,1.);
#4682 = DIRECTION('',(-1.,-0.,-0.));
#4683 = DEFINITIONAL_REPRESENTATION('',(#4684),#4688);
#4684 = LINE('',#4685,#4686);
#4685 = CARTESIAN_POINT('',(0.,0.));
#4686 = VECTOR('',#4687,1.);
#4687 = DIRECTION('',(1.,0.));
#4688 = ( GEOMETRIC_REPRESENTATION_CONTEXT(2) 
PARAMETRIC_REPRESENTATION_CONTEXT() REPRESENTATION_CONTEXT('2D SPACE',''
  ) );
#4689 = ORIENTED_EDGE('',*,*,#4690,.T.);
#4690 = EDGE_CURVE('',#4643,#4691,#4693,.T.);
#4691 = VERTEX_POINT('',#4692);
#4692 = CARTESIAN_POINT('',(0.,9.419491129892,-8.9595305041));
#4693 = SURFACE_CURVE('',#4694,(#4698,#4705),.PCURVE_S1.);
#4694 = LINE('',#4695,#4696);
#4695 = CARTESIAN_POINT('',(0.,8.9595305041,-9.419491129892));
#4696 = VECTOR('',#4697,1.);
#4697 = DIRECTION('',(0.,0.707106781187,0.707106781187));
#4698 = PCURVE('',#134,#4699);
#4699 = DEFINITIONAL_REPRESENTATION('',(#4700),#4704);
#4700 = LINE('',#4701,#4702);
#4701 = CARTESIAN_POINT('',(-9.419491129892,-8.9595305041));
#4702 = VECTOR('',#4703,1.);
#4703 = DIRECTION('',(0.707106781187,-0.707106781187));
#4704 = ( GEOMETRIC_REPRESENTATION_CONTEXT(2) 
PARAMETRIC_REPRESENTATION_CONTEXT() REPRESENTATION_CONTEXT('2D SPACE',''
  ) );
#4705 = PCURVE('',#4706,#4711);
#4706 = PLANE('',#4707);
#4707 = AXIS2_PLACEMENT_3D('',#4708,#4709,#4710);
#4708 = CARTESIAN_POINT('',(0.,8.9595305041,-9.419491129892));
#4709 = DIRECTION('',(0.,-0.707106781187,0.707106781187));
#4710 = DIRECTION('',(0.,0.707106781187,0.707106781187));
#4711 = DEFINITIONAL_REPRESENTATION('',(#4712),#4716);
#4712 = LINE('',#4713,#4714);
#4713 = CARTESIAN_POINT('',(0.,0.));
#4714 = VECTOR('',#4715,1.);
#4715 = DIRECTION('',(1.,0.));
#4716 = ( GEOMETRIC_REPRESENTATION_CONTEXT(2) 
PARAMETRIC_REPRESENTATION_CONTEXT() REPRESENTATION_CONTEXT('2D SPACE',''
  ) );
#4717 = ORIENTED_EDGE('',*,*,#4718,.T.);
#4718 = EDGE_CURVE('',#4691,#4719,#4721,.T.);
#4719 = VERTEX_POINT('',#4720);
#4720 = CARTESIAN_POINT('',(0.,8.569551679111,-7.329255345778));
#4721 = SURFACE_CURVE('',#4722,(#4732,#4745),.PCURVE_S1.);
#4722 = B_SPLINE_CURVE_WITH_KNOTS('',3,(#4723,#4724,#4725,#4726,#4727,
    #4728,#4729,#4730,#4731),.UNSPECIFIED.,.F.,.F.,(4,1,1,1,1,1,4),(0.,
    0.327497146337,0.647669338415,0.960513007084,1.266020220529,
    1.564166443513,1.854690543779),.UNSPECIFIED.);
#4723 = CARTESIAN_POINT('',(0.,9.419491129892,-8.9595305041));
#4724 = CARTESIAN_POINT('',(0.,9.388273818481,-8.854945698519));
#4725 = CARTESIAN_POINT('',(0.,9.321448909269,-8.649500532042));
#4726 = CARTESIAN_POINT('',(0.,9.205601280141,-8.350865563757));
#4727 = CARTESIAN_POINT('',(0.,9.075092300069,-8.06626859972));
#4728 = CARTESIAN_POINT('',(0.,8.928625632443,-7.797985534397));
#4729 = CARTESIAN_POINT('',(0.,8.765874686051,-7.547425189903));
#4730 = CARTESIAN_POINT('',(-0.,8.638588213858,-7.397861590587));
#4731 = CARTESIAN_POINT('',(0.,8.569551679111,-7.329255345778));
#4732 = PCURVE('',#134,#4733);
#4733 = DEFINITIONAL_REPRESENTATION('',(#4734),#4744);
#4734 = B_SPLINE_CURVE_WITH_KNOTS('',3,(#4735,#4736,#4737,#4738,#4739,
    #4740,#4741,#4742,#4743),.UNSPECIFIED.,.F.,.F.,(4,1,1,1,1,1,4),(0.,
    0.327497146337,0.647669338415,0.960513007084,1.266020220529,
    1.564166443513,1.854690543779),.UNSPECIFIED.);
#4735 = CARTESIAN_POINT('',(-8.9595305041,-9.419491129892));
#4736 = CARTESIAN_POINT('',(-8.854945698519,-9.388273818481));
#4737 = CARTESIAN_POINT('',(-8.649500532042,-9.321448909269));
#4738 = CARTESIAN_POINT('',(-8.350865563757,-9.205601280141));
#4739 = CARTESIAN_POINT('',(-8.06626859972,-9.075092300069));
#4740 = CARTESIAN_POINT('',(-7.797985534397,-8.928625632443));
#4741 = CARTESIAN_POINT('',(-7.547425189903,-8.765874686051));
#4742 = CARTESIAN_POINT('',(-7.397861590587,-8.638588213858));
#4743 = CARTESIAN_POINT('',(-7.329255345778,-8.569551679111));
#4744 = ( GEOMETRIC_REPRESENTATION_CONTEXT(2) 
PARAMETRIC_REPRESENTATION_CONTEXT() REPRESENTATION_CONTEXT('2D SPACE',''
  ) );
#4745 = PCURVE('',#4746,#4759);
#4746 = SURFACE_OF_LINEAR_EXTRUSION('',#4747,#4757);
#4747 = B_SPLINE_CURVE_WITH_KNOTS('',3,(#4748,#4749,#4750,#4751,#4752,
    #4753,#4754,#4755,#4756),.UNSPECIFIED.,.F.,.F.,(4,1,1,1,1,1,4),(0.,
    0.327497146337,0.647669338415,0.960513007084,1.266020220529,
    1.564166443513,1.854690543779),.UNSPECIFIED.);
#4748 = CARTESIAN_POINT('',(0.,9.419491129892,-8.9595305041));
#4749 = CARTESIAN_POINT('',(0.,9.388273818481,-8.854945698519));
#4750 = CARTESIAN_POINT('',(0.,9.321448909269,-8.649500532042));
#4751 = CARTESIAN_POINT('',(0.,9.205601280141,-8.350865563757));
#4752 = CARTESIAN_POINT('',(0.,9.075092300069,-8.06626859972));
#4753 = CARTESIAN_POINT('',(0.,8.928625632443,-7.797985534397));
#4754 = CARTESIAN_POINT('',(0.,8.765874686051,-7.547425189903));
#4755 = CARTESIAN_POINT('',(-0.,8.638588213858,-7.397861590587));
#4756 = CARTESIAN_POINT('',(0.,8.569551679111,-7.329255345778));
#4757 = VECTOR('',#4758,1.);
#4758 = DIRECTION('',(-1.,-0.,-0.));
#4759 = DEFINITIONAL_REPRESENTATION('',(#4760),#4764);
#4760 = LINE('',#4761,#4762);
#4761 = CARTESIAN_POINT('',(0.,0.));
#4762 = VECTOR('',#4763,1.);
#4763 = DIRECTION('',(1.,0.));
#4764 = ( GEOMETRIC_REPRESENTATION_CONTEXT(2) 
PARAMETRIC_REPRESENTATION_CONTEXT() REPRESENTATION_CONTEXT('2D SPACE',''
  ) );
#4765 = ORIENTED_EDGE('',*,*,#4766,.T.);
#4766 = EDGE_CURVE('',#4719,#4767,#4769,.T.);
#4767 = VERTEX_POINT('',#4768);
#4768 = CARTESIAN_POINT('',(0.,8.169575748556,-6.987169104051));
#4769 = SURFACE_CURVE('',#4770,(#4774,#4781),.PCURVE_S1.);
#4770 = LINE('',#4771,#4772);
#4771 = CARTESIAN_POINT('',(0.,8.569551679111,-7.329255345778));
#4772 = VECTOR('',#4773,1.);
#4773 = DIRECTION('',(0.,-0.759960534749,0.649969218981));
#4774 = PCURVE('',#134,#4775);
#4775 = DEFINITIONAL_REPRESENTATION('',(#4776),#4780);
#4776 = LINE('',#4777,#4778);
#4777 = CARTESIAN_POINT('',(-7.329255345778,-8.569551679111));
#4778 = VECTOR('',#4779,1.);
#4779 = DIRECTION('',(0.649969218981,0.759960534749));
#4780 = ( GEOMETRIC_REPRESENTATION_CONTEXT(2) 
PARAMETRIC_REPRESENTATION_CONTEXT() REPRESENTATION_CONTEXT('2D SPACE',''
  ) );
#4781 = PCURVE('',#4782,#4787);
#4782 = PLANE('',#4783);
#4783 = AXIS2_PLACEMENT_3D('',#4784,#4785,#4786);
#4784 = CARTESIAN_POINT('',(0.,8.569551679111,-7.329255345778));
#4785 = DIRECTION('',(0.,-0.649969218981,-0.759960534749));
#4786 = DIRECTION('',(0.,-0.759960534749,0.649969218981));
#4787 = DEFINITIONAL_REPRESENTATION('',(#4788),#4792);
#4788 = LINE('',#4789,#4790);
#4789 = CARTESIAN_POINT('',(0.,0.));
#4790 = VECTOR('',#4791,1.);
#4791 = DIRECTION('',(1.,0.));
#4792 = ( GEOMETRIC_REPRESENTATION_CONTEXT(2) 
PARAMETRIC_REPRESENTATION_CONTEXT() REPRESENTATION_CONTEXT('2D SPACE',''
  ) );
#4793 = ORIENTED_EDGE('',*,*,#4794,.T.);
#4794 = EDGE_CURVE('',#4767,#4795,#4797,.T.);
#4795 = VERTEX_POINT('',#4796);
#4796 = CARTESIAN_POINT('',(0.,8.863528884386,-6.082791769875));
#4797 = SURFACE_CURVE('',#4798,(#4802,#4809),.PCURVE_S1.);
#4798 = LINE('',#4799,#4800);
#4799 = CARTESIAN_POINT('',(0.,8.169575748556,-6.987169104051));
#4800 = VECTOR('',#4801,1.);
#4801 = DIRECTION('',(0.,0.608761429009,0.793353340291));
#4802 = PCURVE('',#134,#4803);
#4803 = DEFINITIONAL_REPRESENTATION('',(#4804),#4808);
#4804 = LINE('',#4805,#4806);
#4805 = CARTESIAN_POINT('',(-6.987169104051,-8.169575748556));
#4806 = VECTOR('',#4807,1.);
#4807 = DIRECTION('',(0.793353340291,-0.608761429009));
#4808 = ( GEOMETRIC_REPRESENTATION_CONTEXT(2) 
PARAMETRIC_REPRESENTATION_CONTEXT() REPRESENTATION_CONTEXT('2D SPACE',''
  ) );
#4809 = PCURVE('',#4810,#4815);
#4810 = PLANE('',#4811);
#4811 = AXIS2_PLACEMENT_3D('',#4812,#4813,#4814);
#4812 = CARTESIAN_POINT('',(0.,8.169575748556,-6.987169104051));
#4813 = DIRECTION('',(0.,-0.793353340291,0.608761429009));
#4814 = DIRECTION('',(0.,0.608761429009,0.793353340291));
#4815 = DEFINITIONAL_REPRESENTATION('',(#4816),#4820);
#4816 = LINE('',#4817,#4818);
#4817 = CARTESIAN_POINT('',(0.,0.));
#4818 = VECTOR('',#4819,1.);
#4819 = DIRECTION('',(1.,0.));
#4820 = ( GEOMETRIC_REPRESENTATION_CONTEXT(2) 
PARAMETRIC_REPRESENTATION_CONTEXT() REPRESENTATION_CONTEXT('2D SPACE',''
  ) );
#4821 = ORIENTED_EDGE('',*,*,#4822,.T.);
#4822 = EDGE_CURVE('',#4795,#4823,#4825,.T.);
#4823 = VERTEX_POINT('',#4824);
#4824 = CARTESIAN_POINT('',(0.,9.297480208499,-6.380600416665));
#4825 = SURFACE_CURVE('',#4826,(#4830,#4837),.PCURVE_S1.);
#4826 = LINE('',#4827,#4828);
#4827 = CARTESIAN_POINT('',(0.,8.863528884386,-6.082791769875));
#4828 = VECTOR('',#4829,1.);
#4829 = DIRECTION('',(0.,0.824514314827,-0.565841094872));
#4830 = PCURVE('',#134,#4831);
#4831 = DEFINITIONAL_REPRESENTATION('',(#4832),#4836);
#4832 = LINE('',#4833,#4834);
#4833 = CARTESIAN_POINT('',(-6.082791769875,-8.863528884386));
#4834 = VECTOR('',#4835,1.);
#4835 = DIRECTION('',(-0.565841094872,-0.824514314827));
#4836 = ( GEOMETRIC_REPRESENTATION_CONTEXT(2) 
PARAMETRIC_REPRESENTATION_CONTEXT() REPRESENTATION_CONTEXT('2D SPACE',''
  ) );
#4837 = PCURVE('',#4838,#4843);
#4838 = PLANE('',#4839);
#4839 = AXIS2_PLACEMENT_3D('',#4840,#4841,#4842);
#4840 = CARTESIAN_POINT('',(0.,8.863528884386,-6.082791769875));
#4841 = DIRECTION('',(-0.,0.565841094872,0.824514314827));
#4842 = DIRECTION('',(0.,0.824514314827,-0.565841094872));
#4843 = DEFINITIONAL_REPRESENTATION('',(#4844),#4848);
#4844 = LINE('',#4845,#4846);
#4845 = CARTESIAN_POINT('',(0.,0.));
#4846 = VECTOR('',#4847,1.);
#4847 = DIRECTION('',(1.,0.));
#4848 = ( GEOMETRIC_REPRESENTATION_CONTEXT(2) 
PARAMETRIC_REPRESENTATION_CONTEXT() REPRESENTATION_CONTEXT('2D SPACE',''
  ) );
#4849 = ORIENTED_EDGE('',*,*,#4850,.T.);
#4850 = EDGE_CURVE('',#4823,#4851,#4853,.T.);
#4851 = VERTEX_POINT('',#4852);
#4852 = CARTESIAN_POINT('',(0.,11.092185604925,-6.779632623225));
#4853 = SURFACE_CURVE('',#4854,(#4864,#4877),.PCURVE_S1.);
#4854 = B_SPLINE_CURVE_WITH_KNOTS('',3,(#4855,#4856,#4857,#4858,#4859,
    #4860,#4861,#4862,#4863),.UNSPECIFIED.,.F.,.F.,(4,1,1,1,1,1,4),(0.,
    0.290524100267,0.58867032325,0.894177536695,1.207021205364,
    1.527193397443,1.854690543779),.UNSPECIFIED.);
#4855 = CARTESIAN_POINT('',(0.,9.297480208499,-6.380600416665));
#4856 = CARTESIAN_POINT('',(0.,9.381616722205,-6.429527985766));
#4857 = CARTESIAN_POINT('',(0.,9.559028228644,-6.513767368637));
#4858 = CARTESIAN_POINT('',(0.,9.84317398097,-6.606122921907));
#4859 = CARTESIAN_POINT('',(0.,10.140223885575,-6.678162092073));
#4860 = CARTESIAN_POINT('',(0.,10.448901652821,-6.730564972017));
#4861 = CARTESIAN_POINT('',(0.,10.76734445407,-6.76517277158));
#4862 = CARTESIAN_POINT('',(-0.,10.983084805447,-6.776547555419));
#4863 = CARTESIAN_POINT('',(0.,11.092185604925,-6.779632623225));
#4864 = PCURVE('',#134,#4865);
#4865 = DEFINITIONAL_REPRESENTATION('',(#4866),#4876);
#4866 = B_SPLINE_CURVE_WITH_KNOTS('',3,(#4867,#4868,#4869,#4870,#4871,
    #4872,#4873,#4874,#4875),.UNSPECIFIED.,.F.,.F.,(4,1,1,1,1,1,4),(0.,
    0.290524100267,0.58867032325,0.894177536695,1.207021205364,
    1.527193397443,1.854690543779),.UNSPECIFIED.);
#4867 = CARTESIAN_POINT('',(-6.380600416665,-9.297480208499));
#4868 = CARTESIAN_POINT('',(-6.429527985766,-9.381616722205));
#4869 = CARTESIAN_POINT('',(-6.513767368637,-9.559028228644));
#4870 = CARTESIAN_POINT('',(-6.606122921907,-9.84317398097));
#4871 = CARTESIAN_POINT('',(-6.678162092073,-10.14022388557));
#4872 = CARTESIAN_POINT('',(-6.730564972017,-10.44890165282));
#4873 = CARTESIAN_POINT('',(-6.76517277158,-10.76734445407));
#4874 = CARTESIAN_POINT('',(-6.776547555419,-10.98308480544));
#4875 = CARTESIAN_POINT('',(-6.779632623225,-11.09218560492));
#4876 = ( GEOMETRIC_REPRESENTATION_CONTEXT(2) 
PARAMETRIC_REPRESENTATION_CONTEXT() REPRESENTATION_CONTEXT('2D SPACE',''
  ) );
#4877 = PCURVE('',#4878,#4891);
#4878 = SURFACE_OF_LINEAR_EXTRUSION('',#4879,#4889);
#4879 = B_SPLINE_CURVE_WITH_KNOTS('',3,(#4880,#4881,#4882,#4883,#4884,
    #4885,#4886,#4887,#4888),.UNSPECIFIED.,.F.,.F.,(4,1,1,1,1,1,4),(0.,
    0.290524100267,0.58867032325,0.894177536695,1.207021205364,
    1.527193397443,1.854690543779),.UNSPECIFIED.);
#4880 = CARTESIAN_POINT('',(0.,9.297480208499,-6.380600416665));
#4881 = CARTESIAN_POINT('',(0.,9.381616722205,-6.429527985766));
#4882 = CARTESIAN_POINT('',(0.,9.559028228644,-6.513767368637));
#4883 = CARTESIAN_POINT('',(0.,9.84317398097,-6.606122921907));
#4884 = CARTESIAN_POINT('',(0.,10.140223885575,-6.678162092073));
#4885 = CARTESIAN_POINT('',(0.,10.448901652821,-6.730564972017));
#4886 = CARTESIAN_POINT('',(0.,10.76734445407,-6.76517277158));
#4887 = CARTESIAN_POINT('',(-0.,10.983084805447,-6.776547555419));
#4888 = CARTESIAN_POINT('',(0.,11.092185604925,-6.779632623225));
#4889 = VECTOR('',#4890,1.);
#4890 = DIRECTION('',(-1.,-0.,-0.));
#4891 = DEFINITIONAL_REPRESENTATION('',(#4892),#4896);
#4892 = LINE('',#4893,#4894);
#4893 = CARTESIAN_POINT('',(0.,0.));
#4894 = VECTOR('',#4895,1.);
#4895 = DIRECTION('',(1.,0.));
#4896 = ( GEOMETRIC_REPRESENTATION_CONTEXT(2) 
PARAMETRIC_REPRESENTATION_CONTEXT() REPRESENTATION_CONTEXT('2D SPACE',''
  ) );
#4897 = ORIENTED_EDGE('',*,*,#4898,.T.);
#4898 = EDGE_CURVE('',#4851,#4899,#4901,.T.);
#4899 = VERTEX_POINT('',#4900);
#4900 = CARTESIAN_POINT('',(0.,11.417426882501,-6.216298205745));
#4901 = SURFACE_CURVE('',#4902,(#4906,#4913),.PCURVE_S1.);
#4902 = LINE('',#4903,#4904);
#4903 = CARTESIAN_POINT('',(0.,11.092185604925,-6.779632623225));
#4904 = VECTOR('',#4905,1.);
#4905 = DIRECTION('',(0.,0.5,0.866025403784));
#4906 = PCURVE('',#134,#4907);
#4907 = DEFINITIONAL_REPRESENTATION('',(#4908),#4912);
#4908 = LINE('',#4909,#4910);
#4909 = CARTESIAN_POINT('',(-6.779632623225,-11.09218560492));
#4910 = VECTOR('',#4911,1.);
#4911 = DIRECTION('',(0.866025403784,-0.5));
#4912 = ( GEOMETRIC_REPRESENTATION_CONTEXT(2) 
PARAMETRIC_REPRESENTATION_CONTEXT() REPRESENTATION_CONTEXT('2D SPACE',''
  ) );
#4913 = PCURVE('',#4914,#4919);
#4914 = PLANE('',#4915);
#4915 = AXIS2_PLACEMENT_3D('',#4916,#4917,#4918);
#4916 = CARTESIAN_POINT('',(0.,11.092185604925,-6.779632623225));
#4917 = DIRECTION('',(0.,-0.866025403784,0.5));
#4918 = DIRECTION('',(0.,0.5,0.866025403784));
#4919 = DEFINITIONAL_REPRESENTATION('',(#4920),#4924);
#4920 = LINE('',#4921,#4922);
#4921 = CARTESIAN_POINT('',(0.,0.));
#4922 = VECTOR('',#4923,1.);
#4923 = DIRECTION('',(1.,0.));
#4924 = ( GEOMETRIC_REPRESENTATION_CONTEXT(2) 
PARAMETRIC_REPRESENTATION_CONTEXT() REPRESENTATION_CONTEXT('2D SPACE',''
  ) );
#4925 = ORIENTED_EDGE('',*,*,#4926,.T.);
#4926 = EDGE_CURVE('',#4899,#4927,#4929,.T.);
#4927 = VERTEX_POINT('',#4928);
#4928 = CARTESIAN_POINT('',(0.,10.174502156479,-4.86155384341));
#4929 = SURFACE_CURVE('',#4930,(#4940,#4953),.PCURVE_S1.);
#4930 = B_SPLINE_CURVE_WITH_KNOTS('',3,(#4931,#4932,#4933,#4934,#4935,
    #4936,#4937,#4938,#4939),.UNSPECIFIED.,.F.,.F.,(4,1,1,1,1,1,4),(0.,
    0.327497146337,0.647669338415,0.960513007084,1.266020220529,
    1.564166443513,1.854690543779),.UNSPECIFIED.);
#4931 = CARTESIAN_POINT('',(0.,11.417426882501,-6.216298205745));
#4932 = CARTESIAN_POINT('',(0.,11.36020473567,-6.123356675727));
#4933 = CARTESIAN_POINT('',(0.,11.242483708214,-5.942207442732));
#4934 = CARTESIAN_POINT('',(0.,11.053291073999,-5.68373178698));
#4935 = CARTESIAN_POINT('',(0.,10.853569965113,-5.442610438933));
#4936 = CARTESIAN_POINT('',(0.,10.642657261379,-5.221377260436));
#4937 = CARTESIAN_POINT('',(0.,10.420602129904,-5.02147759718));
#4938 = CARTESIAN_POINT('',(-0.,10.258942931118,-4.909954417116));
#4939 = CARTESIAN_POINT('',(0.,10.174502156479,-4.86155384341));
#4940 = PCURVE('',#134,#4941);
#4941 = DEFINITIONAL_REPRESENTATION('',(#4942),#4952);
#4942 = B_SPLINE_CURVE_WITH_KNOTS('',3,(#4943,#4944,#4945,#4946,#4947,
    #4948,#4949,#4950,#4951),.UNSPECIFIED.,.F.,.F.,(4,1,1,1,1,1,4),(0.,
    0.327497146337,0.647669338415,0.960513007084,1.266020220529,
    1.564166443513,1.854690543779),.UNSPECIFIED.);
#4943 = CARTESIAN_POINT('',(-6.216298205745,-11.4174268825));
#4944 = CARTESIAN_POINT('',(-6.123356675727,-11.36020473567));
#4945 = CARTESIAN_POINT('',(-5.942207442732,-11.24248370821));
#4946 = CARTESIAN_POINT('',(-5.68373178698,-11.05329107399));
#4947 = CARTESIAN_POINT('',(-5.442610438933,-10.85356996511));
#4948 = CARTESIAN_POINT('',(-5.221377260436,-10.64265726137));
#4949 = CARTESIAN_POINT('',(-5.02147759718,-10.4206021299));
#4950 = CARTESIAN_POINT('',(-4.909954417116,-10.25894293111));
#4951 = CARTESIAN_POINT('',(-4.86155384341,-10.17450215647));
#4952 = ( GEOMETRIC_REPRESENTATION_CONTEXT(2) 
PARAMETRIC_REPRESENTATION_CONTEXT() REPRESENTATION_CONTEXT('2D SPACE',''
  ) );
#4953 = PCURVE('',#4954,#4967);
#4954 = SURFACE_OF_LINEAR_EXTRUSION('',#4955,#4965);
#4955 = B_SPLINE_CURVE_WITH_KNOTS('',3,(#4956,#4957,#4958,#4959,#4960,
    #4961,#4962,#4963,#4964),.UNSPECIFIED.,.F.,.F.,(4,1,1,1,1,1,4),(0.,
    0.327497146337,0.647669338415,0.960513007084,1.266020220529,
    1.564166443513,1.854690543779),.UNSPECIFIED.);
#4956 = CARTESIAN_POINT('',(0.,11.417426882501,-6.216298205745));
#4957 = CARTESIAN_POINT('',(0.,11.36020473567,-6.123356675727));
#4958 = CARTESIAN_POINT('',(0.,11.242483708214,-5.942207442732));
#4959 = CARTESIAN_POINT('',(0.,11.053291073999,-5.68373178698));
#4960 = CARTESIAN_POINT('',(0.,10.853569965113,-5.442610438933));
#4961 = CARTESIAN_POINT('',(0.,10.642657261379,-5.221377260436));
#4962 = CARTESIAN_POINT('',(0.,10.420602129904,-5.02147759718));
#4963 = CARTESIAN_POINT('',(-0.,10.258942931118,-4.909954417116));
#4964 = CARTESIAN_POINT('',(0.,10.174502156479,-4.86155384341));
#4965 = VECTOR('',#4966,1.);
#4966 = DIRECTION('',(-1.,-0.,-0.));
#4967 = DEFINITIONAL_REPRESENTATION('',(#4968),#4972);
#4968 = LINE('',#4969,#4970);
#4969 = CARTESIAN_POINT('',(0.,0.));
#4970 = VECTOR('',#4971,1.);
#4971 = DIRECTION('',(1.,0.));
#4972 = ( GEOMETRIC_REPRESENTATION_CONTEXT(2) 
PARAMETRIC_REPRESENTATION_CONTEXT() REPRESENTATION_CONTEXT('2D SPACE',''
  ) );
#4973 = ORIENTED_EDGE('',*,*,#4974,.T.);
#4974 = EDGE_CURVE('',#4927,#4975,#4977,.T.);
#4975 = VERTEX_POINT('',#4976);
#4976 = CARTESIAN_POINT('',(0.,9.699616640836,-4.634645296118));
#4977 = SURFACE_CURVE('',#4978,(#4982,#4989),.PCURVE_S1.);
#4978 = LINE('',#4979,#4980);
#4979 = CARTESIAN_POINT('',(0.,10.174502156479,-4.86155384341));
#4980 = VECTOR('',#4981,1.);
#4981 = DIRECTION('',(0.,-0.902289920078,0.431129794988));
#4982 = PCURVE('',#134,#4983);
#4983 = DEFINITIONAL_REPRESENTATION('',(#4984),#4988);
#4984 = LINE('',#4985,#4986);
#4985 = CARTESIAN_POINT('',(-4.86155384341,-10.17450215647));
#4986 = VECTOR('',#4987,1.);
#4987 = DIRECTION('',(0.431129794988,0.902289920078));
#4988 = ( GEOMETRIC_REPRESENTATION_CONTEXT(2) 
PARAMETRIC_REPRESENTATION_CONTEXT() REPRESENTATION_CONTEXT('2D SPACE',''
  ) );
#4989 = PCURVE('',#4990,#4995);
#4990 = PLANE('',#4991);
#4991 = AXIS2_PLACEMENT_3D('',#4992,#4993,#4994);
#4992 = CARTESIAN_POINT('',(0.,10.174502156479,-4.86155384341));
#4993 = DIRECTION('',(0.,-0.431129794988,-0.902289920078));
#4994 = DIRECTION('',(0.,-0.902289920078,0.431129794988));
#4995 = DEFINITIONAL_REPRESENTATION('',(#4996),#5000);
#4996 = LINE('',#4997,#4998);
#4997 = CARTESIAN_POINT('',(0.,0.));
#4998 = VECTOR('',#4999,1.);
#4999 = DIRECTION('',(1.,0.));
#5000 = ( GEOMETRIC_REPRESENTATION_CONTEXT(2) 
PARAMETRIC_REPRESENTATION_CONTEXT() REPRESENTATION_CONTEXT('2D SPACE',''
  ) );
#5001 = ORIENTED_EDGE('',*,*,#5002,.T.);
#5002 = EDGE_CURVE('',#4975,#5003,#5005,.T.);
#5003 = VERTEX_POINT('',#5004);
#5004 = CARTESIAN_POINT('',(0.,10.135853818924,-3.581475584366));
#5005 = SURFACE_CURVE('',#5006,(#5010,#5017),.PCURVE_S1.);
#5006 = LINE('',#5007,#5008);
#5007 = CARTESIAN_POINT('',(0.,9.699616640836,-4.634645296118));
#5008 = VECTOR('',#5009,1.);
#5009 = DIRECTION('',(0.,0.382683432365,0.923879532511));
#5010 = PCURVE('',#134,#5011);
#5011 = DEFINITIONAL_REPRESENTATION('',(#5012),#5016);
#5012 = LINE('',#5013,#5014);
#5013 = CARTESIAN_POINT('',(-4.634645296118,-9.699616640836));
#5014 = VECTOR('',#5015,1.);
#5015 = DIRECTION('',(0.923879532511,-0.382683432365));
#5016 = ( GEOMETRIC_REPRESENTATION_CONTEXT(2) 
PARAMETRIC_REPRESENTATION_CONTEXT() REPRESENTATION_CONTEXT('2D SPACE',''
  ) );
#5017 = PCURVE('',#5018,#5023);
#5018 = PLANE('',#5019);
#5019 = AXIS2_PLACEMENT_3D('',#5020,#5021,#5022);
#5020 = CARTESIAN_POINT('',(0.,9.699616640836,-4.634645296118));
#5021 = DIRECTION('',(0.,-0.923879532511,0.382683432365));
#5022 = DIRECTION('',(0.,0.382683432365,0.923879532511));
#5023 = DEFINITIONAL_REPRESENTATION('',(#5024),#5028);
#5024 = LINE('',#5025,#5026);
#5025 = CARTESIAN_POINT('',(0.,0.));
#5026 = VECTOR('',#5027,1.);
#5027 = DIRECTION('',(1.,0.));
#5028 = ( GEOMETRIC_REPRESENTATION_CONTEXT(2) 
PARAMETRIC_REPRESENTATION_CONTEXT() REPRESENTATION_CONTEXT('2D SPACE',''
  ) );
#5029 = ORIENTED_EDGE('',*,*,#5030,.T.);
#5030 = EDGE_CURVE('',#5003,#5031,#5033,.T.);
#5031 = VERTEX_POINT('',#5032);
#5032 = CARTESIAN_POINT('',(0.,10.632097159822,-3.756821780264));
#5033 = SURFACE_CURVE('',#5034,(#5038,#5045),.PCURVE_S1.);
#5034 = LINE('',#5035,#5036);
#5035 = CARTESIAN_POINT('',(0.,10.135853818924,-3.581475584366));
#5036 = VECTOR('',#5037,1.);
#5037 = DIRECTION('',(0.,0.942870122691,-0.333160519476));
#5038 = PCURVE('',#134,#5039);
#5039 = DEFINITIONAL_REPRESENTATION('',(#5040),#5044);
#5040 = LINE('',#5041,#5042);
#5041 = CARTESIAN_POINT('',(-3.581475584366,-10.13585381892));
#5042 = VECTOR('',#5043,1.);
#5043 = DIRECTION('',(-0.333160519476,-0.942870122691));
#5044 = ( GEOMETRIC_REPRESENTATION_CONTEXT(2) 
PARAMETRIC_REPRESENTATION_CONTEXT() REPRESENTATION_CONTEXT('2D SPACE',''
  ) );
#5045 = PCURVE('',#5046,#5051);
#5046 = PLANE('',#5047);
#5047 = AXIS2_PLACEMENT_3D('',#5048,#5049,#5050);
#5048 = CARTESIAN_POINT('',(0.,10.135853818924,-3.581475584366));
#5049 = DIRECTION('',(-0.,0.333160519476,0.942870122691));
#5050 = DIRECTION('',(0.,0.942870122691,-0.333160519476));
#5051 = DEFINITIONAL_REPRESENTATION('',(#5052),#5056);
#5052 = LINE('',#5053,#5054);
#5053 = CARTESIAN_POINT('',(0.,0.));
#5054 = VECTOR('',#5055,1.);
#5055 = DIRECTION('',(1.,0.));
#5056 = ( GEOMETRIC_REPRESENTATION_CONTEXT(2) 
PARAMETRIC_REPRESENTATION_CONTEXT() REPRESENTATION_CONTEXT('2D SPACE',''
  ) );
#5057 = ORIENTED_EDGE('',*,*,#5058,.T.);
#5058 = EDGE_CURVE('',#5031,#5059,#5061,.T.);
#5059 = VERTEX_POINT('',#5060);
#5060 = CARTESIAN_POINT('',(0.,12.468926587478,-3.677753357158));
#5061 = SURFACE_CURVE('',#5062,(#5072,#5085),.PCURVE_S1.);
#5062 = B_SPLINE_CURVE_WITH_KNOTS('',3,(#5063,#5064,#5065,#5066,#5067,
    #5068,#5069,#5070,#5071),.UNSPECIFIED.,.F.,.F.,(4,1,1,1,1,1,4),(0.,
    0.290524100267,0.58867032325,0.894177536695,1.207021205364,
    1.527193397443,1.854690543779),.UNSPECIFIED.);
#5063 = CARTESIAN_POINT('',(0.,10.632097159822,-3.756821780264));
#5064 = CARTESIAN_POINT('',(0.,10.726030178059,-3.78230605074));
#5065 = CARTESIAN_POINT('',(0.,10.919199290644,-3.81775756956));
#5066 = CARTESIAN_POINT('',(0.,11.217566387353,-3.833423851378));
#5067 = CARTESIAN_POINT('',(0.,11.523139671141,-3.826126173688));
#5068 = CARTESIAN_POINT('',(0.,11.834862361872,-3.796851783834));
#5069 = CARTESIAN_POINT('',(0.,12.15141164543,-3.747861289485));
#5070 = CARTESIAN_POINT('',(-0.,12.36274483329,-3.70301077523));
#5071 = CARTESIAN_POINT('',(0.,12.468926587478,-3.677753357158));
#5072 = PCURVE('',#134,#5073);
#5073 = DEFINITIONAL_REPRESENTATION('',(#5074),#5084);
#5074 = B_SPLINE_CURVE_WITH_KNOTS('',3,(#5075,#5076,#5077,#5078,#5079,
    #5080,#5081,#5082,#5083),.UNSPECIFIED.,.F.,.F.,(4,1,1,1,1,1,4),(0.,
    0.290524100267,0.58867032325,0.894177536695,1.207021205364,
    1.527193397443,1.854690543779),.UNSPECIFIED.);
#5075 = CARTESIAN_POINT('',(-3.756821780264,-10.63209715982));
#5076 = CARTESIAN_POINT('',(-3.78230605074,-10.72603017805));
#5077 = CARTESIAN_POINT('',(-3.81775756956,-10.91919929064));
#5078 = CARTESIAN_POINT('',(-3.833423851378,-11.21756638735));
#5079 = CARTESIAN_POINT('',(-3.826126173688,-11.52313967114));
#5080 = CARTESIAN_POINT('',(-3.796851783834,-11.83486236187));
#5081 = CARTESIAN_POINT('',(-3.747861289485,-12.15141164543));
#5082 = CARTESIAN_POINT('',(-3.70301077523,-12.36274483329));
#5083 = CARTESIAN_POINT('',(-3.677753357158,-12.46892658747));
#5084 = ( GEOMETRIC_REPRESENTATION_CONTEXT(2) 
PARAMETRIC_REPRESENTATION_CONTEXT() REPRESENTATION_CONTEXT('2D SPACE',''
  ) );
#5085 = PCURVE('',#5086,#5099);
#5086 = SURFACE_OF_LINEAR_EXTRUSION('',#5087,#5097);
#5087 = B_SPLINE_CURVE_WITH_KNOTS('',3,(#5088,#5089,#5090,#5091,#5092,
    #5093,#5094,#5095,#5096),.UNSPECIFIED.,.F.,.F.,(4,1,1,1,1,1,4),(0.,
    0.290524100267,0.58867032325,0.894177536695,1.207021205364,
    1.527193397443,1.854690543779),.UNSPECIFIED.);
#5088 = CARTESIAN_POINT('',(0.,10.632097159822,-3.756821780264));
#5089 = CARTESIAN_POINT('',(0.,10.726030178059,-3.78230605074));
#5090 = CARTESIAN_POINT('',(0.,10.919199290644,-3.81775756956));
#5091 = CARTESIAN_POINT('',(0.,11.217566387353,-3.833423851378));
#5092 = CARTESIAN_POINT('',(0.,11.523139671141,-3.826126173688));
#5093 = CARTESIAN_POINT('',(0.,11.834862361872,-3.796851783834));
#5094 = CARTESIAN_POINT('',(0.,12.15141164543,-3.747861289485));
#5095 = CARTESIAN_POINT('',(-0.,12.36274483329,-3.70301077523));
#5096 = CARTESIAN_POINT('',(0.,12.468926587478,-3.677753357158));
#5097 = VECTOR('',#5098,1.);
#5098 = DIRECTION('',(-1.,-0.,-0.));
#5099 = DEFINITIONAL_REPRESENTATION('',(#5100),#5104);
#5100 = LINE('',#5101,#5102);
#5101 = CARTESIAN_POINT('',(0.,0.));
#5102 = VECTOR('',#5103,1.);
#5103 = DIRECTION('',(1.,0.));
#5104 = ( GEOMETRIC_REPRESENTATION_CONTEXT(2) 
PARAMETRIC_REPRESENTATION_CONTEXT() REPRESENTATION_CONTEXT('2D SPACE',''
  ) );
#5105 = ORIENTED_EDGE('',*,*,#5106,.T.);
#5106 = EDGE_CURVE('',#5059,#5107,#5109,.T.);
#5107 = VERTEX_POINT('',#5108);
#5108 = CARTESIAN_POINT('',(0.,12.637283861258,-3.049435457586));
#5109 = SURFACE_CURVE('',#5110,(#5114,#5121),.PCURVE_S1.);
#5110 = LINE('',#5111,#5112);
#5111 = CARTESIAN_POINT('',(0.,12.468926587478,-3.677753357158));
#5112 = VECTOR('',#5113,1.);
#5113 = DIRECTION('',(0.,0.258819045103,0.965925826289));
#5114 = PCURVE('',#134,#5115);
#5115 = DEFINITIONAL_REPRESENTATION('',(#5116),#5120);
#5116 = LINE('',#5117,#5118);
#5117 = CARTESIAN_POINT('',(-3.677753357158,-12.46892658747));
#5118 = VECTOR('',#5119,1.);
#5119 = DIRECTION('',(0.965925826289,-0.258819045103));
#5120 = ( GEOMETRIC_REPRESENTATION_CONTEXT(2) 
PARAMETRIC_REPRESENTATION_CONTEXT() REPRESENTATION_CONTEXT('2D SPACE',''
  ) );
#5121 = PCURVE('',#5122,#5127);
#5122 = PLANE('',#5123);
#5123 = AXIS2_PLACEMENT_3D('',#5124,#5125,#5126);
#5124 = CARTESIAN_POINT('',(0.,12.468926587478,-3.677753357158));
#5125 = DIRECTION('',(0.,-0.965925826289,0.258819045103));
#5126 = DIRECTION('',(0.,0.258819045103,0.965925826289));
#5127 = DEFINITIONAL_REPRESENTATION('',(#5128),#5132);
#5128 = LINE('',#5129,#5130);
#5129 = CARTESIAN_POINT('',(0.,0.));
#5130 = VECTOR('',#5131,1.);
#5131 = DIRECTION('',(1.,0.));
#5132 = ( GEOMETRIC_REPRESENTATION_CONTEXT(2) 
PARAMETRIC_REPRESENTATION_CONTEXT() REPRESENTATION_CONTEXT('2D SPACE',''
  ) );
#5133 = ORIENTED_EDGE('',*,*,#5134,.T.);
#5134 = EDGE_CURVE('',#5107,#5135,#5137,.T.);
#5135 = VERTEX_POINT('',#5136);
#5136 = CARTESIAN_POINT('',(0.,11.086077126042,-2.062545480712));
#5137 = SURFACE_CURVE('',#5138,(#5148,#5161),.PCURVE_S1.);
#5138 = B_SPLINE_CURVE_WITH_KNOTS('',3,(#5139,#5140,#5141,#5142,#5143,
    #5144,#5145,#5146,#5147),.UNSPECIFIED.,.F.,.F.,(4,1,1,1,1,1,4),(0.,
    0.327497146337,0.647669338415,0.960513007084,1.266020220529,
    1.564166443513,1.854690543779),.UNSPECIFIED.);
#5139 = CARTESIAN_POINT('',(0.,12.637283861258,-3.049435457586));
#5140 = CARTESIAN_POINT('',(0.,12.557956473749,-2.974471014809));
#5141 = CARTESIAN_POINT('',(0.,12.397361821527,-2.829962736161));
#5142 = CARTESIAN_POINT('',(0.,12.147717347591,-2.629261081731));
#5143 = CARTESIAN_POINT('',(0.,11.892394773408,-2.448047371072));
#5144 = CARTESIAN_POINT('',(0.,11.631409385775,-2.28894075491));
#5145 = CARTESIAN_POINT('',(0.,11.365182759463,-2.153324604593));
#5146 = CARTESIAN_POINT('',(-0.,11.180167641328,-2.087441964201));
#5147 = CARTESIAN_POINT('',(0.,11.086077126042,-2.062545480712));
#5148 = PCURVE('',#134,#5149);
#5149 = DEFINITIONAL_REPRESENTATION('',(#5150),#5160);
#5150 = B_SPLINE_CURVE_WITH_KNOTS('',3,(#5151,#5152,#5153,#5154,#5155,
    #5156,#5157,#5158,#5159),.UNSPECIFIED.,.F.,.F.,(4,1,1,1,1,1,4),(0.,
    0.327497146337,0.647669338415,0.960513007084,1.266020220529,
    1.564166443513,1.854690543779),.UNSPECIFIED.);
#5151 = CARTESIAN_POINT('',(-3.049435457586,-12.63728386125));
#5152 = CARTESIAN_POINT('',(-2.974471014809,-12.55795647374));
#5153 = CARTESIAN_POINT('',(-2.829962736161,-12.39736182152));
#5154 = CARTESIAN_POINT('',(-2.629261081731,-12.14771734759));
#5155 = CARTESIAN_POINT('',(-2.448047371072,-11.8923947734));
#5156 = CARTESIAN_POINT('',(-2.28894075491,-11.63140938577));
#5157 = CARTESIAN_POINT('',(-2.153324604593,-11.36518275946));
#5158 = CARTESIAN_POINT('',(-2.087441964201,-11.18016764132));
#5159 = CARTESIAN_POINT('',(-2.062545480712,-11.08607712604));
#5160 = ( GEOMETRIC_REPRESENTATION_CONTEXT(2) 
PARAMETRIC_REPRESENTATION_CONTEXT() REPRESENTATION_CONTEXT('2D SPACE',''
  ) );
#5161 = PCURVE('',#5162,#5175);
#5162 = SURFACE_OF_LINEAR_EXTRUSION('',#5163,#5173);
#5163 = B_SPLINE_CURVE_WITH_KNOTS('',3,(#5164,#5165,#5166,#5167,#5168,
    #5169,#5170,#5171,#5172),.UNSPECIFIED.,.F.,.F.,(4,1,1,1,1,1,4),(0.,
    0.327497146337,0.647669338415,0.960513007084,1.266020220529,
    1.564166443513,1.854690543779),.UNSPECIFIED.);
#5164 = CARTESIAN_POINT('',(0.,12.637283861258,-3.049435457586));
#5165 = CARTESIAN_POINT('',(0.,12.557956473749,-2.974471014809));
#5166 = CARTESIAN_POINT('',(0.,12.397361821527,-2.829962736161));
#5167 = CARTESIAN_POINT('',(0.,12.147717347591,-2.629261081731));
#5168 = CARTESIAN_POINT('',(0.,11.892394773408,-2.448047371072));
#5169 = CARTESIAN_POINT('',(0.,11.631409385775,-2.28894075491));
#5170 = CARTESIAN_POINT('',(0.,11.365182759463,-2.153324604593));
#5171 = CARTESIAN_POINT('',(-0.,11.180167641328,-2.087441964201));
#5172 = CARTESIAN_POINT('',(0.,11.086077126042,-2.062545480712));
#5173 = VECTOR('',#5174,1.);
#5174 = DIRECTION('',(-1.,-0.,-0.));
#5175 = DEFINITIONAL_REPRESENTATION('',(#5176),#5180);
#5176 = LINE('',#5177,#5178);
#5177 = CARTESIAN_POINT('',(0.,0.));
#5178 = VECTOR('',#5179,1.);
#5179 = DIRECTION('',(1.,0.));
#5180 = ( GEOMETRIC_REPRESENTATION_CONTEXT(2) 
PARAMETRIC_REPRESENTATION_CONTEXT() REPRESENTATION_CONTEXT('2D SPACE',''
  ) );
#5181 = ORIENTED_EDGE('',*,*,#5182,.T.);
#5182 = EDGE_CURVE('',#5135,#150,#5183,.T.);
#5183 = SURFACE_CURVE('',#5184,(#5188,#5195),.PCURVE_S1.);
#5184 = LINE('',#5185,#5186);
#5185 = CARTESIAN_POINT('',(0.,11.086077126042,-2.062545480712));
#5186 = VECTOR('',#5187,1.);
#5187 = DIRECTION('',(0.,-0.983129738457,0.182909587941));
#5188 = PCURVE('',#134,#5189);
#5189 = DEFINITIONAL_REPRESENTATION('',(#5190),#5194);
#5190 = LINE('',#5191,#5192);
#5191 = CARTESIAN_POINT('',(-2.062545480712,-11.08607712604));
#5192 = VECTOR('',#5193,1.);
#5193 = DIRECTION('',(0.182909587941,0.983129738457));
#5194 = ( GEOMETRIC_REPRESENTATION_CONTEXT(2) 
PARAMETRIC_REPRESENTATION_CONTEXT() REPRESENTATION_CONTEXT('2D SPACE',''
  ) );
#5195 = PCURVE('',#167,#5196);
#5196 = DEFINITIONAL_REPRESENTATION('',(#5197),#5201);
#5197 = LINE('',#5198,#5199);
#5198 = CARTESIAN_POINT('',(0.,0.));
#5199 = VECTOR('',#5200,1.);
#5200 = DIRECTION('',(1.,0.));
#5201 = ( GEOMETRIC_REPRESENTATION_CONTEXT(2) 
PARAMETRIC_REPRESENTATION_CONTEXT() REPRESENTATION_CONTEXT('2D SPACE',''
  ) );
#5202 = ORIENTED_EDGE('',*,*,#201,.T.);
#5203 = FACE_BOUND('',#5204,.F.);
#5204 = EDGE_LOOP('',(#5205));
#5205 = ORIENTED_EDGE('',*,*,#5206,.T.);
#5206 = EDGE_CURVE('',#5207,#5207,#5209,.T.);
#5207 = VERTEX_POINT('',#5208);
#5208 = CARTESIAN_POINT('',(0.,8.5,0.));
#5209 = SURFACE_CURVE('',#5210,(#5215,#5226),.PCURVE_S1.);
#5210 = CIRCLE('',#5211,1.5);
#5211 = AXIS2_PLACEMENT_3D('',#5212,#5213,#5214);
#5212 = CARTESIAN_POINT('',(0.,7.,0.));
#5213 = DIRECTION('',(-1.,0.,0.));
#5214 = DIRECTION('',(0.,1.,0.));
#5215 = PCURVE('',#134,#5216);
#5216 = DEFINITIONAL_REPRESENTATION('',(#5217),#5225);
#5217 = ( BOUNDED_CURVE() B_SPLINE_CURVE(2,(#5218,#5219,#5220,#5221,
#5222,#5223,#5224),.UNSPECIFIED.,.T.,.F.) B_SPLINE_CURVE_WITH_KNOTS((1,2
    ,2,2,2,1),(-2.094395102393,0.,2.094395102393,4.188790204786,
6.28318530718,8.377580409573),.UNSPECIFIED.) CURVE() 
GEOMETRIC_REPRESENTATION_ITEM() RATIONAL_B_SPLINE_CURVE((1.,0.5,1.,0.5,
1.,0.5,1.)) REPRESENTATION_ITEM('') );
#5218 = CARTESIAN_POINT('',(-4.445581704826E-15,-8.5));
#5219 = CARTESIAN_POINT('',(-2.598076211353,-8.5));
#5220 = CARTESIAN_POINT('',(-1.299038105677,-6.25));
#5221 = CARTESIAN_POINT('',(-4.81297574457E-15,-4.));
#5222 = CARTESIAN_POINT('',(1.299038105677,-6.25));
#5223 = CARTESIAN_POINT('',(2.598076211353,-8.5));
#5224 = CARTESIAN_POINT('',(-4.445581704826E-15,-8.5));
#5225 = ( GEOMETRIC_REPRESENTATION_CONTEXT(2) 
PARAMETRIC_REPRESENTATION_CONTEXT() REPRESENTATION_CONTEXT('2D SPACE',''
  ) );
#5226 = PCURVE('',#5227,#5232);
#5227 = CYLINDRICAL_SURFACE('',#5228,1.5);
#5228 = AXIS2_PLACEMENT_3D('',#5229,#5230,#5231);
#5229 = CARTESIAN_POINT('',(-2.,7.,0.));
#5230 = DIRECTION('',(-1.,-0.,-0.));
#5231 = DIRECTION('',(0.,1.,0.));
#5232 = DEFINITIONAL_REPRESENTATION('',(#5233),#5237);
#5233 = LINE('',#5234,#5235);
#5234 = CARTESIAN_POINT('',(-6.28318530718,-2.));
#5235 = VECTOR('',#5236,1.);
#5236 = DIRECTION('',(1.,-0.));
#5237 = ( GEOMETRIC_REPRESENTATION_CONTEXT(2) 
PARAMETRIC_REPRESENTATION_CONTEXT() REPRESENTATION_CONTEXT('2D SPACE',''
  ) );
#5238 = FACE_BOUND('',#5239,.F.);
#5239 = EDGE_LOOP('',(#5240));
#5240 = ORIENTED_EDGE('',*,*,#5241,.T.);
#5241 = EDGE_CURVE('',#5242,#5242,#5244,.T.);
#5242 = VERTEX_POINT('',#5243);
#5243 = CARTESIAN_POINT('',(0.,2.5,0.));
#5244 = SURFACE_CURVE('',#5245,(#5250,#5261),.PCURVE_S1.);
#5245 = CIRCLE('',#5246,2.5);
#5246 = AXIS2_PLACEMENT_3D('',#5247,#5248,#5249);
#5247 = CARTESIAN_POINT('',(0.,0.,0.));
#5248 = DIRECTION('',(-1.,0.,0.));
#5249 = DIRECTION('',(0.,1.,0.));
#5250 = PCURVE('',#134,#5251);
#5251 = DEFINITIONAL_REPRESENTATION('',(#5252),#5260);
#5252 = ( BOUNDED_CURVE() B_SPLINE_CURVE(2,(#5253,#5254,#5255,#5256,
#5257,#5258,#5259),.UNSPECIFIED.,.T.,.F.) B_SPLINE_CURVE_WITH_KNOTS((1,2
    ,2,2,2,1),(-2.094395102393,0.,2.094395102393,4.188790204786,
6.28318530718,8.377580409573),.UNSPECIFIED.) CURVE() 
GEOMETRIC_REPRESENTATION_ITEM() RATIONAL_B_SPLINE_CURVE((1.,0.5,1.,0.5,
1.,0.5,1.)) REPRESENTATION_ITEM('') );
#5253 = CARTESIAN_POINT('',(-4.445581704826E-15,-2.5));
#5254 = CARTESIAN_POINT('',(-4.330127018922,-2.5));
#5255 = CARTESIAN_POINT('',(-2.165063509461,1.25));
#5256 = CARTESIAN_POINT('',(-5.0579051044E-15,5.));
#5257 = CARTESIAN_POINT('',(2.165063509461,1.25));
#5258 = CARTESIAN_POINT('',(4.330127018922,-2.5));
#5259 = CARTESIAN_POINT('',(-4.445581704826E-15,-2.5));
#5260 = ( GEOMETRIC_REPRESENTATION_CONTEXT(2) 
PARAMETRIC_REPRESENTATION_CONTEXT() REPRESENTATION_CONTEXT('2D SPACE',''
  ) );
#5261 = PCURVE('',#5262,#5267);
#5262 = CYLINDRICAL_SURFACE('',#5263,2.5);
#5263 = AXIS2_PLACEMENT_3D('',#5264,#5265,#5266);
#5264 = CARTESIAN_POINT('',(-2.,0.,0.));
#5265 = DIRECTION('',(-1.,-0.,-0.));
#5266 = DIRECTION('',(0.,1.,0.));
#5267 = DEFINITIONAL_REPRESENTATION('',(#5268),#5272);
#5268 = LINE('',#5269,#5270);
#5269 = CARTESIAN_POINT('',(-6.28318530718,-2.));
#5270 = VECTOR('',#5271,1.);
#5271 = DIRECTION('',(1.,-0.));
#5272 = ( GEOMETRIC_REPRESENTATION_CONTEXT(2) 
PARAMETRIC_REPRESENTATION_CONTEXT() REPRESENTATION_CONTEXT('2D SPACE',''
  ) );
#5273 = FACE_BOUND('',#5274,.F.);
#5274 = EDGE_LOOP('',(#5275));
#5275 = ORIENTED_EDGE('',*,*,#5276,.T.);
#5276 = EDGE_CURVE('',#5277,#5277,#5279,.T.);
#5277 = VERTEX_POINT('',#5278);
#5278 = CARTESIAN_POINT('',(0.,-2.,-6.062177826491));
#5279 = SURFACE_CURVE('',#5280,(#5285,#5296),.PCURVE_S1.);
#5280 = CIRCLE('',#5281,1.5);
#5281 = AXIS2_PLACEMENT_3D('',#5282,#5283,#5284);
#5282 = CARTESIAN_POINT('',(0.,-3.5,-6.062177826491));
#5283 = DIRECTION('',(-1.,0.,0.));
#5284 = DIRECTION('',(0.,1.,0.));
#5285 = PCURVE('',#134,#5286);
#5286 = DEFINITIONAL_REPRESENTATION('',(#5287),#5295);
#5287 = ( BOUNDED_CURVE() B_SPLINE_CURVE(2,(#5288,#5289,#5290,#5291,
#5292,#5293,#5294),.UNSPECIFIED.,.T.,.F.) B_SPLINE_CURVE_WITH_KNOTS((1,2
    ,2,2,2,1),(-2.094395102393,0.,2.094395102393,4.188790204786,
6.28318530718,8.377580409573),.UNSPECIFIED.) CURVE() 
GEOMETRIC_REPRESENTATION_ITEM() RATIONAL_B_SPLINE_CURVE((1.,0.5,1.,0.5,
1.,0.5,1.)) REPRESENTATION_ITEM('') );
#5288 = CARTESIAN_POINT('',(-6.062177826491,2.));
#5289 = CARTESIAN_POINT('',(-8.660254037844,2.));
#5290 = CARTESIAN_POINT('',(-7.361215932168,4.25));
#5291 = CARTESIAN_POINT('',(-6.062177826491,6.5));
#5292 = CARTESIAN_POINT('',(-4.763139720814,4.25));
#5293 = CARTESIAN_POINT('',(-3.464101615138,2.));
#5294 = CARTESIAN_POINT('',(-6.062177826491,2.));
#5295 = ( GEOMETRIC_REPRESENTATION_CONTEXT(2) 
PARAMETRIC_REPRESENTATION_CONTEXT() REPRESENTATION_CONTEXT('2D SPACE',''
  ) );
#5296 = PCURVE('',#5297,#5302);
#5297 = CYLINDRICAL_SURFACE('',#5298,1.5);
#5298 = AXIS2_PLACEMENT_3D('',#5299,#5300,#5301);
#5299 = CARTESIAN_POINT('',(-2.,-3.5,-6.062177826491));
#5300 = DIRECTION('',(-1.,-0.,-0.));
#5301 = DIRECTION('',(0.,1.,0.));
#5302 = DEFINITIONAL_REPRESENTATION('',(#5303),#5307);
#5303 = LINE('',#5304,#5305);
#5304 = CARTESIAN_POINT('',(-6.28318530718,-2.));
#5305 = VECTOR('',#5306,1.);
#5306 = DIRECTION('',(1.,-0.));
#5307 = ( GEOMETRIC_REPRESENTATION_CONTEXT(2) 
PARAMETRIC_REPRESENTATION_CONTEXT() REPRESENTATION_CONTEXT('2D SPACE',''
  ) );
#5308 = FACE_BOUND('',#5309,.F.);
#5309 = EDGE_LOOP('',(#5310));
#5310 = ORIENTED_EDGE('',*,*,#5311,.T.);
#5311 = EDGE_CURVE('',#5312,#5312,#5314,.T.);
#5312 = VERTEX_POINT('',#5313);
#5313 = CARTESIAN_POINT('',(0.,-2.,6.062177826491));
#5314 = SURFACE_CURVE('',#5315,(#5320,#5331),.PCURVE_S1.);
#5315 = CIRCLE('',#5316,1.5);
#5316 = AXIS2_PLACEMENT_3D('',#5317,#5318,#5319);
#5317 = CARTESIAN_POINT('',(0.,-3.5,6.062177826491));
#5318 = DIRECTION('',(-1.,0.,0.));
#5319 = DIRECTION('',(0.,1.,0.));
#5320 = PCURVE('',#134,#5321);
#5321 = DEFINITIONAL_REPRESENTATION('',(#5322),#5330);
#5322 = ( BOUNDED_CURVE() B_SPLINE_CURVE(2,(#5323,#5324,#5325,#5326,
#5327,#5328,#5329),.UNSPECIFIED.,.T.,.F.) B_SPLINE_CURVE_WITH_KNOTS((1,2
    ,2,2,2,1),(-2.094395102393,0.,2.094395102393,4.188790204786,
6.28318530718,8.377580409573),.UNSPECIFIED.) CURVE() 
GEOMETRIC_REPRESENTATION_ITEM() RATIONAL_B_SPLINE_CURVE((1.,0.5,1.,0.5,
1.,0.5,1.)) REPRESENTATION_ITEM('') );
#5323 = CARTESIAN_POINT('',(6.062177826491,2.));
#5324 = CARTESIAN_POINT('',(3.464101615138,2.));
#5325 = CARTESIAN_POINT('',(4.763139720814,4.25));
#5326 = CARTESIAN_POINT('',(6.062177826491,6.5));
#5327 = CARTESIAN_POINT('',(7.361215932168,4.25));
#5328 = CARTESIAN_POINT('',(8.660254037844,2.));
#5329 = CARTESIAN_POINT('',(6.062177826491,2.));
#5330 = ( GEOMETRIC_REPRESENTATION_CONTEXT(2) 
PARAMETRIC_REPRESENTATION_CONTEXT() REPRESENTATION_CONTEXT('2D SPACE',''
  ) );
#5331 = PCURVE('',#5332,#5337);
#5332 = CYLINDRICAL_SURFACE('',#5333,1.5);
#5333 = AXIS2_PLACEMENT_3D('',#5334,#5335,#5336);
#5334 = CARTESIAN_POINT('',(-2.,-3.5,6.062177826491));
#5335 = DIRECTION('',(-1.,-0.,-0.));
#5336 = DIRECTION('',(0.,1.,0.));
#5337 = DEFINITIONAL_REPRESENTATION('',(#5338),#5342);
#5338 = LINE('',#5339,#5340);
#5339 = CARTESIAN_POINT('',(-6.28318530718,-2.));
#5340 = VECTOR('',#5341,1.);
#5341 = DIRECTION('',(1.,-0.));
#5342 = ( GEOMETRIC_REPRESENTATION_CONTEXT(2) 
PARAMETRIC_REPRESENTATION_CONTEXT() REPRESENTATION_CONTEXT('2D SPACE',''
  ) );
#5343 = ADVANCED_FACE('',(#5344,#9154,#9184,#9214,#9244),#72,.T.);
#5344 = FACE_BOUND('',#5345,.T.);
#5345 = EDGE_LOOP('',(#5346,#5347,#5348,#5371,#5406,#5429,#5452,#5475,
    #5510,#5533,#5568,#5591,#5614,#5637,#5672,#5695,#5730,#5753,#5776,
    #5799,#5834,#5857,#5892,#5915,#5938,#5961,#5996,#6019,#6054,#6077,
    #6100,#6123,#6158,#6181,#6216,#6239,#6262,#6285,#6320,#6343,#6378,
    #6401,#6424,#6447,#6482,#6505,#6540,#6563,#6586,#6609,#6644,#6667,
    #6702,#6725,#6748,#6771,#6806,#6829,#6864,#6887,#6910,#6933,#6968,
    #6991,#7026,#7049,#7072,#7095,#7130,#7153,#7188,#7211,#7234,#7257,
    #7292,#7315,#7350,#7373,#7396,#7419,#7454,#7477,#7512,#7535,#7558,
    #7581,#7616,#7639,#7674,#7697,#7720,#7743,#7778,#7801,#7836,#7859,
    #7882,#7905,#7940,#7963,#7998,#8021,#8044,#8067,#8102,#8125,#8160,
    #8183,#8206,#8229,#8264,#8287,#8322,#8345,#8368,#8391,#8426,#8449,
    #8484,#8507,#8530,#8553,#8588,#8611,#8646,#8669,#8692,#8715,#8750,
    #8773,#8808,#8831,#8854,#8877,#8912,#8935,#8970,#8993,#9016,#9039,
    #9074,#9097,#9132,#9153));
#5346 = ORIENTED_EDGE('',*,*,#56,.T.);
#5347 = ORIENTED_EDGE('',*,*,#226,.T.);
#5348 = ORIENTED_EDGE('',*,*,#5349,.T.);
#5349 = EDGE_CURVE('',#227,#5350,#5352,.T.);
#5350 = VERTEX_POINT('',#5351);
#5351 = CARTESIAN_POINT('',(8.,12.99593082897,0.325241277576));
#5352 = SURFACE_CURVE('',#5353,(#5357,#5364),.PCURVE_S1.);
#5353 = LINE('',#5354,#5355);
#5354 = CARTESIAN_POINT('',(8.,12.99593082897,-0.325241277576));
#5355 = VECTOR('',#5356,1.);
#5356 = DIRECTION('',(0.,0.,1.));
#5357 = PCURVE('',#72,#5358);
#5358 = DEFINITIONAL_REPRESENTATION('',(#5359),#5363);
#5359 = LINE('',#5360,#5361);
#5360 = CARTESIAN_POINT('',(-0.325241277576,-12.99593082897));
#5361 = VECTOR('',#5362,1.);
#5362 = DIRECTION('',(1.,0.));
#5363 = ( GEOMETRIC_REPRESENTATION_CONTEXT(2) 
PARAMETRIC_REPRESENTATION_CONTEXT() REPRESENTATION_CONTEXT('2D SPACE',''
  ) );
#5364 = PCURVE('',#277,#5365);
#5365 = DEFINITIONAL_REPRESENTATION('',(#5366),#5370);
#5366 = LINE('',#5367,#5368);
#5367 = CARTESIAN_POINT('',(0.,-8.));
#5368 = VECTOR('',#5369,1.);
#5369 = DIRECTION('',(1.,0.));
#5370 = ( GEOMETRIC_REPRESENTATION_CONTEXT(2) 
PARAMETRIC_REPRESENTATION_CONTEXT() REPRESENTATION_CONTEXT('2D SPACE',''
  ) );
#5371 = ORIENTED_EDGE('',*,*,#5372,.T.);
#5372 = EDGE_CURVE('',#5350,#5373,#5375,.T.);
#5373 = VERTEX_POINT('',#5374);
#5374 = CARTESIAN_POINT('',(8.,11.242154260075,0.87702194798));
#5375 = SURFACE_CURVE('',#5376,(#5386,#5399),.PCURVE_S1.);
#5376 = B_SPLINE_CURVE_WITH_KNOTS('',3,(#5377,#5378,#5379,#5380,#5381,
    #5382,#5383,#5384,#5385),.UNSPECIFIED.,.F.,.F.,(4,1,1,1,1,1,4),(0.,
    0.327497146337,0.647669338415,0.960513007084,1.266020220529,
    1.564166443513,1.854690543779),.UNSPECIFIED.);
#5377 = CARTESIAN_POINT('',(8.,12.99593082897,0.325241277576));
#5378 = CARTESIAN_POINT('',(8.,12.899904231146,0.377119930223));
#5379 = CARTESIAN_POINT('',(8.,12.707380214312,0.475139254144));
#5380 = CARTESIAN_POINT('',(8.,12.414296758997,0.604389421178));
#5381 = CARTESIAN_POINT('',(8.,12.120772531006,0.713346079538));
#5382 = CARTESIAN_POINT('',(8.,11.827500182343,0.799483280409));
#5383 = CARTESIAN_POINT('',(8.,11.535244965817,0.86157390126));
#5384 = CARTESIAN_POINT('',(8.,11.339482402881,0.877326208913));
#5385 = CARTESIAN_POINT('',(8.,11.242154260075,0.87702194798));
#5386 = PCURVE('',#72,#5387);
#5387 = DEFINITIONAL_REPRESENTATION('',(#5388),#5398);
#5388 = B_SPLINE_CURVE_WITH_KNOTS('',3,(#5389,#5390,#5391,#5392,#5393,
    #5394,#5395,#5396,#5397),.UNSPECIFIED.,.F.,.F.,(4,1,1,1,1,1,4),(0.,
    0.327497146337,0.647669338415,0.960513007084,1.266020220529,
    1.564166443513,1.854690543779),.UNSPECIFIED.);
#5389 = CARTESIAN_POINT('',(0.325241277576,-12.99593082897));
#5390 = CARTESIAN_POINT('',(0.377119930223,-12.89990423114));
#5391 = CARTESIAN_POINT('',(0.475139254144,-12.70738021431));
#5392 = CARTESIAN_POINT('',(0.604389421178,-12.41429675899));
#5393 = CARTESIAN_POINT('',(0.713346079538,-12.120772531));
#5394 = CARTESIAN_POINT('',(0.799483280409,-11.82750018234));
#5395 = CARTESIAN_POINT('',(0.86157390126,-11.53524496581));
#5396 = CARTESIAN_POINT('',(0.877326208913,-11.33948240288));
#5397 = CARTESIAN_POINT('',(0.87702194798,-11.24215426007));
#5398 = ( GEOMETRIC_REPRESENTATION_CONTEXT(2) 
PARAMETRIC_REPRESENTATION_CONTEXT() REPRESENTATION_CONTEXT('2D SPACE',''
  ) );
#5399 = PCURVE('',#378,#5400);
#5400 = DEFINITIONAL_REPRESENTATION('',(#5401),#5405);
#5401 = LINE('',#5402,#5403);
#5402 = CARTESIAN_POINT('',(0.,-8.));
#5403 = VECTOR('',#5404,1.);
#5404 = DIRECTION('',(1.,0.));
#5405 = ( GEOMETRIC_REPRESENTATION_CONTEXT(2) 
PARAMETRIC_REPRESENTATION_CONTEXT() REPRESENTATION_CONTEXT('2D SPACE',''
  ) );
#5406 = ORIENTED_EDGE('',*,*,#5407,.T.);
#5407 = EDGE_CURVE('',#5373,#5408,#5410,.T.);
#5408 = VERTEX_POINT('',#5409);
#5409 = CARTESIAN_POINT('',(8.,10.717437065993,0.83608775645));
#5410 = SURFACE_CURVE('',#5411,(#5415,#5422),.PCURVE_S1.);
#5411 = LINE('',#5412,#5413);
#5412 = CARTESIAN_POINT('',(8.,11.242154260075,0.87702194798));
#5413 = VECTOR('',#5414,1.);
#5414 = DIRECTION('',(0.,-0.99697088986,-7.777560525116E-02));
#5415 = PCURVE('',#72,#5416);
#5416 = DEFINITIONAL_REPRESENTATION('',(#5417),#5421);
#5417 = LINE('',#5418,#5419);
#5418 = CARTESIAN_POINT('',(0.87702194798,-11.24215426007));
#5419 = VECTOR('',#5420,1.);
#5420 = DIRECTION('',(-7.777560525116E-02,0.99697088986));
#5421 = ( GEOMETRIC_REPRESENTATION_CONTEXT(2) 
PARAMETRIC_REPRESENTATION_CONTEXT() REPRESENTATION_CONTEXT('2D SPACE',''
  ) );
#5422 = PCURVE('',#414,#5423);
#5423 = DEFINITIONAL_REPRESENTATION('',(#5424),#5428);
#5424 = LINE('',#5425,#5426);
#5425 = CARTESIAN_POINT('',(0.,-8.));
#5426 = VECTOR('',#5427,1.);
#5427 = DIRECTION('',(1.,0.));
#5428 = ( GEOMETRIC_REPRESENTATION_CONTEXT(2) 
PARAMETRIC_REPRESENTATION_CONTEXT() REPRESENTATION_CONTEXT('2D SPACE',''
  ) );
#5429 = ORIENTED_EDGE('',*,*,#5430,.T.);
#5430 = EDGE_CURVE('',#5408,#5431,#5433,.T.);
#5431 = VERTEX_POINT('',#5432);
#5432 = CARTESIAN_POINT('',(8.,10.568644688416,1.966278070367));
#5433 = SURFACE_CURVE('',#5434,(#5438,#5445),.PCURVE_S1.);
#5434 = LINE('',#5435,#5436);
#5435 = CARTESIAN_POINT('',(8.,10.717437065993,0.83608775645));
#5436 = VECTOR('',#5437,1.);
#5437 = DIRECTION('',(0.,-0.13052619222,0.991444861374));
#5438 = PCURVE('',#72,#5439);
#5439 = DEFINITIONAL_REPRESENTATION('',(#5440),#5444);
#5440 = LINE('',#5441,#5442);
#5441 = CARTESIAN_POINT('',(0.83608775645,-10.71743706599));
#5442 = VECTOR('',#5443,1.);
#5443 = DIRECTION('',(0.991444861374,0.13052619222));
#5444 = ( GEOMETRIC_REPRESENTATION_CONTEXT(2) 
PARAMETRIC_REPRESENTATION_CONTEXT() REPRESENTATION_CONTEXT('2D SPACE',''
  ) );
#5445 = PCURVE('',#442,#5446);
#5446 = DEFINITIONAL_REPRESENTATION('',(#5447),#5451);
#5447 = LINE('',#5448,#5449);
#5448 = CARTESIAN_POINT('',(0.,-8.));
#5449 = VECTOR('',#5450,1.);
#5450 = DIRECTION('',(1.,0.));
#5451 = ( GEOMETRIC_REPRESENTATION_CONTEXT(2) 
PARAMETRIC_REPRESENTATION_CONTEXT() REPRESENTATION_CONTEXT('2D SPACE',''
  ) );
#5452 = ORIENTED_EDGE('',*,*,#5453,.T.);
#5453 = EDGE_CURVE('',#5431,#5454,#5456,.T.);
#5454 = VERTEX_POINT('',#5455);
#5455 = CARTESIAN_POINT('',(8.,11.086077126042,2.062545480712));
#5456 = SURFACE_CURVE('',#5457,(#5461,#5468),.PCURVE_S1.);
#5457 = LINE('',#5458,#5459);
#5458 = CARTESIAN_POINT('',(8.,10.568644688416,1.966278070367));
#5459 = VECTOR('',#5460,1.);
#5460 = DIRECTION('',(0.,0.983129738457,0.182909587941));
#5461 = PCURVE('',#72,#5462);
#5462 = DEFINITIONAL_REPRESENTATION('',(#5463),#5467);
#5463 = LINE('',#5464,#5465);
#5464 = CARTESIAN_POINT('',(1.966278070367,-10.56864468841));
#5465 = VECTOR('',#5466,1.);
#5466 = DIRECTION('',(0.182909587941,-0.983129738457));
#5467 = ( GEOMETRIC_REPRESENTATION_CONTEXT(2) 
PARAMETRIC_REPRESENTATION_CONTEXT() REPRESENTATION_CONTEXT('2D SPACE',''
  ) );
#5468 = PCURVE('',#470,#5469);
#5469 = DEFINITIONAL_REPRESENTATION('',(#5470),#5474);
#5470 = LINE('',#5471,#5472);
#5471 = CARTESIAN_POINT('',(0.,-8.));
#5472 = VECTOR('',#5473,1.);
#5473 = DIRECTION('',(1.,0.));
#5474 = ( GEOMETRIC_REPRESENTATION_CONTEXT(2) 
PARAMETRIC_REPRESENTATION_CONTEXT() REPRESENTATION_CONTEXT('2D SPACE',''
  ) );
#5475 = ORIENTED_EDGE('',*,*,#5476,.T.);
#5476 = EDGE_CURVE('',#5454,#5477,#5479,.T.);
#5477 = VERTEX_POINT('',#5478);
#5478 = CARTESIAN_POINT('',(8.,12.637283861258,3.049435457586));
#5479 = SURFACE_CURVE('',#5480,(#5490,#5503),.PCURVE_S1.);
#5480 = B_SPLINE_CURVE_WITH_KNOTS('',3,(#5481,#5482,#5483,#5484,#5485,
    #5486,#5487,#5488,#5489),.UNSPECIFIED.,.F.,.F.,(4,1,1,1,1,1,4),(0.,
    0.290524100267,0.58867032325,0.894177536695,1.207021205364,
    1.527193397443,1.854690543779),.UNSPECIFIED.);
#5481 = CARTESIAN_POINT('',(8.,11.086077126042,2.062545480712));
#5482 = CARTESIAN_POINT('',(8.,11.180167641328,2.087441964201));
#5483 = CARTESIAN_POINT('',(8.,11.365182759463,2.153324604593));
#5484 = CARTESIAN_POINT('',(8.,11.631409385775,2.28894075491));
#5485 = CARTESIAN_POINT('',(8.,11.892394773408,2.448047371072));
#5486 = CARTESIAN_POINT('',(8.,12.147717347591,2.629261081731));
#5487 = CARTESIAN_POINT('',(8.,12.397361821527,2.829962736161));
#5488 = CARTESIAN_POINT('',(8.,12.557956473749,2.974471014809));
#5489 = CARTESIAN_POINT('',(8.,12.637283861258,3.049435457586));
#5490 = PCURVE('',#72,#5491);
#5491 = DEFINITIONAL_REPRESENTATION('',(#5492),#5502);
#5492 = B_SPLINE_CURVE_WITH_KNOTS('',3,(#5493,#5494,#5495,#5496,#5497,
    #5498,#5499,#5500,#5501),.UNSPECIFIED.,.F.,.F.,(4,1,1,1,1,1,4),(0.,
    0.290524100267,0.58867032325,0.894177536695,1.207021205364,
    1.527193397443,1.854690543779),.UNSPECIFIED.);
#5493 = CARTESIAN_POINT('',(2.062545480712,-11.08607712604));
#5494 = CARTESIAN_POINT('',(2.087441964201,-11.18016764132));
#5495 = CARTESIAN_POINT('',(2.153324604593,-11.36518275946));
#5496 = CARTESIAN_POINT('',(2.28894075491,-11.63140938577));
#5497 = CARTESIAN_POINT('',(2.448047371072,-11.8923947734));
#5498 = CARTESIAN_POINT('',(2.629261081731,-12.14771734759));
#5499 = CARTESIAN_POINT('',(2.829962736161,-12.39736182152));
#5500 = CARTESIAN_POINT('',(2.974471014809,-12.55795647374));
#5501 = CARTESIAN_POINT('',(3.049435457586,-12.63728386125));
#5502 = ( GEOMETRIC_REPRESENTATION_CONTEXT(2) 
PARAMETRIC_REPRESENTATION_CONTEXT() REPRESENTATION_CONTEXT('2D SPACE',''
  ) );
#5503 = PCURVE('',#510,#5504);
#5504 = DEFINITIONAL_REPRESENTATION('',(#5505),#5509);
#5505 = LINE('',#5506,#5507);
#5506 = CARTESIAN_POINT('',(0.,-8.));
#5507 = VECTOR('',#5508,1.);
#5508 = DIRECTION('',(1.,0.));
#5509 = ( GEOMETRIC_REPRESENTATION_CONTEXT(2) 
PARAMETRIC_REPRESENTATION_CONTEXT() REPRESENTATION_CONTEXT('2D SPACE',''
  ) );
#5510 = ORIENTED_EDGE('',*,*,#5511,.T.);
#5511 = EDGE_CURVE('',#5477,#5512,#5514,.T.);
#5512 = VERTEX_POINT('',#5513);
#5513 = CARTESIAN_POINT('',(8.,12.468926587478,3.677753357158));
#5514 = SURFACE_CURVE('',#5515,(#5519,#5526),.PCURVE_S1.);
#5515 = LINE('',#5516,#5517);
#5516 = CARTESIAN_POINT('',(8.,12.637283861258,3.049435457586));
#5517 = VECTOR('',#5518,1.);
#5518 = DIRECTION('',(0.,-0.258819045103,0.965925826289));
#5519 = PCURVE('',#72,#5520);
#5520 = DEFINITIONAL_REPRESENTATION('',(#5521),#5525);
#5521 = LINE('',#5522,#5523);
#5522 = CARTESIAN_POINT('',(3.049435457586,-12.63728386125));
#5523 = VECTOR('',#5524,1.);
#5524 = DIRECTION('',(0.965925826289,0.258819045103));
#5525 = ( GEOMETRIC_REPRESENTATION_CONTEXT(2) 
PARAMETRIC_REPRESENTATION_CONTEXT() REPRESENTATION_CONTEXT('2D SPACE',''
  ) );
#5526 = PCURVE('',#546,#5527);
#5527 = DEFINITIONAL_REPRESENTATION('',(#5528),#5532);
#5528 = LINE('',#5529,#5530);
#5529 = CARTESIAN_POINT('',(0.,-8.));
#5530 = VECTOR('',#5531,1.);
#5531 = DIRECTION('',(1.,0.));
#5532 = ( GEOMETRIC_REPRESENTATION_CONTEXT(2) 
PARAMETRIC_REPRESENTATION_CONTEXT() REPRESENTATION_CONTEXT('2D SPACE',''
  ) );
#5533 = ORIENTED_EDGE('',*,*,#5534,.T.);
#5534 = EDGE_CURVE('',#5512,#5535,#5537,.T.);
#5535 = VERTEX_POINT('',#5536);
#5536 = CARTESIAN_POINT('',(8.,10.632097159822,3.756821780264));
#5537 = SURFACE_CURVE('',#5538,(#5548,#5561),.PCURVE_S1.);
#5538 = B_SPLINE_CURVE_WITH_KNOTS('',3,(#5539,#5540,#5541,#5542,#5543,
    #5544,#5545,#5546,#5547),.UNSPECIFIED.,.F.,.F.,(4,1,1,1,1,1,4),(0.,
    0.327497146337,0.647669338416,0.960513007084,1.266020220529,
    1.564166443513,1.854690543779),.UNSPECIFIED.);
#5539 = CARTESIAN_POINT('',(8.,12.468926587478,3.677753357158));
#5540 = CARTESIAN_POINT('',(8.,12.36274483329,3.70301077523));
#5541 = CARTESIAN_POINT('',(8.,12.15141164543,3.747861289485));
#5542 = CARTESIAN_POINT('',(8.,11.834862361872,3.796851783834));
#5543 = CARTESIAN_POINT('',(8.,11.523139671141,3.826126173688));
#5544 = CARTESIAN_POINT('',(8.,11.217566387353,3.833423851378));
#5545 = CARTESIAN_POINT('',(8.,10.919199290644,3.81775756956));
#5546 = CARTESIAN_POINT('',(8.,10.726030178059,3.78230605074));
#5547 = CARTESIAN_POINT('',(8.,10.632097159822,3.756821780264));
#5548 = PCURVE('',#72,#5549);
#5549 = DEFINITIONAL_REPRESENTATION('',(#5550),#5560);
#5550 = B_SPLINE_CURVE_WITH_KNOTS('',3,(#5551,#5552,#5553,#5554,#5555,
    #5556,#5557,#5558,#5559),.UNSPECIFIED.,.F.,.F.,(4,1,1,1,1,1,4),(0.,
    0.327497146337,0.647669338416,0.960513007084,1.266020220529,
    1.564166443513,1.854690543779),.UNSPECIFIED.);
#5551 = CARTESIAN_POINT('',(3.677753357158,-12.46892658747));
#5552 = CARTESIAN_POINT('',(3.70301077523,-12.36274483329));
#5553 = CARTESIAN_POINT('',(3.747861289485,-12.15141164543));
#5554 = CARTESIAN_POINT('',(3.796851783834,-11.83486236187));
#5555 = CARTESIAN_POINT('',(3.826126173688,-11.52313967114));
#5556 = CARTESIAN_POINT('',(3.833423851378,-11.21756638735));
#5557 = CARTESIAN_POINT('',(3.81775756956,-10.91919929064));
#5558 = CARTESIAN_POINT('',(3.78230605074,-10.72603017805));
#5559 = CARTESIAN_POINT('',(3.756821780264,-10.63209715982));
#5560 = ( GEOMETRIC_REPRESENTATION_CONTEXT(2) 
PARAMETRIC_REPRESENTATION_CONTEXT() REPRESENTATION_CONTEXT('2D SPACE',''
  ) );
#5561 = PCURVE('',#586,#5562);
#5562 = DEFINITIONAL_REPRESENTATION('',(#5563),#5567);
#5563 = LINE('',#5564,#5565);
#5564 = CARTESIAN_POINT('',(0.,-8.));
#5565 = VECTOR('',#5566,1.);
#5566 = DIRECTION('',(1.,0.));
#5567 = ( GEOMETRIC_REPRESENTATION_CONTEXT(2) 
PARAMETRIC_REPRESENTATION_CONTEXT() REPRESENTATION_CONTEXT('2D SPACE',''
  ) );
#5568 = ORIENTED_EDGE('',*,*,#5569,.T.);
#5569 = EDGE_CURVE('',#5535,#5570,#5572,.T.);
#5570 = VERTEX_POINT('',#5571);
#5571 = CARTESIAN_POINT('',(8.,10.135853818924,3.581475584366));
#5572 = SURFACE_CURVE('',#5573,(#5577,#5584),.PCURVE_S1.);
#5573 = LINE('',#5574,#5575);
#5574 = CARTESIAN_POINT('',(8.,10.632097159822,3.756821780264));
#5575 = VECTOR('',#5576,1.);
#5576 = DIRECTION('',(0.,-0.942870122691,-0.333160519476));
#5577 = PCURVE('',#72,#5578);
#5578 = DEFINITIONAL_REPRESENTATION('',(#5579),#5583);
#5579 = LINE('',#5580,#5581);
#5580 = CARTESIAN_POINT('',(3.756821780264,-10.63209715982));
#5581 = VECTOR('',#5582,1.);
#5582 = DIRECTION('',(-0.333160519476,0.942870122691));
#5583 = ( GEOMETRIC_REPRESENTATION_CONTEXT(2) 
PARAMETRIC_REPRESENTATION_CONTEXT() REPRESENTATION_CONTEXT('2D SPACE',''
  ) );
#5584 = PCURVE('',#622,#5585);
#5585 = DEFINITIONAL_REPRESENTATION('',(#5586),#5590);
#5586 = LINE('',#5587,#5588);
#5587 = CARTESIAN_POINT('',(0.,-8.));
#5588 = VECTOR('',#5589,1.);
#5589 = DIRECTION('',(1.,0.));
#5590 = ( GEOMETRIC_REPRESENTATION_CONTEXT(2) 
PARAMETRIC_REPRESENTATION_CONTEXT() REPRESENTATION_CONTEXT('2D SPACE',''
  ) );
#5591 = ORIENTED_EDGE('',*,*,#5592,.T.);
#5592 = EDGE_CURVE('',#5570,#5593,#5595,.T.);
#5593 = VERTEX_POINT('',#5594);
#5594 = CARTESIAN_POINT('',(8.,9.699616640836,4.634645296118));
#5595 = SURFACE_CURVE('',#5596,(#5600,#5607),.PCURVE_S1.);
#5596 = LINE('',#5597,#5598);
#5597 = CARTESIAN_POINT('',(8.,10.135853818924,3.581475584366));
#5598 = VECTOR('',#5599,1.);
#5599 = DIRECTION('',(0.,-0.382683432365,0.923879532511));
#5600 = PCURVE('',#72,#5601);
#5601 = DEFINITIONAL_REPRESENTATION('',(#5602),#5606);
#5602 = LINE('',#5603,#5604);
#5603 = CARTESIAN_POINT('',(3.581475584366,-10.13585381892));
#5604 = VECTOR('',#5605,1.);
#5605 = DIRECTION('',(0.923879532511,0.382683432365));
#5606 = ( GEOMETRIC_REPRESENTATION_CONTEXT(2) 
PARAMETRIC_REPRESENTATION_CONTEXT() REPRESENTATION_CONTEXT('2D SPACE',''
  ) );
#5607 = PCURVE('',#650,#5608);
#5608 = DEFINITIONAL_REPRESENTATION('',(#5609),#5613);
#5609 = LINE('',#5610,#5611);
#5610 = CARTESIAN_POINT('',(0.,-8.));
#5611 = VECTOR('',#5612,1.);
#5612 = DIRECTION('',(1.,0.));
#5613 = ( GEOMETRIC_REPRESENTATION_CONTEXT(2) 
PARAMETRIC_REPRESENTATION_CONTEXT() REPRESENTATION_CONTEXT('2D SPACE',''
  ) );
#5614 = ORIENTED_EDGE('',*,*,#5615,.T.);
#5615 = EDGE_CURVE('',#5593,#5616,#5618,.T.);
#5616 = VERTEX_POINT('',#5617);
#5617 = CARTESIAN_POINT('',(8.,10.174502156479,4.86155384341));
#5618 = SURFACE_CURVE('',#5619,(#5623,#5630),.PCURVE_S1.);
#5619 = LINE('',#5620,#5621);
#5620 = CARTESIAN_POINT('',(8.,9.699616640836,4.634645296118));
#5621 = VECTOR('',#5622,1.);
#5622 = DIRECTION('',(0.,0.902289920078,0.431129794988));
#5623 = PCURVE('',#72,#5624);
#5624 = DEFINITIONAL_REPRESENTATION('',(#5625),#5629);
#5625 = LINE('',#5626,#5627);
#5626 = CARTESIAN_POINT('',(4.634645296118,-9.699616640836));
#5627 = VECTOR('',#5628,1.);
#5628 = DIRECTION('',(0.431129794988,-0.902289920078));
#5629 = ( GEOMETRIC_REPRESENTATION_CONTEXT(2) 
PARAMETRIC_REPRESENTATION_CONTEXT() REPRESENTATION_CONTEXT('2D SPACE',''
  ) );
#5630 = PCURVE('',#678,#5631);
#5631 = DEFINITIONAL_REPRESENTATION('',(#5632),#5636);
#5632 = LINE('',#5633,#5634);
#5633 = CARTESIAN_POINT('',(0.,-8.));
#5634 = VECTOR('',#5635,1.);
#5635 = DIRECTION('',(1.,0.));
#5636 = ( GEOMETRIC_REPRESENTATION_CONTEXT(2) 
PARAMETRIC_REPRESENTATION_CONTEXT() REPRESENTATION_CONTEXT('2D SPACE',''
  ) );
#5637 = ORIENTED_EDGE('',*,*,#5638,.T.);
#5638 = EDGE_CURVE('',#5616,#5639,#5641,.T.);
#5639 = VERTEX_POINT('',#5640);
#5640 = CARTESIAN_POINT('',(8.,11.417426882501,6.216298205745));
#5641 = SURFACE_CURVE('',#5642,(#5652,#5665),.PCURVE_S1.);
#5642 = B_SPLINE_CURVE_WITH_KNOTS('',3,(#5643,#5644,#5645,#5646,#5647,
    #5648,#5649,#5650,#5651),.UNSPECIFIED.,.F.,.F.,(4,1,1,1,1,1,4),(0.,
    0.290524100267,0.58867032325,0.894177536695,1.207021205364,
    1.527193397443,1.854690543779),.UNSPECIFIED.);
#5643 = CARTESIAN_POINT('',(8.,10.174502156479,4.86155384341));
#5644 = CARTESIAN_POINT('',(8.,10.258942931118,4.909954417116));
#5645 = CARTESIAN_POINT('',(8.,10.420602129904,5.02147759718));
#5646 = CARTESIAN_POINT('',(8.,10.642657261379,5.221377260436));
#5647 = CARTESIAN_POINT('',(8.,10.853569965113,5.442610438933));
#5648 = CARTESIAN_POINT('',(8.,11.053291073999,5.68373178698));
#5649 = CARTESIAN_POINT('',(8.,11.242483708214,5.942207442732));
#5650 = CARTESIAN_POINT('',(8.,11.36020473567,6.123356675727));
#5651 = CARTESIAN_POINT('',(8.,11.417426882501,6.216298205745));
#5652 = PCURVE('',#72,#5653);
#5653 = DEFINITIONAL_REPRESENTATION('',(#5654),#5664);
#5654 = B_SPLINE_CURVE_WITH_KNOTS('',3,(#5655,#5656,#5657,#5658,#5659,
    #5660,#5661,#5662,#5663),.UNSPECIFIED.,.F.,.F.,(4,1,1,1,1,1,4),(0.,
    0.290524100267,0.58867032325,0.894177536695,1.207021205364,
    1.527193397443,1.854690543779),.UNSPECIFIED.);
#5655 = CARTESIAN_POINT('',(4.86155384341,-10.17450215647));
#5656 = CARTESIAN_POINT('',(4.909954417116,-10.25894293111));
#5657 = CARTESIAN_POINT('',(5.02147759718,-10.4206021299));
#5658 = CARTESIAN_POINT('',(5.221377260436,-10.64265726137));
#5659 = CARTESIAN_POINT('',(5.442610438933,-10.85356996511));
#5660 = CARTESIAN_POINT('',(5.68373178698,-11.05329107399));
#5661 = CARTESIAN_POINT('',(5.942207442732,-11.24248370821));
#5662 = CARTESIAN_POINT('',(6.123356675727,-11.36020473567));
#5663 = CARTESIAN_POINT('',(6.216298205745,-11.4174268825));
#5664 = ( GEOMETRIC_REPRESENTATION_CONTEXT(2) 
PARAMETRIC_REPRESENTATION_CONTEXT() REPRESENTATION_CONTEXT('2D SPACE',''
  ) );
#5665 = PCURVE('',#718,#5666);
#5666 = DEFINITIONAL_REPRESENTATION('',(#5667),#5671);
#5667 = LINE('',#5668,#5669);
#5668 = CARTESIAN_POINT('',(0.,-8.));
#5669 = VECTOR('',#5670,1.);
#5670 = DIRECTION('',(1.,0.));
#5671 = ( GEOMETRIC_REPRESENTATION_CONTEXT(2) 
PARAMETRIC_REPRESENTATION_CONTEXT() REPRESENTATION_CONTEXT('2D SPACE',''
  ) );
#5672 = ORIENTED_EDGE('',*,*,#5673,.T.);
#5673 = EDGE_CURVE('',#5639,#5674,#5676,.T.);
#5674 = VERTEX_POINT('',#5675);
#5675 = CARTESIAN_POINT('',(8.,11.092185604925,6.779632623225));
#5676 = SURFACE_CURVE('',#5677,(#5681,#5688),.PCURVE_S1.);
#5677 = LINE('',#5678,#5679);
#5678 = CARTESIAN_POINT('',(8.,11.417426882501,6.216298205745));
#5679 = VECTOR('',#5680,1.);
#5680 = DIRECTION('',(0.,-0.5,0.866025403784));
#5681 = PCURVE('',#72,#5682);
#5682 = DEFINITIONAL_REPRESENTATION('',(#5683),#5687);
#5683 = LINE('',#5684,#5685);
#5684 = CARTESIAN_POINT('',(6.216298205745,-11.4174268825));
#5685 = VECTOR('',#5686,1.);
#5686 = DIRECTION('',(0.866025403784,0.5));
#5687 = ( GEOMETRIC_REPRESENTATION_CONTEXT(2) 
PARAMETRIC_REPRESENTATION_CONTEXT() REPRESENTATION_CONTEXT('2D SPACE',''
  ) );
#5688 = PCURVE('',#754,#5689);
#5689 = DEFINITIONAL_REPRESENTATION('',(#5690),#5694);
#5690 = LINE('',#5691,#5692);
#5691 = CARTESIAN_POINT('',(0.,-8.));
#5692 = VECTOR('',#5693,1.);
#5693 = DIRECTION('',(1.,0.));
#5694 = ( GEOMETRIC_REPRESENTATION_CONTEXT(2) 
PARAMETRIC_REPRESENTATION_CONTEXT() REPRESENTATION_CONTEXT('2D SPACE',''
  ) );
#5695 = ORIENTED_EDGE('',*,*,#5696,.T.);
#5696 = EDGE_CURVE('',#5674,#5697,#5699,.T.);
#5697 = VERTEX_POINT('',#5698);
#5698 = CARTESIAN_POINT('',(8.,9.297480208499,6.380600416665));
#5699 = SURFACE_CURVE('',#5700,(#5710,#5723),.PCURVE_S1.);
#5700 = B_SPLINE_CURVE_WITH_KNOTS('',3,(#5701,#5702,#5703,#5704,#5705,
    #5706,#5707,#5708,#5709),.UNSPECIFIED.,.F.,.F.,(4,1,1,1,1,1,4),(0.,
    0.327497146337,0.647669338415,0.960513007084,1.266020220529,
    1.564166443513,1.854690543779),.UNSPECIFIED.);
#5701 = CARTESIAN_POINT('',(8.,11.092185604925,6.779632623225));
#5702 = CARTESIAN_POINT('',(8.,10.983084805447,6.776547555419));
#5703 = CARTESIAN_POINT('',(8.,10.76734445407,6.76517277158));
#5704 = CARTESIAN_POINT('',(8.,10.448901652821,6.730564972017));
#5705 = CARTESIAN_POINT('',(8.,10.140223885575,6.678162092073));
#5706 = CARTESIAN_POINT('',(8.,9.84317398097,6.606122921907));
#5707 = CARTESIAN_POINT('',(8.,9.559028228644,6.513767368637));
#5708 = CARTESIAN_POINT('',(8.,9.381616722205,6.429527985766));
#5709 = CARTESIAN_POINT('',(8.,9.297480208499,6.380600416665));
#5710 = PCURVE('',#72,#5711);
#5711 = DEFINITIONAL_REPRESENTATION('',(#5712),#5722);
#5712 = B_SPLINE_CURVE_WITH_KNOTS('',3,(#5713,#5714,#5715,#5716,#5717,
    #5718,#5719,#5720,#5721),.UNSPECIFIED.,.F.,.F.,(4,1,1,1,1,1,4),(0.,
    0.327497146337,0.647669338415,0.960513007084,1.266020220529,
    1.564166443513,1.854690543779),.UNSPECIFIED.);
#5713 = CARTESIAN_POINT('',(6.779632623225,-11.09218560492));
#5714 = CARTESIAN_POINT('',(6.776547555419,-10.98308480544));
#5715 = CARTESIAN_POINT('',(6.76517277158,-10.76734445407));
#5716 = CARTESIAN_POINT('',(6.730564972017,-10.44890165282));
#5717 = CARTESIAN_POINT('',(6.678162092073,-10.14022388557));
#5718 = CARTESIAN_POINT('',(6.606122921907,-9.84317398097));
#5719 = CARTESIAN_POINT('',(6.513767368637,-9.559028228644));
#5720 = CARTESIAN_POINT('',(6.429527985766,-9.381616722205));
#5721 = CARTESIAN_POINT('',(6.380600416665,-9.297480208499));
#5722 = ( GEOMETRIC_REPRESENTATION_CONTEXT(2) 
PARAMETRIC_REPRESENTATION_CONTEXT() REPRESENTATION_CONTEXT('2D SPACE',''
  ) );
#5723 = PCURVE('',#794,#5724);
#5724 = DEFINITIONAL_REPRESENTATION('',(#5725),#5729);
#5725 = LINE('',#5726,#5727);
#5726 = CARTESIAN_POINT('',(0.,-8.));
#5727 = VECTOR('',#5728,1.);
#5728 = DIRECTION('',(1.,0.));
#5729 = ( GEOMETRIC_REPRESENTATION_CONTEXT(2) 
PARAMETRIC_REPRESENTATION_CONTEXT() REPRESENTATION_CONTEXT('2D SPACE',''
  ) );
#5730 = ORIENTED_EDGE('',*,*,#5731,.T.);
#5731 = EDGE_CURVE('',#5697,#5732,#5734,.T.);
#5732 = VERTEX_POINT('',#5733);
#5733 = CARTESIAN_POINT('',(8.,8.863528884386,6.082791769875));
#5734 = SURFACE_CURVE('',#5735,(#5739,#5746),.PCURVE_S1.);
#5735 = LINE('',#5736,#5737);
#5736 = CARTESIAN_POINT('',(8.,9.297480208499,6.380600416665));
#5737 = VECTOR('',#5738,1.);
#5738 = DIRECTION('',(0.,-0.824514314827,-0.565841094872));
#5739 = PCURVE('',#72,#5740);
#5740 = DEFINITIONAL_REPRESENTATION('',(#5741),#5745);
#5741 = LINE('',#5742,#5743);
#5742 = CARTESIAN_POINT('',(6.380600416665,-9.297480208499));
#5743 = VECTOR('',#5744,1.);
#5744 = DIRECTION('',(-0.565841094872,0.824514314827));
#5745 = ( GEOMETRIC_REPRESENTATION_CONTEXT(2) 
PARAMETRIC_REPRESENTATION_CONTEXT() REPRESENTATION_CONTEXT('2D SPACE',''
  ) );
#5746 = PCURVE('',#830,#5747);
#5747 = DEFINITIONAL_REPRESENTATION('',(#5748),#5752);
#5748 = LINE('',#5749,#5750);
#5749 = CARTESIAN_POINT('',(0.,-8.));
#5750 = VECTOR('',#5751,1.);
#5751 = DIRECTION('',(1.,0.));
#5752 = ( GEOMETRIC_REPRESENTATION_CONTEXT(2) 
PARAMETRIC_REPRESENTATION_CONTEXT() REPRESENTATION_CONTEXT('2D SPACE',''
  ) );
#5753 = ORIENTED_EDGE('',*,*,#5754,.T.);
#5754 = EDGE_CURVE('',#5732,#5755,#5757,.T.);
#5755 = VERTEX_POINT('',#5756);
#5756 = CARTESIAN_POINT('',(8.,8.169575748556,6.987169104051));
#5757 = SURFACE_CURVE('',#5758,(#5762,#5769),.PCURVE_S1.);
#5758 = LINE('',#5759,#5760);
#5759 = CARTESIAN_POINT('',(8.,8.863528884386,6.082791769875));
#5760 = VECTOR('',#5761,1.);
#5761 = DIRECTION('',(0.,-0.608761429009,0.793353340291));
#5762 = PCURVE('',#72,#5763);
#5763 = DEFINITIONAL_REPRESENTATION('',(#5764),#5768);
#5764 = LINE('',#5765,#5766);
#5765 = CARTESIAN_POINT('',(6.082791769875,-8.863528884386));
#5766 = VECTOR('',#5767,1.);
#5767 = DIRECTION('',(0.793353340291,0.608761429009));
#5768 = ( GEOMETRIC_REPRESENTATION_CONTEXT(2) 
PARAMETRIC_REPRESENTATION_CONTEXT() REPRESENTATION_CONTEXT('2D SPACE',''
  ) );
#5769 = PCURVE('',#858,#5770);
#5770 = DEFINITIONAL_REPRESENTATION('',(#5771),#5775);
#5771 = LINE('',#5772,#5773);
#5772 = CARTESIAN_POINT('',(0.,-8.));
#5773 = VECTOR('',#5774,1.);
#5774 = DIRECTION('',(1.,0.));
#5775 = ( GEOMETRIC_REPRESENTATION_CONTEXT(2) 
PARAMETRIC_REPRESENTATION_CONTEXT() REPRESENTATION_CONTEXT('2D SPACE',''
  ) );
#5776 = ORIENTED_EDGE('',*,*,#5777,.T.);
#5777 = EDGE_CURVE('',#5755,#5778,#5780,.T.);
#5778 = VERTEX_POINT('',#5779);
#5779 = CARTESIAN_POINT('',(8.,8.569551679111,7.329255345778));
#5780 = SURFACE_CURVE('',#5781,(#5785,#5792),.PCURVE_S1.);
#5781 = LINE('',#5782,#5783);
#5782 = CARTESIAN_POINT('',(8.,8.169575748556,6.987169104051));
#5783 = VECTOR('',#5784,1.);
#5784 = DIRECTION('',(0.,0.759960534749,0.649969218981));
#5785 = PCURVE('',#72,#5786);
#5786 = DEFINITIONAL_REPRESENTATION('',(#5787),#5791);
#5787 = LINE('',#5788,#5789);
#5788 = CARTESIAN_POINT('',(6.987169104051,-8.169575748556));
#5789 = VECTOR('',#5790,1.);
#5790 = DIRECTION('',(0.649969218981,-0.759960534749));
#5791 = ( GEOMETRIC_REPRESENTATION_CONTEXT(2) 
PARAMETRIC_REPRESENTATION_CONTEXT() REPRESENTATION_CONTEXT('2D SPACE',''
  ) );
#5792 = PCURVE('',#886,#5793);
#5793 = DEFINITIONAL_REPRESENTATION('',(#5794),#5798);
#5794 = LINE('',#5795,#5796);
#5795 = CARTESIAN_POINT('',(0.,-8.));
#5796 = VECTOR('',#5797,1.);
#5797 = DIRECTION('',(1.,0.));
#5798 = ( GEOMETRIC_REPRESENTATION_CONTEXT(2) 
PARAMETRIC_REPRESENTATION_CONTEXT() REPRESENTATION_CONTEXT('2D SPACE',''
  ) );
#5799 = ORIENTED_EDGE('',*,*,#5800,.T.);
#5800 = EDGE_CURVE('',#5778,#5801,#5803,.T.);
#5801 = VERTEX_POINT('',#5802);
#5802 = CARTESIAN_POINT('',(8.,9.419491129892,8.9595305041));
#5803 = SURFACE_CURVE('',#5804,(#5814,#5827),.PCURVE_S1.);
#5804 = B_SPLINE_CURVE_WITH_KNOTS('',3,(#5805,#5806,#5807,#5808,#5809,
    #5810,#5811,#5812,#5813),.UNSPECIFIED.,.F.,.F.,(4,1,1,1,1,1,4),(0.,
    0.290524100267,0.58867032325,0.894177536695,1.207021205364,
    1.527193397443,1.854690543779),.UNSPECIFIED.);
#5805 = CARTESIAN_POINT('',(8.,8.569551679111,7.329255345778));
#5806 = CARTESIAN_POINT('',(8.,8.638588213858,7.397861590587));
#5807 = CARTESIAN_POINT('',(8.,8.765874686051,7.547425189903));
#5808 = CARTESIAN_POINT('',(8.,8.928625632443,7.797985534397));
#5809 = CARTESIAN_POINT('',(8.,9.075092300069,8.06626859972));
#5810 = CARTESIAN_POINT('',(8.,9.205601280141,8.350865563757));
#5811 = CARTESIAN_POINT('',(8.,9.321448909269,8.649500532042));
#5812 = CARTESIAN_POINT('',(8.,9.388273818481,8.854945698519));
#5813 = CARTESIAN_POINT('',(8.,9.419491129892,8.9595305041));
#5814 = PCURVE('',#72,#5815);
#5815 = DEFINITIONAL_REPRESENTATION('',(#5816),#5826);
#5816 = B_SPLINE_CURVE_WITH_KNOTS('',3,(#5817,#5818,#5819,#5820,#5821,
    #5822,#5823,#5824,#5825),.UNSPECIFIED.,.F.,.F.,(4,1,1,1,1,1,4),(0.,
    0.290524100267,0.58867032325,0.894177536695,1.207021205364,
    1.527193397443,1.854690543779),.UNSPECIFIED.);
#5817 = CARTESIAN_POINT('',(7.329255345778,-8.569551679111));
#5818 = CARTESIAN_POINT('',(7.397861590587,-8.638588213858));
#5819 = CARTESIAN_POINT('',(7.547425189903,-8.765874686051));
#5820 = CARTESIAN_POINT('',(7.797985534397,-8.928625632443));
#5821 = CARTESIAN_POINT('',(8.06626859972,-9.075092300069));
#5822 = CARTESIAN_POINT('',(8.350865563757,-9.205601280141));
#5823 = CARTESIAN_POINT('',(8.649500532042,-9.321448909269));
#5824 = CARTESIAN_POINT('',(8.854945698519,-9.388273818481));
#5825 = CARTESIAN_POINT('',(8.9595305041,-9.419491129892));
#5826 = ( GEOMETRIC_REPRESENTATION_CONTEXT(2) 
PARAMETRIC_REPRESENTATION_CONTEXT() REPRESENTATION_CONTEXT('2D SPACE',''
  ) );
#5827 = PCURVE('',#926,#5828);
#5828 = DEFINITIONAL_REPRESENTATION('',(#5829),#5833);
#5829 = LINE('',#5830,#5831);
#5830 = CARTESIAN_POINT('',(0.,-8.));
#5831 = VECTOR('',#5832,1.);
#5832 = DIRECTION('',(1.,0.));
#5833 = ( GEOMETRIC_REPRESENTATION_CONTEXT(2) 
PARAMETRIC_REPRESENTATION_CONTEXT() REPRESENTATION_CONTEXT('2D SPACE',''
  ) );
#5834 = ORIENTED_EDGE('',*,*,#5835,.T.);
#5835 = EDGE_CURVE('',#5801,#5836,#5838,.T.);
#5836 = VERTEX_POINT('',#5837);
#5837 = CARTESIAN_POINT('',(8.,8.9595305041,9.419491129892));
#5838 = SURFACE_CURVE('',#5839,(#5843,#5850),.PCURVE_S1.);
#5839 = LINE('',#5840,#5841);
#5840 = CARTESIAN_POINT('',(8.,9.419491129892,8.9595305041));
#5841 = VECTOR('',#5842,1.);
#5842 = DIRECTION('',(0.,-0.707106781187,0.707106781187));
#5843 = PCURVE('',#72,#5844);
#5844 = DEFINITIONAL_REPRESENTATION('',(#5845),#5849);
#5845 = LINE('',#5846,#5847);
#5846 = CARTESIAN_POINT('',(8.9595305041,-9.419491129892));
#5847 = VECTOR('',#5848,1.);
#5848 = DIRECTION('',(0.707106781187,0.707106781187));
#5849 = ( GEOMETRIC_REPRESENTATION_CONTEXT(2) 
PARAMETRIC_REPRESENTATION_CONTEXT() REPRESENTATION_CONTEXT('2D SPACE',''
  ) );
#5850 = PCURVE('',#962,#5851);
#5851 = DEFINITIONAL_REPRESENTATION('',(#5852),#5856);
#5852 = LINE('',#5853,#5854);
#5853 = CARTESIAN_POINT('',(0.,-8.));
#5854 = VECTOR('',#5855,1.);
#5855 = DIRECTION('',(1.,0.));
#5856 = ( GEOMETRIC_REPRESENTATION_CONTEXT(2) 
PARAMETRIC_REPRESENTATION_CONTEXT() REPRESENTATION_CONTEXT('2D SPACE',''
  ) );
#5857 = ORIENTED_EDGE('',*,*,#5858,.T.);
#5858 = EDGE_CURVE('',#5836,#5859,#5861,.T.);
#5859 = VERTEX_POINT('',#5860);
#5860 = CARTESIAN_POINT('',(8.,7.329255345778,8.569551679111));
#5861 = SURFACE_CURVE('',#5862,(#5872,#5885),.PCURVE_S1.);
#5862 = B_SPLINE_CURVE_WITH_KNOTS('',3,(#5863,#5864,#5865,#5866,#5867,
    #5868,#5869,#5870,#5871),.UNSPECIFIED.,.F.,.F.,(4,1,1,1,1,1,4),(0.,
    0.327497146337,0.647669338415,0.960513007084,1.266020220529,
    1.564166443513,1.854690543779),.UNSPECIFIED.);
#5863 = CARTESIAN_POINT('',(8.,8.9595305041,9.419491129892));
#5864 = CARTESIAN_POINT('',(8.,8.854945698519,9.388273818481));
#5865 = CARTESIAN_POINT('',(8.,8.649500532042,9.321448909269));
#5866 = CARTESIAN_POINT('',(8.,8.350865563757,9.205601280141));
#5867 = CARTESIAN_POINT('',(8.,8.06626859972,9.075092300069));
#5868 = CARTESIAN_POINT('',(8.,7.797985534397,8.928625632443));
#5869 = CARTESIAN_POINT('',(8.,7.547425189903,8.765874686051));
#5870 = CARTESIAN_POINT('',(8.,7.397861590587,8.638588213858));
#5871 = CARTESIAN_POINT('',(8.,7.329255345778,8.569551679111));
#5872 = PCURVE('',#72,#5873);
#5873 = DEFINITIONAL_REPRESENTATION('',(#5874),#5884);
#5874 = B_SPLINE_CURVE_WITH_KNOTS('',3,(#5875,#5876,#5877,#5878,#5879,
    #5880,#5881,#5882,#5883),.UNSPECIFIED.,.F.,.F.,(4,1,1,1,1,1,4),(0.,
    0.327497146337,0.647669338415,0.960513007084,1.266020220529,
    1.564166443513,1.854690543779),.UNSPECIFIED.);
#5875 = CARTESIAN_POINT('',(9.419491129892,-8.9595305041));
#5876 = CARTESIAN_POINT('',(9.388273818481,-8.854945698519));
#5877 = CARTESIAN_POINT('',(9.321448909269,-8.649500532042));
#5878 = CARTESIAN_POINT('',(9.205601280141,-8.350865563757));
#5879 = CARTESIAN_POINT('',(9.075092300069,-8.06626859972));
#5880 = CARTESIAN_POINT('',(8.928625632443,-7.797985534397));
#5881 = CARTESIAN_POINT('',(8.765874686051,-7.547425189903));
#5882 = CARTESIAN_POINT('',(8.638588213858,-7.397861590587));
#5883 = CARTESIAN_POINT('',(8.569551679111,-7.329255345778));
#5884 = ( GEOMETRIC_REPRESENTATION_CONTEXT(2) 
PARAMETRIC_REPRESENTATION_CONTEXT() REPRESENTATION_CONTEXT('2D SPACE',''
  ) );
#5885 = PCURVE('',#1002,#5886);
#5886 = DEFINITIONAL_REPRESENTATION('',(#5887),#5891);
#5887 = LINE('',#5888,#5889);
#5888 = CARTESIAN_POINT('',(0.,-8.));
#5889 = VECTOR('',#5890,1.);
#5890 = DIRECTION('',(1.,0.));
#5891 = ( GEOMETRIC_REPRESENTATION_CONTEXT(2) 
PARAMETRIC_REPRESENTATION_CONTEXT() REPRESENTATION_CONTEXT('2D SPACE',''
  ) );
#5892 = ORIENTED_EDGE('',*,*,#5893,.T.);
#5893 = EDGE_CURVE('',#5859,#5894,#5896,.T.);
#5894 = VERTEX_POINT('',#5895);
#5895 = CARTESIAN_POINT('',(8.,6.987169104051,8.169575748556));
#5896 = SURFACE_CURVE('',#5897,(#5901,#5908),.PCURVE_S1.);
#5897 = LINE('',#5898,#5899);
#5898 = CARTESIAN_POINT('',(8.,7.329255345778,8.569551679111));
#5899 = VECTOR('',#5900,1.);
#5900 = DIRECTION('',(0.,-0.649969218981,-0.759960534749));
#5901 = PCURVE('',#72,#5902);
#5902 = DEFINITIONAL_REPRESENTATION('',(#5903),#5907);
#5903 = LINE('',#5904,#5905);
#5904 = CARTESIAN_POINT('',(8.569551679111,-7.329255345778));
#5905 = VECTOR('',#5906,1.);
#5906 = DIRECTION('',(-0.759960534749,0.649969218981));
#5907 = ( GEOMETRIC_REPRESENTATION_CONTEXT(2) 
PARAMETRIC_REPRESENTATION_CONTEXT() REPRESENTATION_CONTEXT('2D SPACE',''
  ) );
#5908 = PCURVE('',#1038,#5909);
#5909 = DEFINITIONAL_REPRESENTATION('',(#5910),#5914);
#5910 = LINE('',#5911,#5912);
#5911 = CARTESIAN_POINT('',(0.,-8.));
#5912 = VECTOR('',#5913,1.);
#5913 = DIRECTION('',(1.,0.));
#5914 = ( GEOMETRIC_REPRESENTATION_CONTEXT(2) 
PARAMETRIC_REPRESENTATION_CONTEXT() REPRESENTATION_CONTEXT('2D SPACE',''
  ) );
#5915 = ORIENTED_EDGE('',*,*,#5916,.T.);
#5916 = EDGE_CURVE('',#5894,#5917,#5919,.T.);
#5917 = VERTEX_POINT('',#5918);
#5918 = CARTESIAN_POINT('',(8.,6.082791769875,8.863528884386));
#5919 = SURFACE_CURVE('',#5920,(#5924,#5931),.PCURVE_S1.);
#5920 = LINE('',#5921,#5922);
#5921 = CARTESIAN_POINT('',(8.,6.987169104051,8.169575748556));
#5922 = VECTOR('',#5923,1.);
#5923 = DIRECTION('',(0.,-0.793353340291,0.608761429009));
#5924 = PCURVE('',#72,#5925);
#5925 = DEFINITIONAL_REPRESENTATION('',(#5926),#5930);
#5926 = LINE('',#5927,#5928);
#5927 = CARTESIAN_POINT('',(8.169575748556,-6.987169104051));
#5928 = VECTOR('',#5929,1.);
#5929 = DIRECTION('',(0.608761429009,0.793353340291));
#5930 = ( GEOMETRIC_REPRESENTATION_CONTEXT(2) 
PARAMETRIC_REPRESENTATION_CONTEXT() REPRESENTATION_CONTEXT('2D SPACE',''
  ) );
#5931 = PCURVE('',#1066,#5932);
#5932 = DEFINITIONAL_REPRESENTATION('',(#5933),#5937);
#5933 = LINE('',#5934,#5935);
#5934 = CARTESIAN_POINT('',(0.,-8.));
#5935 = VECTOR('',#5936,1.);
#5936 = DIRECTION('',(1.,0.));
#5937 = ( GEOMETRIC_REPRESENTATION_CONTEXT(2) 
PARAMETRIC_REPRESENTATION_CONTEXT() REPRESENTATION_CONTEXT('2D SPACE',''
  ) );
#5938 = ORIENTED_EDGE('',*,*,#5939,.T.);
#5939 = EDGE_CURVE('',#5917,#5940,#5942,.T.);
#5940 = VERTEX_POINT('',#5941);
#5941 = CARTESIAN_POINT('',(8.,6.380600416665,9.297480208499));
#5942 = SURFACE_CURVE('',#5943,(#5947,#5954),.PCURVE_S1.);
#5943 = LINE('',#5944,#5945);
#5944 = CARTESIAN_POINT('',(8.,6.082791769875,8.863528884386));
#5945 = VECTOR('',#5946,1.);
#5946 = DIRECTION('',(0.,0.565841094872,0.824514314827));
#5947 = PCURVE('',#72,#5948);
#5948 = DEFINITIONAL_REPRESENTATION('',(#5949),#5953);
#5949 = LINE('',#5950,#5951);
#5950 = CARTESIAN_POINT('',(8.863528884386,-6.082791769875));
#5951 = VECTOR('',#5952,1.);
#5952 = DIRECTION('',(0.824514314827,-0.565841094872));
#5953 = ( GEOMETRIC_REPRESENTATION_CONTEXT(2) 
PARAMETRIC_REPRESENTATION_CONTEXT() REPRESENTATION_CONTEXT('2D SPACE',''
  ) );
#5954 = PCURVE('',#1094,#5955);
#5955 = DEFINITIONAL_REPRESENTATION('',(#5956),#5960);
#5956 = LINE('',#5957,#5958);
#5957 = CARTESIAN_POINT('',(0.,-8.));
#5958 = VECTOR('',#5959,1.);
#5959 = DIRECTION('',(1.,0.));
#5960 = ( GEOMETRIC_REPRESENTATION_CONTEXT(2) 
PARAMETRIC_REPRESENTATION_CONTEXT() REPRESENTATION_CONTEXT('2D SPACE',''
  ) );
#5961 = ORIENTED_EDGE('',*,*,#5962,.T.);
#5962 = EDGE_CURVE('',#5940,#5963,#5965,.T.);
#5963 = VERTEX_POINT('',#5964);
#5964 = CARTESIAN_POINT('',(8.,6.779632623225,11.092185604925));
#5965 = SURFACE_CURVE('',#5966,(#5976,#5989),.PCURVE_S1.);
#5966 = B_SPLINE_CURVE_WITH_KNOTS('',3,(#5967,#5968,#5969,#5970,#5971,
    #5972,#5973,#5974,#5975),.UNSPECIFIED.,.F.,.F.,(4,1,1,1,1,1,4),(0.,
    0.290524100267,0.58867032325,0.894177536695,1.207021205364,
    1.527193397443,1.854690543779),.UNSPECIFIED.);
#5967 = CARTESIAN_POINT('',(8.,6.380600416665,9.297480208499));
#5968 = CARTESIAN_POINT('',(8.,6.429527985766,9.381616722205));
#5969 = CARTESIAN_POINT('',(8.,6.513767368637,9.559028228644));
#5970 = CARTESIAN_POINT('',(8.,6.606122921907,9.84317398097));
#5971 = CARTESIAN_POINT('',(8.,6.678162092073,10.140223885575));
#5972 = CARTESIAN_POINT('',(8.,6.730564972017,10.448901652821));
#5973 = CARTESIAN_POINT('',(8.,6.76517277158,10.76734445407));
#5974 = CARTESIAN_POINT('',(8.,6.776547555419,10.983084805447));
#5975 = CARTESIAN_POINT('',(8.,6.779632623225,11.092185604925));
#5976 = PCURVE('',#72,#5977);
#5977 = DEFINITIONAL_REPRESENTATION('',(#5978),#5988);
#5978 = B_SPLINE_CURVE_WITH_KNOTS('',3,(#5979,#5980,#5981,#5982,#5983,
    #5984,#5985,#5986,#5987),.UNSPECIFIED.,.F.,.F.,(4,1,1,1,1,1,4),(0.,
    0.290524100267,0.58867032325,0.894177536695,1.207021205364,
    1.527193397443,1.854690543779),.UNSPECIFIED.);
#5979 = CARTESIAN_POINT('',(9.297480208499,-6.380600416665));
#5980 = CARTESIAN_POINT('',(9.381616722205,-6.429527985766));
#5981 = CARTESIAN_POINT('',(9.559028228644,-6.513767368637));
#5982 = CARTESIAN_POINT('',(9.84317398097,-6.606122921907));
#5983 = CARTESIAN_POINT('',(10.140223885575,-6.678162092073));
#5984 = CARTESIAN_POINT('',(10.448901652821,-6.730564972017));
#5985 = CARTESIAN_POINT('',(10.76734445407,-6.76517277158));
#5986 = CARTESIAN_POINT('',(10.983084805447,-6.776547555419));
#5987 = CARTESIAN_POINT('',(11.092185604925,-6.779632623225));
#5988 = ( GEOMETRIC_REPRESENTATION_CONTEXT(2) 
PARAMETRIC_REPRESENTATION_CONTEXT() REPRESENTATION_CONTEXT('2D SPACE',''
  ) );
#5989 = PCURVE('',#1134,#5990);
#5990 = DEFINITIONAL_REPRESENTATION('',(#5991),#5995);
#5991 = LINE('',#5992,#5993);
#5992 = CARTESIAN_POINT('',(0.,-8.));
#5993 = VECTOR('',#5994,1.);
#5994 = DIRECTION('',(1.,0.));
#5995 = ( GEOMETRIC_REPRESENTATION_CONTEXT(2) 
PARAMETRIC_REPRESENTATION_CONTEXT() REPRESENTATION_CONTEXT('2D SPACE',''
  ) );
#5996 = ORIENTED_EDGE('',*,*,#5997,.T.);
#5997 = EDGE_CURVE('',#5963,#5998,#6000,.T.);
#5998 = VERTEX_POINT('',#5999);
#5999 = CARTESIAN_POINT('',(8.,6.216298205745,11.417426882501));
#6000 = SURFACE_CURVE('',#6001,(#6005,#6012),.PCURVE_S1.);
#6001 = LINE('',#6002,#6003);
#6002 = CARTESIAN_POINT('',(8.,6.779632623225,11.092185604925));
#6003 = VECTOR('',#6004,1.);
#6004 = DIRECTION('',(0.,-0.866025403784,0.5));
#6005 = PCURVE('',#72,#6006);
#6006 = DEFINITIONAL_REPRESENTATION('',(#6007),#6011);
#6007 = LINE('',#6008,#6009);
#6008 = CARTESIAN_POINT('',(11.092185604925,-6.779632623225));
#6009 = VECTOR('',#6010,1.);
#6010 = DIRECTION('',(0.5,0.866025403784));
#6011 = ( GEOMETRIC_REPRESENTATION_CONTEXT(2) 
PARAMETRIC_REPRESENTATION_CONTEXT() REPRESENTATION_CONTEXT('2D SPACE',''
  ) );
#6012 = PCURVE('',#1170,#6013);
#6013 = DEFINITIONAL_REPRESENTATION('',(#6014),#6018);
#6014 = LINE('',#6015,#6016);
#6015 = CARTESIAN_POINT('',(0.,-8.));
#6016 = VECTOR('',#6017,1.);
#6017 = DIRECTION('',(1.,0.));
#6018 = ( GEOMETRIC_REPRESENTATION_CONTEXT(2) 
PARAMETRIC_REPRESENTATION_CONTEXT() REPRESENTATION_CONTEXT('2D SPACE',''
  ) );
#6019 = ORIENTED_EDGE('',*,*,#6020,.T.);
#6020 = EDGE_CURVE('',#5998,#6021,#6023,.T.);
#6021 = VERTEX_POINT('',#6022);
#6022 = CARTESIAN_POINT('',(8.,4.86155384341,10.174502156479));
#6023 = SURFACE_CURVE('',#6024,(#6034,#6047),.PCURVE_S1.);
#6024 = B_SPLINE_CURVE_WITH_KNOTS('',3,(#6025,#6026,#6027,#6028,#6029,
    #6030,#6031,#6032,#6033),.UNSPECIFIED.,.F.,.F.,(4,1,1,1,1,1,4),(0.,
    0.327497146337,0.647669338415,0.960513007084,1.266020220529,
    1.564166443513,1.854690543779),.UNSPECIFIED.);
#6025 = CARTESIAN_POINT('',(8.,6.216298205745,11.417426882501));
#6026 = CARTESIAN_POINT('',(8.,6.123356675727,11.36020473567));
#6027 = CARTESIAN_POINT('',(8.,5.942207442732,11.242483708214));
#6028 = CARTESIAN_POINT('',(8.,5.68373178698,11.053291073999));
#6029 = CARTESIAN_POINT('',(8.,5.442610438933,10.853569965113));
#6030 = CARTESIAN_POINT('',(8.,5.221377260436,10.642657261379));
#6031 = CARTESIAN_POINT('',(8.,5.02147759718,10.420602129904));
#6032 = CARTESIAN_POINT('',(8.,4.909954417116,10.258942931118));
#6033 = CARTESIAN_POINT('',(8.,4.86155384341,10.174502156479));
#6034 = PCURVE('',#72,#6035);
#6035 = DEFINITIONAL_REPRESENTATION('',(#6036),#6046);
#6036 = B_SPLINE_CURVE_WITH_KNOTS('',3,(#6037,#6038,#6039,#6040,#6041,
    #6042,#6043,#6044,#6045),.UNSPECIFIED.,.F.,.F.,(4,1,1,1,1,1,4),(0.,
    0.327497146337,0.647669338415,0.960513007084,1.266020220529,
    1.564166443513,1.854690543779),.UNSPECIFIED.);
#6037 = CARTESIAN_POINT('',(11.417426882501,-6.216298205745));
#6038 = CARTESIAN_POINT('',(11.36020473567,-6.123356675727));
#6039 = CARTESIAN_POINT('',(11.242483708214,-5.942207442732));
#6040 = CARTESIAN_POINT('',(11.053291073999,-5.68373178698));
#6041 = CARTESIAN_POINT('',(10.853569965113,-5.442610438933));
#6042 = CARTESIAN_POINT('',(10.642657261379,-5.221377260436));
#6043 = CARTESIAN_POINT('',(10.420602129904,-5.02147759718));
#6044 = CARTESIAN_POINT('',(10.258942931118,-4.909954417116));
#6045 = CARTESIAN_POINT('',(10.174502156479,-4.86155384341));
#6046 = ( GEOMETRIC_REPRESENTATION_CONTEXT(2) 
PARAMETRIC_REPRESENTATION_CONTEXT() REPRESENTATION_CONTEXT('2D SPACE',''
  ) );
#6047 = PCURVE('',#1210,#6048);
#6048 = DEFINITIONAL_REPRESENTATION('',(#6049),#6053);
#6049 = LINE('',#6050,#6051);
#6050 = CARTESIAN_POINT('',(0.,-8.));
#6051 = VECTOR('',#6052,1.);
#6052 = DIRECTION('',(1.,0.));
#6053 = ( GEOMETRIC_REPRESENTATION_CONTEXT(2) 
PARAMETRIC_REPRESENTATION_CONTEXT() REPRESENTATION_CONTEXT('2D SPACE',''
  ) );
#6054 = ORIENTED_EDGE('',*,*,#6055,.T.);
#6055 = EDGE_CURVE('',#6021,#6056,#6058,.T.);
#6056 = VERTEX_POINT('',#6057);
#6057 = CARTESIAN_POINT('',(8.,4.634645296118,9.699616640836));
#6058 = SURFACE_CURVE('',#6059,(#6063,#6070),.PCURVE_S1.);
#6059 = LINE('',#6060,#6061);
#6060 = CARTESIAN_POINT('',(8.,4.86155384341,10.174502156479));
#6061 = VECTOR('',#6062,1.);
#6062 = DIRECTION('',(0.,-0.431129794988,-0.902289920078));
#6063 = PCURVE('',#72,#6064);
#6064 = DEFINITIONAL_REPRESENTATION('',(#6065),#6069);
#6065 = LINE('',#6066,#6067);
#6066 = CARTESIAN_POINT('',(10.174502156479,-4.86155384341));
#6067 = VECTOR('',#6068,1.);
#6068 = DIRECTION('',(-0.902289920078,0.431129794988));
#6069 = ( GEOMETRIC_REPRESENTATION_CONTEXT(2) 
PARAMETRIC_REPRESENTATION_CONTEXT() REPRESENTATION_CONTEXT('2D SPACE',''
  ) );
#6070 = PCURVE('',#1246,#6071);
#6071 = DEFINITIONAL_REPRESENTATION('',(#6072),#6076);
#6072 = LINE('',#6073,#6074);
#6073 = CARTESIAN_POINT('',(0.,-8.));
#6074 = VECTOR('',#6075,1.);
#6075 = DIRECTION('',(1.,0.));
#6076 = ( GEOMETRIC_REPRESENTATION_CONTEXT(2) 
PARAMETRIC_REPRESENTATION_CONTEXT() REPRESENTATION_CONTEXT('2D SPACE',''
  ) );
#6077 = ORIENTED_EDGE('',*,*,#6078,.T.);
#6078 = EDGE_CURVE('',#6056,#6079,#6081,.T.);
#6079 = VERTEX_POINT('',#6080);
#6080 = CARTESIAN_POINT('',(8.,3.581475584366,10.135853818924));
#6081 = SURFACE_CURVE('',#6082,(#6086,#6093),.PCURVE_S1.);
#6082 = LINE('',#6083,#6084);
#6083 = CARTESIAN_POINT('',(8.,4.634645296118,9.699616640836));
#6084 = VECTOR('',#6085,1.);
#6085 = DIRECTION('',(0.,-0.923879532511,0.382683432365));
#6086 = PCURVE('',#72,#6087);
#6087 = DEFINITIONAL_REPRESENTATION('',(#6088),#6092);
#6088 = LINE('',#6089,#6090);
#6089 = CARTESIAN_POINT('',(9.699616640836,-4.634645296118));
#6090 = VECTOR('',#6091,1.);
#6091 = DIRECTION('',(0.382683432365,0.923879532511));
#6092 = ( GEOMETRIC_REPRESENTATION_CONTEXT(2) 
PARAMETRIC_REPRESENTATION_CONTEXT() REPRESENTATION_CONTEXT('2D SPACE',''
  ) );
#6093 = PCURVE('',#1274,#6094);
#6094 = DEFINITIONAL_REPRESENTATION('',(#6095),#6099);
#6095 = LINE('',#6096,#6097);
#6096 = CARTESIAN_POINT('',(0.,-8.));
#6097 = VECTOR('',#6098,1.);
#6098 = DIRECTION('',(1.,0.));
#6099 = ( GEOMETRIC_REPRESENTATION_CONTEXT(2) 
PARAMETRIC_REPRESENTATION_CONTEXT() REPRESENTATION_CONTEXT('2D SPACE',''
  ) );
#6100 = ORIENTED_EDGE('',*,*,#6101,.T.);
#6101 = EDGE_CURVE('',#6079,#6102,#6104,.T.);
#6102 = VERTEX_POINT('',#6103);
#6103 = CARTESIAN_POINT('',(8.,3.756821780264,10.632097159822));
#6104 = SURFACE_CURVE('',#6105,(#6109,#6116),.PCURVE_S1.);
#6105 = LINE('',#6106,#6107);
#6106 = CARTESIAN_POINT('',(8.,3.581475584366,10.135853818924));
#6107 = VECTOR('',#6108,1.);
#6108 = DIRECTION('',(0.,0.333160519476,0.942870122691));
#6109 = PCURVE('',#72,#6110);
#6110 = DEFINITIONAL_REPRESENTATION('',(#6111),#6115);
#6111 = LINE('',#6112,#6113);
#6112 = CARTESIAN_POINT('',(10.135853818924,-3.581475584366));
#6113 = VECTOR('',#6114,1.);
#6114 = DIRECTION('',(0.942870122691,-0.333160519476));
#6115 = ( GEOMETRIC_REPRESENTATION_CONTEXT(2) 
PARAMETRIC_REPRESENTATION_CONTEXT() REPRESENTATION_CONTEXT('2D SPACE',''
  ) );
#6116 = PCURVE('',#1302,#6117);
#6117 = DEFINITIONAL_REPRESENTATION('',(#6118),#6122);
#6118 = LINE('',#6119,#6120);
#6119 = CARTESIAN_POINT('',(0.,-8.));
#6120 = VECTOR('',#6121,1.);
#6121 = DIRECTION('',(1.,0.));
#6122 = ( GEOMETRIC_REPRESENTATION_CONTEXT(2) 
PARAMETRIC_REPRESENTATION_CONTEXT() REPRESENTATION_CONTEXT('2D SPACE',''
  ) );
#6123 = ORIENTED_EDGE('',*,*,#6124,.T.);
#6124 = EDGE_CURVE('',#6102,#6125,#6127,.T.);
#6125 = VERTEX_POINT('',#6126);
#6126 = CARTESIAN_POINT('',(8.,3.677753357158,12.468926587478));
#6127 = SURFACE_CURVE('',#6128,(#6138,#6151),.PCURVE_S1.);
#6128 = B_SPLINE_CURVE_WITH_KNOTS('',3,(#6129,#6130,#6131,#6132,#6133,
    #6134,#6135,#6136,#6137),.UNSPECIFIED.,.F.,.F.,(4,1,1,1,1,1,4),(0.,
    0.290524100267,0.58867032325,0.894177536695,1.207021205364,
    1.527193397443,1.854690543779),.UNSPECIFIED.);
#6129 = CARTESIAN_POINT('',(8.,3.756821780264,10.632097159822));
#6130 = CARTESIAN_POINT('',(8.,3.78230605074,10.726030178059));
#6131 = CARTESIAN_POINT('',(8.,3.81775756956,10.919199290644));
#6132 = CARTESIAN_POINT('',(8.,3.833423851378,11.217566387353));
#6133 = CARTESIAN_POINT('',(8.,3.826126173688,11.523139671141));
#6134 = CARTESIAN_POINT('',(8.,3.796851783834,11.834862361872));
#6135 = CARTESIAN_POINT('',(8.,3.747861289485,12.15141164543));
#6136 = CARTESIAN_POINT('',(8.,3.70301077523,12.36274483329));
#6137 = CARTESIAN_POINT('',(8.,3.677753357158,12.468926587478));
#6138 = PCURVE('',#72,#6139);
#6139 = DEFINITIONAL_REPRESENTATION('',(#6140),#6150);
#6140 = B_SPLINE_CURVE_WITH_KNOTS('',3,(#6141,#6142,#6143,#6144,#6145,
    #6146,#6147,#6148,#6149),.UNSPECIFIED.,.F.,.F.,(4,1,1,1,1,1,4),(0.,
    0.290524100267,0.58867032325,0.894177536695,1.207021205364,
    1.527193397443,1.854690543779),.UNSPECIFIED.);
#6141 = CARTESIAN_POINT('',(10.632097159822,-3.756821780264));
#6142 = CARTESIAN_POINT('',(10.726030178059,-3.78230605074));
#6143 = CARTESIAN_POINT('',(10.919199290644,-3.81775756956));
#6144 = CARTESIAN_POINT('',(11.217566387353,-3.833423851378));
#6145 = CARTESIAN_POINT('',(11.523139671141,-3.826126173688));
#6146 = CARTESIAN_POINT('',(11.834862361872,-3.796851783834));
#6147 = CARTESIAN_POINT('',(12.15141164543,-3.747861289485));
#6148 = CARTESIAN_POINT('',(12.36274483329,-3.70301077523));
#6149 = CARTESIAN_POINT('',(12.468926587478,-3.677753357158));
#6150 = ( GEOMETRIC_REPRESENTATION_CONTEXT(2) 
PARAMETRIC_REPRESENTATION_CONTEXT() REPRESENTATION_CONTEXT('2D SPACE',''
  ) );
#6151 = PCURVE('',#1342,#6152);
#6152 = DEFINITIONAL_REPRESENTATION('',(#6153),#6157);
#6153 = LINE('',#6154,#6155);
#6154 = CARTESIAN_POINT('',(0.,-8.));
#6155 = VECTOR('',#6156,1.);
#6156 = DIRECTION('',(1.,0.));
#6157 = ( GEOMETRIC_REPRESENTATION_CONTEXT(2) 
PARAMETRIC_REPRESENTATION_CONTEXT() REPRESENTATION_CONTEXT('2D SPACE',''
  ) );
#6158 = ORIENTED_EDGE('',*,*,#6159,.T.);
#6159 = EDGE_CURVE('',#6125,#6160,#6162,.T.);
#6160 = VERTEX_POINT('',#6161);
#6161 = CARTESIAN_POINT('',(8.,3.049435457586,12.637283861258));
#6162 = SURFACE_CURVE('',#6163,(#6167,#6174),.PCURVE_S1.);
#6163 = LINE('',#6164,#6165);
#6164 = CARTESIAN_POINT('',(8.,3.677753357158,12.468926587478));
#6165 = VECTOR('',#6166,1.);
#6166 = DIRECTION('',(0.,-0.965925826289,0.258819045103));
#6167 = PCURVE('',#72,#6168);
#6168 = DEFINITIONAL_REPRESENTATION('',(#6169),#6173);
#6169 = LINE('',#6170,#6171);
#6170 = CARTESIAN_POINT('',(12.468926587478,-3.677753357158));
#6171 = VECTOR('',#6172,1.);
#6172 = DIRECTION('',(0.258819045103,0.965925826289));
#6173 = ( GEOMETRIC_REPRESENTATION_CONTEXT(2) 
PARAMETRIC_REPRESENTATION_CONTEXT() REPRESENTATION_CONTEXT('2D SPACE',''
  ) );
#6174 = PCURVE('',#1378,#6175);
#6175 = DEFINITIONAL_REPRESENTATION('',(#6176),#6180);
#6176 = LINE('',#6177,#6178);
#6177 = CARTESIAN_POINT('',(0.,-8.));
#6178 = VECTOR('',#6179,1.);
#6179 = DIRECTION('',(1.,0.));
#6180 = ( GEOMETRIC_REPRESENTATION_CONTEXT(2) 
PARAMETRIC_REPRESENTATION_CONTEXT() REPRESENTATION_CONTEXT('2D SPACE',''
  ) );
#6181 = ORIENTED_EDGE('',*,*,#6182,.T.);
#6182 = EDGE_CURVE('',#6160,#6183,#6185,.T.);
#6183 = VERTEX_POINT('',#6184);
#6184 = CARTESIAN_POINT('',(8.,2.062545480712,11.086077126042));
#6185 = SURFACE_CURVE('',#6186,(#6196,#6209),.PCURVE_S1.);
#6186 = B_SPLINE_CURVE_WITH_KNOTS('',3,(#6187,#6188,#6189,#6190,#6191,
    #6192,#6193,#6194,#6195),.UNSPECIFIED.,.F.,.F.,(4,1,1,1,1,1,4),(0.,
    0.327497146337,0.647669338415,0.960513007084,1.266020220529,
    1.564166443513,1.854690543779),.UNSPECIFIED.);
#6187 = CARTESIAN_POINT('',(8.,3.049435457586,12.637283861258));
#6188 = CARTESIAN_POINT('',(8.,2.974471014809,12.557956473749));
#6189 = CARTESIAN_POINT('',(8.,2.829962736161,12.397361821527));
#6190 = CARTESIAN_POINT('',(8.,2.629261081731,12.147717347591));
#6191 = CARTESIAN_POINT('',(8.,2.448047371072,11.892394773408));
#6192 = CARTESIAN_POINT('',(8.,2.28894075491,11.631409385775));
#6193 = CARTESIAN_POINT('',(8.,2.153324604593,11.365182759463));
#6194 = CARTESIAN_POINT('',(8.,2.087441964201,11.180167641328));
#6195 = CARTESIAN_POINT('',(8.,2.062545480712,11.086077126042));
#6196 = PCURVE('',#72,#6197);
#6197 = DEFINITIONAL_REPRESENTATION('',(#6198),#6208);
#6198 = B_SPLINE_CURVE_WITH_KNOTS('',3,(#6199,#6200,#6201,#6202,#6203,
    #6204,#6205,#6206,#6207),.UNSPECIFIED.,.F.,.F.,(4,1,1,1,1,1,4),(0.,
    0.327497146337,0.647669338415,0.960513007084,1.266020220529,
    1.564166443513,1.854690543779),.UNSPECIFIED.);
#6199 = CARTESIAN_POINT('',(12.637283861258,-3.049435457586));
#6200 = CARTESIAN_POINT('',(12.557956473749,-2.974471014809));
#6201 = CARTESIAN_POINT('',(12.397361821527,-2.829962736161));
#6202 = CARTESIAN_POINT('',(12.147717347591,-2.629261081731));
#6203 = CARTESIAN_POINT('',(11.892394773408,-2.448047371072));
#6204 = CARTESIAN_POINT('',(11.631409385775,-2.28894075491));
#6205 = CARTESIAN_POINT('',(11.365182759463,-2.153324604593));
#6206 = CARTESIAN_POINT('',(11.180167641328,-2.087441964201));
#6207 = CARTESIAN_POINT('',(11.086077126042,-2.062545480712));
#6208 = ( GEOMETRIC_REPRESENTATION_CONTEXT(2) 
PARAMETRIC_REPRESENTATION_CONTEXT() REPRESENTATION_CONTEXT('2D SPACE',''
  ) );
#6209 = PCURVE('',#1418,#6210);
#6210 = DEFINITIONAL_REPRESENTATION('',(#6211),#6215);
#6211 = LINE('',#6212,#6213);
#6212 = CARTESIAN_POINT('',(0.,-8.));
#6213 = VECTOR('',#6214,1.);
#6214 = DIRECTION('',(1.,0.));
#6215 = ( GEOMETRIC_REPRESENTATION_CONTEXT(2) 
PARAMETRIC_REPRESENTATION_CONTEXT() REPRESENTATION_CONTEXT('2D SPACE',''
  ) );
#6216 = ORIENTED_EDGE('',*,*,#6217,.T.);
#6217 = EDGE_CURVE('',#6183,#6218,#6220,.T.);
#6218 = VERTEX_POINT('',#6219);
#6219 = CARTESIAN_POINT('',(8.,1.966278070367,10.568644688416));
#6220 = SURFACE_CURVE('',#6221,(#6225,#6232),.PCURVE_S1.);
#6221 = LINE('',#6222,#6223);
#6222 = CARTESIAN_POINT('',(8.,2.062545480712,11.086077126042));
#6223 = VECTOR('',#6224,1.);
#6224 = DIRECTION('',(0.,-0.182909587941,-0.983129738457));
#6225 = PCURVE('',#72,#6226);
#6226 = DEFINITIONAL_REPRESENTATION('',(#6227),#6231);
#6227 = LINE('',#6228,#6229);
#6228 = CARTESIAN_POINT('',(11.086077126042,-2.062545480712));
#6229 = VECTOR('',#6230,1.);
#6230 = DIRECTION('',(-0.983129738457,0.182909587941));
#6231 = ( GEOMETRIC_REPRESENTATION_CONTEXT(2) 
PARAMETRIC_REPRESENTATION_CONTEXT() REPRESENTATION_CONTEXT('2D SPACE',''
  ) );
#6232 = PCURVE('',#1454,#6233);
#6233 = DEFINITIONAL_REPRESENTATION('',(#6234),#6238);
#6234 = LINE('',#6235,#6236);
#6235 = CARTESIAN_POINT('',(0.,-8.));
#6236 = VECTOR('',#6237,1.);
#6237 = DIRECTION('',(1.,0.));
#6238 = ( GEOMETRIC_REPRESENTATION_CONTEXT(2) 
PARAMETRIC_REPRESENTATION_CONTEXT() REPRESENTATION_CONTEXT('2D SPACE',''
  ) );
#6239 = ORIENTED_EDGE('',*,*,#6240,.T.);
#6240 = EDGE_CURVE('',#6218,#6241,#6243,.T.);
#6241 = VERTEX_POINT('',#6242);
#6242 = CARTESIAN_POINT('',(8.,0.83608775645,10.717437065993));
#6243 = SURFACE_CURVE('',#6244,(#6248,#6255),.PCURVE_S1.);
#6244 = LINE('',#6245,#6246);
#6245 = CARTESIAN_POINT('',(8.,1.966278070367,10.568644688416));
#6246 = VECTOR('',#6247,1.);
#6247 = DIRECTION('',(0.,-0.991444861374,0.13052619222));
#6248 = PCURVE('',#72,#6249);
#6249 = DEFINITIONAL_REPRESENTATION('',(#6250),#6254);
#6250 = LINE('',#6251,#6252);
#6251 = CARTESIAN_POINT('',(10.568644688416,-1.966278070367));
#6252 = VECTOR('',#6253,1.);
#6253 = DIRECTION('',(0.13052619222,0.991444861374));
#6254 = ( GEOMETRIC_REPRESENTATION_CONTEXT(2) 
PARAMETRIC_REPRESENTATION_CONTEXT() REPRESENTATION_CONTEXT('2D SPACE',''
  ) );
#6255 = PCURVE('',#1482,#6256);
#6256 = DEFINITIONAL_REPRESENTATION('',(#6257),#6261);
#6257 = LINE('',#6258,#6259);
#6258 = CARTESIAN_POINT('',(0.,-8.));
#6259 = VECTOR('',#6260,1.);
#6260 = DIRECTION('',(1.,0.));
#6261 = ( GEOMETRIC_REPRESENTATION_CONTEXT(2) 
PARAMETRIC_REPRESENTATION_CONTEXT() REPRESENTATION_CONTEXT('2D SPACE',''
  ) );
#6262 = ORIENTED_EDGE('',*,*,#6263,.T.);
#6263 = EDGE_CURVE('',#6241,#6264,#6266,.T.);
#6264 = VERTEX_POINT('',#6265);
#6265 = CARTESIAN_POINT('',(8.,0.87702194798,11.242154260075));
#6266 = SURFACE_CURVE('',#6267,(#6271,#6278),.PCURVE_S1.);
#6267 = LINE('',#6268,#6269);
#6268 = CARTESIAN_POINT('',(8.,0.83608775645,10.717437065993));
#6269 = VECTOR('',#6270,1.);
#6270 = DIRECTION('',(0.,7.777560525116E-02,0.99697088986));
#6271 = PCURVE('',#72,#6272);
#6272 = DEFINITIONAL_REPRESENTATION('',(#6273),#6277);
#6273 = LINE('',#6274,#6275);
#6274 = CARTESIAN_POINT('',(10.717437065993,-0.83608775645));
#6275 = VECTOR('',#6276,1.);
#6276 = DIRECTION('',(0.99697088986,-7.777560525116E-02));
#6277 = ( GEOMETRIC_REPRESENTATION_CONTEXT(2) 
PARAMETRIC_REPRESENTATION_CONTEXT() REPRESENTATION_CONTEXT('2D SPACE',''
  ) );
#6278 = PCURVE('',#1510,#6279);
#6279 = DEFINITIONAL_REPRESENTATION('',(#6280),#6284);
#6280 = LINE('',#6281,#6282);
#6281 = CARTESIAN_POINT('',(0.,-8.));
#6282 = VECTOR('',#6283,1.);
#6283 = DIRECTION('',(1.,0.));
#6284 = ( GEOMETRIC_REPRESENTATION_CONTEXT(2) 
PARAMETRIC_REPRESENTATION_CONTEXT() REPRESENTATION_CONTEXT('2D SPACE',''
  ) );
#6285 = ORIENTED_EDGE('',*,*,#6286,.T.);
#6286 = EDGE_CURVE('',#6264,#6287,#6289,.T.);
#6287 = VERTEX_POINT('',#6288);
#6288 = CARTESIAN_POINT('',(8.,0.325241277576,12.99593082897));
#6289 = SURFACE_CURVE('',#6290,(#6300,#6313),.PCURVE_S1.);
#6290 = B_SPLINE_CURVE_WITH_KNOTS('',3,(#6291,#6292,#6293,#6294,#6295,
    #6296,#6297,#6298,#6299),.UNSPECIFIED.,.F.,.F.,(4,1,1,1,1,1,4),(0.,
    0.290524100267,0.58867032325,0.894177536695,1.207021205364,
    1.527193397443,1.854690543779),.UNSPECIFIED.);
#6291 = CARTESIAN_POINT('',(8.,0.87702194798,11.242154260075));
#6292 = CARTESIAN_POINT('',(8.,0.877326208913,11.339482402881));
#6293 = CARTESIAN_POINT('',(8.,0.86157390126,11.535244965817));
#6294 = CARTESIAN_POINT('',(8.,0.799483280409,11.827500182343));
#6295 = CARTESIAN_POINT('',(8.,0.713346079538,12.120772531006));
#6296 = CARTESIAN_POINT('',(8.,0.604389421178,12.414296758997));
#6297 = CARTESIAN_POINT('',(8.,0.475139254144,12.707380214312));
#6298 = CARTESIAN_POINT('',(8.,0.377119930223,12.899904231146));
#6299 = CARTESIAN_POINT('',(8.,0.325241277576,12.99593082897));
#6300 = PCURVE('',#72,#6301);
#6301 = DEFINITIONAL_REPRESENTATION('',(#6302),#6312);
#6302 = B_SPLINE_CURVE_WITH_KNOTS('',3,(#6303,#6304,#6305,#6306,#6307,
    #6308,#6309,#6310,#6311),.UNSPECIFIED.,.F.,.F.,(4,1,1,1,1,1,4),(0.,
    0.290524100267,0.58867032325,0.894177536695,1.207021205364,
    1.527193397443,1.854690543779),.UNSPECIFIED.);
#6303 = CARTESIAN_POINT('',(11.242154260075,-0.87702194798));
#6304 = CARTESIAN_POINT('',(11.339482402881,-0.877326208913));
#6305 = CARTESIAN_POINT('',(11.535244965817,-0.86157390126));
#6306 = CARTESIAN_POINT('',(11.827500182343,-0.799483280409));
#6307 = CARTESIAN_POINT('',(12.120772531006,-0.713346079538));
#6308 = CARTESIAN_POINT('',(12.414296758997,-0.604389421178));
#6309 = CARTESIAN_POINT('',(12.707380214312,-0.475139254144));
#6310 = CARTESIAN_POINT('',(12.899904231146,-0.377119930223));
#6311 = CARTESIAN_POINT('',(12.99593082897,-0.325241277576));
#6312 = ( GEOMETRIC_REPRESENTATION_CONTEXT(2) 
PARAMETRIC_REPRESENTATION_CONTEXT() REPRESENTATION_CONTEXT('2D SPACE',''
  ) );
#6313 = PCURVE('',#1550,#6314);
#6314 = DEFINITIONAL_REPRESENTATION('',(#6315),#6319);
#6315 = LINE('',#6316,#6317);
#6316 = CARTESIAN_POINT('',(0.,-8.));
#6317 = VECTOR('',#6318,1.);
#6318 = DIRECTION('',(1.,0.));
#6319 = ( GEOMETRIC_REPRESENTATION_CONTEXT(2) 
PARAMETRIC_REPRESENTATION_CONTEXT() REPRESENTATION_CONTEXT('2D SPACE',''
  ) );
#6320 = ORIENTED_EDGE('',*,*,#6321,.T.);
#6321 = EDGE_CURVE('',#6287,#6322,#6324,.T.);
#6322 = VERTEX_POINT('',#6323);
#6323 = CARTESIAN_POINT('',(8.,-0.325241277576,12.99593082897));
#6324 = SURFACE_CURVE('',#6325,(#6329,#6336),.PCURVE_S1.);
#6325 = LINE('',#6326,#6327);
#6326 = CARTESIAN_POINT('',(8.,0.325241277576,12.99593082897));
#6327 = VECTOR('',#6328,1.);
#6328 = DIRECTION('',(0.,-1.,0.));
#6329 = PCURVE('',#72,#6330);
#6330 = DEFINITIONAL_REPRESENTATION('',(#6331),#6335);
#6331 = LINE('',#6332,#6333);
#6332 = CARTESIAN_POINT('',(12.99593082897,-0.325241277576));
#6333 = VECTOR('',#6334,1.);
#6334 = DIRECTION('',(0.,1.));
#6335 = ( GEOMETRIC_REPRESENTATION_CONTEXT(2) 
PARAMETRIC_REPRESENTATION_CONTEXT() REPRESENTATION_CONTEXT('2D SPACE',''
  ) );
#6336 = PCURVE('',#1586,#6337);
#6337 = DEFINITIONAL_REPRESENTATION('',(#6338),#6342);
#6338 = LINE('',#6339,#6340);
#6339 = CARTESIAN_POINT('',(0.,-8.));
#6340 = VECTOR('',#6341,1.);
#6341 = DIRECTION('',(1.,0.));
#6342 = ( GEOMETRIC_REPRESENTATION_CONTEXT(2) 
PARAMETRIC_REPRESENTATION_CONTEXT() REPRESENTATION_CONTEXT('2D SPACE',''
  ) );
#6343 = ORIENTED_EDGE('',*,*,#6344,.T.);
#6344 = EDGE_CURVE('',#6322,#6345,#6347,.T.);
#6345 = VERTEX_POINT('',#6346);
#6346 = CARTESIAN_POINT('',(8.,-0.87702194798,11.242154260075));
#6347 = SURFACE_CURVE('',#6348,(#6358,#6371),.PCURVE_S1.);
#6348 = B_SPLINE_CURVE_WITH_KNOTS('',3,(#6349,#6350,#6351,#6352,#6353,
    #6354,#6355,#6356,#6357),.UNSPECIFIED.,.F.,.F.,(4,1,1,1,1,1,4),(0.,
    0.327497146337,0.647669338415,0.960513007084,1.266020220529,
    1.564166443513,1.854690543779),.UNSPECIFIED.);
#6349 = CARTESIAN_POINT('',(8.,-0.325241277576,12.99593082897));
#6350 = CARTESIAN_POINT('',(8.,-0.377119930223,12.899904231146));
#6351 = CARTESIAN_POINT('',(8.,-0.475139254144,12.707380214312));
#6352 = CARTESIAN_POINT('',(8.,-0.604389421178,12.414296758997));
#6353 = CARTESIAN_POINT('',(8.,-0.713346079538,12.120772531006));
#6354 = CARTESIAN_POINT('',(8.,-0.799483280409,11.827500182343));
#6355 = CARTESIAN_POINT('',(8.,-0.86157390126,11.535244965817));
#6356 = CARTESIAN_POINT('',(8.,-0.877326208913,11.339482402881));
#6357 = CARTESIAN_POINT('',(8.,-0.87702194798,11.242154260075));
#6358 = PCURVE('',#72,#6359);
#6359 = DEFINITIONAL_REPRESENTATION('',(#6360),#6370);
#6360 = B_SPLINE_CURVE_WITH_KNOTS('',3,(#6361,#6362,#6363,#6364,#6365,
    #6366,#6367,#6368,#6369),.UNSPECIFIED.,.F.,.F.,(4,1,1,1,1,1,4),(0.,
    0.327497146337,0.647669338415,0.960513007084,1.266020220529,
    1.564166443513,1.854690543779),.UNSPECIFIED.);
#6361 = CARTESIAN_POINT('',(12.99593082897,0.325241277576));
#6362 = CARTESIAN_POINT('',(12.899904231146,0.377119930223));
#6363 = CARTESIAN_POINT('',(12.707380214312,0.475139254144));
#6364 = CARTESIAN_POINT('',(12.414296758997,0.604389421178));
#6365 = CARTESIAN_POINT('',(12.120772531006,0.713346079538));
#6366 = CARTESIAN_POINT('',(11.827500182343,0.799483280409));
#6367 = CARTESIAN_POINT('',(11.535244965817,0.86157390126));
#6368 = CARTESIAN_POINT('',(11.339482402881,0.877326208913));
#6369 = CARTESIAN_POINT('',(11.242154260075,0.87702194798));
#6370 = ( GEOMETRIC_REPRESENTATION_CONTEXT(2) 
PARAMETRIC_REPRESENTATION_CONTEXT() REPRESENTATION_CONTEXT('2D SPACE',''
  ) );
#6371 = PCURVE('',#1626,#6372);
#6372 = DEFINITIONAL_REPRESENTATION('',(#6373),#6377);
#6373 = LINE('',#6374,#6375);
#6374 = CARTESIAN_POINT('',(0.,-8.));
#6375 = VECTOR('',#6376,1.);
#6376 = DIRECTION('',(1.,0.));
#6377 = ( GEOMETRIC_REPRESENTATION_CONTEXT(2) 
PARAMETRIC_REPRESENTATION_CONTEXT() REPRESENTATION_CONTEXT('2D SPACE',''
  ) );
#6378 = ORIENTED_EDGE('',*,*,#6379,.T.);
#6379 = EDGE_CURVE('',#6345,#6380,#6382,.T.);
#6380 = VERTEX_POINT('',#6381);
#6381 = CARTESIAN_POINT('',(8.,-0.83608775645,10.717437065993));
#6382 = SURFACE_CURVE('',#6383,(#6387,#6394),.PCURVE_S1.);
#6383 = LINE('',#6384,#6385);
#6384 = CARTESIAN_POINT('',(8.,-0.87702194798,11.242154260075));
#6385 = VECTOR('',#6386,1.);
#6386 = DIRECTION('',(0.,7.777560525116E-02,-0.99697088986));
#6387 = PCURVE('',#72,#6388);
#6388 = DEFINITIONAL_REPRESENTATION('',(#6389),#6393);
#6389 = LINE('',#6390,#6391);
#6390 = CARTESIAN_POINT('',(11.242154260075,0.87702194798));
#6391 = VECTOR('',#6392,1.);
#6392 = DIRECTION('',(-0.99697088986,-7.777560525116E-02));
#6393 = ( GEOMETRIC_REPRESENTATION_CONTEXT(2) 
PARAMETRIC_REPRESENTATION_CONTEXT() REPRESENTATION_CONTEXT('2D SPACE',''
  ) );
#6394 = PCURVE('',#1662,#6395);
#6395 = DEFINITIONAL_REPRESENTATION('',(#6396),#6400);
#6396 = LINE('',#6397,#6398);
#6397 = CARTESIAN_POINT('',(0.,-8.));
#6398 = VECTOR('',#6399,1.);
#6399 = DIRECTION('',(1.,0.));
#6400 = ( GEOMETRIC_REPRESENTATION_CONTEXT(2) 
PARAMETRIC_REPRESENTATION_CONTEXT() REPRESENTATION_CONTEXT('2D SPACE',''
  ) );
#6401 = ORIENTED_EDGE('',*,*,#6402,.T.);
#6402 = EDGE_CURVE('',#6380,#6403,#6405,.T.);
#6403 = VERTEX_POINT('',#6404);
#6404 = CARTESIAN_POINT('',(8.,-1.966278070367,10.568644688416));
#6405 = SURFACE_CURVE('',#6406,(#6410,#6417),.PCURVE_S1.);
#6406 = LINE('',#6407,#6408);
#6407 = CARTESIAN_POINT('',(8.,-0.83608775645,10.717437065993));
#6408 = VECTOR('',#6409,1.);
#6409 = DIRECTION('',(0.,-0.991444861374,-0.13052619222));
#6410 = PCURVE('',#72,#6411);
#6411 = DEFINITIONAL_REPRESENTATION('',(#6412),#6416);
#6412 = LINE('',#6413,#6414);
#6413 = CARTESIAN_POINT('',(10.717437065993,0.83608775645));
#6414 = VECTOR('',#6415,1.);
#6415 = DIRECTION('',(-0.13052619222,0.991444861374));
#6416 = ( GEOMETRIC_REPRESENTATION_CONTEXT(2) 
PARAMETRIC_REPRESENTATION_CONTEXT() REPRESENTATION_CONTEXT('2D SPACE',''
  ) );
#6417 = PCURVE('',#1690,#6418);
#6418 = DEFINITIONAL_REPRESENTATION('',(#6419),#6423);
#6419 = LINE('',#6420,#6421);
#6420 = CARTESIAN_POINT('',(0.,-8.));
#6421 = VECTOR('',#6422,1.);
#6422 = DIRECTION('',(1.,0.));
#6423 = ( GEOMETRIC_REPRESENTATION_CONTEXT(2) 
PARAMETRIC_REPRESENTATION_CONTEXT() REPRESENTATION_CONTEXT('2D SPACE',''
  ) );
#6424 = ORIENTED_EDGE('',*,*,#6425,.T.);
#6425 = EDGE_CURVE('',#6403,#6426,#6428,.T.);
#6426 = VERTEX_POINT('',#6427);
#6427 = CARTESIAN_POINT('',(8.,-2.062545480712,11.086077126042));
#6428 = SURFACE_CURVE('',#6429,(#6433,#6440),.PCURVE_S1.);
#6429 = LINE('',#6430,#6431);
#6430 = CARTESIAN_POINT('',(8.,-1.966278070367,10.568644688416));
#6431 = VECTOR('',#6432,1.);
#6432 = DIRECTION('',(0.,-0.182909587941,0.983129738457));
#6433 = PCURVE('',#72,#6434);
#6434 = DEFINITIONAL_REPRESENTATION('',(#6435),#6439);
#6435 = LINE('',#6436,#6437);
#6436 = CARTESIAN_POINT('',(10.568644688416,1.966278070367));
#6437 = VECTOR('',#6438,1.);
#6438 = DIRECTION('',(0.983129738457,0.182909587941));
#6439 = ( GEOMETRIC_REPRESENTATION_CONTEXT(2) 
PARAMETRIC_REPRESENTATION_CONTEXT() REPRESENTATION_CONTEXT('2D SPACE',''
  ) );
#6440 = PCURVE('',#1718,#6441);
#6441 = DEFINITIONAL_REPRESENTATION('',(#6442),#6446);
#6442 = LINE('',#6443,#6444);
#6443 = CARTESIAN_POINT('',(0.,-8.));
#6444 = VECTOR('',#6445,1.);
#6445 = DIRECTION('',(1.,0.));
#6446 = ( GEOMETRIC_REPRESENTATION_CONTEXT(2) 
PARAMETRIC_REPRESENTATION_CONTEXT() REPRESENTATION_CONTEXT('2D SPACE',''
  ) );
#6447 = ORIENTED_EDGE('',*,*,#6448,.T.);
#6448 = EDGE_CURVE('',#6426,#6449,#6451,.T.);
#6449 = VERTEX_POINT('',#6450);
#6450 = CARTESIAN_POINT('',(8.,-3.049435457586,12.637283861258));
#6451 = SURFACE_CURVE('',#6452,(#6462,#6475),.PCURVE_S1.);
#6452 = B_SPLINE_CURVE_WITH_KNOTS('',3,(#6453,#6454,#6455,#6456,#6457,
    #6458,#6459,#6460,#6461),.UNSPECIFIED.,.F.,.F.,(4,1,1,1,1,1,4),(0.,
    0.290524100267,0.58867032325,0.894177536695,1.207021205364,
    1.527193397443,1.854690543779),.UNSPECIFIED.);
#6453 = CARTESIAN_POINT('',(8.,-2.062545480712,11.086077126042));
#6454 = CARTESIAN_POINT('',(8.,-2.087441964201,11.180167641328));
#6455 = CARTESIAN_POINT('',(8.,-2.153324604593,11.365182759463));
#6456 = CARTESIAN_POINT('',(8.,-2.28894075491,11.631409385775));
#6457 = CARTESIAN_POINT('',(8.,-2.448047371072,11.892394773408));
#6458 = CARTESIAN_POINT('',(8.,-2.629261081731,12.147717347591));
#6459 = CARTESIAN_POINT('',(8.,-2.829962736161,12.397361821527));
#6460 = CARTESIAN_POINT('',(8.,-2.974471014809,12.557956473749));
#6461 = CARTESIAN_POINT('',(8.,-3.049435457586,12.637283861258));
#6462 = PCURVE('',#72,#6463);
#6463 = DEFINITIONAL_REPRESENTATION('',(#6464),#6474);
#6464 = B_SPLINE_CURVE_WITH_KNOTS('',3,(#6465,#6466,#6467,#6468,#6469,
    #6470,#6471,#6472,#6473),.UNSPECIFIED.,.F.,.F.,(4,1,1,1,1,1,4),(0.,
    0.290524100267,0.58867032325,0.894177536695,1.207021205364,
    1.527193397443,1.854690543779),.UNSPECIFIED.);
#6465 = CARTESIAN_POINT('',(11.086077126042,2.062545480712));
#6466 = CARTESIAN_POINT('',(11.180167641328,2.087441964201));
#6467 = CARTESIAN_POINT('',(11.365182759463,2.153324604593));
#6468 = CARTESIAN_POINT('',(11.631409385775,2.28894075491));
#6469 = CARTESIAN_POINT('',(11.892394773408,2.448047371072));
#6470 = CARTESIAN_POINT('',(12.147717347591,2.629261081731));
#6471 = CARTESIAN_POINT('',(12.397361821527,2.829962736161));
#6472 = CARTESIAN_POINT('',(12.557956473749,2.974471014809));
#6473 = CARTESIAN_POINT('',(12.637283861258,3.049435457586));
#6474 = ( GEOMETRIC_REPRESENTATION_CONTEXT(2) 
PARAMETRIC_REPRESENTATION_CONTEXT() REPRESENTATION_CONTEXT('2D SPACE',''
  ) );
#6475 = PCURVE('',#1758,#6476);
#6476 = DEFINITIONAL_REPRESENTATION('',(#6477),#6481);
#6477 = LINE('',#6478,#6479);
#6478 = CARTESIAN_POINT('',(0.,-8.));
#6479 = VECTOR('',#6480,1.);
#6480 = DIRECTION('',(1.,0.));
#6481 = ( GEOMETRIC_REPRESENTATION_CONTEXT(2) 
PARAMETRIC_REPRESENTATION_CONTEXT() REPRESENTATION_CONTEXT('2D SPACE',''
  ) );
#6482 = ORIENTED_EDGE('',*,*,#6483,.T.);
#6483 = EDGE_CURVE('',#6449,#6484,#6486,.T.);
#6484 = VERTEX_POINT('',#6485);
#6485 = CARTESIAN_POINT('',(8.,-3.677753357158,12.468926587478));
#6486 = SURFACE_CURVE('',#6487,(#6491,#6498),.PCURVE_S1.);
#6487 = LINE('',#6488,#6489);
#6488 = CARTESIAN_POINT('',(8.,-3.049435457586,12.637283861258));
#6489 = VECTOR('',#6490,1.);
#6490 = DIRECTION('',(0.,-0.965925826289,-0.258819045103));
#6491 = PCURVE('',#72,#6492);
#6492 = DEFINITIONAL_REPRESENTATION('',(#6493),#6497);
#6493 = LINE('',#6494,#6495);
#6494 = CARTESIAN_POINT('',(12.637283861258,3.049435457586));
#6495 = VECTOR('',#6496,1.);
#6496 = DIRECTION('',(-0.258819045103,0.965925826289));
#6497 = ( GEOMETRIC_REPRESENTATION_CONTEXT(2) 
PARAMETRIC_REPRESENTATION_CONTEXT() REPRESENTATION_CONTEXT('2D SPACE',''
  ) );
#6498 = PCURVE('',#1794,#6499);
#6499 = DEFINITIONAL_REPRESENTATION('',(#6500),#6504);
#6500 = LINE('',#6501,#6502);
#6501 = CARTESIAN_POINT('',(0.,-8.));
#6502 = VECTOR('',#6503,1.);
#6503 = DIRECTION('',(1.,0.));
#6504 = ( GEOMETRIC_REPRESENTATION_CONTEXT(2) 
PARAMETRIC_REPRESENTATION_CONTEXT() REPRESENTATION_CONTEXT('2D SPACE',''
  ) );
#6505 = ORIENTED_EDGE('',*,*,#6506,.T.);
#6506 = EDGE_CURVE('',#6484,#6507,#6509,.T.);
#6507 = VERTEX_POINT('',#6508);
#6508 = CARTESIAN_POINT('',(8.,-3.756821780264,10.632097159822));
#6509 = SURFACE_CURVE('',#6510,(#6520,#6533),.PCURVE_S1.);
#6510 = B_SPLINE_CURVE_WITH_KNOTS('',3,(#6511,#6512,#6513,#6514,#6515,
    #6516,#6517,#6518,#6519),.UNSPECIFIED.,.F.,.F.,(4,1,1,1,1,1,4),(0.,
    0.327497146337,0.647669338416,0.960513007084,1.266020220529,
    1.564166443513,1.854690543779),.UNSPECIFIED.);
#6511 = CARTESIAN_POINT('',(8.,-3.677753357158,12.468926587478));
#6512 = CARTESIAN_POINT('',(8.,-3.70301077523,12.36274483329));
#6513 = CARTESIAN_POINT('',(8.,-3.747861289485,12.15141164543));
#6514 = CARTESIAN_POINT('',(8.,-3.796851783834,11.834862361872));
#6515 = CARTESIAN_POINT('',(8.,-3.826126173688,11.523139671141));
#6516 = CARTESIAN_POINT('',(8.,-3.833423851378,11.217566387353));
#6517 = CARTESIAN_POINT('',(8.,-3.81775756956,10.919199290644));
#6518 = CARTESIAN_POINT('',(8.,-3.78230605074,10.726030178059));
#6519 = CARTESIAN_POINT('',(8.,-3.756821780264,10.632097159822));
#6520 = PCURVE('',#72,#6521);
#6521 = DEFINITIONAL_REPRESENTATION('',(#6522),#6532);
#6522 = B_SPLINE_CURVE_WITH_KNOTS('',3,(#6523,#6524,#6525,#6526,#6527,
    #6528,#6529,#6530,#6531),.UNSPECIFIED.,.F.,.F.,(4,1,1,1,1,1,4),(0.,
    0.327497146337,0.647669338416,0.960513007084,1.266020220529,
    1.564166443513,1.854690543779),.UNSPECIFIED.);
#6523 = CARTESIAN_POINT('',(12.468926587478,3.677753357158));
#6524 = CARTESIAN_POINT('',(12.36274483329,3.70301077523));
#6525 = CARTESIAN_POINT('',(12.15141164543,3.747861289485));
#6526 = CARTESIAN_POINT('',(11.834862361872,3.796851783834));
#6527 = CARTESIAN_POINT('',(11.523139671141,3.826126173688));
#6528 = CARTESIAN_POINT('',(11.217566387353,3.833423851378));
#6529 = CARTESIAN_POINT('',(10.919199290644,3.81775756956));
#6530 = CARTESIAN_POINT('',(10.726030178059,3.78230605074));
#6531 = CARTESIAN_POINT('',(10.632097159822,3.756821780264));
#6532 = ( GEOMETRIC_REPRESENTATION_CONTEXT(2) 
PARAMETRIC_REPRESENTATION_CONTEXT() REPRESENTATION_CONTEXT('2D SPACE',''
  ) );
#6533 = PCURVE('',#1834,#6534);
#6534 = DEFINITIONAL_REPRESENTATION('',(#6535),#6539);
#6535 = LINE('',#6536,#6537);
#6536 = CARTESIAN_POINT('',(0.,-8.));
#6537 = VECTOR('',#6538,1.);
#6538 = DIRECTION('',(1.,0.));
#6539 = ( GEOMETRIC_REPRESENTATION_CONTEXT(2) 
PARAMETRIC_REPRESENTATION_CONTEXT() REPRESENTATION_CONTEXT('2D SPACE',''
  ) );
#6540 = ORIENTED_EDGE('',*,*,#6541,.T.);
#6541 = EDGE_CURVE('',#6507,#6542,#6544,.T.);
#6542 = VERTEX_POINT('',#6543);
#6543 = CARTESIAN_POINT('',(8.,-3.581475584366,10.135853818924));
#6544 = SURFACE_CURVE('',#6545,(#6549,#6556),.PCURVE_S1.);
#6545 = LINE('',#6546,#6547);
#6546 = CARTESIAN_POINT('',(8.,-3.756821780264,10.632097159822));
#6547 = VECTOR('',#6548,1.);
#6548 = DIRECTION('',(0.,0.333160519476,-0.942870122691));
#6549 = PCURVE('',#72,#6550);
#6550 = DEFINITIONAL_REPRESENTATION('',(#6551),#6555);
#6551 = LINE('',#6552,#6553);
#6552 = CARTESIAN_POINT('',(10.632097159822,3.756821780264));
#6553 = VECTOR('',#6554,1.);
#6554 = DIRECTION('',(-0.942870122691,-0.333160519476));
#6555 = ( GEOMETRIC_REPRESENTATION_CONTEXT(2) 
PARAMETRIC_REPRESENTATION_CONTEXT() REPRESENTATION_CONTEXT('2D SPACE',''
  ) );
#6556 = PCURVE('',#1870,#6557);
#6557 = DEFINITIONAL_REPRESENTATION('',(#6558),#6562);
#6558 = LINE('',#6559,#6560);
#6559 = CARTESIAN_POINT('',(0.,-8.));
#6560 = VECTOR('',#6561,1.);
#6561 = DIRECTION('',(1.,0.));
#6562 = ( GEOMETRIC_REPRESENTATION_CONTEXT(2) 
PARAMETRIC_REPRESENTATION_CONTEXT() REPRESENTATION_CONTEXT('2D SPACE',''
  ) );
#6563 = ORIENTED_EDGE('',*,*,#6564,.T.);
#6564 = EDGE_CURVE('',#6542,#6565,#6567,.T.);
#6565 = VERTEX_POINT('',#6566);
#6566 = CARTESIAN_POINT('',(8.,-4.634645296118,9.699616640836));
#6567 = SURFACE_CURVE('',#6568,(#6572,#6579),.PCURVE_S1.);
#6568 = LINE('',#6569,#6570);
#6569 = CARTESIAN_POINT('',(8.,-3.581475584366,10.135853818924));
#6570 = VECTOR('',#6571,1.);
#6571 = DIRECTION('',(0.,-0.923879532511,-0.382683432365));
#6572 = PCURVE('',#72,#6573);
#6573 = DEFINITIONAL_REPRESENTATION('',(#6574),#6578);
#6574 = LINE('',#6575,#6576);
#6575 = CARTESIAN_POINT('',(10.135853818924,3.581475584366));
#6576 = VECTOR('',#6577,1.);
#6577 = DIRECTION('',(-0.382683432365,0.923879532511));
#6578 = ( GEOMETRIC_REPRESENTATION_CONTEXT(2) 
PARAMETRIC_REPRESENTATION_CONTEXT() REPRESENTATION_CONTEXT('2D SPACE',''
  ) );
#6579 = PCURVE('',#1898,#6580);
#6580 = DEFINITIONAL_REPRESENTATION('',(#6581),#6585);
#6581 = LINE('',#6582,#6583);
#6582 = CARTESIAN_POINT('',(0.,-8.));
#6583 = VECTOR('',#6584,1.);
#6584 = DIRECTION('',(1.,0.));
#6585 = ( GEOMETRIC_REPRESENTATION_CONTEXT(2) 
PARAMETRIC_REPRESENTATION_CONTEXT() REPRESENTATION_CONTEXT('2D SPACE',''
  ) );
#6586 = ORIENTED_EDGE('',*,*,#6587,.T.);
#6587 = EDGE_CURVE('',#6565,#6588,#6590,.T.);
#6588 = VERTEX_POINT('',#6589);
#6589 = CARTESIAN_POINT('',(8.,-4.86155384341,10.174502156479));
#6590 = SURFACE_CURVE('',#6591,(#6595,#6602),.PCURVE_S1.);
#6591 = LINE('',#6592,#6593);
#6592 = CARTESIAN_POINT('',(8.,-4.634645296118,9.699616640836));
#6593 = VECTOR('',#6594,1.);
#6594 = DIRECTION('',(0.,-0.431129794988,0.902289920078));
#6595 = PCURVE('',#72,#6596);
#6596 = DEFINITIONAL_REPRESENTATION('',(#6597),#6601);
#6597 = LINE('',#6598,#6599);
#6598 = CARTESIAN_POINT('',(9.699616640836,4.634645296118));
#6599 = VECTOR('',#6600,1.);
#6600 = DIRECTION('',(0.902289920078,0.431129794988));
#6601 = ( GEOMETRIC_REPRESENTATION_CONTEXT(2) 
PARAMETRIC_REPRESENTATION_CONTEXT() REPRESENTATION_CONTEXT('2D SPACE',''
  ) );
#6602 = PCURVE('',#1926,#6603);
#6603 = DEFINITIONAL_REPRESENTATION('',(#6604),#6608);
#6604 = LINE('',#6605,#6606);
#6605 = CARTESIAN_POINT('',(0.,-8.));
#6606 = VECTOR('',#6607,1.);
#6607 = DIRECTION('',(1.,0.));
#6608 = ( GEOMETRIC_REPRESENTATION_CONTEXT(2) 
PARAMETRIC_REPRESENTATION_CONTEXT() REPRESENTATION_CONTEXT('2D SPACE',''
  ) );
#6609 = ORIENTED_EDGE('',*,*,#6610,.T.);
#6610 = EDGE_CURVE('',#6588,#6611,#6613,.T.);
#6611 = VERTEX_POINT('',#6612);
#6612 = CARTESIAN_POINT('',(8.,-6.216298205745,11.417426882501));
#6613 = SURFACE_CURVE('',#6614,(#6624,#6637),.PCURVE_S1.);
#6614 = B_SPLINE_CURVE_WITH_KNOTS('',3,(#6615,#6616,#6617,#6618,#6619,
    #6620,#6621,#6622,#6623),.UNSPECIFIED.,.F.,.F.,(4,1,1,1,1,1,4),(0.,
    0.290524100267,0.58867032325,0.894177536695,1.207021205364,
    1.527193397443,1.854690543779),.UNSPECIFIED.);
#6615 = CARTESIAN_POINT('',(8.,-4.86155384341,10.174502156479));
#6616 = CARTESIAN_POINT('',(8.,-4.909954417116,10.258942931118));
#6617 = CARTESIAN_POINT('',(8.,-5.02147759718,10.420602129904));
#6618 = CARTESIAN_POINT('',(8.,-5.221377260436,10.642657261379));
#6619 = CARTESIAN_POINT('',(8.,-5.442610438933,10.853569965113));
#6620 = CARTESIAN_POINT('',(8.,-5.68373178698,11.053291073999));
#6621 = CARTESIAN_POINT('',(8.,-5.942207442732,11.242483708214));
#6622 = CARTESIAN_POINT('',(8.,-6.123356675727,11.36020473567));
#6623 = CARTESIAN_POINT('',(8.,-6.216298205745,11.417426882501));
#6624 = PCURVE('',#72,#6625);
#6625 = DEFINITIONAL_REPRESENTATION('',(#6626),#6636);
#6626 = B_SPLINE_CURVE_WITH_KNOTS('',3,(#6627,#6628,#6629,#6630,#6631,
    #6632,#6633,#6634,#6635),.UNSPECIFIED.,.F.,.F.,(4,1,1,1,1,1,4),(0.,
    0.290524100267,0.58867032325,0.894177536695,1.207021205364,
    1.527193397443,1.854690543779),.UNSPECIFIED.);
#6627 = CARTESIAN_POINT('',(10.174502156479,4.86155384341));
#6628 = CARTESIAN_POINT('',(10.258942931118,4.909954417116));
#6629 = CARTESIAN_POINT('',(10.420602129904,5.02147759718));
#6630 = CARTESIAN_POINT('',(10.642657261379,5.221377260436));
#6631 = CARTESIAN_POINT('',(10.853569965113,5.442610438933));
#6632 = CARTESIAN_POINT('',(11.053291073999,5.68373178698));
#6633 = CARTESIAN_POINT('',(11.242483708214,5.942207442732));
#6634 = CARTESIAN_POINT('',(11.36020473567,6.123356675727));
#6635 = CARTESIAN_POINT('',(11.417426882501,6.216298205745));
#6636 = ( GEOMETRIC_REPRESENTATION_CONTEXT(2) 
PARAMETRIC_REPRESENTATION_CONTEXT() REPRESENTATION_CONTEXT('2D SPACE',''
  ) );
#6637 = PCURVE('',#1966,#6638);
#6638 = DEFINITIONAL_REPRESENTATION('',(#6639),#6643);
#6639 = LINE('',#6640,#6641);
#6640 = CARTESIAN_POINT('',(0.,-8.));
#6641 = VECTOR('',#6642,1.);
#6642 = DIRECTION('',(1.,0.));
#6643 = ( GEOMETRIC_REPRESENTATION_CONTEXT(2) 
PARAMETRIC_REPRESENTATION_CONTEXT() REPRESENTATION_CONTEXT('2D SPACE',''
  ) );
#6644 = ORIENTED_EDGE('',*,*,#6645,.T.);
#6645 = EDGE_CURVE('',#6611,#6646,#6648,.T.);
#6646 = VERTEX_POINT('',#6647);
#6647 = CARTESIAN_POINT('',(8.,-6.779632623225,11.092185604925));
#6648 = SURFACE_CURVE('',#6649,(#6653,#6660),.PCURVE_S1.);
#6649 = LINE('',#6650,#6651);
#6650 = CARTESIAN_POINT('',(8.,-6.216298205745,11.417426882501));
#6651 = VECTOR('',#6652,1.);
#6652 = DIRECTION('',(0.,-0.866025403784,-0.5));
#6653 = PCURVE('',#72,#6654);
#6654 = DEFINITIONAL_REPRESENTATION('',(#6655),#6659);
#6655 = LINE('',#6656,#6657);
#6656 = CARTESIAN_POINT('',(11.417426882501,6.216298205745));
#6657 = VECTOR('',#6658,1.);
#6658 = DIRECTION('',(-0.5,0.866025403784));
#6659 = ( GEOMETRIC_REPRESENTATION_CONTEXT(2) 
PARAMETRIC_REPRESENTATION_CONTEXT() REPRESENTATION_CONTEXT('2D SPACE',''
  ) );
#6660 = PCURVE('',#2002,#6661);
#6661 = DEFINITIONAL_REPRESENTATION('',(#6662),#6666);
#6662 = LINE('',#6663,#6664);
#6663 = CARTESIAN_POINT('',(0.,-8.));
#6664 = VECTOR('',#6665,1.);
#6665 = DIRECTION('',(1.,0.));
#6666 = ( GEOMETRIC_REPRESENTATION_CONTEXT(2) 
PARAMETRIC_REPRESENTATION_CONTEXT() REPRESENTATION_CONTEXT('2D SPACE',''
  ) );
#6667 = ORIENTED_EDGE('',*,*,#6668,.T.);
#6668 = EDGE_CURVE('',#6646,#6669,#6671,.T.);
#6669 = VERTEX_POINT('',#6670);
#6670 = CARTESIAN_POINT('',(8.,-6.380600416665,9.297480208499));
#6671 = SURFACE_CURVE('',#6672,(#6682,#6695),.PCURVE_S1.);
#6672 = B_SPLINE_CURVE_WITH_KNOTS('',3,(#6673,#6674,#6675,#6676,#6677,
    #6678,#6679,#6680,#6681),.UNSPECIFIED.,.F.,.F.,(4,1,1,1,1,1,4),(0.,
    0.327497146337,0.647669338415,0.960513007084,1.266020220529,
    1.564166443513,1.854690543779),.UNSPECIFIED.);
#6673 = CARTESIAN_POINT('',(8.,-6.779632623225,11.092185604925));
#6674 = CARTESIAN_POINT('',(8.,-6.776547555419,10.983084805447));
#6675 = CARTESIAN_POINT('',(8.,-6.76517277158,10.76734445407));
#6676 = CARTESIAN_POINT('',(8.,-6.730564972017,10.448901652821));
#6677 = CARTESIAN_POINT('',(8.,-6.678162092073,10.140223885575));
#6678 = CARTESIAN_POINT('',(8.,-6.606122921907,9.84317398097));
#6679 = CARTESIAN_POINT('',(8.,-6.513767368637,9.559028228644));
#6680 = CARTESIAN_POINT('',(8.,-6.429527985766,9.381616722205));
#6681 = CARTESIAN_POINT('',(8.,-6.380600416665,9.297480208499));
#6682 = PCURVE('',#72,#6683);
#6683 = DEFINITIONAL_REPRESENTATION('',(#6684),#6694);
#6684 = B_SPLINE_CURVE_WITH_KNOTS('',3,(#6685,#6686,#6687,#6688,#6689,
    #6690,#6691,#6692,#6693),.UNSPECIFIED.,.F.,.F.,(4,1,1,1,1,1,4),(0.,
    0.327497146337,0.647669338415,0.960513007084,1.266020220529,
    1.564166443513,1.854690543779),.UNSPECIFIED.);
#6685 = CARTESIAN_POINT('',(11.092185604925,6.779632623225));
#6686 = CARTESIAN_POINT('',(10.983084805447,6.776547555419));
#6687 = CARTESIAN_POINT('',(10.76734445407,6.76517277158));
#6688 = CARTESIAN_POINT('',(10.448901652821,6.730564972017));
#6689 = CARTESIAN_POINT('',(10.140223885575,6.678162092073));
#6690 = CARTESIAN_POINT('',(9.84317398097,6.606122921907));
#6691 = CARTESIAN_POINT('',(9.559028228644,6.513767368637));
#6692 = CARTESIAN_POINT('',(9.381616722205,6.429527985766));
#6693 = CARTESIAN_POINT('',(9.297480208499,6.380600416665));
#6694 = ( GEOMETRIC_REPRESENTATION_CONTEXT(2) 
PARAMETRIC_REPRESENTATION_CONTEXT() REPRESENTATION_CONTEXT('2D SPACE',''
  ) );
#6695 = PCURVE('',#2042,#6696);
#6696 = DEFINITIONAL_REPRESENTATION('',(#6697),#6701);
#6697 = LINE('',#6698,#6699);
#6698 = CARTESIAN_POINT('',(0.,-8.));
#6699 = VECTOR('',#6700,1.);
#6700 = DIRECTION('',(1.,0.));
#6701 = ( GEOMETRIC_REPRESENTATION_CONTEXT(2) 
PARAMETRIC_REPRESENTATION_CONTEXT() REPRESENTATION_CONTEXT('2D SPACE',''
  ) );
#6702 = ORIENTED_EDGE('',*,*,#6703,.T.);
#6703 = EDGE_CURVE('',#6669,#6704,#6706,.T.);
#6704 = VERTEX_POINT('',#6705);
#6705 = CARTESIAN_POINT('',(8.,-6.082791769875,8.863528884386));
#6706 = SURFACE_CURVE('',#6707,(#6711,#6718),.PCURVE_S1.);
#6707 = LINE('',#6708,#6709);
#6708 = CARTESIAN_POINT('',(8.,-6.380600416665,9.297480208499));
#6709 = VECTOR('',#6710,1.);
#6710 = DIRECTION('',(0.,0.565841094872,-0.824514314827));
#6711 = PCURVE('',#72,#6712);
#6712 = DEFINITIONAL_REPRESENTATION('',(#6713),#6717);
#6713 = LINE('',#6714,#6715);
#6714 = CARTESIAN_POINT('',(9.297480208499,6.380600416665));
#6715 = VECTOR('',#6716,1.);
#6716 = DIRECTION('',(-0.824514314827,-0.565841094872));
#6717 = ( GEOMETRIC_REPRESENTATION_CONTEXT(2) 
PARAMETRIC_REPRESENTATION_CONTEXT() REPRESENTATION_CONTEXT('2D SPACE',''
  ) );
#6718 = PCURVE('',#2078,#6719);
#6719 = DEFINITIONAL_REPRESENTATION('',(#6720),#6724);
#6720 = LINE('',#6721,#6722);
#6721 = CARTESIAN_POINT('',(0.,-8.));
#6722 = VECTOR('',#6723,1.);
#6723 = DIRECTION('',(1.,0.));
#6724 = ( GEOMETRIC_REPRESENTATION_CONTEXT(2) 
PARAMETRIC_REPRESENTATION_CONTEXT() REPRESENTATION_CONTEXT('2D SPACE',''
  ) );
#6725 = ORIENTED_EDGE('',*,*,#6726,.T.);
#6726 = EDGE_CURVE('',#6704,#6727,#6729,.T.);
#6727 = VERTEX_POINT('',#6728);
#6728 = CARTESIAN_POINT('',(8.,-6.987169104051,8.169575748556));
#6729 = SURFACE_CURVE('',#6730,(#6734,#6741),.PCURVE_S1.);
#6730 = LINE('',#6731,#6732);
#6731 = CARTESIAN_POINT('',(8.,-6.082791769875,8.863528884386));
#6732 = VECTOR('',#6733,1.);
#6733 = DIRECTION('',(0.,-0.793353340291,-0.608761429009));
#6734 = PCURVE('',#72,#6735);
#6735 = DEFINITIONAL_REPRESENTATION('',(#6736),#6740);
#6736 = LINE('',#6737,#6738);
#6737 = CARTESIAN_POINT('',(8.863528884386,6.082791769875));
#6738 = VECTOR('',#6739,1.);
#6739 = DIRECTION('',(-0.608761429009,0.793353340291));
#6740 = ( GEOMETRIC_REPRESENTATION_CONTEXT(2) 
PARAMETRIC_REPRESENTATION_CONTEXT() REPRESENTATION_CONTEXT('2D SPACE',''
  ) );
#6741 = PCURVE('',#2106,#6742);
#6742 = DEFINITIONAL_REPRESENTATION('',(#6743),#6747);
#6743 = LINE('',#6744,#6745);
#6744 = CARTESIAN_POINT('',(0.,-8.));
#6745 = VECTOR('',#6746,1.);
#6746 = DIRECTION('',(1.,0.));
#6747 = ( GEOMETRIC_REPRESENTATION_CONTEXT(2) 
PARAMETRIC_REPRESENTATION_CONTEXT() REPRESENTATION_CONTEXT('2D SPACE',''
  ) );
#6748 = ORIENTED_EDGE('',*,*,#6749,.T.);
#6749 = EDGE_CURVE('',#6727,#6750,#6752,.T.);
#6750 = VERTEX_POINT('',#6751);
#6751 = CARTESIAN_POINT('',(8.,-7.329255345778,8.569551679111));
#6752 = SURFACE_CURVE('',#6753,(#6757,#6764),.PCURVE_S1.);
#6753 = LINE('',#6754,#6755);
#6754 = CARTESIAN_POINT('',(8.,-6.987169104051,8.169575748556));
#6755 = VECTOR('',#6756,1.);
#6756 = DIRECTION('',(0.,-0.649969218981,0.759960534749));
#6757 = PCURVE('',#72,#6758);
#6758 = DEFINITIONAL_REPRESENTATION('',(#6759),#6763);
#6759 = LINE('',#6760,#6761);
#6760 = CARTESIAN_POINT('',(8.169575748556,6.987169104051));
#6761 = VECTOR('',#6762,1.);
#6762 = DIRECTION('',(0.759960534749,0.649969218981));
#6763 = ( GEOMETRIC_REPRESENTATION_CONTEXT(2) 
PARAMETRIC_REPRESENTATION_CONTEXT() REPRESENTATION_CONTEXT('2D SPACE',''
  ) );
#6764 = PCURVE('',#2134,#6765);
#6765 = DEFINITIONAL_REPRESENTATION('',(#6766),#6770);
#6766 = LINE('',#6767,#6768);
#6767 = CARTESIAN_POINT('',(0.,-8.));
#6768 = VECTOR('',#6769,1.);
#6769 = DIRECTION('',(1.,0.));
#6770 = ( GEOMETRIC_REPRESENTATION_CONTEXT(2) 
PARAMETRIC_REPRESENTATION_CONTEXT() REPRESENTATION_CONTEXT('2D SPACE',''
  ) );
#6771 = ORIENTED_EDGE('',*,*,#6772,.T.);
#6772 = EDGE_CURVE('',#6750,#6773,#6775,.T.);
#6773 = VERTEX_POINT('',#6774);
#6774 = CARTESIAN_POINT('',(8.,-8.9595305041,9.419491129892));
#6775 = SURFACE_CURVE('',#6776,(#6786,#6799),.PCURVE_S1.);
#6776 = B_SPLINE_CURVE_WITH_KNOTS('',3,(#6777,#6778,#6779,#6780,#6781,
    #6782,#6783,#6784,#6785),.UNSPECIFIED.,.F.,.F.,(4,1,1,1,1,1,4),(0.,
    0.290524100267,0.58867032325,0.894177536695,1.207021205364,
    1.527193397443,1.854690543779),.UNSPECIFIED.);
#6777 = CARTESIAN_POINT('',(8.,-7.329255345778,8.569551679111));
#6778 = CARTESIAN_POINT('',(8.,-7.397861590587,8.638588213858));
#6779 = CARTESIAN_POINT('',(8.,-7.547425189903,8.765874686051));
#6780 = CARTESIAN_POINT('',(8.,-7.797985534397,8.928625632443));
#6781 = CARTESIAN_POINT('',(8.,-8.06626859972,9.075092300069));
#6782 = CARTESIAN_POINT('',(8.,-8.350865563757,9.205601280141));
#6783 = CARTESIAN_POINT('',(8.,-8.649500532042,9.321448909269));
#6784 = CARTESIAN_POINT('',(8.,-8.854945698519,9.388273818481));
#6785 = CARTESIAN_POINT('',(8.,-8.9595305041,9.419491129892));
#6786 = PCURVE('',#72,#6787);
#6787 = DEFINITIONAL_REPRESENTATION('',(#6788),#6798);
#6788 = B_SPLINE_CURVE_WITH_KNOTS('',3,(#6789,#6790,#6791,#6792,#6793,
    #6794,#6795,#6796,#6797),.UNSPECIFIED.,.F.,.F.,(4,1,1,1,1,1,4),(0.,
    0.290524100267,0.58867032325,0.894177536695,1.207021205364,
    1.527193397443,1.854690543779),.UNSPECIFIED.);
#6789 = CARTESIAN_POINT('',(8.569551679111,7.329255345778));
#6790 = CARTESIAN_POINT('',(8.638588213858,7.397861590587));
#6791 = CARTESIAN_POINT('',(8.765874686051,7.547425189903));
#6792 = CARTESIAN_POINT('',(8.928625632443,7.797985534397));
#6793 = CARTESIAN_POINT('',(9.075092300069,8.06626859972));
#6794 = CARTESIAN_POINT('',(9.205601280141,8.350865563757));
#6795 = CARTESIAN_POINT('',(9.321448909269,8.649500532042));
#6796 = CARTESIAN_POINT('',(9.388273818481,8.854945698519));
#6797 = CARTESIAN_POINT('',(9.419491129892,8.9595305041));
#6798 = ( GEOMETRIC_REPRESENTATION_CONTEXT(2) 
PARAMETRIC_REPRESENTATION_CONTEXT() REPRESENTATION_CONTEXT('2D SPACE',''
  ) );
#6799 = PCURVE('',#2174,#6800);
#6800 = DEFINITIONAL_REPRESENTATION('',(#6801),#6805);
#6801 = LINE('',#6802,#6803);
#6802 = CARTESIAN_POINT('',(0.,-8.));
#6803 = VECTOR('',#6804,1.);
#6804 = DIRECTION('',(1.,0.));
#6805 = ( GEOMETRIC_REPRESENTATION_CONTEXT(2) 
PARAMETRIC_REPRESENTATION_CONTEXT() REPRESENTATION_CONTEXT('2D SPACE',''
  ) );
#6806 = ORIENTED_EDGE('',*,*,#6807,.T.);
#6807 = EDGE_CURVE('',#6773,#6808,#6810,.T.);
#6808 = VERTEX_POINT('',#6809);
#6809 = CARTESIAN_POINT('',(8.,-9.419491129892,8.9595305041));
#6810 = SURFACE_CURVE('',#6811,(#6815,#6822),.PCURVE_S1.);
#6811 = LINE('',#6812,#6813);
#6812 = CARTESIAN_POINT('',(8.,-8.9595305041,9.419491129892));
#6813 = VECTOR('',#6814,1.);
#6814 = DIRECTION('',(0.,-0.707106781187,-0.707106781187));
#6815 = PCURVE('',#72,#6816);
#6816 = DEFINITIONAL_REPRESENTATION('',(#6817),#6821);
#6817 = LINE('',#6818,#6819);
#6818 = CARTESIAN_POINT('',(9.419491129892,8.9595305041));
#6819 = VECTOR('',#6820,1.);
#6820 = DIRECTION('',(-0.707106781187,0.707106781187));
#6821 = ( GEOMETRIC_REPRESENTATION_CONTEXT(2) 
PARAMETRIC_REPRESENTATION_CONTEXT() REPRESENTATION_CONTEXT('2D SPACE',''
  ) );
#6822 = PCURVE('',#2210,#6823);
#6823 = DEFINITIONAL_REPRESENTATION('',(#6824),#6828);
#6824 = LINE('',#6825,#6826);
#6825 = CARTESIAN_POINT('',(0.,-8.));
#6826 = VECTOR('',#6827,1.);
#6827 = DIRECTION('',(1.,0.));
#6828 = ( GEOMETRIC_REPRESENTATION_CONTEXT(2) 
PARAMETRIC_REPRESENTATION_CONTEXT() REPRESENTATION_CONTEXT('2D SPACE',''
  ) );
#6829 = ORIENTED_EDGE('',*,*,#6830,.T.);
#6830 = EDGE_CURVE('',#6808,#6831,#6833,.T.);
#6831 = VERTEX_POINT('',#6832);
#6832 = CARTESIAN_POINT('',(8.,-8.569551679111,7.329255345778));
#6833 = SURFACE_CURVE('',#6834,(#6844,#6857),.PCURVE_S1.);
#6834 = B_SPLINE_CURVE_WITH_KNOTS('',3,(#6835,#6836,#6837,#6838,#6839,
    #6840,#6841,#6842,#6843),.UNSPECIFIED.,.F.,.F.,(4,1,1,1,1,1,4),(0.,
    0.327497146337,0.647669338415,0.960513007084,1.266020220529,
    1.564166443513,1.854690543779),.UNSPECIFIED.);
#6835 = CARTESIAN_POINT('',(8.,-9.419491129892,8.9595305041));
#6836 = CARTESIAN_POINT('',(8.,-9.388273818481,8.854945698519));
#6837 = CARTESIAN_POINT('',(8.,-9.321448909269,8.649500532042));
#6838 = CARTESIAN_POINT('',(8.,-9.205601280141,8.350865563757));
#6839 = CARTESIAN_POINT('',(8.,-9.075092300069,8.06626859972));
#6840 = CARTESIAN_POINT('',(8.,-8.928625632443,7.797985534397));
#6841 = CARTESIAN_POINT('',(8.,-8.765874686051,7.547425189903));
#6842 = CARTESIAN_POINT('',(8.,-8.638588213858,7.397861590587));
#6843 = CARTESIAN_POINT('',(8.,-8.569551679111,7.329255345778));
#6844 = PCURVE('',#72,#6845);
#6845 = DEFINITIONAL_REPRESENTATION('',(#6846),#6856);
#6846 = B_SPLINE_CURVE_WITH_KNOTS('',3,(#6847,#6848,#6849,#6850,#6851,
    #6852,#6853,#6854,#6855),.UNSPECIFIED.,.F.,.F.,(4,1,1,1,1,1,4),(0.,
    0.327497146337,0.647669338415,0.960513007084,1.266020220529,
    1.564166443513,1.854690543779),.UNSPECIFIED.);
#6847 = CARTESIAN_POINT('',(8.9595305041,9.419491129892));
#6848 = CARTESIAN_POINT('',(8.854945698519,9.388273818481));
#6849 = CARTESIAN_POINT('',(8.649500532042,9.321448909269));
#6850 = CARTESIAN_POINT('',(8.350865563757,9.205601280141));
#6851 = CARTESIAN_POINT('',(8.06626859972,9.075092300069));
#6852 = CARTESIAN_POINT('',(7.797985534397,8.928625632443));
#6853 = CARTESIAN_POINT('',(7.547425189903,8.765874686051));
#6854 = CARTESIAN_POINT('',(7.397861590587,8.638588213858));
#6855 = CARTESIAN_POINT('',(7.329255345778,8.569551679111));
#6856 = ( GEOMETRIC_REPRESENTATION_CONTEXT(2) 
PARAMETRIC_REPRESENTATION_CONTEXT() REPRESENTATION_CONTEXT('2D SPACE',''
  ) );
#6857 = PCURVE('',#2250,#6858);
#6858 = DEFINITIONAL_REPRESENTATION('',(#6859),#6863);
#6859 = LINE('',#6860,#6861);
#6860 = CARTESIAN_POINT('',(0.,-8.));
#6861 = VECTOR('',#6862,1.);
#6862 = DIRECTION('',(1.,0.));
#6863 = ( GEOMETRIC_REPRESENTATION_CONTEXT(2) 
PARAMETRIC_REPRESENTATION_CONTEXT() REPRESENTATION_CONTEXT('2D SPACE',''
  ) );
#6864 = ORIENTED_EDGE('',*,*,#6865,.T.);
#6865 = EDGE_CURVE('',#6831,#6866,#6868,.T.);
#6866 = VERTEX_POINT('',#6867);
#6867 = CARTESIAN_POINT('',(8.,-8.169575748556,6.987169104051));
#6868 = SURFACE_CURVE('',#6869,(#6873,#6880),.PCURVE_S1.);
#6869 = LINE('',#6870,#6871);
#6870 = CARTESIAN_POINT('',(8.,-8.569551679111,7.329255345778));
#6871 = VECTOR('',#6872,1.);
#6872 = DIRECTION('',(0.,0.759960534749,-0.649969218981));
#6873 = PCURVE('',#72,#6874);
#6874 = DEFINITIONAL_REPRESENTATION('',(#6875),#6879);
#6875 = LINE('',#6876,#6877);
#6876 = CARTESIAN_POINT('',(7.329255345778,8.569551679111));
#6877 = VECTOR('',#6878,1.);
#6878 = DIRECTION('',(-0.649969218981,-0.759960534749));
#6879 = ( GEOMETRIC_REPRESENTATION_CONTEXT(2) 
PARAMETRIC_REPRESENTATION_CONTEXT() REPRESENTATION_CONTEXT('2D SPACE',''
  ) );
#6880 = PCURVE('',#2286,#6881);
#6881 = DEFINITIONAL_REPRESENTATION('',(#6882),#6886);
#6882 = LINE('',#6883,#6884);
#6883 = CARTESIAN_POINT('',(0.,-8.));
#6884 = VECTOR('',#6885,1.);
#6885 = DIRECTION('',(1.,0.));
#6886 = ( GEOMETRIC_REPRESENTATION_CONTEXT(2) 
PARAMETRIC_REPRESENTATION_CONTEXT() REPRESENTATION_CONTEXT('2D SPACE',''
  ) );
#6887 = ORIENTED_EDGE('',*,*,#6888,.T.);
#6888 = EDGE_CURVE('',#6866,#6889,#6891,.T.);
#6889 = VERTEX_POINT('',#6890);
#6890 = CARTESIAN_POINT('',(8.,-8.863528884386,6.082791769875));
#6891 = SURFACE_CURVE('',#6892,(#6896,#6903),.PCURVE_S1.);
#6892 = LINE('',#6893,#6894);
#6893 = CARTESIAN_POINT('',(8.,-8.169575748556,6.987169104051));
#6894 = VECTOR('',#6895,1.);
#6895 = DIRECTION('',(0.,-0.608761429009,-0.793353340291));
#6896 = PCURVE('',#72,#6897);
#6897 = DEFINITIONAL_REPRESENTATION('',(#6898),#6902);
#6898 = LINE('',#6899,#6900);
#6899 = CARTESIAN_POINT('',(6.987169104051,8.169575748556));
#6900 = VECTOR('',#6901,1.);
#6901 = DIRECTION('',(-0.793353340291,0.608761429009));
#6902 = ( GEOMETRIC_REPRESENTATION_CONTEXT(2) 
PARAMETRIC_REPRESENTATION_CONTEXT() REPRESENTATION_CONTEXT('2D SPACE',''
  ) );
#6903 = PCURVE('',#2314,#6904);
#6904 = DEFINITIONAL_REPRESENTATION('',(#6905),#6909);
#6905 = LINE('',#6906,#6907);
#6906 = CARTESIAN_POINT('',(0.,-8.));
#6907 = VECTOR('',#6908,1.);
#6908 = DIRECTION('',(1.,0.));
#6909 = ( GEOMETRIC_REPRESENTATION_CONTEXT(2) 
PARAMETRIC_REPRESENTATION_CONTEXT() REPRESENTATION_CONTEXT('2D SPACE',''
  ) );
#6910 = ORIENTED_EDGE('',*,*,#6911,.T.);
#6911 = EDGE_CURVE('',#6889,#6912,#6914,.T.);
#6912 = VERTEX_POINT('',#6913);
#6913 = CARTESIAN_POINT('',(8.,-9.297480208499,6.380600416665));
#6914 = SURFACE_CURVE('',#6915,(#6919,#6926),.PCURVE_S1.);
#6915 = LINE('',#6916,#6917);
#6916 = CARTESIAN_POINT('',(8.,-8.863528884386,6.082791769875));
#6917 = VECTOR('',#6918,1.);
#6918 = DIRECTION('',(0.,-0.824514314827,0.565841094872));
#6919 = PCURVE('',#72,#6920);
#6920 = DEFINITIONAL_REPRESENTATION('',(#6921),#6925);
#6921 = LINE('',#6922,#6923);
#6922 = CARTESIAN_POINT('',(6.082791769875,8.863528884386));
#6923 = VECTOR('',#6924,1.);
#6924 = DIRECTION('',(0.565841094872,0.824514314827));
#6925 = ( GEOMETRIC_REPRESENTATION_CONTEXT(2) 
PARAMETRIC_REPRESENTATION_CONTEXT() REPRESENTATION_CONTEXT('2D SPACE',''
  ) );
#6926 = PCURVE('',#2342,#6927);
#6927 = DEFINITIONAL_REPRESENTATION('',(#6928),#6932);
#6928 = LINE('',#6929,#6930);
#6929 = CARTESIAN_POINT('',(0.,-8.));
#6930 = VECTOR('',#6931,1.);
#6931 = DIRECTION('',(1.,0.));
#6932 = ( GEOMETRIC_REPRESENTATION_CONTEXT(2) 
PARAMETRIC_REPRESENTATION_CONTEXT() REPRESENTATION_CONTEXT('2D SPACE',''
  ) );
#6933 = ORIENTED_EDGE('',*,*,#6934,.T.);
#6934 = EDGE_CURVE('',#6912,#6935,#6937,.T.);
#6935 = VERTEX_POINT('',#6936);
#6936 = CARTESIAN_POINT('',(8.,-11.09218560492,6.779632623225));
#6937 = SURFACE_CURVE('',#6938,(#6948,#6961),.PCURVE_S1.);
#6938 = B_SPLINE_CURVE_WITH_KNOTS('',3,(#6939,#6940,#6941,#6942,#6943,
    #6944,#6945,#6946,#6947),.UNSPECIFIED.,.F.,.F.,(4,1,1,1,1,1,4),(0.,
    0.290524100267,0.58867032325,0.894177536695,1.207021205364,
    1.527193397443,1.854690543779),.UNSPECIFIED.);
#6939 = CARTESIAN_POINT('',(8.,-9.297480208499,6.380600416665));
#6940 = CARTESIAN_POINT('',(8.,-9.381616722205,6.429527985766));
#6941 = CARTESIAN_POINT('',(8.,-9.559028228644,6.513767368637));
#6942 = CARTESIAN_POINT('',(8.,-9.84317398097,6.606122921907));
#6943 = CARTESIAN_POINT('',(8.,-10.14022388557,6.678162092073));
#6944 = CARTESIAN_POINT('',(8.,-10.44890165282,6.730564972017));
#6945 = CARTESIAN_POINT('',(8.,-10.76734445407,6.76517277158));
#6946 = CARTESIAN_POINT('',(8.,-10.98308480544,6.776547555419));
#6947 = CARTESIAN_POINT('',(8.,-11.09218560492,6.779632623225));
#6948 = PCURVE('',#72,#6949);
#6949 = DEFINITIONAL_REPRESENTATION('',(#6950),#6960);
#6950 = B_SPLINE_CURVE_WITH_KNOTS('',3,(#6951,#6952,#6953,#6954,#6955,
    #6956,#6957,#6958,#6959),.UNSPECIFIED.,.F.,.F.,(4,1,1,1,1,1,4),(0.,
    0.290524100267,0.58867032325,0.894177536695,1.207021205364,
    1.527193397443,1.854690543779),.UNSPECIFIED.);
#6951 = CARTESIAN_POINT('',(6.380600416665,9.297480208499));
#6952 = CARTESIAN_POINT('',(6.429527985766,9.381616722205));
#6953 = CARTESIAN_POINT('',(6.513767368637,9.559028228644));
#6954 = CARTESIAN_POINT('',(6.606122921907,9.84317398097));
#6955 = CARTESIAN_POINT('',(6.678162092073,10.140223885575));
#6956 = CARTESIAN_POINT('',(6.730564972017,10.448901652821));
#6957 = CARTESIAN_POINT('',(6.76517277158,10.76734445407));
#6958 = CARTESIAN_POINT('',(6.776547555419,10.983084805447));
#6959 = CARTESIAN_POINT('',(6.779632623225,11.092185604925));
#6960 = ( GEOMETRIC_REPRESENTATION_CONTEXT(2) 
PARAMETRIC_REPRESENTATION_CONTEXT() REPRESENTATION_CONTEXT('2D SPACE',''
  ) );
#6961 = PCURVE('',#2382,#6962);
#6962 = DEFINITIONAL_REPRESENTATION('',(#6963),#6967);
#6963 = LINE('',#6964,#6965);
#6964 = CARTESIAN_POINT('',(0.,-8.));
#6965 = VECTOR('',#6966,1.);
#6966 = DIRECTION('',(1.,0.));
#6967 = ( GEOMETRIC_REPRESENTATION_CONTEXT(2) 
PARAMETRIC_REPRESENTATION_CONTEXT() REPRESENTATION_CONTEXT('2D SPACE',''
  ) );
#6968 = ORIENTED_EDGE('',*,*,#6969,.T.);
#6969 = EDGE_CURVE('',#6935,#6970,#6972,.T.);
#6970 = VERTEX_POINT('',#6971);
#6971 = CARTESIAN_POINT('',(8.,-11.4174268825,6.216298205745));
#6972 = SURFACE_CURVE('',#6973,(#6977,#6984),.PCURVE_S1.);
#6973 = LINE('',#6974,#6975);
#6974 = CARTESIAN_POINT('',(8.,-11.09218560492,6.779632623225));
#6975 = VECTOR('',#6976,1.);
#6976 = DIRECTION('',(0.,-0.5,-0.866025403784));
#6977 = PCURVE('',#72,#6978);
#6978 = DEFINITIONAL_REPRESENTATION('',(#6979),#6983);
#6979 = LINE('',#6980,#6981);
#6980 = CARTESIAN_POINT('',(6.779632623225,11.092185604925));
#6981 = VECTOR('',#6982,1.);
#6982 = DIRECTION('',(-0.866025403784,0.5));
#6983 = ( GEOMETRIC_REPRESENTATION_CONTEXT(2) 
PARAMETRIC_REPRESENTATION_CONTEXT() REPRESENTATION_CONTEXT('2D SPACE',''
  ) );
#6984 = PCURVE('',#2418,#6985);
#6985 = DEFINITIONAL_REPRESENTATION('',(#6986),#6990);
#6986 = LINE('',#6987,#6988);
#6987 = CARTESIAN_POINT('',(0.,-8.));
#6988 = VECTOR('',#6989,1.);
#6989 = DIRECTION('',(1.,0.));
#6990 = ( GEOMETRIC_REPRESENTATION_CONTEXT(2) 
PARAMETRIC_REPRESENTATION_CONTEXT() REPRESENTATION_CONTEXT('2D SPACE',''
  ) );
#6991 = ORIENTED_EDGE('',*,*,#6992,.T.);
#6992 = EDGE_CURVE('',#6970,#6993,#6995,.T.);
#6993 = VERTEX_POINT('',#6994);
#6994 = CARTESIAN_POINT('',(8.,-10.17450215647,4.86155384341));
#6995 = SURFACE_CURVE('',#6996,(#7006,#7019),.PCURVE_S1.);
#6996 = B_SPLINE_CURVE_WITH_KNOTS('',3,(#6997,#6998,#6999,#7000,#7001,
    #7002,#7003,#7004,#7005),.UNSPECIFIED.,.F.,.F.,(4,1,1,1,1,1,4),(0.,
    0.327497146337,0.647669338415,0.960513007084,1.266020220529,
    1.564166443513,1.854690543779),.UNSPECIFIED.);
#6997 = CARTESIAN_POINT('',(8.,-11.4174268825,6.216298205745));
#6998 = CARTESIAN_POINT('',(8.,-11.36020473567,6.123356675727));
#6999 = CARTESIAN_POINT('',(8.,-11.24248370821,5.942207442732));
#7000 = CARTESIAN_POINT('',(8.,-11.05329107399,5.68373178698));
#7001 = CARTESIAN_POINT('',(8.,-10.85356996511,5.442610438933));
#7002 = CARTESIAN_POINT('',(8.,-10.64265726137,5.221377260436));
#7003 = CARTESIAN_POINT('',(8.,-10.4206021299,5.02147759718));
#7004 = CARTESIAN_POINT('',(8.,-10.25894293111,4.909954417116));
#7005 = CARTESIAN_POINT('',(8.,-10.17450215647,4.86155384341));
#7006 = PCURVE('',#72,#7007);
#7007 = DEFINITIONAL_REPRESENTATION('',(#7008),#7018);
#7008 = B_SPLINE_CURVE_WITH_KNOTS('',3,(#7009,#7010,#7011,#7012,#7013,
    #7014,#7015,#7016,#7017),.UNSPECIFIED.,.F.,.F.,(4,1,1,1,1,1,4),(0.,
    0.327497146337,0.647669338415,0.960513007084,1.266020220529,
    1.564166443513,1.854690543779),.UNSPECIFIED.);
#7009 = CARTESIAN_POINT('',(6.216298205745,11.417426882501));
#7010 = CARTESIAN_POINT('',(6.123356675727,11.36020473567));
#7011 = CARTESIAN_POINT('',(5.942207442732,11.242483708214));
#7012 = CARTESIAN_POINT('',(5.68373178698,11.053291073999));
#7013 = CARTESIAN_POINT('',(5.442610438933,10.853569965113));
#7014 = CARTESIAN_POINT('',(5.221377260436,10.642657261379));
#7015 = CARTESIAN_POINT('',(5.02147759718,10.420602129904));
#7016 = CARTESIAN_POINT('',(4.909954417116,10.258942931118));
#7017 = CARTESIAN_POINT('',(4.86155384341,10.174502156479));
#7018 = ( GEOMETRIC_REPRESENTATION_CONTEXT(2) 
PARAMETRIC_REPRESENTATION_CONTEXT() REPRESENTATION_CONTEXT('2D SPACE',''
  ) );
#7019 = PCURVE('',#2458,#7020);
#7020 = DEFINITIONAL_REPRESENTATION('',(#7021),#7025);
#7021 = LINE('',#7022,#7023);
#7022 = CARTESIAN_POINT('',(0.,-8.));
#7023 = VECTOR('',#7024,1.);
#7024 = DIRECTION('',(1.,0.));
#7025 = ( GEOMETRIC_REPRESENTATION_CONTEXT(2) 
PARAMETRIC_REPRESENTATION_CONTEXT() REPRESENTATION_CONTEXT('2D SPACE',''
  ) );
#7026 = ORIENTED_EDGE('',*,*,#7027,.T.);
#7027 = EDGE_CURVE('',#6993,#7028,#7030,.T.);
#7028 = VERTEX_POINT('',#7029);
#7029 = CARTESIAN_POINT('',(8.,-9.699616640836,4.634645296118));
#7030 = SURFACE_CURVE('',#7031,(#7035,#7042),.PCURVE_S1.);
#7031 = LINE('',#7032,#7033);
#7032 = CARTESIAN_POINT('',(8.,-10.17450215647,4.86155384341));
#7033 = VECTOR('',#7034,1.);
#7034 = DIRECTION('',(0.,0.902289920078,-0.431129794988));
#7035 = PCURVE('',#72,#7036);
#7036 = DEFINITIONAL_REPRESENTATION('',(#7037),#7041);
#7037 = LINE('',#7038,#7039);
#7038 = CARTESIAN_POINT('',(4.86155384341,10.174502156479));
#7039 = VECTOR('',#7040,1.);
#7040 = DIRECTION('',(-0.431129794988,-0.902289920078));
#7041 = ( GEOMETRIC_REPRESENTATION_CONTEXT(2) 
PARAMETRIC_REPRESENTATION_CONTEXT() REPRESENTATION_CONTEXT('2D SPACE',''
  ) );
#7042 = PCURVE('',#2494,#7043);
#7043 = DEFINITIONAL_REPRESENTATION('',(#7044),#7048);
#7044 = LINE('',#7045,#7046);
#7045 = CARTESIAN_POINT('',(0.,-8.));
#7046 = VECTOR('',#7047,1.);
#7047 = DIRECTION('',(1.,0.));
#7048 = ( GEOMETRIC_REPRESENTATION_CONTEXT(2) 
PARAMETRIC_REPRESENTATION_CONTEXT() REPRESENTATION_CONTEXT('2D SPACE',''
  ) );
#7049 = ORIENTED_EDGE('',*,*,#7050,.T.);
#7050 = EDGE_CURVE('',#7028,#7051,#7053,.T.);
#7051 = VERTEX_POINT('',#7052);
#7052 = CARTESIAN_POINT('',(8.,-10.13585381892,3.581475584366));
#7053 = SURFACE_CURVE('',#7054,(#7058,#7065),.PCURVE_S1.);
#7054 = LINE('',#7055,#7056);
#7055 = CARTESIAN_POINT('',(8.,-9.699616640836,4.634645296118));
#7056 = VECTOR('',#7057,1.);
#7057 = DIRECTION('',(0.,-0.382683432365,-0.923879532511));
#7058 = PCURVE('',#72,#7059);
#7059 = DEFINITIONAL_REPRESENTATION('',(#7060),#7064);
#7060 = LINE('',#7061,#7062);
#7061 = CARTESIAN_POINT('',(4.634645296118,9.699616640836));
#7062 = VECTOR('',#7063,1.);
#7063 = DIRECTION('',(-0.923879532511,0.382683432365));
#7064 = ( GEOMETRIC_REPRESENTATION_CONTEXT(2) 
PARAMETRIC_REPRESENTATION_CONTEXT() REPRESENTATION_CONTEXT('2D SPACE',''
  ) );
#7065 = PCURVE('',#2522,#7066);
#7066 = DEFINITIONAL_REPRESENTATION('',(#7067),#7071);
#7067 = LINE('',#7068,#7069);
#7068 = CARTESIAN_POINT('',(0.,-8.));
#7069 = VECTOR('',#7070,1.);
#7070 = DIRECTION('',(1.,0.));
#7071 = ( GEOMETRIC_REPRESENTATION_CONTEXT(2) 
PARAMETRIC_REPRESENTATION_CONTEXT() REPRESENTATION_CONTEXT('2D SPACE',''
  ) );
#7072 = ORIENTED_EDGE('',*,*,#7073,.T.);
#7073 = EDGE_CURVE('',#7051,#7074,#7076,.T.);
#7074 = VERTEX_POINT('',#7075);
#7075 = CARTESIAN_POINT('',(8.,-10.63209715982,3.756821780264));
#7076 = SURFACE_CURVE('',#7077,(#7081,#7088),.PCURVE_S1.);
#7077 = LINE('',#7078,#7079);
#7078 = CARTESIAN_POINT('',(8.,-10.13585381892,3.581475584366));
#7079 = VECTOR('',#7080,1.);
#7080 = DIRECTION('',(0.,-0.942870122691,0.333160519476));
#7081 = PCURVE('',#72,#7082);
#7082 = DEFINITIONAL_REPRESENTATION('',(#7083),#7087);
#7083 = LINE('',#7084,#7085);
#7084 = CARTESIAN_POINT('',(3.581475584366,10.135853818924));
#7085 = VECTOR('',#7086,1.);
#7086 = DIRECTION('',(0.333160519476,0.942870122691));
#7087 = ( GEOMETRIC_REPRESENTATION_CONTEXT(2) 
PARAMETRIC_REPRESENTATION_CONTEXT() REPRESENTATION_CONTEXT('2D SPACE',''
  ) );
#7088 = PCURVE('',#2550,#7089);
#7089 = DEFINITIONAL_REPRESENTATION('',(#7090),#7094);
#7090 = LINE('',#7091,#7092);
#7091 = CARTESIAN_POINT('',(0.,-8.));
#7092 = VECTOR('',#7093,1.);
#7093 = DIRECTION('',(1.,0.));
#7094 = ( GEOMETRIC_REPRESENTATION_CONTEXT(2) 
PARAMETRIC_REPRESENTATION_CONTEXT() REPRESENTATION_CONTEXT('2D SPACE',''
  ) );
#7095 = ORIENTED_EDGE('',*,*,#7096,.T.);
#7096 = EDGE_CURVE('',#7074,#7097,#7099,.T.);
#7097 = VERTEX_POINT('',#7098);
#7098 = CARTESIAN_POINT('',(8.,-12.46892658747,3.677753357158));
#7099 = SURFACE_CURVE('',#7100,(#7110,#7123),.PCURVE_S1.);
#7100 = B_SPLINE_CURVE_WITH_KNOTS('',3,(#7101,#7102,#7103,#7104,#7105,
    #7106,#7107,#7108,#7109),.UNSPECIFIED.,.F.,.F.,(4,1,1,1,1,1,4),(0.,
    0.290524100267,0.58867032325,0.894177536695,1.207021205364,
    1.527193397443,1.854690543779),.UNSPECIFIED.);
#7101 = CARTESIAN_POINT('',(8.,-10.63209715982,3.756821780264));
#7102 = CARTESIAN_POINT('',(8.,-10.72603017805,3.78230605074));
#7103 = CARTESIAN_POINT('',(8.,-10.91919929064,3.81775756956));
#7104 = CARTESIAN_POINT('',(8.,-11.21756638735,3.833423851378));
#7105 = CARTESIAN_POINT('',(8.,-11.52313967114,3.826126173688));
#7106 = CARTESIAN_POINT('',(8.,-11.83486236187,3.796851783834));
#7107 = CARTESIAN_POINT('',(8.,-12.15141164543,3.747861289485));
#7108 = CARTESIAN_POINT('',(8.,-12.36274483329,3.70301077523));
#7109 = CARTESIAN_POINT('',(8.,-12.46892658747,3.677753357158));
#7110 = PCURVE('',#72,#7111);
#7111 = DEFINITIONAL_REPRESENTATION('',(#7112),#7122);
#7112 = B_SPLINE_CURVE_WITH_KNOTS('',3,(#7113,#7114,#7115,#7116,#7117,
    #7118,#7119,#7120,#7121),.UNSPECIFIED.,.F.,.F.,(4,1,1,1,1,1,4),(0.,
    0.290524100267,0.58867032325,0.894177536695,1.207021205364,
    1.527193397443,1.854690543779),.UNSPECIFIED.);
#7113 = CARTESIAN_POINT('',(3.756821780264,10.632097159822));
#7114 = CARTESIAN_POINT('',(3.78230605074,10.726030178059));
#7115 = CARTESIAN_POINT('',(3.81775756956,10.919199290644));
#7116 = CARTESIAN_POINT('',(3.833423851378,11.217566387353));
#7117 = CARTESIAN_POINT('',(3.826126173688,11.523139671141));
#7118 = CARTESIAN_POINT('',(3.796851783834,11.834862361872));
#7119 = CARTESIAN_POINT('',(3.747861289485,12.15141164543));
#7120 = CARTESIAN_POINT('',(3.70301077523,12.36274483329));
#7121 = CARTESIAN_POINT('',(3.677753357158,12.468926587478));
#7122 = ( GEOMETRIC_REPRESENTATION_CONTEXT(2) 
PARAMETRIC_REPRESENTATION_CONTEXT() REPRESENTATION_CONTEXT('2D SPACE',''
  ) );
#7123 = PCURVE('',#2590,#7124);
#7124 = DEFINITIONAL_REPRESENTATION('',(#7125),#7129);
#7125 = LINE('',#7126,#7127);
#7126 = CARTESIAN_POINT('',(0.,-8.));
#7127 = VECTOR('',#7128,1.);
#7128 = DIRECTION('',(1.,0.));
#7129 = ( GEOMETRIC_REPRESENTATION_CONTEXT(2) 
PARAMETRIC_REPRESENTATION_CONTEXT() REPRESENTATION_CONTEXT('2D SPACE',''
  ) );
#7130 = ORIENTED_EDGE('',*,*,#7131,.T.);
#7131 = EDGE_CURVE('',#7097,#7132,#7134,.T.);
#7132 = VERTEX_POINT('',#7133);
#7133 = CARTESIAN_POINT('',(8.,-12.63728386125,3.049435457586));
#7134 = SURFACE_CURVE('',#7135,(#7139,#7146),.PCURVE_S1.);
#7135 = LINE('',#7136,#7137);
#7136 = CARTESIAN_POINT('',(8.,-12.46892658747,3.677753357158));
#7137 = VECTOR('',#7138,1.);
#7138 = DIRECTION('',(0.,-0.258819045103,-0.965925826289));
#7139 = PCURVE('',#72,#7140);
#7140 = DEFINITIONAL_REPRESENTATION('',(#7141),#7145);
#7141 = LINE('',#7142,#7143);
#7142 = CARTESIAN_POINT('',(3.677753357158,12.468926587478));
#7143 = VECTOR('',#7144,1.);
#7144 = DIRECTION('',(-0.965925826289,0.258819045103));
#7145 = ( GEOMETRIC_REPRESENTATION_CONTEXT(2) 
PARAMETRIC_REPRESENTATION_CONTEXT() REPRESENTATION_CONTEXT('2D SPACE',''
  ) );
#7146 = PCURVE('',#2626,#7147);
#7147 = DEFINITIONAL_REPRESENTATION('',(#7148),#7152);
#7148 = LINE('',#7149,#7150);
#7149 = CARTESIAN_POINT('',(0.,-8.));
#7150 = VECTOR('',#7151,1.);
#7151 = DIRECTION('',(1.,0.));
#7152 = ( GEOMETRIC_REPRESENTATION_CONTEXT(2) 
PARAMETRIC_REPRESENTATION_CONTEXT() REPRESENTATION_CONTEXT('2D SPACE',''
  ) );
#7153 = ORIENTED_EDGE('',*,*,#7154,.T.);
#7154 = EDGE_CURVE('',#7132,#7155,#7157,.T.);
#7155 = VERTEX_POINT('',#7156);
#7156 = CARTESIAN_POINT('',(8.,-11.08607712604,2.062545480712));
#7157 = SURFACE_CURVE('',#7158,(#7168,#7181),.PCURVE_S1.);
#7158 = B_SPLINE_CURVE_WITH_KNOTS('',3,(#7159,#7160,#7161,#7162,#7163,
    #7164,#7165,#7166,#7167),.UNSPECIFIED.,.F.,.F.,(4,1,1,1,1,1,4),(0.,
    0.327497146337,0.647669338415,0.960513007084,1.266020220529,
    1.564166443513,1.854690543779),.UNSPECIFIED.);
#7159 = CARTESIAN_POINT('',(8.,-12.63728386125,3.049435457586));
#7160 = CARTESIAN_POINT('',(8.,-12.55795647374,2.974471014809));
#7161 = CARTESIAN_POINT('',(8.,-12.39736182152,2.829962736161));
#7162 = CARTESIAN_POINT('',(8.,-12.14771734759,2.629261081731));
#7163 = CARTESIAN_POINT('',(8.,-11.8923947734,2.448047371072));
#7164 = CARTESIAN_POINT('',(8.,-11.63140938577,2.28894075491));
#7165 = CARTESIAN_POINT('',(8.,-11.36518275946,2.153324604593));
#7166 = CARTESIAN_POINT('',(8.,-11.18016764132,2.087441964201));
#7167 = CARTESIAN_POINT('',(8.,-11.08607712604,2.062545480712));
#7168 = PCURVE('',#72,#7169);
#7169 = DEFINITIONAL_REPRESENTATION('',(#7170),#7180);
#7170 = B_SPLINE_CURVE_WITH_KNOTS('',3,(#7171,#7172,#7173,#7174,#7175,
    #7176,#7177,#7178,#7179),.UNSPECIFIED.,.F.,.F.,(4,1,1,1,1,1,4),(0.,
    0.327497146337,0.647669338415,0.960513007084,1.266020220529,
    1.564166443513,1.854690543779),.UNSPECIFIED.);
#7171 = CARTESIAN_POINT('',(3.049435457586,12.637283861258));
#7172 = CARTESIAN_POINT('',(2.974471014809,12.557956473749));
#7173 = CARTESIAN_POINT('',(2.829962736161,12.397361821527));
#7174 = CARTESIAN_POINT('',(2.629261081731,12.147717347591));
#7175 = CARTESIAN_POINT('',(2.448047371072,11.892394773408));
#7176 = CARTESIAN_POINT('',(2.28894075491,11.631409385775));
#7177 = CARTESIAN_POINT('',(2.153324604593,11.365182759463));
#7178 = CARTESIAN_POINT('',(2.087441964201,11.180167641328));
#7179 = CARTESIAN_POINT('',(2.062545480712,11.086077126042));
#7180 = ( GEOMETRIC_REPRESENTATION_CONTEXT(2) 
PARAMETRIC_REPRESENTATION_CONTEXT() REPRESENTATION_CONTEXT('2D SPACE',''
  ) );
#7181 = PCURVE('',#2666,#7182);
#7182 = DEFINITIONAL_REPRESENTATION('',(#7183),#7187);
#7183 = LINE('',#7184,#7185);
#7184 = CARTESIAN_POINT('',(0.,-8.));
#7185 = VECTOR('',#7186,1.);
#7186 = DIRECTION('',(1.,0.));
#7187 = ( GEOMETRIC_REPRESENTATION_CONTEXT(2) 
PARAMETRIC_REPRESENTATION_CONTEXT() REPRESENTATION_CONTEXT('2D SPACE',''
  ) );
#7188 = ORIENTED_EDGE('',*,*,#7189,.T.);
#7189 = EDGE_CURVE('',#7155,#7190,#7192,.T.);
#7190 = VERTEX_POINT('',#7191);
#7191 = CARTESIAN_POINT('',(8.,-10.56864468841,1.966278070367));
#7192 = SURFACE_CURVE('',#7193,(#7197,#7204),.PCURVE_S1.);
#7193 = LINE('',#7194,#7195);
#7194 = CARTESIAN_POINT('',(8.,-11.08607712604,2.062545480712));
#7195 = VECTOR('',#7196,1.);
#7196 = DIRECTION('',(0.,0.983129738457,-0.182909587941));
#7197 = PCURVE('',#72,#7198);
#7198 = DEFINITIONAL_REPRESENTATION('',(#7199),#7203);
#7199 = LINE('',#7200,#7201);
#7200 = CARTESIAN_POINT('',(2.062545480712,11.086077126042));
#7201 = VECTOR('',#7202,1.);
#7202 = DIRECTION('',(-0.182909587941,-0.983129738457));
#7203 = ( GEOMETRIC_REPRESENTATION_CONTEXT(2) 
PARAMETRIC_REPRESENTATION_CONTEXT() REPRESENTATION_CONTEXT('2D SPACE',''
  ) );
#7204 = PCURVE('',#2702,#7205);
#7205 = DEFINITIONAL_REPRESENTATION('',(#7206),#7210);
#7206 = LINE('',#7207,#7208);
#7207 = CARTESIAN_POINT('',(0.,-8.));
#7208 = VECTOR('',#7209,1.);
#7209 = DIRECTION('',(1.,0.));
#7210 = ( GEOMETRIC_REPRESENTATION_CONTEXT(2) 
PARAMETRIC_REPRESENTATION_CONTEXT() REPRESENTATION_CONTEXT('2D SPACE',''
  ) );
#7211 = ORIENTED_EDGE('',*,*,#7212,.T.);
#7212 = EDGE_CURVE('',#7190,#7213,#7215,.T.);
#7213 = VERTEX_POINT('',#7214);
#7214 = CARTESIAN_POINT('',(8.,-10.71743706599,0.83608775645));
#7215 = SURFACE_CURVE('',#7216,(#7220,#7227),.PCURVE_S1.);
#7216 = LINE('',#7217,#7218);
#7217 = CARTESIAN_POINT('',(8.,-10.56864468841,1.966278070367));
#7218 = VECTOR('',#7219,1.);
#7219 = DIRECTION('',(0.,-0.13052619222,-0.991444861374));
#7220 = PCURVE('',#72,#7221);
#7221 = DEFINITIONAL_REPRESENTATION('',(#7222),#7226);
#7222 = LINE('',#7223,#7224);
#7223 = CARTESIAN_POINT('',(1.966278070367,10.568644688416));
#7224 = VECTOR('',#7225,1.);
#7225 = DIRECTION('',(-0.991444861374,0.13052619222));
#7226 = ( GEOMETRIC_REPRESENTATION_CONTEXT(2) 
PARAMETRIC_REPRESENTATION_CONTEXT() REPRESENTATION_CONTEXT('2D SPACE',''
  ) );
#7227 = PCURVE('',#2730,#7228);
#7228 = DEFINITIONAL_REPRESENTATION('',(#7229),#7233);
#7229 = LINE('',#7230,#7231);
#7230 = CARTESIAN_POINT('',(0.,-8.));
#7231 = VECTOR('',#7232,1.);
#7232 = DIRECTION('',(1.,0.));
#7233 = ( GEOMETRIC_REPRESENTATION_CONTEXT(2) 
PARAMETRIC_REPRESENTATION_CONTEXT() REPRESENTATION_CONTEXT('2D SPACE',''
  ) );
#7234 = ORIENTED_EDGE('',*,*,#7235,.T.);
#7235 = EDGE_CURVE('',#7213,#7236,#7238,.T.);
#7236 = VERTEX_POINT('',#7237);
#7237 = CARTESIAN_POINT('',(8.,-11.24215426007,0.87702194798));
#7238 = SURFACE_CURVE('',#7239,(#7243,#7250),.PCURVE_S1.);
#7239 = LINE('',#7240,#7241);
#7240 = CARTESIAN_POINT('',(8.,-10.71743706599,0.83608775645));
#7241 = VECTOR('',#7242,1.);
#7242 = DIRECTION('',(0.,-0.99697088986,7.777560525116E-02));
#7243 = PCURVE('',#72,#7244);
#7244 = DEFINITIONAL_REPRESENTATION('',(#7245),#7249);
#7245 = LINE('',#7246,#7247);
#7246 = CARTESIAN_POINT('',(0.83608775645,10.717437065993));
#7247 = VECTOR('',#7248,1.);
#7248 = DIRECTION('',(7.777560525116E-02,0.99697088986));
#7249 = ( GEOMETRIC_REPRESENTATION_CONTEXT(2) 
PARAMETRIC_REPRESENTATION_CONTEXT() REPRESENTATION_CONTEXT('2D SPACE',''
  ) );
#7250 = PCURVE('',#2758,#7251);
#7251 = DEFINITIONAL_REPRESENTATION('',(#7252),#7256);
#7252 = LINE('',#7253,#7254);
#7253 = CARTESIAN_POINT('',(0.,-8.));
#7254 = VECTOR('',#7255,1.);
#7255 = DIRECTION('',(1.,0.));
#7256 = ( GEOMETRIC_REPRESENTATION_CONTEXT(2) 
PARAMETRIC_REPRESENTATION_CONTEXT() REPRESENTATION_CONTEXT('2D SPACE',''
  ) );
#7257 = ORIENTED_EDGE('',*,*,#7258,.T.);
#7258 = EDGE_CURVE('',#7236,#7259,#7261,.T.);
#7259 = VERTEX_POINT('',#7260);
#7260 = CARTESIAN_POINT('',(8.,-12.99593082897,0.325241277576));
#7261 = SURFACE_CURVE('',#7262,(#7272,#7285),.PCURVE_S1.);
#7262 = B_SPLINE_CURVE_WITH_KNOTS('',3,(#7263,#7264,#7265,#7266,#7267,
    #7268,#7269,#7270,#7271),.UNSPECIFIED.,.F.,.F.,(4,1,1,1,1,1,4),(0.,
    0.290524100267,0.58867032325,0.894177536695,1.207021205364,
    1.527193397443,1.854690543779),.UNSPECIFIED.);
#7263 = CARTESIAN_POINT('',(8.,-11.24215426007,0.87702194798));
#7264 = CARTESIAN_POINT('',(8.,-11.33948240288,0.877326208913));
#7265 = CARTESIAN_POINT('',(8.,-11.53524496581,0.86157390126));
#7266 = CARTESIAN_POINT('',(8.,-11.82750018234,0.799483280409));
#7267 = CARTESIAN_POINT('',(8.,-12.120772531,0.713346079538));
#7268 = CARTESIAN_POINT('',(8.,-12.41429675899,0.604389421178));
#7269 = CARTESIAN_POINT('',(8.,-12.70738021431,0.475139254144));
#7270 = CARTESIAN_POINT('',(8.,-12.89990423114,0.377119930223));
#7271 = CARTESIAN_POINT('',(8.,-12.99593082897,0.325241277576));
#7272 = PCURVE('',#72,#7273);
#7273 = DEFINITIONAL_REPRESENTATION('',(#7274),#7284);
#7274 = B_SPLINE_CURVE_WITH_KNOTS('',3,(#7275,#7276,#7277,#7278,#7279,
    #7280,#7281,#7282,#7283),.UNSPECIFIED.,.F.,.F.,(4,1,1,1,1,1,4),(0.,
    0.290524100267,0.58867032325,0.894177536695,1.207021205364,
    1.527193397443,1.854690543779),.UNSPECIFIED.);
#7275 = CARTESIAN_POINT('',(0.87702194798,11.242154260075));
#7276 = CARTESIAN_POINT('',(0.877326208913,11.339482402881));
#7277 = CARTESIAN_POINT('',(0.86157390126,11.535244965817));
#7278 = CARTESIAN_POINT('',(0.799483280409,11.827500182343));
#7279 = CARTESIAN_POINT('',(0.713346079538,12.120772531006));
#7280 = CARTESIAN_POINT('',(0.604389421178,12.414296758997));
#7281 = CARTESIAN_POINT('',(0.475139254144,12.707380214312));
#7282 = CARTESIAN_POINT('',(0.377119930223,12.899904231146));
#7283 = CARTESIAN_POINT('',(0.325241277576,12.99593082897));
#7284 = ( GEOMETRIC_REPRESENTATION_CONTEXT(2) 
PARAMETRIC_REPRESENTATION_CONTEXT() REPRESENTATION_CONTEXT('2D SPACE',''
  ) );
#7285 = PCURVE('',#2798,#7286);
#7286 = DEFINITIONAL_REPRESENTATION('',(#7287),#7291);
#7287 = LINE('',#7288,#7289);
#7288 = CARTESIAN_POINT('',(0.,-8.));
#7289 = VECTOR('',#7290,1.);
#7290 = DIRECTION('',(1.,0.));
#7291 = ( GEOMETRIC_REPRESENTATION_CONTEXT(2) 
PARAMETRIC_REPRESENTATION_CONTEXT() REPRESENTATION_CONTEXT('2D SPACE',''
  ) );
#7292 = ORIENTED_EDGE('',*,*,#7293,.T.);
#7293 = EDGE_CURVE('',#7259,#7294,#7296,.T.);
#7294 = VERTEX_POINT('',#7295);
#7295 = CARTESIAN_POINT('',(8.,-12.99593082897,-0.325241277576));
#7296 = SURFACE_CURVE('',#7297,(#7301,#7308),.PCURVE_S1.);
#7297 = LINE('',#7298,#7299);
#7298 = CARTESIAN_POINT('',(8.,-12.99593082897,0.325241277576));
#7299 = VECTOR('',#7300,1.);
#7300 = DIRECTION('',(0.,0.,-1.));
#7301 = PCURVE('',#72,#7302);
#7302 = DEFINITIONAL_REPRESENTATION('',(#7303),#7307);
#7303 = LINE('',#7304,#7305);
#7304 = CARTESIAN_POINT('',(0.325241277576,12.99593082897));
#7305 = VECTOR('',#7306,1.);
#7306 = DIRECTION('',(-1.,0.));
#7307 = ( GEOMETRIC_REPRESENTATION_CONTEXT(2) 
PARAMETRIC_REPRESENTATION_CONTEXT() REPRESENTATION_CONTEXT('2D SPACE',''
  ) );
#7308 = PCURVE('',#2834,#7309);
#7309 = DEFINITIONAL_REPRESENTATION('',(#7310),#7314);
#7310 = LINE('',#7311,#7312);
#7311 = CARTESIAN_POINT('',(0.,-8.));
#7312 = VECTOR('',#7313,1.);
#7313 = DIRECTION('',(1.,0.));
#7314 = ( GEOMETRIC_REPRESENTATION_CONTEXT(2) 
PARAMETRIC_REPRESENTATION_CONTEXT() REPRESENTATION_CONTEXT('2D SPACE',''
  ) );
#7315 = ORIENTED_EDGE('',*,*,#7316,.T.);
#7316 = EDGE_CURVE('',#7294,#7317,#7319,.T.);
#7317 = VERTEX_POINT('',#7318);
#7318 = CARTESIAN_POINT('',(8.,-11.24215426007,-0.87702194798));
#7319 = SURFACE_CURVE('',#7320,(#7330,#7343),.PCURVE_S1.);
#7320 = B_SPLINE_CURVE_WITH_KNOTS('',3,(#7321,#7322,#7323,#7324,#7325,
    #7326,#7327,#7328,#7329),.UNSPECIFIED.,.F.,.F.,(4,1,1,1,1,1,4),(0.,
    0.327497146337,0.647669338415,0.960513007084,1.266020220529,
    1.564166443513,1.854690543779),.UNSPECIFIED.);
#7321 = CARTESIAN_POINT('',(8.,-12.99593082897,-0.325241277576));
#7322 = CARTESIAN_POINT('',(8.,-12.89990423114,-0.377119930223));
#7323 = CARTESIAN_POINT('',(8.,-12.70738021431,-0.475139254144));
#7324 = CARTESIAN_POINT('',(8.,-12.41429675899,-0.604389421178));
#7325 = CARTESIAN_POINT('',(8.,-12.120772531,-0.713346079538));
#7326 = CARTESIAN_POINT('',(8.,-11.82750018234,-0.799483280409));
#7327 = CARTESIAN_POINT('',(8.,-11.53524496581,-0.86157390126));
#7328 = CARTESIAN_POINT('',(8.,-11.33948240288,-0.877326208913));
#7329 = CARTESIAN_POINT('',(8.,-11.24215426007,-0.87702194798));
#7330 = PCURVE('',#72,#7331);
#7331 = DEFINITIONAL_REPRESENTATION('',(#7332),#7342);
#7332 = B_SPLINE_CURVE_WITH_KNOTS('',3,(#7333,#7334,#7335,#7336,#7337,
    #7338,#7339,#7340,#7341),.UNSPECIFIED.,.F.,.F.,(4,1,1,1,1,1,4),(0.,
    0.327497146337,0.647669338415,0.960513007084,1.266020220529,
    1.564166443513,1.854690543779),.UNSPECIFIED.);
#7333 = CARTESIAN_POINT('',(-0.325241277576,12.99593082897));
#7334 = CARTESIAN_POINT('',(-0.377119930223,12.899904231146));
#7335 = CARTESIAN_POINT('',(-0.475139254144,12.707380214312));
#7336 = CARTESIAN_POINT('',(-0.604389421178,12.414296758997));
#7337 = CARTESIAN_POINT('',(-0.713346079538,12.120772531006));
#7338 = CARTESIAN_POINT('',(-0.799483280409,11.827500182343));
#7339 = CARTESIAN_POINT('',(-0.86157390126,11.535244965817));
#7340 = CARTESIAN_POINT('',(-0.877326208913,11.339482402881));
#7341 = CARTESIAN_POINT('',(-0.87702194798,11.242154260075));
#7342 = ( GEOMETRIC_REPRESENTATION_CONTEXT(2) 
PARAMETRIC_REPRESENTATION_CONTEXT() REPRESENTATION_CONTEXT('2D SPACE',''
  ) );
#7343 = PCURVE('',#2874,#7344);
#7344 = DEFINITIONAL_REPRESENTATION('',(#7345),#7349);
#7345 = LINE('',#7346,#7347);
#7346 = CARTESIAN_POINT('',(0.,-8.));
#7347 = VECTOR('',#7348,1.);
#7348 = DIRECTION('',(1.,0.));
#7349 = ( GEOMETRIC_REPRESENTATION_CONTEXT(2) 
PARAMETRIC_REPRESENTATION_CONTEXT() REPRESENTATION_CONTEXT('2D SPACE',''
  ) );
#7350 = ORIENTED_EDGE('',*,*,#7351,.T.);
#7351 = EDGE_CURVE('',#7317,#7352,#7354,.T.);
#7352 = VERTEX_POINT('',#7353);
#7353 = CARTESIAN_POINT('',(8.,-10.71743706599,-0.83608775645));
#7354 = SURFACE_CURVE('',#7355,(#7359,#7366),.PCURVE_S1.);
#7355 = LINE('',#7356,#7357);
#7356 = CARTESIAN_POINT('',(8.,-11.24215426007,-0.87702194798));
#7357 = VECTOR('',#7358,1.);
#7358 = DIRECTION('',(0.,0.99697088986,7.777560525116E-02));
#7359 = PCURVE('',#72,#7360);
#7360 = DEFINITIONAL_REPRESENTATION('',(#7361),#7365);
#7361 = LINE('',#7362,#7363);
#7362 = CARTESIAN_POINT('',(-0.87702194798,11.242154260075));
#7363 = VECTOR('',#7364,1.);
#7364 = DIRECTION('',(7.777560525116E-02,-0.99697088986));
#7365 = ( GEOMETRIC_REPRESENTATION_CONTEXT(2) 
PARAMETRIC_REPRESENTATION_CONTEXT() REPRESENTATION_CONTEXT('2D SPACE',''
  ) );
#7366 = PCURVE('',#2910,#7367);
#7367 = DEFINITIONAL_REPRESENTATION('',(#7368),#7372);
#7368 = LINE('',#7369,#7370);
#7369 = CARTESIAN_POINT('',(0.,-8.));
#7370 = VECTOR('',#7371,1.);
#7371 = DIRECTION('',(1.,0.));
#7372 = ( GEOMETRIC_REPRESENTATION_CONTEXT(2) 
PARAMETRIC_REPRESENTATION_CONTEXT() REPRESENTATION_CONTEXT('2D SPACE',''
  ) );
#7373 = ORIENTED_EDGE('',*,*,#7374,.T.);
#7374 = EDGE_CURVE('',#7352,#7375,#7377,.T.);
#7375 = VERTEX_POINT('',#7376);
#7376 = CARTESIAN_POINT('',(8.,-10.56864468841,-1.966278070367));
#7377 = SURFACE_CURVE('',#7378,(#7382,#7389),.PCURVE_S1.);
#7378 = LINE('',#7379,#7380);
#7379 = CARTESIAN_POINT('',(8.,-10.71743706599,-0.83608775645));
#7380 = VECTOR('',#7381,1.);
#7381 = DIRECTION('',(0.,0.13052619222,-0.991444861374));
#7382 = PCURVE('',#72,#7383);
#7383 = DEFINITIONAL_REPRESENTATION('',(#7384),#7388);
#7384 = LINE('',#7385,#7386);
#7385 = CARTESIAN_POINT('',(-0.83608775645,10.717437065993));
#7386 = VECTOR('',#7387,1.);
#7387 = DIRECTION('',(-0.991444861374,-0.13052619222));
#7388 = ( GEOMETRIC_REPRESENTATION_CONTEXT(2) 
PARAMETRIC_REPRESENTATION_CONTEXT() REPRESENTATION_CONTEXT('2D SPACE',''
  ) );
#7389 = PCURVE('',#2938,#7390);
#7390 = DEFINITIONAL_REPRESENTATION('',(#7391),#7395);
#7391 = LINE('',#7392,#7393);
#7392 = CARTESIAN_POINT('',(0.,-8.));
#7393 = VECTOR('',#7394,1.);
#7394 = DIRECTION('',(1.,0.));
#7395 = ( GEOMETRIC_REPRESENTATION_CONTEXT(2) 
PARAMETRIC_REPRESENTATION_CONTEXT() REPRESENTATION_CONTEXT('2D SPACE',''
  ) );
#7396 = ORIENTED_EDGE('',*,*,#7397,.T.);
#7397 = EDGE_CURVE('',#7375,#7398,#7400,.T.);
#7398 = VERTEX_POINT('',#7399);
#7399 = CARTESIAN_POINT('',(8.,-11.08607712604,-2.062545480712));
#7400 = SURFACE_CURVE('',#7401,(#7405,#7412),.PCURVE_S1.);
#7401 = LINE('',#7402,#7403);
#7402 = CARTESIAN_POINT('',(8.,-10.56864468841,-1.966278070367));
#7403 = VECTOR('',#7404,1.);
#7404 = DIRECTION('',(0.,-0.983129738457,-0.182909587941));
#7405 = PCURVE('',#72,#7406);
#7406 = DEFINITIONAL_REPRESENTATION('',(#7407),#7411);
#7407 = LINE('',#7408,#7409);
#7408 = CARTESIAN_POINT('',(-1.966278070367,10.568644688416));
#7409 = VECTOR('',#7410,1.);
#7410 = DIRECTION('',(-0.182909587941,0.983129738457));
#7411 = ( GEOMETRIC_REPRESENTATION_CONTEXT(2) 
PARAMETRIC_REPRESENTATION_CONTEXT() REPRESENTATION_CONTEXT('2D SPACE',''
  ) );
#7412 = PCURVE('',#2966,#7413);
#7413 = DEFINITIONAL_REPRESENTATION('',(#7414),#7418);
#7414 = LINE('',#7415,#7416);
#7415 = CARTESIAN_POINT('',(0.,-8.));
#7416 = VECTOR('',#7417,1.);
#7417 = DIRECTION('',(1.,0.));
#7418 = ( GEOMETRIC_REPRESENTATION_CONTEXT(2) 
PARAMETRIC_REPRESENTATION_CONTEXT() REPRESENTATION_CONTEXT('2D SPACE',''
  ) );
#7419 = ORIENTED_EDGE('',*,*,#7420,.T.);
#7420 = EDGE_CURVE('',#7398,#7421,#7423,.T.);
#7421 = VERTEX_POINT('',#7422);
#7422 = CARTESIAN_POINT('',(8.,-12.63728386125,-3.049435457586));
#7423 = SURFACE_CURVE('',#7424,(#7434,#7447),.PCURVE_S1.);
#7424 = B_SPLINE_CURVE_WITH_KNOTS('',3,(#7425,#7426,#7427,#7428,#7429,
    #7430,#7431,#7432,#7433),.UNSPECIFIED.,.F.,.F.,(4,1,1,1,1,1,4),(0.,
    0.290524100267,0.58867032325,0.894177536695,1.207021205364,
    1.527193397443,1.854690543779),.UNSPECIFIED.);
#7425 = CARTESIAN_POINT('',(8.,-11.08607712604,-2.062545480712));
#7426 = CARTESIAN_POINT('',(8.,-11.18016764132,-2.087441964201));
#7427 = CARTESIAN_POINT('',(8.,-11.36518275946,-2.153324604593));
#7428 = CARTESIAN_POINT('',(8.,-11.63140938577,-2.28894075491));
#7429 = CARTESIAN_POINT('',(8.,-11.8923947734,-2.448047371072));
#7430 = CARTESIAN_POINT('',(8.,-12.14771734759,-2.629261081731));
#7431 = CARTESIAN_POINT('',(8.,-12.39736182152,-2.829962736161));
#7432 = CARTESIAN_POINT('',(8.,-12.55795647374,-2.974471014809));
#7433 = CARTESIAN_POINT('',(8.,-12.63728386125,-3.049435457586));
#7434 = PCURVE('',#72,#7435);
#7435 = DEFINITIONAL_REPRESENTATION('',(#7436),#7446);
#7436 = B_SPLINE_CURVE_WITH_KNOTS('',3,(#7437,#7438,#7439,#7440,#7441,
    #7442,#7443,#7444,#7445),.UNSPECIFIED.,.F.,.F.,(4,1,1,1,1,1,4),(0.,
    0.290524100267,0.58867032325,0.894177536695,1.207021205364,
    1.527193397443,1.854690543779),.UNSPECIFIED.);
#7437 = CARTESIAN_POINT('',(-2.062545480712,11.086077126042));
#7438 = CARTESIAN_POINT('',(-2.087441964201,11.180167641328));
#7439 = CARTESIAN_POINT('',(-2.153324604593,11.365182759463));
#7440 = CARTESIAN_POINT('',(-2.28894075491,11.631409385775));
#7441 = CARTESIAN_POINT('',(-2.448047371072,11.892394773408));
#7442 = CARTESIAN_POINT('',(-2.629261081731,12.147717347591));
#7443 = CARTESIAN_POINT('',(-2.829962736161,12.397361821527));
#7444 = CARTESIAN_POINT('',(-2.974471014809,12.557956473749));
#7445 = CARTESIAN_POINT('',(-3.049435457586,12.637283861258));
#7446 = ( GEOMETRIC_REPRESENTATION_CONTEXT(2) 
PARAMETRIC_REPRESENTATION_CONTEXT() REPRESENTATION_CONTEXT('2D SPACE',''
  ) );
#7447 = PCURVE('',#3006,#7448);
#7448 = DEFINITIONAL_REPRESENTATION('',(#7449),#7453);
#7449 = LINE('',#7450,#7451);
#7450 = CARTESIAN_POINT('',(0.,-8.));
#7451 = VECTOR('',#7452,1.);
#7452 = DIRECTION('',(1.,0.));
#7453 = ( GEOMETRIC_REPRESENTATION_CONTEXT(2) 
PARAMETRIC_REPRESENTATION_CONTEXT() REPRESENTATION_CONTEXT('2D SPACE',''
  ) );
#7454 = ORIENTED_EDGE('',*,*,#7455,.T.);
#7455 = EDGE_CURVE('',#7421,#7456,#7458,.T.);
#7456 = VERTEX_POINT('',#7457);
#7457 = CARTESIAN_POINT('',(8.,-12.46892658747,-3.677753357158));
#7458 = SURFACE_CURVE('',#7459,(#7463,#7470),.PCURVE_S1.);
#7459 = LINE('',#7460,#7461);
#7460 = CARTESIAN_POINT('',(8.,-12.63728386125,-3.049435457586));
#7461 = VECTOR('',#7462,1.);
#7462 = DIRECTION('',(0.,0.258819045103,-0.965925826289));
#7463 = PCURVE('',#72,#7464);
#7464 = DEFINITIONAL_REPRESENTATION('',(#7465),#7469);
#7465 = LINE('',#7466,#7467);
#7466 = CARTESIAN_POINT('',(-3.049435457586,12.637283861258));
#7467 = VECTOR('',#7468,1.);
#7468 = DIRECTION('',(-0.965925826289,-0.258819045103));
#7469 = ( GEOMETRIC_REPRESENTATION_CONTEXT(2) 
PARAMETRIC_REPRESENTATION_CONTEXT() REPRESENTATION_CONTEXT('2D SPACE',''
  ) );
#7470 = PCURVE('',#3042,#7471);
#7471 = DEFINITIONAL_REPRESENTATION('',(#7472),#7476);
#7472 = LINE('',#7473,#7474);
#7473 = CARTESIAN_POINT('',(0.,-8.));
#7474 = VECTOR('',#7475,1.);
#7475 = DIRECTION('',(1.,0.));
#7476 = ( GEOMETRIC_REPRESENTATION_CONTEXT(2) 
PARAMETRIC_REPRESENTATION_CONTEXT() REPRESENTATION_CONTEXT('2D SPACE',''
  ) );
#7477 = ORIENTED_EDGE('',*,*,#7478,.T.);
#7478 = EDGE_CURVE('',#7456,#7479,#7481,.T.);
#7479 = VERTEX_POINT('',#7480);
#7480 = CARTESIAN_POINT('',(8.,-10.63209715982,-3.756821780264));
#7481 = SURFACE_CURVE('',#7482,(#7492,#7505),.PCURVE_S1.);
#7482 = B_SPLINE_CURVE_WITH_KNOTS('',3,(#7483,#7484,#7485,#7486,#7487,
    #7488,#7489,#7490,#7491),.UNSPECIFIED.,.F.,.F.,(4,1,1,1,1,1,4),(0.,
    0.327497146337,0.647669338415,0.960513007084,1.266020220529,
    1.564166443513,1.854690543779),.UNSPECIFIED.);
#7483 = CARTESIAN_POINT('',(8.,-12.46892658747,-3.677753357158));
#7484 = CARTESIAN_POINT('',(8.,-12.36274483329,-3.70301077523));
#7485 = CARTESIAN_POINT('',(8.,-12.15141164543,-3.747861289485));
#7486 = CARTESIAN_POINT('',(8.,-11.83486236187,-3.796851783834));
#7487 = CARTESIAN_POINT('',(8.,-11.52313967114,-3.826126173688));
#7488 = CARTESIAN_POINT('',(8.,-11.21756638735,-3.833423851378));
#7489 = CARTESIAN_POINT('',(8.,-10.91919929064,-3.81775756956));
#7490 = CARTESIAN_POINT('',(8.,-10.72603017805,-3.78230605074));
#7491 = CARTESIAN_POINT('',(8.,-10.63209715982,-3.756821780264));
#7492 = PCURVE('',#72,#7493);
#7493 = DEFINITIONAL_REPRESENTATION('',(#7494),#7504);
#7494 = B_SPLINE_CURVE_WITH_KNOTS('',3,(#7495,#7496,#7497,#7498,#7499,
    #7500,#7501,#7502,#7503),.UNSPECIFIED.,.F.,.F.,(4,1,1,1,1,1,4),(0.,
    0.327497146337,0.647669338415,0.960513007084,1.266020220529,
    1.564166443513,1.854690543779),.UNSPECIFIED.);
#7495 = CARTESIAN_POINT('',(-3.677753357158,12.468926587478));
#7496 = CARTESIAN_POINT('',(-3.70301077523,12.36274483329));
#7497 = CARTESIAN_POINT('',(-3.747861289485,12.15141164543));
#7498 = CARTESIAN_POINT('',(-3.796851783834,11.834862361872));
#7499 = CARTESIAN_POINT('',(-3.826126173688,11.523139671141));
#7500 = CARTESIAN_POINT('',(-3.833423851378,11.217566387353));
#7501 = CARTESIAN_POINT('',(-3.81775756956,10.919199290644));
#7502 = CARTESIAN_POINT('',(-3.78230605074,10.726030178059));
#7503 = CARTESIAN_POINT('',(-3.756821780264,10.632097159822));
#7504 = ( GEOMETRIC_REPRESENTATION_CONTEXT(2) 
PARAMETRIC_REPRESENTATION_CONTEXT() REPRESENTATION_CONTEXT('2D SPACE',''
  ) );
#7505 = PCURVE('',#3082,#7506);
#7506 = DEFINITIONAL_REPRESENTATION('',(#7507),#7511);
#7507 = LINE('',#7508,#7509);
#7508 = CARTESIAN_POINT('',(0.,-8.));
#7509 = VECTOR('',#7510,1.);
#7510 = DIRECTION('',(1.,0.));
#7511 = ( GEOMETRIC_REPRESENTATION_CONTEXT(2) 
PARAMETRIC_REPRESENTATION_CONTEXT() REPRESENTATION_CONTEXT('2D SPACE',''
  ) );
#7512 = ORIENTED_EDGE('',*,*,#7513,.T.);
#7513 = EDGE_CURVE('',#7479,#7514,#7516,.T.);
#7514 = VERTEX_POINT('',#7515);
#7515 = CARTESIAN_POINT('',(8.,-10.13585381892,-3.581475584366));
#7516 = SURFACE_CURVE('',#7517,(#7521,#7528),.PCURVE_S1.);
#7517 = LINE('',#7518,#7519);
#7518 = CARTESIAN_POINT('',(8.,-10.63209715982,-3.756821780264));
#7519 = VECTOR('',#7520,1.);
#7520 = DIRECTION('',(0.,0.942870122691,0.333160519476));
#7521 = PCURVE('',#72,#7522);
#7522 = DEFINITIONAL_REPRESENTATION('',(#7523),#7527);
#7523 = LINE('',#7524,#7525);
#7524 = CARTESIAN_POINT('',(-3.756821780264,10.632097159822));
#7525 = VECTOR('',#7526,1.);
#7526 = DIRECTION('',(0.333160519476,-0.942870122691));
#7527 = ( GEOMETRIC_REPRESENTATION_CONTEXT(2) 
PARAMETRIC_REPRESENTATION_CONTEXT() REPRESENTATION_CONTEXT('2D SPACE',''
  ) );
#7528 = PCURVE('',#3118,#7529);
#7529 = DEFINITIONAL_REPRESENTATION('',(#7530),#7534);
#7530 = LINE('',#7531,#7532);
#7531 = CARTESIAN_POINT('',(0.,-8.));
#7532 = VECTOR('',#7533,1.);
#7533 = DIRECTION('',(1.,0.));
#7534 = ( GEOMETRIC_REPRESENTATION_CONTEXT(2) 
PARAMETRIC_REPRESENTATION_CONTEXT() REPRESENTATION_CONTEXT('2D SPACE',''
  ) );
#7535 = ORIENTED_EDGE('',*,*,#7536,.T.);
#7536 = EDGE_CURVE('',#7514,#7537,#7539,.T.);
#7537 = VERTEX_POINT('',#7538);
#7538 = CARTESIAN_POINT('',(8.,-9.699616640836,-4.634645296118));
#7539 = SURFACE_CURVE('',#7540,(#7544,#7551),.PCURVE_S1.);
#7540 = LINE('',#7541,#7542);
#7541 = CARTESIAN_POINT('',(8.,-10.13585381892,-3.581475584366));
#7542 = VECTOR('',#7543,1.);
#7543 = DIRECTION('',(0.,0.382683432365,-0.923879532511));
#7544 = PCURVE('',#72,#7545);
#7545 = DEFINITIONAL_REPRESENTATION('',(#7546),#7550);
#7546 = LINE('',#7547,#7548);
#7547 = CARTESIAN_POINT('',(-3.581475584366,10.135853818924));
#7548 = VECTOR('',#7549,1.);
#7549 = DIRECTION('',(-0.923879532511,-0.382683432365));
#7550 = ( GEOMETRIC_REPRESENTATION_CONTEXT(2) 
PARAMETRIC_REPRESENTATION_CONTEXT() REPRESENTATION_CONTEXT('2D SPACE',''
  ) );
#7551 = PCURVE('',#3146,#7552);
#7552 = DEFINITIONAL_REPRESENTATION('',(#7553),#7557);
#7553 = LINE('',#7554,#7555);
#7554 = CARTESIAN_POINT('',(0.,-8.));
#7555 = VECTOR('',#7556,1.);
#7556 = DIRECTION('',(1.,0.));
#7557 = ( GEOMETRIC_REPRESENTATION_CONTEXT(2) 
PARAMETRIC_REPRESENTATION_CONTEXT() REPRESENTATION_CONTEXT('2D SPACE',''
  ) );
#7558 = ORIENTED_EDGE('',*,*,#7559,.T.);
#7559 = EDGE_CURVE('',#7537,#7560,#7562,.T.);
#7560 = VERTEX_POINT('',#7561);
#7561 = CARTESIAN_POINT('',(8.,-10.17450215647,-4.86155384341));
#7562 = SURFACE_CURVE('',#7563,(#7567,#7574),.PCURVE_S1.);
#7563 = LINE('',#7564,#7565);
#7564 = CARTESIAN_POINT('',(8.,-9.699616640836,-4.634645296118));
#7565 = VECTOR('',#7566,1.);
#7566 = DIRECTION('',(0.,-0.902289920078,-0.431129794988));
#7567 = PCURVE('',#72,#7568);
#7568 = DEFINITIONAL_REPRESENTATION('',(#7569),#7573);
#7569 = LINE('',#7570,#7571);
#7570 = CARTESIAN_POINT('',(-4.634645296118,9.699616640836));
#7571 = VECTOR('',#7572,1.);
#7572 = DIRECTION('',(-0.431129794988,0.902289920078));
#7573 = ( GEOMETRIC_REPRESENTATION_CONTEXT(2) 
PARAMETRIC_REPRESENTATION_CONTEXT() REPRESENTATION_CONTEXT('2D SPACE',''
  ) );
#7574 = PCURVE('',#3174,#7575);
#7575 = DEFINITIONAL_REPRESENTATION('',(#7576),#7580);
#7576 = LINE('',#7577,#7578);
#7577 = CARTESIAN_POINT('',(0.,-8.));
#7578 = VECTOR('',#7579,1.);
#7579 = DIRECTION('',(1.,0.));
#7580 = ( GEOMETRIC_REPRESENTATION_CONTEXT(2) 
PARAMETRIC_REPRESENTATION_CONTEXT() REPRESENTATION_CONTEXT('2D SPACE',''
  ) );
#7581 = ORIENTED_EDGE('',*,*,#7582,.T.);
#7582 = EDGE_CURVE('',#7560,#7583,#7585,.T.);
#7583 = VERTEX_POINT('',#7584);
#7584 = CARTESIAN_POINT('',(8.,-11.4174268825,-6.216298205745));
#7585 = SURFACE_CURVE('',#7586,(#7596,#7609),.PCURVE_S1.);
#7586 = B_SPLINE_CURVE_WITH_KNOTS('',3,(#7587,#7588,#7589,#7590,#7591,
    #7592,#7593,#7594,#7595),.UNSPECIFIED.,.F.,.F.,(4,1,1,1,1,1,4),(0.,
    0.290524100267,0.58867032325,0.894177536695,1.207021205364,
    1.527193397443,1.854690543779),.UNSPECIFIED.);
#7587 = CARTESIAN_POINT('',(8.,-10.17450215647,-4.86155384341));
#7588 = CARTESIAN_POINT('',(8.,-10.25894293111,-4.909954417116));
#7589 = CARTESIAN_POINT('',(8.,-10.4206021299,-5.02147759718));
#7590 = CARTESIAN_POINT('',(8.,-10.64265726137,-5.221377260436));
#7591 = CARTESIAN_POINT('',(8.,-10.85356996511,-5.442610438933));
#7592 = CARTESIAN_POINT('',(8.,-11.05329107399,-5.68373178698));
#7593 = CARTESIAN_POINT('',(8.,-11.24248370821,-5.942207442732));
#7594 = CARTESIAN_POINT('',(8.,-11.36020473567,-6.123356675727));
#7595 = CARTESIAN_POINT('',(8.,-11.4174268825,-6.216298205745));
#7596 = PCURVE('',#72,#7597);
#7597 = DEFINITIONAL_REPRESENTATION('',(#7598),#7608);
#7598 = B_SPLINE_CURVE_WITH_KNOTS('',3,(#7599,#7600,#7601,#7602,#7603,
    #7604,#7605,#7606,#7607),.UNSPECIFIED.,.F.,.F.,(4,1,1,1,1,1,4),(0.,
    0.290524100267,0.58867032325,0.894177536695,1.207021205364,
    1.527193397443,1.854690543779),.UNSPECIFIED.);
#7599 = CARTESIAN_POINT('',(-4.86155384341,10.174502156479));
#7600 = CARTESIAN_POINT('',(-4.909954417116,10.258942931118));
#7601 = CARTESIAN_POINT('',(-5.02147759718,10.420602129904));
#7602 = CARTESIAN_POINT('',(-5.221377260436,10.642657261379));
#7603 = CARTESIAN_POINT('',(-5.442610438933,10.853569965113));
#7604 = CARTESIAN_POINT('',(-5.68373178698,11.053291073999));
#7605 = CARTESIAN_POINT('',(-5.942207442732,11.242483708214));
#7606 = CARTESIAN_POINT('',(-6.123356675727,11.36020473567));
#7607 = CARTESIAN_POINT('',(-6.216298205745,11.417426882501));
#7608 = ( GEOMETRIC_REPRESENTATION_CONTEXT(2) 
PARAMETRIC_REPRESENTATION_CONTEXT() REPRESENTATION_CONTEXT('2D SPACE',''
  ) );
#7609 = PCURVE('',#3214,#7610);
#7610 = DEFINITIONAL_REPRESENTATION('',(#7611),#7615);
#7611 = LINE('',#7612,#7613);
#7612 = CARTESIAN_POINT('',(0.,-8.));
#7613 = VECTOR('',#7614,1.);
#7614 = DIRECTION('',(1.,0.));
#7615 = ( GEOMETRIC_REPRESENTATION_CONTEXT(2) 
PARAMETRIC_REPRESENTATION_CONTEXT() REPRESENTATION_CONTEXT('2D SPACE',''
  ) );
#7616 = ORIENTED_EDGE('',*,*,#7617,.T.);
#7617 = EDGE_CURVE('',#7583,#7618,#7620,.T.);
#7618 = VERTEX_POINT('',#7619);
#7619 = CARTESIAN_POINT('',(8.,-11.09218560492,-6.779632623225));
#7620 = SURFACE_CURVE('',#7621,(#7625,#7632),.PCURVE_S1.);
#7621 = LINE('',#7622,#7623);
#7622 = CARTESIAN_POINT('',(8.,-11.4174268825,-6.216298205745));
#7623 = VECTOR('',#7624,1.);
#7624 = DIRECTION('',(0.,0.5,-0.866025403784));
#7625 = PCURVE('',#72,#7626);
#7626 = DEFINITIONAL_REPRESENTATION('',(#7627),#7631);
#7627 = LINE('',#7628,#7629);
#7628 = CARTESIAN_POINT('',(-6.216298205745,11.417426882501));
#7629 = VECTOR('',#7630,1.);
#7630 = DIRECTION('',(-0.866025403784,-0.5));
#7631 = ( GEOMETRIC_REPRESENTATION_CONTEXT(2) 
PARAMETRIC_REPRESENTATION_CONTEXT() REPRESENTATION_CONTEXT('2D SPACE',''
  ) );
#7632 = PCURVE('',#3250,#7633);
#7633 = DEFINITIONAL_REPRESENTATION('',(#7634),#7638);
#7634 = LINE('',#7635,#7636);
#7635 = CARTESIAN_POINT('',(0.,-8.));
#7636 = VECTOR('',#7637,1.);
#7637 = DIRECTION('',(1.,0.));
#7638 = ( GEOMETRIC_REPRESENTATION_CONTEXT(2) 
PARAMETRIC_REPRESENTATION_CONTEXT() REPRESENTATION_CONTEXT('2D SPACE',''
  ) );
#7639 = ORIENTED_EDGE('',*,*,#7640,.T.);
#7640 = EDGE_CURVE('',#7618,#7641,#7643,.T.);
#7641 = VERTEX_POINT('',#7642);
#7642 = CARTESIAN_POINT('',(8.,-9.297480208499,-6.380600416665));
#7643 = SURFACE_CURVE('',#7644,(#7654,#7667),.PCURVE_S1.);
#7644 = B_SPLINE_CURVE_WITH_KNOTS('',3,(#7645,#7646,#7647,#7648,#7649,
    #7650,#7651,#7652,#7653),.UNSPECIFIED.,.F.,.F.,(4,1,1,1,1,1,4),(0.,
    0.327497146337,0.647669338415,0.960513007084,1.266020220529,
    1.564166443513,1.854690543779),.UNSPECIFIED.);
#7645 = CARTESIAN_POINT('',(8.,-11.09218560492,-6.779632623225));
#7646 = CARTESIAN_POINT('',(8.,-10.98308480544,-6.776547555419));
#7647 = CARTESIAN_POINT('',(8.,-10.76734445407,-6.76517277158));
#7648 = CARTESIAN_POINT('',(8.,-10.44890165282,-6.730564972017));
#7649 = CARTESIAN_POINT('',(8.,-10.14022388557,-6.678162092073));
#7650 = CARTESIAN_POINT('',(8.,-9.84317398097,-6.606122921907));
#7651 = CARTESIAN_POINT('',(8.,-9.559028228644,-6.513767368637));
#7652 = CARTESIAN_POINT('',(8.,-9.381616722205,-6.429527985766));
#7653 = CARTESIAN_POINT('',(8.,-9.297480208499,-6.380600416665));
#7654 = PCURVE('',#72,#7655);
#7655 = DEFINITIONAL_REPRESENTATION('',(#7656),#7666);
#7656 = B_SPLINE_CURVE_WITH_KNOTS('',3,(#7657,#7658,#7659,#7660,#7661,
    #7662,#7663,#7664,#7665),.UNSPECIFIED.,.F.,.F.,(4,1,1,1,1,1,4),(0.,
    0.327497146337,0.647669338415,0.960513007084,1.266020220529,
    1.564166443513,1.854690543779),.UNSPECIFIED.);
#7657 = CARTESIAN_POINT('',(-6.779632623225,11.092185604925));
#7658 = CARTESIAN_POINT('',(-6.776547555419,10.983084805447));
#7659 = CARTESIAN_POINT('',(-6.76517277158,10.76734445407));
#7660 = CARTESIAN_POINT('',(-6.730564972017,10.448901652821));
#7661 = CARTESIAN_POINT('',(-6.678162092073,10.140223885575));
#7662 = CARTESIAN_POINT('',(-6.606122921907,9.84317398097));
#7663 = CARTESIAN_POINT('',(-6.513767368637,9.559028228644));
#7664 = CARTESIAN_POINT('',(-6.429527985766,9.381616722205));
#7665 = CARTESIAN_POINT('',(-6.380600416665,9.297480208499));
#7666 = ( GEOMETRIC_REPRESENTATION_CONTEXT(2) 
PARAMETRIC_REPRESENTATION_CONTEXT() REPRESENTATION_CONTEXT('2D SPACE',''
  ) );
#7667 = PCURVE('',#3290,#7668);
#7668 = DEFINITIONAL_REPRESENTATION('',(#7669),#7673);
#7669 = LINE('',#7670,#7671);
#7670 = CARTESIAN_POINT('',(0.,-8.));
#7671 = VECTOR('',#7672,1.);
#7672 = DIRECTION('',(1.,0.));
#7673 = ( GEOMETRIC_REPRESENTATION_CONTEXT(2) 
PARAMETRIC_REPRESENTATION_CONTEXT() REPRESENTATION_CONTEXT('2D SPACE',''
  ) );
#7674 = ORIENTED_EDGE('',*,*,#7675,.T.);
#7675 = EDGE_CURVE('',#7641,#7676,#7678,.T.);
#7676 = VERTEX_POINT('',#7677);
#7677 = CARTESIAN_POINT('',(8.,-8.863528884386,-6.082791769875));
#7678 = SURFACE_CURVE('',#7679,(#7683,#7690),.PCURVE_S1.);
#7679 = LINE('',#7680,#7681);
#7680 = CARTESIAN_POINT('',(8.,-9.297480208499,-6.380600416665));
#7681 = VECTOR('',#7682,1.);
#7682 = DIRECTION('',(0.,0.824514314827,0.565841094872));
#7683 = PCURVE('',#72,#7684);
#7684 = DEFINITIONAL_REPRESENTATION('',(#7685),#7689);
#7685 = LINE('',#7686,#7687);
#7686 = CARTESIAN_POINT('',(-6.380600416665,9.297480208499));
#7687 = VECTOR('',#7688,1.);
#7688 = DIRECTION('',(0.565841094872,-0.824514314827));
#7689 = ( GEOMETRIC_REPRESENTATION_CONTEXT(2) 
PARAMETRIC_REPRESENTATION_CONTEXT() REPRESENTATION_CONTEXT('2D SPACE',''
  ) );
#7690 = PCURVE('',#3326,#7691);
#7691 = DEFINITIONAL_REPRESENTATION('',(#7692),#7696);
#7692 = LINE('',#7693,#7694);
#7693 = CARTESIAN_POINT('',(0.,-8.));
#7694 = VECTOR('',#7695,1.);
#7695 = DIRECTION('',(1.,0.));
#7696 = ( GEOMETRIC_REPRESENTATION_CONTEXT(2) 
PARAMETRIC_REPRESENTATION_CONTEXT() REPRESENTATION_CONTEXT('2D SPACE',''
  ) );
#7697 = ORIENTED_EDGE('',*,*,#7698,.T.);
#7698 = EDGE_CURVE('',#7676,#7699,#7701,.T.);
#7699 = VERTEX_POINT('',#7700);
#7700 = CARTESIAN_POINT('',(8.,-8.169575748556,-6.987169104051));
#7701 = SURFACE_CURVE('',#7702,(#7706,#7713),.PCURVE_S1.);
#7702 = LINE('',#7703,#7704);
#7703 = CARTESIAN_POINT('',(8.,-8.863528884386,-6.082791769875));
#7704 = VECTOR('',#7705,1.);
#7705 = DIRECTION('',(0.,0.608761429009,-0.793353340291));
#7706 = PCURVE('',#72,#7707);
#7707 = DEFINITIONAL_REPRESENTATION('',(#7708),#7712);
#7708 = LINE('',#7709,#7710);
#7709 = CARTESIAN_POINT('',(-6.082791769875,8.863528884386));
#7710 = VECTOR('',#7711,1.);
#7711 = DIRECTION('',(-0.793353340291,-0.608761429009));
#7712 = ( GEOMETRIC_REPRESENTATION_CONTEXT(2) 
PARAMETRIC_REPRESENTATION_CONTEXT() REPRESENTATION_CONTEXT('2D SPACE',''
  ) );
#7713 = PCURVE('',#3354,#7714);
#7714 = DEFINITIONAL_REPRESENTATION('',(#7715),#7719);
#7715 = LINE('',#7716,#7717);
#7716 = CARTESIAN_POINT('',(0.,-8.));
#7717 = VECTOR('',#7718,1.);
#7718 = DIRECTION('',(1.,0.));
#7719 = ( GEOMETRIC_REPRESENTATION_CONTEXT(2) 
PARAMETRIC_REPRESENTATION_CONTEXT() REPRESENTATION_CONTEXT('2D SPACE',''
  ) );
#7720 = ORIENTED_EDGE('',*,*,#7721,.T.);
#7721 = EDGE_CURVE('',#7699,#7722,#7724,.T.);
#7722 = VERTEX_POINT('',#7723);
#7723 = CARTESIAN_POINT('',(8.,-8.569551679111,-7.329255345778));
#7724 = SURFACE_CURVE('',#7725,(#7729,#7736),.PCURVE_S1.);
#7725 = LINE('',#7726,#7727);
#7726 = CARTESIAN_POINT('',(8.,-8.169575748556,-6.987169104051));
#7727 = VECTOR('',#7728,1.);
#7728 = DIRECTION('',(0.,-0.759960534749,-0.649969218981));
#7729 = PCURVE('',#72,#7730);
#7730 = DEFINITIONAL_REPRESENTATION('',(#7731),#7735);
#7731 = LINE('',#7732,#7733);
#7732 = CARTESIAN_POINT('',(-6.987169104051,8.169575748556));
#7733 = VECTOR('',#7734,1.);
#7734 = DIRECTION('',(-0.649969218981,0.759960534749));
#7735 = ( GEOMETRIC_REPRESENTATION_CONTEXT(2) 
PARAMETRIC_REPRESENTATION_CONTEXT() REPRESENTATION_CONTEXT('2D SPACE',''
  ) );
#7736 = PCURVE('',#3382,#7737);
#7737 = DEFINITIONAL_REPRESENTATION('',(#7738),#7742);
#7738 = LINE('',#7739,#7740);
#7739 = CARTESIAN_POINT('',(0.,-8.));
#7740 = VECTOR('',#7741,1.);
#7741 = DIRECTION('',(1.,0.));
#7742 = ( GEOMETRIC_REPRESENTATION_CONTEXT(2) 
PARAMETRIC_REPRESENTATION_CONTEXT() REPRESENTATION_CONTEXT('2D SPACE',''
  ) );
#7743 = ORIENTED_EDGE('',*,*,#7744,.T.);
#7744 = EDGE_CURVE('',#7722,#7745,#7747,.T.);
#7745 = VERTEX_POINT('',#7746);
#7746 = CARTESIAN_POINT('',(8.,-9.419491129892,-8.9595305041));
#7747 = SURFACE_CURVE('',#7748,(#7758,#7771),.PCURVE_S1.);
#7748 = B_SPLINE_CURVE_WITH_KNOTS('',3,(#7749,#7750,#7751,#7752,#7753,
    #7754,#7755,#7756,#7757),.UNSPECIFIED.,.F.,.F.,(4,1,1,1,1,1,4),(0.,
    0.290524100267,0.58867032325,0.894177536695,1.207021205364,
    1.527193397443,1.854690543779),.UNSPECIFIED.);
#7749 = CARTESIAN_POINT('',(8.,-8.569551679111,-7.329255345778));
#7750 = CARTESIAN_POINT('',(8.,-8.638588213858,-7.397861590587));
#7751 = CARTESIAN_POINT('',(8.,-8.765874686051,-7.547425189903));
#7752 = CARTESIAN_POINT('',(8.,-8.928625632443,-7.797985534397));
#7753 = CARTESIAN_POINT('',(8.,-9.075092300069,-8.06626859972));
#7754 = CARTESIAN_POINT('',(8.,-9.205601280141,-8.350865563757));
#7755 = CARTESIAN_POINT('',(8.,-9.321448909269,-8.649500532042));
#7756 = CARTESIAN_POINT('',(8.,-9.388273818481,-8.854945698519));
#7757 = CARTESIAN_POINT('',(8.,-9.419491129892,-8.9595305041));
#7758 = PCURVE('',#72,#7759);
#7759 = DEFINITIONAL_REPRESENTATION('',(#7760),#7770);
#7760 = B_SPLINE_CURVE_WITH_KNOTS('',3,(#7761,#7762,#7763,#7764,#7765,
    #7766,#7767,#7768,#7769),.UNSPECIFIED.,.F.,.F.,(4,1,1,1,1,1,4),(0.,
    0.290524100267,0.58867032325,0.894177536695,1.207021205364,
    1.527193397443,1.854690543779),.UNSPECIFIED.);
#7761 = CARTESIAN_POINT('',(-7.329255345778,8.569551679111));
#7762 = CARTESIAN_POINT('',(-7.397861590587,8.638588213858));
#7763 = CARTESIAN_POINT('',(-7.547425189903,8.765874686051));
#7764 = CARTESIAN_POINT('',(-7.797985534397,8.928625632443));
#7765 = CARTESIAN_POINT('',(-8.06626859972,9.075092300069));
#7766 = CARTESIAN_POINT('',(-8.350865563757,9.205601280141));
#7767 = CARTESIAN_POINT('',(-8.649500532042,9.321448909269));
#7768 = CARTESIAN_POINT('',(-8.854945698519,9.388273818481));
#7769 = CARTESIAN_POINT('',(-8.9595305041,9.419491129892));
#7770 = ( GEOMETRIC_REPRESENTATION_CONTEXT(2) 
PARAMETRIC_REPRESENTATION_CONTEXT() REPRESENTATION_CONTEXT('2D SPACE',''
  ) );
#7771 = PCURVE('',#3422,#7772);
#7772 = DEFINITIONAL_REPRESENTATION('',(#7773),#7777);
#7773 = LINE('',#7774,#7775);
#7774 = CARTESIAN_POINT('',(0.,-8.));
#7775 = VECTOR('',#7776,1.);
#7776 = DIRECTION('',(1.,0.));
#7777 = ( GEOMETRIC_REPRESENTATION_CONTEXT(2) 
PARAMETRIC_REPRESENTATION_CONTEXT() REPRESENTATION_CONTEXT('2D SPACE',''
  ) );
#7778 = ORIENTED_EDGE('',*,*,#7779,.T.);
#7779 = EDGE_CURVE('',#7745,#7780,#7782,.T.);
#7780 = VERTEX_POINT('',#7781);
#7781 = CARTESIAN_POINT('',(8.,-8.9595305041,-9.419491129892));
#7782 = SURFACE_CURVE('',#7783,(#7787,#7794),.PCURVE_S1.);
#7783 = LINE('',#7784,#7785);
#7784 = CARTESIAN_POINT('',(8.,-9.419491129892,-8.9595305041));
#7785 = VECTOR('',#7786,1.);
#7786 = DIRECTION('',(0.,0.707106781187,-0.707106781187));
#7787 = PCURVE('',#72,#7788);
#7788 = DEFINITIONAL_REPRESENTATION('',(#7789),#7793);
#7789 = LINE('',#7790,#7791);
#7790 = CARTESIAN_POINT('',(-8.9595305041,9.419491129892));
#7791 = VECTOR('',#7792,1.);
#7792 = DIRECTION('',(-0.707106781187,-0.707106781187));
#7793 = ( GEOMETRIC_REPRESENTATION_CONTEXT(2) 
PARAMETRIC_REPRESENTATION_CONTEXT() REPRESENTATION_CONTEXT('2D SPACE',''
  ) );
#7794 = PCURVE('',#3458,#7795);
#7795 = DEFINITIONAL_REPRESENTATION('',(#7796),#7800);
#7796 = LINE('',#7797,#7798);
#7797 = CARTESIAN_POINT('',(0.,-8.));
#7798 = VECTOR('',#7799,1.);
#7799 = DIRECTION('',(1.,0.));
#7800 = ( GEOMETRIC_REPRESENTATION_CONTEXT(2) 
PARAMETRIC_REPRESENTATION_CONTEXT() REPRESENTATION_CONTEXT('2D SPACE',''
  ) );
#7801 = ORIENTED_EDGE('',*,*,#7802,.T.);
#7802 = EDGE_CURVE('',#7780,#7803,#7805,.T.);
#7803 = VERTEX_POINT('',#7804);
#7804 = CARTESIAN_POINT('',(8.,-7.329255345778,-8.569551679111));
#7805 = SURFACE_CURVE('',#7806,(#7816,#7829),.PCURVE_S1.);
#7806 = B_SPLINE_CURVE_WITH_KNOTS('',3,(#7807,#7808,#7809,#7810,#7811,
    #7812,#7813,#7814,#7815),.UNSPECIFIED.,.F.,.F.,(4,1,1,1,1,1,4),(0.,
    0.327497146337,0.647669338415,0.960513007084,1.266020220529,
    1.564166443513,1.854690543779),.UNSPECIFIED.);
#7807 = CARTESIAN_POINT('',(8.,-8.9595305041,-9.419491129892));
#7808 = CARTESIAN_POINT('',(8.,-8.854945698519,-9.388273818481));
#7809 = CARTESIAN_POINT('',(8.,-8.649500532042,-9.321448909269));
#7810 = CARTESIAN_POINT('',(8.,-8.350865563757,-9.205601280141));
#7811 = CARTESIAN_POINT('',(8.,-8.06626859972,-9.075092300069));
#7812 = CARTESIAN_POINT('',(8.,-7.797985534397,-8.928625632443));
#7813 = CARTESIAN_POINT('',(8.,-7.547425189903,-8.765874686051));
#7814 = CARTESIAN_POINT('',(8.,-7.397861590587,-8.638588213858));
#7815 = CARTESIAN_POINT('',(8.,-7.329255345778,-8.569551679111));
#7816 = PCURVE('',#72,#7817);
#7817 = DEFINITIONAL_REPRESENTATION('',(#7818),#7828);
#7818 = B_SPLINE_CURVE_WITH_KNOTS('',3,(#7819,#7820,#7821,#7822,#7823,
    #7824,#7825,#7826,#7827),.UNSPECIFIED.,.F.,.F.,(4,1,1,1,1,1,4),(0.,
    0.327497146337,0.647669338415,0.960513007084,1.266020220529,
    1.564166443513,1.854690543779),.UNSPECIFIED.);
#7819 = CARTESIAN_POINT('',(-9.419491129892,8.9595305041));
#7820 = CARTESIAN_POINT('',(-9.388273818481,8.854945698519));
#7821 = CARTESIAN_POINT('',(-9.321448909269,8.649500532042));
#7822 = CARTESIAN_POINT('',(-9.205601280141,8.350865563757));
#7823 = CARTESIAN_POINT('',(-9.075092300069,8.06626859972));
#7824 = CARTESIAN_POINT('',(-8.928625632443,7.797985534397));
#7825 = CARTESIAN_POINT('',(-8.765874686051,7.547425189903));
#7826 = CARTESIAN_POINT('',(-8.638588213858,7.397861590587));
#7827 = CARTESIAN_POINT('',(-8.569551679111,7.329255345778));
#7828 = ( GEOMETRIC_REPRESENTATION_CONTEXT(2) 
PARAMETRIC_REPRESENTATION_CONTEXT() REPRESENTATION_CONTEXT('2D SPACE',''
  ) );
#7829 = PCURVE('',#3498,#7830);
#7830 = DEFINITIONAL_REPRESENTATION('',(#7831),#7835);
#7831 = LINE('',#7832,#7833);
#7832 = CARTESIAN_POINT('',(0.,-8.));
#7833 = VECTOR('',#7834,1.);
#7834 = DIRECTION('',(1.,0.));
#7835 = ( GEOMETRIC_REPRESENTATION_CONTEXT(2) 
PARAMETRIC_REPRESENTATION_CONTEXT() REPRESENTATION_CONTEXT('2D SPACE',''
  ) );
#7836 = ORIENTED_EDGE('',*,*,#7837,.T.);
#7837 = EDGE_CURVE('',#7803,#7838,#7840,.T.);
#7838 = VERTEX_POINT('',#7839);
#7839 = CARTESIAN_POINT('',(8.,-6.987169104051,-8.169575748556));
#7840 = SURFACE_CURVE('',#7841,(#7845,#7852),.PCURVE_S1.);
#7841 = LINE('',#7842,#7843);
#7842 = CARTESIAN_POINT('',(8.,-7.329255345778,-8.569551679111));
#7843 = VECTOR('',#7844,1.);
#7844 = DIRECTION('',(0.,0.649969218981,0.759960534749));
#7845 = PCURVE('',#72,#7846);
#7846 = DEFINITIONAL_REPRESENTATION('',(#7847),#7851);
#7847 = LINE('',#7848,#7849);
#7848 = CARTESIAN_POINT('',(-8.569551679111,7.329255345778));
#7849 = VECTOR('',#7850,1.);
#7850 = DIRECTION('',(0.759960534749,-0.649969218981));
#7851 = ( GEOMETRIC_REPRESENTATION_CONTEXT(2) 
PARAMETRIC_REPRESENTATION_CONTEXT() REPRESENTATION_CONTEXT('2D SPACE',''
  ) );
#7852 = PCURVE('',#3534,#7853);
#7853 = DEFINITIONAL_REPRESENTATION('',(#7854),#7858);
#7854 = LINE('',#7855,#7856);
#7855 = CARTESIAN_POINT('',(0.,-8.));
#7856 = VECTOR('',#7857,1.);
#7857 = DIRECTION('',(1.,0.));
#7858 = ( GEOMETRIC_REPRESENTATION_CONTEXT(2) 
PARAMETRIC_REPRESENTATION_CONTEXT() REPRESENTATION_CONTEXT('2D SPACE',''
  ) );
#7859 = ORIENTED_EDGE('',*,*,#7860,.T.);
#7860 = EDGE_CURVE('',#7838,#7861,#7863,.T.);
#7861 = VERTEX_POINT('',#7862);
#7862 = CARTESIAN_POINT('',(8.,-6.082791769875,-8.863528884386));
#7863 = SURFACE_CURVE('',#7864,(#7868,#7875),.PCURVE_S1.);
#7864 = LINE('',#7865,#7866);
#7865 = CARTESIAN_POINT('',(8.,-6.987169104051,-8.169575748556));
#7866 = VECTOR('',#7867,1.);
#7867 = DIRECTION('',(0.,0.793353340291,-0.608761429009));
#7868 = PCURVE('',#72,#7869);
#7869 = DEFINITIONAL_REPRESENTATION('',(#7870),#7874);
#7870 = LINE('',#7871,#7872);
#7871 = CARTESIAN_POINT('',(-8.169575748556,6.987169104051));
#7872 = VECTOR('',#7873,1.);
#7873 = DIRECTION('',(-0.608761429009,-0.793353340291));
#7874 = ( GEOMETRIC_REPRESENTATION_CONTEXT(2) 
PARAMETRIC_REPRESENTATION_CONTEXT() REPRESENTATION_CONTEXT('2D SPACE',''
  ) );
#7875 = PCURVE('',#3562,#7876);
#7876 = DEFINITIONAL_REPRESENTATION('',(#7877),#7881);
#7877 = LINE('',#7878,#7879);
#7878 = CARTESIAN_POINT('',(0.,-8.));
#7879 = VECTOR('',#7880,1.);
#7880 = DIRECTION('',(1.,0.));
#7881 = ( GEOMETRIC_REPRESENTATION_CONTEXT(2) 
PARAMETRIC_REPRESENTATION_CONTEXT() REPRESENTATION_CONTEXT('2D SPACE',''
  ) );
#7882 = ORIENTED_EDGE('',*,*,#7883,.T.);
#7883 = EDGE_CURVE('',#7861,#7884,#7886,.T.);
#7884 = VERTEX_POINT('',#7885);
#7885 = CARTESIAN_POINT('',(8.,-6.380600416665,-9.297480208499));
#7886 = SURFACE_CURVE('',#7887,(#7891,#7898),.PCURVE_S1.);
#7887 = LINE('',#7888,#7889);
#7888 = CARTESIAN_POINT('',(8.,-6.082791769875,-8.863528884386));
#7889 = VECTOR('',#7890,1.);
#7890 = DIRECTION('',(0.,-0.565841094872,-0.824514314827));
#7891 = PCURVE('',#72,#7892);
#7892 = DEFINITIONAL_REPRESENTATION('',(#7893),#7897);
#7893 = LINE('',#7894,#7895);
#7894 = CARTESIAN_POINT('',(-8.863528884386,6.082791769875));
#7895 = VECTOR('',#7896,1.);
#7896 = DIRECTION('',(-0.824514314827,0.565841094872));
#7897 = ( GEOMETRIC_REPRESENTATION_CONTEXT(2) 
PARAMETRIC_REPRESENTATION_CONTEXT() REPRESENTATION_CONTEXT('2D SPACE',''
  ) );
#7898 = PCURVE('',#3590,#7899);
#7899 = DEFINITIONAL_REPRESENTATION('',(#7900),#7904);
#7900 = LINE('',#7901,#7902);
#7901 = CARTESIAN_POINT('',(0.,-8.));
#7902 = VECTOR('',#7903,1.);
#7903 = DIRECTION('',(1.,0.));
#7904 = ( GEOMETRIC_REPRESENTATION_CONTEXT(2) 
PARAMETRIC_REPRESENTATION_CONTEXT() REPRESENTATION_CONTEXT('2D SPACE',''
  ) );
#7905 = ORIENTED_EDGE('',*,*,#7906,.T.);
#7906 = EDGE_CURVE('',#7884,#7907,#7909,.T.);
#7907 = VERTEX_POINT('',#7908);
#7908 = CARTESIAN_POINT('',(8.,-6.779632623225,-11.09218560492));
#7909 = SURFACE_CURVE('',#7910,(#7920,#7933),.PCURVE_S1.);
#7910 = B_SPLINE_CURVE_WITH_KNOTS('',3,(#7911,#7912,#7913,#7914,#7915,
    #7916,#7917,#7918,#7919),.UNSPECIFIED.,.F.,.F.,(4,1,1,1,1,1,4),(0.,
    0.290524100267,0.58867032325,0.894177536695,1.207021205364,
    1.527193397443,1.854690543779),.UNSPECIFIED.);
#7911 = CARTESIAN_POINT('',(8.,-6.380600416665,-9.297480208499));
#7912 = CARTESIAN_POINT('',(8.,-6.429527985766,-9.381616722205));
#7913 = CARTESIAN_POINT('',(8.,-6.513767368637,-9.559028228644));
#7914 = CARTESIAN_POINT('',(8.,-6.606122921907,-9.84317398097));
#7915 = CARTESIAN_POINT('',(8.,-6.678162092073,-10.14022388557));
#7916 = CARTESIAN_POINT('',(8.,-6.730564972017,-10.44890165282));
#7917 = CARTESIAN_POINT('',(8.,-6.76517277158,-10.76734445407));
#7918 = CARTESIAN_POINT('',(8.,-6.776547555419,-10.98308480544));
#7919 = CARTESIAN_POINT('',(8.,-6.779632623225,-11.09218560492));
#7920 = PCURVE('',#72,#7921);
#7921 = DEFINITIONAL_REPRESENTATION('',(#7922),#7932);
#7922 = B_SPLINE_CURVE_WITH_KNOTS('',3,(#7923,#7924,#7925,#7926,#7927,
    #7928,#7929,#7930,#7931),.UNSPECIFIED.,.F.,.F.,(4,1,1,1,1,1,4),(0.,
    0.290524100267,0.58867032325,0.894177536695,1.207021205364,
    1.527193397443,1.854690543779),.UNSPECIFIED.);
#7923 = CARTESIAN_POINT('',(-9.297480208499,6.380600416665));
#7924 = CARTESIAN_POINT('',(-9.381616722205,6.429527985766));
#7925 = CARTESIAN_POINT('',(-9.559028228644,6.513767368637));
#7926 = CARTESIAN_POINT('',(-9.84317398097,6.606122921907));
#7927 = CARTESIAN_POINT('',(-10.14022388557,6.678162092073));
#7928 = CARTESIAN_POINT('',(-10.44890165282,6.730564972017));
#7929 = CARTESIAN_POINT('',(-10.76734445407,6.76517277158));
#7930 = CARTESIAN_POINT('',(-10.98308480544,6.776547555419));
#7931 = CARTESIAN_POINT('',(-11.09218560492,6.779632623225));
#7932 = ( GEOMETRIC_REPRESENTATION_CONTEXT(2) 
PARAMETRIC_REPRESENTATION_CONTEXT() REPRESENTATION_CONTEXT('2D SPACE',''
  ) );
#7933 = PCURVE('',#3630,#7934);
#7934 = DEFINITIONAL_REPRESENTATION('',(#7935),#7939);
#7935 = LINE('',#7936,#7937);
#7936 = CARTESIAN_POINT('',(0.,-8.));
#7937 = VECTOR('',#7938,1.);
#7938 = DIRECTION('',(1.,0.));
#7939 = ( GEOMETRIC_REPRESENTATION_CONTEXT(2) 
PARAMETRIC_REPRESENTATION_CONTEXT() REPRESENTATION_CONTEXT('2D SPACE',''
  ) );
#7940 = ORIENTED_EDGE('',*,*,#7941,.T.);
#7941 = EDGE_CURVE('',#7907,#7942,#7944,.T.);
#7942 = VERTEX_POINT('',#7943);
#7943 = CARTESIAN_POINT('',(8.,-6.216298205745,-11.4174268825));
#7944 = SURFACE_CURVE('',#7945,(#7949,#7956),.PCURVE_S1.);
#7945 = LINE('',#7946,#7947);
#7946 = CARTESIAN_POINT('',(8.,-6.779632623225,-11.09218560492));
#7947 = VECTOR('',#7948,1.);
#7948 = DIRECTION('',(0.,0.866025403784,-0.5));
#7949 = PCURVE('',#72,#7950);
#7950 = DEFINITIONAL_REPRESENTATION('',(#7951),#7955);
#7951 = LINE('',#7952,#7953);
#7952 = CARTESIAN_POINT('',(-11.09218560492,6.779632623225));
#7953 = VECTOR('',#7954,1.);
#7954 = DIRECTION('',(-0.5,-0.866025403784));
#7955 = ( GEOMETRIC_REPRESENTATION_CONTEXT(2) 
PARAMETRIC_REPRESENTATION_CONTEXT() REPRESENTATION_CONTEXT('2D SPACE',''
  ) );
#7956 = PCURVE('',#3666,#7957);
#7957 = DEFINITIONAL_REPRESENTATION('',(#7958),#7962);
#7958 = LINE('',#7959,#7960);
#7959 = CARTESIAN_POINT('',(0.,-8.));
#7960 = VECTOR('',#7961,1.);
#7961 = DIRECTION('',(1.,0.));
#7962 = ( GEOMETRIC_REPRESENTATION_CONTEXT(2) 
PARAMETRIC_REPRESENTATION_CONTEXT() REPRESENTATION_CONTEXT('2D SPACE',''
  ) );
#7963 = ORIENTED_EDGE('',*,*,#7964,.T.);
#7964 = EDGE_CURVE('',#7942,#7965,#7967,.T.);
#7965 = VERTEX_POINT('',#7966);
#7966 = CARTESIAN_POINT('',(8.,-4.86155384341,-10.17450215647));
#7967 = SURFACE_CURVE('',#7968,(#7978,#7991),.PCURVE_S1.);
#7968 = B_SPLINE_CURVE_WITH_KNOTS('',3,(#7969,#7970,#7971,#7972,#7973,
    #7974,#7975,#7976,#7977),.UNSPECIFIED.,.F.,.F.,(4,1,1,1,1,1,4),(0.,
    0.327497146337,0.647669338415,0.960513007084,1.266020220529,
    1.564166443513,1.854690543779),.UNSPECIFIED.);
#7969 = CARTESIAN_POINT('',(8.,-6.216298205745,-11.4174268825));
#7970 = CARTESIAN_POINT('',(8.,-6.123356675727,-11.36020473567));
#7971 = CARTESIAN_POINT('',(8.,-5.942207442732,-11.24248370821));
#7972 = CARTESIAN_POINT('',(8.,-5.68373178698,-11.05329107399));
#7973 = CARTESIAN_POINT('',(8.,-5.442610438933,-10.85356996511));
#7974 = CARTESIAN_POINT('',(8.,-5.221377260436,-10.64265726137));
#7975 = CARTESIAN_POINT('',(8.,-5.02147759718,-10.4206021299));
#7976 = CARTESIAN_POINT('',(8.,-4.909954417116,-10.25894293111));
#7977 = CARTESIAN_POINT('',(8.,-4.86155384341,-10.17450215647));
#7978 = PCURVE('',#72,#7979);
#7979 = DEFINITIONAL_REPRESENTATION('',(#7980),#7990);
#7980 = B_SPLINE_CURVE_WITH_KNOTS('',3,(#7981,#7982,#7983,#7984,#7985,
    #7986,#7987,#7988,#7989),.UNSPECIFIED.,.F.,.F.,(4,1,1,1,1,1,4),(0.,
    0.327497146337,0.647669338415,0.960513007084,1.266020220529,
    1.564166443513,1.854690543779),.UNSPECIFIED.);
#7981 = CARTESIAN_POINT('',(-11.4174268825,6.216298205745));
#7982 = CARTESIAN_POINT('',(-11.36020473567,6.123356675727));
#7983 = CARTESIAN_POINT('',(-11.24248370821,5.942207442732));
#7984 = CARTESIAN_POINT('',(-11.05329107399,5.68373178698));
#7985 = CARTESIAN_POINT('',(-10.85356996511,5.442610438933));
#7986 = CARTESIAN_POINT('',(-10.64265726137,5.221377260436));
#7987 = CARTESIAN_POINT('',(-10.4206021299,5.02147759718));
#7988 = CARTESIAN_POINT('',(-10.25894293111,4.909954417116));
#7989 = CARTESIAN_POINT('',(-10.17450215647,4.86155384341));
#7990 = ( GEOMETRIC_REPRESENTATION_CONTEXT(2) 
PARAMETRIC_REPRESENTATION_CONTEXT() REPRESENTATION_CONTEXT('2D SPACE',''
  ) );
#7991 = PCURVE('',#3706,#7992);
#7992 = DEFINITIONAL_REPRESENTATION('',(#7993),#7997);
#7993 = LINE('',#7994,#7995);
#7994 = CARTESIAN_POINT('',(0.,-8.));
#7995 = VECTOR('',#7996,1.);
#7996 = DIRECTION('',(1.,0.));
#7997 = ( GEOMETRIC_REPRESENTATION_CONTEXT(2) 
PARAMETRIC_REPRESENTATION_CONTEXT() REPRESENTATION_CONTEXT('2D SPACE',''
  ) );
#7998 = ORIENTED_EDGE('',*,*,#7999,.T.);
#7999 = EDGE_CURVE('',#7965,#8000,#8002,.T.);
#8000 = VERTEX_POINT('',#8001);
#8001 = CARTESIAN_POINT('',(8.,-4.634645296118,-9.699616640836));
#8002 = SURFACE_CURVE('',#8003,(#8007,#8014),.PCURVE_S1.);
#8003 = LINE('',#8004,#8005);
#8004 = CARTESIAN_POINT('',(8.,-4.86155384341,-10.17450215647));
#8005 = VECTOR('',#8006,1.);
#8006 = DIRECTION('',(0.,0.431129794988,0.902289920078));
#8007 = PCURVE('',#72,#8008);
#8008 = DEFINITIONAL_REPRESENTATION('',(#8009),#8013);
#8009 = LINE('',#8010,#8011);
#8010 = CARTESIAN_POINT('',(-10.17450215647,4.86155384341));
#8011 = VECTOR('',#8012,1.);
#8012 = DIRECTION('',(0.902289920078,-0.431129794988));
#8013 = ( GEOMETRIC_REPRESENTATION_CONTEXT(2) 
PARAMETRIC_REPRESENTATION_CONTEXT() REPRESENTATION_CONTEXT('2D SPACE',''
  ) );
#8014 = PCURVE('',#3742,#8015);
#8015 = DEFINITIONAL_REPRESENTATION('',(#8016),#8020);
#8016 = LINE('',#8017,#8018);
#8017 = CARTESIAN_POINT('',(0.,-8.));
#8018 = VECTOR('',#8019,1.);
#8019 = DIRECTION('',(1.,0.));
#8020 = ( GEOMETRIC_REPRESENTATION_CONTEXT(2) 
PARAMETRIC_REPRESENTATION_CONTEXT() REPRESENTATION_CONTEXT('2D SPACE',''
  ) );
#8021 = ORIENTED_EDGE('',*,*,#8022,.T.);
#8022 = EDGE_CURVE('',#8000,#8023,#8025,.T.);
#8023 = VERTEX_POINT('',#8024);
#8024 = CARTESIAN_POINT('',(8.,-3.581475584366,-10.13585381892));
#8025 = SURFACE_CURVE('',#8026,(#8030,#8037),.PCURVE_S1.);
#8026 = LINE('',#8027,#8028);
#8027 = CARTESIAN_POINT('',(8.,-4.634645296118,-9.699616640836));
#8028 = VECTOR('',#8029,1.);
#8029 = DIRECTION('',(0.,0.923879532511,-0.382683432365));
#8030 = PCURVE('',#72,#8031);
#8031 = DEFINITIONAL_REPRESENTATION('',(#8032),#8036);
#8032 = LINE('',#8033,#8034);
#8033 = CARTESIAN_POINT('',(-9.699616640836,4.634645296118));
#8034 = VECTOR('',#8035,1.);
#8035 = DIRECTION('',(-0.382683432365,-0.923879532511));
#8036 = ( GEOMETRIC_REPRESENTATION_CONTEXT(2) 
PARAMETRIC_REPRESENTATION_CONTEXT() REPRESENTATION_CONTEXT('2D SPACE',''
  ) );
#8037 = PCURVE('',#3770,#8038);
#8038 = DEFINITIONAL_REPRESENTATION('',(#8039),#8043);
#8039 = LINE('',#8040,#8041);
#8040 = CARTESIAN_POINT('',(0.,-8.));
#8041 = VECTOR('',#8042,1.);
#8042 = DIRECTION('',(1.,0.));
#8043 = ( GEOMETRIC_REPRESENTATION_CONTEXT(2) 
PARAMETRIC_REPRESENTATION_CONTEXT() REPRESENTATION_CONTEXT('2D SPACE',''
  ) );
#8044 = ORIENTED_EDGE('',*,*,#8045,.T.);
#8045 = EDGE_CURVE('',#8023,#8046,#8048,.T.);
#8046 = VERTEX_POINT('',#8047);
#8047 = CARTESIAN_POINT('',(8.,-3.756821780264,-10.63209715982));
#8048 = SURFACE_CURVE('',#8049,(#8053,#8060),.PCURVE_S1.);
#8049 = LINE('',#8050,#8051);
#8050 = CARTESIAN_POINT('',(8.,-3.581475584366,-10.13585381892));
#8051 = VECTOR('',#8052,1.);
#8052 = DIRECTION('',(0.,-0.333160519476,-0.942870122691));
#8053 = PCURVE('',#72,#8054);
#8054 = DEFINITIONAL_REPRESENTATION('',(#8055),#8059);
#8055 = LINE('',#8056,#8057);
#8056 = CARTESIAN_POINT('',(-10.13585381892,3.581475584366));
#8057 = VECTOR('',#8058,1.);
#8058 = DIRECTION('',(-0.942870122691,0.333160519476));
#8059 = ( GEOMETRIC_REPRESENTATION_CONTEXT(2) 
PARAMETRIC_REPRESENTATION_CONTEXT() REPRESENTATION_CONTEXT('2D SPACE',''
  ) );
#8060 = PCURVE('',#3798,#8061);
#8061 = DEFINITIONAL_REPRESENTATION('',(#8062),#8066);
#8062 = LINE('',#8063,#8064);
#8063 = CARTESIAN_POINT('',(0.,-8.));
#8064 = VECTOR('',#8065,1.);
#8065 = DIRECTION('',(1.,0.));
#8066 = ( GEOMETRIC_REPRESENTATION_CONTEXT(2) 
PARAMETRIC_REPRESENTATION_CONTEXT() REPRESENTATION_CONTEXT('2D SPACE',''
  ) );
#8067 = ORIENTED_EDGE('',*,*,#8068,.T.);
#8068 = EDGE_CURVE('',#8046,#8069,#8071,.T.);
#8069 = VERTEX_POINT('',#8070);
#8070 = CARTESIAN_POINT('',(8.,-3.677753357158,-12.46892658747));
#8071 = SURFACE_CURVE('',#8072,(#8082,#8095),.PCURVE_S1.);
#8072 = B_SPLINE_CURVE_WITH_KNOTS('',3,(#8073,#8074,#8075,#8076,#8077,
    #8078,#8079,#8080,#8081),.UNSPECIFIED.,.F.,.F.,(4,1,1,1,1,1,4),(0.,
    0.290524100267,0.58867032325,0.894177536695,1.207021205364,
    1.527193397443,1.854690543779),.UNSPECIFIED.);
#8073 = CARTESIAN_POINT('',(8.,-3.756821780264,-10.63209715982));
#8074 = CARTESIAN_POINT('',(8.,-3.78230605074,-10.72603017805));
#8075 = CARTESIAN_POINT('',(8.,-3.81775756956,-10.91919929064));
#8076 = CARTESIAN_POINT('',(8.,-3.833423851378,-11.21756638735));
#8077 = CARTESIAN_POINT('',(8.,-3.826126173688,-11.52313967114));
#8078 = CARTESIAN_POINT('',(8.,-3.796851783834,-11.83486236187));
#8079 = CARTESIAN_POINT('',(8.,-3.747861289485,-12.15141164543));
#8080 = CARTESIAN_POINT('',(8.,-3.70301077523,-12.36274483329));
#8081 = CARTESIAN_POINT('',(8.,-3.677753357158,-12.46892658747));
#8082 = PCURVE('',#72,#8083);
#8083 = DEFINITIONAL_REPRESENTATION('',(#8084),#8094);
#8084 = B_SPLINE_CURVE_WITH_KNOTS('',3,(#8085,#8086,#8087,#8088,#8089,
    #8090,#8091,#8092,#8093),.UNSPECIFIED.,.F.,.F.,(4,1,1,1,1,1,4),(0.,
    0.290524100267,0.58867032325,0.894177536695,1.207021205364,
    1.527193397443,1.854690543779),.UNSPECIFIED.);
#8085 = CARTESIAN_POINT('',(-10.63209715982,3.756821780264));
#8086 = CARTESIAN_POINT('',(-10.72603017805,3.78230605074));
#8087 = CARTESIAN_POINT('',(-10.91919929064,3.81775756956));
#8088 = CARTESIAN_POINT('',(-11.21756638735,3.833423851378));
#8089 = CARTESIAN_POINT('',(-11.52313967114,3.826126173688));
#8090 = CARTESIAN_POINT('',(-11.83486236187,3.796851783834));
#8091 = CARTESIAN_POINT('',(-12.15141164543,3.747861289485));
#8092 = CARTESIAN_POINT('',(-12.36274483329,3.70301077523));
#8093 = CARTESIAN_POINT('',(-12.46892658747,3.677753357158));
#8094 = ( GEOMETRIC_REPRESENTATION_CONTEXT(2) 
PARAMETRIC_REPRESENTATION_CONTEXT() REPRESENTATION_CONTEXT('2D SPACE',''
  ) );
#8095 = PCURVE('',#3838,#8096);
#8096 = DEFINITIONAL_REPRESENTATION('',(#8097),#8101);
#8097 = LINE('',#8098,#8099);
#8098 = CARTESIAN_POINT('',(0.,-8.));
#8099 = VECTOR('',#8100,1.);
#8100 = DIRECTION('',(1.,0.));
#8101 = ( GEOMETRIC_REPRESENTATION_CONTEXT(2) 
PARAMETRIC_REPRESENTATION_CONTEXT() REPRESENTATION_CONTEXT('2D SPACE',''
  ) );
#8102 = ORIENTED_EDGE('',*,*,#8103,.T.);
#8103 = EDGE_CURVE('',#8069,#8104,#8106,.T.);
#8104 = VERTEX_POINT('',#8105);
#8105 = CARTESIAN_POINT('',(8.,-3.049435457586,-12.63728386125));
#8106 = SURFACE_CURVE('',#8107,(#8111,#8118),.PCURVE_S1.);
#8107 = LINE('',#8108,#8109);
#8108 = CARTESIAN_POINT('',(8.,-3.677753357158,-12.46892658747));
#8109 = VECTOR('',#8110,1.);
#8110 = DIRECTION('',(0.,0.965925826289,-0.258819045103));
#8111 = PCURVE('',#72,#8112);
#8112 = DEFINITIONAL_REPRESENTATION('',(#8113),#8117);
#8113 = LINE('',#8114,#8115);
#8114 = CARTESIAN_POINT('',(-12.46892658747,3.677753357158));
#8115 = VECTOR('',#8116,1.);
#8116 = DIRECTION('',(-0.258819045103,-0.965925826289));
#8117 = ( GEOMETRIC_REPRESENTATION_CONTEXT(2) 
PARAMETRIC_REPRESENTATION_CONTEXT() REPRESENTATION_CONTEXT('2D SPACE',''
  ) );
#8118 = PCURVE('',#3874,#8119);
#8119 = DEFINITIONAL_REPRESENTATION('',(#8120),#8124);
#8120 = LINE('',#8121,#8122);
#8121 = CARTESIAN_POINT('',(0.,-8.));
#8122 = VECTOR('',#8123,1.);
#8123 = DIRECTION('',(1.,0.));
#8124 = ( GEOMETRIC_REPRESENTATION_CONTEXT(2) 
PARAMETRIC_REPRESENTATION_CONTEXT() REPRESENTATION_CONTEXT('2D SPACE',''
  ) );
#8125 = ORIENTED_EDGE('',*,*,#8126,.T.);
#8126 = EDGE_CURVE('',#8104,#8127,#8129,.T.);
#8127 = VERTEX_POINT('',#8128);
#8128 = CARTESIAN_POINT('',(8.,-2.062545480712,-11.08607712604));
#8129 = SURFACE_CURVE('',#8130,(#8140,#8153),.PCURVE_S1.);
#8130 = B_SPLINE_CURVE_WITH_KNOTS('',3,(#8131,#8132,#8133,#8134,#8135,
    #8136,#8137,#8138,#8139),.UNSPECIFIED.,.F.,.F.,(4,1,1,1,1,1,4),(0.,
    0.327497146337,0.647669338415,0.960513007084,1.266020220529,
    1.564166443513,1.854690543779),.UNSPECIFIED.);
#8131 = CARTESIAN_POINT('',(8.,-3.049435457586,-12.63728386125));
#8132 = CARTESIAN_POINT('',(8.,-2.974471014809,-12.55795647374));
#8133 = CARTESIAN_POINT('',(8.,-2.829962736161,-12.39736182152));
#8134 = CARTESIAN_POINT('',(8.,-2.629261081731,-12.14771734759));
#8135 = CARTESIAN_POINT('',(8.,-2.448047371072,-11.8923947734));
#8136 = CARTESIAN_POINT('',(8.,-2.28894075491,-11.63140938577));
#8137 = CARTESIAN_POINT('',(8.,-2.153324604593,-11.36518275946));
#8138 = CARTESIAN_POINT('',(8.,-2.087441964201,-11.18016764132));
#8139 = CARTESIAN_POINT('',(8.,-2.062545480712,-11.08607712604));
#8140 = PCURVE('',#72,#8141);
#8141 = DEFINITIONAL_REPRESENTATION('',(#8142),#8152);
#8142 = B_SPLINE_CURVE_WITH_KNOTS('',3,(#8143,#8144,#8145,#8146,#8147,
    #8148,#8149,#8150,#8151),.UNSPECIFIED.,.F.,.F.,(4,1,1,1,1,1,4),(0.,
    0.327497146337,0.647669338415,0.960513007084,1.266020220529,
    1.564166443513,1.854690543779),.UNSPECIFIED.);
#8143 = CARTESIAN_POINT('',(-12.63728386125,3.049435457586));
#8144 = CARTESIAN_POINT('',(-12.55795647374,2.974471014809));
#8145 = CARTESIAN_POINT('',(-12.39736182152,2.829962736161));
#8146 = CARTESIAN_POINT('',(-12.14771734759,2.629261081731));
#8147 = CARTESIAN_POINT('',(-11.8923947734,2.448047371072));
#8148 = CARTESIAN_POINT('',(-11.63140938577,2.28894075491));
#8149 = CARTESIAN_POINT('',(-11.36518275946,2.153324604593));
#8150 = CARTESIAN_POINT('',(-11.18016764132,2.087441964201));
#8151 = CARTESIAN_POINT('',(-11.08607712604,2.062545480712));
#8152 = ( GEOMETRIC_REPRESENTATION_CONTEXT(2) 
PARAMETRIC_REPRESENTATION_CONTEXT() REPRESENTATION_CONTEXT('2D SPACE',''
  ) );
#8153 = PCURVE('',#3914,#8154);
#8154 = DEFINITIONAL_REPRESENTATION('',(#8155),#8159);
#8155 = LINE('',#8156,#8157);
#8156 = CARTESIAN_POINT('',(0.,-8.));
#8157 = VECTOR('',#8158,1.);
#8158 = DIRECTION('',(1.,0.));
#8159 = ( GEOMETRIC_REPRESENTATION_CONTEXT(2) 
PARAMETRIC_REPRESENTATION_CONTEXT() REPRESENTATION_CONTEXT('2D SPACE',''
  ) );
#8160 = ORIENTED_EDGE('',*,*,#8161,.T.);
#8161 = EDGE_CURVE('',#8127,#8162,#8164,.T.);
#8162 = VERTEX_POINT('',#8163);
#8163 = CARTESIAN_POINT('',(8.,-1.966278070367,-10.56864468841));
#8164 = SURFACE_CURVE('',#8165,(#8169,#8176),.PCURVE_S1.);
#8165 = LINE('',#8166,#8167);
#8166 = CARTESIAN_POINT('',(8.,-2.062545480712,-11.08607712604));
#8167 = VECTOR('',#8168,1.);
#8168 = DIRECTION('',(0.,0.182909587941,0.983129738457));
#8169 = PCURVE('',#72,#8170);
#8170 = DEFINITIONAL_REPRESENTATION('',(#8171),#8175);
#8171 = LINE('',#8172,#8173);
#8172 = CARTESIAN_POINT('',(-11.08607712604,2.062545480712));
#8173 = VECTOR('',#8174,1.);
#8174 = DIRECTION('',(0.983129738457,-0.182909587941));
#8175 = ( GEOMETRIC_REPRESENTATION_CONTEXT(2) 
PARAMETRIC_REPRESENTATION_CONTEXT() REPRESENTATION_CONTEXT('2D SPACE',''
  ) );
#8176 = PCURVE('',#3950,#8177);
#8177 = DEFINITIONAL_REPRESENTATION('',(#8178),#8182);
#8178 = LINE('',#8179,#8180);
#8179 = CARTESIAN_POINT('',(0.,-8.));
#8180 = VECTOR('',#8181,1.);
#8181 = DIRECTION('',(1.,0.));
#8182 = ( GEOMETRIC_REPRESENTATION_CONTEXT(2) 
PARAMETRIC_REPRESENTATION_CONTEXT() REPRESENTATION_CONTEXT('2D SPACE',''
  ) );
#8183 = ORIENTED_EDGE('',*,*,#8184,.T.);
#8184 = EDGE_CURVE('',#8162,#8185,#8187,.T.);
#8185 = VERTEX_POINT('',#8186);
#8186 = CARTESIAN_POINT('',(8.,-0.83608775645,-10.71743706599));
#8187 = SURFACE_CURVE('',#8188,(#8192,#8199),.PCURVE_S1.);
#8188 = LINE('',#8189,#8190);
#8189 = CARTESIAN_POINT('',(8.,-1.966278070367,-10.56864468841));
#8190 = VECTOR('',#8191,1.);
#8191 = DIRECTION('',(0.,0.991444861374,-0.13052619222));
#8192 = PCURVE('',#72,#8193);
#8193 = DEFINITIONAL_REPRESENTATION('',(#8194),#8198);
#8194 = LINE('',#8195,#8196);
#8195 = CARTESIAN_POINT('',(-10.56864468841,1.966278070367));
#8196 = VECTOR('',#8197,1.);
#8197 = DIRECTION('',(-0.13052619222,-0.991444861374));
#8198 = ( GEOMETRIC_REPRESENTATION_CONTEXT(2) 
PARAMETRIC_REPRESENTATION_CONTEXT() REPRESENTATION_CONTEXT('2D SPACE',''
  ) );
#8199 = PCURVE('',#3978,#8200);
#8200 = DEFINITIONAL_REPRESENTATION('',(#8201),#8205);
#8201 = LINE('',#8202,#8203);
#8202 = CARTESIAN_POINT('',(0.,-8.));
#8203 = VECTOR('',#8204,1.);
#8204 = DIRECTION('',(1.,0.));
#8205 = ( GEOMETRIC_REPRESENTATION_CONTEXT(2) 
PARAMETRIC_REPRESENTATION_CONTEXT() REPRESENTATION_CONTEXT('2D SPACE',''
  ) );
#8206 = ORIENTED_EDGE('',*,*,#8207,.T.);
#8207 = EDGE_CURVE('',#8185,#8208,#8210,.T.);
#8208 = VERTEX_POINT('',#8209);
#8209 = CARTESIAN_POINT('',(8.,-0.87702194798,-11.24215426007));
#8210 = SURFACE_CURVE('',#8211,(#8215,#8222),.PCURVE_S1.);
#8211 = LINE('',#8212,#8213);
#8212 = CARTESIAN_POINT('',(8.,-0.83608775645,-10.71743706599));
#8213 = VECTOR('',#8214,1.);
#8214 = DIRECTION('',(0.,-7.777560525116E-02,-0.99697088986));
#8215 = PCURVE('',#72,#8216);
#8216 = DEFINITIONAL_REPRESENTATION('',(#8217),#8221);
#8217 = LINE('',#8218,#8219);
#8218 = CARTESIAN_POINT('',(-10.71743706599,0.83608775645));
#8219 = VECTOR('',#8220,1.);
#8220 = DIRECTION('',(-0.99697088986,7.777560525116E-02));
#8221 = ( GEOMETRIC_REPRESENTATION_CONTEXT(2) 
PARAMETRIC_REPRESENTATION_CONTEXT() REPRESENTATION_CONTEXT('2D SPACE',''
  ) );
#8222 = PCURVE('',#4006,#8223);
#8223 = DEFINITIONAL_REPRESENTATION('',(#8224),#8228);
#8224 = LINE('',#8225,#8226);
#8225 = CARTESIAN_POINT('',(0.,-8.));
#8226 = VECTOR('',#8227,1.);
#8227 = DIRECTION('',(1.,0.));
#8228 = ( GEOMETRIC_REPRESENTATION_CONTEXT(2) 
PARAMETRIC_REPRESENTATION_CONTEXT() REPRESENTATION_CONTEXT('2D SPACE',''
  ) );
#8229 = ORIENTED_EDGE('',*,*,#8230,.T.);
#8230 = EDGE_CURVE('',#8208,#8231,#8233,.T.);
#8231 = VERTEX_POINT('',#8232);
#8232 = CARTESIAN_POINT('',(8.,-0.325241277576,-12.99593082897));
#8233 = SURFACE_CURVE('',#8234,(#8244,#8257),.PCURVE_S1.);
#8234 = B_SPLINE_CURVE_WITH_KNOTS('',3,(#8235,#8236,#8237,#8238,#8239,
    #8240,#8241,#8242,#8243),.UNSPECIFIED.,.F.,.F.,(4,1,1,1,1,1,4),(0.,
    0.290524100267,0.58867032325,0.894177536695,1.207021205364,
    1.527193397443,1.854690543779),.UNSPECIFIED.);
#8235 = CARTESIAN_POINT('',(8.,-0.87702194798,-11.24215426007));
#8236 = CARTESIAN_POINT('',(8.,-0.877326208913,-11.33948240288));
#8237 = CARTESIAN_POINT('',(8.,-0.86157390126,-11.53524496581));
#8238 = CARTESIAN_POINT('',(8.,-0.799483280409,-11.82750018234));
#8239 = CARTESIAN_POINT('',(8.,-0.713346079538,-12.120772531));
#8240 = CARTESIAN_POINT('',(8.,-0.604389421178,-12.41429675899));
#8241 = CARTESIAN_POINT('',(8.,-0.475139254144,-12.70738021431));
#8242 = CARTESIAN_POINT('',(8.,-0.377119930223,-12.89990423114));
#8243 = CARTESIAN_POINT('',(8.,-0.325241277576,-12.99593082897));
#8244 = PCURVE('',#72,#8245);
#8245 = DEFINITIONAL_REPRESENTATION('',(#8246),#8256);
#8246 = B_SPLINE_CURVE_WITH_KNOTS('',3,(#8247,#8248,#8249,#8250,#8251,
    #8252,#8253,#8254,#8255),.UNSPECIFIED.,.F.,.F.,(4,1,1,1,1,1,4),(0.,
    0.290524100267,0.58867032325,0.894177536695,1.207021205364,
    1.527193397443,1.854690543779),.UNSPECIFIED.);
#8247 = CARTESIAN_POINT('',(-11.24215426007,0.87702194798));
#8248 = CARTESIAN_POINT('',(-11.33948240288,0.877326208913));
#8249 = CARTESIAN_POINT('',(-11.53524496581,0.86157390126));
#8250 = CARTESIAN_POINT('',(-11.82750018234,0.799483280409));
#8251 = CARTESIAN_POINT('',(-12.120772531,0.713346079538));
#8252 = CARTESIAN_POINT('',(-12.41429675899,0.604389421178));
#8253 = CARTESIAN_POINT('',(-12.70738021431,0.475139254144));
#8254 = CARTESIAN_POINT('',(-12.89990423114,0.377119930223));
#8255 = CARTESIAN_POINT('',(-12.99593082897,0.325241277576));
#8256 = ( GEOMETRIC_REPRESENTATION_CONTEXT(2) 
PARAMETRIC_REPRESENTATION_CONTEXT() REPRESENTATION_CONTEXT('2D SPACE',''
  ) );
#8257 = PCURVE('',#4046,#8258);
#8258 = DEFINITIONAL_REPRESENTATION('',(#8259),#8263);
#8259 = LINE('',#8260,#8261);
#8260 = CARTESIAN_POINT('',(0.,-8.));
#8261 = VECTOR('',#8262,1.);
#8262 = DIRECTION('',(1.,0.));
#8263 = ( GEOMETRIC_REPRESENTATION_CONTEXT(2) 
PARAMETRIC_REPRESENTATION_CONTEXT() REPRESENTATION_CONTEXT('2D SPACE',''
  ) );
#8264 = ORIENTED_EDGE('',*,*,#8265,.T.);
#8265 = EDGE_CURVE('',#8231,#8266,#8268,.T.);
#8266 = VERTEX_POINT('',#8267);
#8267 = CARTESIAN_POINT('',(8.,0.325241277576,-12.99593082897));
#8268 = SURFACE_CURVE('',#8269,(#8273,#8280),.PCURVE_S1.);
#8269 = LINE('',#8270,#8271);
#8270 = CARTESIAN_POINT('',(8.,-0.325241277576,-12.99593082897));
#8271 = VECTOR('',#8272,1.);
#8272 = DIRECTION('',(0.,1.,0.));
#8273 = PCURVE('',#72,#8274);
#8274 = DEFINITIONAL_REPRESENTATION('',(#8275),#8279);
#8275 = LINE('',#8276,#8277);
#8276 = CARTESIAN_POINT('',(-12.99593082897,0.325241277576));
#8277 = VECTOR('',#8278,1.);
#8278 = DIRECTION('',(0.,-1.));
#8279 = ( GEOMETRIC_REPRESENTATION_CONTEXT(2) 
PARAMETRIC_REPRESENTATION_CONTEXT() REPRESENTATION_CONTEXT('2D SPACE',''
  ) );
#8280 = PCURVE('',#4082,#8281);
#8281 = DEFINITIONAL_REPRESENTATION('',(#8282),#8286);
#8282 = LINE('',#8283,#8284);
#8283 = CARTESIAN_POINT('',(0.,-8.));
#8284 = VECTOR('',#8285,1.);
#8285 = DIRECTION('',(1.,0.));
#8286 = ( GEOMETRIC_REPRESENTATION_CONTEXT(2) 
PARAMETRIC_REPRESENTATION_CONTEXT() REPRESENTATION_CONTEXT('2D SPACE',''
  ) );
#8287 = ORIENTED_EDGE('',*,*,#8288,.T.);
#8288 = EDGE_CURVE('',#8266,#8289,#8291,.T.);
#8289 = VERTEX_POINT('',#8290);
#8290 = CARTESIAN_POINT('',(8.,0.87702194798,-11.24215426007));
#8291 = SURFACE_CURVE('',#8292,(#8302,#8315),.PCURVE_S1.);
#8292 = B_SPLINE_CURVE_WITH_KNOTS('',3,(#8293,#8294,#8295,#8296,#8297,
    #8298,#8299,#8300,#8301),.UNSPECIFIED.,.F.,.F.,(4,1,1,1,1,1,4),(0.,
    0.327497146337,0.647669338415,0.960513007084,1.266020220529,
    1.564166443513,1.854690543779),.UNSPECIFIED.);
#8293 = CARTESIAN_POINT('',(8.,0.325241277576,-12.99593082897));
#8294 = CARTESIAN_POINT('',(8.,0.377119930223,-12.89990423114));
#8295 = CARTESIAN_POINT('',(8.,0.475139254144,-12.70738021431));
#8296 = CARTESIAN_POINT('',(8.,0.604389421178,-12.41429675899));
#8297 = CARTESIAN_POINT('',(8.,0.713346079538,-12.120772531));
#8298 = CARTESIAN_POINT('',(8.,0.799483280409,-11.82750018234));
#8299 = CARTESIAN_POINT('',(8.,0.86157390126,-11.53524496581));
#8300 = CARTESIAN_POINT('',(8.,0.877326208913,-11.33948240288));
#8301 = CARTESIAN_POINT('',(8.,0.87702194798,-11.24215426007));
#8302 = PCURVE('',#72,#8303);
#8303 = DEFINITIONAL_REPRESENTATION('',(#8304),#8314);
#8304 = B_SPLINE_CURVE_WITH_KNOTS('',3,(#8305,#8306,#8307,#8308,#8309,
    #8310,#8311,#8312,#8313),.UNSPECIFIED.,.F.,.F.,(4,1,1,1,1,1,4),(0.,
    0.327497146337,0.647669338415,0.960513007084,1.266020220529,
    1.564166443513,1.854690543779),.UNSPECIFIED.);
#8305 = CARTESIAN_POINT('',(-12.99593082897,-0.325241277576));
#8306 = CARTESIAN_POINT('',(-12.89990423114,-0.377119930223));
#8307 = CARTESIAN_POINT('',(-12.70738021431,-0.475139254144));
#8308 = CARTESIAN_POINT('',(-12.41429675899,-0.604389421178));
#8309 = CARTESIAN_POINT('',(-12.120772531,-0.713346079538));
#8310 = CARTESIAN_POINT('',(-11.82750018234,-0.799483280409));
#8311 = CARTESIAN_POINT('',(-11.53524496581,-0.86157390126));
#8312 = CARTESIAN_POINT('',(-11.33948240288,-0.877326208913));
#8313 = CARTESIAN_POINT('',(-11.24215426007,-0.87702194798));
#8314 = ( GEOMETRIC_REPRESENTATION_CONTEXT(2) 
PARAMETRIC_REPRESENTATION_CONTEXT() REPRESENTATION_CONTEXT('2D SPACE',''
  ) );
#8315 = PCURVE('',#4122,#8316);
#8316 = DEFINITIONAL_REPRESENTATION('',(#8317),#8321);
#8317 = LINE('',#8318,#8319);
#8318 = CARTESIAN_POINT('',(0.,-8.));
#8319 = VECTOR('',#8320,1.);
#8320 = DIRECTION('',(1.,0.));
#8321 = ( GEOMETRIC_REPRESENTATION_CONTEXT(2) 
PARAMETRIC_REPRESENTATION_CONTEXT() REPRESENTATION_CONTEXT('2D SPACE',''
  ) );
#8322 = ORIENTED_EDGE('',*,*,#8323,.T.);
#8323 = EDGE_CURVE('',#8289,#8324,#8326,.T.);
#8324 = VERTEX_POINT('',#8325);
#8325 = CARTESIAN_POINT('',(8.,0.83608775645,-10.71743706599));
#8326 = SURFACE_CURVE('',#8327,(#8331,#8338),.PCURVE_S1.);
#8327 = LINE('',#8328,#8329);
#8328 = CARTESIAN_POINT('',(8.,0.87702194798,-11.24215426007));
#8329 = VECTOR('',#8330,1.);
#8330 = DIRECTION('',(0.,-7.777560525116E-02,0.99697088986));
#8331 = PCURVE('',#72,#8332);
#8332 = DEFINITIONAL_REPRESENTATION('',(#8333),#8337);
#8333 = LINE('',#8334,#8335);
#8334 = CARTESIAN_POINT('',(-11.24215426007,-0.87702194798));
#8335 = VECTOR('',#8336,1.);
#8336 = DIRECTION('',(0.99697088986,7.777560525116E-02));
#8337 = ( GEOMETRIC_REPRESENTATION_CONTEXT(2) 
PARAMETRIC_REPRESENTATION_CONTEXT() REPRESENTATION_CONTEXT('2D SPACE',''
  ) );
#8338 = PCURVE('',#4158,#8339);
#8339 = DEFINITIONAL_REPRESENTATION('',(#8340),#8344);
#8340 = LINE('',#8341,#8342);
#8341 = CARTESIAN_POINT('',(0.,-8.));
#8342 = VECTOR('',#8343,1.);
#8343 = DIRECTION('',(1.,0.));
#8344 = ( GEOMETRIC_REPRESENTATION_CONTEXT(2) 
PARAMETRIC_REPRESENTATION_CONTEXT() REPRESENTATION_CONTEXT('2D SPACE',''
  ) );
#8345 = ORIENTED_EDGE('',*,*,#8346,.T.);
#8346 = EDGE_CURVE('',#8324,#8347,#8349,.T.);
#8347 = VERTEX_POINT('',#8348);
#8348 = CARTESIAN_POINT('',(8.,1.966278070367,-10.56864468841));
#8349 = SURFACE_CURVE('',#8350,(#8354,#8361),.PCURVE_S1.);
#8350 = LINE('',#8351,#8352);
#8351 = CARTESIAN_POINT('',(8.,0.83608775645,-10.71743706599));
#8352 = VECTOR('',#8353,1.);
#8353 = DIRECTION('',(0.,0.991444861374,0.13052619222));
#8354 = PCURVE('',#72,#8355);
#8355 = DEFINITIONAL_REPRESENTATION('',(#8356),#8360);
#8356 = LINE('',#8357,#8358);
#8357 = CARTESIAN_POINT('',(-10.71743706599,-0.83608775645));
#8358 = VECTOR('',#8359,1.);
#8359 = DIRECTION('',(0.13052619222,-0.991444861374));
#8360 = ( GEOMETRIC_REPRESENTATION_CONTEXT(2) 
PARAMETRIC_REPRESENTATION_CONTEXT() REPRESENTATION_CONTEXT('2D SPACE',''
  ) );
#8361 = PCURVE('',#4186,#8362);
#8362 = DEFINITIONAL_REPRESENTATION('',(#8363),#8367);
#8363 = LINE('',#8364,#8365);
#8364 = CARTESIAN_POINT('',(0.,-8.));
#8365 = VECTOR('',#8366,1.);
#8366 = DIRECTION('',(1.,0.));
#8367 = ( GEOMETRIC_REPRESENTATION_CONTEXT(2) 
PARAMETRIC_REPRESENTATION_CONTEXT() REPRESENTATION_CONTEXT('2D SPACE',''
  ) );
#8368 = ORIENTED_EDGE('',*,*,#8369,.T.);
#8369 = EDGE_CURVE('',#8347,#8370,#8372,.T.);
#8370 = VERTEX_POINT('',#8371);
#8371 = CARTESIAN_POINT('',(8.,2.062545480712,-11.08607712604));
#8372 = SURFACE_CURVE('',#8373,(#8377,#8384),.PCURVE_S1.);
#8373 = LINE('',#8374,#8375);
#8374 = CARTESIAN_POINT('',(8.,1.966278070367,-10.56864468841));
#8375 = VECTOR('',#8376,1.);
#8376 = DIRECTION('',(0.,0.182909587941,-0.983129738457));
#8377 = PCURVE('',#72,#8378);
#8378 = DEFINITIONAL_REPRESENTATION('',(#8379),#8383);
#8379 = LINE('',#8380,#8381);
#8380 = CARTESIAN_POINT('',(-10.56864468841,-1.966278070367));
#8381 = VECTOR('',#8382,1.);
#8382 = DIRECTION('',(-0.983129738457,-0.182909587941));
#8383 = ( GEOMETRIC_REPRESENTATION_CONTEXT(2) 
PARAMETRIC_REPRESENTATION_CONTEXT() REPRESENTATION_CONTEXT('2D SPACE',''
  ) );
#8384 = PCURVE('',#4214,#8385);
#8385 = DEFINITIONAL_REPRESENTATION('',(#8386),#8390);
#8386 = LINE('',#8387,#8388);
#8387 = CARTESIAN_POINT('',(0.,-8.));
#8388 = VECTOR('',#8389,1.);
#8389 = DIRECTION('',(1.,0.));
#8390 = ( GEOMETRIC_REPRESENTATION_CONTEXT(2) 
PARAMETRIC_REPRESENTATION_CONTEXT() REPRESENTATION_CONTEXT('2D SPACE',''
  ) );
#8391 = ORIENTED_EDGE('',*,*,#8392,.T.);
#8392 = EDGE_CURVE('',#8370,#8393,#8395,.T.);
#8393 = VERTEX_POINT('',#8394);
#8394 = CARTESIAN_POINT('',(8.,3.049435457586,-12.63728386125));
#8395 = SURFACE_CURVE('',#8396,(#8406,#8419),.PCURVE_S1.);
#8396 = B_SPLINE_CURVE_WITH_KNOTS('',3,(#8397,#8398,#8399,#8400,#8401,
    #8402,#8403,#8404,#8405),.UNSPECIFIED.,.F.,.F.,(4,1,1,1,1,1,4),(0.,
    0.290524100267,0.58867032325,0.894177536695,1.207021205364,
    1.527193397443,1.854690543779),.UNSPECIFIED.);
#8397 = CARTESIAN_POINT('',(8.,2.062545480712,-11.08607712604));
#8398 = CARTESIAN_POINT('',(8.,2.087441964201,-11.18016764132));
#8399 = CARTESIAN_POINT('',(8.,2.153324604593,-11.36518275946));
#8400 = CARTESIAN_POINT('',(8.,2.28894075491,-11.63140938577));
#8401 = CARTESIAN_POINT('',(8.,2.448047371072,-11.8923947734));
#8402 = CARTESIAN_POINT('',(8.,2.629261081731,-12.14771734759));
#8403 = CARTESIAN_POINT('',(8.,2.829962736161,-12.39736182152));
#8404 = CARTESIAN_POINT('',(8.,2.974471014809,-12.55795647374));
#8405 = CARTESIAN_POINT('',(8.,3.049435457586,-12.63728386125));
#8406 = PCURVE('',#72,#8407);
#8407 = DEFINITIONAL_REPRESENTATION('',(#8408),#8418);
#8408 = B_SPLINE_CURVE_WITH_KNOTS('',3,(#8409,#8410,#8411,#8412,#8413,
    #8414,#8415,#8416,#8417),.UNSPECIFIED.,.F.,.F.,(4,1,1,1,1,1,4),(0.,
    0.290524100267,0.58867032325,0.894177536695,1.207021205364,
    1.527193397443,1.854690543779),.UNSPECIFIED.);
#8409 = CARTESIAN_POINT('',(-11.08607712604,-2.062545480712));
#8410 = CARTESIAN_POINT('',(-11.18016764132,-2.087441964201));
#8411 = CARTESIAN_POINT('',(-11.36518275946,-2.153324604593));
#8412 = CARTESIAN_POINT('',(-11.63140938577,-2.28894075491));
#8413 = CARTESIAN_POINT('',(-11.8923947734,-2.448047371072));
#8414 = CARTESIAN_POINT('',(-12.14771734759,-2.629261081731));
#8415 = CARTESIAN_POINT('',(-12.39736182152,-2.829962736161));
#8416 = CARTESIAN_POINT('',(-12.55795647374,-2.974471014809));
#8417 = CARTESIAN_POINT('',(-12.63728386125,-3.049435457586));
#8418 = ( GEOMETRIC_REPRESENTATION_CONTEXT(2) 
PARAMETRIC_REPRESENTATION_CONTEXT() REPRESENTATION_CONTEXT('2D SPACE',''
  ) );
#8419 = PCURVE('',#4254,#8420);
#8420 = DEFINITIONAL_REPRESENTATION('',(#8421),#8425);
#8421 = LINE('',#8422,#8423);
#8422 = CARTESIAN_POINT('',(0.,-8.));
#8423 = VECTOR('',#8424,1.);
#8424 = DIRECTION('',(1.,0.));
#8425 = ( GEOMETRIC_REPRESENTATION_CONTEXT(2) 
PARAMETRIC_REPRESENTATION_CONTEXT() REPRESENTATION_CONTEXT('2D SPACE',''
  ) );
#8426 = ORIENTED_EDGE('',*,*,#8427,.T.);
#8427 = EDGE_CURVE('',#8393,#8428,#8430,.T.);
#8428 = VERTEX_POINT('',#8429);
#8429 = CARTESIAN_POINT('',(8.,3.677753357158,-12.46892658747));
#8430 = SURFACE_CURVE('',#8431,(#8435,#8442),.PCURVE_S1.);
#8431 = LINE('',#8432,#8433);
#8432 = CARTESIAN_POINT('',(8.,3.049435457586,-12.63728386125));
#8433 = VECTOR('',#8434,1.);
#8434 = DIRECTION('',(0.,0.965925826289,0.258819045103));
#8435 = PCURVE('',#72,#8436);
#8436 = DEFINITIONAL_REPRESENTATION('',(#8437),#8441);
#8437 = LINE('',#8438,#8439);
#8438 = CARTESIAN_POINT('',(-12.63728386125,-3.049435457586));
#8439 = VECTOR('',#8440,1.);
#8440 = DIRECTION('',(0.258819045103,-0.965925826289));
#8441 = ( GEOMETRIC_REPRESENTATION_CONTEXT(2) 
PARAMETRIC_REPRESENTATION_CONTEXT() REPRESENTATION_CONTEXT('2D SPACE',''
  ) );
#8442 = PCURVE('',#4290,#8443);
#8443 = DEFINITIONAL_REPRESENTATION('',(#8444),#8448);
#8444 = LINE('',#8445,#8446);
#8445 = CARTESIAN_POINT('',(0.,-8.));
#8446 = VECTOR('',#8447,1.);
#8447 = DIRECTION('',(1.,0.));
#8448 = ( GEOMETRIC_REPRESENTATION_CONTEXT(2) 
PARAMETRIC_REPRESENTATION_CONTEXT() REPRESENTATION_CONTEXT('2D SPACE',''
  ) );
#8449 = ORIENTED_EDGE('',*,*,#8450,.T.);
#8450 = EDGE_CURVE('',#8428,#8451,#8453,.T.);
#8451 = VERTEX_POINT('',#8452);
#8452 = CARTESIAN_POINT('',(8.,3.756821780264,-10.63209715982));
#8453 = SURFACE_CURVE('',#8454,(#8464,#8477),.PCURVE_S1.);
#8454 = B_SPLINE_CURVE_WITH_KNOTS('',3,(#8455,#8456,#8457,#8458,#8459,
    #8460,#8461,#8462,#8463),.UNSPECIFIED.,.F.,.F.,(4,1,1,1,1,1,4),(0.,
    0.327497146337,0.647669338415,0.960513007084,1.266020220529,
    1.564166443513,1.854690543779),.UNSPECIFIED.);
#8455 = CARTESIAN_POINT('',(8.,3.677753357158,-12.46892658747));
#8456 = CARTESIAN_POINT('',(8.,3.70301077523,-12.36274483329));
#8457 = CARTESIAN_POINT('',(8.,3.747861289485,-12.15141164543));
#8458 = CARTESIAN_POINT('',(8.,3.796851783834,-11.83486236187));
#8459 = CARTESIAN_POINT('',(8.,3.826126173688,-11.52313967114));
#8460 = CARTESIAN_POINT('',(8.,3.833423851378,-11.21756638735));
#8461 = CARTESIAN_POINT('',(8.,3.81775756956,-10.91919929064));
#8462 = CARTESIAN_POINT('',(8.,3.78230605074,-10.72603017805));
#8463 = CARTESIAN_POINT('',(8.,3.756821780264,-10.63209715982));
#8464 = PCURVE('',#72,#8465);
#8465 = DEFINITIONAL_REPRESENTATION('',(#8466),#8476);
#8466 = B_SPLINE_CURVE_WITH_KNOTS('',3,(#8467,#8468,#8469,#8470,#8471,
    #8472,#8473,#8474,#8475),.UNSPECIFIED.,.F.,.F.,(4,1,1,1,1,1,4),(0.,
    0.327497146337,0.647669338415,0.960513007084,1.266020220529,
    1.564166443513,1.854690543779),.UNSPECIFIED.);
#8467 = CARTESIAN_POINT('',(-12.46892658747,-3.677753357158));
#8468 = CARTESIAN_POINT('',(-12.36274483329,-3.70301077523));
#8469 = CARTESIAN_POINT('',(-12.15141164543,-3.747861289485));
#8470 = CARTESIAN_POINT('',(-11.83486236187,-3.796851783834));
#8471 = CARTESIAN_POINT('',(-11.52313967114,-3.826126173688));
#8472 = CARTESIAN_POINT('',(-11.21756638735,-3.833423851378));
#8473 = CARTESIAN_POINT('',(-10.91919929064,-3.81775756956));
#8474 = CARTESIAN_POINT('',(-10.72603017805,-3.78230605074));
#8475 = CARTESIAN_POINT('',(-10.63209715982,-3.756821780264));
#8476 = ( GEOMETRIC_REPRESENTATION_CONTEXT(2) 
PARAMETRIC_REPRESENTATION_CONTEXT() REPRESENTATION_CONTEXT('2D SPACE',''
  ) );
#8477 = PCURVE('',#4330,#8478);
#8478 = DEFINITIONAL_REPRESENTATION('',(#8479),#8483);
#8479 = LINE('',#8480,#8481);
#8480 = CARTESIAN_POINT('',(0.,-8.));
#8481 = VECTOR('',#8482,1.);
#8482 = DIRECTION('',(1.,0.));
#8483 = ( GEOMETRIC_REPRESENTATION_CONTEXT(2) 
PARAMETRIC_REPRESENTATION_CONTEXT() REPRESENTATION_CONTEXT('2D SPACE',''
  ) );
#8484 = ORIENTED_EDGE('',*,*,#8485,.T.);
#8485 = EDGE_CURVE('',#8451,#8486,#8488,.T.);
#8486 = VERTEX_POINT('',#8487);
#8487 = CARTESIAN_POINT('',(8.,3.581475584366,-10.13585381892));
#8488 = SURFACE_CURVE('',#8489,(#8493,#8500),.PCURVE_S1.);
#8489 = LINE('',#8490,#8491);
#8490 = CARTESIAN_POINT('',(8.,3.756821780264,-10.63209715982));
#8491 = VECTOR('',#8492,1.);
#8492 = DIRECTION('',(0.,-0.333160519476,0.942870122691));
#8493 = PCURVE('',#72,#8494);
#8494 = DEFINITIONAL_REPRESENTATION('',(#8495),#8499);
#8495 = LINE('',#8496,#8497);
#8496 = CARTESIAN_POINT('',(-10.63209715982,-3.756821780264));
#8497 = VECTOR('',#8498,1.);
#8498 = DIRECTION('',(0.942870122691,0.333160519476));
#8499 = ( GEOMETRIC_REPRESENTATION_CONTEXT(2) 
PARAMETRIC_REPRESENTATION_CONTEXT() REPRESENTATION_CONTEXT('2D SPACE',''
  ) );
#8500 = PCURVE('',#4366,#8501);
#8501 = DEFINITIONAL_REPRESENTATION('',(#8502),#8506);
#8502 = LINE('',#8503,#8504);
#8503 = CARTESIAN_POINT('',(0.,-8.));
#8504 = VECTOR('',#8505,1.);
#8505 = DIRECTION('',(1.,0.));
#8506 = ( GEOMETRIC_REPRESENTATION_CONTEXT(2) 
PARAMETRIC_REPRESENTATION_CONTEXT() REPRESENTATION_CONTEXT('2D SPACE',''
  ) );
#8507 = ORIENTED_EDGE('',*,*,#8508,.T.);
#8508 = EDGE_CURVE('',#8486,#8509,#8511,.T.);
#8509 = VERTEX_POINT('',#8510);
#8510 = CARTESIAN_POINT('',(8.,4.634645296118,-9.699616640836));
#8511 = SURFACE_CURVE('',#8512,(#8516,#8523),.PCURVE_S1.);
#8512 = LINE('',#8513,#8514);
#8513 = CARTESIAN_POINT('',(8.,3.581475584366,-10.13585381892));
#8514 = VECTOR('',#8515,1.);
#8515 = DIRECTION('',(0.,0.923879532511,0.382683432365));
#8516 = PCURVE('',#72,#8517);
#8517 = DEFINITIONAL_REPRESENTATION('',(#8518),#8522);
#8518 = LINE('',#8519,#8520);
#8519 = CARTESIAN_POINT('',(-10.13585381892,-3.581475584366));
#8520 = VECTOR('',#8521,1.);
#8521 = DIRECTION('',(0.382683432365,-0.923879532511));
#8522 = ( GEOMETRIC_REPRESENTATION_CONTEXT(2) 
PARAMETRIC_REPRESENTATION_CONTEXT() REPRESENTATION_CONTEXT('2D SPACE',''
  ) );
#8523 = PCURVE('',#4394,#8524);
#8524 = DEFINITIONAL_REPRESENTATION('',(#8525),#8529);
#8525 = LINE('',#8526,#8527);
#8526 = CARTESIAN_POINT('',(0.,-8.));
#8527 = VECTOR('',#8528,1.);
#8528 = DIRECTION('',(1.,0.));
#8529 = ( GEOMETRIC_REPRESENTATION_CONTEXT(2) 
PARAMETRIC_REPRESENTATION_CONTEXT() REPRESENTATION_CONTEXT('2D SPACE',''
  ) );
#8530 = ORIENTED_EDGE('',*,*,#8531,.T.);
#8531 = EDGE_CURVE('',#8509,#8532,#8534,.T.);
#8532 = VERTEX_POINT('',#8533);
#8533 = CARTESIAN_POINT('',(8.,4.86155384341,-10.17450215647));
#8534 = SURFACE_CURVE('',#8535,(#8539,#8546),.PCURVE_S1.);
#8535 = LINE('',#8536,#8537);
#8536 = CARTESIAN_POINT('',(8.,4.634645296118,-9.699616640836));
#8537 = VECTOR('',#8538,1.);
#8538 = DIRECTION('',(0.,0.431129794988,-0.902289920078));
#8539 = PCURVE('',#72,#8540);
#8540 = DEFINITIONAL_REPRESENTATION('',(#8541),#8545);
#8541 = LINE('',#8542,#8543);
#8542 = CARTESIAN_POINT('',(-9.699616640836,-4.634645296118));
#8543 = VECTOR('',#8544,1.);
#8544 = DIRECTION('',(-0.902289920078,-0.431129794988));
#8545 = ( GEOMETRIC_REPRESENTATION_CONTEXT(2) 
PARAMETRIC_REPRESENTATION_CONTEXT() REPRESENTATION_CONTEXT('2D SPACE',''
  ) );
#8546 = PCURVE('',#4422,#8547);
#8547 = DEFINITIONAL_REPRESENTATION('',(#8548),#8552);
#8548 = LINE('',#8549,#8550);
#8549 = CARTESIAN_POINT('',(0.,-8.));
#8550 = VECTOR('',#8551,1.);
#8551 = DIRECTION('',(1.,0.));
#8552 = ( GEOMETRIC_REPRESENTATION_CONTEXT(2) 
PARAMETRIC_REPRESENTATION_CONTEXT() REPRESENTATION_CONTEXT('2D SPACE',''
  ) );
#8553 = ORIENTED_EDGE('',*,*,#8554,.T.);
#8554 = EDGE_CURVE('',#8532,#8555,#8557,.T.);
#8555 = VERTEX_POINT('',#8556);
#8556 = CARTESIAN_POINT('',(8.,6.216298205745,-11.4174268825));
#8557 = SURFACE_CURVE('',#8558,(#8568,#8581),.PCURVE_S1.);
#8558 = B_SPLINE_CURVE_WITH_KNOTS('',3,(#8559,#8560,#8561,#8562,#8563,
    #8564,#8565,#8566,#8567),.UNSPECIFIED.,.F.,.F.,(4,1,1,1,1,1,4),(0.,
    0.290524100267,0.58867032325,0.894177536695,1.207021205364,
    1.527193397443,1.854690543779),.UNSPECIFIED.);
#8559 = CARTESIAN_POINT('',(8.,4.86155384341,-10.17450215647));
#8560 = CARTESIAN_POINT('',(8.,4.909954417116,-10.25894293111));
#8561 = CARTESIAN_POINT('',(8.,5.02147759718,-10.4206021299));
#8562 = CARTESIAN_POINT('',(8.,5.221377260436,-10.64265726137));
#8563 = CARTESIAN_POINT('',(8.,5.442610438933,-10.85356996511));
#8564 = CARTESIAN_POINT('',(8.,5.68373178698,-11.05329107399));
#8565 = CARTESIAN_POINT('',(8.,5.942207442732,-11.24248370821));
#8566 = CARTESIAN_POINT('',(8.,6.123356675727,-11.36020473567));
#8567 = CARTESIAN_POINT('',(8.,6.216298205745,-11.4174268825));
#8568 = PCURVE('',#72,#8569);
#8569 = DEFINITIONAL_REPRESENTATION('',(#8570),#8580);
#8570 = B_SPLINE_CURVE_WITH_KNOTS('',3,(#8571,#8572,#8573,#8574,#8575,
    #8576,#8577,#8578,#8579),.UNSPECIFIED.,.F.,.F.,(4,1,1,1,1,1,4),(0.,
    0.290524100267,0.58867032325,0.894177536695,1.207021205364,
    1.527193397443,1.854690543779),.UNSPECIFIED.);
#8571 = CARTESIAN_POINT('',(-10.17450215647,-4.86155384341));
#8572 = CARTESIAN_POINT('',(-10.25894293111,-4.909954417116));
#8573 = CARTESIAN_POINT('',(-10.4206021299,-5.02147759718));
#8574 = CARTESIAN_POINT('',(-10.64265726137,-5.221377260436));
#8575 = CARTESIAN_POINT('',(-10.85356996511,-5.442610438933));
#8576 = CARTESIAN_POINT('',(-11.05329107399,-5.68373178698));
#8577 = CARTESIAN_POINT('',(-11.24248370821,-5.942207442732));
#8578 = CARTESIAN_POINT('',(-11.36020473567,-6.123356675727));
#8579 = CARTESIAN_POINT('',(-11.4174268825,-6.216298205745));
#8580 = ( GEOMETRIC_REPRESENTATION_CONTEXT(2) 
PARAMETRIC_REPRESENTATION_CONTEXT() REPRESENTATION_CONTEXT('2D SPACE',''
  ) );
#8581 = PCURVE('',#4462,#8582);
#8582 = DEFINITIONAL_REPRESENTATION('',(#8583),#8587);
#8583 = LINE('',#8584,#8585);
#8584 = CARTESIAN_POINT('',(0.,-8.));
#8585 = VECTOR('',#8586,1.);
#8586 = DIRECTION('',(1.,0.));
#8587 = ( GEOMETRIC_REPRESENTATION_CONTEXT(2) 
PARAMETRIC_REPRESENTATION_CONTEXT() REPRESENTATION_CONTEXT('2D SPACE',''
  ) );
#8588 = ORIENTED_EDGE('',*,*,#8589,.T.);
#8589 = EDGE_CURVE('',#8555,#8590,#8592,.T.);
#8590 = VERTEX_POINT('',#8591);
#8591 = CARTESIAN_POINT('',(8.,6.779632623225,-11.09218560492));
#8592 = SURFACE_CURVE('',#8593,(#8597,#8604),.PCURVE_S1.);
#8593 = LINE('',#8594,#8595);
#8594 = CARTESIAN_POINT('',(8.,6.216298205745,-11.4174268825));
#8595 = VECTOR('',#8596,1.);
#8596 = DIRECTION('',(0.,0.866025403784,0.5));
#8597 = PCURVE('',#72,#8598);
#8598 = DEFINITIONAL_REPRESENTATION('',(#8599),#8603);
#8599 = LINE('',#8600,#8601);
#8600 = CARTESIAN_POINT('',(-11.4174268825,-6.216298205745));
#8601 = VECTOR('',#8602,1.);
#8602 = DIRECTION('',(0.5,-0.866025403784));
#8603 = ( GEOMETRIC_REPRESENTATION_CONTEXT(2) 
PARAMETRIC_REPRESENTATION_CONTEXT() REPRESENTATION_CONTEXT('2D SPACE',''
  ) );
#8604 = PCURVE('',#4498,#8605);
#8605 = DEFINITIONAL_REPRESENTATION('',(#8606),#8610);
#8606 = LINE('',#8607,#8608);
#8607 = CARTESIAN_POINT('',(0.,-8.));
#8608 = VECTOR('',#8609,1.);
#8609 = DIRECTION('',(1.,0.));
#8610 = ( GEOMETRIC_REPRESENTATION_CONTEXT(2) 
PARAMETRIC_REPRESENTATION_CONTEXT() REPRESENTATION_CONTEXT('2D SPACE',''
  ) );
#8611 = ORIENTED_EDGE('',*,*,#8612,.T.);
#8612 = EDGE_CURVE('',#8590,#8613,#8615,.T.);
#8613 = VERTEX_POINT('',#8614);
#8614 = CARTESIAN_POINT('',(8.,6.380600416665,-9.297480208499));
#8615 = SURFACE_CURVE('',#8616,(#8626,#8639),.PCURVE_S1.);
#8616 = B_SPLINE_CURVE_WITH_KNOTS('',3,(#8617,#8618,#8619,#8620,#8621,
    #8622,#8623,#8624,#8625),.UNSPECIFIED.,.F.,.F.,(4,1,1,1,1,1,4),(0.,
    0.327497146337,0.647669338415,0.960513007084,1.266020220529,
    1.564166443513,1.854690543779),.UNSPECIFIED.);
#8617 = CARTESIAN_POINT('',(8.,6.779632623225,-11.09218560492));
#8618 = CARTESIAN_POINT('',(8.,6.776547555419,-10.98308480544));
#8619 = CARTESIAN_POINT('',(8.,6.76517277158,-10.76734445407));
#8620 = CARTESIAN_POINT('',(8.,6.730564972017,-10.44890165282));
#8621 = CARTESIAN_POINT('',(8.,6.678162092073,-10.14022388557));
#8622 = CARTESIAN_POINT('',(8.,6.606122921907,-9.84317398097));
#8623 = CARTESIAN_POINT('',(8.,6.513767368637,-9.559028228644));
#8624 = CARTESIAN_POINT('',(8.,6.429527985766,-9.381616722205));
#8625 = CARTESIAN_POINT('',(8.,6.380600416665,-9.297480208499));
#8626 = PCURVE('',#72,#8627);
#8627 = DEFINITIONAL_REPRESENTATION('',(#8628),#8638);
#8628 = B_SPLINE_CURVE_WITH_KNOTS('',3,(#8629,#8630,#8631,#8632,#8633,
    #8634,#8635,#8636,#8637),.UNSPECIFIED.,.F.,.F.,(4,1,1,1,1,1,4),(0.,
    0.327497146337,0.647669338415,0.960513007084,1.266020220529,
    1.564166443513,1.854690543779),.UNSPECIFIED.);
#8629 = CARTESIAN_POINT('',(-11.09218560492,-6.779632623225));
#8630 = CARTESIAN_POINT('',(-10.98308480544,-6.776547555419));
#8631 = CARTESIAN_POINT('',(-10.76734445407,-6.76517277158));
#8632 = CARTESIAN_POINT('',(-10.44890165282,-6.730564972017));
#8633 = CARTESIAN_POINT('',(-10.14022388557,-6.678162092073));
#8634 = CARTESIAN_POINT('',(-9.84317398097,-6.606122921907));
#8635 = CARTESIAN_POINT('',(-9.559028228644,-6.513767368637));
#8636 = CARTESIAN_POINT('',(-9.381616722205,-6.429527985766));
#8637 = CARTESIAN_POINT('',(-9.297480208499,-6.380600416665));
#8638 = ( GEOMETRIC_REPRESENTATION_CONTEXT(2) 
PARAMETRIC_REPRESENTATION_CONTEXT() REPRESENTATION_CONTEXT('2D SPACE',''
  ) );
#8639 = PCURVE('',#4538,#8640);
#8640 = DEFINITIONAL_REPRESENTATION('',(#8641),#8645);
#8641 = LINE('',#8642,#8643);
#8642 = CARTESIAN_POINT('',(0.,-8.));
#8643 = VECTOR('',#8644,1.);
#8644 = DIRECTION('',(1.,0.));
#8645 = ( GEOMETRIC_REPRESENTATION_CONTEXT(2) 
PARAMETRIC_REPRESENTATION_CONTEXT() REPRESENTATION_CONTEXT('2D SPACE',''
  ) );
#8646 = ORIENTED_EDGE('',*,*,#8647,.T.);
#8647 = EDGE_CURVE('',#8613,#8648,#8650,.T.);
#8648 = VERTEX_POINT('',#8649);
#8649 = CARTESIAN_POINT('',(8.,6.082791769875,-8.863528884386));
#8650 = SURFACE_CURVE('',#8651,(#8655,#8662),.PCURVE_S1.);
#8651 = LINE('',#8652,#8653);
#8652 = CARTESIAN_POINT('',(8.,6.380600416665,-9.297480208499));
#8653 = VECTOR('',#8654,1.);
#8654 = DIRECTION('',(0.,-0.565841094872,0.824514314827));
#8655 = PCURVE('',#72,#8656);
#8656 = DEFINITIONAL_REPRESENTATION('',(#8657),#8661);
#8657 = LINE('',#8658,#8659);
#8658 = CARTESIAN_POINT('',(-9.297480208499,-6.380600416665));
#8659 = VECTOR('',#8660,1.);
#8660 = DIRECTION('',(0.824514314827,0.565841094872));
#8661 = ( GEOMETRIC_REPRESENTATION_CONTEXT(2) 
PARAMETRIC_REPRESENTATION_CONTEXT() REPRESENTATION_CONTEXT('2D SPACE',''
  ) );
#8662 = PCURVE('',#4574,#8663);
#8663 = DEFINITIONAL_REPRESENTATION('',(#8664),#8668);
#8664 = LINE('',#8665,#8666);
#8665 = CARTESIAN_POINT('',(0.,-8.));
#8666 = VECTOR('',#8667,1.);
#8667 = DIRECTION('',(1.,0.));
#8668 = ( GEOMETRIC_REPRESENTATION_CONTEXT(2) 
PARAMETRIC_REPRESENTATION_CONTEXT() REPRESENTATION_CONTEXT('2D SPACE',''
  ) );
#8669 = ORIENTED_EDGE('',*,*,#8670,.T.);
#8670 = EDGE_CURVE('',#8648,#8671,#8673,.T.);
#8671 = VERTEX_POINT('',#8672);
#8672 = CARTESIAN_POINT('',(8.,6.987169104051,-8.169575748556));
#8673 = SURFACE_CURVE('',#8674,(#8678,#8685),.PCURVE_S1.);
#8674 = LINE('',#8675,#8676);
#8675 = CARTESIAN_POINT('',(8.,6.082791769875,-8.863528884386));
#8676 = VECTOR('',#8677,1.);
#8677 = DIRECTION('',(0.,0.793353340291,0.608761429009));
#8678 = PCURVE('',#72,#8679);
#8679 = DEFINITIONAL_REPRESENTATION('',(#8680),#8684);
#8680 = LINE('',#8681,#8682);
#8681 = CARTESIAN_POINT('',(-8.863528884386,-6.082791769875));
#8682 = VECTOR('',#8683,1.);
#8683 = DIRECTION('',(0.608761429009,-0.793353340291));
#8684 = ( GEOMETRIC_REPRESENTATION_CONTEXT(2) 
PARAMETRIC_REPRESENTATION_CONTEXT() REPRESENTATION_CONTEXT('2D SPACE',''
  ) );
#8685 = PCURVE('',#4602,#8686);
#8686 = DEFINITIONAL_REPRESENTATION('',(#8687),#8691);
#8687 = LINE('',#8688,#8689);
#8688 = CARTESIAN_POINT('',(0.,-8.));
#8689 = VECTOR('',#8690,1.);
#8690 = DIRECTION('',(1.,0.));
#8691 = ( GEOMETRIC_REPRESENTATION_CONTEXT(2) 
PARAMETRIC_REPRESENTATION_CONTEXT() REPRESENTATION_CONTEXT('2D SPACE',''
  ) );
#8692 = ORIENTED_EDGE('',*,*,#8693,.T.);
#8693 = EDGE_CURVE('',#8671,#8694,#8696,.T.);
#8694 = VERTEX_POINT('',#8695);
#8695 = CARTESIAN_POINT('',(8.,7.329255345778,-8.569551679111));
#8696 = SURFACE_CURVE('',#8697,(#8701,#8708),.PCURVE_S1.);
#8697 = LINE('',#8698,#8699);
#8698 = CARTESIAN_POINT('',(8.,6.987169104051,-8.169575748556));
#8699 = VECTOR('',#8700,1.);
#8700 = DIRECTION('',(0.,0.649969218981,-0.759960534749));
#8701 = PCURVE('',#72,#8702);
#8702 = DEFINITIONAL_REPRESENTATION('',(#8703),#8707);
#8703 = LINE('',#8704,#8705);
#8704 = CARTESIAN_POINT('',(-8.169575748556,-6.987169104051));
#8705 = VECTOR('',#8706,1.);
#8706 = DIRECTION('',(-0.759960534749,-0.649969218981));
#8707 = ( GEOMETRIC_REPRESENTATION_CONTEXT(2) 
PARAMETRIC_REPRESENTATION_CONTEXT() REPRESENTATION_CONTEXT('2D SPACE',''
  ) );
#8708 = PCURVE('',#4630,#8709);
#8709 = DEFINITIONAL_REPRESENTATION('',(#8710),#8714);
#8710 = LINE('',#8711,#8712);
#8711 = CARTESIAN_POINT('',(0.,-8.));
#8712 = VECTOR('',#8713,1.);
#8713 = DIRECTION('',(1.,0.));
#8714 = ( GEOMETRIC_REPRESENTATION_CONTEXT(2) 
PARAMETRIC_REPRESENTATION_CONTEXT() REPRESENTATION_CONTEXT('2D SPACE',''
  ) );
#8715 = ORIENTED_EDGE('',*,*,#8716,.T.);
#8716 = EDGE_CURVE('',#8694,#8717,#8719,.T.);
#8717 = VERTEX_POINT('',#8718);
#8718 = CARTESIAN_POINT('',(8.,8.9595305041,-9.419491129892));
#8719 = SURFACE_CURVE('',#8720,(#8730,#8743),.PCURVE_S1.);
#8720 = B_SPLINE_CURVE_WITH_KNOTS('',3,(#8721,#8722,#8723,#8724,#8725,
    #8726,#8727,#8728,#8729),.UNSPECIFIED.,.F.,.F.,(4,1,1,1,1,1,4),(0.,
    0.290524100267,0.58867032325,0.894177536695,1.207021205364,
    1.527193397443,1.854690543779),.UNSPECIFIED.);
#8721 = CARTESIAN_POINT('',(8.,7.329255345778,-8.569551679111));
#8722 = CARTESIAN_POINT('',(8.,7.397861590587,-8.638588213858));
#8723 = CARTESIAN_POINT('',(8.,7.547425189903,-8.765874686051));
#8724 = CARTESIAN_POINT('',(8.,7.797985534397,-8.928625632443));
#8725 = CARTESIAN_POINT('',(8.,8.06626859972,-9.075092300069));
#8726 = CARTESIAN_POINT('',(8.,8.350865563757,-9.205601280141));
#8727 = CARTESIAN_POINT('',(8.,8.649500532042,-9.321448909269));
#8728 = CARTESIAN_POINT('',(8.,8.854945698519,-9.388273818481));
#8729 = CARTESIAN_POINT('',(8.,8.9595305041,-9.419491129892));
#8730 = PCURVE('',#72,#8731);
#8731 = DEFINITIONAL_REPRESENTATION('',(#8732),#8742);
#8732 = B_SPLINE_CURVE_WITH_KNOTS('',3,(#8733,#8734,#8735,#8736,#8737,
    #8738,#8739,#8740,#8741),.UNSPECIFIED.,.F.,.F.,(4,1,1,1,1,1,4),(0.,
    0.290524100267,0.58867032325,0.894177536695,1.207021205364,
    1.527193397443,1.854690543779),.UNSPECIFIED.);
#8733 = CARTESIAN_POINT('',(-8.569551679111,-7.329255345778));
#8734 = CARTESIAN_POINT('',(-8.638588213858,-7.397861590587));
#8735 = CARTESIAN_POINT('',(-8.765874686051,-7.547425189903));
#8736 = CARTESIAN_POINT('',(-8.928625632443,-7.797985534397));
#8737 = CARTESIAN_POINT('',(-9.075092300069,-8.06626859972));
#8738 = CARTESIAN_POINT('',(-9.205601280141,-8.350865563757));
#8739 = CARTESIAN_POINT('',(-9.321448909269,-8.649500532042));
#8740 = CARTESIAN_POINT('',(-9.388273818481,-8.854945698519));
#8741 = CARTESIAN_POINT('',(-9.419491129892,-8.9595305041));
#8742 = ( GEOMETRIC_REPRESENTATION_CONTEXT(2) 
PARAMETRIC_REPRESENTATION_CONTEXT() REPRESENTATION_CONTEXT('2D SPACE',''
  ) );
#8743 = PCURVE('',#4670,#8744);
#8744 = DEFINITIONAL_REPRESENTATION('',(#8745),#8749);
#8745 = LINE('',#8746,#8747);
#8746 = CARTESIAN_POINT('',(0.,-8.));
#8747 = VECTOR('',#8748,1.);
#8748 = DIRECTION('',(1.,0.));
#8749 = ( GEOMETRIC_REPRESENTATION_CONTEXT(2) 
PARAMETRIC_REPRESENTATION_CONTEXT() REPRESENTATION_CONTEXT('2D SPACE',''
  ) );
#8750 = ORIENTED_EDGE('',*,*,#8751,.T.);
#8751 = EDGE_CURVE('',#8717,#8752,#8754,.T.);
#8752 = VERTEX_POINT('',#8753);
#8753 = CARTESIAN_POINT('',(8.,9.419491129892,-8.9595305041));
#8754 = SURFACE_CURVE('',#8755,(#8759,#8766),.PCURVE_S1.);
#8755 = LINE('',#8756,#8757);
#8756 = CARTESIAN_POINT('',(8.,8.9595305041,-9.419491129892));
#8757 = VECTOR('',#8758,1.);
#8758 = DIRECTION('',(0.,0.707106781187,0.707106781187));
#8759 = PCURVE('',#72,#8760);
#8760 = DEFINITIONAL_REPRESENTATION('',(#8761),#8765);
#8761 = LINE('',#8762,#8763);
#8762 = CARTESIAN_POINT('',(-9.419491129892,-8.9595305041));
#8763 = VECTOR('',#8764,1.);
#8764 = DIRECTION('',(0.707106781187,-0.707106781187));
#8765 = ( GEOMETRIC_REPRESENTATION_CONTEXT(2) 
PARAMETRIC_REPRESENTATION_CONTEXT() REPRESENTATION_CONTEXT('2D SPACE',''
  ) );
#8766 = PCURVE('',#4706,#8767);
#8767 = DEFINITIONAL_REPRESENTATION('',(#8768),#8772);
#8768 = LINE('',#8769,#8770);
#8769 = CARTESIAN_POINT('',(0.,-8.));
#8770 = VECTOR('',#8771,1.);
#8771 = DIRECTION('',(1.,0.));
#8772 = ( GEOMETRIC_REPRESENTATION_CONTEXT(2) 
PARAMETRIC_REPRESENTATION_CONTEXT() REPRESENTATION_CONTEXT('2D SPACE',''
  ) );
#8773 = ORIENTED_EDGE('',*,*,#8774,.T.);
#8774 = EDGE_CURVE('',#8752,#8775,#8777,.T.);
#8775 = VERTEX_POINT('',#8776);
#8776 = CARTESIAN_POINT('',(8.,8.569551679111,-7.329255345778));
#8777 = SURFACE_CURVE('',#8778,(#8788,#8801),.PCURVE_S1.);
#8778 = B_SPLINE_CURVE_WITH_KNOTS('',3,(#8779,#8780,#8781,#8782,#8783,
    #8784,#8785,#8786,#8787),.UNSPECIFIED.,.F.,.F.,(4,1,1,1,1,1,4),(0.,
    0.327497146337,0.647669338415,0.960513007084,1.266020220529,
    1.564166443513,1.854690543779),.UNSPECIFIED.);
#8779 = CARTESIAN_POINT('',(8.,9.419491129892,-8.9595305041));
#8780 = CARTESIAN_POINT('',(8.,9.388273818481,-8.854945698519));
#8781 = CARTESIAN_POINT('',(8.,9.321448909269,-8.649500532042));
#8782 = CARTESIAN_POINT('',(8.,9.205601280141,-8.350865563757));
#8783 = CARTESIAN_POINT('',(8.,9.075092300069,-8.06626859972));
#8784 = CARTESIAN_POINT('',(8.,8.928625632443,-7.797985534397));
#8785 = CARTESIAN_POINT('',(8.,8.765874686051,-7.547425189903));
#8786 = CARTESIAN_POINT('',(8.,8.638588213858,-7.397861590587));
#8787 = CARTESIAN_POINT('',(8.,8.569551679111,-7.329255345778));
#8788 = PCURVE('',#72,#8789);
#8789 = DEFINITIONAL_REPRESENTATION('',(#8790),#8800);
#8790 = B_SPLINE_CURVE_WITH_KNOTS('',3,(#8791,#8792,#8793,#8794,#8795,
    #8796,#8797,#8798,#8799),.UNSPECIFIED.,.F.,.F.,(4,1,1,1,1,1,4),(0.,
    0.327497146337,0.647669338415,0.960513007084,1.266020220529,
    1.564166443513,1.854690543779),.UNSPECIFIED.);
#8791 = CARTESIAN_POINT('',(-8.9595305041,-9.419491129892));
#8792 = CARTESIAN_POINT('',(-8.854945698519,-9.388273818481));
#8793 = CARTESIAN_POINT('',(-8.649500532042,-9.321448909269));
#8794 = CARTESIAN_POINT('',(-8.350865563757,-9.205601280141));
#8795 = CARTESIAN_POINT('',(-8.06626859972,-9.075092300069));
#8796 = CARTESIAN_POINT('',(-7.797985534397,-8.928625632443));
#8797 = CARTESIAN_POINT('',(-7.547425189903,-8.765874686051));
#8798 = CARTESIAN_POINT('',(-7.397861590587,-8.638588213858));
#8799 = CARTESIAN_POINT('',(-7.329255345778,-8.569551679111));
#8800 = ( GEOMETRIC_REPRESENTATION_CONTEXT(2) 
PARAMETRIC_REPRESENTATION_CONTEXT() REPRESENTATION_CONTEXT('2D SPACE',''
  ) );
#8801 = PCURVE('',#4746,#8802);
#8802 = DEFINITIONAL_REPRESENTATION('',(#8803),#8807);
#8803 = LINE('',#8804,#8805);
#8804 = CARTESIAN_POINT('',(0.,-8.));
#8805 = VECTOR('',#8806,1.);
#8806 = DIRECTION('',(1.,0.));
#8807 = ( GEOMETRIC_REPRESENTATION_CONTEXT(2) 
PARAMETRIC_REPRESENTATION_CONTEXT() REPRESENTATION_CONTEXT('2D SPACE',''
  ) );
#8808 = ORIENTED_EDGE('',*,*,#8809,.T.);
#8809 = EDGE_CURVE('',#8775,#8810,#8812,.T.);
#8810 = VERTEX_POINT('',#8811);
#8811 = CARTESIAN_POINT('',(8.,8.169575748556,-6.987169104051));
#8812 = SURFACE_CURVE('',#8813,(#8817,#8824),.PCURVE_S1.);
#8813 = LINE('',#8814,#8815);
#8814 = CARTESIAN_POINT('',(8.,8.569551679111,-7.329255345778));
#8815 = VECTOR('',#8816,1.);
#8816 = DIRECTION('',(0.,-0.759960534749,0.649969218981));
#8817 = PCURVE('',#72,#8818);
#8818 = DEFINITIONAL_REPRESENTATION('',(#8819),#8823);
#8819 = LINE('',#8820,#8821);
#8820 = CARTESIAN_POINT('',(-7.329255345778,-8.569551679111));
#8821 = VECTOR('',#8822,1.);
#8822 = DIRECTION('',(0.649969218981,0.759960534749));
#8823 = ( GEOMETRIC_REPRESENTATION_CONTEXT(2) 
PARAMETRIC_REPRESENTATION_CONTEXT() REPRESENTATION_CONTEXT('2D SPACE',''
  ) );
#8824 = PCURVE('',#4782,#8825);
#8825 = DEFINITIONAL_REPRESENTATION('',(#8826),#8830);
#8826 = LINE('',#8827,#8828);
#8827 = CARTESIAN_POINT('',(0.,-8.));
#8828 = VECTOR('',#8829,1.);
#8829 = DIRECTION('',(1.,0.));
#8830 = ( GEOMETRIC_REPRESENTATION_CONTEXT(2) 
PARAMETRIC_REPRESENTATION_CONTEXT() REPRESENTATION_CONTEXT('2D SPACE',''
  ) );
#8831 = ORIENTED_EDGE('',*,*,#8832,.T.);
#8832 = EDGE_CURVE('',#8810,#8833,#8835,.T.);
#8833 = VERTEX_POINT('',#8834);
#8834 = CARTESIAN_POINT('',(8.,8.863528884386,-6.082791769875));
#8835 = SURFACE_CURVE('',#8836,(#8840,#8847),.PCURVE_S1.);
#8836 = LINE('',#8837,#8838);
#8837 = CARTESIAN_POINT('',(8.,8.169575748556,-6.987169104051));
#8838 = VECTOR('',#8839,1.);
#8839 = DIRECTION('',(0.,0.608761429009,0.793353340291));
#8840 = PCURVE('',#72,#8841);
#8841 = DEFINITIONAL_REPRESENTATION('',(#8842),#8846);
#8842 = LINE('',#8843,#8844);
#8843 = CARTESIAN_POINT('',(-6.987169104051,-8.169575748556));
#8844 = VECTOR('',#8845,1.);
#8845 = DIRECTION('',(0.793353340291,-0.608761429009));
#8846 = ( GEOMETRIC_REPRESENTATION_CONTEXT(2) 
PARAMETRIC_REPRESENTATION_CONTEXT() REPRESENTATION_CONTEXT('2D SPACE',''
  ) );
#8847 = PCURVE('',#4810,#8848);
#8848 = DEFINITIONAL_REPRESENTATION('',(#8849),#8853);
#8849 = LINE('',#8850,#8851);
#8850 = CARTESIAN_POINT('',(0.,-8.));
#8851 = VECTOR('',#8852,1.);
#8852 = DIRECTION('',(1.,0.));
#8853 = ( GEOMETRIC_REPRESENTATION_CONTEXT(2) 
PARAMETRIC_REPRESENTATION_CONTEXT() REPRESENTATION_CONTEXT('2D SPACE',''
  ) );
#8854 = ORIENTED_EDGE('',*,*,#8855,.T.);
#8855 = EDGE_CURVE('',#8833,#8856,#8858,.T.);
#8856 = VERTEX_POINT('',#8857);
#8857 = CARTESIAN_POINT('',(8.,9.297480208499,-6.380600416665));
#8858 = SURFACE_CURVE('',#8859,(#8863,#8870),.PCURVE_S1.);
#8859 = LINE('',#8860,#8861);
#8860 = CARTESIAN_POINT('',(8.,8.863528884386,-6.082791769875));
#8861 = VECTOR('',#8862,1.);
#8862 = DIRECTION('',(0.,0.824514314827,-0.565841094872));
#8863 = PCURVE('',#72,#8864);
#8864 = DEFINITIONAL_REPRESENTATION('',(#8865),#8869);
#8865 = LINE('',#8866,#8867);
#8866 = CARTESIAN_POINT('',(-6.082791769875,-8.863528884386));
#8867 = VECTOR('',#8868,1.);
#8868 = DIRECTION('',(-0.565841094872,-0.824514314827));
#8869 = ( GEOMETRIC_REPRESENTATION_CONTEXT(2) 
PARAMETRIC_REPRESENTATION_CONTEXT() REPRESENTATION_CONTEXT('2D SPACE',''
  ) );
#8870 = PCURVE('',#4838,#8871);
#8871 = DEFINITIONAL_REPRESENTATION('',(#8872),#8876);
#8872 = LINE('',#8873,#8874);
#8873 = CARTESIAN_POINT('',(0.,-8.));
#8874 = VECTOR('',#8875,1.);
#8875 = DIRECTION('',(1.,0.));
#8876 = ( GEOMETRIC_REPRESENTATION_CONTEXT(2) 
PARAMETRIC_REPRESENTATION_CONTEXT() REPRESENTATION_CONTEXT('2D SPACE',''
  ) );
#8877 = ORIENTED_EDGE('',*,*,#8878,.T.);
#8878 = EDGE_CURVE('',#8856,#8879,#8881,.T.);
#8879 = VERTEX_POINT('',#8880);
#8880 = CARTESIAN_POINT('',(8.,11.092185604925,-6.779632623225));
#8881 = SURFACE_CURVE('',#8882,(#8892,#8905),.PCURVE_S1.);
#8882 = B_SPLINE_CURVE_WITH_KNOTS('',3,(#8883,#8884,#8885,#8886,#8887,
    #8888,#8889,#8890,#8891),.UNSPECIFIED.,.F.,.F.,(4,1,1,1,1,1,4),(0.,
    0.290524100267,0.58867032325,0.894177536695,1.207021205364,
    1.527193397443,1.854690543779),.UNSPECIFIED.);
#8883 = CARTESIAN_POINT('',(8.,9.297480208499,-6.380600416665));
#8884 = CARTESIAN_POINT('',(8.,9.381616722205,-6.429527985766));
#8885 = CARTESIAN_POINT('',(8.,9.559028228644,-6.513767368637));
#8886 = CARTESIAN_POINT('',(8.,9.84317398097,-6.606122921907));
#8887 = CARTESIAN_POINT('',(8.,10.140223885575,-6.678162092073));
#8888 = CARTESIAN_POINT('',(8.,10.448901652821,-6.730564972017));
#8889 = CARTESIAN_POINT('',(8.,10.76734445407,-6.76517277158));
#8890 = CARTESIAN_POINT('',(8.,10.983084805447,-6.776547555419));
#8891 = CARTESIAN_POINT('',(8.,11.092185604925,-6.779632623225));
#8892 = PCURVE('',#72,#8893);
#8893 = DEFINITIONAL_REPRESENTATION('',(#8894),#8904);
#8894 = B_SPLINE_CURVE_WITH_KNOTS('',3,(#8895,#8896,#8897,#8898,#8899,
    #8900,#8901,#8902,#8903),.UNSPECIFIED.,.F.,.F.,(4,1,1,1,1,1,4),(0.,
    0.290524100267,0.58867032325,0.894177536695,1.207021205364,
    1.527193397443,1.854690543779),.UNSPECIFIED.);
#8895 = CARTESIAN_POINT('',(-6.380600416665,-9.297480208499));
#8896 = CARTESIAN_POINT('',(-6.429527985766,-9.381616722205));
#8897 = CARTESIAN_POINT('',(-6.513767368637,-9.559028228644));
#8898 = CARTESIAN_POINT('',(-6.606122921907,-9.84317398097));
#8899 = CARTESIAN_POINT('',(-6.678162092073,-10.14022388557));
#8900 = CARTESIAN_POINT('',(-6.730564972017,-10.44890165282));
#8901 = CARTESIAN_POINT('',(-6.76517277158,-10.76734445407));
#8902 = CARTESIAN_POINT('',(-6.776547555419,-10.98308480544));
#8903 = CARTESIAN_POINT('',(-6.779632623225,-11.09218560492));
#8904 = ( GEOMETRIC_REPRESENTATION_CONTEXT(2) 
PARAMETRIC_REPRESENTATION_CONTEXT() REPRESENTATION_CONTEXT('2D SPACE',''
  ) );
#8905 = PCURVE('',#4878,#8906);
#8906 = DEFINITIONAL_REPRESENTATION('',(#8907),#8911);
#8907 = LINE('',#8908,#8909);
#8908 = CARTESIAN_POINT('',(0.,-8.));
#8909 = VECTOR('',#8910,1.);
#8910 = DIRECTION('',(1.,0.));
#8911 = ( GEOMETRIC_REPRESENTATION_CONTEXT(2) 
PARAMETRIC_REPRESENTATION_CONTEXT() REPRESENTATION_CONTEXT('2D SPACE',''
  ) );
#8912 = ORIENTED_EDGE('',*,*,#8913,.T.);
#8913 = EDGE_CURVE('',#8879,#8914,#8916,.T.);
#8914 = VERTEX_POINT('',#8915);
#8915 = CARTESIAN_POINT('',(8.,11.417426882501,-6.216298205745));
#8916 = SURFACE_CURVE('',#8917,(#8921,#8928),.PCURVE_S1.);
#8917 = LINE('',#8918,#8919);
#8918 = CARTESIAN_POINT('',(8.,11.092185604925,-6.779632623225));
#8919 = VECTOR('',#8920,1.);
#8920 = DIRECTION('',(0.,0.5,0.866025403784));
#8921 = PCURVE('',#72,#8922);
#8922 = DEFINITIONAL_REPRESENTATION('',(#8923),#8927);
#8923 = LINE('',#8924,#8925);
#8924 = CARTESIAN_POINT('',(-6.779632623225,-11.09218560492));
#8925 = VECTOR('',#8926,1.);
#8926 = DIRECTION('',(0.866025403784,-0.5));
#8927 = ( GEOMETRIC_REPRESENTATION_CONTEXT(2) 
PARAMETRIC_REPRESENTATION_CONTEXT() REPRESENTATION_CONTEXT('2D SPACE',''
  ) );
#8928 = PCURVE('',#4914,#8929);
#8929 = DEFINITIONAL_REPRESENTATION('',(#8930),#8934);
#8930 = LINE('',#8931,#8932);
#8931 = CARTESIAN_POINT('',(0.,-8.));
#8932 = VECTOR('',#8933,1.);
#8933 = DIRECTION('',(1.,0.));
#8934 = ( GEOMETRIC_REPRESENTATION_CONTEXT(2) 
PARAMETRIC_REPRESENTATION_CONTEXT() REPRESENTATION_CONTEXT('2D SPACE',''
  ) );
#8935 = ORIENTED_EDGE('',*,*,#8936,.T.);
#8936 = EDGE_CURVE('',#8914,#8937,#8939,.T.);
#8937 = VERTEX_POINT('',#8938);
#8938 = CARTESIAN_POINT('',(8.,10.174502156479,-4.86155384341));
#8939 = SURFACE_CURVE('',#8940,(#8950,#8963),.PCURVE_S1.);
#8940 = B_SPLINE_CURVE_WITH_KNOTS('',3,(#8941,#8942,#8943,#8944,#8945,
    #8946,#8947,#8948,#8949),.UNSPECIFIED.,.F.,.F.,(4,1,1,1,1,1,4),(0.,
    0.327497146337,0.647669338415,0.960513007084,1.266020220529,
    1.564166443513,1.854690543779),.UNSPECIFIED.);
#8941 = CARTESIAN_POINT('',(8.,11.417426882501,-6.216298205745));
#8942 = CARTESIAN_POINT('',(8.,11.36020473567,-6.123356675727));
#8943 = CARTESIAN_POINT('',(8.,11.242483708214,-5.942207442732));
#8944 = CARTESIAN_POINT('',(8.,11.053291073999,-5.68373178698));
#8945 = CARTESIAN_POINT('',(8.,10.853569965113,-5.442610438933));
#8946 = CARTESIAN_POINT('',(8.,10.642657261379,-5.221377260436));
#8947 = CARTESIAN_POINT('',(8.,10.420602129904,-5.02147759718));
#8948 = CARTESIAN_POINT('',(8.,10.258942931118,-4.909954417116));
#8949 = CARTESIAN_POINT('',(8.,10.174502156479,-4.86155384341));
#8950 = PCURVE('',#72,#8951);
#8951 = DEFINITIONAL_REPRESENTATION('',(#8952),#8962);
#8952 = B_SPLINE_CURVE_WITH_KNOTS('',3,(#8953,#8954,#8955,#8956,#8957,
    #8958,#8959,#8960,#8961),.UNSPECIFIED.,.F.,.F.,(4,1,1,1,1,1,4),(0.,
    0.327497146337,0.647669338415,0.960513007084,1.266020220529,
    1.564166443513,1.854690543779),.UNSPECIFIED.);
#8953 = CARTESIAN_POINT('',(-6.216298205745,-11.4174268825));
#8954 = CARTESIAN_POINT('',(-6.123356675727,-11.36020473567));
#8955 = CARTESIAN_POINT('',(-5.942207442732,-11.24248370821));
#8956 = CARTESIAN_POINT('',(-5.68373178698,-11.05329107399));
#8957 = CARTESIAN_POINT('',(-5.442610438933,-10.85356996511));
#8958 = CARTESIAN_POINT('',(-5.221377260436,-10.64265726137));
#8959 = CARTESIAN_POINT('',(-5.02147759718,-10.4206021299));
#8960 = CARTESIAN_POINT('',(-4.909954417116,-10.25894293111));
#8961 = CARTESIAN_POINT('',(-4.86155384341,-10.17450215647));
#8962 = ( GEOMETRIC_REPRESENTATION_CONTEXT(2) 
PARAMETRIC_REPRESENTATION_CONTEXT() REPRESENTATION_CONTEXT('2D SPACE',''
  ) );
#8963 = PCURVE('',#4954,#8964);
#8964 = DEFINITIONAL_REPRESENTATION('',(#8965),#8969);
#8965 = LINE('',#8966,#8967);
#8966 = CARTESIAN_POINT('',(0.,-8.));
#8967 = VECTOR('',#8968,1.);
#8968 = DIRECTION('',(1.,0.));
#8969 = ( GEOMETRIC_REPRESENTATION_CONTEXT(2) 
PARAMETRIC_REPRESENTATION_CONTEXT() REPRESENTATION_CONTEXT('2D SPACE',''
  ) );
#8970 = ORIENTED_EDGE('',*,*,#8971,.T.);
#8971 = EDGE_CURVE('',#8937,#8972,#8974,.T.);
#8972 = VERTEX_POINT('',#8973);
#8973 = CARTESIAN_POINT('',(8.,9.699616640836,-4.634645296118));
#8974 = SURFACE_CURVE('',#8975,(#8979,#8986),.PCURVE_S1.);
#8975 = LINE('',#8976,#8977);
#8976 = CARTESIAN_POINT('',(8.,10.174502156479,-4.86155384341));
#8977 = VECTOR('',#8978,1.);
#8978 = DIRECTION('',(0.,-0.902289920078,0.431129794988));
#8979 = PCURVE('',#72,#8980);
#8980 = DEFINITIONAL_REPRESENTATION('',(#8981),#8985);
#8981 = LINE('',#8982,#8983);
#8982 = CARTESIAN_POINT('',(-4.86155384341,-10.17450215647));
#8983 = VECTOR('',#8984,1.);
#8984 = DIRECTION('',(0.431129794988,0.902289920078));
#8985 = ( GEOMETRIC_REPRESENTATION_CONTEXT(2) 
PARAMETRIC_REPRESENTATION_CONTEXT() REPRESENTATION_CONTEXT('2D SPACE',''
  ) );
#8986 = PCURVE('',#4990,#8987);
#8987 = DEFINITIONAL_REPRESENTATION('',(#8988),#8992);
#8988 = LINE('',#8989,#8990);
#8989 = CARTESIAN_POINT('',(0.,-8.));
#8990 = VECTOR('',#8991,1.);
#8991 = DIRECTION('',(1.,0.));
#8992 = ( GEOMETRIC_REPRESENTATION_CONTEXT(2) 
PARAMETRIC_REPRESENTATION_CONTEXT() REPRESENTATION_CONTEXT('2D SPACE',''
  ) );
#8993 = ORIENTED_EDGE('',*,*,#8994,.T.);
#8994 = EDGE_CURVE('',#8972,#8995,#8997,.T.);
#8995 = VERTEX_POINT('',#8996);
#8996 = CARTESIAN_POINT('',(8.,10.135853818924,-3.581475584366));
#8997 = SURFACE_CURVE('',#8998,(#9002,#9009),.PCURVE_S1.);
#8998 = LINE('',#8999,#9000);
#8999 = CARTESIAN_POINT('',(8.,9.699616640836,-4.634645296118));
#9000 = VECTOR('',#9001,1.);
#9001 = DIRECTION('',(0.,0.382683432365,0.923879532511));
#9002 = PCURVE('',#72,#9003);
#9003 = DEFINITIONAL_REPRESENTATION('',(#9004),#9008);
#9004 = LINE('',#9005,#9006);
#9005 = CARTESIAN_POINT('',(-4.634645296118,-9.699616640836));
#9006 = VECTOR('',#9007,1.);
#9007 = DIRECTION('',(0.923879532511,-0.382683432365));
#9008 = ( GEOMETRIC_REPRESENTATION_CONTEXT(2) 
PARAMETRIC_REPRESENTATION_CONTEXT() REPRESENTATION_CONTEXT('2D SPACE',''
  ) );
#9009 = PCURVE('',#5018,#9010);
#9010 = DEFINITIONAL_REPRESENTATION('',(#9011),#9015);
#9011 = LINE('',#9012,#9013);
#9012 = CARTESIAN_POINT('',(0.,-8.));
#9013 = VECTOR('',#9014,1.);
#9014 = DIRECTION('',(1.,0.));
#9015 = ( GEOMETRIC_REPRESENTATION_CONTEXT(2) 
PARAMETRIC_REPRESENTATION_CONTEXT() REPRESENTATION_CONTEXT('2D SPACE',''
  ) );
#9016 = ORIENTED_EDGE('',*,*,#9017,.T.);
#9017 = EDGE_CURVE('',#8995,#9018,#9020,.T.);
#9018 = VERTEX_POINT('',#9019);
#9019 = CARTESIAN_POINT('',(8.,10.632097159822,-3.756821780264));
#9020 = SURFACE_CURVE('',#9021,(#9025,#9032),.PCURVE_S1.);
#9021 = LINE('',#9022,#9023);
#9022 = CARTESIAN_POINT('',(8.,10.135853818924,-3.581475584366));
#9023 = VECTOR('',#9024,1.);
#9024 = DIRECTION('',(0.,0.942870122691,-0.333160519476));
#9025 = PCURVE('',#72,#9026);
#9026 = DEFINITIONAL_REPRESENTATION('',(#9027),#9031);
#9027 = LINE('',#9028,#9029);
#9028 = CARTESIAN_POINT('',(-3.581475584366,-10.13585381892));
#9029 = VECTOR('',#9030,1.);
#9030 = DIRECTION('',(-0.333160519476,-0.942870122691));
#9031 = ( GEOMETRIC_REPRESENTATION_CONTEXT(2) 
PARAMETRIC_REPRESENTATION_CONTEXT() REPRESENTATION_CONTEXT('2D SPACE',''
  ) );
#9032 = PCURVE('',#5046,#9033);
#9033 = DEFINITIONAL_REPRESENTATION('',(#9034),#9038);
#9034 = LINE('',#9035,#9036);
#9035 = CARTESIAN_POINT('',(0.,-8.));
#9036 = VECTOR('',#9037,1.);
#9037 = DIRECTION('',(1.,0.));
#9038 = ( GEOMETRIC_REPRESENTATION_CONTEXT(2) 
PARAMETRIC_REPRESENTATION_CONTEXT() REPRESENTATION_CONTEXT('2D SPACE',''
  ) );
#9039 = ORIENTED_EDGE('',*,*,#9040,.T.);
#9040 = EDGE_CURVE('',#9018,#9041,#9043,.T.);
#9041 = VERTEX_POINT('',#9042);
#9042 = CARTESIAN_POINT('',(8.,12.468926587478,-3.677753357158));
#9043 = SURFACE_CURVE('',#9044,(#9054,#9067),.PCURVE_S1.);
#9044 = B_SPLINE_CURVE_WITH_KNOTS('',3,(#9045,#9046,#9047,#9048,#9049,
    #9050,#9051,#9052,#9053),.UNSPECIFIED.,.F.,.F.,(4,1,1,1,1,1,4),(0.,
    0.290524100267,0.58867032325,0.894177536695,1.207021205364,
    1.527193397443,1.854690543779),.UNSPECIFIED.);
#9045 = CARTESIAN_POINT('',(8.,10.632097159822,-3.756821780264));
#9046 = CARTESIAN_POINT('',(8.,10.726030178059,-3.78230605074));
#9047 = CARTESIAN_POINT('',(8.,10.919199290644,-3.81775756956));
#9048 = CARTESIAN_POINT('',(8.,11.217566387353,-3.833423851378));
#9049 = CARTESIAN_POINT('',(8.,11.523139671141,-3.826126173688));
#9050 = CARTESIAN_POINT('',(8.,11.834862361872,-3.796851783834));
#9051 = CARTESIAN_POINT('',(8.,12.15141164543,-3.747861289485));
#9052 = CARTESIAN_POINT('',(8.,12.36274483329,-3.70301077523));
#9053 = CARTESIAN_POINT('',(8.,12.468926587478,-3.677753357158));
#9054 = PCURVE('',#72,#9055);
#9055 = DEFINITIONAL_REPRESENTATION('',(#9056),#9066);
#9056 = B_SPLINE_CURVE_WITH_KNOTS('',3,(#9057,#9058,#9059,#9060,#9061,
    #9062,#9063,#9064,#9065),.UNSPECIFIED.,.F.,.F.,(4,1,1,1,1,1,4),(0.,
    0.290524100267,0.58867032325,0.894177536695,1.207021205364,
    1.527193397443,1.854690543779),.UNSPECIFIED.);
#9057 = CARTESIAN_POINT('',(-3.756821780264,-10.63209715982));
#9058 = CARTESIAN_POINT('',(-3.78230605074,-10.72603017805));
#9059 = CARTESIAN_POINT('',(-3.81775756956,-10.91919929064));
#9060 = CARTESIAN_POINT('',(-3.833423851378,-11.21756638735));
#9061 = CARTESIAN_POINT('',(-3.826126173688,-11.52313967114));
#9062 = CARTESIAN_POINT('',(-3.796851783834,-11.83486236187));
#9063 = CARTESIAN_POINT('',(-3.747861289485,-12.15141164543));
#9064 = CARTESIAN_POINT('',(-3.70301077523,-12.36274483329));
#9065 = CARTESIAN_POINT('',(-3.677753357158,-12.46892658747));
#9066 = ( GEOMETRIC_REPRESENTATION_CONTEXT(2) 
PARAMETRIC_REPRESENTATION_CONTEXT() REPRESENTATION_CONTEXT('2D SPACE',''
  ) );
#9067 = PCURVE('',#5086,#9068);
#9068 = DEFINITIONAL_REPRESENTATION('',(#9069),#9073);
#9069 = LINE('',#9070,#9071);
#9070 = CARTESIAN_POINT('',(0.,-8.));
#9071 = VECTOR('',#9072,1.);
#9072 = DIRECTION('',(1.,0.));
#9073 = ( GEOMETRIC_REPRESENTATION_CONTEXT(2) 
PARAMETRIC_REPRESENTATION_CONTEXT() REPRESENTATION_CONTEXT('2D SPACE',''
  ) );
#9074 = ORIENTED_EDGE('',*,*,#9075,.T.);
#9075 = EDGE_CURVE('',#9041,#9076,#9078,.T.);
#9076 = VERTEX_POINT('',#9077);
#9077 = CARTESIAN_POINT('',(8.,12.637283861258,-3.049435457586));
#9078 = SURFACE_CURVE('',#9079,(#9083,#9090),.PCURVE_S1.);
#9079 = LINE('',#9080,#9081);
#9080 = CARTESIAN_POINT('',(8.,12.468926587478,-3.677753357158));
#9081 = VECTOR('',#9082,1.);
#9082 = DIRECTION('',(0.,0.258819045103,0.965925826289));
#9083 = PCURVE('',#72,#9084);
#9084 = DEFINITIONAL_REPRESENTATION('',(#9085),#9089);
#9085 = LINE('',#9086,#9087);
#9086 = CARTESIAN_POINT('',(-3.677753357158,-12.46892658747));
#9087 = VECTOR('',#9088,1.);
#9088 = DIRECTION('',(0.965925826289,-0.258819045103));
#9089 = ( GEOMETRIC_REPRESENTATION_CONTEXT(2) 
PARAMETRIC_REPRESENTATION_CONTEXT() REPRESENTATION_CONTEXT('2D SPACE',''
  ) );
#9090 = PCURVE('',#5122,#9091);
#9091 = DEFINITIONAL_REPRESENTATION('',(#9092),#9096);
#9092 = LINE('',#9093,#9094);
#9093 = CARTESIAN_POINT('',(0.,-8.));
#9094 = VECTOR('',#9095,1.);
#9095 = DIRECTION('',(1.,0.));
#9096 = ( GEOMETRIC_REPRESENTATION_CONTEXT(2) 
PARAMETRIC_REPRESENTATION_CONTEXT() REPRESENTATION_CONTEXT('2D SPACE',''
  ) );
#9097 = ORIENTED_EDGE('',*,*,#9098,.T.);
#9098 = EDGE_CURVE('',#9076,#9099,#9101,.T.);
#9099 = VERTEX_POINT('',#9100);
#9100 = CARTESIAN_POINT('',(8.,11.086077126042,-2.062545480712));
#9101 = SURFACE_CURVE('',#9102,(#9112,#9125),.PCURVE_S1.);
#9102 = B_SPLINE_CURVE_WITH_KNOTS('',3,(#9103,#9104,#9105,#9106,#9107,
    #9108,#9109,#9110,#9111),.UNSPECIFIED.,.F.,.F.,(4,1,1,1,1,1,4),(0.,
    0.327497146337,0.647669338415,0.960513007084,1.266020220529,
    1.564166443513,1.854690543779),.UNSPECIFIED.);
#9103 = CARTESIAN_POINT('',(8.,12.637283861258,-3.049435457586));
#9104 = CARTESIAN_POINT('',(8.,12.557956473749,-2.974471014809));
#9105 = CARTESIAN_POINT('',(8.,12.397361821527,-2.829962736161));
#9106 = CARTESIAN_POINT('',(8.,12.147717347591,-2.629261081731));
#9107 = CARTESIAN_POINT('',(8.,11.892394773408,-2.448047371072));
#9108 = CARTESIAN_POINT('',(8.,11.631409385775,-2.28894075491));
#9109 = CARTESIAN_POINT('',(8.,11.365182759463,-2.153324604593));
#9110 = CARTESIAN_POINT('',(8.,11.180167641328,-2.087441964201));
#9111 = CARTESIAN_POINT('',(8.,11.086077126042,-2.062545480712));
#9112 = PCURVE('',#72,#9113);
#9113 = DEFINITIONAL_REPRESENTATION('',(#9114),#9124);
#9114 = B_SPLINE_CURVE_WITH_KNOTS('',3,(#9115,#9116,#9117,#9118,#9119,
    #9120,#9121,#9122,#9123),.UNSPECIFIED.,.F.,.F.,(4,1,1,1,1,1,4),(0.,
    0.327497146337,0.647669338415,0.960513007084,1.266020220529,
    1.564166443513,1.854690543779),.UNSPECIFIED.);
#9115 = CARTESIAN_POINT('',(-3.049435457586,-12.63728386125));
#9116 = CARTESIAN_POINT('',(-2.974471014809,-12.55795647374));
#9117 = CARTESIAN_POINT('',(-2.829962736161,-12.39736182152));
#9118 = CARTESIAN_POINT('',(-2.629261081731,-12.14771734759));
#9119 = CARTESIAN_POINT('',(-2.448047371072,-11.8923947734));
#9120 = CARTESIAN_POINT('',(-2.28894075491,-11.63140938577));
#9121 = CARTESIAN_POINT('',(-2.153324604593,-11.36518275946));
#9122 = CARTESIAN_POINT('',(-2.087441964201,-11.18016764132));
#9123 = CARTESIAN_POINT('',(-2.062545480712,-11.08607712604));
#9124 = ( GEOMETRIC_REPRESENTATION_CONTEXT(2) 
PARAMETRIC_REPRESENTATION_CONTEXT() REPRESENTATION_CONTEXT('2D SPACE',''
  ) );
#9125 = PCURVE('',#5162,#9126);
#9126 = DEFINITIONAL_REPRESENTATION('',(#9127),#9131);
#9127 = LINE('',#9128,#9129);
#9128 = CARTESIAN_POINT('',(0.,-8.));
#9129 = VECTOR('',#9130,1.);
#9130 = DIRECTION('',(1.,0.));
#9131 = ( GEOMETRIC_REPRESENTATION_CONTEXT(2) 
PARAMETRIC_REPRESENTATION_CONTEXT() REPRESENTATION_CONTEXT('2D SPACE',''
  ) );
#9132 = ORIENTED_EDGE('',*,*,#9133,.T.);
#9133 = EDGE_CURVE('',#9099,#152,#9134,.T.);
#9134 = SURFACE_CURVE('',#9135,(#9139,#9146),.PCURVE_S1.);
#9135 = LINE('',#9136,#9137);
#9136 = CARTESIAN_POINT('',(8.,11.086077126042,-2.062545480712));
#9137 = VECTOR('',#9138,1.);
#9138 = DIRECTION('',(0.,-0.983129738457,0.182909587941));
#9139 = PCURVE('',#72,#9140);
#9140 = DEFINITIONAL_REPRESENTATION('',(#9141),#9145);
#9141 = LINE('',#9142,#9143);
#9142 = CARTESIAN_POINT('',(-2.062545480712,-11.08607712604));
#9143 = VECTOR('',#9144,1.);
#9144 = DIRECTION('',(0.182909587941,0.983129738457));
#9145 = ( GEOMETRIC_REPRESENTATION_CONTEXT(2) 
PARAMETRIC_REPRESENTATION_CONTEXT() REPRESENTATION_CONTEXT('2D SPACE',''
  ) );
#9146 = PCURVE('',#167,#9147);
#9147 = DEFINITIONAL_REPRESENTATION('',(#9148),#9152);
#9148 = LINE('',#9149,#9150);
#9149 = CARTESIAN_POINT('',(0.,-8.));
#9150 = VECTOR('',#9151,1.);
#9151 = DIRECTION('',(1.,0.));
#9152 = ( GEOMETRIC_REPRESENTATION_CONTEXT(2) 
PARAMETRIC_REPRESENTATION_CONTEXT() REPRESENTATION_CONTEXT('2D SPACE',''
  ) );
#9153 = ORIENTED_EDGE('',*,*,#179,.T.);
#9154 = FACE_BOUND('',#9155,.T.);
#9155 = EDGE_LOOP('',(#9156));
#9156 = ORIENTED_EDGE('',*,*,#9157,.T.);
#9157 = EDGE_CURVE('',#9158,#9158,#9160,.T.);
#9158 = VERTEX_POINT('',#9159);
#9159 = CARTESIAN_POINT('',(8.,8.5,0.));
#9160 = SURFACE_CURVE('',#9161,(#9166,#9177),.PCURVE_S1.);
#9161 = CIRCLE('',#9162,1.5);
#9162 = AXIS2_PLACEMENT_3D('',#9163,#9164,#9165);
#9163 = CARTESIAN_POINT('',(8.,7.,0.));
#9164 = DIRECTION('',(-1.,0.,0.));
#9165 = DIRECTION('',(0.,1.,0.));
#9166 = PCURVE('',#72,#9167);
#9167 = DEFINITIONAL_REPRESENTATION('',(#9168),#9176);
#9168 = ( BOUNDED_CURVE() B_SPLINE_CURVE(2,(#9169,#9170,#9171,#9172,
#9173,#9174,#9175),.UNSPECIFIED.,.T.,.F.) B_SPLINE_CURVE_WITH_KNOTS((1,2
    ,2,2,2,1),(-2.094395102393,0.,2.094395102393,4.188790204786,
6.28318530718,8.377580409573),.UNSPECIFIED.) CURVE() 
GEOMETRIC_REPRESENTATION_ITEM() RATIONAL_B_SPLINE_CURVE((1.,0.5,1.,0.5,
1.,0.5,1.)) REPRESENTATION_ITEM('') );
#9169 = CARTESIAN_POINT('',(-4.445581704826E-15,-8.5));
#9170 = CARTESIAN_POINT('',(-2.598076211353,-8.5));
#9171 = CARTESIAN_POINT('',(-1.299038105677,-6.25));
#9172 = CARTESIAN_POINT('',(-4.81297574457E-15,-4.));
#9173 = CARTESIAN_POINT('',(1.299038105677,-6.25));
#9174 = CARTESIAN_POINT('',(2.598076211353,-8.5));
#9175 = CARTESIAN_POINT('',(-4.445581704826E-15,-8.5));
#9176 = ( GEOMETRIC_REPRESENTATION_CONTEXT(2) 
PARAMETRIC_REPRESENTATION_CONTEXT() REPRESENTATION_CONTEXT('2D SPACE',''
  ) );
#9177 = PCURVE('',#5227,#9178);
#9178 = DEFINITIONAL_REPRESENTATION('',(#9179),#9183);
#9179 = LINE('',#9180,#9181);
#9180 = CARTESIAN_POINT('',(-6.28318530718,-10.));
#9181 = VECTOR('',#9182,1.);
#9182 = DIRECTION('',(1.,-0.));
#9183 = ( GEOMETRIC_REPRESENTATION_CONTEXT(2) 
PARAMETRIC_REPRESENTATION_CONTEXT() REPRESENTATION_CONTEXT('2D SPACE',''
  ) );
#9184 = FACE_BOUND('',#9185,.T.);
#9185 = EDGE_LOOP('',(#9186));
#9186 = ORIENTED_EDGE('',*,*,#9187,.T.);
#9187 = EDGE_CURVE('',#9188,#9188,#9190,.T.);
#9188 = VERTEX_POINT('',#9189);
#9189 = CARTESIAN_POINT('',(8.,2.5,0.));
#9190 = SURFACE_CURVE('',#9191,(#9196,#9207),.PCURVE_S1.);
#9191 = CIRCLE('',#9192,2.5);
#9192 = AXIS2_PLACEMENT_3D('',#9193,#9194,#9195);
#9193 = CARTESIAN_POINT('',(8.,0.,0.));
#9194 = DIRECTION('',(-1.,0.,0.));
#9195 = DIRECTION('',(0.,1.,0.));
#9196 = PCURVE('',#72,#9197);
#9197 = DEFINITIONAL_REPRESENTATION('',(#9198),#9206);
#9198 = ( BOUNDED_CURVE() B_SPLINE_CURVE(2,(#9199,#9200,#9201,#9202,
#9203,#9204,#9205),.UNSPECIFIED.,.T.,.F.) B_SPLINE_CURVE_WITH_KNOTS((1,2
    ,2,2,2,1),(-2.094395102393,0.,2.094395102393,4.188790204786,
6.28318530718,8.377580409573),.UNSPECIFIED.) CURVE() 
GEOMETRIC_REPRESENTATION_ITEM() RATIONAL_B_SPLINE_CURVE((1.,0.5,1.,0.5,
1.,0.5,1.)) REPRESENTATION_ITEM('') );
#9199 = CARTESIAN_POINT('',(-4.445581704826E-15,-2.5));
#9200 = CARTESIAN_POINT('',(-4.330127018922,-2.5));
#9201 = CARTESIAN_POINT('',(-2.165063509461,1.25));
#9202 = CARTESIAN_POINT('',(-5.0579051044E-15,5.));
#9203 = CARTESIAN_POINT('',(2.165063509461,1.25));
#9204 = CARTESIAN_POINT('',(4.330127018922,-2.5));
#9205 = CARTESIAN_POINT('',(-4.445581704826E-15,-2.5));
#9206 = ( GEOMETRIC_REPRESENTATION_CONTEXT(2) 
PARAMETRIC_REPRESENTATION_CONTEXT() REPRESENTATION_CONTEXT('2D SPACE',''
  ) );
#9207 = PCURVE('',#5262,#9208);
#9208 = DEFINITIONAL_REPRESENTATION('',(#9209),#9213);
#9209 = LINE('',#9210,#9211);
#9210 = CARTESIAN_POINT('',(-6.28318530718,-10.));
#9211 = VECTOR('',#9212,1.);
#9212 = DIRECTION('',(1.,-0.));
#9213 = ( GEOMETRIC_REPRESENTATION_CONTEXT(2) 
PARAMETRIC_REPRESENTATION_CONTEXT() REPRESENTATION_CONTEXT('2D SPACE',''
  ) );
#9214 = FACE_BOUND('',#9215,.T.);
#9215 = EDGE_LOOP('',(#9216));
#9216 = ORIENTED_EDGE('',*,*,#9217,.T.);
#9217 = EDGE_CURVE('',#9218,#9218,#9220,.T.);
#9218 = VERTEX_POINT('',#9219);
#9219 = CARTESIAN_POINT('',(8.,-2.,-6.062177826491));
#9220 = SURFACE_CURVE('',#9221,(#9226,#9237),.PCURVE_S1.);
#9221 = CIRCLE('',#9222,1.5);
#9222 = AXIS2_PLACEMENT_3D('',#9223,#9224,#9225);
#9223 = CARTESIAN_POINT('',(8.,-3.5,-6.062177826491));
#9224 = DIRECTION('',(-1.,0.,0.));
#9225 = DIRECTION('',(0.,1.,0.));
#9226 = PCURVE('',#72,#9227);
#9227 = DEFINITIONAL_REPRESENTATION('',(#9228),#9236);
#9228 = ( BOUNDED_CURVE() B_SPLINE_CURVE(2,(#9229,#9230,#9231,#9232,
#9233,#9234,#9235),.UNSPECIFIED.,.T.,.F.) B_SPLINE_CURVE_WITH_KNOTS((1,2
    ,2,2,2,1),(-2.094395102393,0.,2.094395102393,4.188790204786,
6.28318530718,8.377580409573),.UNSPECIFIED.) CURVE() 
GEOMETRIC_REPRESENTATION_ITEM() RATIONAL_B_SPLINE_CURVE((1.,0.5,1.,0.5,
1.,0.5,1.)) REPRESENTATION_ITEM('') );
#9229 = CARTESIAN_POINT('',(-6.062177826491,2.));
#9230 = CARTESIAN_POINT('',(-8.660254037844,2.));
#9231 = CARTESIAN_POINT('',(-7.361215932168,4.25));
#9232 = CARTESIAN_POINT('',(-6.062177826491,6.5));
#9233 = CARTESIAN_POINT('',(-4.763139720814,4.25));
#9234 = CARTESIAN_POINT('',(-3.464101615138,2.));
#9235 = CARTESIAN_POINT('',(-6.062177826491,2.));
#9236 = ( GEOMETRIC_REPRESENTATION_CONTEXT(2) 
PARAMETRIC_REPRESENTATION_CONTEXT() REPRESENTATION_CONTEXT('2D SPACE',''
  ) );
#9237 = PCURVE('',#5297,#9238);
#9238 = DEFINITIONAL_REPRESENTATION('',(#9239),#9243);
#9239 = LINE('',#9240,#9241);
#9240 = CARTESIAN_POINT('',(-6.28318530718,-10.));
#9241 = VECTOR('',#9242,1.);
#9242 = DIRECTION('',(1.,-0.));
#9243 = ( GEOMETRIC_REPRESENTATION_CONTEXT(2) 
PARAMETRIC_REPRESENTATION_CONTEXT() REPRESENTATION_CONTEXT('2D SPACE',''
  ) );
#9244 = FACE_BOUND('',#9245,.T.);
#9245 = EDGE_LOOP('',(#9246));
#9246 = ORIENTED_EDGE('',*,*,#9247,.T.);
#9247 = EDGE_CURVE('',#9248,#9248,#9250,.T.);
#9248 = VERTEX_POINT('',#9249);
#9249 = CARTESIAN_POINT('',(8.,-2.,6.062177826491));
#9250 = SURFACE_CURVE('',#9251,(#9256,#9267),.PCURVE_S1.);
#9251 = CIRCLE('',#9252,1.5);
#9252 = AXIS2_PLACEMENT_3D('',#9253,#9254,#9255);
#9253 = CARTESIAN_POINT('',(8.,-3.5,6.062177826491));
#9254 = DIRECTION('',(-1.,0.,0.));
#9255 = DIRECTION('',(0.,1.,0.));
#9256 = PCURVE('',#72,#9257);
#9257 = DEFINITIONAL_REPRESENTATION('',(#9258),#9266);
#9258 = ( BOUNDED_CURVE() B_SPLINE_CURVE(2,(#9259,#9260,#9261,#9262,
#9263,#9264,#9265),.UNSPECIFIED.,.T.,.F.) B_SPLINE_CURVE_WITH_KNOTS((1,2
    ,2,2,2,1),(-2.094395102393,0.,2.094395102393,4.188790204786,
6.28318530718,8.377580409573),.UNSPECIFIED.) CURVE() 
GEOMETRIC_REPRESENTATION_ITEM() RATIONAL_B_SPLINE_CURVE((1.,0.5,1.,0.5,
1.,0.5,1.)) REPRESENTATION_ITEM('') );
#9259 = CARTESIAN_POINT('',(6.062177826491,2.));
#9260 = CARTESIAN_POINT('',(3.464101615138,2.));
#9261 = CARTESIAN_POINT('',(4.763139720814,4.25));
#9262 = CARTESIAN_POINT('',(6.062177826491,6.5));
#9263 = CARTESIAN_POINT('',(7.361215932168,4.25));
#9264 = CARTESIAN_POINT('',(8.660254037844,2.));
#9265 = CARTESIAN_POINT('',(6.062177826491,2.));
#9266 = ( GEOMETRIC_REPRESENTATION_CONTEXT(2) 
PARAMETRIC_REPRESENTATION_CONTEXT() REPRESENTATION_CONTEXT('2D SPACE',''
  ) );
#9267 = PCURVE('',#5332,#9268);
#9268 = DEFINITIONAL_REPRESENTATION('',(#9269),#9273);
#9269 = LINE('',#9270,#9271);
#9270 = CARTESIAN_POINT('',(-6.28318530718,-10.));
#9271 = VECTOR('',#9272,1.);
#9272 = DIRECTION('',(1.,-0.));
#9273 = ( GEOMETRIC_REPRESENTATION_CONTEXT(2) 
PARAMETRIC_REPRESENTATION_CONTEXT() REPRESENTATION_CONTEXT('2D SPACE',''
  ) );
#9274 = ADVANCED_FACE('',(#9275),#167,.F.);
#9275 = FACE_BOUND('',#9276,.F.);
#9276 = EDGE_LOOP('',(#9277,#9298,#9299,#9300));
#9277 = ORIENTED_EDGE('',*,*,#9278,.T.);
#9278 = EDGE_CURVE('',#5135,#9099,#9279,.T.);
#9279 = SURFACE_CURVE('',#9280,(#9284,#9291),.PCURVE_S1.);
#9280 = LINE('',#9281,#9282);
#9281 = CARTESIAN_POINT('',(0.,11.086077126042,-2.062545480712));
#9282 = VECTOR('',#9283,1.);
#9283 = DIRECTION('',(1.,0.,0.));
#9284 = PCURVE('',#167,#9285);
#9285 = DEFINITIONAL_REPRESENTATION('',(#9286),#9290);
#9286 = LINE('',#9287,#9288);
#9287 = CARTESIAN_POINT('',(0.,0.));
#9288 = VECTOR('',#9289,1.);
#9289 = DIRECTION('',(0.,-1.));
#9290 = ( GEOMETRIC_REPRESENTATION_CONTEXT(2) 
PARAMETRIC_REPRESENTATION_CONTEXT() REPRESENTATION_CONTEXT('2D SPACE',''
  ) );
#9291 = PCURVE('',#5162,#9292);
#9292 = DEFINITIONAL_REPRESENTATION('',(#9293),#9297);
#9293 = LINE('',#9294,#9295);
#9294 = CARTESIAN_POINT('',(1.854690543779,0.));
#9295 = VECTOR('',#9296,1.);
#9296 = DIRECTION('',(0.,-1.));
#9297 = ( GEOMETRIC_REPRESENTATION_CONTEXT(2) 
PARAMETRIC_REPRESENTATION_CONTEXT() REPRESENTATION_CONTEXT('2D SPACE',''
  ) );
#9298 = ORIENTED_EDGE('',*,*,#9133,.T.);
#9299 = ORIENTED_EDGE('',*,*,#149,.F.);
#9300 = ORIENTED_EDGE('',*,*,#5182,.F.);
#9301 = ADVANCED_FACE('',(#9302),#277,.F.);
#9302 = FACE_BOUND('',#9303,.F.);
#9303 = EDGE_LOOP('',(#9304,#9305,#9306,#9327));
#9304 = ORIENTED_EDGE('',*,*,#261,.T.);
#9305 = ORIENTED_EDGE('',*,*,#5349,.T.);
#9306 = ORIENTED_EDGE('',*,*,#9307,.F.);
#9307 = EDGE_CURVE('',#328,#5350,#9308,.T.);
#9308 = SURFACE_CURVE('',#9309,(#9313,#9320),.PCURVE_S1.);
#9309 = LINE('',#9310,#9311);
#9310 = CARTESIAN_POINT('',(0.,12.99593082897,0.325241277576));
#9311 = VECTOR('',#9312,1.);
#9312 = DIRECTION('',(1.,0.,0.));
#9313 = PCURVE('',#277,#9314);
#9314 = DEFINITIONAL_REPRESENTATION('',(#9315),#9319);
#9315 = LINE('',#9316,#9317);
#9316 = CARTESIAN_POINT('',(0.650482555152,0.));
#9317 = VECTOR('',#9318,1.);
#9318 = DIRECTION('',(0.,-1.));
#9319 = ( GEOMETRIC_REPRESENTATION_CONTEXT(2) 
PARAMETRIC_REPRESENTATION_CONTEXT() REPRESENTATION_CONTEXT('2D SPACE',''
  ) );
#9320 = PCURVE('',#378,#9321);
#9321 = DEFINITIONAL_REPRESENTATION('',(#9322),#9326);
#9322 = LINE('',#9323,#9324);
#9323 = CARTESIAN_POINT('',(0.,0.));
#9324 = VECTOR('',#9325,1.);
#9325 = DIRECTION('',(0.,-1.));
#9326 = ( GEOMETRIC_REPRESENTATION_CONTEXT(2) 
PARAMETRIC_REPRESENTATION_CONTEXT() REPRESENTATION_CONTEXT('2D SPACE',''
  ) );
#9327 = ORIENTED_EDGE('',*,*,#327,.F.);
#9328 = ADVANCED_FACE('',(#9329),#5162,.F.);
#9329 = FACE_BOUND('',#9330,.F.);
#9330 = EDGE_LOOP('',(#9331,#9352,#9353,#9354));
#9331 = ORIENTED_EDGE('',*,*,#9332,.T.);
#9332 = EDGE_CURVE('',#5107,#9076,#9333,.T.);
#9333 = SURFACE_CURVE('',#9334,(#9338,#9345),.PCURVE_S1.);
#9334 = LINE('',#9335,#9336);
#9335 = CARTESIAN_POINT('',(0.,12.637283861258,-3.049435457586));
#9336 = VECTOR('',#9337,1.);
#9337 = DIRECTION('',(1.,0.,0.));
#9338 = PCURVE('',#5162,#9339);
#9339 = DEFINITIONAL_REPRESENTATION('',(#9340),#9344);
#9340 = LINE('',#9341,#9342);
#9341 = CARTESIAN_POINT('',(0.,0.));
#9342 = VECTOR('',#9343,1.);
#9343 = DIRECTION('',(0.,-1.));
#9344 = ( GEOMETRIC_REPRESENTATION_CONTEXT(2) 
PARAMETRIC_REPRESENTATION_CONTEXT() REPRESENTATION_CONTEXT('2D SPACE',''
  ) );
#9345 = PCURVE('',#5122,#9346);
#9346 = DEFINITIONAL_REPRESENTATION('',(#9347),#9351);
#9347 = LINE('',#9348,#9349);
#9348 = CARTESIAN_POINT('',(0.650482555152,0.));
#9349 = VECTOR('',#9350,1.);
#9350 = DIRECTION('',(0.,-1.));
#9351 = ( GEOMETRIC_REPRESENTATION_CONTEXT(2) 
PARAMETRIC_REPRESENTATION_CONTEXT() REPRESENTATION_CONTEXT('2D SPACE',''
  ) );
#9352 = ORIENTED_EDGE('',*,*,#9098,.T.);
#9353 = ORIENTED_EDGE('',*,*,#9278,.F.);
#9354 = ORIENTED_EDGE('',*,*,#5134,.F.);
#9355 = ADVANCED_FACE('',(#9356),#378,.F.);
#9356 = FACE_BOUND('',#9357,.F.);
#9357 = EDGE_LOOP('',(#9358,#9359,#9360,#9381));
#9358 = ORIENTED_EDGE('',*,*,#9307,.T.);
#9359 = ORIENTED_EDGE('',*,*,#5372,.T.);
#9360 = ORIENTED_EDGE('',*,*,#9361,.F.);
#9361 = EDGE_CURVE('',#351,#5373,#9362,.T.);
#9362 = SURFACE_CURVE('',#9363,(#9367,#9374),.PCURVE_S1.);
#9363 = LINE('',#9364,#9365);
#9364 = CARTESIAN_POINT('',(0.,11.242154260075,0.87702194798));
#9365 = VECTOR('',#9366,1.);
#9366 = DIRECTION('',(1.,0.,0.));
#9367 = PCURVE('',#378,#9368);
#9368 = DEFINITIONAL_REPRESENTATION('',(#9369),#9373);
#9369 = LINE('',#9370,#9371);
#9370 = CARTESIAN_POINT('',(1.854690543779,0.));
#9371 = VECTOR('',#9372,1.);
#9372 = DIRECTION('',(0.,-1.));
#9373 = ( GEOMETRIC_REPRESENTATION_CONTEXT(2) 
PARAMETRIC_REPRESENTATION_CONTEXT() REPRESENTATION_CONTEXT('2D SPACE',''
  ) );
#9374 = PCURVE('',#414,#9375);
#9375 = DEFINITIONAL_REPRESENTATION('',(#9376),#9380);
#9376 = LINE('',#9377,#9378);
#9377 = CARTESIAN_POINT('',(0.,0.));
#9378 = VECTOR('',#9379,1.);
#9379 = DIRECTION('',(0.,-1.));
#9380 = ( GEOMETRIC_REPRESENTATION_CONTEXT(2) 
PARAMETRIC_REPRESENTATION_CONTEXT() REPRESENTATION_CONTEXT('2D SPACE',''
  ) );
#9381 = ORIENTED_EDGE('',*,*,#350,.F.);
#9382 = ADVANCED_FACE('',(#9383),#5122,.F.);
#9383 = FACE_BOUND('',#9384,.F.);
#9384 = EDGE_LOOP('',(#9385,#9406,#9407,#9408));
#9385 = ORIENTED_EDGE('',*,*,#9386,.T.);
#9386 = EDGE_CURVE('',#5059,#9041,#9387,.T.);
#9387 = SURFACE_CURVE('',#9388,(#9392,#9399),.PCURVE_S1.);
#9388 = LINE('',#9389,#9390);
#9389 = CARTESIAN_POINT('',(0.,12.468926587478,-3.677753357158));
#9390 = VECTOR('',#9391,1.);
#9391 = DIRECTION('',(1.,0.,0.));
#9392 = PCURVE('',#5122,#9393);
#9393 = DEFINITIONAL_REPRESENTATION('',(#9394),#9398);
#9394 = LINE('',#9395,#9396);
#9395 = CARTESIAN_POINT('',(0.,0.));
#9396 = VECTOR('',#9397,1.);
#9397 = DIRECTION('',(0.,-1.));
#9398 = ( GEOMETRIC_REPRESENTATION_CONTEXT(2) 
PARAMETRIC_REPRESENTATION_CONTEXT() REPRESENTATION_CONTEXT('2D SPACE',''
  ) );
#9399 = PCURVE('',#5086,#9400);
#9400 = DEFINITIONAL_REPRESENTATION('',(#9401),#9405);
#9401 = LINE('',#9402,#9403);
#9402 = CARTESIAN_POINT('',(1.854690543779,0.));
#9403 = VECTOR('',#9404,1.);
#9404 = DIRECTION('',(0.,-1.));
#9405 = ( GEOMETRIC_REPRESENTATION_CONTEXT(2) 
PARAMETRIC_REPRESENTATION_CONTEXT() REPRESENTATION_CONTEXT('2D SPACE',''
  ) );
#9406 = ORIENTED_EDGE('',*,*,#9075,.T.);
#9407 = ORIENTED_EDGE('',*,*,#9332,.F.);
#9408 = ORIENTED_EDGE('',*,*,#5106,.F.);
#9409 = ADVANCED_FACE('',(#9410),#414,.F.);
#9410 = FACE_BOUND('',#9411,.F.);
#9411 = EDGE_LOOP('',(#9412,#9413,#9414,#9435));
#9412 = ORIENTED_EDGE('',*,*,#9361,.T.);
#9413 = ORIENTED_EDGE('',*,*,#5407,.T.);
#9414 = ORIENTED_EDGE('',*,*,#9415,.F.);
#9415 = EDGE_CURVE('',#399,#5408,#9416,.T.);
#9416 = SURFACE_CURVE('',#9417,(#9421,#9428),.PCURVE_S1.);
#9417 = LINE('',#9418,#9419);
#9418 = CARTESIAN_POINT('',(0.,10.717437065993,0.83608775645));
#9419 = VECTOR('',#9420,1.);
#9420 = DIRECTION('',(1.,0.,0.));
#9421 = PCURVE('',#414,#9422);
#9422 = DEFINITIONAL_REPRESENTATION('',(#9423),#9427);
#9423 = LINE('',#9424,#9425);
#9424 = CARTESIAN_POINT('',(0.526311449431,0.));
#9425 = VECTOR('',#9426,1.);
#9426 = DIRECTION('',(0.,-1.));
#9427 = ( GEOMETRIC_REPRESENTATION_CONTEXT(2) 
PARAMETRIC_REPRESENTATION_CONTEXT() REPRESENTATION_CONTEXT('2D SPACE',''
  ) );
#9428 = PCURVE('',#442,#9429);
#9429 = DEFINITIONAL_REPRESENTATION('',(#9430),#9434);
#9430 = LINE('',#9431,#9432);
#9431 = CARTESIAN_POINT('',(0.,0.));
#9432 = VECTOR('',#9433,1.);
#9433 = DIRECTION('',(0.,-1.));
#9434 = ( GEOMETRIC_REPRESENTATION_CONTEXT(2) 
PARAMETRIC_REPRESENTATION_CONTEXT() REPRESENTATION_CONTEXT('2D SPACE',''
  ) );
#9435 = ORIENTED_EDGE('',*,*,#398,.F.);
#9436 = ADVANCED_FACE('',(#9437),#5086,.F.);
#9437 = FACE_BOUND('',#9438,.F.);
#9438 = EDGE_LOOP('',(#9439,#9460,#9461,#9462));
#9439 = ORIENTED_EDGE('',*,*,#9440,.T.);
#9440 = EDGE_CURVE('',#5031,#9018,#9441,.T.);
#9441 = SURFACE_CURVE('',#9442,(#9446,#9453),.PCURVE_S1.);
#9442 = LINE('',#9443,#9444);
#9443 = CARTESIAN_POINT('',(0.,10.632097159822,-3.756821780264));
#9444 = VECTOR('',#9445,1.);
#9445 = DIRECTION('',(1.,0.,0.));
#9446 = PCURVE('',#5086,#9447);
#9447 = DEFINITIONAL_REPRESENTATION('',(#9448),#9452);
#9448 = LINE('',#9449,#9450);
#9449 = CARTESIAN_POINT('',(0.,0.));
#9450 = VECTOR('',#9451,1.);
#9451 = DIRECTION('',(0.,-1.));
#9452 = ( GEOMETRIC_REPRESENTATION_CONTEXT(2) 
PARAMETRIC_REPRESENTATION_CONTEXT() REPRESENTATION_CONTEXT('2D SPACE',''
  ) );
#9453 = PCURVE('',#5046,#9454);
#9454 = DEFINITIONAL_REPRESENTATION('',(#9455),#9459);
#9455 = LINE('',#9456,#9457);
#9456 = CARTESIAN_POINT('',(0.526311449431,0.));
#9457 = VECTOR('',#9458,1.);
#9458 = DIRECTION('',(0.,-1.));
#9459 = ( GEOMETRIC_REPRESENTATION_CONTEXT(2) 
PARAMETRIC_REPRESENTATION_CONTEXT() REPRESENTATION_CONTEXT('2D SPACE',''
  ) );
#9460 = ORIENTED_EDGE('',*,*,#9040,.T.);
#9461 = ORIENTED_EDGE('',*,*,#9386,.F.);
#9462 = ORIENTED_EDGE('',*,*,#5058,.F.);
#9463 = ADVANCED_FACE('',(#9464),#442,.F.);
#9464 = FACE_BOUND('',#9465,.F.);
#9465 = EDGE_LOOP('',(#9466,#9467,#9468,#9489));
#9466 = ORIENTED_EDGE('',*,*,#9415,.T.);
#9467 = ORIENTED_EDGE('',*,*,#5430,.T.);
#9468 = ORIENTED_EDGE('',*,*,#9469,.F.);
#9469 = EDGE_CURVE('',#427,#5431,#9470,.T.);
#9470 = SURFACE_CURVE('',#9471,(#9475,#9482),.PCURVE_S1.);
#9471 = LINE('',#9472,#9473);
#9472 = CARTESIAN_POINT('',(0.,10.568644688416,1.966278070367));
#9473 = VECTOR('',#9474,1.);
#9474 = DIRECTION('',(1.,0.,0.));
#9475 = PCURVE('',#442,#9476);
#9476 = DEFINITIONAL_REPRESENTATION('',(#9477),#9481);
#9477 = LINE('',#9478,#9479);
#9478 = CARTESIAN_POINT('',(1.139942681584,0.));
#9479 = VECTOR('',#9480,1.);
#9480 = DIRECTION('',(0.,-1.));
#9481 = ( GEOMETRIC_REPRESENTATION_CONTEXT(2) 
PARAMETRIC_REPRESENTATION_CONTEXT() REPRESENTATION_CONTEXT('2D SPACE',''
  ) );
#9482 = PCURVE('',#470,#9483);
#9483 = DEFINITIONAL_REPRESENTATION('',(#9484),#9488);
#9484 = LINE('',#9485,#9486);
#9485 = CARTESIAN_POINT('',(0.,0.));
#9486 = VECTOR('',#9487,1.);
#9487 = DIRECTION('',(0.,-1.));
#9488 = ( GEOMETRIC_REPRESENTATION_CONTEXT(2) 
PARAMETRIC_REPRESENTATION_CONTEXT() REPRESENTATION_CONTEXT('2D SPACE',''
  ) );
#9489 = ORIENTED_EDGE('',*,*,#426,.F.);
#9490 = ADVANCED_FACE('',(#9491),#5046,.F.);
#9491 = FACE_BOUND('',#9492,.F.);
#9492 = EDGE_LOOP('',(#9493,#9514,#9515,#9516));
#9493 = ORIENTED_EDGE('',*,*,#9494,.T.);
#9494 = EDGE_CURVE('',#5003,#8995,#9495,.T.);
#9495 = SURFACE_CURVE('',#9496,(#9500,#9507),.PCURVE_S1.);
#9496 = LINE('',#9497,#9498);
#9497 = CARTESIAN_POINT('',(0.,10.135853818924,-3.581475584366));
#9498 = VECTOR('',#9499,1.);
#9499 = DIRECTION('',(1.,0.,0.));
#9500 = PCURVE('',#5046,#9501);
#9501 = DEFINITIONAL_REPRESENTATION('',(#9502),#9506);
#9502 = LINE('',#9503,#9504);
#9503 = CARTESIAN_POINT('',(0.,0.));
#9504 = VECTOR('',#9505,1.);
#9505 = DIRECTION('',(0.,-1.));
#9506 = ( GEOMETRIC_REPRESENTATION_CONTEXT(2) 
PARAMETRIC_REPRESENTATION_CONTEXT() REPRESENTATION_CONTEXT('2D SPACE',''
  ) );
#9507 = PCURVE('',#5018,#9508);
#9508 = DEFINITIONAL_REPRESENTATION('',(#9509),#9513);
#9509 = LINE('',#9510,#9511);
#9510 = CARTESIAN_POINT('',(1.139942681584,0.));
#9511 = VECTOR('',#9512,1.);
#9512 = DIRECTION('',(0.,-1.));
#9513 = ( GEOMETRIC_REPRESENTATION_CONTEXT(2) 
PARAMETRIC_REPRESENTATION_CONTEXT() REPRESENTATION_CONTEXT('2D SPACE',''
  ) );
#9514 = ORIENTED_EDGE('',*,*,#9017,.T.);
#9515 = ORIENTED_EDGE('',*,*,#9440,.F.);
#9516 = ORIENTED_EDGE('',*,*,#5030,.F.);
#9517 = ADVANCED_FACE('',(#9518),#470,.F.);
#9518 = FACE_BOUND('',#9519,.F.);
#9519 = EDGE_LOOP('',(#9520,#9521,#9522,#9543));
#9520 = ORIENTED_EDGE('',*,*,#9469,.T.);
#9521 = ORIENTED_EDGE('',*,*,#5453,.T.);
#9522 = ORIENTED_EDGE('',*,*,#9523,.F.);
#9523 = EDGE_CURVE('',#455,#5454,#9524,.T.);
#9524 = SURFACE_CURVE('',#9525,(#9529,#9536),.PCURVE_S1.);
#9525 = LINE('',#9526,#9527);
#9526 = CARTESIAN_POINT('',(0.,11.086077126042,2.062545480712));
#9527 = VECTOR('',#9528,1.);
#9528 = DIRECTION('',(1.,0.,0.));
#9529 = PCURVE('',#470,#9530);
#9530 = DEFINITIONAL_REPRESENTATION('',(#9531),#9535);
#9531 = LINE('',#9532,#9533);
#9532 = CARTESIAN_POINT('',(0.526311449431,0.));
#9533 = VECTOR('',#9534,1.);
#9534 = DIRECTION('',(0.,-1.));
#9535 = ( GEOMETRIC_REPRESENTATION_CONTEXT(2) 
PARAMETRIC_REPRESENTATION_CONTEXT() REPRESENTATION_CONTEXT('2D SPACE',''
  ) );
#9536 = PCURVE('',#510,#9537);
#9537 = DEFINITIONAL_REPRESENTATION('',(#9538),#9542);
#9538 = LINE('',#9539,#9540);
#9539 = CARTESIAN_POINT('',(0.,0.));
#9540 = VECTOR('',#9541,1.);
#9541 = DIRECTION('',(0.,-1.));
#9542 = ( GEOMETRIC_REPRESENTATION_CONTEXT(2) 
PARAMETRIC_REPRESENTATION_CONTEXT() REPRESENTATION_CONTEXT('2D SPACE',''
  ) );
#9543 = ORIENTED_EDGE('',*,*,#454,.F.);
#9544 = ADVANCED_FACE('',(#9545),#5018,.F.);
#9545 = FACE_BOUND('',#9546,.F.);
#9546 = EDGE_LOOP('',(#9547,#9568,#9569,#9570));
#9547 = ORIENTED_EDGE('',*,*,#9548,.T.);
#9548 = EDGE_CURVE('',#4975,#8972,#9549,.T.);
#9549 = SURFACE_CURVE('',#9550,(#9554,#9561),.PCURVE_S1.);
#9550 = LINE('',#9551,#9552);
#9551 = CARTESIAN_POINT('',(0.,9.699616640836,-4.634645296118));
#9552 = VECTOR('',#9553,1.);
#9553 = DIRECTION('',(1.,0.,0.));
#9554 = PCURVE('',#5018,#9555);
#9555 = DEFINITIONAL_REPRESENTATION('',(#9556),#9560);
#9556 = LINE('',#9557,#9558);
#9557 = CARTESIAN_POINT('',(0.,0.));
#9558 = VECTOR('',#9559,1.);
#9559 = DIRECTION('',(0.,-1.));
#9560 = ( GEOMETRIC_REPRESENTATION_CONTEXT(2) 
PARAMETRIC_REPRESENTATION_CONTEXT() REPRESENTATION_CONTEXT('2D SPACE',''
  ) );
#9561 = PCURVE('',#4990,#9562);
#9562 = DEFINITIONAL_REPRESENTATION('',(#9563),#9567);
#9563 = LINE('',#9564,#9565);
#9564 = CARTESIAN_POINT('',(0.526311449431,0.));
#9565 = VECTOR('',#9566,1.);
#9566 = DIRECTION('',(0.,-1.));
#9567 = ( GEOMETRIC_REPRESENTATION_CONTEXT(2) 
PARAMETRIC_REPRESENTATION_CONTEXT() REPRESENTATION_CONTEXT('2D SPACE',''
  ) );
#9568 = ORIENTED_EDGE('',*,*,#8994,.T.);
#9569 = ORIENTED_EDGE('',*,*,#9494,.F.);
#9570 = ORIENTED_EDGE('',*,*,#5002,.F.);
#9571 = ADVANCED_FACE('',(#9572),#510,.F.);
#9572 = FACE_BOUND('',#9573,.F.);
#9573 = EDGE_LOOP('',(#9574,#9575,#9576,#9597));
#9574 = ORIENTED_EDGE('',*,*,#9523,.T.);
#9575 = ORIENTED_EDGE('',*,*,#5476,.T.);
#9576 = ORIENTED_EDGE('',*,*,#9577,.F.);
#9577 = EDGE_CURVE('',#483,#5477,#9578,.T.);
#9578 = SURFACE_CURVE('',#9579,(#9583,#9590),.PCURVE_S1.);
#9579 = LINE('',#9580,#9581);
#9580 = CARTESIAN_POINT('',(0.,12.637283861258,3.049435457586));
#9581 = VECTOR('',#9582,1.);
#9582 = DIRECTION('',(1.,0.,0.));
#9583 = PCURVE('',#510,#9584);
#9584 = DEFINITIONAL_REPRESENTATION('',(#9585),#9589);
#9585 = LINE('',#9586,#9587);
#9586 = CARTESIAN_POINT('',(1.854690543779,0.));
#9587 = VECTOR('',#9588,1.);
#9588 = DIRECTION('',(0.,-1.));
#9589 = ( GEOMETRIC_REPRESENTATION_CONTEXT(2) 
PARAMETRIC_REPRESENTATION_CONTEXT() REPRESENTATION_CONTEXT('2D SPACE',''
  ) );
#9590 = PCURVE('',#546,#9591);
#9591 = DEFINITIONAL_REPRESENTATION('',(#9592),#9596);
#9592 = LINE('',#9593,#9594);
#9593 = CARTESIAN_POINT('',(0.,0.));
#9594 = VECTOR('',#9595,1.);
#9595 = DIRECTION('',(0.,-1.));
#9596 = ( GEOMETRIC_REPRESENTATION_CONTEXT(2) 
PARAMETRIC_REPRESENTATION_CONTEXT() REPRESENTATION_CONTEXT('2D SPACE',''
  ) );
#9597 = ORIENTED_EDGE('',*,*,#482,.F.);
#9598 = ADVANCED_FACE('',(#9599),#4990,.F.);
#9599 = FACE_BOUND('',#9600,.F.);
#9600 = EDGE_LOOP('',(#9601,#9622,#9623,#9624));
#9601 = ORIENTED_EDGE('',*,*,#9602,.T.);
#9602 = EDGE_CURVE('',#4927,#8937,#9603,.T.);
#9603 = SURFACE_CURVE('',#9604,(#9608,#9615),.PCURVE_S1.);
#9604 = LINE('',#9605,#9606);
#9605 = CARTESIAN_POINT('',(0.,10.174502156479,-4.86155384341));
#9606 = VECTOR('',#9607,1.);
#9607 = DIRECTION('',(1.,0.,0.));
#9608 = PCURVE('',#4990,#9609);
#9609 = DEFINITIONAL_REPRESENTATION('',(#9610),#9614);
#9610 = LINE('',#9611,#9612);
#9611 = CARTESIAN_POINT('',(0.,0.));
#9612 = VECTOR('',#9613,1.);
#9613 = DIRECTION('',(0.,-1.));
#9614 = ( GEOMETRIC_REPRESENTATION_CONTEXT(2) 
PARAMETRIC_REPRESENTATION_CONTEXT() REPRESENTATION_CONTEXT('2D SPACE',''
  ) );
#9615 = PCURVE('',#4954,#9616);
#9616 = DEFINITIONAL_REPRESENTATION('',(#9617),#9621);
#9617 = LINE('',#9618,#9619);
#9618 = CARTESIAN_POINT('',(1.854690543779,0.));
#9619 = VECTOR('',#9620,1.);
#9620 = DIRECTION('',(0.,-1.));
#9621 = ( GEOMETRIC_REPRESENTATION_CONTEXT(2) 
PARAMETRIC_REPRESENTATION_CONTEXT() REPRESENTATION_CONTEXT('2D SPACE',''
  ) );
#9622 = ORIENTED_EDGE('',*,*,#8971,.T.);
#9623 = ORIENTED_EDGE('',*,*,#9548,.F.);
#9624 = ORIENTED_EDGE('',*,*,#4974,.F.);
#9625 = ADVANCED_FACE('',(#9626),#546,.F.);
#9626 = FACE_BOUND('',#9627,.F.);
#9627 = EDGE_LOOP('',(#9628,#9629,#9630,#9651));
#9628 = ORIENTED_EDGE('',*,*,#9577,.T.);
#9629 = ORIENTED_EDGE('',*,*,#5511,.T.);
#9630 = ORIENTED_EDGE('',*,*,#9631,.F.);
#9631 = EDGE_CURVE('',#531,#5512,#9632,.T.);
#9632 = SURFACE_CURVE('',#9633,(#9637,#9644),.PCURVE_S1.);
#9633 = LINE('',#9634,#9635);
#9634 = CARTESIAN_POINT('',(0.,12.468926587478,3.677753357158));
#9635 = VECTOR('',#9636,1.);
#9636 = DIRECTION('',(1.,0.,0.));
#9637 = PCURVE('',#546,#9638);
#9638 = DEFINITIONAL_REPRESENTATION('',(#9639),#9643);
#9639 = LINE('',#9640,#9641);
#9640 = CARTESIAN_POINT('',(0.650482555152,0.));
#9641 = VECTOR('',#9642,1.);
#9642 = DIRECTION('',(0.,-1.));
#9643 = ( GEOMETRIC_REPRESENTATION_CONTEXT(2) 
PARAMETRIC_REPRESENTATION_CONTEXT() REPRESENTATION_CONTEXT('2D SPACE',''
  ) );
#9644 = PCURVE('',#586,#9645);
#9645 = DEFINITIONAL_REPRESENTATION('',(#9646),#9650);
#9646 = LINE('',#9647,#9648);
#9647 = CARTESIAN_POINT('',(0.,0.));
#9648 = VECTOR('',#9649,1.);
#9649 = DIRECTION('',(0.,-1.));
#9650 = ( GEOMETRIC_REPRESENTATION_CONTEXT(2) 
PARAMETRIC_REPRESENTATION_CONTEXT() REPRESENTATION_CONTEXT('2D SPACE',''
  ) );
#9651 = ORIENTED_EDGE('',*,*,#530,.F.);
#9652 = ADVANCED_FACE('',(#9653),#4954,.F.);
#9653 = FACE_BOUND('',#9654,.F.);
#9654 = EDGE_LOOP('',(#9655,#9676,#9677,#9678));
#9655 = ORIENTED_EDGE('',*,*,#9656,.T.);
#9656 = EDGE_CURVE('',#4899,#8914,#9657,.T.);
#9657 = SURFACE_CURVE('',#9658,(#9662,#9669),.PCURVE_S1.);
#9658 = LINE('',#9659,#9660);
#9659 = CARTESIAN_POINT('',(0.,11.417426882501,-6.216298205745));
#9660 = VECTOR('',#9661,1.);
#9661 = DIRECTION('',(1.,0.,0.));
#9662 = PCURVE('',#4954,#9663);
#9663 = DEFINITIONAL_REPRESENTATION('',(#9664),#9668);
#9664 = LINE('',#9665,#9666);
#9665 = CARTESIAN_POINT('',(0.,0.));
#9666 = VECTOR('',#9667,1.);
#9667 = DIRECTION('',(0.,-1.));
#9668 = ( GEOMETRIC_REPRESENTATION_CONTEXT(2) 
PARAMETRIC_REPRESENTATION_CONTEXT() REPRESENTATION_CONTEXT('2D SPACE',''
  ) );
#9669 = PCURVE('',#4914,#9670);
#9670 = DEFINITIONAL_REPRESENTATION('',(#9671),#9675);
#9671 = LINE('',#9672,#9673);
#9672 = CARTESIAN_POINT('',(0.650482555152,0.));
#9673 = VECTOR('',#9674,1.);
#9674 = DIRECTION('',(0.,-1.));
#9675 = ( GEOMETRIC_REPRESENTATION_CONTEXT(2) 
PARAMETRIC_REPRESENTATION_CONTEXT() REPRESENTATION_CONTEXT('2D SPACE',''
  ) );
#9676 = ORIENTED_EDGE('',*,*,#8936,.T.);
#9677 = ORIENTED_EDGE('',*,*,#9602,.F.);
#9678 = ORIENTED_EDGE('',*,*,#4926,.F.);
#9679 = ADVANCED_FACE('',(#9680),#586,.F.);
#9680 = FACE_BOUND('',#9681,.F.);
#9681 = EDGE_LOOP('',(#9682,#9683,#9684,#9705));
#9682 = ORIENTED_EDGE('',*,*,#9631,.T.);
#9683 = ORIENTED_EDGE('',*,*,#5534,.T.);
#9684 = ORIENTED_EDGE('',*,*,#9685,.F.);
#9685 = EDGE_CURVE('',#559,#5535,#9686,.T.);
#9686 = SURFACE_CURVE('',#9687,(#9691,#9698),.PCURVE_S1.);
#9687 = LINE('',#9688,#9689);
#9688 = CARTESIAN_POINT('',(0.,10.632097159822,3.756821780264));
#9689 = VECTOR('',#9690,1.);
#9690 = DIRECTION('',(1.,0.,0.));
#9691 = PCURVE('',#586,#9692);
#9692 = DEFINITIONAL_REPRESENTATION('',(#9693),#9697);
#9693 = LINE('',#9694,#9695);
#9694 = CARTESIAN_POINT('',(1.854690543779,0.));
#9695 = VECTOR('',#9696,1.);
#9696 = DIRECTION('',(0.,-1.));
#9697 = ( GEOMETRIC_REPRESENTATION_CONTEXT(2) 
PARAMETRIC_REPRESENTATION_CONTEXT() REPRESENTATION_CONTEXT('2D SPACE',''
  ) );
#9698 = PCURVE('',#622,#9699);
#9699 = DEFINITIONAL_REPRESENTATION('',(#9700),#9704);
#9700 = LINE('',#9701,#9702);
#9701 = CARTESIAN_POINT('',(0.,0.));
#9702 = VECTOR('',#9703,1.);
#9703 = DIRECTION('',(0.,-1.));
#9704 = ( GEOMETRIC_REPRESENTATION_CONTEXT(2) 
PARAMETRIC_REPRESENTATION_CONTEXT() REPRESENTATION_CONTEXT('2D SPACE',''
  ) );
#9705 = ORIENTED_EDGE('',*,*,#558,.F.);
#9706 = ADVANCED_FACE('',(#9707),#4914,.F.);
#9707 = FACE_BOUND('',#9708,.F.);
#9708 = EDGE_LOOP('',(#9709,#9730,#9731,#9732));
#9709 = ORIENTED_EDGE('',*,*,#9710,.T.);
#9710 = EDGE_CURVE('',#4851,#8879,#9711,.T.);
#9711 = SURFACE_CURVE('',#9712,(#9716,#9723),.PCURVE_S1.);
#9712 = LINE('',#9713,#9714);
#9713 = CARTESIAN_POINT('',(0.,11.092185604925,-6.779632623225));
#9714 = VECTOR('',#9715,1.);
#9715 = DIRECTION('',(1.,0.,0.));
#9716 = PCURVE('',#4914,#9717);
#9717 = DEFINITIONAL_REPRESENTATION('',(#9718),#9722);
#9718 = LINE('',#9719,#9720);
#9719 = CARTESIAN_POINT('',(0.,0.));
#9720 = VECTOR('',#9721,1.);
#9721 = DIRECTION('',(0.,-1.));
#9722 = ( GEOMETRIC_REPRESENTATION_CONTEXT(2) 
PARAMETRIC_REPRESENTATION_CONTEXT() REPRESENTATION_CONTEXT('2D SPACE',''
  ) );
#9723 = PCURVE('',#4878,#9724);
#9724 = DEFINITIONAL_REPRESENTATION('',(#9725),#9729);
#9725 = LINE('',#9726,#9727);
#9726 = CARTESIAN_POINT('',(1.854690543779,0.));
#9727 = VECTOR('',#9728,1.);
#9728 = DIRECTION('',(0.,-1.));
#9729 = ( GEOMETRIC_REPRESENTATION_CONTEXT(2) 
PARAMETRIC_REPRESENTATION_CONTEXT() REPRESENTATION_CONTEXT('2D SPACE',''
  ) );
#9730 = ORIENTED_EDGE('',*,*,#8913,.T.);
#9731 = ORIENTED_EDGE('',*,*,#9656,.F.);
#9732 = ORIENTED_EDGE('',*,*,#4898,.F.);
#9733 = ADVANCED_FACE('',(#9734),#622,.F.);
#9734 = FACE_BOUND('',#9735,.F.);
#9735 = EDGE_LOOP('',(#9736,#9737,#9738,#9759));
#9736 = ORIENTED_EDGE('',*,*,#9685,.T.);
#9737 = ORIENTED_EDGE('',*,*,#5569,.T.);
#9738 = ORIENTED_EDGE('',*,*,#9739,.F.);
#9739 = EDGE_CURVE('',#607,#5570,#9740,.T.);
#9740 = SURFACE_CURVE('',#9741,(#9745,#9752),.PCURVE_S1.);
#9741 = LINE('',#9742,#9743);
#9742 = CARTESIAN_POINT('',(0.,10.135853818924,3.581475584366));
#9743 = VECTOR('',#9744,1.);
#9744 = DIRECTION('',(1.,0.,0.));
#9745 = PCURVE('',#622,#9746);
#9746 = DEFINITIONAL_REPRESENTATION('',(#9747),#9751);
#9747 = LINE('',#9748,#9749);
#9748 = CARTESIAN_POINT('',(0.526311449431,0.));
#9749 = VECTOR('',#9750,1.);
#9750 = DIRECTION('',(0.,-1.));
#9751 = ( GEOMETRIC_REPRESENTATION_CONTEXT(2) 
PARAMETRIC_REPRESENTATION_CONTEXT() REPRESENTATION_CONTEXT('2D SPACE',''
  ) );
#9752 = PCURVE('',#650,#9753);
#9753 = DEFINITIONAL_REPRESENTATION('',(#9754),#9758);
#9754 = LINE('',#9755,#9756);
#9755 = CARTESIAN_POINT('',(0.,0.));
#9756 = VECTOR('',#9757,1.);
#9757 = DIRECTION('',(0.,-1.));
#9758 = ( GEOMETRIC_REPRESENTATION_CONTEXT(2) 
PARAMETRIC_REPRESENTATION_CONTEXT() REPRESENTATION_CONTEXT('2D SPACE',''
  ) );
#9759 = ORIENTED_EDGE('',*,*,#606,.F.);
#9760 = ADVANCED_FACE('',(#9761),#4878,.F.);
#9761 = FACE_BOUND('',#9762,.F.);
#9762 = EDGE_LOOP('',(#9763,#9784,#9785,#9786));
#9763 = ORIENTED_EDGE('',*,*,#9764,.T.);
#9764 = EDGE_CURVE('',#4823,#8856,#9765,.T.);
#9765 = SURFACE_CURVE('',#9766,(#9770,#9777),.PCURVE_S1.);
#9766 = LINE('',#9767,#9768);
#9767 = CARTESIAN_POINT('',(0.,9.297480208499,-6.380600416665));
#9768 = VECTOR('',#9769,1.);
#9769 = DIRECTION('',(1.,0.,0.));
#9770 = PCURVE('',#4878,#9771);
#9771 = DEFINITIONAL_REPRESENTATION('',(#9772),#9776);
#9772 = LINE('',#9773,#9774);
#9773 = CARTESIAN_POINT('',(0.,0.));
#9774 = VECTOR('',#9775,1.);
#9775 = DIRECTION('',(0.,-1.));
#9776 = ( GEOMETRIC_REPRESENTATION_CONTEXT(2) 
PARAMETRIC_REPRESENTATION_CONTEXT() REPRESENTATION_CONTEXT('2D SPACE',''
  ) );
#9777 = PCURVE('',#4838,#9778);
#9778 = DEFINITIONAL_REPRESENTATION('',(#9779),#9783);
#9779 = LINE('',#9780,#9781);
#9780 = CARTESIAN_POINT('',(0.526311449431,0.));
#9781 = VECTOR('',#9782,1.);
#9782 = DIRECTION('',(0.,-1.));
#9783 = ( GEOMETRIC_REPRESENTATION_CONTEXT(2) 
PARAMETRIC_REPRESENTATION_CONTEXT() REPRESENTATION_CONTEXT('2D SPACE',''
  ) );
#9784 = ORIENTED_EDGE('',*,*,#8878,.T.);
#9785 = ORIENTED_EDGE('',*,*,#9710,.F.);
#9786 = ORIENTED_EDGE('',*,*,#4850,.F.);
#9787 = ADVANCED_FACE('',(#9788),#650,.F.);
#9788 = FACE_BOUND('',#9789,.F.);
#9789 = EDGE_LOOP('',(#9790,#9791,#9792,#9813));
#9790 = ORIENTED_EDGE('',*,*,#9739,.T.);
#9791 = ORIENTED_EDGE('',*,*,#5592,.T.);
#9792 = ORIENTED_EDGE('',*,*,#9793,.F.);
#9793 = EDGE_CURVE('',#635,#5593,#9794,.T.);
#9794 = SURFACE_CURVE('',#9795,(#9799,#9806),.PCURVE_S1.);
#9795 = LINE('',#9796,#9797);
#9796 = CARTESIAN_POINT('',(0.,9.699616640836,4.634645296118));
#9797 = VECTOR('',#9798,1.);
#9798 = DIRECTION('',(1.,0.,0.));
#9799 = PCURVE('',#650,#9800);
#9800 = DEFINITIONAL_REPRESENTATION('',(#9801),#9805);
#9801 = LINE('',#9802,#9803);
#9802 = CARTESIAN_POINT('',(1.139942681584,0.));
#9803 = VECTOR('',#9804,1.);
#9804 = DIRECTION('',(0.,-1.));
#9805 = ( GEOMETRIC_REPRESENTATION_CONTEXT(2) 
PARAMETRIC_REPRESENTATION_CONTEXT() REPRESENTATION_CONTEXT('2D SPACE',''
  ) );
#9806 = PCURVE('',#678,#9807);
#9807 = DEFINITIONAL_REPRESENTATION('',(#9808),#9812);
#9808 = LINE('',#9809,#9810);
#9809 = CARTESIAN_POINT('',(0.,0.));
#9810 = VECTOR('',#9811,1.);
#9811 = DIRECTION('',(0.,-1.));
#9812 = ( GEOMETRIC_REPRESENTATION_CONTEXT(2) 
PARAMETRIC_REPRESENTATION_CONTEXT() REPRESENTATION_CONTEXT('2D SPACE',''
  ) );
#9813 = ORIENTED_EDGE('',*,*,#634,.F.);
#9814 = ADVANCED_FACE('',(#9815),#4838,.F.);
#9815 = FACE_BOUND('',#9816,.F.);
#9816 = EDGE_LOOP('',(#9817,#9838,#9839,#9840));
#9817 = ORIENTED_EDGE('',*,*,#9818,.T.);
#9818 = EDGE_CURVE('',#4795,#8833,#9819,.T.);
#9819 = SURFACE_CURVE('',#9820,(#9824,#9831),.PCURVE_S1.);
#9820 = LINE('',#9821,#9822);
#9821 = CARTESIAN_POINT('',(0.,8.863528884386,-6.082791769875));
#9822 = VECTOR('',#9823,1.);
#9823 = DIRECTION('',(1.,0.,0.));
#9824 = PCURVE('',#4838,#9825);
#9825 = DEFINITIONAL_REPRESENTATION('',(#9826),#9830);
#9826 = LINE('',#9827,#9828);
#9827 = CARTESIAN_POINT('',(0.,0.));
#9828 = VECTOR('',#9829,1.);
#9829 = DIRECTION('',(0.,-1.));
#9830 = ( GEOMETRIC_REPRESENTATION_CONTEXT(2) 
PARAMETRIC_REPRESENTATION_CONTEXT() REPRESENTATION_CONTEXT('2D SPACE',''
  ) );
#9831 = PCURVE('',#4810,#9832);
#9832 = DEFINITIONAL_REPRESENTATION('',(#9833),#9837);
#9833 = LINE('',#9834,#9835);
#9834 = CARTESIAN_POINT('',(1.139942681584,0.));
#9835 = VECTOR('',#9836,1.);
#9836 = DIRECTION('',(0.,-1.));
#9837 = ( GEOMETRIC_REPRESENTATION_CONTEXT(2) 
PARAMETRIC_REPRESENTATION_CONTEXT() REPRESENTATION_CONTEXT('2D SPACE',''
  ) );
#9838 = ORIENTED_EDGE('',*,*,#8855,.T.);
#9839 = ORIENTED_EDGE('',*,*,#9764,.F.);
#9840 = ORIENTED_EDGE('',*,*,#4822,.F.);
#9841 = ADVANCED_FACE('',(#9842),#678,.F.);
#9842 = FACE_BOUND('',#9843,.F.);
#9843 = EDGE_LOOP('',(#9844,#9845,#9846,#9867));
#9844 = ORIENTED_EDGE('',*,*,#9793,.T.);
#9845 = ORIENTED_EDGE('',*,*,#5615,.T.);
#9846 = ORIENTED_EDGE('',*,*,#9847,.F.);
#9847 = EDGE_CURVE('',#663,#5616,#9848,.T.);
#9848 = SURFACE_CURVE('',#9849,(#9853,#9860),.PCURVE_S1.);
#9849 = LINE('',#9850,#9851);
#9850 = CARTESIAN_POINT('',(0.,10.174502156479,4.86155384341));
#9851 = VECTOR('',#9852,1.);
#9852 = DIRECTION('',(1.,0.,0.));
#9853 = PCURVE('',#678,#9854);
#9854 = DEFINITIONAL_REPRESENTATION('',(#9855),#9859);
#9855 = LINE('',#9856,#9857);
#9856 = CARTESIAN_POINT('',(0.526311449431,0.));
#9857 = VECTOR('',#9858,1.);
#9858 = DIRECTION('',(0.,-1.));
#9859 = ( GEOMETRIC_REPRESENTATION_CONTEXT(2) 
PARAMETRIC_REPRESENTATION_CONTEXT() REPRESENTATION_CONTEXT('2D SPACE',''
  ) );
#9860 = PCURVE('',#718,#9861);
#9861 = DEFINITIONAL_REPRESENTATION('',(#9862),#9866);
#9862 = LINE('',#9863,#9864);
#9863 = CARTESIAN_POINT('',(0.,0.));
#9864 = VECTOR('',#9865,1.);
#9865 = DIRECTION('',(0.,-1.));
#9866 = ( GEOMETRIC_REPRESENTATION_CONTEXT(2) 
PARAMETRIC_REPRESENTATION_CONTEXT() REPRESENTATION_CONTEXT('2D SPACE',''
  ) );
#9867 = ORIENTED_EDGE('',*,*,#662,.F.);
#9868 = ADVANCED_FACE('',(#9869),#4810,.F.);
#9869 = FACE_BOUND('',#9870,.F.);
#9870 = EDGE_LOOP('',(#9871,#9892,#9893,#9894));
#9871 = ORIENTED_EDGE('',*,*,#9872,.T.);
#9872 = EDGE_CURVE('',#4767,#8810,#9873,.T.);
#9873 = SURFACE_CURVE('',#9874,(#9878,#9885),.PCURVE_S1.);
#9874 = LINE('',#9875,#9876);
#9875 = CARTESIAN_POINT('',(0.,8.169575748556,-6.987169104051));
#9876 = VECTOR('',#9877,1.);
#9877 = DIRECTION('',(1.,0.,0.));
#9878 = PCURVE('',#4810,#9879);
#9879 = DEFINITIONAL_REPRESENTATION('',(#9880),#9884);
#9880 = LINE('',#9881,#9882);
#9881 = CARTESIAN_POINT('',(0.,0.));
#9882 = VECTOR('',#9883,1.);
#9883 = DIRECTION('',(0.,-1.));
#9884 = ( GEOMETRIC_REPRESENTATION_CONTEXT(2) 
PARAMETRIC_REPRESENTATION_CONTEXT() REPRESENTATION_CONTEXT('2D SPACE',''
  ) );
#9885 = PCURVE('',#4782,#9886);
#9886 = DEFINITIONAL_REPRESENTATION('',(#9887),#9891);
#9887 = LINE('',#9888,#9889);
#9888 = CARTESIAN_POINT('',(0.526311449431,0.));
#9889 = VECTOR('',#9890,1.);
#9890 = DIRECTION('',(0.,-1.));
#9891 = ( GEOMETRIC_REPRESENTATION_CONTEXT(2) 
PARAMETRIC_REPRESENTATION_CONTEXT() REPRESENTATION_CONTEXT('2D SPACE',''
  ) );
#9892 = ORIENTED_EDGE('',*,*,#8832,.T.);
#9893 = ORIENTED_EDGE('',*,*,#9818,.F.);
#9894 = ORIENTED_EDGE('',*,*,#4794,.F.);
#9895 = ADVANCED_FACE('',(#9896),#718,.F.);
#9896 = FACE_BOUND('',#9897,.F.);
#9897 = EDGE_LOOP('',(#9898,#9899,#9900,#9921));
#9898 = ORIENTED_EDGE('',*,*,#9847,.T.);
#9899 = ORIENTED_EDGE('',*,*,#5638,.T.);
#9900 = ORIENTED_EDGE('',*,*,#9901,.F.);
#9901 = EDGE_CURVE('',#691,#5639,#9902,.T.);
#9902 = SURFACE_CURVE('',#9903,(#9907,#9914),.PCURVE_S1.);
#9903 = LINE('',#9904,#9905);
#9904 = CARTESIAN_POINT('',(0.,11.417426882501,6.216298205745));
#9905 = VECTOR('',#9906,1.);
#9906 = DIRECTION('',(1.,0.,0.));
#9907 = PCURVE('',#718,#9908);
#9908 = DEFINITIONAL_REPRESENTATION('',(#9909),#9913);
#9909 = LINE('',#9910,#9911);
#9910 = CARTESIAN_POINT('',(1.854690543779,0.));
#9911 = VECTOR('',#9912,1.);
#9912 = DIRECTION('',(0.,-1.));
#9913 = ( GEOMETRIC_REPRESENTATION_CONTEXT(2) 
PARAMETRIC_REPRESENTATION_CONTEXT() REPRESENTATION_CONTEXT('2D SPACE',''
  ) );
#9914 = PCURVE('',#754,#9915);
#9915 = DEFINITIONAL_REPRESENTATION('',(#9916),#9920);
#9916 = LINE('',#9917,#9918);
#9917 = CARTESIAN_POINT('',(0.,0.));
#9918 = VECTOR('',#9919,1.);
#9919 = DIRECTION('',(0.,-1.));
#9920 = ( GEOMETRIC_REPRESENTATION_CONTEXT(2) 
PARAMETRIC_REPRESENTATION_CONTEXT() REPRESENTATION_CONTEXT('2D SPACE',''
  ) );
#9921 = ORIENTED_EDGE('',*,*,#690,.F.);
#9922 = ADVANCED_FACE('',(#9923),#4782,.F.);
#9923 = FACE_BOUND('',#9924,.F.);
#9924 = EDGE_LOOP('',(#9925,#9946,#9947,#9948));
#9925 = ORIENTED_EDGE('',*,*,#9926,.T.);
#9926 = EDGE_CURVE('',#4719,#8775,#9927,.T.);
#9927 = SURFACE_CURVE('',#9928,(#9932,#9939),.PCURVE_S1.);
#9928 = LINE('',#9929,#9930);
#9929 = CARTESIAN_POINT('',(0.,8.569551679111,-7.329255345778));
#9930 = VECTOR('',#9931,1.);
#9931 = DIRECTION('',(1.,0.,0.));
#9932 = PCURVE('',#4782,#9933);
#9933 = DEFINITIONAL_REPRESENTATION('',(#9934),#9938);
#9934 = LINE('',#9935,#9936);
#9935 = CARTESIAN_POINT('',(0.,0.));
#9936 = VECTOR('',#9937,1.);
#9937 = DIRECTION('',(0.,-1.));
#9938 = ( GEOMETRIC_REPRESENTATION_CONTEXT(2) 
PARAMETRIC_REPRESENTATION_CONTEXT() REPRESENTATION_CONTEXT('2D SPACE',''
  ) );
#9939 = PCURVE('',#4746,#9940);
#9940 = DEFINITIONAL_REPRESENTATION('',(#9941),#9945);
#9941 = LINE('',#9942,#9943);
#9942 = CARTESIAN_POINT('',(1.854690543779,0.));
#9943 = VECTOR('',#9944,1.);
#9944 = DIRECTION('',(0.,-1.));
#9945 = ( GEOMETRIC_REPRESENTATION_CONTEXT(2) 
PARAMETRIC_REPRESENTATION_CONTEXT() REPRESENTATION_CONTEXT('2D SPACE',''
  ) );
#9946 = ORIENTED_EDGE('',*,*,#8809,.T.);
#9947 = ORIENTED_EDGE('',*,*,#9872,.F.);
#9948 = ORIENTED_EDGE('',*,*,#4766,.F.);
#9949 = ADVANCED_FACE('',(#9950),#754,.F.);
#9950 = FACE_BOUND('',#9951,.F.);
#9951 = EDGE_LOOP('',(#9952,#9953,#9954,#9975));
#9952 = ORIENTED_EDGE('',*,*,#9901,.T.);
#9953 = ORIENTED_EDGE('',*,*,#5673,.T.);
#9954 = ORIENTED_EDGE('',*,*,#9955,.F.);
#9955 = EDGE_CURVE('',#739,#5674,#9956,.T.);
#9956 = SURFACE_CURVE('',#9957,(#9961,#9968),.PCURVE_S1.);
#9957 = LINE('',#9958,#9959);
#9958 = CARTESIAN_POINT('',(0.,11.092185604925,6.779632623225));
#9959 = VECTOR('',#9960,1.);
#9960 = DIRECTION('',(1.,0.,0.));
#9961 = PCURVE('',#754,#9962);
#9962 = DEFINITIONAL_REPRESENTATION('',(#9963),#9967);
#9963 = LINE('',#9964,#9965);
#9964 = CARTESIAN_POINT('',(0.650482555152,0.));
#9965 = VECTOR('',#9966,1.);
#9966 = DIRECTION('',(0.,-1.));
#9967 = ( GEOMETRIC_REPRESENTATION_CONTEXT(2) 
PARAMETRIC_REPRESENTATION_CONTEXT() REPRESENTATION_CONTEXT('2D SPACE',''
  ) );
#9968 = PCURVE('',#794,#9969);
#9969 = DEFINITIONAL_REPRESENTATION('',(#9970),#9974);
#9970 = LINE('',#9971,#9972);
#9971 = CARTESIAN_POINT('',(0.,0.));
#9972 = VECTOR('',#9973,1.);
#9973 = DIRECTION('',(0.,-1.));
#9974 = ( GEOMETRIC_REPRESENTATION_CONTEXT(2) 
PARAMETRIC_REPRESENTATION_CONTEXT() REPRESENTATION_CONTEXT('2D SPACE',''
  ) );
#9975 = ORIENTED_EDGE('',*,*,#738,.F.);
#9976 = ADVANCED_FACE('',(#9977),#4746,.F.);
#9977 = FACE_BOUND('',#9978,.F.);
#9978 = EDGE_LOOP('',(#9979,#10000,#10001,#10002));
#9979 = ORIENTED_EDGE('',*,*,#9980,.T.);
#9980 = EDGE_CURVE('',#4691,#8752,#9981,.T.);
#9981 = SURFACE_CURVE('',#9982,(#9986,#9993),.PCURVE_S1.);
#9982 = LINE('',#9983,#9984);
#9983 = CARTESIAN_POINT('',(0.,9.419491129892,-8.9595305041));
#9984 = VECTOR('',#9985,1.);
#9985 = DIRECTION('',(1.,0.,0.));
#9986 = PCURVE('',#4746,#9987);
#9987 = DEFINITIONAL_REPRESENTATION('',(#9988),#9992);
#9988 = LINE('',#9989,#9990);
#9989 = CARTESIAN_POINT('',(0.,0.));
#9990 = VECTOR('',#9991,1.);
#9991 = DIRECTION('',(0.,-1.));
#9992 = ( GEOMETRIC_REPRESENTATION_CONTEXT(2) 
PARAMETRIC_REPRESENTATION_CONTEXT() REPRESENTATION_CONTEXT('2D SPACE',''
  ) );
#9993 = PCURVE('',#4706,#9994);
#9994 = DEFINITIONAL_REPRESENTATION('',(#9995),#9999);
#9995 = LINE('',#9996,#9997);
#9996 = CARTESIAN_POINT('',(0.650482555152,0.));
#9997 = VECTOR('',#9998,1.);
#9998 = DIRECTION('',(0.,-1.));
#9999 = ( GEOMETRIC_REPRESENTATION_CONTEXT(2) 
PARAMETRIC_REPRESENTATION_CONTEXT() REPRESENTATION_CONTEXT('2D SPACE',''
  ) );
#10000 = ORIENTED_EDGE('',*,*,#8774,.T.);
#10001 = ORIENTED_EDGE('',*,*,#9926,.F.);
#10002 = ORIENTED_EDGE('',*,*,#4718,.F.);
#10003 = ADVANCED_FACE('',(#10004),#794,.F.);
#10004 = FACE_BOUND('',#10005,.F.);
#10005 = EDGE_LOOP('',(#10006,#10007,#10008,#10029));
#10006 = ORIENTED_EDGE('',*,*,#9955,.T.);
#10007 = ORIENTED_EDGE('',*,*,#5696,.T.);
#10008 = ORIENTED_EDGE('',*,*,#10009,.F.);
#10009 = EDGE_CURVE('',#767,#5697,#10010,.T.);
#10010 = SURFACE_CURVE('',#10011,(#10015,#10022),.PCURVE_S1.);
#10011 = LINE('',#10012,#10013);
#10012 = CARTESIAN_POINT('',(0.,9.297480208499,6.380600416665));
#10013 = VECTOR('',#10014,1.);
#10014 = DIRECTION('',(1.,0.,0.));
#10015 = PCURVE('',#794,#10016);
#10016 = DEFINITIONAL_REPRESENTATION('',(#10017),#10021);
#10017 = LINE('',#10018,#10019);
#10018 = CARTESIAN_POINT('',(1.854690543779,0.));
#10019 = VECTOR('',#10020,1.);
#10020 = DIRECTION('',(0.,-1.));
#10021 = ( GEOMETRIC_REPRESENTATION_CONTEXT(2) 
PARAMETRIC_REPRESENTATION_CONTEXT() REPRESENTATION_CONTEXT('2D SPACE',''
  ) );
#10022 = PCURVE('',#830,#10023);
#10023 = DEFINITIONAL_REPRESENTATION('',(#10024),#10028);
#10024 = LINE('',#10025,#10026);
#10025 = CARTESIAN_POINT('',(0.,0.));
#10026 = VECTOR('',#10027,1.);
#10027 = DIRECTION('',(0.,-1.));
#10028 = ( GEOMETRIC_REPRESENTATION_CONTEXT(2) 
PARAMETRIC_REPRESENTATION_CONTEXT() REPRESENTATION_CONTEXT('2D SPACE',''
  ) );
#10029 = ORIENTED_EDGE('',*,*,#766,.F.);
#10030 = ADVANCED_FACE('',(#10031),#4706,.F.);
#10031 = FACE_BOUND('',#10032,.F.);
#10032 = EDGE_LOOP('',(#10033,#10054,#10055,#10056));
#10033 = ORIENTED_EDGE('',*,*,#10034,.T.);
#10034 = EDGE_CURVE('',#4643,#8717,#10035,.T.);
#10035 = SURFACE_CURVE('',#10036,(#10040,#10047),.PCURVE_S1.);
#10036 = LINE('',#10037,#10038);
#10037 = CARTESIAN_POINT('',(0.,8.9595305041,-9.419491129892));
#10038 = VECTOR('',#10039,1.);
#10039 = DIRECTION('',(1.,0.,0.));
#10040 = PCURVE('',#4706,#10041);
#10041 = DEFINITIONAL_REPRESENTATION('',(#10042),#10046);
#10042 = LINE('',#10043,#10044);
#10043 = CARTESIAN_POINT('',(0.,0.));
#10044 = VECTOR('',#10045,1.);
#10045 = DIRECTION('',(0.,-1.));
#10046 = ( GEOMETRIC_REPRESENTATION_CONTEXT(2) 
PARAMETRIC_REPRESENTATION_CONTEXT() REPRESENTATION_CONTEXT('2D SPACE',''
  ) );
#10047 = PCURVE('',#4670,#10048);
#10048 = DEFINITIONAL_REPRESENTATION('',(#10049),#10053);
#10049 = LINE('',#10050,#10051);
#10050 = CARTESIAN_POINT('',(1.854690543779,0.));
#10051 = VECTOR('',#10052,1.);
#10052 = DIRECTION('',(0.,-1.));
#10053 = ( GEOMETRIC_REPRESENTATION_CONTEXT(2) 
PARAMETRIC_REPRESENTATION_CONTEXT() REPRESENTATION_CONTEXT('2D SPACE',''
  ) );
#10054 = ORIENTED_EDGE('',*,*,#8751,.T.);
#10055 = ORIENTED_EDGE('',*,*,#9980,.F.);
#10056 = ORIENTED_EDGE('',*,*,#4690,.F.);
#10057 = ADVANCED_FACE('',(#10058),#830,.F.);
#10058 = FACE_BOUND('',#10059,.F.);
#10059 = EDGE_LOOP('',(#10060,#10061,#10062,#10083));
#10060 = ORIENTED_EDGE('',*,*,#10009,.T.);
#10061 = ORIENTED_EDGE('',*,*,#5731,.T.);
#10062 = ORIENTED_EDGE('',*,*,#10063,.F.);
#10063 = EDGE_CURVE('',#815,#5732,#10064,.T.);
#10064 = SURFACE_CURVE('',#10065,(#10069,#10076),.PCURVE_S1.);
#10065 = LINE('',#10066,#10067);
#10066 = CARTESIAN_POINT('',(0.,8.863528884386,6.082791769875));
#10067 = VECTOR('',#10068,1.);
#10068 = DIRECTION('',(1.,0.,0.));
#10069 = PCURVE('',#830,#10070);
#10070 = DEFINITIONAL_REPRESENTATION('',(#10071),#10075);
#10071 = LINE('',#10072,#10073);
#10072 = CARTESIAN_POINT('',(0.526311449431,0.));
#10073 = VECTOR('',#10074,1.);
#10074 = DIRECTION('',(0.,-1.));
#10075 = ( GEOMETRIC_REPRESENTATION_CONTEXT(2) 
PARAMETRIC_REPRESENTATION_CONTEXT() REPRESENTATION_CONTEXT('2D SPACE',''
  ) );
#10076 = PCURVE('',#858,#10077);
#10077 = DEFINITIONAL_REPRESENTATION('',(#10078),#10082);
#10078 = LINE('',#10079,#10080);
#10079 = CARTESIAN_POINT('',(0.,0.));
#10080 = VECTOR('',#10081,1.);
#10081 = DIRECTION('',(0.,-1.));
#10082 = ( GEOMETRIC_REPRESENTATION_CONTEXT(2) 
PARAMETRIC_REPRESENTATION_CONTEXT() REPRESENTATION_CONTEXT('2D SPACE',''
  ) );
#10083 = ORIENTED_EDGE('',*,*,#814,.F.);
#10084 = ADVANCED_FACE('',(#10085),#4670,.F.);
#10085 = FACE_BOUND('',#10086,.F.);
#10086 = EDGE_LOOP('',(#10087,#10108,#10109,#10110));
#10087 = ORIENTED_EDGE('',*,*,#10088,.T.);
#10088 = EDGE_CURVE('',#4615,#8694,#10089,.T.);
#10089 = SURFACE_CURVE('',#10090,(#10094,#10101),.PCURVE_S1.);
#10090 = LINE('',#10091,#10092);
#10091 = CARTESIAN_POINT('',(0.,7.329255345778,-8.569551679111));
#10092 = VECTOR('',#10093,1.);
#10093 = DIRECTION('',(1.,0.,0.));
#10094 = PCURVE('',#4670,#10095);
#10095 = DEFINITIONAL_REPRESENTATION('',(#10096),#10100);
#10096 = LINE('',#10097,#10098);
#10097 = CARTESIAN_POINT('',(0.,0.));
#10098 = VECTOR('',#10099,1.);
#10099 = DIRECTION('',(0.,-1.));
#10100 = ( GEOMETRIC_REPRESENTATION_CONTEXT(2) 
PARAMETRIC_REPRESENTATION_CONTEXT() REPRESENTATION_CONTEXT('2D SPACE',''
  ) );
#10101 = PCURVE('',#4630,#10102);
#10102 = DEFINITIONAL_REPRESENTATION('',(#10103),#10107);
#10103 = LINE('',#10104,#10105);
#10104 = CARTESIAN_POINT('',(0.526311449431,0.));
#10105 = VECTOR('',#10106,1.);
#10106 = DIRECTION('',(0.,-1.));
#10107 = ( GEOMETRIC_REPRESENTATION_CONTEXT(2) 
PARAMETRIC_REPRESENTATION_CONTEXT() REPRESENTATION_CONTEXT('2D SPACE',''
  ) );
#10108 = ORIENTED_EDGE('',*,*,#8716,.T.);
#10109 = ORIENTED_EDGE('',*,*,#10034,.F.);
#10110 = ORIENTED_EDGE('',*,*,#4642,.F.);
#10111 = ADVANCED_FACE('',(#10112),#858,.F.);
#10112 = FACE_BOUND('',#10113,.F.);
#10113 = EDGE_LOOP('',(#10114,#10115,#10116,#10137));
#10114 = ORIENTED_EDGE('',*,*,#10063,.T.);
#10115 = ORIENTED_EDGE('',*,*,#5754,.T.);
#10116 = ORIENTED_EDGE('',*,*,#10117,.F.);
#10117 = EDGE_CURVE('',#843,#5755,#10118,.T.);
#10118 = SURFACE_CURVE('',#10119,(#10123,#10130),.PCURVE_S1.);
#10119 = LINE('',#10120,#10121);
#10120 = CARTESIAN_POINT('',(0.,8.169575748556,6.987169104051));
#10121 = VECTOR('',#10122,1.);
#10122 = DIRECTION('',(1.,0.,0.));
#10123 = PCURVE('',#858,#10124);
#10124 = DEFINITIONAL_REPRESENTATION('',(#10125),#10129);
#10125 = LINE('',#10126,#10127);
#10126 = CARTESIAN_POINT('',(1.139942681584,0.));
#10127 = VECTOR('',#10128,1.);
#10128 = DIRECTION('',(0.,-1.));
#10129 = ( GEOMETRIC_REPRESENTATION_CONTEXT(2) 
PARAMETRIC_REPRESENTATION_CONTEXT() REPRESENTATION_CONTEXT('2D SPACE',''
  ) );
#10130 = PCURVE('',#886,#10131);
#10131 = DEFINITIONAL_REPRESENTATION('',(#10132),#10136);
#10132 = LINE('',#10133,#10134);
#10133 = CARTESIAN_POINT('',(0.,0.));
#10134 = VECTOR('',#10135,1.);
#10135 = DIRECTION('',(0.,-1.));
#10136 = ( GEOMETRIC_REPRESENTATION_CONTEXT(2) 
PARAMETRIC_REPRESENTATION_CONTEXT() REPRESENTATION_CONTEXT('2D SPACE',''
  ) );
#10137 = ORIENTED_EDGE('',*,*,#842,.F.);
#10138 = ADVANCED_FACE('',(#10139),#4630,.F.);
#10139 = FACE_BOUND('',#10140,.F.);
#10140 = EDGE_LOOP('',(#10141,#10162,#10163,#10164));
#10141 = ORIENTED_EDGE('',*,*,#10142,.T.);
#10142 = EDGE_CURVE('',#4587,#8671,#10143,.T.);
#10143 = SURFACE_CURVE('',#10144,(#10148,#10155),.PCURVE_S1.);
#10144 = LINE('',#10145,#10146);
#10145 = CARTESIAN_POINT('',(0.,6.987169104051,-8.169575748556));
#10146 = VECTOR('',#10147,1.);
#10147 = DIRECTION('',(1.,0.,0.));
#10148 = PCURVE('',#4630,#10149);
#10149 = DEFINITIONAL_REPRESENTATION('',(#10150),#10154);
#10150 = LINE('',#10151,#10152);
#10151 = CARTESIAN_POINT('',(0.,0.));
#10152 = VECTOR('',#10153,1.);
#10153 = DIRECTION('',(0.,-1.));
#10154 = ( GEOMETRIC_REPRESENTATION_CONTEXT(2) 
PARAMETRIC_REPRESENTATION_CONTEXT() REPRESENTATION_CONTEXT('2D SPACE',''
  ) );
#10155 = PCURVE('',#4602,#10156);
#10156 = DEFINITIONAL_REPRESENTATION('',(#10157),#10161);
#10157 = LINE('',#10158,#10159);
#10158 = CARTESIAN_POINT('',(1.139942681584,0.));
#10159 = VECTOR('',#10160,1.);
#10160 = DIRECTION('',(0.,-1.));
#10161 = ( GEOMETRIC_REPRESENTATION_CONTEXT(2) 
PARAMETRIC_REPRESENTATION_CONTEXT() REPRESENTATION_CONTEXT('2D SPACE',''
  ) );
#10162 = ORIENTED_EDGE('',*,*,#8693,.T.);
#10163 = ORIENTED_EDGE('',*,*,#10088,.F.);
#10164 = ORIENTED_EDGE('',*,*,#4614,.F.);
#10165 = ADVANCED_FACE('',(#10166),#886,.F.);
#10166 = FACE_BOUND('',#10167,.F.);
#10167 = EDGE_LOOP('',(#10168,#10169,#10170,#10191));
#10168 = ORIENTED_EDGE('',*,*,#10117,.T.);
#10169 = ORIENTED_EDGE('',*,*,#5777,.T.);
#10170 = ORIENTED_EDGE('',*,*,#10171,.F.);
#10171 = EDGE_CURVE('',#871,#5778,#10172,.T.);
#10172 = SURFACE_CURVE('',#10173,(#10177,#10184),.PCURVE_S1.);
#10173 = LINE('',#10174,#10175);
#10174 = CARTESIAN_POINT('',(0.,8.569551679111,7.329255345778));
#10175 = VECTOR('',#10176,1.);
#10176 = DIRECTION('',(1.,0.,0.));
#10177 = PCURVE('',#886,#10178);
#10178 = DEFINITIONAL_REPRESENTATION('',(#10179),#10183);
#10179 = LINE('',#10180,#10181);
#10180 = CARTESIAN_POINT('',(0.526311449431,0.));
#10181 = VECTOR('',#10182,1.);
#10182 = DIRECTION('',(0.,-1.));
#10183 = ( GEOMETRIC_REPRESENTATION_CONTEXT(2) 
PARAMETRIC_REPRESENTATION_CONTEXT() REPRESENTATION_CONTEXT('2D SPACE',''
  ) );
#10184 = PCURVE('',#926,#10185);
#10185 = DEFINITIONAL_REPRESENTATION('',(#10186),#10190);
#10186 = LINE('',#10187,#10188);
#10187 = CARTESIAN_POINT('',(0.,0.));
#10188 = VECTOR('',#10189,1.);
#10189 = DIRECTION('',(0.,-1.));
#10190 = ( GEOMETRIC_REPRESENTATION_CONTEXT(2) 
PARAMETRIC_REPRESENTATION_CONTEXT() REPRESENTATION_CONTEXT('2D SPACE',''
  ) );
#10191 = ORIENTED_EDGE('',*,*,#870,.F.);
#10192 = ADVANCED_FACE('',(#10193),#4602,.F.);
#10193 = FACE_BOUND('',#10194,.F.);
#10194 = EDGE_LOOP('',(#10195,#10216,#10217,#10218));
#10195 = ORIENTED_EDGE('',*,*,#10196,.T.);
#10196 = EDGE_CURVE('',#4559,#8648,#10197,.T.);
#10197 = SURFACE_CURVE('',#10198,(#10202,#10209),.PCURVE_S1.);
#10198 = LINE('',#10199,#10200);
#10199 = CARTESIAN_POINT('',(0.,6.082791769875,-8.863528884386));
#10200 = VECTOR('',#10201,1.);
#10201 = DIRECTION('',(1.,0.,0.));
#10202 = PCURVE('',#4602,#10203);
#10203 = DEFINITIONAL_REPRESENTATION('',(#10204),#10208);
#10204 = LINE('',#10205,#10206);
#10205 = CARTESIAN_POINT('',(0.,0.));
#10206 = VECTOR('',#10207,1.);
#10207 = DIRECTION('',(0.,-1.));
#10208 = ( GEOMETRIC_REPRESENTATION_CONTEXT(2) 
PARAMETRIC_REPRESENTATION_CONTEXT() REPRESENTATION_CONTEXT('2D SPACE',''
  ) );
#10209 = PCURVE('',#4574,#10210);
#10210 = DEFINITIONAL_REPRESENTATION('',(#10211),#10215);
#10211 = LINE('',#10212,#10213);
#10212 = CARTESIAN_POINT('',(0.526311449431,0.));
#10213 = VECTOR('',#10214,1.);
#10214 = DIRECTION('',(0.,-1.));
#10215 = ( GEOMETRIC_REPRESENTATION_CONTEXT(2) 
PARAMETRIC_REPRESENTATION_CONTEXT() REPRESENTATION_CONTEXT('2D SPACE',''
  ) );
#10216 = ORIENTED_EDGE('',*,*,#8670,.T.);
#10217 = ORIENTED_EDGE('',*,*,#10142,.F.);
#10218 = ORIENTED_EDGE('',*,*,#4586,.F.);
#10219 = ADVANCED_FACE('',(#10220),#926,.F.);
#10220 = FACE_BOUND('',#10221,.F.);
#10221 = EDGE_LOOP('',(#10222,#10223,#10224,#10245));
#10222 = ORIENTED_EDGE('',*,*,#10171,.T.);
#10223 = ORIENTED_EDGE('',*,*,#5800,.T.);
#10224 = ORIENTED_EDGE('',*,*,#10225,.F.);
#10225 = EDGE_CURVE('',#899,#5801,#10226,.T.);
#10226 = SURFACE_CURVE('',#10227,(#10231,#10238),.PCURVE_S1.);
#10227 = LINE('',#10228,#10229);
#10228 = CARTESIAN_POINT('',(0.,9.419491129892,8.9595305041));
#10229 = VECTOR('',#10230,1.);
#10230 = DIRECTION('',(1.,0.,0.));
#10231 = PCURVE('',#926,#10232);
#10232 = DEFINITIONAL_REPRESENTATION('',(#10233),#10237);
#10233 = LINE('',#10234,#10235);
#10234 = CARTESIAN_POINT('',(1.854690543779,0.));
#10235 = VECTOR('',#10236,1.);
#10236 = DIRECTION('',(0.,-1.));
#10237 = ( GEOMETRIC_REPRESENTATION_CONTEXT(2) 
PARAMETRIC_REPRESENTATION_CONTEXT() REPRESENTATION_CONTEXT('2D SPACE',''
  ) );
#10238 = PCURVE('',#962,#10239);
#10239 = DEFINITIONAL_REPRESENTATION('',(#10240),#10244);
#10240 = LINE('',#10241,#10242);
#10241 = CARTESIAN_POINT('',(0.,0.));
#10242 = VECTOR('',#10243,1.);
#10243 = DIRECTION('',(0.,-1.));
#10244 = ( GEOMETRIC_REPRESENTATION_CONTEXT(2) 
PARAMETRIC_REPRESENTATION_CONTEXT() REPRESENTATION_CONTEXT('2D SPACE',''
  ) );
#10245 = ORIENTED_EDGE('',*,*,#898,.F.);
#10246 = ADVANCED_FACE('',(#10247),#4574,.F.);
#10247 = FACE_BOUND('',#10248,.F.);
#10248 = EDGE_LOOP('',(#10249,#10270,#10271,#10272));
#10249 = ORIENTED_EDGE('',*,*,#10250,.T.);
#10250 = EDGE_CURVE('',#4511,#8613,#10251,.T.);
#10251 = SURFACE_CURVE('',#10252,(#10256,#10263),.PCURVE_S1.);
#10252 = LINE('',#10253,#10254);
#10253 = CARTESIAN_POINT('',(0.,6.380600416665,-9.297480208499));
#10254 = VECTOR('',#10255,1.);
#10255 = DIRECTION('',(1.,0.,0.));
#10256 = PCURVE('',#4574,#10257);
#10257 = DEFINITIONAL_REPRESENTATION('',(#10258),#10262);
#10258 = LINE('',#10259,#10260);
#10259 = CARTESIAN_POINT('',(0.,0.));
#10260 = VECTOR('',#10261,1.);
#10261 = DIRECTION('',(0.,-1.));
#10262 = ( GEOMETRIC_REPRESENTATION_CONTEXT(2) 
PARAMETRIC_REPRESENTATION_CONTEXT() REPRESENTATION_CONTEXT('2D SPACE',''
  ) );
#10263 = PCURVE('',#4538,#10264);
#10264 = DEFINITIONAL_REPRESENTATION('',(#10265),#10269);
#10265 = LINE('',#10266,#10267);
#10266 = CARTESIAN_POINT('',(1.854690543779,0.));
#10267 = VECTOR('',#10268,1.);
#10268 = DIRECTION('',(0.,-1.));
#10269 = ( GEOMETRIC_REPRESENTATION_CONTEXT(2) 
PARAMETRIC_REPRESENTATION_CONTEXT() REPRESENTATION_CONTEXT('2D SPACE',''
  ) );
#10270 = ORIENTED_EDGE('',*,*,#8647,.T.);
#10271 = ORIENTED_EDGE('',*,*,#10196,.F.);
#10272 = ORIENTED_EDGE('',*,*,#4558,.F.);
#10273 = ADVANCED_FACE('',(#10274),#962,.F.);
#10274 = FACE_BOUND('',#10275,.F.);
#10275 = EDGE_LOOP('',(#10276,#10277,#10278,#10299));
#10276 = ORIENTED_EDGE('',*,*,#10225,.T.);
#10277 = ORIENTED_EDGE('',*,*,#5835,.T.);
#10278 = ORIENTED_EDGE('',*,*,#10279,.F.);
#10279 = EDGE_CURVE('',#947,#5836,#10280,.T.);
#10280 = SURFACE_CURVE('',#10281,(#10285,#10292),.PCURVE_S1.);
#10281 = LINE('',#10282,#10283);
#10282 = CARTESIAN_POINT('',(0.,8.9595305041,9.419491129892));
#10283 = VECTOR('',#10284,1.);
#10284 = DIRECTION('',(1.,0.,0.));
#10285 = PCURVE('',#962,#10286);
#10286 = DEFINITIONAL_REPRESENTATION('',(#10287),#10291);
#10287 = LINE('',#10288,#10289);
#10288 = CARTESIAN_POINT('',(0.650482555152,0.));
#10289 = VECTOR('',#10290,1.);
#10290 = DIRECTION('',(0.,-1.));
#10291 = ( GEOMETRIC_REPRESENTATION_CONTEXT(2) 
PARAMETRIC_REPRESENTATION_CONTEXT() REPRESENTATION_CONTEXT('2D SPACE',''
  ) );
#10292 = PCURVE('',#1002,#10293);
#10293 = DEFINITIONAL_REPRESENTATION('',(#10294),#10298);
#10294 = LINE('',#10295,#10296);
#10295 = CARTESIAN_POINT('',(0.,0.));
#10296 = VECTOR('',#10297,1.);
#10297 = DIRECTION('',(0.,-1.));
#10298 = ( GEOMETRIC_REPRESENTATION_CONTEXT(2) 
PARAMETRIC_REPRESENTATION_CONTEXT() REPRESENTATION_CONTEXT('2D SPACE',''
  ) );
#10299 = ORIENTED_EDGE('',*,*,#946,.F.);
#10300 = ADVANCED_FACE('',(#10301),#4538,.F.);
#10301 = FACE_BOUND('',#10302,.F.);
#10302 = EDGE_LOOP('',(#10303,#10324,#10325,#10326));
#10303 = ORIENTED_EDGE('',*,*,#10304,.T.);
#10304 = EDGE_CURVE('',#4483,#8590,#10305,.T.);
#10305 = SURFACE_CURVE('',#10306,(#10310,#10317),.PCURVE_S1.);
#10306 = LINE('',#10307,#10308);
#10307 = CARTESIAN_POINT('',(0.,6.779632623225,-11.09218560492));
#10308 = VECTOR('',#10309,1.);
#10309 = DIRECTION('',(1.,0.,0.));
#10310 = PCURVE('',#4538,#10311);
#10311 = DEFINITIONAL_REPRESENTATION('',(#10312),#10316);
#10312 = LINE('',#10313,#10314);
#10313 = CARTESIAN_POINT('',(0.,0.));
#10314 = VECTOR('',#10315,1.);
#10315 = DIRECTION('',(0.,-1.));
#10316 = ( GEOMETRIC_REPRESENTATION_CONTEXT(2) 
PARAMETRIC_REPRESENTATION_CONTEXT() REPRESENTATION_CONTEXT('2D SPACE',''
  ) );
#10317 = PCURVE('',#4498,#10318);
#10318 = DEFINITIONAL_REPRESENTATION('',(#10319),#10323);
#10319 = LINE('',#10320,#10321);
#10320 = CARTESIAN_POINT('',(0.650482555152,0.));
#10321 = VECTOR('',#10322,1.);
#10322 = DIRECTION('',(0.,-1.));
#10323 = ( GEOMETRIC_REPRESENTATION_CONTEXT(2) 
PARAMETRIC_REPRESENTATION_CONTEXT() REPRESENTATION_CONTEXT('2D SPACE',''
  ) );
#10324 = ORIENTED_EDGE('',*,*,#8612,.T.);
#10325 = ORIENTED_EDGE('',*,*,#10250,.F.);
#10326 = ORIENTED_EDGE('',*,*,#4510,.F.);
#10327 = ADVANCED_FACE('',(#10328),#1002,.F.);
#10328 = FACE_BOUND('',#10329,.F.);
#10329 = EDGE_LOOP('',(#10330,#10331,#10332,#10353));
#10330 = ORIENTED_EDGE('',*,*,#10279,.T.);
#10331 = ORIENTED_EDGE('',*,*,#5858,.T.);
#10332 = ORIENTED_EDGE('',*,*,#10333,.F.);
#10333 = EDGE_CURVE('',#975,#5859,#10334,.T.);
#10334 = SURFACE_CURVE('',#10335,(#10339,#10346),.PCURVE_S1.);
#10335 = LINE('',#10336,#10337);
#10336 = CARTESIAN_POINT('',(0.,7.329255345778,8.569551679111));
#10337 = VECTOR('',#10338,1.);
#10338 = DIRECTION('',(1.,0.,0.));
#10339 = PCURVE('',#1002,#10340);
#10340 = DEFINITIONAL_REPRESENTATION('',(#10341),#10345);
#10341 = LINE('',#10342,#10343);
#10342 = CARTESIAN_POINT('',(1.854690543779,0.));
#10343 = VECTOR('',#10344,1.);
#10344 = DIRECTION('',(0.,-1.));
#10345 = ( GEOMETRIC_REPRESENTATION_CONTEXT(2) 
PARAMETRIC_REPRESENTATION_CONTEXT() REPRESENTATION_CONTEXT('2D SPACE',''
  ) );
#10346 = PCURVE('',#1038,#10347);
#10347 = DEFINITIONAL_REPRESENTATION('',(#10348),#10352);
#10348 = LINE('',#10349,#10350);
#10349 = CARTESIAN_POINT('',(0.,0.));
#10350 = VECTOR('',#10351,1.);
#10351 = DIRECTION('',(0.,-1.));
#10352 = ( GEOMETRIC_REPRESENTATION_CONTEXT(2) 
PARAMETRIC_REPRESENTATION_CONTEXT() REPRESENTATION_CONTEXT('2D SPACE',''
  ) );
#10353 = ORIENTED_EDGE('',*,*,#974,.F.);
#10354 = ADVANCED_FACE('',(#10355),#4498,.F.);
#10355 = FACE_BOUND('',#10356,.F.);
#10356 = EDGE_LOOP('',(#10357,#10378,#10379,#10380));
#10357 = ORIENTED_EDGE('',*,*,#10358,.T.);
#10358 = EDGE_CURVE('',#4435,#8555,#10359,.T.);
#10359 = SURFACE_CURVE('',#10360,(#10364,#10371),.PCURVE_S1.);
#10360 = LINE('',#10361,#10362);
#10361 = CARTESIAN_POINT('',(0.,6.216298205745,-11.4174268825));
#10362 = VECTOR('',#10363,1.);
#10363 = DIRECTION('',(1.,0.,0.));
#10364 = PCURVE('',#4498,#10365);
#10365 = DEFINITIONAL_REPRESENTATION('',(#10366),#10370);
#10366 = LINE('',#10367,#10368);
#10367 = CARTESIAN_POINT('',(0.,0.));
#10368 = VECTOR('',#10369,1.);
#10369 = DIRECTION('',(0.,-1.));
#10370 = ( GEOMETRIC_REPRESENTATION_CONTEXT(2) 
PARAMETRIC_REPRESENTATION_CONTEXT() REPRESENTATION_CONTEXT('2D SPACE',''
  ) );
#10371 = PCURVE('',#4462,#10372);
#10372 = DEFINITIONAL_REPRESENTATION('',(#10373),#10377);
#10373 = LINE('',#10374,#10375);
#10374 = CARTESIAN_POINT('',(1.854690543779,0.));
#10375 = VECTOR('',#10376,1.);
#10376 = DIRECTION('',(0.,-1.));
#10377 = ( GEOMETRIC_REPRESENTATION_CONTEXT(2) 
PARAMETRIC_REPRESENTATION_CONTEXT() REPRESENTATION_CONTEXT('2D SPACE',''
  ) );
#10378 = ORIENTED_EDGE('',*,*,#8589,.T.);
#10379 = ORIENTED_EDGE('',*,*,#10304,.F.);
#10380 = ORIENTED_EDGE('',*,*,#4482,.F.);
#10381 = ADVANCED_FACE('',(#10382),#1038,.F.);
#10382 = FACE_BOUND('',#10383,.F.);
#10383 = EDGE_LOOP('',(#10384,#10385,#10386,#10407));
#10384 = ORIENTED_EDGE('',*,*,#10333,.T.);
#10385 = ORIENTED_EDGE('',*,*,#5893,.T.);
#10386 = ORIENTED_EDGE('',*,*,#10387,.F.);
#10387 = EDGE_CURVE('',#1023,#5894,#10388,.T.);
#10388 = SURFACE_CURVE('',#10389,(#10393,#10400),.PCURVE_S1.);
#10389 = LINE('',#10390,#10391);
#10390 = CARTESIAN_POINT('',(0.,6.987169104051,8.169575748556));
#10391 = VECTOR('',#10392,1.);
#10392 = DIRECTION('',(1.,0.,0.));
#10393 = PCURVE('',#1038,#10394);
#10394 = DEFINITIONAL_REPRESENTATION('',(#10395),#10399);
#10395 = LINE('',#10396,#10397);
#10396 = CARTESIAN_POINT('',(0.526311449431,0.));
#10397 = VECTOR('',#10398,1.);
#10398 = DIRECTION('',(0.,-1.));
#10399 = ( GEOMETRIC_REPRESENTATION_CONTEXT(2) 
PARAMETRIC_REPRESENTATION_CONTEXT() REPRESENTATION_CONTEXT('2D SPACE',''
  ) );
#10400 = PCURVE('',#1066,#10401);
#10401 = DEFINITIONAL_REPRESENTATION('',(#10402),#10406);
#10402 = LINE('',#10403,#10404);
#10403 = CARTESIAN_POINT('',(0.,0.));
#10404 = VECTOR('',#10405,1.);
#10405 = DIRECTION('',(0.,-1.));
#10406 = ( GEOMETRIC_REPRESENTATION_CONTEXT(2) 
PARAMETRIC_REPRESENTATION_CONTEXT() REPRESENTATION_CONTEXT('2D SPACE',''
  ) );
#10407 = ORIENTED_EDGE('',*,*,#1022,.F.);
#10408 = ADVANCED_FACE('',(#10409),#4462,.F.);
#10409 = FACE_BOUND('',#10410,.F.);
#10410 = EDGE_LOOP('',(#10411,#10432,#10433,#10434));
#10411 = ORIENTED_EDGE('',*,*,#10412,.T.);
#10412 = EDGE_CURVE('',#4407,#8532,#10413,.T.);
#10413 = SURFACE_CURVE('',#10414,(#10418,#10425),.PCURVE_S1.);
#10414 = LINE('',#10415,#10416);
#10415 = CARTESIAN_POINT('',(0.,4.86155384341,-10.17450215647));
#10416 = VECTOR('',#10417,1.);
#10417 = DIRECTION('',(1.,0.,0.));
#10418 = PCURVE('',#4462,#10419);
#10419 = DEFINITIONAL_REPRESENTATION('',(#10420),#10424);
#10420 = LINE('',#10421,#10422);
#10421 = CARTESIAN_POINT('',(0.,0.));
#10422 = VECTOR('',#10423,1.);
#10423 = DIRECTION('',(0.,-1.));
#10424 = ( GEOMETRIC_REPRESENTATION_CONTEXT(2) 
PARAMETRIC_REPRESENTATION_CONTEXT() REPRESENTATION_CONTEXT('2D SPACE',''
  ) );
#10425 = PCURVE('',#4422,#10426);
#10426 = DEFINITIONAL_REPRESENTATION('',(#10427),#10431);
#10427 = LINE('',#10428,#10429);
#10428 = CARTESIAN_POINT('',(0.526311449431,0.));
#10429 = VECTOR('',#10430,1.);
#10430 = DIRECTION('',(0.,-1.));
#10431 = ( GEOMETRIC_REPRESENTATION_CONTEXT(2) 
PARAMETRIC_REPRESENTATION_CONTEXT() REPRESENTATION_CONTEXT('2D SPACE',''
  ) );
#10432 = ORIENTED_EDGE('',*,*,#8554,.T.);
#10433 = ORIENTED_EDGE('',*,*,#10358,.F.);
#10434 = ORIENTED_EDGE('',*,*,#4434,.F.);
#10435 = ADVANCED_FACE('',(#10436),#1066,.F.);
#10436 = FACE_BOUND('',#10437,.F.);
#10437 = EDGE_LOOP('',(#10438,#10439,#10440,#10461));
#10438 = ORIENTED_EDGE('',*,*,#10387,.T.);
#10439 = ORIENTED_EDGE('',*,*,#5916,.T.);
#10440 = ORIENTED_EDGE('',*,*,#10441,.F.);
#10441 = EDGE_CURVE('',#1051,#5917,#10442,.T.);
#10442 = SURFACE_CURVE('',#10443,(#10447,#10454),.PCURVE_S1.);
#10443 = LINE('',#10444,#10445);
#10444 = CARTESIAN_POINT('',(0.,6.082791769875,8.863528884386));
#10445 = VECTOR('',#10446,1.);
#10446 = DIRECTION('',(1.,0.,0.));
#10447 = PCURVE('',#1066,#10448);
#10448 = DEFINITIONAL_REPRESENTATION('',(#10449),#10453);
#10449 = LINE('',#10450,#10451);
#10450 = CARTESIAN_POINT('',(1.139942681584,0.));
#10451 = VECTOR('',#10452,1.);
#10452 = DIRECTION('',(0.,-1.));
#10453 = ( GEOMETRIC_REPRESENTATION_CONTEXT(2) 
PARAMETRIC_REPRESENTATION_CONTEXT() REPRESENTATION_CONTEXT('2D SPACE',''
  ) );
#10454 = PCURVE('',#1094,#10455);
#10455 = DEFINITIONAL_REPRESENTATION('',(#10456),#10460);
#10456 = LINE('',#10457,#10458);
#10457 = CARTESIAN_POINT('',(0.,0.));
#10458 = VECTOR('',#10459,1.);
#10459 = DIRECTION('',(0.,-1.));
#10460 = ( GEOMETRIC_REPRESENTATION_CONTEXT(2) 
PARAMETRIC_REPRESENTATION_CONTEXT() REPRESENTATION_CONTEXT('2D SPACE',''
  ) );
#10461 = ORIENTED_EDGE('',*,*,#1050,.F.);
#10462 = ADVANCED_FACE('',(#10463),#4422,.F.);
#10463 = FACE_BOUND('',#10464,.F.);
#10464 = EDGE_LOOP('',(#10465,#10486,#10487,#10488));
#10465 = ORIENTED_EDGE('',*,*,#10466,.T.);
#10466 = EDGE_CURVE('',#4379,#8509,#10467,.T.);
#10467 = SURFACE_CURVE('',#10468,(#10472,#10479),.PCURVE_S1.);
#10468 = LINE('',#10469,#10470);
#10469 = CARTESIAN_POINT('',(0.,4.634645296118,-9.699616640836));
#10470 = VECTOR('',#10471,1.);
#10471 = DIRECTION('',(1.,0.,0.));
#10472 = PCURVE('',#4422,#10473);
#10473 = DEFINITIONAL_REPRESENTATION('',(#10474),#10478);
#10474 = LINE('',#10475,#10476);
#10475 = CARTESIAN_POINT('',(0.,0.));
#10476 = VECTOR('',#10477,1.);
#10477 = DIRECTION('',(0.,-1.));
#10478 = ( GEOMETRIC_REPRESENTATION_CONTEXT(2) 
PARAMETRIC_REPRESENTATION_CONTEXT() REPRESENTATION_CONTEXT('2D SPACE',''
  ) );
#10479 = PCURVE('',#4394,#10480);
#10480 = DEFINITIONAL_REPRESENTATION('',(#10481),#10485);
#10481 = LINE('',#10482,#10483);
#10482 = CARTESIAN_POINT('',(1.139942681584,0.));
#10483 = VECTOR('',#10484,1.);
#10484 = DIRECTION('',(0.,-1.));
#10485 = ( GEOMETRIC_REPRESENTATION_CONTEXT(2) 
PARAMETRIC_REPRESENTATION_CONTEXT() REPRESENTATION_CONTEXT('2D SPACE',''
  ) );
#10486 = ORIENTED_EDGE('',*,*,#8531,.T.);
#10487 = ORIENTED_EDGE('',*,*,#10412,.F.);
#10488 = ORIENTED_EDGE('',*,*,#4406,.F.);
#10489 = ADVANCED_FACE('',(#10490),#1094,.F.);
#10490 = FACE_BOUND('',#10491,.F.);
#10491 = EDGE_LOOP('',(#10492,#10493,#10494,#10515));
#10492 = ORIENTED_EDGE('',*,*,#10441,.T.);
#10493 = ORIENTED_EDGE('',*,*,#5939,.T.);
#10494 = ORIENTED_EDGE('',*,*,#10495,.F.);
#10495 = EDGE_CURVE('',#1079,#5940,#10496,.T.);
#10496 = SURFACE_CURVE('',#10497,(#10501,#10508),.PCURVE_S1.);
#10497 = LINE('',#10498,#10499);
#10498 = CARTESIAN_POINT('',(0.,6.380600416665,9.297480208499));
#10499 = VECTOR('',#10500,1.);
#10500 = DIRECTION('',(1.,0.,0.));
#10501 = PCURVE('',#1094,#10502);
#10502 = DEFINITIONAL_REPRESENTATION('',(#10503),#10507);
#10503 = LINE('',#10504,#10505);
#10504 = CARTESIAN_POINT('',(0.526311449431,0.));
#10505 = VECTOR('',#10506,1.);
#10506 = DIRECTION('',(0.,-1.));
#10507 = ( GEOMETRIC_REPRESENTATION_CONTEXT(2) 
PARAMETRIC_REPRESENTATION_CONTEXT() REPRESENTATION_CONTEXT('2D SPACE',''
  ) );
#10508 = PCURVE('',#1134,#10509);
#10509 = DEFINITIONAL_REPRESENTATION('',(#10510),#10514);
#10510 = LINE('',#10511,#10512);
#10511 = CARTESIAN_POINT('',(0.,0.));
#10512 = VECTOR('',#10513,1.);
#10513 = DIRECTION('',(0.,-1.));
#10514 = ( GEOMETRIC_REPRESENTATION_CONTEXT(2) 
PARAMETRIC_REPRESENTATION_CONTEXT() REPRESENTATION_CONTEXT('2D SPACE',''
  ) );
#10515 = ORIENTED_EDGE('',*,*,#1078,.F.);
#10516 = ADVANCED_FACE('',(#10517),#4394,.F.);
#10517 = FACE_BOUND('',#10518,.F.);
#10518 = EDGE_LOOP('',(#10519,#10540,#10541,#10542));
#10519 = ORIENTED_EDGE('',*,*,#10520,.T.);
#10520 = EDGE_CURVE('',#4351,#8486,#10521,.T.);
#10521 = SURFACE_CURVE('',#10522,(#10526,#10533),.PCURVE_S1.);
#10522 = LINE('',#10523,#10524);
#10523 = CARTESIAN_POINT('',(0.,3.581475584366,-10.13585381892));
#10524 = VECTOR('',#10525,1.);
#10525 = DIRECTION('',(1.,0.,0.));
#10526 = PCURVE('',#4394,#10527);
#10527 = DEFINITIONAL_REPRESENTATION('',(#10528),#10532);
#10528 = LINE('',#10529,#10530);
#10529 = CARTESIAN_POINT('',(0.,0.));
#10530 = VECTOR('',#10531,1.);
#10531 = DIRECTION('',(0.,-1.));
#10532 = ( GEOMETRIC_REPRESENTATION_CONTEXT(2) 
PARAMETRIC_REPRESENTATION_CONTEXT() REPRESENTATION_CONTEXT('2D SPACE',''
  ) );
#10533 = PCURVE('',#4366,#10534);
#10534 = DEFINITIONAL_REPRESENTATION('',(#10535),#10539);
#10535 = LINE('',#10536,#10537);
#10536 = CARTESIAN_POINT('',(0.526311449431,0.));
#10537 = VECTOR('',#10538,1.);
#10538 = DIRECTION('',(0.,-1.));
#10539 = ( GEOMETRIC_REPRESENTATION_CONTEXT(2) 
PARAMETRIC_REPRESENTATION_CONTEXT() REPRESENTATION_CONTEXT('2D SPACE',''
  ) );
#10540 = ORIENTED_EDGE('',*,*,#8508,.T.);
#10541 = ORIENTED_EDGE('',*,*,#10466,.F.);
#10542 = ORIENTED_EDGE('',*,*,#4378,.F.);
#10543 = ADVANCED_FACE('',(#10544),#1134,.F.);
#10544 = FACE_BOUND('',#10545,.F.);
#10545 = EDGE_LOOP('',(#10546,#10547,#10548,#10569));
#10546 = ORIENTED_EDGE('',*,*,#10495,.T.);
#10547 = ORIENTED_EDGE('',*,*,#5962,.T.);
#10548 = ORIENTED_EDGE('',*,*,#10549,.F.);
#10549 = EDGE_CURVE('',#1107,#5963,#10550,.T.);
#10550 = SURFACE_CURVE('',#10551,(#10555,#10562),.PCURVE_S1.);
#10551 = LINE('',#10552,#10553);
#10552 = CARTESIAN_POINT('',(0.,6.779632623225,11.092185604925));
#10553 = VECTOR('',#10554,1.);
#10554 = DIRECTION('',(1.,0.,0.));
#10555 = PCURVE('',#1134,#10556);
#10556 = DEFINITIONAL_REPRESENTATION('',(#10557),#10561);
#10557 = LINE('',#10558,#10559);
#10558 = CARTESIAN_POINT('',(1.854690543779,0.));
#10559 = VECTOR('',#10560,1.);
#10560 = DIRECTION('',(0.,-1.));
#10561 = ( GEOMETRIC_REPRESENTATION_CONTEXT(2) 
PARAMETRIC_REPRESENTATION_CONTEXT() REPRESENTATION_CONTEXT('2D SPACE',''
  ) );
#10562 = PCURVE('',#1170,#10563);
#10563 = DEFINITIONAL_REPRESENTATION('',(#10564),#10568);
#10564 = LINE('',#10565,#10566);
#10565 = CARTESIAN_POINT('',(0.,0.));
#10566 = VECTOR('',#10567,1.);
#10567 = DIRECTION('',(0.,-1.));
#10568 = ( GEOMETRIC_REPRESENTATION_CONTEXT(2) 
PARAMETRIC_REPRESENTATION_CONTEXT() REPRESENTATION_CONTEXT('2D SPACE',''
  ) );
#10569 = ORIENTED_EDGE('',*,*,#1106,.F.);
#10570 = ADVANCED_FACE('',(#10571),#4366,.F.);
#10571 = FACE_BOUND('',#10572,.F.);
#10572 = EDGE_LOOP('',(#10573,#10594,#10595,#10596));
#10573 = ORIENTED_EDGE('',*,*,#10574,.T.);
#10574 = EDGE_CURVE('',#4303,#8451,#10575,.T.);
#10575 = SURFACE_CURVE('',#10576,(#10580,#10587),.PCURVE_S1.);
#10576 = LINE('',#10577,#10578);
#10577 = CARTESIAN_POINT('',(0.,3.756821780264,-10.63209715982));
#10578 = VECTOR('',#10579,1.);
#10579 = DIRECTION('',(1.,0.,0.));
#10580 = PCURVE('',#4366,#10581);
#10581 = DEFINITIONAL_REPRESENTATION('',(#10582),#10586);
#10582 = LINE('',#10583,#10584);
#10583 = CARTESIAN_POINT('',(0.,0.));
#10584 = VECTOR('',#10585,1.);
#10585 = DIRECTION('',(0.,-1.));
#10586 = ( GEOMETRIC_REPRESENTATION_CONTEXT(2) 
PARAMETRIC_REPRESENTATION_CONTEXT() REPRESENTATION_CONTEXT('2D SPACE',''
  ) );
#10587 = PCURVE('',#4330,#10588);
#10588 = DEFINITIONAL_REPRESENTATION('',(#10589),#10593);
#10589 = LINE('',#10590,#10591);
#10590 = CARTESIAN_POINT('',(1.854690543779,0.));
#10591 = VECTOR('',#10592,1.);
#10592 = DIRECTION('',(0.,-1.));
#10593 = ( GEOMETRIC_REPRESENTATION_CONTEXT(2) 
PARAMETRIC_REPRESENTATION_CONTEXT() REPRESENTATION_CONTEXT('2D SPACE',''
  ) );
#10594 = ORIENTED_EDGE('',*,*,#8485,.T.);
#10595 = ORIENTED_EDGE('',*,*,#10520,.F.);
#10596 = ORIENTED_EDGE('',*,*,#4350,.F.);
#10597 = ADVANCED_FACE('',(#10598),#1170,.F.);
#10598 = FACE_BOUND('',#10599,.F.);
#10599 = EDGE_LOOP('',(#10600,#10601,#10602,#10623));
#10600 = ORIENTED_EDGE('',*,*,#10549,.T.);
#10601 = ORIENTED_EDGE('',*,*,#5997,.T.);
#10602 = ORIENTED_EDGE('',*,*,#10603,.F.);
#10603 = EDGE_CURVE('',#1155,#5998,#10604,.T.);
#10604 = SURFACE_CURVE('',#10605,(#10609,#10616),.PCURVE_S1.);
#10605 = LINE('',#10606,#10607);
#10606 = CARTESIAN_POINT('',(0.,6.216298205745,11.417426882501));
#10607 = VECTOR('',#10608,1.);
#10608 = DIRECTION('',(1.,0.,0.));
#10609 = PCURVE('',#1170,#10610);
#10610 = DEFINITIONAL_REPRESENTATION('',(#10611),#10615);
#10611 = LINE('',#10612,#10613);
#10612 = CARTESIAN_POINT('',(0.650482555152,0.));
#10613 = VECTOR('',#10614,1.);
#10614 = DIRECTION('',(0.,-1.));
#10615 = ( GEOMETRIC_REPRESENTATION_CONTEXT(2) 
PARAMETRIC_REPRESENTATION_CONTEXT() REPRESENTATION_CONTEXT('2D SPACE',''
  ) );
#10616 = PCURVE('',#1210,#10617);
#10617 = DEFINITIONAL_REPRESENTATION('',(#10618),#10622);
#10618 = LINE('',#10619,#10620);
#10619 = CARTESIAN_POINT('',(0.,0.));
#10620 = VECTOR('',#10621,1.);
#10621 = DIRECTION('',(0.,-1.));
#10622 = ( GEOMETRIC_REPRESENTATION_CONTEXT(2) 
PARAMETRIC_REPRESENTATION_CONTEXT() REPRESENTATION_CONTEXT('2D SPACE',''
  ) );
#10623 = ORIENTED_EDGE('',*,*,#1154,.F.);
#10624 = ADVANCED_FACE('',(#10625),#4330,.F.);
#10625 = FACE_BOUND('',#10626,.F.);
#10626 = EDGE_LOOP('',(#10627,#10648,#10649,#10650));
#10627 = ORIENTED_EDGE('',*,*,#10628,.T.);
#10628 = EDGE_CURVE('',#4275,#8428,#10629,.T.);
#10629 = SURFACE_CURVE('',#10630,(#10634,#10641),.PCURVE_S1.);
#10630 = LINE('',#10631,#10632);
#10631 = CARTESIAN_POINT('',(0.,3.677753357158,-12.46892658747));
#10632 = VECTOR('',#10633,1.);
#10633 = DIRECTION('',(1.,0.,0.));
#10634 = PCURVE('',#4330,#10635);
#10635 = DEFINITIONAL_REPRESENTATION('',(#10636),#10640);
#10636 = LINE('',#10637,#10638);
#10637 = CARTESIAN_POINT('',(0.,0.));
#10638 = VECTOR('',#10639,1.);
#10639 = DIRECTION('',(0.,-1.));
#10640 = ( GEOMETRIC_REPRESENTATION_CONTEXT(2) 
PARAMETRIC_REPRESENTATION_CONTEXT() REPRESENTATION_CONTEXT('2D SPACE',''
  ) );
#10641 = PCURVE('',#4290,#10642);
#10642 = DEFINITIONAL_REPRESENTATION('',(#10643),#10647);
#10643 = LINE('',#10644,#10645);
#10644 = CARTESIAN_POINT('',(0.650482555152,0.));
#10645 = VECTOR('',#10646,1.);
#10646 = DIRECTION('',(0.,-1.));
#10647 = ( GEOMETRIC_REPRESENTATION_CONTEXT(2) 
PARAMETRIC_REPRESENTATION_CONTEXT() REPRESENTATION_CONTEXT('2D SPACE',''
  ) );
#10648 = ORIENTED_EDGE('',*,*,#8450,.T.);
#10649 = ORIENTED_EDGE('',*,*,#10574,.F.);
#10650 = ORIENTED_EDGE('',*,*,#4302,.F.);
#10651 = ADVANCED_FACE('',(#10652),#1210,.F.);
#10652 = FACE_BOUND('',#10653,.F.);
#10653 = EDGE_LOOP('',(#10654,#10655,#10656,#10677));
#10654 = ORIENTED_EDGE('',*,*,#10603,.T.);
#10655 = ORIENTED_EDGE('',*,*,#6020,.T.);
#10656 = ORIENTED_EDGE('',*,*,#10657,.F.);
#10657 = EDGE_CURVE('',#1183,#6021,#10658,.T.);
#10658 = SURFACE_CURVE('',#10659,(#10663,#10670),.PCURVE_S1.);
#10659 = LINE('',#10660,#10661);
#10660 = CARTESIAN_POINT('',(0.,4.86155384341,10.174502156479));
#10661 = VECTOR('',#10662,1.);
#10662 = DIRECTION('',(1.,0.,0.));
#10663 = PCURVE('',#1210,#10664);
#10664 = DEFINITIONAL_REPRESENTATION('',(#10665),#10669);
#10665 = LINE('',#10666,#10667);
#10666 = CARTESIAN_POINT('',(1.854690543779,0.));
#10667 = VECTOR('',#10668,1.);
#10668 = DIRECTION('',(0.,-1.));
#10669 = ( GEOMETRIC_REPRESENTATION_CONTEXT(2) 
PARAMETRIC_REPRESENTATION_CONTEXT() REPRESENTATION_CONTEXT('2D SPACE',''
  ) );
#10670 = PCURVE('',#1246,#10671);
#10671 = DEFINITIONAL_REPRESENTATION('',(#10672),#10676);
#10672 = LINE('',#10673,#10674);
#10673 = CARTESIAN_POINT('',(0.,0.));
#10674 = VECTOR('',#10675,1.);
#10675 = DIRECTION('',(0.,-1.));
#10676 = ( GEOMETRIC_REPRESENTATION_CONTEXT(2) 
PARAMETRIC_REPRESENTATION_CONTEXT() REPRESENTATION_CONTEXT('2D SPACE',''
  ) );
#10677 = ORIENTED_EDGE('',*,*,#1182,.F.);
#10678 = ADVANCED_FACE('',(#10679),#4290,.F.);
#10679 = FACE_BOUND('',#10680,.F.);
#10680 = EDGE_LOOP('',(#10681,#10702,#10703,#10704));
#10681 = ORIENTED_EDGE('',*,*,#10682,.T.);
#10682 = EDGE_CURVE('',#4227,#8393,#10683,.T.);
#10683 = SURFACE_CURVE('',#10684,(#10688,#10695),.PCURVE_S1.);
#10684 = LINE('',#10685,#10686);
#10685 = CARTESIAN_POINT('',(0.,3.049435457586,-12.63728386125));
#10686 = VECTOR('',#10687,1.);
#10687 = DIRECTION('',(1.,0.,0.));
#10688 = PCURVE('',#4290,#10689);
#10689 = DEFINITIONAL_REPRESENTATION('',(#10690),#10694);
#10690 = LINE('',#10691,#10692);
#10691 = CARTESIAN_POINT('',(0.,0.));
#10692 = VECTOR('',#10693,1.);
#10693 = DIRECTION('',(0.,-1.));
#10694 = ( GEOMETRIC_REPRESENTATION_CONTEXT(2) 
PARAMETRIC_REPRESENTATION_CONTEXT() REPRESENTATION_CONTEXT('2D SPACE',''
  ) );
#10695 = PCURVE('',#4254,#10696);
#10696 = DEFINITIONAL_REPRESENTATION('',(#10697),#10701);
#10697 = LINE('',#10698,#10699);
#10698 = CARTESIAN_POINT('',(1.854690543779,0.));
#10699 = VECTOR('',#10700,1.);
#10700 = DIRECTION('',(0.,-1.));
#10701 = ( GEOMETRIC_REPRESENTATION_CONTEXT(2) 
PARAMETRIC_REPRESENTATION_CONTEXT() REPRESENTATION_CONTEXT('2D SPACE',''
  ) );
#10702 = ORIENTED_EDGE('',*,*,#8427,.T.);
#10703 = ORIENTED_EDGE('',*,*,#10628,.F.);
#10704 = ORIENTED_EDGE('',*,*,#4274,.F.);
#10705 = ADVANCED_FACE('',(#10706),#1246,.F.);
#10706 = FACE_BOUND('',#10707,.F.);
#10707 = EDGE_LOOP('',(#10708,#10709,#10710,#10731));
#10708 = ORIENTED_EDGE('',*,*,#10657,.T.);
#10709 = ORIENTED_EDGE('',*,*,#6055,.T.);
#10710 = ORIENTED_EDGE('',*,*,#10711,.F.);
#10711 = EDGE_CURVE('',#1231,#6056,#10712,.T.);
#10712 = SURFACE_CURVE('',#10713,(#10717,#10724),.PCURVE_S1.);
#10713 = LINE('',#10714,#10715);
#10714 = CARTESIAN_POINT('',(0.,4.634645296118,9.699616640836));
#10715 = VECTOR('',#10716,1.);
#10716 = DIRECTION('',(1.,0.,0.));
#10717 = PCURVE('',#1246,#10718);
#10718 = DEFINITIONAL_REPRESENTATION('',(#10719),#10723);
#10719 = LINE('',#10720,#10721);
#10720 = CARTESIAN_POINT('',(0.526311449431,0.));
#10721 = VECTOR('',#10722,1.);
#10722 = DIRECTION('',(0.,-1.));
#10723 = ( GEOMETRIC_REPRESENTATION_CONTEXT(2) 
PARAMETRIC_REPRESENTATION_CONTEXT() REPRESENTATION_CONTEXT('2D SPACE',''
  ) );
#10724 = PCURVE('',#1274,#10725);
#10725 = DEFINITIONAL_REPRESENTATION('',(#10726),#10730);
#10726 = LINE('',#10727,#10728);
#10727 = CARTESIAN_POINT('',(0.,0.));
#10728 = VECTOR('',#10729,1.);
#10729 = DIRECTION('',(0.,-1.));
#10730 = ( GEOMETRIC_REPRESENTATION_CONTEXT(2) 
PARAMETRIC_REPRESENTATION_CONTEXT() REPRESENTATION_CONTEXT('2D SPACE',''
  ) );
#10731 = ORIENTED_EDGE('',*,*,#1230,.F.);
#10732 = ADVANCED_FACE('',(#10733),#4254,.F.);
#10733 = FACE_BOUND('',#10734,.F.);
#10734 = EDGE_LOOP('',(#10735,#10756,#10757,#10758));
#10735 = ORIENTED_EDGE('',*,*,#10736,.T.);
#10736 = EDGE_CURVE('',#4199,#8370,#10737,.T.);
#10737 = SURFACE_CURVE('',#10738,(#10742,#10749),.PCURVE_S1.);
#10738 = LINE('',#10739,#10740);
#10739 = CARTESIAN_POINT('',(0.,2.062545480712,-11.08607712604));
#10740 = VECTOR('',#10741,1.);
#10741 = DIRECTION('',(1.,0.,0.));
#10742 = PCURVE('',#4254,#10743);
#10743 = DEFINITIONAL_REPRESENTATION('',(#10744),#10748);
#10744 = LINE('',#10745,#10746);
#10745 = CARTESIAN_POINT('',(0.,0.));
#10746 = VECTOR('',#10747,1.);
#10747 = DIRECTION('',(0.,-1.));
#10748 = ( GEOMETRIC_REPRESENTATION_CONTEXT(2) 
PARAMETRIC_REPRESENTATION_CONTEXT() REPRESENTATION_CONTEXT('2D SPACE',''
  ) );
#10749 = PCURVE('',#4214,#10750);
#10750 = DEFINITIONAL_REPRESENTATION('',(#10751),#10755);
#10751 = LINE('',#10752,#10753);
#10752 = CARTESIAN_POINT('',(0.526311449431,0.));
#10753 = VECTOR('',#10754,1.);
#10754 = DIRECTION('',(0.,-1.));
#10755 = ( GEOMETRIC_REPRESENTATION_CONTEXT(2) 
PARAMETRIC_REPRESENTATION_CONTEXT() REPRESENTATION_CONTEXT('2D SPACE',''
  ) );
#10756 = ORIENTED_EDGE('',*,*,#8392,.T.);
#10757 = ORIENTED_EDGE('',*,*,#10682,.F.);
#10758 = ORIENTED_EDGE('',*,*,#4226,.F.);
#10759 = ADVANCED_FACE('',(#10760),#1274,.F.);
#10760 = FACE_BOUND('',#10761,.F.);
#10761 = EDGE_LOOP('',(#10762,#10763,#10764,#10785));
#10762 = ORIENTED_EDGE('',*,*,#10711,.T.);
#10763 = ORIENTED_EDGE('',*,*,#6078,.T.);
#10764 = ORIENTED_EDGE('',*,*,#10765,.F.);
#10765 = EDGE_CURVE('',#1259,#6079,#10766,.T.);
#10766 = SURFACE_CURVE('',#10767,(#10771,#10778),.PCURVE_S1.);
#10767 = LINE('',#10768,#10769);
#10768 = CARTESIAN_POINT('',(0.,3.581475584366,10.135853818924));
#10769 = VECTOR('',#10770,1.);
#10770 = DIRECTION('',(1.,0.,0.));
#10771 = PCURVE('',#1274,#10772);
#10772 = DEFINITIONAL_REPRESENTATION('',(#10773),#10777);
#10773 = LINE('',#10774,#10775);
#10774 = CARTESIAN_POINT('',(1.139942681584,0.));
#10775 = VECTOR('',#10776,1.);
#10776 = DIRECTION('',(0.,-1.));
#10777 = ( GEOMETRIC_REPRESENTATION_CONTEXT(2) 
PARAMETRIC_REPRESENTATION_CONTEXT() REPRESENTATION_CONTEXT('2D SPACE',''
  ) );
#10778 = PCURVE('',#1302,#10779);
#10779 = DEFINITIONAL_REPRESENTATION('',(#10780),#10784);
#10780 = LINE('',#10781,#10782);
#10781 = CARTESIAN_POINT('',(0.,0.));
#10782 = VECTOR('',#10783,1.);
#10783 = DIRECTION('',(0.,-1.));
#10784 = ( GEOMETRIC_REPRESENTATION_CONTEXT(2) 
PARAMETRIC_REPRESENTATION_CONTEXT() REPRESENTATION_CONTEXT('2D SPACE',''
  ) );
#10785 = ORIENTED_EDGE('',*,*,#1258,.F.);
#10786 = ADVANCED_FACE('',(#10787),#4214,.F.);
#10787 = FACE_BOUND('',#10788,.F.);
#10788 = EDGE_LOOP('',(#10789,#10810,#10811,#10812));
#10789 = ORIENTED_EDGE('',*,*,#10790,.T.);
#10790 = EDGE_CURVE('',#4171,#8347,#10791,.T.);
#10791 = SURFACE_CURVE('',#10792,(#10796,#10803),.PCURVE_S1.);
#10792 = LINE('',#10793,#10794);
#10793 = CARTESIAN_POINT('',(0.,1.966278070367,-10.56864468841));
#10794 = VECTOR('',#10795,1.);
#10795 = DIRECTION('',(1.,0.,0.));
#10796 = PCURVE('',#4214,#10797);
#10797 = DEFINITIONAL_REPRESENTATION('',(#10798),#10802);
#10798 = LINE('',#10799,#10800);
#10799 = CARTESIAN_POINT('',(0.,0.));
#10800 = VECTOR('',#10801,1.);
#10801 = DIRECTION('',(0.,-1.));
#10802 = ( GEOMETRIC_REPRESENTATION_CONTEXT(2) 
PARAMETRIC_REPRESENTATION_CONTEXT() REPRESENTATION_CONTEXT('2D SPACE',''
  ) );
#10803 = PCURVE('',#4186,#10804);
#10804 = DEFINITIONAL_REPRESENTATION('',(#10805),#10809);
#10805 = LINE('',#10806,#10807);
#10806 = CARTESIAN_POINT('',(1.139942681584,0.));
#10807 = VECTOR('',#10808,1.);
#10808 = DIRECTION('',(0.,-1.));
#10809 = ( GEOMETRIC_REPRESENTATION_CONTEXT(2) 
PARAMETRIC_REPRESENTATION_CONTEXT() REPRESENTATION_CONTEXT('2D SPACE',''
  ) );
#10810 = ORIENTED_EDGE('',*,*,#8369,.T.);
#10811 = ORIENTED_EDGE('',*,*,#10736,.F.);
#10812 = ORIENTED_EDGE('',*,*,#4198,.F.);
#10813 = ADVANCED_FACE('',(#10814),#1302,.F.);
#10814 = FACE_BOUND('',#10815,.F.);
#10815 = EDGE_LOOP('',(#10816,#10817,#10818,#10839));
#10816 = ORIENTED_EDGE('',*,*,#10765,.T.);
#10817 = ORIENTED_EDGE('',*,*,#6101,.T.);
#10818 = ORIENTED_EDGE('',*,*,#10819,.F.);
#10819 = EDGE_CURVE('',#1287,#6102,#10820,.T.);
#10820 = SURFACE_CURVE('',#10821,(#10825,#10832),.PCURVE_S1.);
#10821 = LINE('',#10822,#10823);
#10822 = CARTESIAN_POINT('',(0.,3.756821780264,10.632097159822));
#10823 = VECTOR('',#10824,1.);
#10824 = DIRECTION('',(1.,0.,0.));
#10825 = PCURVE('',#1302,#10826);
#10826 = DEFINITIONAL_REPRESENTATION('',(#10827),#10831);
#10827 = LINE('',#10828,#10829);
#10828 = CARTESIAN_POINT('',(0.526311449431,0.));
#10829 = VECTOR('',#10830,1.);
#10830 = DIRECTION('',(0.,-1.));
#10831 = ( GEOMETRIC_REPRESENTATION_CONTEXT(2) 
PARAMETRIC_REPRESENTATION_CONTEXT() REPRESENTATION_CONTEXT('2D SPACE',''
  ) );
#10832 = PCURVE('',#1342,#10833);
#10833 = DEFINITIONAL_REPRESENTATION('',(#10834),#10838);
#10834 = LINE('',#10835,#10836);
#10835 = CARTESIAN_POINT('',(0.,0.));
#10836 = VECTOR('',#10837,1.);
#10837 = DIRECTION('',(0.,-1.));
#10838 = ( GEOMETRIC_REPRESENTATION_CONTEXT(2) 
PARAMETRIC_REPRESENTATION_CONTEXT() REPRESENTATION_CONTEXT('2D SPACE',''
  ) );
#10839 = ORIENTED_EDGE('',*,*,#1286,.F.);
#10840 = ADVANCED_FACE('',(#10841),#4186,.F.);
#10841 = FACE_BOUND('',#10842,.F.);
#10842 = EDGE_LOOP('',(#10843,#10864,#10865,#10866));
#10843 = ORIENTED_EDGE('',*,*,#10844,.T.);
#10844 = EDGE_CURVE('',#4143,#8324,#10845,.T.);
#10845 = SURFACE_CURVE('',#10846,(#10850,#10857),.PCURVE_S1.);
#10846 = LINE('',#10847,#10848);
#10847 = CARTESIAN_POINT('',(0.,0.83608775645,-10.71743706599));
#10848 = VECTOR('',#10849,1.);
#10849 = DIRECTION('',(1.,0.,0.));
#10850 = PCURVE('',#4186,#10851);
#10851 = DEFINITIONAL_REPRESENTATION('',(#10852),#10856);
#10852 = LINE('',#10853,#10854);
#10853 = CARTESIAN_POINT('',(0.,0.));
#10854 = VECTOR('',#10855,1.);
#10855 = DIRECTION('',(0.,-1.));
#10856 = ( GEOMETRIC_REPRESENTATION_CONTEXT(2) 
PARAMETRIC_REPRESENTATION_CONTEXT() REPRESENTATION_CONTEXT('2D SPACE',''
  ) );
#10857 = PCURVE('',#4158,#10858);
#10858 = DEFINITIONAL_REPRESENTATION('',(#10859),#10863);
#10859 = LINE('',#10860,#10861);
#10860 = CARTESIAN_POINT('',(0.526311449431,0.));
#10861 = VECTOR('',#10862,1.);
#10862 = DIRECTION('',(0.,-1.));
#10863 = ( GEOMETRIC_REPRESENTATION_CONTEXT(2) 
PARAMETRIC_REPRESENTATION_CONTEXT() REPRESENTATION_CONTEXT('2D SPACE',''
  ) );
#10864 = ORIENTED_EDGE('',*,*,#8346,.T.);
#10865 = ORIENTED_EDGE('',*,*,#10790,.F.);
#10866 = ORIENTED_EDGE('',*,*,#4170,.F.);
#10867 = ADVANCED_FACE('',(#10868),#1342,.F.);
#10868 = FACE_BOUND('',#10869,.F.);
#10869 = EDGE_LOOP('',(#10870,#10871,#10872,#10893));
#10870 = ORIENTED_EDGE('',*,*,#10819,.T.);
#10871 = ORIENTED_EDGE('',*,*,#6124,.T.);
#10872 = ORIENTED_EDGE('',*,*,#10873,.F.);
#10873 = EDGE_CURVE('',#1315,#6125,#10874,.T.);
#10874 = SURFACE_CURVE('',#10875,(#10879,#10886),.PCURVE_S1.);
#10875 = LINE('',#10876,#10877);
#10876 = CARTESIAN_POINT('',(0.,3.677753357158,12.468926587478));
#10877 = VECTOR('',#10878,1.);
#10878 = DIRECTION('',(1.,0.,0.));
#10879 = PCURVE('',#1342,#10880);
#10880 = DEFINITIONAL_REPRESENTATION('',(#10881),#10885);
#10881 = LINE('',#10882,#10883);
#10882 = CARTESIAN_POINT('',(1.854690543779,0.));
#10883 = VECTOR('',#10884,1.);
#10884 = DIRECTION('',(0.,-1.));
#10885 = ( GEOMETRIC_REPRESENTATION_CONTEXT(2) 
PARAMETRIC_REPRESENTATION_CONTEXT() REPRESENTATION_CONTEXT('2D SPACE',''
  ) );
#10886 = PCURVE('',#1378,#10887);
#10887 = DEFINITIONAL_REPRESENTATION('',(#10888),#10892);
#10888 = LINE('',#10889,#10890);
#10889 = CARTESIAN_POINT('',(0.,0.));
#10890 = VECTOR('',#10891,1.);
#10891 = DIRECTION('',(0.,-1.));
#10892 = ( GEOMETRIC_REPRESENTATION_CONTEXT(2) 
PARAMETRIC_REPRESENTATION_CONTEXT() REPRESENTATION_CONTEXT('2D SPACE',''
  ) );
#10893 = ORIENTED_EDGE('',*,*,#1314,.F.);
#10894 = ADVANCED_FACE('',(#10895),#4158,.F.);
#10895 = FACE_BOUND('',#10896,.F.);
#10896 = EDGE_LOOP('',(#10897,#10918,#10919,#10920));
#10897 = ORIENTED_EDGE('',*,*,#10898,.T.);
#10898 = EDGE_CURVE('',#4095,#8289,#10899,.T.);
#10899 = SURFACE_CURVE('',#10900,(#10904,#10911),.PCURVE_S1.);
#10900 = LINE('',#10901,#10902);
#10901 = CARTESIAN_POINT('',(0.,0.87702194798,-11.24215426007));
#10902 = VECTOR('',#10903,1.);
#10903 = DIRECTION('',(1.,0.,0.));
#10904 = PCURVE('',#4158,#10905);
#10905 = DEFINITIONAL_REPRESENTATION('',(#10906),#10910);
#10906 = LINE('',#10907,#10908);
#10907 = CARTESIAN_POINT('',(0.,0.));
#10908 = VECTOR('',#10909,1.);
#10909 = DIRECTION('',(0.,-1.));
#10910 = ( GEOMETRIC_REPRESENTATION_CONTEXT(2) 
PARAMETRIC_REPRESENTATION_CONTEXT() REPRESENTATION_CONTEXT('2D SPACE',''
  ) );
#10911 = PCURVE('',#4122,#10912);
#10912 = DEFINITIONAL_REPRESENTATION('',(#10913),#10917);
#10913 = LINE('',#10914,#10915);
#10914 = CARTESIAN_POINT('',(1.854690543779,0.));
#10915 = VECTOR('',#10916,1.);
#10916 = DIRECTION('',(0.,-1.));
#10917 = ( GEOMETRIC_REPRESENTATION_CONTEXT(2) 
PARAMETRIC_REPRESENTATION_CONTEXT() REPRESENTATION_CONTEXT('2D SPACE',''
  ) );
#10918 = ORIENTED_EDGE('',*,*,#8323,.T.);
#10919 = ORIENTED_EDGE('',*,*,#10844,.F.);
#10920 = ORIENTED_EDGE('',*,*,#4142,.F.);
#10921 = ADVANCED_FACE('',(#10922),#1378,.F.);
#10922 = FACE_BOUND('',#10923,.F.);
#10923 = EDGE_LOOP('',(#10924,#10925,#10926,#10947));
#10924 = ORIENTED_EDGE('',*,*,#10873,.T.);
#10925 = ORIENTED_EDGE('',*,*,#6159,.T.);
#10926 = ORIENTED_EDGE('',*,*,#10927,.F.);
#10927 = EDGE_CURVE('',#1363,#6160,#10928,.T.);
#10928 = SURFACE_CURVE('',#10929,(#10933,#10940),.PCURVE_S1.);
#10929 = LINE('',#10930,#10931);
#10930 = CARTESIAN_POINT('',(0.,3.049435457586,12.637283861258));
#10931 = VECTOR('',#10932,1.);
#10932 = DIRECTION('',(1.,0.,0.));
#10933 = PCURVE('',#1378,#10934);
#10934 = DEFINITIONAL_REPRESENTATION('',(#10935),#10939);
#10935 = LINE('',#10936,#10937);
#10936 = CARTESIAN_POINT('',(0.650482555152,0.));
#10937 = VECTOR('',#10938,1.);
#10938 = DIRECTION('',(0.,-1.));
#10939 = ( GEOMETRIC_REPRESENTATION_CONTEXT(2) 
PARAMETRIC_REPRESENTATION_CONTEXT() REPRESENTATION_CONTEXT('2D SPACE',''
  ) );
#10940 = PCURVE('',#1418,#10941);
#10941 = DEFINITIONAL_REPRESENTATION('',(#10942),#10946);
#10942 = LINE('',#10943,#10944);
#10943 = CARTESIAN_POINT('',(0.,0.));
#10944 = VECTOR('',#10945,1.);
#10945 = DIRECTION('',(0.,-1.));
#10946 = ( GEOMETRIC_REPRESENTATION_CONTEXT(2) 
PARAMETRIC_REPRESENTATION_CONTEXT() REPRESENTATION_CONTEXT('2D SPACE',''
  ) );
#10947 = ORIENTED_EDGE('',*,*,#1362,.F.);
#10948 = ADVANCED_FACE('',(#10949),#4122,.F.);
#10949 = FACE_BOUND('',#10950,.F.);
#10950 = EDGE_LOOP('',(#10951,#10972,#10973,#10974));
#10951 = ORIENTED_EDGE('',*,*,#10952,.T.);
#10952 = EDGE_CURVE('',#4067,#8266,#10953,.T.);
#10953 = SURFACE_CURVE('',#10954,(#10958,#10965),.PCURVE_S1.);
#10954 = LINE('',#10955,#10956);
#10955 = CARTESIAN_POINT('',(0.,0.325241277576,-12.99593082897));
#10956 = VECTOR('',#10957,1.);
#10957 = DIRECTION('',(1.,0.,0.));
#10958 = PCURVE('',#4122,#10959);
#10959 = DEFINITIONAL_REPRESENTATION('',(#10960),#10964);
#10960 = LINE('',#10961,#10962);
#10961 = CARTESIAN_POINT('',(0.,0.));
#10962 = VECTOR('',#10963,1.);
#10963 = DIRECTION('',(0.,-1.));
#10964 = ( GEOMETRIC_REPRESENTATION_CONTEXT(2) 
PARAMETRIC_REPRESENTATION_CONTEXT() REPRESENTATION_CONTEXT('2D SPACE',''
  ) );
#10965 = PCURVE('',#4082,#10966);
#10966 = DEFINITIONAL_REPRESENTATION('',(#10967),#10971);
#10967 = LINE('',#10968,#10969);
#10968 = CARTESIAN_POINT('',(0.650482555152,0.));
#10969 = VECTOR('',#10970,1.);
#10970 = DIRECTION('',(0.,-1.));
#10971 = ( GEOMETRIC_REPRESENTATION_CONTEXT(2) 
PARAMETRIC_REPRESENTATION_CONTEXT() REPRESENTATION_CONTEXT('2D SPACE',''
  ) );
#10972 = ORIENTED_EDGE('',*,*,#8288,.T.);
#10973 = ORIENTED_EDGE('',*,*,#10898,.F.);
#10974 = ORIENTED_EDGE('',*,*,#4094,.F.);
#10975 = ADVANCED_FACE('',(#10976),#1418,.F.);
#10976 = FACE_BOUND('',#10977,.F.);
#10977 = EDGE_LOOP('',(#10978,#10979,#10980,#11001));
#10978 = ORIENTED_EDGE('',*,*,#10927,.T.);
#10979 = ORIENTED_EDGE('',*,*,#6182,.T.);
#10980 = ORIENTED_EDGE('',*,*,#10981,.F.);
#10981 = EDGE_CURVE('',#1391,#6183,#10982,.T.);
#10982 = SURFACE_CURVE('',#10983,(#10987,#10994),.PCURVE_S1.);
#10983 = LINE('',#10984,#10985);
#10984 = CARTESIAN_POINT('',(0.,2.062545480712,11.086077126042));
#10985 = VECTOR('',#10986,1.);
#10986 = DIRECTION('',(1.,0.,0.));
#10987 = PCURVE('',#1418,#10988);
#10988 = DEFINITIONAL_REPRESENTATION('',(#10989),#10993);
#10989 = LINE('',#10990,#10991);
#10990 = CARTESIAN_POINT('',(1.854690543779,0.));
#10991 = VECTOR('',#10992,1.);
#10992 = DIRECTION('',(0.,-1.));
#10993 = ( GEOMETRIC_REPRESENTATION_CONTEXT(2) 
PARAMETRIC_REPRESENTATION_CONTEXT() REPRESENTATION_CONTEXT('2D SPACE',''
  ) );
#10994 = PCURVE('',#1454,#10995);
#10995 = DEFINITIONAL_REPRESENTATION('',(#10996),#11000);
#10996 = LINE('',#10997,#10998);
#10997 = CARTESIAN_POINT('',(0.,0.));
#10998 = VECTOR('',#10999,1.);
#10999 = DIRECTION('',(0.,-1.));
#11000 = ( GEOMETRIC_REPRESENTATION_CONTEXT(2) 
PARAMETRIC_REPRESENTATION_CONTEXT() REPRESENTATION_CONTEXT('2D SPACE',''
  ) );
#11001 = ORIENTED_EDGE('',*,*,#1390,.F.);
#11002 = ADVANCED_FACE('',(#11003),#4082,.F.);
#11003 = FACE_BOUND('',#11004,.F.);
#11004 = EDGE_LOOP('',(#11005,#11026,#11027,#11028));
#11005 = ORIENTED_EDGE('',*,*,#11006,.T.);
#11006 = EDGE_CURVE('',#4019,#8231,#11007,.T.);
#11007 = SURFACE_CURVE('',#11008,(#11012,#11019),.PCURVE_S1.);
#11008 = LINE('',#11009,#11010);
#11009 = CARTESIAN_POINT('',(0.,-0.325241277576,-12.99593082897));
#11010 = VECTOR('',#11011,1.);
#11011 = DIRECTION('',(1.,0.,0.));
#11012 = PCURVE('',#4082,#11013);
#11013 = DEFINITIONAL_REPRESENTATION('',(#11014),#11018);
#11014 = LINE('',#11015,#11016);
#11015 = CARTESIAN_POINT('',(0.,0.));
#11016 = VECTOR('',#11017,1.);
#11017 = DIRECTION('',(0.,-1.));
#11018 = ( GEOMETRIC_REPRESENTATION_CONTEXT(2) 
PARAMETRIC_REPRESENTATION_CONTEXT() REPRESENTATION_CONTEXT('2D SPACE',''
  ) );
#11019 = PCURVE('',#4046,#11020);
#11020 = DEFINITIONAL_REPRESENTATION('',(#11021),#11025);
#11021 = LINE('',#11022,#11023);
#11022 = CARTESIAN_POINT('',(1.854690543779,0.));
#11023 = VECTOR('',#11024,1.);
#11024 = DIRECTION('',(0.,-1.));
#11025 = ( GEOMETRIC_REPRESENTATION_CONTEXT(2) 
PARAMETRIC_REPRESENTATION_CONTEXT() REPRESENTATION_CONTEXT('2D SPACE',''
  ) );
#11026 = ORIENTED_EDGE('',*,*,#8265,.T.);
#11027 = ORIENTED_EDGE('',*,*,#10952,.F.);
#11028 = ORIENTED_EDGE('',*,*,#4066,.F.);
#11029 = ADVANCED_FACE('',(#11030),#1454,.F.);
#11030 = FACE_BOUND('',#11031,.F.);
#11031 = EDGE_LOOP('',(#11032,#11033,#11034,#11055));
#11032 = ORIENTED_EDGE('',*,*,#10981,.T.);
#11033 = ORIENTED_EDGE('',*,*,#6217,.T.);
#11034 = ORIENTED_EDGE('',*,*,#11035,.F.);
#11035 = EDGE_CURVE('',#1439,#6218,#11036,.T.);
#11036 = SURFACE_CURVE('',#11037,(#11041,#11048),.PCURVE_S1.);
#11037 = LINE('',#11038,#11039);
#11038 = CARTESIAN_POINT('',(0.,1.966278070367,10.568644688416));
#11039 = VECTOR('',#11040,1.);
#11040 = DIRECTION('',(1.,0.,0.));
#11041 = PCURVE('',#1454,#11042);
#11042 = DEFINITIONAL_REPRESENTATION('',(#11043),#11047);
#11043 = LINE('',#11044,#11045);
#11044 = CARTESIAN_POINT('',(0.526311449431,0.));
#11045 = VECTOR('',#11046,1.);
#11046 = DIRECTION('',(0.,-1.));
#11047 = ( GEOMETRIC_REPRESENTATION_CONTEXT(2) 
PARAMETRIC_REPRESENTATION_CONTEXT() REPRESENTATION_CONTEXT('2D SPACE',''
  ) );
#11048 = PCURVE('',#1482,#11049);
#11049 = DEFINITIONAL_REPRESENTATION('',(#11050),#11054);
#11050 = LINE('',#11051,#11052);
#11051 = CARTESIAN_POINT('',(0.,0.));
#11052 = VECTOR('',#11053,1.);
#11053 = DIRECTION('',(0.,-1.));
#11054 = ( GEOMETRIC_REPRESENTATION_CONTEXT(2) 
PARAMETRIC_REPRESENTATION_CONTEXT() REPRESENTATION_CONTEXT('2D SPACE',''
  ) );
#11055 = ORIENTED_EDGE('',*,*,#1438,.F.);
#11056 = ADVANCED_FACE('',(#11057),#4046,.F.);
#11057 = FACE_BOUND('',#11058,.F.);
#11058 = EDGE_LOOP('',(#11059,#11080,#11081,#11082));
#11059 = ORIENTED_EDGE('',*,*,#11060,.T.);
#11060 = EDGE_CURVE('',#3991,#8208,#11061,.T.);
#11061 = SURFACE_CURVE('',#11062,(#11066,#11073),.PCURVE_S1.);
#11062 = LINE('',#11063,#11064);
#11063 = CARTESIAN_POINT('',(0.,-0.87702194798,-11.24215426007));
#11064 = VECTOR('',#11065,1.);
#11065 = DIRECTION('',(1.,0.,0.));
#11066 = PCURVE('',#4046,#11067);
#11067 = DEFINITIONAL_REPRESENTATION('',(#11068),#11072);
#11068 = LINE('',#11069,#11070);
#11069 = CARTESIAN_POINT('',(0.,0.));
#11070 = VECTOR('',#11071,1.);
#11071 = DIRECTION('',(0.,-1.));
#11072 = ( GEOMETRIC_REPRESENTATION_CONTEXT(2) 
PARAMETRIC_REPRESENTATION_CONTEXT() REPRESENTATION_CONTEXT('2D SPACE',''
  ) );
#11073 = PCURVE('',#4006,#11074);
#11074 = DEFINITIONAL_REPRESENTATION('',(#11075),#11079);
#11075 = LINE('',#11076,#11077);
#11076 = CARTESIAN_POINT('',(0.526311449431,0.));
#11077 = VECTOR('',#11078,1.);
#11078 = DIRECTION('',(0.,-1.));
#11079 = ( GEOMETRIC_REPRESENTATION_CONTEXT(2) 
PARAMETRIC_REPRESENTATION_CONTEXT() REPRESENTATION_CONTEXT('2D SPACE',''
  ) );
#11080 = ORIENTED_EDGE('',*,*,#8230,.T.);
#11081 = ORIENTED_EDGE('',*,*,#11006,.F.);
#11082 = ORIENTED_EDGE('',*,*,#4018,.F.);
#11083 = ADVANCED_FACE('',(#11084),#1482,.F.);
#11084 = FACE_BOUND('',#11085,.F.);
#11085 = EDGE_LOOP('',(#11086,#11087,#11088,#11109));
#11086 = ORIENTED_EDGE('',*,*,#11035,.T.);
#11087 = ORIENTED_EDGE('',*,*,#6240,.T.);
#11088 = ORIENTED_EDGE('',*,*,#11089,.F.);
#11089 = EDGE_CURVE('',#1467,#6241,#11090,.T.);
#11090 = SURFACE_CURVE('',#11091,(#11095,#11102),.PCURVE_S1.);
#11091 = LINE('',#11092,#11093);
#11092 = CARTESIAN_POINT('',(0.,0.83608775645,10.717437065993));
#11093 = VECTOR('',#11094,1.);
#11094 = DIRECTION('',(1.,0.,0.));
#11095 = PCURVE('',#1482,#11096);
#11096 = DEFINITIONAL_REPRESENTATION('',(#11097),#11101);
#11097 = LINE('',#11098,#11099);
#11098 = CARTESIAN_POINT('',(1.139942681584,0.));
#11099 = VECTOR('',#11100,1.);
#11100 = DIRECTION('',(0.,-1.));
#11101 = ( GEOMETRIC_REPRESENTATION_CONTEXT(2) 
PARAMETRIC_REPRESENTATION_CONTEXT() REPRESENTATION_CONTEXT('2D SPACE',''
  ) );
#11102 = PCURVE('',#1510,#11103);
#11103 = DEFINITIONAL_REPRESENTATION('',(#11104),#11108);
#11104 = LINE('',#11105,#11106);
#11105 = CARTESIAN_POINT('',(0.,0.));
#11106 = VECTOR('',#11107,1.);
#11107 = DIRECTION('',(0.,-1.));
#11108 = ( GEOMETRIC_REPRESENTATION_CONTEXT(2) 
PARAMETRIC_REPRESENTATION_CONTEXT() REPRESENTATION_CONTEXT('2D SPACE',''
  ) );
#11109 = ORIENTED_EDGE('',*,*,#1466,.F.);
#11110 = ADVANCED_FACE('',(#11111),#4006,.F.);
#11111 = FACE_BOUND('',#11112,.F.);
#11112 = EDGE_LOOP('',(#11113,#11134,#11135,#11136));
#11113 = ORIENTED_EDGE('',*,*,#11114,.T.);
#11114 = EDGE_CURVE('',#3963,#8185,#11115,.T.);
#11115 = SURFACE_CURVE('',#11116,(#11120,#11127),.PCURVE_S1.);
#11116 = LINE('',#11117,#11118);
#11117 = CARTESIAN_POINT('',(0.,-0.83608775645,-10.71743706599));
#11118 = VECTOR('',#11119,1.);
#11119 = DIRECTION('',(1.,0.,0.));
#11120 = PCURVE('',#4006,#11121);
#11121 = DEFINITIONAL_REPRESENTATION('',(#11122),#11126);
#11122 = LINE('',#11123,#11124);
#11123 = CARTESIAN_POINT('',(0.,0.));
#11124 = VECTOR('',#11125,1.);
#11125 = DIRECTION('',(0.,-1.));
#11126 = ( GEOMETRIC_REPRESENTATION_CONTEXT(2) 
PARAMETRIC_REPRESENTATION_CONTEXT() REPRESENTATION_CONTEXT('2D SPACE',''
  ) );
#11127 = PCURVE('',#3978,#11128);
#11128 = DEFINITIONAL_REPRESENTATION('',(#11129),#11133);
#11129 = LINE('',#11130,#11131);
#11130 = CARTESIAN_POINT('',(1.139942681584,0.));
#11131 = VECTOR('',#11132,1.);
#11132 = DIRECTION('',(0.,-1.));
#11133 = ( GEOMETRIC_REPRESENTATION_CONTEXT(2) 
PARAMETRIC_REPRESENTATION_CONTEXT() REPRESENTATION_CONTEXT('2D SPACE',''
  ) );
#11134 = ORIENTED_EDGE('',*,*,#8207,.T.);
#11135 = ORIENTED_EDGE('',*,*,#11060,.F.);
#11136 = ORIENTED_EDGE('',*,*,#3990,.F.);
#11137 = ADVANCED_FACE('',(#11138),#1510,.F.);
#11138 = FACE_BOUND('',#11139,.F.);
#11139 = EDGE_LOOP('',(#11140,#11141,#11142,#11163));
#11140 = ORIENTED_EDGE('',*,*,#11089,.T.);
#11141 = ORIENTED_EDGE('',*,*,#6263,.T.);
#11142 = ORIENTED_EDGE('',*,*,#11143,.F.);
#11143 = EDGE_CURVE('',#1495,#6264,#11144,.T.);
#11144 = SURFACE_CURVE('',#11145,(#11149,#11156),.PCURVE_S1.);
#11145 = LINE('',#11146,#11147);
#11146 = CARTESIAN_POINT('',(0.,0.87702194798,11.242154260075));
#11147 = VECTOR('',#11148,1.);
#11148 = DIRECTION('',(1.,0.,0.));
#11149 = PCURVE('',#1510,#11150);
#11150 = DEFINITIONAL_REPRESENTATION('',(#11151),#11155);
#11151 = LINE('',#11152,#11153);
#11152 = CARTESIAN_POINT('',(0.526311449431,0.));
#11153 = VECTOR('',#11154,1.);
#11154 = DIRECTION('',(0.,-1.));
#11155 = ( GEOMETRIC_REPRESENTATION_CONTEXT(2) 
PARAMETRIC_REPRESENTATION_CONTEXT() REPRESENTATION_CONTEXT('2D SPACE',''
  ) );
#11156 = PCURVE('',#1550,#11157);
#11157 = DEFINITIONAL_REPRESENTATION('',(#11158),#11162);
#11158 = LINE('',#11159,#11160);
#11159 = CARTESIAN_POINT('',(0.,0.));
#11160 = VECTOR('',#11161,1.);
#11161 = DIRECTION('',(0.,-1.));
#11162 = ( GEOMETRIC_REPRESENTATION_CONTEXT(2) 
PARAMETRIC_REPRESENTATION_CONTEXT() REPRESENTATION_CONTEXT('2D SPACE',''
  ) );
#11163 = ORIENTED_EDGE('',*,*,#1494,.F.);
#11164 = ADVANCED_FACE('',(#11165),#3978,.F.);
#11165 = FACE_BOUND('',#11166,.F.);
#11166 = EDGE_LOOP('',(#11167,#11188,#11189,#11190));
#11167 = ORIENTED_EDGE('',*,*,#11168,.T.);
#11168 = EDGE_CURVE('',#3935,#8162,#11169,.T.);
#11169 = SURFACE_CURVE('',#11170,(#11174,#11181),.PCURVE_S1.);
#11170 = LINE('',#11171,#11172);
#11171 = CARTESIAN_POINT('',(0.,-1.966278070367,-10.56864468841));
#11172 = VECTOR('',#11173,1.);
#11173 = DIRECTION('',(1.,0.,0.));
#11174 = PCURVE('',#3978,#11175);
#11175 = DEFINITIONAL_REPRESENTATION('',(#11176),#11180);
#11176 = LINE('',#11177,#11178);
#11177 = CARTESIAN_POINT('',(0.,0.));
#11178 = VECTOR('',#11179,1.);
#11179 = DIRECTION('',(0.,-1.));
#11180 = ( GEOMETRIC_REPRESENTATION_CONTEXT(2) 
PARAMETRIC_REPRESENTATION_CONTEXT() REPRESENTATION_CONTEXT('2D SPACE',''
  ) );
#11181 = PCURVE('',#3950,#11182);
#11182 = DEFINITIONAL_REPRESENTATION('',(#11183),#11187);
#11183 = LINE('',#11184,#11185);
#11184 = CARTESIAN_POINT('',(0.526311449431,0.));
#11185 = VECTOR('',#11186,1.);
#11186 = DIRECTION('',(0.,-1.));
#11187 = ( GEOMETRIC_REPRESENTATION_CONTEXT(2) 
PARAMETRIC_REPRESENTATION_CONTEXT() REPRESENTATION_CONTEXT('2D SPACE',''
  ) );
#11188 = ORIENTED_EDGE('',*,*,#8184,.T.);
#11189 = ORIENTED_EDGE('',*,*,#11114,.F.);
#11190 = ORIENTED_EDGE('',*,*,#3962,.F.);
#11191 = ADVANCED_FACE('',(#11192),#1550,.F.);
#11192 = FACE_BOUND('',#11193,.F.);
#11193 = EDGE_LOOP('',(#11194,#11195,#11196,#11217));
#11194 = ORIENTED_EDGE('',*,*,#11143,.T.);
#11195 = ORIENTED_EDGE('',*,*,#6286,.T.);
#11196 = ORIENTED_EDGE('',*,*,#11197,.F.);
#11197 = EDGE_CURVE('',#1523,#6287,#11198,.T.);
#11198 = SURFACE_CURVE('',#11199,(#11203,#11210),.PCURVE_S1.);
#11199 = LINE('',#11200,#11201);
#11200 = CARTESIAN_POINT('',(0.,0.325241277576,12.99593082897));
#11201 = VECTOR('',#11202,1.);
#11202 = DIRECTION('',(1.,0.,0.));
#11203 = PCURVE('',#1550,#11204);
#11204 = DEFINITIONAL_REPRESENTATION('',(#11205),#11209);
#11205 = LINE('',#11206,#11207);
#11206 = CARTESIAN_POINT('',(1.854690543779,0.));
#11207 = VECTOR('',#11208,1.);
#11208 = DIRECTION('',(0.,-1.));
#11209 = ( GEOMETRIC_REPRESENTATION_CONTEXT(2) 
PARAMETRIC_REPRESENTATION_CONTEXT() REPRESENTATION_CONTEXT('2D SPACE',''
  ) );
#11210 = PCURVE('',#1586,#11211);
#11211 = DEFINITIONAL_REPRESENTATION('',(#11212),#11216);
#11212 = LINE('',#11213,#11214);
#11213 = CARTESIAN_POINT('',(0.,-0.));
#11214 = VECTOR('',#11215,1.);
#11215 = DIRECTION('',(0.,-1.));
#11216 = ( GEOMETRIC_REPRESENTATION_CONTEXT(2) 
PARAMETRIC_REPRESENTATION_CONTEXT() REPRESENTATION_CONTEXT('2D SPACE',''
  ) );
#11217 = ORIENTED_EDGE('',*,*,#1522,.F.);
#11218 = ADVANCED_FACE('',(#11219),#3950,.F.);
#11219 = FACE_BOUND('',#11220,.F.);
#11220 = EDGE_LOOP('',(#11221,#11242,#11243,#11244));
#11221 = ORIENTED_EDGE('',*,*,#11222,.T.);
#11222 = EDGE_CURVE('',#3887,#8127,#11223,.T.);
#11223 = SURFACE_CURVE('',#11224,(#11228,#11235),.PCURVE_S1.);
#11224 = LINE('',#11225,#11226);
#11225 = CARTESIAN_POINT('',(0.,-2.062545480712,-11.08607712604));
#11226 = VECTOR('',#11227,1.);
#11227 = DIRECTION('',(1.,0.,0.));
#11228 = PCURVE('',#3950,#11229);
#11229 = DEFINITIONAL_REPRESENTATION('',(#11230),#11234);
#11230 = LINE('',#11231,#11232);
#11231 = CARTESIAN_POINT('',(0.,0.));
#11232 = VECTOR('',#11233,1.);
#11233 = DIRECTION('',(0.,-1.));
#11234 = ( GEOMETRIC_REPRESENTATION_CONTEXT(2) 
PARAMETRIC_REPRESENTATION_CONTEXT() REPRESENTATION_CONTEXT('2D SPACE',''
  ) );
#11235 = PCURVE('',#3914,#11236);
#11236 = DEFINITIONAL_REPRESENTATION('',(#11237),#11241);
#11237 = LINE('',#11238,#11239);
#11238 = CARTESIAN_POINT('',(1.854690543779,0.));
#11239 = VECTOR('',#11240,1.);
#11240 = DIRECTION('',(0.,-1.));
#11241 = ( GEOMETRIC_REPRESENTATION_CONTEXT(2) 
PARAMETRIC_REPRESENTATION_CONTEXT() REPRESENTATION_CONTEXT('2D SPACE',''
  ) );
#11242 = ORIENTED_EDGE('',*,*,#8161,.T.);
#11243 = ORIENTED_EDGE('',*,*,#11168,.F.);
#11244 = ORIENTED_EDGE('',*,*,#3934,.F.);
#11245 = ADVANCED_FACE('',(#11246),#1586,.F.);
#11246 = FACE_BOUND('',#11247,.F.);
#11247 = EDGE_LOOP('',(#11248,#11249,#11250,#11271));
#11248 = ORIENTED_EDGE('',*,*,#11197,.T.);
#11249 = ORIENTED_EDGE('',*,*,#6321,.T.);
#11250 = ORIENTED_EDGE('',*,*,#11251,.F.);
#11251 = EDGE_CURVE('',#1571,#6322,#11252,.T.);
#11252 = SURFACE_CURVE('',#11253,(#11257,#11264),.PCURVE_S1.);
#11253 = LINE('',#11254,#11255);
#11254 = CARTESIAN_POINT('',(0.,-0.325241277576,12.99593082897));
#11255 = VECTOR('',#11256,1.);
#11256 = DIRECTION('',(1.,0.,0.));
#11257 = PCURVE('',#1586,#11258);
#11258 = DEFINITIONAL_REPRESENTATION('',(#11259),#11263);
#11259 = LINE('',#11260,#11261);
#11260 = CARTESIAN_POINT('',(0.650482555152,0.));
#11261 = VECTOR('',#11262,1.);
#11262 = DIRECTION('',(0.,-1.));
#11263 = ( GEOMETRIC_REPRESENTATION_CONTEXT(2) 
PARAMETRIC_REPRESENTATION_CONTEXT() REPRESENTATION_CONTEXT('2D SPACE',''
  ) );
#11264 = PCURVE('',#1626,#11265);
#11265 = DEFINITIONAL_REPRESENTATION('',(#11266),#11270);
#11266 = LINE('',#11267,#11268);
#11267 = CARTESIAN_POINT('',(0.,0.));
#11268 = VECTOR('',#11269,1.);
#11269 = DIRECTION('',(0.,-1.));
#11270 = ( GEOMETRIC_REPRESENTATION_CONTEXT(2) 
PARAMETRIC_REPRESENTATION_CONTEXT() REPRESENTATION_CONTEXT('2D SPACE',''
  ) );
#11271 = ORIENTED_EDGE('',*,*,#1570,.F.);
#11272 = ADVANCED_FACE('',(#11273),#3914,.F.);
#11273 = FACE_BOUND('',#11274,.F.);
#11274 = EDGE_LOOP('',(#11275,#11296,#11297,#11298));
#11275 = ORIENTED_EDGE('',*,*,#11276,.T.);
#11276 = EDGE_CURVE('',#3859,#8104,#11277,.T.);
#11277 = SURFACE_CURVE('',#11278,(#11282,#11289),.PCURVE_S1.);
#11278 = LINE('',#11279,#11280);
#11279 = CARTESIAN_POINT('',(0.,-3.049435457586,-12.63728386125));
#11280 = VECTOR('',#11281,1.);
#11281 = DIRECTION('',(1.,0.,0.));
#11282 = PCURVE('',#3914,#11283);
#11283 = DEFINITIONAL_REPRESENTATION('',(#11284),#11288);
#11284 = LINE('',#11285,#11286);
#11285 = CARTESIAN_POINT('',(0.,0.));
#11286 = VECTOR('',#11287,1.);
#11287 = DIRECTION('',(0.,-1.));
#11288 = ( GEOMETRIC_REPRESENTATION_CONTEXT(2) 
PARAMETRIC_REPRESENTATION_CONTEXT() REPRESENTATION_CONTEXT('2D SPACE',''
  ) );
#11289 = PCURVE('',#3874,#11290);
#11290 = DEFINITIONAL_REPRESENTATION('',(#11291),#11295);
#11291 = LINE('',#11292,#11293);
#11292 = CARTESIAN_POINT('',(0.650482555152,0.));
#11293 = VECTOR('',#11294,1.);
#11294 = DIRECTION('',(0.,-1.));
#11295 = ( GEOMETRIC_REPRESENTATION_CONTEXT(2) 
PARAMETRIC_REPRESENTATION_CONTEXT() REPRESENTATION_CONTEXT('2D SPACE',''
  ) );
#11296 = ORIENTED_EDGE('',*,*,#8126,.T.);
#11297 = ORIENTED_EDGE('',*,*,#11222,.F.);
#11298 = ORIENTED_EDGE('',*,*,#3886,.F.);
#11299 = ADVANCED_FACE('',(#11300),#1626,.F.);
#11300 = FACE_BOUND('',#11301,.F.);
#11301 = EDGE_LOOP('',(#11302,#11303,#11304,#11325));
#11302 = ORIENTED_EDGE('',*,*,#11251,.T.);
#11303 = ORIENTED_EDGE('',*,*,#6344,.T.);
#11304 = ORIENTED_EDGE('',*,*,#11305,.F.);
#11305 = EDGE_CURVE('',#1599,#6345,#11306,.T.);
#11306 = SURFACE_CURVE('',#11307,(#11311,#11318),.PCURVE_S1.);
#11307 = LINE('',#11308,#11309);
#11308 = CARTESIAN_POINT('',(0.,-0.87702194798,11.242154260075));
#11309 = VECTOR('',#11310,1.);
#11310 = DIRECTION('',(1.,0.,0.));
#11311 = PCURVE('',#1626,#11312);
#11312 = DEFINITIONAL_REPRESENTATION('',(#11313),#11317);
#11313 = LINE('',#11314,#11315);
#11314 = CARTESIAN_POINT('',(1.854690543779,0.));
#11315 = VECTOR('',#11316,1.);
#11316 = DIRECTION('',(0.,-1.));
#11317 = ( GEOMETRIC_REPRESENTATION_CONTEXT(2) 
PARAMETRIC_REPRESENTATION_CONTEXT() REPRESENTATION_CONTEXT('2D SPACE',''
  ) );
#11318 = PCURVE('',#1662,#11319);
#11319 = DEFINITIONAL_REPRESENTATION('',(#11320),#11324);
#11320 = LINE('',#11321,#11322);
#11321 = CARTESIAN_POINT('',(0.,0.));
#11322 = VECTOR('',#11323,1.);
#11323 = DIRECTION('',(0.,-1.));
#11324 = ( GEOMETRIC_REPRESENTATION_CONTEXT(2) 
PARAMETRIC_REPRESENTATION_CONTEXT() REPRESENTATION_CONTEXT('2D SPACE',''
  ) );
#11325 = ORIENTED_EDGE('',*,*,#1598,.F.);
#11326 = ADVANCED_FACE('',(#11327),#3874,.F.);
#11327 = FACE_BOUND('',#11328,.F.);
#11328 = EDGE_LOOP('',(#11329,#11350,#11351,#11352));
#11329 = ORIENTED_EDGE('',*,*,#11330,.T.);
#11330 = EDGE_CURVE('',#3811,#8069,#11331,.T.);
#11331 = SURFACE_CURVE('',#11332,(#11336,#11343),.PCURVE_S1.);
#11332 = LINE('',#11333,#11334);
#11333 = CARTESIAN_POINT('',(0.,-3.677753357158,-12.46892658747));
#11334 = VECTOR('',#11335,1.);
#11335 = DIRECTION('',(1.,0.,0.));
#11336 = PCURVE('',#3874,#11337);
#11337 = DEFINITIONAL_REPRESENTATION('',(#11338),#11342);
#11338 = LINE('',#11339,#11340);
#11339 = CARTESIAN_POINT('',(0.,0.));
#11340 = VECTOR('',#11341,1.);
#11341 = DIRECTION('',(0.,-1.));
#11342 = ( GEOMETRIC_REPRESENTATION_CONTEXT(2) 
PARAMETRIC_REPRESENTATION_CONTEXT() REPRESENTATION_CONTEXT('2D SPACE',''
  ) );
#11343 = PCURVE('',#3838,#11344);
#11344 = DEFINITIONAL_REPRESENTATION('',(#11345),#11349);
#11345 = LINE('',#11346,#11347);
#11346 = CARTESIAN_POINT('',(1.854690543779,0.));
#11347 = VECTOR('',#11348,1.);
#11348 = DIRECTION('',(0.,-1.));
#11349 = ( GEOMETRIC_REPRESENTATION_CONTEXT(2) 
PARAMETRIC_REPRESENTATION_CONTEXT() REPRESENTATION_CONTEXT('2D SPACE',''
  ) );
#11350 = ORIENTED_EDGE('',*,*,#8103,.T.);
#11351 = ORIENTED_EDGE('',*,*,#11276,.F.);
#11352 = ORIENTED_EDGE('',*,*,#3858,.F.);
#11353 = ADVANCED_FACE('',(#11354),#1662,.F.);
#11354 = FACE_BOUND('',#11355,.F.);
#11355 = EDGE_LOOP('',(#11356,#11357,#11358,#11379));
#11356 = ORIENTED_EDGE('',*,*,#11305,.T.);
#11357 = ORIENTED_EDGE('',*,*,#6379,.T.);
#11358 = ORIENTED_EDGE('',*,*,#11359,.F.);
#11359 = EDGE_CURVE('',#1647,#6380,#11360,.T.);
#11360 = SURFACE_CURVE('',#11361,(#11365,#11372),.PCURVE_S1.);
#11361 = LINE('',#11362,#11363);
#11362 = CARTESIAN_POINT('',(0.,-0.83608775645,10.717437065993));
#11363 = VECTOR('',#11364,1.);
#11364 = DIRECTION('',(1.,0.,0.));
#11365 = PCURVE('',#1662,#11366);
#11366 = DEFINITIONAL_REPRESENTATION('',(#11367),#11371);
#11367 = LINE('',#11368,#11369);
#11368 = CARTESIAN_POINT('',(0.526311449431,0.));
#11369 = VECTOR('',#11370,1.);
#11370 = DIRECTION('',(0.,-1.));
#11371 = ( GEOMETRIC_REPRESENTATION_CONTEXT(2) 
PARAMETRIC_REPRESENTATION_CONTEXT() REPRESENTATION_CONTEXT('2D SPACE',''
  ) );
#11372 = PCURVE('',#1690,#11373);
#11373 = DEFINITIONAL_REPRESENTATION('',(#11374),#11378);
#11374 = LINE('',#11375,#11376);
#11375 = CARTESIAN_POINT('',(0.,0.));
#11376 = VECTOR('',#11377,1.);
#11377 = DIRECTION('',(0.,-1.));
#11378 = ( GEOMETRIC_REPRESENTATION_CONTEXT(2) 
PARAMETRIC_REPRESENTATION_CONTEXT() REPRESENTATION_CONTEXT('2D SPACE',''
  ) );
#11379 = ORIENTED_EDGE('',*,*,#1646,.F.);
#11380 = ADVANCED_FACE('',(#11381),#3838,.F.);
#11381 = FACE_BOUND('',#11382,.F.);
#11382 = EDGE_LOOP('',(#11383,#11404,#11405,#11406));
#11383 = ORIENTED_EDGE('',*,*,#11384,.T.);
#11384 = EDGE_CURVE('',#3783,#8046,#11385,.T.);
#11385 = SURFACE_CURVE('',#11386,(#11390,#11397),.PCURVE_S1.);
#11386 = LINE('',#11387,#11388);
#11387 = CARTESIAN_POINT('',(0.,-3.756821780264,-10.63209715982));
#11388 = VECTOR('',#11389,1.);
#11389 = DIRECTION('',(1.,0.,0.));
#11390 = PCURVE('',#3838,#11391);
#11391 = DEFINITIONAL_REPRESENTATION('',(#11392),#11396);
#11392 = LINE('',#11393,#11394);
#11393 = CARTESIAN_POINT('',(0.,0.));
#11394 = VECTOR('',#11395,1.);
#11395 = DIRECTION('',(0.,-1.));
#11396 = ( GEOMETRIC_REPRESENTATION_CONTEXT(2) 
PARAMETRIC_REPRESENTATION_CONTEXT() REPRESENTATION_CONTEXT('2D SPACE',''
  ) );
#11397 = PCURVE('',#3798,#11398);
#11398 = DEFINITIONAL_REPRESENTATION('',(#11399),#11403);
#11399 = LINE('',#11400,#11401);
#11400 = CARTESIAN_POINT('',(0.526311449431,0.));
#11401 = VECTOR('',#11402,1.);
#11402 = DIRECTION('',(0.,-1.));
#11403 = ( GEOMETRIC_REPRESENTATION_CONTEXT(2) 
PARAMETRIC_REPRESENTATION_CONTEXT() REPRESENTATION_CONTEXT('2D SPACE',''
  ) );
#11404 = ORIENTED_EDGE('',*,*,#8068,.T.);
#11405 = ORIENTED_EDGE('',*,*,#11330,.F.);
#11406 = ORIENTED_EDGE('',*,*,#3810,.F.);
#11407 = ADVANCED_FACE('',(#11408),#1690,.F.);
#11408 = FACE_BOUND('',#11409,.F.);
#11409 = EDGE_LOOP('',(#11410,#11411,#11412,#11433));
#11410 = ORIENTED_EDGE('',*,*,#11359,.T.);
#11411 = ORIENTED_EDGE('',*,*,#6402,.T.);
#11412 = ORIENTED_EDGE('',*,*,#11413,.F.);
#11413 = EDGE_CURVE('',#1675,#6403,#11414,.T.);
#11414 = SURFACE_CURVE('',#11415,(#11419,#11426),.PCURVE_S1.);
#11415 = LINE('',#11416,#11417);
#11416 = CARTESIAN_POINT('',(0.,-1.966278070367,10.568644688416));
#11417 = VECTOR('',#11418,1.);
#11418 = DIRECTION('',(1.,0.,0.));
#11419 = PCURVE('',#1690,#11420);
#11420 = DEFINITIONAL_REPRESENTATION('',(#11421),#11425);
#11421 = LINE('',#11422,#11423);
#11422 = CARTESIAN_POINT('',(1.139942681584,0.));
#11423 = VECTOR('',#11424,1.);
#11424 = DIRECTION('',(0.,-1.));
#11425 = ( GEOMETRIC_REPRESENTATION_CONTEXT(2) 
PARAMETRIC_REPRESENTATION_CONTEXT() REPRESENTATION_CONTEXT('2D SPACE',''
  ) );
#11426 = PCURVE('',#1718,#11427);
#11427 = DEFINITIONAL_REPRESENTATION('',(#11428),#11432);
#11428 = LINE('',#11429,#11430);
#11429 = CARTESIAN_POINT('',(0.,0.));
#11430 = VECTOR('',#11431,1.);
#11431 = DIRECTION('',(0.,-1.));
#11432 = ( GEOMETRIC_REPRESENTATION_CONTEXT(2) 
PARAMETRIC_REPRESENTATION_CONTEXT() REPRESENTATION_CONTEXT('2D SPACE',''
  ) );
#11433 = ORIENTED_EDGE('',*,*,#1674,.F.);
#11434 = ADVANCED_FACE('',(#11435),#3798,.F.);
#11435 = FACE_BOUND('',#11436,.F.);
#11436 = EDGE_LOOP('',(#11437,#11458,#11459,#11460));
#11437 = ORIENTED_EDGE('',*,*,#11438,.T.);
#11438 = EDGE_CURVE('',#3755,#8023,#11439,.T.);
#11439 = SURFACE_CURVE('',#11440,(#11444,#11451),.PCURVE_S1.);
#11440 = LINE('',#11441,#11442);
#11441 = CARTESIAN_POINT('',(0.,-3.581475584366,-10.13585381892));
#11442 = VECTOR('',#11443,1.);
#11443 = DIRECTION('',(1.,0.,0.));
#11444 = PCURVE('',#3798,#11445);
#11445 = DEFINITIONAL_REPRESENTATION('',(#11446),#11450);
#11446 = LINE('',#11447,#11448);
#11447 = CARTESIAN_POINT('',(0.,0.));
#11448 = VECTOR('',#11449,1.);
#11449 = DIRECTION('',(0.,-1.));
#11450 = ( GEOMETRIC_REPRESENTATION_CONTEXT(2) 
PARAMETRIC_REPRESENTATION_CONTEXT() REPRESENTATION_CONTEXT('2D SPACE',''
  ) );
#11451 = PCURVE('',#3770,#11452);
#11452 = DEFINITIONAL_REPRESENTATION('',(#11453),#11457);
#11453 = LINE('',#11454,#11455);
#11454 = CARTESIAN_POINT('',(1.139942681584,0.));
#11455 = VECTOR('',#11456,1.);
#11456 = DIRECTION('',(0.,-1.));
#11457 = ( GEOMETRIC_REPRESENTATION_CONTEXT(2) 
PARAMETRIC_REPRESENTATION_CONTEXT() REPRESENTATION_CONTEXT('2D SPACE',''
  ) );
#11458 = ORIENTED_EDGE('',*,*,#8045,.T.);
#11459 = ORIENTED_EDGE('',*,*,#11384,.F.);
#11460 = ORIENTED_EDGE('',*,*,#3782,.F.);
#11461 = ADVANCED_FACE('',(#11462),#1718,.F.);
#11462 = FACE_BOUND('',#11463,.F.);
#11463 = EDGE_LOOP('',(#11464,#11465,#11466,#11487));
#11464 = ORIENTED_EDGE('',*,*,#11413,.T.);
#11465 = ORIENTED_EDGE('',*,*,#6425,.T.);
#11466 = ORIENTED_EDGE('',*,*,#11467,.F.);
#11467 = EDGE_CURVE('',#1703,#6426,#11468,.T.);
#11468 = SURFACE_CURVE('',#11469,(#11473,#11480),.PCURVE_S1.);
#11469 = LINE('',#11470,#11471);
#11470 = CARTESIAN_POINT('',(0.,-2.062545480712,11.086077126042));
#11471 = VECTOR('',#11472,1.);
#11472 = DIRECTION('',(1.,0.,0.));
#11473 = PCURVE('',#1718,#11474);
#11474 = DEFINITIONAL_REPRESENTATION('',(#11475),#11479);
#11475 = LINE('',#11476,#11477);
#11476 = CARTESIAN_POINT('',(0.526311449431,0.));
#11477 = VECTOR('',#11478,1.);
#11478 = DIRECTION('',(0.,-1.));
#11479 = ( GEOMETRIC_REPRESENTATION_CONTEXT(2) 
PARAMETRIC_REPRESENTATION_CONTEXT() REPRESENTATION_CONTEXT('2D SPACE',''
  ) );
#11480 = PCURVE('',#1758,#11481);
#11481 = DEFINITIONAL_REPRESENTATION('',(#11482),#11486);
#11482 = LINE('',#11483,#11484);
#11483 = CARTESIAN_POINT('',(0.,0.));
#11484 = VECTOR('',#11485,1.);
#11485 = DIRECTION('',(0.,-1.));
#11486 = ( GEOMETRIC_REPRESENTATION_CONTEXT(2) 
PARAMETRIC_REPRESENTATION_CONTEXT() REPRESENTATION_CONTEXT('2D SPACE',''
  ) );
#11487 = ORIENTED_EDGE('',*,*,#1702,.F.);
#11488 = ADVANCED_FACE('',(#11489),#3770,.F.);
#11489 = FACE_BOUND('',#11490,.F.);
#11490 = EDGE_LOOP('',(#11491,#11512,#11513,#11514));
#11491 = ORIENTED_EDGE('',*,*,#11492,.T.);
#11492 = EDGE_CURVE('',#3727,#8000,#11493,.T.);
#11493 = SURFACE_CURVE('',#11494,(#11498,#11505),.PCURVE_S1.);
#11494 = LINE('',#11495,#11496);
#11495 = CARTESIAN_POINT('',(0.,-4.634645296118,-9.699616640836));
#11496 = VECTOR('',#11497,1.);
#11497 = DIRECTION('',(1.,0.,0.));
#11498 = PCURVE('',#3770,#11499);
#11499 = DEFINITIONAL_REPRESENTATION('',(#11500),#11504);
#11500 = LINE('',#11501,#11502);
#11501 = CARTESIAN_POINT('',(0.,0.));
#11502 = VECTOR('',#11503,1.);
#11503 = DIRECTION('',(0.,-1.));
#11504 = ( GEOMETRIC_REPRESENTATION_CONTEXT(2) 
PARAMETRIC_REPRESENTATION_CONTEXT() REPRESENTATION_CONTEXT('2D SPACE',''
  ) );
#11505 = PCURVE('',#3742,#11506);
#11506 = DEFINITIONAL_REPRESENTATION('',(#11507),#11511);
#11507 = LINE('',#11508,#11509);
#11508 = CARTESIAN_POINT('',(0.526311449431,0.));
#11509 = VECTOR('',#11510,1.);
#11510 = DIRECTION('',(0.,-1.));
#11511 = ( GEOMETRIC_REPRESENTATION_CONTEXT(2) 
PARAMETRIC_REPRESENTATION_CONTEXT() REPRESENTATION_CONTEXT('2D SPACE',''
  ) );
#11512 = ORIENTED_EDGE('',*,*,#8022,.T.);
#11513 = ORIENTED_EDGE('',*,*,#11438,.F.);
#11514 = ORIENTED_EDGE('',*,*,#3754,.F.);
#11515 = ADVANCED_FACE('',(#11516),#1758,.F.);
#11516 = FACE_BOUND('',#11517,.F.);
#11517 = EDGE_LOOP('',(#11518,#11519,#11520,#11541));
#11518 = ORIENTED_EDGE('',*,*,#11467,.T.);
#11519 = ORIENTED_EDGE('',*,*,#6448,.T.);
#11520 = ORIENTED_EDGE('',*,*,#11521,.F.);
#11521 = EDGE_CURVE('',#1731,#6449,#11522,.T.);
#11522 = SURFACE_CURVE('',#11523,(#11527,#11534),.PCURVE_S1.);
#11523 = LINE('',#11524,#11525);
#11524 = CARTESIAN_POINT('',(0.,-3.049435457586,12.637283861258));
#11525 = VECTOR('',#11526,1.);
#11526 = DIRECTION('',(1.,0.,0.));
#11527 = PCURVE('',#1758,#11528);
#11528 = DEFINITIONAL_REPRESENTATION('',(#11529),#11533);
#11529 = LINE('',#11530,#11531);
#11530 = CARTESIAN_POINT('',(1.854690543779,0.));
#11531 = VECTOR('',#11532,1.);
#11532 = DIRECTION('',(0.,-1.));
#11533 = ( GEOMETRIC_REPRESENTATION_CONTEXT(2) 
PARAMETRIC_REPRESENTATION_CONTEXT() REPRESENTATION_CONTEXT('2D SPACE',''
  ) );
#11534 = PCURVE('',#1794,#11535);
#11535 = DEFINITIONAL_REPRESENTATION('',(#11536),#11540);
#11536 = LINE('',#11537,#11538);
#11537 = CARTESIAN_POINT('',(0.,0.));
#11538 = VECTOR('',#11539,1.);
#11539 = DIRECTION('',(0.,-1.));
#11540 = ( GEOMETRIC_REPRESENTATION_CONTEXT(2) 
PARAMETRIC_REPRESENTATION_CONTEXT() REPRESENTATION_CONTEXT('2D SPACE',''
  ) );
#11541 = ORIENTED_EDGE('',*,*,#1730,.F.);
#11542 = ADVANCED_FACE('',(#11543),#3742,.F.);
#11543 = FACE_BOUND('',#11544,.F.);
#11544 = EDGE_LOOP('',(#11545,#11566,#11567,#11568));
#11545 = ORIENTED_EDGE('',*,*,#11546,.T.);
#11546 = EDGE_CURVE('',#3679,#7965,#11547,.T.);
#11547 = SURFACE_CURVE('',#11548,(#11552,#11559),.PCURVE_S1.);
#11548 = LINE('',#11549,#11550);
#11549 = CARTESIAN_POINT('',(0.,-4.86155384341,-10.17450215647));
#11550 = VECTOR('',#11551,1.);
#11551 = DIRECTION('',(1.,0.,0.));
#11552 = PCURVE('',#3742,#11553);
#11553 = DEFINITIONAL_REPRESENTATION('',(#11554),#11558);
#11554 = LINE('',#11555,#11556);
#11555 = CARTESIAN_POINT('',(0.,0.));
#11556 = VECTOR('',#11557,1.);
#11557 = DIRECTION('',(0.,-1.));
#11558 = ( GEOMETRIC_REPRESENTATION_CONTEXT(2) 
PARAMETRIC_REPRESENTATION_CONTEXT() REPRESENTATION_CONTEXT('2D SPACE',''
  ) );
#11559 = PCURVE('',#3706,#11560);
#11560 = DEFINITIONAL_REPRESENTATION('',(#11561),#11565);
#11561 = LINE('',#11562,#11563);
#11562 = CARTESIAN_POINT('',(1.854690543779,0.));
#11563 = VECTOR('',#11564,1.);
#11564 = DIRECTION('',(0.,-1.));
#11565 = ( GEOMETRIC_REPRESENTATION_CONTEXT(2) 
PARAMETRIC_REPRESENTATION_CONTEXT() REPRESENTATION_CONTEXT('2D SPACE',''
  ) );
#11566 = ORIENTED_EDGE('',*,*,#7999,.T.);
#11567 = ORIENTED_EDGE('',*,*,#11492,.F.);
#11568 = ORIENTED_EDGE('',*,*,#3726,.F.);
#11569 = ADVANCED_FACE('',(#11570),#1794,.F.);
#11570 = FACE_BOUND('',#11571,.F.);
#11571 = EDGE_LOOP('',(#11572,#11573,#11574,#11595));
#11572 = ORIENTED_EDGE('',*,*,#11521,.T.);
#11573 = ORIENTED_EDGE('',*,*,#6483,.T.);
#11574 = ORIENTED_EDGE('',*,*,#11575,.F.);
#11575 = EDGE_CURVE('',#1779,#6484,#11576,.T.);
#11576 = SURFACE_CURVE('',#11577,(#11581,#11588),.PCURVE_S1.);
#11577 = LINE('',#11578,#11579);
#11578 = CARTESIAN_POINT('',(0.,-3.677753357158,12.468926587478));
#11579 = VECTOR('',#11580,1.);
#11580 = DIRECTION('',(1.,0.,0.));
#11581 = PCURVE('',#1794,#11582);
#11582 = DEFINITIONAL_REPRESENTATION('',(#11583),#11587);
#11583 = LINE('',#11584,#11585);
#11584 = CARTESIAN_POINT('',(0.650482555152,0.));
#11585 = VECTOR('',#11586,1.);
#11586 = DIRECTION('',(0.,-1.));
#11587 = ( GEOMETRIC_REPRESENTATION_CONTEXT(2) 
PARAMETRIC_REPRESENTATION_CONTEXT() REPRESENTATION_CONTEXT('2D SPACE',''
  ) );
#11588 = PCURVE('',#1834,#11589);
#11589 = DEFINITIONAL_REPRESENTATION('',(#11590),#11594);
#11590 = LINE('',#11591,#11592);
#11591 = CARTESIAN_POINT('',(0.,0.));
#11592 = VECTOR('',#11593,1.);
#11593 = DIRECTION('',(0.,-1.));
#11594 = ( GEOMETRIC_REPRESENTATION_CONTEXT(2) 
PARAMETRIC_REPRESENTATION_CONTEXT() REPRESENTATION_CONTEXT('2D SPACE',''
  ) );
#11595 = ORIENTED_EDGE('',*,*,#1778,.F.);
#11596 = ADVANCED_FACE('',(#11597),#3706,.F.);
#11597 = FACE_BOUND('',#11598,.F.);
#11598 = EDGE_LOOP('',(#11599,#11620,#11621,#11622));
#11599 = ORIENTED_EDGE('',*,*,#11600,.T.);
#11600 = EDGE_CURVE('',#3651,#7942,#11601,.T.);
#11601 = SURFACE_CURVE('',#11602,(#11606,#11613),.PCURVE_S1.);
#11602 = LINE('',#11603,#11604);
#11603 = CARTESIAN_POINT('',(0.,-6.216298205745,-11.4174268825));
#11604 = VECTOR('',#11605,1.);
#11605 = DIRECTION('',(1.,0.,0.));
#11606 = PCURVE('',#3706,#11607);
#11607 = DEFINITIONAL_REPRESENTATION('',(#11608),#11612);
#11608 = LINE('',#11609,#11610);
#11609 = CARTESIAN_POINT('',(0.,0.));
#11610 = VECTOR('',#11611,1.);
#11611 = DIRECTION('',(0.,-1.));
#11612 = ( GEOMETRIC_REPRESENTATION_CONTEXT(2) 
PARAMETRIC_REPRESENTATION_CONTEXT() REPRESENTATION_CONTEXT('2D SPACE',''
  ) );
#11613 = PCURVE('',#3666,#11614);
#11614 = DEFINITIONAL_REPRESENTATION('',(#11615),#11619);
#11615 = LINE('',#11616,#11617);
#11616 = CARTESIAN_POINT('',(0.650482555152,0.));
#11617 = VECTOR('',#11618,1.);
#11618 = DIRECTION('',(0.,-1.));
#11619 = ( GEOMETRIC_REPRESENTATION_CONTEXT(2) 
PARAMETRIC_REPRESENTATION_CONTEXT() REPRESENTATION_CONTEXT('2D SPACE',''
  ) );
#11620 = ORIENTED_EDGE('',*,*,#7964,.T.);
#11621 = ORIENTED_EDGE('',*,*,#11546,.F.);
#11622 = ORIENTED_EDGE('',*,*,#3678,.F.);
#11623 = ADVANCED_FACE('',(#11624),#1834,.F.);
#11624 = FACE_BOUND('',#11625,.F.);
#11625 = EDGE_LOOP('',(#11626,#11627,#11628,#11649));
#11626 = ORIENTED_EDGE('',*,*,#11575,.T.);
#11627 = ORIENTED_EDGE('',*,*,#6506,.T.);
#11628 = ORIENTED_EDGE('',*,*,#11629,.F.);
#11629 = EDGE_CURVE('',#1807,#6507,#11630,.T.);
#11630 = SURFACE_CURVE('',#11631,(#11635,#11642),.PCURVE_S1.);
#11631 = LINE('',#11632,#11633);
#11632 = CARTESIAN_POINT('',(0.,-3.756821780264,10.632097159822));
#11633 = VECTOR('',#11634,1.);
#11634 = DIRECTION('',(1.,0.,0.));
#11635 = PCURVE('',#1834,#11636);
#11636 = DEFINITIONAL_REPRESENTATION('',(#11637),#11641);
#11637 = LINE('',#11638,#11639);
#11638 = CARTESIAN_POINT('',(1.854690543779,0.));
#11639 = VECTOR('',#11640,1.);
#11640 = DIRECTION('',(0.,-1.));
#11641 = ( GEOMETRIC_REPRESENTATION_CONTEXT(2) 
PARAMETRIC_REPRESENTATION_CONTEXT() REPRESENTATION_CONTEXT('2D SPACE',''
  ) );
#11642 = PCURVE('',#1870,#11643);
#11643 = DEFINITIONAL_REPRESENTATION('',(#11644),#11648);
#11644 = LINE('',#11645,#11646);
#11645 = CARTESIAN_POINT('',(0.,0.));
#11646 = VECTOR('',#11647,1.);
#11647 = DIRECTION('',(0.,-1.));
#11648 = ( GEOMETRIC_REPRESENTATION_CONTEXT(2) 
PARAMETRIC_REPRESENTATION_CONTEXT() REPRESENTATION_CONTEXT('2D SPACE',''
  ) );
#11649 = ORIENTED_EDGE('',*,*,#1806,.F.);
#11650 = ADVANCED_FACE('',(#11651),#3666,.F.);
#11651 = FACE_BOUND('',#11652,.F.);
#11652 = EDGE_LOOP('',(#11653,#11674,#11675,#11676));
#11653 = ORIENTED_EDGE('',*,*,#11654,.T.);
#11654 = EDGE_CURVE('',#3603,#7907,#11655,.T.);
#11655 = SURFACE_CURVE('',#11656,(#11660,#11667),.PCURVE_S1.);
#11656 = LINE('',#11657,#11658);
#11657 = CARTESIAN_POINT('',(0.,-6.779632623225,-11.09218560492));
#11658 = VECTOR('',#11659,1.);
#11659 = DIRECTION('',(1.,0.,0.));
#11660 = PCURVE('',#3666,#11661);
#11661 = DEFINITIONAL_REPRESENTATION('',(#11662),#11666);
#11662 = LINE('',#11663,#11664);
#11663 = CARTESIAN_POINT('',(0.,0.));
#11664 = VECTOR('',#11665,1.);
#11665 = DIRECTION('',(0.,-1.));
#11666 = ( GEOMETRIC_REPRESENTATION_CONTEXT(2) 
PARAMETRIC_REPRESENTATION_CONTEXT() REPRESENTATION_CONTEXT('2D SPACE',''
  ) );
#11667 = PCURVE('',#3630,#11668);
#11668 = DEFINITIONAL_REPRESENTATION('',(#11669),#11673);
#11669 = LINE('',#11670,#11671);
#11670 = CARTESIAN_POINT('',(1.854690543779,0.));
#11671 = VECTOR('',#11672,1.);
#11672 = DIRECTION('',(0.,-1.));
#11673 = ( GEOMETRIC_REPRESENTATION_CONTEXT(2) 
PARAMETRIC_REPRESENTATION_CONTEXT() REPRESENTATION_CONTEXT('2D SPACE',''
  ) );
#11674 = ORIENTED_EDGE('',*,*,#7941,.T.);
#11675 = ORIENTED_EDGE('',*,*,#11600,.F.);
#11676 = ORIENTED_EDGE('',*,*,#3650,.F.);
#11677 = ADVANCED_FACE('',(#11678),#1870,.F.);
#11678 = FACE_BOUND('',#11679,.F.);
#11679 = EDGE_LOOP('',(#11680,#11681,#11682,#11703));
#11680 = ORIENTED_EDGE('',*,*,#11629,.T.);
#11681 = ORIENTED_EDGE('',*,*,#6541,.T.);
#11682 = ORIENTED_EDGE('',*,*,#11683,.F.);
#11683 = EDGE_CURVE('',#1855,#6542,#11684,.T.);
#11684 = SURFACE_CURVE('',#11685,(#11689,#11696),.PCURVE_S1.);
#11685 = LINE('',#11686,#11687);
#11686 = CARTESIAN_POINT('',(0.,-3.581475584366,10.135853818924));
#11687 = VECTOR('',#11688,1.);
#11688 = DIRECTION('',(1.,0.,0.));
#11689 = PCURVE('',#1870,#11690);
#11690 = DEFINITIONAL_REPRESENTATION('',(#11691),#11695);
#11691 = LINE('',#11692,#11693);
#11692 = CARTESIAN_POINT('',(0.526311449431,0.));
#11693 = VECTOR('',#11694,1.);
#11694 = DIRECTION('',(0.,-1.));
#11695 = ( GEOMETRIC_REPRESENTATION_CONTEXT(2) 
PARAMETRIC_REPRESENTATION_CONTEXT() REPRESENTATION_CONTEXT('2D SPACE',''
  ) );
#11696 = PCURVE('',#1898,#11697);
#11697 = DEFINITIONAL_REPRESENTATION('',(#11698),#11702);
#11698 = LINE('',#11699,#11700);
#11699 = CARTESIAN_POINT('',(0.,0.));
#11700 = VECTOR('',#11701,1.);
#11701 = DIRECTION('',(0.,-1.));
#11702 = ( GEOMETRIC_REPRESENTATION_CONTEXT(2) 
PARAMETRIC_REPRESENTATION_CONTEXT() REPRESENTATION_CONTEXT('2D SPACE',''
  ) );
#11703 = ORIENTED_EDGE('',*,*,#1854,.F.);
#11704 = ADVANCED_FACE('',(#11705),#3630,.F.);
#11705 = FACE_BOUND('',#11706,.F.);
#11706 = EDGE_LOOP('',(#11707,#11728,#11729,#11730));
#11707 = ORIENTED_EDGE('',*,*,#11708,.T.);
#11708 = EDGE_CURVE('',#3575,#7884,#11709,.T.);
#11709 = SURFACE_CURVE('',#11710,(#11714,#11721),.PCURVE_S1.);
#11710 = LINE('',#11711,#11712);
#11711 = CARTESIAN_POINT('',(0.,-6.380600416665,-9.297480208499));
#11712 = VECTOR('',#11713,1.);
#11713 = DIRECTION('',(1.,0.,0.));
#11714 = PCURVE('',#3630,#11715);
#11715 = DEFINITIONAL_REPRESENTATION('',(#11716),#11720);
#11716 = LINE('',#11717,#11718);
#11717 = CARTESIAN_POINT('',(0.,0.));
#11718 = VECTOR('',#11719,1.);
#11719 = DIRECTION('',(0.,-1.));
#11720 = ( GEOMETRIC_REPRESENTATION_CONTEXT(2) 
PARAMETRIC_REPRESENTATION_CONTEXT() REPRESENTATION_CONTEXT('2D SPACE',''
  ) );
#11721 = PCURVE('',#3590,#11722);
#11722 = DEFINITIONAL_REPRESENTATION('',(#11723),#11727);
#11723 = LINE('',#11724,#11725);
#11724 = CARTESIAN_POINT('',(0.526311449431,0.));
#11725 = VECTOR('',#11726,1.);
#11726 = DIRECTION('',(0.,-1.));
#11727 = ( GEOMETRIC_REPRESENTATION_CONTEXT(2) 
PARAMETRIC_REPRESENTATION_CONTEXT() REPRESENTATION_CONTEXT('2D SPACE',''
  ) );
#11728 = ORIENTED_EDGE('',*,*,#7906,.T.);
#11729 = ORIENTED_EDGE('',*,*,#11654,.F.);
#11730 = ORIENTED_EDGE('',*,*,#3602,.F.);
#11731 = ADVANCED_FACE('',(#11732),#1898,.F.);
#11732 = FACE_BOUND('',#11733,.F.);
#11733 = EDGE_LOOP('',(#11734,#11735,#11736,#11757));
#11734 = ORIENTED_EDGE('',*,*,#11683,.T.);
#11735 = ORIENTED_EDGE('',*,*,#6564,.T.);
#11736 = ORIENTED_EDGE('',*,*,#11737,.F.);
#11737 = EDGE_CURVE('',#1883,#6565,#11738,.T.);
#11738 = SURFACE_CURVE('',#11739,(#11743,#11750),.PCURVE_S1.);
#11739 = LINE('',#11740,#11741);
#11740 = CARTESIAN_POINT('',(0.,-4.634645296118,9.699616640836));
#11741 = VECTOR('',#11742,1.);
#11742 = DIRECTION('',(1.,0.,0.));
#11743 = PCURVE('',#1898,#11744);
#11744 = DEFINITIONAL_REPRESENTATION('',(#11745),#11749);
#11745 = LINE('',#11746,#11747);
#11746 = CARTESIAN_POINT('',(1.139942681584,0.));
#11747 = VECTOR('',#11748,1.);
#11748 = DIRECTION('',(0.,-1.));
#11749 = ( GEOMETRIC_REPRESENTATION_CONTEXT(2) 
PARAMETRIC_REPRESENTATION_CONTEXT() REPRESENTATION_CONTEXT('2D SPACE',''
  ) );
#11750 = PCURVE('',#1926,#11751);
#11751 = DEFINITIONAL_REPRESENTATION('',(#11752),#11756);
#11752 = LINE('',#11753,#11754);
#11753 = CARTESIAN_POINT('',(0.,0.));
#11754 = VECTOR('',#11755,1.);
#11755 = DIRECTION('',(0.,-1.));
#11756 = ( GEOMETRIC_REPRESENTATION_CONTEXT(2) 
PARAMETRIC_REPRESENTATION_CONTEXT() REPRESENTATION_CONTEXT('2D SPACE',''
  ) );
#11757 = ORIENTED_EDGE('',*,*,#1882,.F.);
#11758 = ADVANCED_FACE('',(#11759),#3590,.F.);
#11759 = FACE_BOUND('',#11760,.F.);
#11760 = EDGE_LOOP('',(#11761,#11782,#11783,#11784));
#11761 = ORIENTED_EDGE('',*,*,#11762,.T.);
#11762 = EDGE_CURVE('',#3547,#7861,#11763,.T.);
#11763 = SURFACE_CURVE('',#11764,(#11768,#11775),.PCURVE_S1.);
#11764 = LINE('',#11765,#11766);
#11765 = CARTESIAN_POINT('',(0.,-6.082791769875,-8.863528884386));
#11766 = VECTOR('',#11767,1.);
#11767 = DIRECTION('',(1.,0.,0.));
#11768 = PCURVE('',#3590,#11769);
#11769 = DEFINITIONAL_REPRESENTATION('',(#11770),#11774);
#11770 = LINE('',#11771,#11772);
#11771 = CARTESIAN_POINT('',(0.,0.));
#11772 = VECTOR('',#11773,1.);
#11773 = DIRECTION('',(0.,-1.));
#11774 = ( GEOMETRIC_REPRESENTATION_CONTEXT(2) 
PARAMETRIC_REPRESENTATION_CONTEXT() REPRESENTATION_CONTEXT('2D SPACE',''
  ) );
#11775 = PCURVE('',#3562,#11776);
#11776 = DEFINITIONAL_REPRESENTATION('',(#11777),#11781);
#11777 = LINE('',#11778,#11779);
#11778 = CARTESIAN_POINT('',(1.139942681584,0.));
#11779 = VECTOR('',#11780,1.);
#11780 = DIRECTION('',(0.,-1.));
#11781 = ( GEOMETRIC_REPRESENTATION_CONTEXT(2) 
PARAMETRIC_REPRESENTATION_CONTEXT() REPRESENTATION_CONTEXT('2D SPACE',''
  ) );
#11782 = ORIENTED_EDGE('',*,*,#7883,.T.);
#11783 = ORIENTED_EDGE('',*,*,#11708,.F.);
#11784 = ORIENTED_EDGE('',*,*,#3574,.F.);
#11785 = ADVANCED_FACE('',(#11786),#1926,.F.);
#11786 = FACE_BOUND('',#11787,.F.);
#11787 = EDGE_LOOP('',(#11788,#11789,#11790,#11811));
#11788 = ORIENTED_EDGE('',*,*,#11737,.T.);
#11789 = ORIENTED_EDGE('',*,*,#6587,.T.);
#11790 = ORIENTED_EDGE('',*,*,#11791,.F.);
#11791 = EDGE_CURVE('',#1911,#6588,#11792,.T.);
#11792 = SURFACE_CURVE('',#11793,(#11797,#11804),.PCURVE_S1.);
#11793 = LINE('',#11794,#11795);
#11794 = CARTESIAN_POINT('',(0.,-4.86155384341,10.174502156479));
#11795 = VECTOR('',#11796,1.);
#11796 = DIRECTION('',(1.,0.,0.));
#11797 = PCURVE('',#1926,#11798);
#11798 = DEFINITIONAL_REPRESENTATION('',(#11799),#11803);
#11799 = LINE('',#11800,#11801);
#11800 = CARTESIAN_POINT('',(0.526311449431,0.));
#11801 = VECTOR('',#11802,1.);
#11802 = DIRECTION('',(0.,-1.));
#11803 = ( GEOMETRIC_REPRESENTATION_CONTEXT(2) 
PARAMETRIC_REPRESENTATION_CONTEXT() REPRESENTATION_CONTEXT('2D SPACE',''
  ) );
#11804 = PCURVE('',#1966,#11805);
#11805 = DEFINITIONAL_REPRESENTATION('',(#11806),#11810);
#11806 = LINE('',#11807,#11808);
#11807 = CARTESIAN_POINT('',(0.,0.));
#11808 = VECTOR('',#11809,1.);
#11809 = DIRECTION('',(0.,-1.));
#11810 = ( GEOMETRIC_REPRESENTATION_CONTEXT(2) 
PARAMETRIC_REPRESENTATION_CONTEXT() REPRESENTATION_CONTEXT('2D SPACE',''
  ) );
#11811 = ORIENTED_EDGE('',*,*,#1910,.F.);
#11812 = ADVANCED_FACE('',(#11813),#3562,.F.);
#11813 = FACE_BOUND('',#11814,.F.);
#11814 = EDGE_LOOP('',(#11815,#11836,#11837,#11838));
#11815 = ORIENTED_EDGE('',*,*,#11816,.T.);
#11816 = EDGE_CURVE('',#3519,#7838,#11817,.T.);
#11817 = SURFACE_CURVE('',#11818,(#11822,#11829),.PCURVE_S1.);
#11818 = LINE('',#11819,#11820);
#11819 = CARTESIAN_POINT('',(0.,-6.987169104051,-8.169575748556));
#11820 = VECTOR('',#11821,1.);
#11821 = DIRECTION('',(1.,0.,0.));
#11822 = PCURVE('',#3562,#11823);
#11823 = DEFINITIONAL_REPRESENTATION('',(#11824),#11828);
#11824 = LINE('',#11825,#11826);
#11825 = CARTESIAN_POINT('',(0.,0.));
#11826 = VECTOR('',#11827,1.);
#11827 = DIRECTION('',(0.,-1.));
#11828 = ( GEOMETRIC_REPRESENTATION_CONTEXT(2) 
PARAMETRIC_REPRESENTATION_CONTEXT() REPRESENTATION_CONTEXT('2D SPACE',''
  ) );
#11829 = PCURVE('',#3534,#11830);
#11830 = DEFINITIONAL_REPRESENTATION('',(#11831),#11835);
#11831 = LINE('',#11832,#11833);
#11832 = CARTESIAN_POINT('',(0.526311449431,0.));
#11833 = VECTOR('',#11834,1.);
#11834 = DIRECTION('',(0.,-1.));
#11835 = ( GEOMETRIC_REPRESENTATION_CONTEXT(2) 
PARAMETRIC_REPRESENTATION_CONTEXT() REPRESENTATION_CONTEXT('2D SPACE',''
  ) );
#11836 = ORIENTED_EDGE('',*,*,#7860,.T.);
#11837 = ORIENTED_EDGE('',*,*,#11762,.F.);
#11838 = ORIENTED_EDGE('',*,*,#3546,.F.);
#11839 = ADVANCED_FACE('',(#11840),#1966,.F.);
#11840 = FACE_BOUND('',#11841,.F.);
#11841 = EDGE_LOOP('',(#11842,#11843,#11844,#11865));
#11842 = ORIENTED_EDGE('',*,*,#11791,.T.);
#11843 = ORIENTED_EDGE('',*,*,#6610,.T.);
#11844 = ORIENTED_EDGE('',*,*,#11845,.F.);
#11845 = EDGE_CURVE('',#1939,#6611,#11846,.T.);
#11846 = SURFACE_CURVE('',#11847,(#11851,#11858),.PCURVE_S1.);
#11847 = LINE('',#11848,#11849);
#11848 = CARTESIAN_POINT('',(0.,-6.216298205745,11.417426882501));
#11849 = VECTOR('',#11850,1.);
#11850 = DIRECTION('',(1.,0.,0.));
#11851 = PCURVE('',#1966,#11852);
#11852 = DEFINITIONAL_REPRESENTATION('',(#11853),#11857);
#11853 = LINE('',#11854,#11855);
#11854 = CARTESIAN_POINT('',(1.854690543779,0.));
#11855 = VECTOR('',#11856,1.);
#11856 = DIRECTION('',(0.,-1.));
#11857 = ( GEOMETRIC_REPRESENTATION_CONTEXT(2) 
PARAMETRIC_REPRESENTATION_CONTEXT() REPRESENTATION_CONTEXT('2D SPACE',''
  ) );
#11858 = PCURVE('',#2002,#11859);
#11859 = DEFINITIONAL_REPRESENTATION('',(#11860),#11864);
#11860 = LINE('',#11861,#11862);
#11861 = CARTESIAN_POINT('',(0.,0.));
#11862 = VECTOR('',#11863,1.);
#11863 = DIRECTION('',(0.,-1.));
#11864 = ( GEOMETRIC_REPRESENTATION_CONTEXT(2) 
PARAMETRIC_REPRESENTATION_CONTEXT() REPRESENTATION_CONTEXT('2D SPACE',''
  ) );
#11865 = ORIENTED_EDGE('',*,*,#1938,.F.);
#11866 = ADVANCED_FACE('',(#11867),#3534,.F.);
#11867 = FACE_BOUND('',#11868,.F.);
#11868 = EDGE_LOOP('',(#11869,#11890,#11891,#11892));
#11869 = ORIENTED_EDGE('',*,*,#11870,.T.);
#11870 = EDGE_CURVE('',#3471,#7803,#11871,.T.);
#11871 = SURFACE_CURVE('',#11872,(#11876,#11883),.PCURVE_S1.);
#11872 = LINE('',#11873,#11874);
#11873 = CARTESIAN_POINT('',(0.,-7.329255345778,-8.569551679111));
#11874 = VECTOR('',#11875,1.);
#11875 = DIRECTION('',(1.,0.,0.));
#11876 = PCURVE('',#3534,#11877);
#11877 = DEFINITIONAL_REPRESENTATION('',(#11878),#11882);
#11878 = LINE('',#11879,#11880);
#11879 = CARTESIAN_POINT('',(0.,0.));
#11880 = VECTOR('',#11881,1.);
#11881 = DIRECTION('',(0.,-1.));
#11882 = ( GEOMETRIC_REPRESENTATION_CONTEXT(2) 
PARAMETRIC_REPRESENTATION_CONTEXT() REPRESENTATION_CONTEXT('2D SPACE',''
  ) );
#11883 = PCURVE('',#3498,#11884);
#11884 = DEFINITIONAL_REPRESENTATION('',(#11885),#11889);
#11885 = LINE('',#11886,#11887);
#11886 = CARTESIAN_POINT('',(1.854690543779,0.));
#11887 = VECTOR('',#11888,1.);
#11888 = DIRECTION('',(0.,-1.));
#11889 = ( GEOMETRIC_REPRESENTATION_CONTEXT(2) 
PARAMETRIC_REPRESENTATION_CONTEXT() REPRESENTATION_CONTEXT('2D SPACE',''
  ) );
#11890 = ORIENTED_EDGE('',*,*,#7837,.T.);
#11891 = ORIENTED_EDGE('',*,*,#11816,.F.);
#11892 = ORIENTED_EDGE('',*,*,#3518,.F.);
#11893 = ADVANCED_FACE('',(#11894),#2002,.F.);
#11894 = FACE_BOUND('',#11895,.F.);
#11895 = EDGE_LOOP('',(#11896,#11897,#11898,#11919));
#11896 = ORIENTED_EDGE('',*,*,#11845,.T.);
#11897 = ORIENTED_EDGE('',*,*,#6645,.T.);
#11898 = ORIENTED_EDGE('',*,*,#11899,.F.);
#11899 = EDGE_CURVE('',#1987,#6646,#11900,.T.);
#11900 = SURFACE_CURVE('',#11901,(#11905,#11912),.PCURVE_S1.);
#11901 = LINE('',#11902,#11903);
#11902 = CARTESIAN_POINT('',(0.,-6.779632623225,11.092185604925));
#11903 = VECTOR('',#11904,1.);
#11904 = DIRECTION('',(1.,0.,0.));
#11905 = PCURVE('',#2002,#11906);
#11906 = DEFINITIONAL_REPRESENTATION('',(#11907),#11911);
#11907 = LINE('',#11908,#11909);
#11908 = CARTESIAN_POINT('',(0.650482555152,0.));
#11909 = VECTOR('',#11910,1.);
#11910 = DIRECTION('',(0.,-1.));
#11911 = ( GEOMETRIC_REPRESENTATION_CONTEXT(2) 
PARAMETRIC_REPRESENTATION_CONTEXT() REPRESENTATION_CONTEXT('2D SPACE',''
  ) );
#11912 = PCURVE('',#2042,#11913);
#11913 = DEFINITIONAL_REPRESENTATION('',(#11914),#11918);
#11914 = LINE('',#11915,#11916);
#11915 = CARTESIAN_POINT('',(0.,0.));
#11916 = VECTOR('',#11917,1.);
#11917 = DIRECTION('',(0.,-1.));
#11918 = ( GEOMETRIC_REPRESENTATION_CONTEXT(2) 
PARAMETRIC_REPRESENTATION_CONTEXT() REPRESENTATION_CONTEXT('2D SPACE',''
  ) );
#11919 = ORIENTED_EDGE('',*,*,#1986,.F.);
#11920 = ADVANCED_FACE('',(#11921),#3498,.F.);
#11921 = FACE_BOUND('',#11922,.F.);
#11922 = EDGE_LOOP('',(#11923,#11944,#11945,#11946));
#11923 = ORIENTED_EDGE('',*,*,#11924,.T.);
#11924 = EDGE_CURVE('',#3443,#7780,#11925,.T.);
#11925 = SURFACE_CURVE('',#11926,(#11930,#11937),.PCURVE_S1.);
#11926 = LINE('',#11927,#11928);
#11927 = CARTESIAN_POINT('',(0.,-8.9595305041,-9.419491129892));
#11928 = VECTOR('',#11929,1.);
#11929 = DIRECTION('',(1.,0.,0.));
#11930 = PCURVE('',#3498,#11931);
#11931 = DEFINITIONAL_REPRESENTATION('',(#11932),#11936);
#11932 = LINE('',#11933,#11934);
#11933 = CARTESIAN_POINT('',(0.,0.));
#11934 = VECTOR('',#11935,1.);
#11935 = DIRECTION('',(0.,-1.));
#11936 = ( GEOMETRIC_REPRESENTATION_CONTEXT(2) 
PARAMETRIC_REPRESENTATION_CONTEXT() REPRESENTATION_CONTEXT('2D SPACE',''
  ) );
#11937 = PCURVE('',#3458,#11938);
#11938 = DEFINITIONAL_REPRESENTATION('',(#11939),#11943);
#11939 = LINE('',#11940,#11941);
#11940 = CARTESIAN_POINT('',(0.650482555152,0.));
#11941 = VECTOR('',#11942,1.);
#11942 = DIRECTION('',(0.,-1.));
#11943 = ( GEOMETRIC_REPRESENTATION_CONTEXT(2) 
PARAMETRIC_REPRESENTATION_CONTEXT() REPRESENTATION_CONTEXT('2D SPACE',''
  ) );
#11944 = ORIENTED_EDGE('',*,*,#7802,.T.);
#11945 = ORIENTED_EDGE('',*,*,#11870,.F.);
#11946 = ORIENTED_EDGE('',*,*,#3470,.F.);
#11947 = ADVANCED_FACE('',(#11948),#2042,.F.);
#11948 = FACE_BOUND('',#11949,.F.);
#11949 = EDGE_LOOP('',(#11950,#11951,#11952,#11973));
#11950 = ORIENTED_EDGE('',*,*,#11899,.T.);
#11951 = ORIENTED_EDGE('',*,*,#6668,.T.);
#11952 = ORIENTED_EDGE('',*,*,#11953,.F.);
#11953 = EDGE_CURVE('',#2015,#6669,#11954,.T.);
#11954 = SURFACE_CURVE('',#11955,(#11959,#11966),.PCURVE_S1.);
#11955 = LINE('',#11956,#11957);
#11956 = CARTESIAN_POINT('',(0.,-6.380600416665,9.297480208499));
#11957 = VECTOR('',#11958,1.);
#11958 = DIRECTION('',(1.,0.,0.));
#11959 = PCURVE('',#2042,#11960);
#11960 = DEFINITIONAL_REPRESENTATION('',(#11961),#11965);
#11961 = LINE('',#11962,#11963);
#11962 = CARTESIAN_POINT('',(1.854690543779,0.));
#11963 = VECTOR('',#11964,1.);
#11964 = DIRECTION('',(0.,-1.));
#11965 = ( GEOMETRIC_REPRESENTATION_CONTEXT(2) 
PARAMETRIC_REPRESENTATION_CONTEXT() REPRESENTATION_CONTEXT('2D SPACE',''
  ) );
#11966 = PCURVE('',#2078,#11967);
#11967 = DEFINITIONAL_REPRESENTATION('',(#11968),#11972);
#11968 = LINE('',#11969,#11970);
#11969 = CARTESIAN_POINT('',(0.,0.));
#11970 = VECTOR('',#11971,1.);
#11971 = DIRECTION('',(0.,-1.));
#11972 = ( GEOMETRIC_REPRESENTATION_CONTEXT(2) 
PARAMETRIC_REPRESENTATION_CONTEXT() REPRESENTATION_CONTEXT('2D SPACE',''
  ) );
#11973 = ORIENTED_EDGE('',*,*,#2014,.F.);
#11974 = ADVANCED_FACE('',(#11975),#3458,.F.);
#11975 = FACE_BOUND('',#11976,.F.);
#11976 = EDGE_LOOP('',(#11977,#11998,#11999,#12000));
#11977 = ORIENTED_EDGE('',*,*,#11978,.T.);
#11978 = EDGE_CURVE('',#3395,#7745,#11979,.T.);
#11979 = SURFACE_CURVE('',#11980,(#11984,#11991),.PCURVE_S1.);
#11980 = LINE('',#11981,#11982);
#11981 = CARTESIAN_POINT('',(0.,-9.419491129892,-8.9595305041));
#11982 = VECTOR('',#11983,1.);
#11983 = DIRECTION('',(1.,0.,0.));
#11984 = PCURVE('',#3458,#11985);
#11985 = DEFINITIONAL_REPRESENTATION('',(#11986),#11990);
#11986 = LINE('',#11987,#11988);
#11987 = CARTESIAN_POINT('',(0.,0.));
#11988 = VECTOR('',#11989,1.);
#11989 = DIRECTION('',(0.,-1.));
#11990 = ( GEOMETRIC_REPRESENTATION_CONTEXT(2) 
PARAMETRIC_REPRESENTATION_CONTEXT() REPRESENTATION_CONTEXT('2D SPACE',''
  ) );
#11991 = PCURVE('',#3422,#11992);
#11992 = DEFINITIONAL_REPRESENTATION('',(#11993),#11997);
#11993 = LINE('',#11994,#11995);
#11994 = CARTESIAN_POINT('',(1.854690543779,0.));
#11995 = VECTOR('',#11996,1.);
#11996 = DIRECTION('',(0.,-1.));
#11997 = ( GEOMETRIC_REPRESENTATION_CONTEXT(2) 
PARAMETRIC_REPRESENTATION_CONTEXT() REPRESENTATION_CONTEXT('2D SPACE',''
  ) );
#11998 = ORIENTED_EDGE('',*,*,#7779,.T.);
#11999 = ORIENTED_EDGE('',*,*,#11924,.F.);
#12000 = ORIENTED_EDGE('',*,*,#3442,.F.);
#12001 = ADVANCED_FACE('',(#12002),#2078,.F.);
#12002 = FACE_BOUND('',#12003,.F.);
#12003 = EDGE_LOOP('',(#12004,#12005,#12006,#12027));
#12004 = ORIENTED_EDGE('',*,*,#11953,.T.);
#12005 = ORIENTED_EDGE('',*,*,#6703,.T.);
#12006 = ORIENTED_EDGE('',*,*,#12007,.F.);
#12007 = EDGE_CURVE('',#2063,#6704,#12008,.T.);
#12008 = SURFACE_CURVE('',#12009,(#12013,#12020),.PCURVE_S1.);
#12009 = LINE('',#12010,#12011);
#12010 = CARTESIAN_POINT('',(0.,-6.082791769875,8.863528884386));
#12011 = VECTOR('',#12012,1.);
#12012 = DIRECTION('',(1.,0.,0.));
#12013 = PCURVE('',#2078,#12014);
#12014 = DEFINITIONAL_REPRESENTATION('',(#12015),#12019);
#12015 = LINE('',#12016,#12017);
#12016 = CARTESIAN_POINT('',(0.526311449431,0.));
#12017 = VECTOR('',#12018,1.);
#12018 = DIRECTION('',(0.,-1.));
#12019 = ( GEOMETRIC_REPRESENTATION_CONTEXT(2) 
PARAMETRIC_REPRESENTATION_CONTEXT() REPRESENTATION_CONTEXT('2D SPACE',''
  ) );
#12020 = PCURVE('',#2106,#12021);
#12021 = DEFINITIONAL_REPRESENTATION('',(#12022),#12026);
#12022 = LINE('',#12023,#12024);
#12023 = CARTESIAN_POINT('',(0.,0.));
#12024 = VECTOR('',#12025,1.);
#12025 = DIRECTION('',(0.,-1.));
#12026 = ( GEOMETRIC_REPRESENTATION_CONTEXT(2) 
PARAMETRIC_REPRESENTATION_CONTEXT() REPRESENTATION_CONTEXT('2D SPACE',''
  ) );
#12027 = ORIENTED_EDGE('',*,*,#2062,.F.);
#12028 = ADVANCED_FACE('',(#12029),#3422,.F.);
#12029 = FACE_BOUND('',#12030,.F.);
#12030 = EDGE_LOOP('',(#12031,#12052,#12053,#12054));
#12031 = ORIENTED_EDGE('',*,*,#12032,.T.);
#12032 = EDGE_CURVE('',#3367,#7722,#12033,.T.);
#12033 = SURFACE_CURVE('',#12034,(#12038,#12045),.PCURVE_S1.);
#12034 = LINE('',#12035,#12036);
#12035 = CARTESIAN_POINT('',(0.,-8.569551679111,-7.329255345778));
#12036 = VECTOR('',#12037,1.);
#12037 = DIRECTION('',(1.,0.,0.));
#12038 = PCURVE('',#3422,#12039);
#12039 = DEFINITIONAL_REPRESENTATION('',(#12040),#12044);
#12040 = LINE('',#12041,#12042);
#12041 = CARTESIAN_POINT('',(0.,0.));
#12042 = VECTOR('',#12043,1.);
#12043 = DIRECTION('',(0.,-1.));
#12044 = ( GEOMETRIC_REPRESENTATION_CONTEXT(2) 
PARAMETRIC_REPRESENTATION_CONTEXT() REPRESENTATION_CONTEXT('2D SPACE',''
  ) );
#12045 = PCURVE('',#3382,#12046);
#12046 = DEFINITIONAL_REPRESENTATION('',(#12047),#12051);
#12047 = LINE('',#12048,#12049);
#12048 = CARTESIAN_POINT('',(0.526311449431,0.));
#12049 = VECTOR('',#12050,1.);
#12050 = DIRECTION('',(0.,-1.));
#12051 = ( GEOMETRIC_REPRESENTATION_CONTEXT(2) 
PARAMETRIC_REPRESENTATION_CONTEXT() REPRESENTATION_CONTEXT('2D SPACE',''
  ) );
#12052 = ORIENTED_EDGE('',*,*,#7744,.T.);
#12053 = ORIENTED_EDGE('',*,*,#11978,.F.);
#12054 = ORIENTED_EDGE('',*,*,#3394,.F.);
#12055 = ADVANCED_FACE('',(#12056),#2106,.F.);
#12056 = FACE_BOUND('',#12057,.F.);
#12057 = EDGE_LOOP('',(#12058,#12059,#12060,#12081));
#12058 = ORIENTED_EDGE('',*,*,#12007,.T.);
#12059 = ORIENTED_EDGE('',*,*,#6726,.T.);
#12060 = ORIENTED_EDGE('',*,*,#12061,.F.);
#12061 = EDGE_CURVE('',#2091,#6727,#12062,.T.);
#12062 = SURFACE_CURVE('',#12063,(#12067,#12074),.PCURVE_S1.);
#12063 = LINE('',#12064,#12065);
#12064 = CARTESIAN_POINT('',(0.,-6.987169104051,8.169575748556));
#12065 = VECTOR('',#12066,1.);
#12066 = DIRECTION('',(1.,0.,0.));
#12067 = PCURVE('',#2106,#12068);
#12068 = DEFINITIONAL_REPRESENTATION('',(#12069),#12073);
#12069 = LINE('',#12070,#12071);
#12070 = CARTESIAN_POINT('',(1.139942681584,0.));
#12071 = VECTOR('',#12072,1.);
#12072 = DIRECTION('',(0.,-1.));
#12073 = ( GEOMETRIC_REPRESENTATION_CONTEXT(2) 
PARAMETRIC_REPRESENTATION_CONTEXT() REPRESENTATION_CONTEXT('2D SPACE',''
  ) );
#12074 = PCURVE('',#2134,#12075);
#12075 = DEFINITIONAL_REPRESENTATION('',(#12076),#12080);
#12076 = LINE('',#12077,#12078);
#12077 = CARTESIAN_POINT('',(0.,0.));
#12078 = VECTOR('',#12079,1.);
#12079 = DIRECTION('',(0.,-1.));
#12080 = ( GEOMETRIC_REPRESENTATION_CONTEXT(2) 
PARAMETRIC_REPRESENTATION_CONTEXT() REPRESENTATION_CONTEXT('2D SPACE',''
  ) );
#12081 = ORIENTED_EDGE('',*,*,#2090,.F.);
#12082 = ADVANCED_FACE('',(#12083),#3382,.F.);
#12083 = FACE_BOUND('',#12084,.F.);
#12084 = EDGE_LOOP('',(#12085,#12106,#12107,#12108));
#12085 = ORIENTED_EDGE('',*,*,#12086,.T.);
#12086 = EDGE_CURVE('',#3339,#7699,#12087,.T.);
#12087 = SURFACE_CURVE('',#12088,(#12092,#12099),.PCURVE_S1.);
#12088 = LINE('',#12089,#12090);
#12089 = CARTESIAN_POINT('',(0.,-8.169575748556,-6.987169104051));
#12090 = VECTOR('',#12091,1.);
#12091 = DIRECTION('',(1.,0.,0.));
#12092 = PCURVE('',#3382,#12093);
#12093 = DEFINITIONAL_REPRESENTATION('',(#12094),#12098);
#12094 = LINE('',#12095,#12096);
#12095 = CARTESIAN_POINT('',(0.,0.));
#12096 = VECTOR('',#12097,1.);
#12097 = DIRECTION('',(0.,-1.));
#12098 = ( GEOMETRIC_REPRESENTATION_CONTEXT(2) 
PARAMETRIC_REPRESENTATION_CONTEXT() REPRESENTATION_CONTEXT('2D SPACE',''
  ) );
#12099 = PCURVE('',#3354,#12100);
#12100 = DEFINITIONAL_REPRESENTATION('',(#12101),#12105);
#12101 = LINE('',#12102,#12103);
#12102 = CARTESIAN_POINT('',(1.139942681584,0.));
#12103 = VECTOR('',#12104,1.);
#12104 = DIRECTION('',(0.,-1.));
#12105 = ( GEOMETRIC_REPRESENTATION_CONTEXT(2) 
PARAMETRIC_REPRESENTATION_CONTEXT() REPRESENTATION_CONTEXT('2D SPACE',''
  ) );
#12106 = ORIENTED_EDGE('',*,*,#7721,.T.);
#12107 = ORIENTED_EDGE('',*,*,#12032,.F.);
#12108 = ORIENTED_EDGE('',*,*,#3366,.F.);
#12109 = ADVANCED_FACE('',(#12110),#2134,.F.);
#12110 = FACE_BOUND('',#12111,.F.);
#12111 = EDGE_LOOP('',(#12112,#12113,#12114,#12135));
#12112 = ORIENTED_EDGE('',*,*,#12061,.T.);
#12113 = ORIENTED_EDGE('',*,*,#6749,.T.);
#12114 = ORIENTED_EDGE('',*,*,#12115,.F.);
#12115 = EDGE_CURVE('',#2119,#6750,#12116,.T.);
#12116 = SURFACE_CURVE('',#12117,(#12121,#12128),.PCURVE_S1.);
#12117 = LINE('',#12118,#12119);
#12118 = CARTESIAN_POINT('',(0.,-7.329255345778,8.569551679111));
#12119 = VECTOR('',#12120,1.);
#12120 = DIRECTION('',(1.,0.,0.));
#12121 = PCURVE('',#2134,#12122);
#12122 = DEFINITIONAL_REPRESENTATION('',(#12123),#12127);
#12123 = LINE('',#12124,#12125);
#12124 = CARTESIAN_POINT('',(0.526311449431,0.));
#12125 = VECTOR('',#12126,1.);
#12126 = DIRECTION('',(0.,-1.));
#12127 = ( GEOMETRIC_REPRESENTATION_CONTEXT(2) 
PARAMETRIC_REPRESENTATION_CONTEXT() REPRESENTATION_CONTEXT('2D SPACE',''
  ) );
#12128 = PCURVE('',#2174,#12129);
#12129 = DEFINITIONAL_REPRESENTATION('',(#12130),#12134);
#12130 = LINE('',#12131,#12132);
#12131 = CARTESIAN_POINT('',(0.,0.));
#12132 = VECTOR('',#12133,1.);
#12133 = DIRECTION('',(0.,-1.));
#12134 = ( GEOMETRIC_REPRESENTATION_CONTEXT(2) 
PARAMETRIC_REPRESENTATION_CONTEXT() REPRESENTATION_CONTEXT('2D SPACE',''
  ) );
#12135 = ORIENTED_EDGE('',*,*,#2118,.F.);
#12136 = ADVANCED_FACE('',(#12137),#3354,.F.);
#12137 = FACE_BOUND('',#12138,.F.);
#12138 = EDGE_LOOP('',(#12139,#12160,#12161,#12162));
#12139 = ORIENTED_EDGE('',*,*,#12140,.T.);
#12140 = EDGE_CURVE('',#3311,#7676,#12141,.T.);
#12141 = SURFACE_CURVE('',#12142,(#12146,#12153),.PCURVE_S1.);
#12142 = LINE('',#12143,#12144);
#12143 = CARTESIAN_POINT('',(0.,-8.863528884386,-6.082791769875));
#12144 = VECTOR('',#12145,1.);
#12145 = DIRECTION('',(1.,0.,0.));
#12146 = PCURVE('',#3354,#12147);
#12147 = DEFINITIONAL_REPRESENTATION('',(#12148),#12152);
#12148 = LINE('',#12149,#12150);
#12149 = CARTESIAN_POINT('',(0.,0.));
#12150 = VECTOR('',#12151,1.);
#12151 = DIRECTION('',(0.,-1.));
#12152 = ( GEOMETRIC_REPRESENTATION_CONTEXT(2) 
PARAMETRIC_REPRESENTATION_CONTEXT() REPRESENTATION_CONTEXT('2D SPACE',''
  ) );
#12153 = PCURVE('',#3326,#12154);
#12154 = DEFINITIONAL_REPRESENTATION('',(#12155),#12159);
#12155 = LINE('',#12156,#12157);
#12156 = CARTESIAN_POINT('',(0.526311449431,0.));
#12157 = VECTOR('',#12158,1.);
#12158 = DIRECTION('',(0.,-1.));
#12159 = ( GEOMETRIC_REPRESENTATION_CONTEXT(2) 
PARAMETRIC_REPRESENTATION_CONTEXT() REPRESENTATION_CONTEXT('2D SPACE',''
  ) );
#12160 = ORIENTED_EDGE('',*,*,#7698,.T.);
#12161 = ORIENTED_EDGE('',*,*,#12086,.F.);
#12162 = ORIENTED_EDGE('',*,*,#3338,.F.);
#12163 = ADVANCED_FACE('',(#12164),#2174,.F.);
#12164 = FACE_BOUND('',#12165,.F.);
#12165 = EDGE_LOOP('',(#12166,#12167,#12168,#12189));
#12166 = ORIENTED_EDGE('',*,*,#12115,.T.);
#12167 = ORIENTED_EDGE('',*,*,#6772,.T.);
#12168 = ORIENTED_EDGE('',*,*,#12169,.F.);
#12169 = EDGE_CURVE('',#2147,#6773,#12170,.T.);
#12170 = SURFACE_CURVE('',#12171,(#12175,#12182),.PCURVE_S1.);
#12171 = LINE('',#12172,#12173);
#12172 = CARTESIAN_POINT('',(0.,-8.9595305041,9.419491129892));
#12173 = VECTOR('',#12174,1.);
#12174 = DIRECTION('',(1.,0.,0.));
#12175 = PCURVE('',#2174,#12176);
#12176 = DEFINITIONAL_REPRESENTATION('',(#12177),#12181);
#12177 = LINE('',#12178,#12179);
#12178 = CARTESIAN_POINT('',(1.854690543779,0.));
#12179 = VECTOR('',#12180,1.);
#12180 = DIRECTION('',(0.,-1.));
#12181 = ( GEOMETRIC_REPRESENTATION_CONTEXT(2) 
PARAMETRIC_REPRESENTATION_CONTEXT() REPRESENTATION_CONTEXT('2D SPACE',''
  ) );
#12182 = PCURVE('',#2210,#12183);
#12183 = DEFINITIONAL_REPRESENTATION('',(#12184),#12188);
#12184 = LINE('',#12185,#12186);
#12185 = CARTESIAN_POINT('',(0.,0.));
#12186 = VECTOR('',#12187,1.);
#12187 = DIRECTION('',(0.,-1.));
#12188 = ( GEOMETRIC_REPRESENTATION_CONTEXT(2) 
PARAMETRIC_REPRESENTATION_CONTEXT() REPRESENTATION_CONTEXT('2D SPACE',''
  ) );
#12189 = ORIENTED_EDGE('',*,*,#2146,.F.);
#12190 = ADVANCED_FACE('',(#12191),#3326,.F.);
#12191 = FACE_BOUND('',#12192,.F.);
#12192 = EDGE_LOOP('',(#12193,#12214,#12215,#12216));
#12193 = ORIENTED_EDGE('',*,*,#12194,.T.);
#12194 = EDGE_CURVE('',#3263,#7641,#12195,.T.);
#12195 = SURFACE_CURVE('',#12196,(#12200,#12207),.PCURVE_S1.);
#12196 = LINE('',#12197,#12198);
#12197 = CARTESIAN_POINT('',(0.,-9.297480208499,-6.380600416665));
#12198 = VECTOR('',#12199,1.);
#12199 = DIRECTION('',(1.,0.,0.));
#12200 = PCURVE('',#3326,#12201);
#12201 = DEFINITIONAL_REPRESENTATION('',(#12202),#12206);
#12202 = LINE('',#12203,#12204);
#12203 = CARTESIAN_POINT('',(0.,0.));
#12204 = VECTOR('',#12205,1.);
#12205 = DIRECTION('',(0.,-1.));
#12206 = ( GEOMETRIC_REPRESENTATION_CONTEXT(2) 
PARAMETRIC_REPRESENTATION_CONTEXT() REPRESENTATION_CONTEXT('2D SPACE',''
  ) );
#12207 = PCURVE('',#3290,#12208);
#12208 = DEFINITIONAL_REPRESENTATION('',(#12209),#12213);
#12209 = LINE('',#12210,#12211);
#12210 = CARTESIAN_POINT('',(1.854690543779,0.));
#12211 = VECTOR('',#12212,1.);
#12212 = DIRECTION('',(0.,-1.));
#12213 = ( GEOMETRIC_REPRESENTATION_CONTEXT(2) 
PARAMETRIC_REPRESENTATION_CONTEXT() REPRESENTATION_CONTEXT('2D SPACE',''
  ) );
#12214 = ORIENTED_EDGE('',*,*,#7675,.T.);
#12215 = ORIENTED_EDGE('',*,*,#12140,.F.);
#12216 = ORIENTED_EDGE('',*,*,#3310,.F.);
#12217 = ADVANCED_FACE('',(#12218),#2210,.F.);
#12218 = FACE_BOUND('',#12219,.F.);
#12219 = EDGE_LOOP('',(#12220,#12221,#12222,#12243));
#12220 = ORIENTED_EDGE('',*,*,#12169,.T.);
#12221 = ORIENTED_EDGE('',*,*,#6807,.T.);
#12222 = ORIENTED_EDGE('',*,*,#12223,.F.);
#12223 = EDGE_CURVE('',#2195,#6808,#12224,.T.);
#12224 = SURFACE_CURVE('',#12225,(#12229,#12236),.PCURVE_S1.);
#12225 = LINE('',#12226,#12227);
#12226 = CARTESIAN_POINT('',(0.,-9.419491129892,8.9595305041));
#12227 = VECTOR('',#12228,1.);
#12228 = DIRECTION('',(1.,0.,0.));
#12229 = PCURVE('',#2210,#12230);
#12230 = DEFINITIONAL_REPRESENTATION('',(#12231),#12235);
#12231 = LINE('',#12232,#12233);
#12232 = CARTESIAN_POINT('',(0.650482555152,0.));
#12233 = VECTOR('',#12234,1.);
#12234 = DIRECTION('',(0.,-1.));
#12235 = ( GEOMETRIC_REPRESENTATION_CONTEXT(2) 
PARAMETRIC_REPRESENTATION_CONTEXT() REPRESENTATION_CONTEXT('2D SPACE',''
  ) );
#12236 = PCURVE('',#2250,#12237);
#12237 = DEFINITIONAL_REPRESENTATION('',(#12238),#12242);
#12238 = LINE('',#12239,#12240);
#12239 = CARTESIAN_POINT('',(0.,0.));
#12240 = VECTOR('',#12241,1.);
#12241 = DIRECTION('',(0.,-1.));
#12242 = ( GEOMETRIC_REPRESENTATION_CONTEXT(2) 
PARAMETRIC_REPRESENTATION_CONTEXT() REPRESENTATION_CONTEXT('2D SPACE',''
  ) );
#12243 = ORIENTED_EDGE('',*,*,#2194,.F.);
#12244 = ADVANCED_FACE('',(#12245),#3290,.F.);
#12245 = FACE_BOUND('',#12246,.F.);
#12246 = EDGE_LOOP('',(#12247,#12268,#12269,#12270));
#12247 = ORIENTED_EDGE('',*,*,#12248,.T.);
#12248 = EDGE_CURVE('',#3235,#7618,#12249,.T.);
#12249 = SURFACE_CURVE('',#12250,(#12254,#12261),.PCURVE_S1.);
#12250 = LINE('',#12251,#12252);
#12251 = CARTESIAN_POINT('',(0.,-11.09218560492,-6.779632623225));
#12252 = VECTOR('',#12253,1.);
#12253 = DIRECTION('',(1.,0.,0.));
#12254 = PCURVE('',#3290,#12255);
#12255 = DEFINITIONAL_REPRESENTATION('',(#12256),#12260);
#12256 = LINE('',#12257,#12258);
#12257 = CARTESIAN_POINT('',(0.,0.));
#12258 = VECTOR('',#12259,1.);
#12259 = DIRECTION('',(0.,-1.));
#12260 = ( GEOMETRIC_REPRESENTATION_CONTEXT(2) 
PARAMETRIC_REPRESENTATION_CONTEXT() REPRESENTATION_CONTEXT('2D SPACE',''
  ) );
#12261 = PCURVE('',#3250,#12262);
#12262 = DEFINITIONAL_REPRESENTATION('',(#12263),#12267);
#12263 = LINE('',#12264,#12265);
#12264 = CARTESIAN_POINT('',(0.650482555152,0.));
#12265 = VECTOR('',#12266,1.);
#12266 = DIRECTION('',(0.,-1.));
#12267 = ( GEOMETRIC_REPRESENTATION_CONTEXT(2) 
PARAMETRIC_REPRESENTATION_CONTEXT() REPRESENTATION_CONTEXT('2D SPACE',''
  ) );
#12268 = ORIENTED_EDGE('',*,*,#7640,.T.);
#12269 = ORIENTED_EDGE('',*,*,#12194,.F.);
#12270 = ORIENTED_EDGE('',*,*,#3262,.F.);
#12271 = ADVANCED_FACE('',(#12272),#2250,.F.);
#12272 = FACE_BOUND('',#12273,.F.);
#12273 = EDGE_LOOP('',(#12274,#12275,#12276,#12297));
#12274 = ORIENTED_EDGE('',*,*,#12223,.T.);
#12275 = ORIENTED_EDGE('',*,*,#6830,.T.);
#12276 = ORIENTED_EDGE('',*,*,#12277,.F.);
#12277 = EDGE_CURVE('',#2223,#6831,#12278,.T.);
#12278 = SURFACE_CURVE('',#12279,(#12283,#12290),.PCURVE_S1.);
#12279 = LINE('',#12280,#12281);
#12280 = CARTESIAN_POINT('',(0.,-8.569551679111,7.329255345778));
#12281 = VECTOR('',#12282,1.);
#12282 = DIRECTION('',(1.,0.,0.));
#12283 = PCURVE('',#2250,#12284);
#12284 = DEFINITIONAL_REPRESENTATION('',(#12285),#12289);
#12285 = LINE('',#12286,#12287);
#12286 = CARTESIAN_POINT('',(1.854690543779,0.));
#12287 = VECTOR('',#12288,1.);
#12288 = DIRECTION('',(0.,-1.));
#12289 = ( GEOMETRIC_REPRESENTATION_CONTEXT(2) 
PARAMETRIC_REPRESENTATION_CONTEXT() REPRESENTATION_CONTEXT('2D SPACE',''
  ) );
#12290 = PCURVE('',#2286,#12291);
#12291 = DEFINITIONAL_REPRESENTATION('',(#12292),#12296);
#12292 = LINE('',#12293,#12294);
#12293 = CARTESIAN_POINT('',(0.,0.));
#12294 = VECTOR('',#12295,1.);
#12295 = DIRECTION('',(0.,-1.));
#12296 = ( GEOMETRIC_REPRESENTATION_CONTEXT(2) 
PARAMETRIC_REPRESENTATION_CONTEXT() REPRESENTATION_CONTEXT('2D SPACE',''
  ) );
#12297 = ORIENTED_EDGE('',*,*,#2222,.F.);
#12298 = ADVANCED_FACE('',(#12299),#3250,.F.);
#12299 = FACE_BOUND('',#12300,.F.);
#12300 = EDGE_LOOP('',(#12301,#12322,#12323,#12324));
#12301 = ORIENTED_EDGE('',*,*,#12302,.T.);
#12302 = EDGE_CURVE('',#3187,#7583,#12303,.T.);
#12303 = SURFACE_CURVE('',#12304,(#12308,#12315),.PCURVE_S1.);
#12304 = LINE('',#12305,#12306);
#12305 = CARTESIAN_POINT('',(0.,-11.4174268825,-6.216298205745));
#12306 = VECTOR('',#12307,1.);
#12307 = DIRECTION('',(1.,0.,0.));
#12308 = PCURVE('',#3250,#12309);
#12309 = DEFINITIONAL_REPRESENTATION('',(#12310),#12314);
#12310 = LINE('',#12311,#12312);
#12311 = CARTESIAN_POINT('',(0.,0.));
#12312 = VECTOR('',#12313,1.);
#12313 = DIRECTION('',(0.,-1.));
#12314 = ( GEOMETRIC_REPRESENTATION_CONTEXT(2) 
PARAMETRIC_REPRESENTATION_CONTEXT() REPRESENTATION_CONTEXT('2D SPACE',''
  ) );
#12315 = PCURVE('',#3214,#12316);
#12316 = DEFINITIONAL_REPRESENTATION('',(#12317),#12321);
#12317 = LINE('',#12318,#12319);
#12318 = CARTESIAN_POINT('',(1.854690543779,0.));
#12319 = VECTOR('',#12320,1.);
#12320 = DIRECTION('',(0.,-1.));
#12321 = ( GEOMETRIC_REPRESENTATION_CONTEXT(2) 
PARAMETRIC_REPRESENTATION_CONTEXT() REPRESENTATION_CONTEXT('2D SPACE',''
  ) );
#12322 = ORIENTED_EDGE('',*,*,#7617,.T.);
#12323 = ORIENTED_EDGE('',*,*,#12248,.F.);
#12324 = ORIENTED_EDGE('',*,*,#3234,.F.);
#12325 = ADVANCED_FACE('',(#12326),#2286,.F.);
#12326 = FACE_BOUND('',#12327,.F.);
#12327 = EDGE_LOOP('',(#12328,#12329,#12330,#12351));
#12328 = ORIENTED_EDGE('',*,*,#12277,.T.);
#12329 = ORIENTED_EDGE('',*,*,#6865,.T.);
#12330 = ORIENTED_EDGE('',*,*,#12331,.F.);
#12331 = EDGE_CURVE('',#2271,#6866,#12332,.T.);
#12332 = SURFACE_CURVE('',#12333,(#12337,#12344),.PCURVE_S1.);
#12333 = LINE('',#12334,#12335);
#12334 = CARTESIAN_POINT('',(0.,-8.169575748556,6.987169104051));
#12335 = VECTOR('',#12336,1.);
#12336 = DIRECTION('',(1.,0.,0.));
#12337 = PCURVE('',#2286,#12338);
#12338 = DEFINITIONAL_REPRESENTATION('',(#12339),#12343);
#12339 = LINE('',#12340,#12341);
#12340 = CARTESIAN_POINT('',(0.526311449431,0.));
#12341 = VECTOR('',#12342,1.);
#12342 = DIRECTION('',(0.,-1.));
#12343 = ( GEOMETRIC_REPRESENTATION_CONTEXT(2) 
PARAMETRIC_REPRESENTATION_CONTEXT() REPRESENTATION_CONTEXT('2D SPACE',''
  ) );
#12344 = PCURVE('',#2314,#12345);
#12345 = DEFINITIONAL_REPRESENTATION('',(#12346),#12350);
#12346 = LINE('',#12347,#12348);
#12347 = CARTESIAN_POINT('',(0.,0.));
#12348 = VECTOR('',#12349,1.);
#12349 = DIRECTION('',(0.,-1.));
#12350 = ( GEOMETRIC_REPRESENTATION_CONTEXT(2) 
PARAMETRIC_REPRESENTATION_CONTEXT() REPRESENTATION_CONTEXT('2D SPACE',''
  ) );
#12351 = ORIENTED_EDGE('',*,*,#2270,.F.);
#12352 = ADVANCED_FACE('',(#12353),#3214,.F.);
#12353 = FACE_BOUND('',#12354,.F.);
#12354 = EDGE_LOOP('',(#12355,#12376,#12377,#12378));
#12355 = ORIENTED_EDGE('',*,*,#12356,.T.);
#12356 = EDGE_CURVE('',#3159,#7560,#12357,.T.);
#12357 = SURFACE_CURVE('',#12358,(#12362,#12369),.PCURVE_S1.);
#12358 = LINE('',#12359,#12360);
#12359 = CARTESIAN_POINT('',(0.,-10.17450215647,-4.86155384341));
#12360 = VECTOR('',#12361,1.);
#12361 = DIRECTION('',(1.,0.,0.));
#12362 = PCURVE('',#3214,#12363);
#12363 = DEFINITIONAL_REPRESENTATION('',(#12364),#12368);
#12364 = LINE('',#12365,#12366);
#12365 = CARTESIAN_POINT('',(0.,0.));
#12366 = VECTOR('',#12367,1.);
#12367 = DIRECTION('',(0.,-1.));
#12368 = ( GEOMETRIC_REPRESENTATION_CONTEXT(2) 
PARAMETRIC_REPRESENTATION_CONTEXT() REPRESENTATION_CONTEXT('2D SPACE',''
  ) );
#12369 = PCURVE('',#3174,#12370);
#12370 = DEFINITIONAL_REPRESENTATION('',(#12371),#12375);
#12371 = LINE('',#12372,#12373);
#12372 = CARTESIAN_POINT('',(0.526311449431,0.));
#12373 = VECTOR('',#12374,1.);
#12374 = DIRECTION('',(0.,-1.));
#12375 = ( GEOMETRIC_REPRESENTATION_CONTEXT(2) 
PARAMETRIC_REPRESENTATION_CONTEXT() REPRESENTATION_CONTEXT('2D SPACE',''
  ) );
#12376 = ORIENTED_EDGE('',*,*,#7582,.T.);
#12377 = ORIENTED_EDGE('',*,*,#12302,.F.);
#12378 = ORIENTED_EDGE('',*,*,#3186,.F.);
#12379 = ADVANCED_FACE('',(#12380),#2314,.F.);
#12380 = FACE_BOUND('',#12381,.F.);
#12381 = EDGE_LOOP('',(#12382,#12383,#12384,#12405));
#12382 = ORIENTED_EDGE('',*,*,#12331,.T.);
#12383 = ORIENTED_EDGE('',*,*,#6888,.T.);
#12384 = ORIENTED_EDGE('',*,*,#12385,.F.);
#12385 = EDGE_CURVE('',#2299,#6889,#12386,.T.);
#12386 = SURFACE_CURVE('',#12387,(#12391,#12398),.PCURVE_S1.);
#12387 = LINE('',#12388,#12389);
#12388 = CARTESIAN_POINT('',(0.,-8.863528884386,6.082791769875));
#12389 = VECTOR('',#12390,1.);
#12390 = DIRECTION('',(1.,0.,0.));
#12391 = PCURVE('',#2314,#12392);
#12392 = DEFINITIONAL_REPRESENTATION('',(#12393),#12397);
#12393 = LINE('',#12394,#12395);
#12394 = CARTESIAN_POINT('',(1.139942681584,0.));
#12395 = VECTOR('',#12396,1.);
#12396 = DIRECTION('',(0.,-1.));
#12397 = ( GEOMETRIC_REPRESENTATION_CONTEXT(2) 
PARAMETRIC_REPRESENTATION_CONTEXT() REPRESENTATION_CONTEXT('2D SPACE',''
  ) );
#12398 = PCURVE('',#2342,#12399);
#12399 = DEFINITIONAL_REPRESENTATION('',(#12400),#12404);
#12400 = LINE('',#12401,#12402);
#12401 = CARTESIAN_POINT('',(0.,0.));
#12402 = VECTOR('',#12403,1.);
#12403 = DIRECTION('',(0.,-1.));
#12404 = ( GEOMETRIC_REPRESENTATION_CONTEXT(2) 
PARAMETRIC_REPRESENTATION_CONTEXT() REPRESENTATION_CONTEXT('2D SPACE',''
  ) );
#12405 = ORIENTED_EDGE('',*,*,#2298,.F.);
#12406 = ADVANCED_FACE('',(#12407),#3174,.F.);
#12407 = FACE_BOUND('',#12408,.F.);
#12408 = EDGE_LOOP('',(#12409,#12430,#12431,#12432));
#12409 = ORIENTED_EDGE('',*,*,#12410,.T.);
#12410 = EDGE_CURVE('',#3131,#7537,#12411,.T.);
#12411 = SURFACE_CURVE('',#12412,(#12416,#12423),.PCURVE_S1.);
#12412 = LINE('',#12413,#12414);
#12413 = CARTESIAN_POINT('',(0.,-9.699616640836,-4.634645296118));
#12414 = VECTOR('',#12415,1.);
#12415 = DIRECTION('',(1.,0.,0.));
#12416 = PCURVE('',#3174,#12417);
#12417 = DEFINITIONAL_REPRESENTATION('',(#12418),#12422);
#12418 = LINE('',#12419,#12420);
#12419 = CARTESIAN_POINT('',(0.,0.));
#12420 = VECTOR('',#12421,1.);
#12421 = DIRECTION('',(0.,-1.));
#12422 = ( GEOMETRIC_REPRESENTATION_CONTEXT(2) 
PARAMETRIC_REPRESENTATION_CONTEXT() REPRESENTATION_CONTEXT('2D SPACE',''
  ) );
#12423 = PCURVE('',#3146,#12424);
#12424 = DEFINITIONAL_REPRESENTATION('',(#12425),#12429);
#12425 = LINE('',#12426,#12427);
#12426 = CARTESIAN_POINT('',(1.139942681584,0.));
#12427 = VECTOR('',#12428,1.);
#12428 = DIRECTION('',(0.,-1.));
#12429 = ( GEOMETRIC_REPRESENTATION_CONTEXT(2) 
PARAMETRIC_REPRESENTATION_CONTEXT() REPRESENTATION_CONTEXT('2D SPACE',''
  ) );
#12430 = ORIENTED_EDGE('',*,*,#7559,.T.);
#12431 = ORIENTED_EDGE('',*,*,#12356,.F.);
#12432 = ORIENTED_EDGE('',*,*,#3158,.F.);
#12433 = ADVANCED_FACE('',(#12434),#2342,.F.);
#12434 = FACE_BOUND('',#12435,.F.);
#12435 = EDGE_LOOP('',(#12436,#12437,#12438,#12459));
#12436 = ORIENTED_EDGE('',*,*,#12385,.T.);
#12437 = ORIENTED_EDGE('',*,*,#6911,.T.);
#12438 = ORIENTED_EDGE('',*,*,#12439,.F.);
#12439 = EDGE_CURVE('',#2327,#6912,#12440,.T.);
#12440 = SURFACE_CURVE('',#12441,(#12445,#12452),.PCURVE_S1.);
#12441 = LINE('',#12442,#12443);
#12442 = CARTESIAN_POINT('',(0.,-9.297480208499,6.380600416665));
#12443 = VECTOR('',#12444,1.);
#12444 = DIRECTION('',(1.,0.,0.));
#12445 = PCURVE('',#2342,#12446);
#12446 = DEFINITIONAL_REPRESENTATION('',(#12447),#12451);
#12447 = LINE('',#12448,#12449);
#12448 = CARTESIAN_POINT('',(0.526311449431,0.));
#12449 = VECTOR('',#12450,1.);
#12450 = DIRECTION('',(0.,-1.));
#12451 = ( GEOMETRIC_REPRESENTATION_CONTEXT(2) 
PARAMETRIC_REPRESENTATION_CONTEXT() REPRESENTATION_CONTEXT('2D SPACE',''
  ) );
#12452 = PCURVE('',#2382,#12453);
#12453 = DEFINITIONAL_REPRESENTATION('',(#12454),#12458);
#12454 = LINE('',#12455,#12456);
#12455 = CARTESIAN_POINT('',(0.,0.));
#12456 = VECTOR('',#12457,1.);
#12457 = DIRECTION('',(0.,-1.));
#12458 = ( GEOMETRIC_REPRESENTATION_CONTEXT(2) 
PARAMETRIC_REPRESENTATION_CONTEXT() REPRESENTATION_CONTEXT('2D SPACE',''
  ) );
#12459 = ORIENTED_EDGE('',*,*,#2326,.F.);
#12460 = ADVANCED_FACE('',(#12461),#3146,.F.);
#12461 = FACE_BOUND('',#12462,.F.);
#12462 = EDGE_LOOP('',(#12463,#12484,#12485,#12486));
#12463 = ORIENTED_EDGE('',*,*,#12464,.T.);
#12464 = EDGE_CURVE('',#3103,#7514,#12465,.T.);
#12465 = SURFACE_CURVE('',#12466,(#12470,#12477),.PCURVE_S1.);
#12466 = LINE('',#12467,#12468);
#12467 = CARTESIAN_POINT('',(0.,-10.13585381892,-3.581475584366));
#12468 = VECTOR('',#12469,1.);
#12469 = DIRECTION('',(1.,0.,0.));
#12470 = PCURVE('',#3146,#12471);
#12471 = DEFINITIONAL_REPRESENTATION('',(#12472),#12476);
#12472 = LINE('',#12473,#12474);
#12473 = CARTESIAN_POINT('',(0.,0.));
#12474 = VECTOR('',#12475,1.);
#12475 = DIRECTION('',(0.,-1.));
#12476 = ( GEOMETRIC_REPRESENTATION_CONTEXT(2) 
PARAMETRIC_REPRESENTATION_CONTEXT() REPRESENTATION_CONTEXT('2D SPACE',''
  ) );
#12477 = PCURVE('',#3118,#12478);
#12478 = DEFINITIONAL_REPRESENTATION('',(#12479),#12483);
#12479 = LINE('',#12480,#12481);
#12480 = CARTESIAN_POINT('',(0.526311449431,0.));
#12481 = VECTOR('',#12482,1.);
#12482 = DIRECTION('',(0.,-1.));
#12483 = ( GEOMETRIC_REPRESENTATION_CONTEXT(2) 
PARAMETRIC_REPRESENTATION_CONTEXT() REPRESENTATION_CONTEXT('2D SPACE',''
  ) );
#12484 = ORIENTED_EDGE('',*,*,#7536,.T.);
#12485 = ORIENTED_EDGE('',*,*,#12410,.F.);
#12486 = ORIENTED_EDGE('',*,*,#3130,.F.);
#12487 = ADVANCED_FACE('',(#12488),#2382,.F.);
#12488 = FACE_BOUND('',#12489,.F.);
#12489 = EDGE_LOOP('',(#12490,#12491,#12492,#12513));
#12490 = ORIENTED_EDGE('',*,*,#12439,.T.);
#12491 = ORIENTED_EDGE('',*,*,#6934,.T.);
#12492 = ORIENTED_EDGE('',*,*,#12493,.F.);
#12493 = EDGE_CURVE('',#2355,#6935,#12494,.T.);
#12494 = SURFACE_CURVE('',#12495,(#12499,#12506),.PCURVE_S1.);
#12495 = LINE('',#12496,#12497);
#12496 = CARTESIAN_POINT('',(0.,-11.09218560492,6.779632623225));
#12497 = VECTOR('',#12498,1.);
#12498 = DIRECTION('',(1.,0.,0.));
#12499 = PCURVE('',#2382,#12500);
#12500 = DEFINITIONAL_REPRESENTATION('',(#12501),#12505);
#12501 = LINE('',#12502,#12503);
#12502 = CARTESIAN_POINT('',(1.854690543779,0.));
#12503 = VECTOR('',#12504,1.);
#12504 = DIRECTION('',(0.,-1.));
#12505 = ( GEOMETRIC_REPRESENTATION_CONTEXT(2) 
PARAMETRIC_REPRESENTATION_CONTEXT() REPRESENTATION_CONTEXT('2D SPACE',''
  ) );
#12506 = PCURVE('',#2418,#12507);
#12507 = DEFINITIONAL_REPRESENTATION('',(#12508),#12512);
#12508 = LINE('',#12509,#12510);
#12509 = CARTESIAN_POINT('',(0.,0.));
#12510 = VECTOR('',#12511,1.);
#12511 = DIRECTION('',(0.,-1.));
#12512 = ( GEOMETRIC_REPRESENTATION_CONTEXT(2) 
PARAMETRIC_REPRESENTATION_CONTEXT() REPRESENTATION_CONTEXT('2D SPACE',''
  ) );
#12513 = ORIENTED_EDGE('',*,*,#2354,.F.);
#12514 = ADVANCED_FACE('',(#12515),#3118,.F.);
#12515 = FACE_BOUND('',#12516,.F.);
#12516 = EDGE_LOOP('',(#12517,#12538,#12539,#12540));
#12517 = ORIENTED_EDGE('',*,*,#12518,.T.);
#12518 = EDGE_CURVE('',#3055,#7479,#12519,.T.);
#12519 = SURFACE_CURVE('',#12520,(#12524,#12531),.PCURVE_S1.);
#12520 = LINE('',#12521,#12522);
#12521 = CARTESIAN_POINT('',(0.,-10.63209715982,-3.756821780264));
#12522 = VECTOR('',#12523,1.);
#12523 = DIRECTION('',(1.,0.,0.));
#12524 = PCURVE('',#3118,#12525);
#12525 = DEFINITIONAL_REPRESENTATION('',(#12526),#12530);
#12526 = LINE('',#12527,#12528);
#12527 = CARTESIAN_POINT('',(0.,0.));
#12528 = VECTOR('',#12529,1.);
#12529 = DIRECTION('',(0.,-1.));
#12530 = ( GEOMETRIC_REPRESENTATION_CONTEXT(2) 
PARAMETRIC_REPRESENTATION_CONTEXT() REPRESENTATION_CONTEXT('2D SPACE',''
  ) );
#12531 = PCURVE('',#3082,#12532);
#12532 = DEFINITIONAL_REPRESENTATION('',(#12533),#12537);
#12533 = LINE('',#12534,#12535);
#12534 = CARTESIAN_POINT('',(1.854690543779,0.));
#12535 = VECTOR('',#12536,1.);
#12536 = DIRECTION('',(0.,-1.));
#12537 = ( GEOMETRIC_REPRESENTATION_CONTEXT(2) 
PARAMETRIC_REPRESENTATION_CONTEXT() REPRESENTATION_CONTEXT('2D SPACE',''
  ) );
#12538 = ORIENTED_EDGE('',*,*,#7513,.T.);
#12539 = ORIENTED_EDGE('',*,*,#12464,.F.);
#12540 = ORIENTED_EDGE('',*,*,#3102,.F.);
#12541 = ADVANCED_FACE('',(#12542),#2418,.F.);
#12542 = FACE_BOUND('',#12543,.F.);
#12543 = EDGE_LOOP('',(#12544,#12545,#12546,#12567));
#12544 = ORIENTED_EDGE('',*,*,#12493,.T.);
#12545 = ORIENTED_EDGE('',*,*,#6969,.T.);
#12546 = ORIENTED_EDGE('',*,*,#12547,.F.);
#12547 = EDGE_CURVE('',#2403,#6970,#12548,.T.);
#12548 = SURFACE_CURVE('',#12549,(#12553,#12560),.PCURVE_S1.);
#12549 = LINE('',#12550,#12551);
#12550 = CARTESIAN_POINT('',(0.,-11.4174268825,6.216298205745));
#12551 = VECTOR('',#12552,1.);
#12552 = DIRECTION('',(1.,0.,0.));
#12553 = PCURVE('',#2418,#12554);
#12554 = DEFINITIONAL_REPRESENTATION('',(#12555),#12559);
#12555 = LINE('',#12556,#12557);
#12556 = CARTESIAN_POINT('',(0.650482555152,0.));
#12557 = VECTOR('',#12558,1.);
#12558 = DIRECTION('',(0.,-1.));
#12559 = ( GEOMETRIC_REPRESENTATION_CONTEXT(2) 
PARAMETRIC_REPRESENTATION_CONTEXT() REPRESENTATION_CONTEXT('2D SPACE',''
  ) );
#12560 = PCURVE('',#2458,#12561);
#12561 = DEFINITIONAL_REPRESENTATION('',(#12562),#12566);
#12562 = LINE('',#12563,#12564);
#12563 = CARTESIAN_POINT('',(0.,0.));
#12564 = VECTOR('',#12565,1.);
#12565 = DIRECTION('',(0.,-1.));
#12566 = ( GEOMETRIC_REPRESENTATION_CONTEXT(2) 
PARAMETRIC_REPRESENTATION_CONTEXT() REPRESENTATION_CONTEXT('2D SPACE',''
  ) );
#12567 = ORIENTED_EDGE('',*,*,#2402,.F.);
#12568 = ADVANCED_FACE('',(#12569),#3082,.F.);
#12569 = FACE_BOUND('',#12570,.F.);
#12570 = EDGE_LOOP('',(#12571,#12592,#12593,#12594));
#12571 = ORIENTED_EDGE('',*,*,#12572,.T.);
#12572 = EDGE_CURVE('',#3027,#7456,#12573,.T.);
#12573 = SURFACE_CURVE('',#12574,(#12578,#12585),.PCURVE_S1.);
#12574 = LINE('',#12575,#12576);
#12575 = CARTESIAN_POINT('',(0.,-12.46892658747,-3.677753357158));
#12576 = VECTOR('',#12577,1.);
#12577 = DIRECTION('',(1.,0.,0.));
#12578 = PCURVE('',#3082,#12579);
#12579 = DEFINITIONAL_REPRESENTATION('',(#12580),#12584);
#12580 = LINE('',#12581,#12582);
#12581 = CARTESIAN_POINT('',(0.,0.));
#12582 = VECTOR('',#12583,1.);
#12583 = DIRECTION('',(0.,-1.));
#12584 = ( GEOMETRIC_REPRESENTATION_CONTEXT(2) 
PARAMETRIC_REPRESENTATION_CONTEXT() REPRESENTATION_CONTEXT('2D SPACE',''
  ) );
#12585 = PCURVE('',#3042,#12586);
#12586 = DEFINITIONAL_REPRESENTATION('',(#12587),#12591);
#12587 = LINE('',#12588,#12589);
#12588 = CARTESIAN_POINT('',(0.650482555152,0.));
#12589 = VECTOR('',#12590,1.);
#12590 = DIRECTION('',(0.,-1.));
#12591 = ( GEOMETRIC_REPRESENTATION_CONTEXT(2) 
PARAMETRIC_REPRESENTATION_CONTEXT() REPRESENTATION_CONTEXT('2D SPACE',''
  ) );
#12592 = ORIENTED_EDGE('',*,*,#7478,.T.);
#12593 = ORIENTED_EDGE('',*,*,#12518,.F.);
#12594 = ORIENTED_EDGE('',*,*,#3054,.F.);
#12595 = ADVANCED_FACE('',(#12596),#2458,.F.);
#12596 = FACE_BOUND('',#12597,.F.);
#12597 = EDGE_LOOP('',(#12598,#12599,#12600,#12621));
#12598 = ORIENTED_EDGE('',*,*,#12547,.T.);
#12599 = ORIENTED_EDGE('',*,*,#6992,.T.);
#12600 = ORIENTED_EDGE('',*,*,#12601,.F.);
#12601 = EDGE_CURVE('',#2431,#6993,#12602,.T.);
#12602 = SURFACE_CURVE('',#12603,(#12607,#12614),.PCURVE_S1.);
#12603 = LINE('',#12604,#12605);
#12604 = CARTESIAN_POINT('',(0.,-10.17450215647,4.86155384341));
#12605 = VECTOR('',#12606,1.);
#12606 = DIRECTION('',(1.,0.,0.));
#12607 = PCURVE('',#2458,#12608);
#12608 = DEFINITIONAL_REPRESENTATION('',(#12609),#12613);
#12609 = LINE('',#12610,#12611);
#12610 = CARTESIAN_POINT('',(1.854690543779,0.));
#12611 = VECTOR('',#12612,1.);
#12612 = DIRECTION('',(0.,-1.));
#12613 = ( GEOMETRIC_REPRESENTATION_CONTEXT(2) 
PARAMETRIC_REPRESENTATION_CONTEXT() REPRESENTATION_CONTEXT('2D SPACE',''
  ) );
#12614 = PCURVE('',#2494,#12615);
#12615 = DEFINITIONAL_REPRESENTATION('',(#12616),#12620);
#12616 = LINE('',#12617,#12618);
#12617 = CARTESIAN_POINT('',(0.,0.));
#12618 = VECTOR('',#12619,1.);
#12619 = DIRECTION('',(0.,-1.));
#12620 = ( GEOMETRIC_REPRESENTATION_CONTEXT(2) 
PARAMETRIC_REPRESENTATION_CONTEXT() REPRESENTATION_CONTEXT('2D SPACE',''
  ) );
#12621 = ORIENTED_EDGE('',*,*,#2430,.F.);
#12622 = ADVANCED_FACE('',(#12623),#3042,.F.);
#12623 = FACE_BOUND('',#12624,.F.);
#12624 = EDGE_LOOP('',(#12625,#12646,#12647,#12648));
#12625 = ORIENTED_EDGE('',*,*,#12626,.T.);
#12626 = EDGE_CURVE('',#2979,#7421,#12627,.T.);
#12627 = SURFACE_CURVE('',#12628,(#12632,#12639),.PCURVE_S1.);
#12628 = LINE('',#12629,#12630);
#12629 = CARTESIAN_POINT('',(0.,-12.63728386125,-3.049435457586));
#12630 = VECTOR('',#12631,1.);
#12631 = DIRECTION('',(1.,0.,0.));
#12632 = PCURVE('',#3042,#12633);
#12633 = DEFINITIONAL_REPRESENTATION('',(#12634),#12638);
#12634 = LINE('',#12635,#12636);
#12635 = CARTESIAN_POINT('',(0.,0.));
#12636 = VECTOR('',#12637,1.);
#12637 = DIRECTION('',(0.,-1.));
#12638 = ( GEOMETRIC_REPRESENTATION_CONTEXT(2) 
PARAMETRIC_REPRESENTATION_CONTEXT() REPRESENTATION_CONTEXT('2D SPACE',''
  ) );
#12639 = PCURVE('',#3006,#12640);
#12640 = DEFINITIONAL_REPRESENTATION('',(#12641),#12645);
#12641 = LINE('',#12642,#12643);
#12642 = CARTESIAN_POINT('',(1.854690543779,0.));
#12643 = VECTOR('',#12644,1.);
#12644 = DIRECTION('',(0.,-1.));
#12645 = ( GEOMETRIC_REPRESENTATION_CONTEXT(2) 
PARAMETRIC_REPRESENTATION_CONTEXT() REPRESENTATION_CONTEXT('2D SPACE',''
  ) );
#12646 = ORIENTED_EDGE('',*,*,#7455,.T.);
#12647 = ORIENTED_EDGE('',*,*,#12572,.F.);
#12648 = ORIENTED_EDGE('',*,*,#3026,.F.);
#12649 = ADVANCED_FACE('',(#12650),#2494,.F.);
#12650 = FACE_BOUND('',#12651,.F.);
#12651 = EDGE_LOOP('',(#12652,#12653,#12654,#12675));
#12652 = ORIENTED_EDGE('',*,*,#12601,.T.);
#12653 = ORIENTED_EDGE('',*,*,#7027,.T.);
#12654 = ORIENTED_EDGE('',*,*,#12655,.F.);
#12655 = EDGE_CURVE('',#2479,#7028,#12656,.T.);
#12656 = SURFACE_CURVE('',#12657,(#12661,#12668),.PCURVE_S1.);
#12657 = LINE('',#12658,#12659);
#12658 = CARTESIAN_POINT('',(0.,-9.699616640836,4.634645296118));
#12659 = VECTOR('',#12660,1.);
#12660 = DIRECTION('',(1.,0.,0.));
#12661 = PCURVE('',#2494,#12662);
#12662 = DEFINITIONAL_REPRESENTATION('',(#12663),#12667);
#12663 = LINE('',#12664,#12665);
#12664 = CARTESIAN_POINT('',(0.526311449431,0.));
#12665 = VECTOR('',#12666,1.);
#12666 = DIRECTION('',(0.,-1.));
#12667 = ( GEOMETRIC_REPRESENTATION_CONTEXT(2) 
PARAMETRIC_REPRESENTATION_CONTEXT() REPRESENTATION_CONTEXT('2D SPACE',''
  ) );
#12668 = PCURVE('',#2522,#12669);
#12669 = DEFINITIONAL_REPRESENTATION('',(#12670),#12674);
#12670 = LINE('',#12671,#12672);
#12671 = CARTESIAN_POINT('',(0.,0.));
#12672 = VECTOR('',#12673,1.);
#12673 = DIRECTION('',(0.,-1.));
#12674 = ( GEOMETRIC_REPRESENTATION_CONTEXT(2) 
PARAMETRIC_REPRESENTATION_CONTEXT() REPRESENTATION_CONTEXT('2D SPACE',''
  ) );
#12675 = ORIENTED_EDGE('',*,*,#2478,.F.);
#12676 = ADVANCED_FACE('',(#12677),#3006,.F.);
#12677 = FACE_BOUND('',#12678,.F.);
#12678 = EDGE_LOOP('',(#12679,#12700,#12701,#12702));
#12679 = ORIENTED_EDGE('',*,*,#12680,.T.);
#12680 = EDGE_CURVE('',#2951,#7398,#12681,.T.);
#12681 = SURFACE_CURVE('',#12682,(#12686,#12693),.PCURVE_S1.);
#12682 = LINE('',#12683,#12684);
#12683 = CARTESIAN_POINT('',(0.,-11.08607712604,-2.062545480712));
#12684 = VECTOR('',#12685,1.);
#12685 = DIRECTION('',(1.,0.,0.));
#12686 = PCURVE('',#3006,#12687);
#12687 = DEFINITIONAL_REPRESENTATION('',(#12688),#12692);
#12688 = LINE('',#12689,#12690);
#12689 = CARTESIAN_POINT('',(0.,0.));
#12690 = VECTOR('',#12691,1.);
#12691 = DIRECTION('',(0.,-1.));
#12692 = ( GEOMETRIC_REPRESENTATION_CONTEXT(2) 
PARAMETRIC_REPRESENTATION_CONTEXT() REPRESENTATION_CONTEXT('2D SPACE',''
  ) );
#12693 = PCURVE('',#2966,#12694);
#12694 = DEFINITIONAL_REPRESENTATION('',(#12695),#12699);
#12695 = LINE('',#12696,#12697);
#12696 = CARTESIAN_POINT('',(0.526311449431,0.));
#12697 = VECTOR('',#12698,1.);
#12698 = DIRECTION('',(0.,-1.));
#12699 = ( GEOMETRIC_REPRESENTATION_CONTEXT(2) 
PARAMETRIC_REPRESENTATION_CONTEXT() REPRESENTATION_CONTEXT('2D SPACE',''
  ) );
#12700 = ORIENTED_EDGE('',*,*,#7420,.T.);
#12701 = ORIENTED_EDGE('',*,*,#12626,.F.);
#12702 = ORIENTED_EDGE('',*,*,#2978,.F.);
#12703 = ADVANCED_FACE('',(#12704),#2522,.F.);
#12704 = FACE_BOUND('',#12705,.F.);
#12705 = EDGE_LOOP('',(#12706,#12707,#12708,#12729));
#12706 = ORIENTED_EDGE('',*,*,#12655,.T.);
#12707 = ORIENTED_EDGE('',*,*,#7050,.T.);
#12708 = ORIENTED_EDGE('',*,*,#12709,.F.);
#12709 = EDGE_CURVE('',#2507,#7051,#12710,.T.);
#12710 = SURFACE_CURVE('',#12711,(#12715,#12722),.PCURVE_S1.);
#12711 = LINE('',#12712,#12713);
#12712 = CARTESIAN_POINT('',(0.,-10.13585381892,3.581475584366));
#12713 = VECTOR('',#12714,1.);
#12714 = DIRECTION('',(1.,0.,0.));
#12715 = PCURVE('',#2522,#12716);
#12716 = DEFINITIONAL_REPRESENTATION('',(#12717),#12721);
#12717 = LINE('',#12718,#12719);
#12718 = CARTESIAN_POINT('',(1.139942681584,0.));
#12719 = VECTOR('',#12720,1.);
#12720 = DIRECTION('',(0.,-1.));
#12721 = ( GEOMETRIC_REPRESENTATION_CONTEXT(2) 
PARAMETRIC_REPRESENTATION_CONTEXT() REPRESENTATION_CONTEXT('2D SPACE',''
  ) );
#12722 = PCURVE('',#2550,#12723);
#12723 = DEFINITIONAL_REPRESENTATION('',(#12724),#12728);
#12724 = LINE('',#12725,#12726);
#12725 = CARTESIAN_POINT('',(0.,0.));
#12726 = VECTOR('',#12727,1.);
#12727 = DIRECTION('',(0.,-1.));
#12728 = ( GEOMETRIC_REPRESENTATION_CONTEXT(2) 
PARAMETRIC_REPRESENTATION_CONTEXT() REPRESENTATION_CONTEXT('2D SPACE',''
  ) );
#12729 = ORIENTED_EDGE('',*,*,#2506,.F.);
#12730 = ADVANCED_FACE('',(#12731),#2966,.F.);
#12731 = FACE_BOUND('',#12732,.F.);
#12732 = EDGE_LOOP('',(#12733,#12754,#12755,#12756));
#12733 = ORIENTED_EDGE('',*,*,#12734,.T.);
#12734 = EDGE_CURVE('',#2923,#7375,#12735,.T.);
#12735 = SURFACE_CURVE('',#12736,(#12740,#12747),.PCURVE_S1.);
#12736 = LINE('',#12737,#12738);
#12737 = CARTESIAN_POINT('',(0.,-10.56864468841,-1.966278070367));
#12738 = VECTOR('',#12739,1.);
#12739 = DIRECTION('',(1.,0.,0.));
#12740 = PCURVE('',#2966,#12741);
#12741 = DEFINITIONAL_REPRESENTATION('',(#12742),#12746);
#12742 = LINE('',#12743,#12744);
#12743 = CARTESIAN_POINT('',(0.,0.));
#12744 = VECTOR('',#12745,1.);
#12745 = DIRECTION('',(0.,-1.));
#12746 = ( GEOMETRIC_REPRESENTATION_CONTEXT(2) 
PARAMETRIC_REPRESENTATION_CONTEXT() REPRESENTATION_CONTEXT('2D SPACE',''
  ) );
#12747 = PCURVE('',#2938,#12748);
#12748 = DEFINITIONAL_REPRESENTATION('',(#12749),#12753);
#12749 = LINE('',#12750,#12751);
#12750 = CARTESIAN_POINT('',(1.139942681584,0.));
#12751 = VECTOR('',#12752,1.);
#12752 = DIRECTION('',(0.,-1.));
#12753 = ( GEOMETRIC_REPRESENTATION_CONTEXT(2) 
PARAMETRIC_REPRESENTATION_CONTEXT() REPRESENTATION_CONTEXT('2D SPACE',''
  ) );
#12754 = ORIENTED_EDGE('',*,*,#7397,.T.);
#12755 = ORIENTED_EDGE('',*,*,#12680,.F.);
#12756 = ORIENTED_EDGE('',*,*,#2950,.F.);
#12757 = ADVANCED_FACE('',(#12758),#2550,.F.);
#12758 = FACE_BOUND('',#12759,.F.);
#12759 = EDGE_LOOP('',(#12760,#12761,#12762,#12783));
#12760 = ORIENTED_EDGE('',*,*,#12709,.T.);
#12761 = ORIENTED_EDGE('',*,*,#7073,.T.);
#12762 = ORIENTED_EDGE('',*,*,#12763,.F.);
#12763 = EDGE_CURVE('',#2535,#7074,#12764,.T.);
#12764 = SURFACE_CURVE('',#12765,(#12769,#12776),.PCURVE_S1.);
#12765 = LINE('',#12766,#12767);
#12766 = CARTESIAN_POINT('',(0.,-10.63209715982,3.756821780264));
#12767 = VECTOR('',#12768,1.);
#12768 = DIRECTION('',(1.,0.,0.));
#12769 = PCURVE('',#2550,#12770);
#12770 = DEFINITIONAL_REPRESENTATION('',(#12771),#12775);
#12771 = LINE('',#12772,#12773);
#12772 = CARTESIAN_POINT('',(0.526311449431,0.));
#12773 = VECTOR('',#12774,1.);
#12774 = DIRECTION('',(0.,-1.));
#12775 = ( GEOMETRIC_REPRESENTATION_CONTEXT(2) 
PARAMETRIC_REPRESENTATION_CONTEXT() REPRESENTATION_CONTEXT('2D SPACE',''
  ) );
#12776 = PCURVE('',#2590,#12777);
#12777 = DEFINITIONAL_REPRESENTATION('',(#12778),#12782);
#12778 = LINE('',#12779,#12780);
#12779 = CARTESIAN_POINT('',(0.,0.));
#12780 = VECTOR('',#12781,1.);
#12781 = DIRECTION('',(0.,-1.));
#12782 = ( GEOMETRIC_REPRESENTATION_CONTEXT(2) 
PARAMETRIC_REPRESENTATION_CONTEXT() REPRESENTATION_CONTEXT('2D SPACE',''
  ) );
#12783 = ORIENTED_EDGE('',*,*,#2534,.F.);
#12784 = ADVANCED_FACE('',(#12785),#2938,.F.);
#12785 = FACE_BOUND('',#12786,.F.);
#12786 = EDGE_LOOP('',(#12787,#12808,#12809,#12810));
#12787 = ORIENTED_EDGE('',*,*,#12788,.T.);
#12788 = EDGE_CURVE('',#2895,#7352,#12789,.T.);
#12789 = SURFACE_CURVE('',#12790,(#12794,#12801),.PCURVE_S1.);
#12790 = LINE('',#12791,#12792);
#12791 = CARTESIAN_POINT('',(0.,-10.71743706599,-0.83608775645));
#12792 = VECTOR('',#12793,1.);
#12793 = DIRECTION('',(1.,0.,0.));
#12794 = PCURVE('',#2938,#12795);
#12795 = DEFINITIONAL_REPRESENTATION('',(#12796),#12800);
#12796 = LINE('',#12797,#12798);
#12797 = CARTESIAN_POINT('',(0.,0.));
#12798 = VECTOR('',#12799,1.);
#12799 = DIRECTION('',(0.,-1.));
#12800 = ( GEOMETRIC_REPRESENTATION_CONTEXT(2) 
PARAMETRIC_REPRESENTATION_CONTEXT() REPRESENTATION_CONTEXT('2D SPACE',''
  ) );
#12801 = PCURVE('',#2910,#12802);
#12802 = DEFINITIONAL_REPRESENTATION('',(#12803),#12807);
#12803 = LINE('',#12804,#12805);
#12804 = CARTESIAN_POINT('',(0.526311449431,0.));
#12805 = VECTOR('',#12806,1.);
#12806 = DIRECTION('',(0.,-1.));
#12807 = ( GEOMETRIC_REPRESENTATION_CONTEXT(2) 
PARAMETRIC_REPRESENTATION_CONTEXT() REPRESENTATION_CONTEXT('2D SPACE',''
  ) );
#12808 = ORIENTED_EDGE('',*,*,#7374,.T.);
#12809 = ORIENTED_EDGE('',*,*,#12734,.F.);
#12810 = ORIENTED_EDGE('',*,*,#2922,.F.);
#12811 = ADVANCED_FACE('',(#12812),#2590,.F.);
#12812 = FACE_BOUND('',#12813,.F.);
#12813 = EDGE_LOOP('',(#12814,#12815,#12816,#12837));
#12814 = ORIENTED_EDGE('',*,*,#12763,.T.);
#12815 = ORIENTED_EDGE('',*,*,#7096,.T.);
#12816 = ORIENTED_EDGE('',*,*,#12817,.F.);
#12817 = EDGE_CURVE('',#2563,#7097,#12818,.T.);
#12818 = SURFACE_CURVE('',#12819,(#12823,#12830),.PCURVE_S1.);
#12819 = LINE('',#12820,#12821);
#12820 = CARTESIAN_POINT('',(0.,-12.46892658747,3.677753357158));
#12821 = VECTOR('',#12822,1.);
#12822 = DIRECTION('',(1.,0.,0.));
#12823 = PCURVE('',#2590,#12824);
#12824 = DEFINITIONAL_REPRESENTATION('',(#12825),#12829);
#12825 = LINE('',#12826,#12827);
#12826 = CARTESIAN_POINT('',(1.854690543779,0.));
#12827 = VECTOR('',#12828,1.);
#12828 = DIRECTION('',(0.,-1.));
#12829 = ( GEOMETRIC_REPRESENTATION_CONTEXT(2) 
PARAMETRIC_REPRESENTATION_CONTEXT() REPRESENTATION_CONTEXT('2D SPACE',''
  ) );
#12830 = PCURVE('',#2626,#12831);
#12831 = DEFINITIONAL_REPRESENTATION('',(#12832),#12836);
#12832 = LINE('',#12833,#12834);
#12833 = CARTESIAN_POINT('',(0.,0.));
#12834 = VECTOR('',#12835,1.);
#12835 = DIRECTION('',(0.,-1.));
#12836 = ( GEOMETRIC_REPRESENTATION_CONTEXT(2) 
PARAMETRIC_REPRESENTATION_CONTEXT() REPRESENTATION_CONTEXT('2D SPACE',''
  ) );
#12837 = ORIENTED_EDGE('',*,*,#2562,.F.);
#12838 = ADVANCED_FACE('',(#12839),#2910,.F.);
#12839 = FACE_BOUND('',#12840,.F.);
#12840 = EDGE_LOOP('',(#12841,#12862,#12863,#12864));
#12841 = ORIENTED_EDGE('',*,*,#12842,.T.);
#12842 = EDGE_CURVE('',#2847,#7317,#12843,.T.);
#12843 = SURFACE_CURVE('',#12844,(#12848,#12855),.PCURVE_S1.);
#12844 = LINE('',#12845,#12846);
#12845 = CARTESIAN_POINT('',(0.,-11.24215426007,-0.87702194798));
#12846 = VECTOR('',#12847,1.);
#12847 = DIRECTION('',(1.,0.,0.));
#12848 = PCURVE('',#2910,#12849);
#12849 = DEFINITIONAL_REPRESENTATION('',(#12850),#12854);
#12850 = LINE('',#12851,#12852);
#12851 = CARTESIAN_POINT('',(0.,0.));
#12852 = VECTOR('',#12853,1.);
#12853 = DIRECTION('',(0.,-1.));
#12854 = ( GEOMETRIC_REPRESENTATION_CONTEXT(2) 
PARAMETRIC_REPRESENTATION_CONTEXT() REPRESENTATION_CONTEXT('2D SPACE',''
  ) );
#12855 = PCURVE('',#2874,#12856);
#12856 = DEFINITIONAL_REPRESENTATION('',(#12857),#12861);
#12857 = LINE('',#12858,#12859);
#12858 = CARTESIAN_POINT('',(1.854690543779,0.));
#12859 = VECTOR('',#12860,1.);
#12860 = DIRECTION('',(0.,-1.));
#12861 = ( GEOMETRIC_REPRESENTATION_CONTEXT(2) 
PARAMETRIC_REPRESENTATION_CONTEXT() REPRESENTATION_CONTEXT('2D SPACE',''
  ) );
#12862 = ORIENTED_EDGE('',*,*,#7351,.T.);
#12863 = ORIENTED_EDGE('',*,*,#12788,.F.);
#12864 = ORIENTED_EDGE('',*,*,#2894,.F.);
#12865 = ADVANCED_FACE('',(#12866),#2626,.F.);
#12866 = FACE_BOUND('',#12867,.F.);
#12867 = EDGE_LOOP('',(#12868,#12869,#12870,#12891));
#12868 = ORIENTED_EDGE('',*,*,#12817,.T.);
#12869 = ORIENTED_EDGE('',*,*,#7131,.T.);
#12870 = ORIENTED_EDGE('',*,*,#12871,.F.);
#12871 = EDGE_CURVE('',#2611,#7132,#12872,.T.);
#12872 = SURFACE_CURVE('',#12873,(#12877,#12884),.PCURVE_S1.);
#12873 = LINE('',#12874,#12875);
#12874 = CARTESIAN_POINT('',(0.,-12.63728386125,3.049435457586));
#12875 = VECTOR('',#12876,1.);
#12876 = DIRECTION('',(1.,0.,0.));
#12877 = PCURVE('',#2626,#12878);
#12878 = DEFINITIONAL_REPRESENTATION('',(#12879),#12883);
#12879 = LINE('',#12880,#12881);
#12880 = CARTESIAN_POINT('',(0.650482555152,0.));
#12881 = VECTOR('',#12882,1.);
#12882 = DIRECTION('',(0.,-1.));
#12883 = ( GEOMETRIC_REPRESENTATION_CONTEXT(2) 
PARAMETRIC_REPRESENTATION_CONTEXT() REPRESENTATION_CONTEXT('2D SPACE',''
  ) );
#12884 = PCURVE('',#2666,#12885);
#12885 = DEFINITIONAL_REPRESENTATION('',(#12886),#12890);
#12886 = LINE('',#12887,#12888);
#12887 = CARTESIAN_POINT('',(0.,0.));
#12888 = VECTOR('',#12889,1.);
#12889 = DIRECTION('',(0.,-1.));
#12890 = ( GEOMETRIC_REPRESENTATION_CONTEXT(2) 
PARAMETRIC_REPRESENTATION_CONTEXT() REPRESENTATION_CONTEXT('2D SPACE',''
  ) );
#12891 = ORIENTED_EDGE('',*,*,#2610,.F.);
#12892 = ADVANCED_FACE('',(#12893),#2874,.F.);
#12893 = FACE_BOUND('',#12894,.F.);
#12894 = EDGE_LOOP('',(#12895,#12916,#12917,#12918));
#12895 = ORIENTED_EDGE('',*,*,#12896,.T.);
#12896 = EDGE_CURVE('',#2819,#7294,#12897,.T.);
#12897 = SURFACE_CURVE('',#12898,(#12902,#12909),.PCURVE_S1.);
#12898 = LINE('',#12899,#12900);
#12899 = CARTESIAN_POINT('',(0.,-12.99593082897,-0.325241277576));
#12900 = VECTOR('',#12901,1.);
#12901 = DIRECTION('',(1.,0.,0.));
#12902 = PCURVE('',#2874,#12903);
#12903 = DEFINITIONAL_REPRESENTATION('',(#12904),#12908);
#12904 = LINE('',#12905,#12906);
#12905 = CARTESIAN_POINT('',(0.,0.));
#12906 = VECTOR('',#12907,1.);
#12907 = DIRECTION('',(0.,-1.));
#12908 = ( GEOMETRIC_REPRESENTATION_CONTEXT(2) 
PARAMETRIC_REPRESENTATION_CONTEXT() REPRESENTATION_CONTEXT('2D SPACE',''
  ) );
#12909 = PCURVE('',#2834,#12910);
#12910 = DEFINITIONAL_REPRESENTATION('',(#12911),#12915);
#12911 = LINE('',#12912,#12913);
#12912 = CARTESIAN_POINT('',(0.650482555152,0.));
#12913 = VECTOR('',#12914,1.);
#12914 = DIRECTION('',(0.,-1.));
#12915 = ( GEOMETRIC_REPRESENTATION_CONTEXT(2) 
PARAMETRIC_REPRESENTATION_CONTEXT() REPRESENTATION_CONTEXT('2D SPACE',''
  ) );
#12916 = ORIENTED_EDGE('',*,*,#7316,.T.);
#12917 = ORIENTED_EDGE('',*,*,#12842,.F.);
#12918 = ORIENTED_EDGE('',*,*,#2846,.F.);
#12919 = ADVANCED_FACE('',(#12920),#2666,.F.);
#12920 = FACE_BOUND('',#12921,.F.);
#12921 = EDGE_LOOP('',(#12922,#12923,#12924,#12945));
#12922 = ORIENTED_EDGE('',*,*,#12871,.T.);
#12923 = ORIENTED_EDGE('',*,*,#7154,.T.);
#12924 = ORIENTED_EDGE('',*,*,#12925,.F.);
#12925 = EDGE_CURVE('',#2639,#7155,#12926,.T.);
#12926 = SURFACE_CURVE('',#12927,(#12931,#12938),.PCURVE_S1.);
#12927 = LINE('',#12928,#12929);
#12928 = CARTESIAN_POINT('',(0.,-11.08607712604,2.062545480712));
#12929 = VECTOR('',#12930,1.);
#12930 = DIRECTION('',(1.,0.,0.));
#12931 = PCURVE('',#2666,#12932);
#12932 = DEFINITIONAL_REPRESENTATION('',(#12933),#12937);
#12933 = LINE('',#12934,#12935);
#12934 = CARTESIAN_POINT('',(1.854690543779,0.));
#12935 = VECTOR('',#12936,1.);
#12936 = DIRECTION('',(0.,-1.));
#12937 = ( GEOMETRIC_REPRESENTATION_CONTEXT(2) 
PARAMETRIC_REPRESENTATION_CONTEXT() REPRESENTATION_CONTEXT('2D SPACE',''
  ) );
#12938 = PCURVE('',#2702,#12939);
#12939 = DEFINITIONAL_REPRESENTATION('',(#12940),#12944);
#12940 = LINE('',#12941,#12942);
#12941 = CARTESIAN_POINT('',(0.,0.));
#12942 = VECTOR('',#12943,1.);
#12943 = DIRECTION('',(0.,-1.));
#12944 = ( GEOMETRIC_REPRESENTATION_CONTEXT(2) 
PARAMETRIC_REPRESENTATION_CONTEXT() REPRESENTATION_CONTEXT('2D SPACE',''
  ) );
#12945 = ORIENTED_EDGE('',*,*,#2638,.F.);
#12946 = ADVANCED_FACE('',(#12947),#2834,.F.);
#12947 = FACE_BOUND('',#12948,.F.);
#12948 = EDGE_LOOP('',(#12949,#12970,#12971,#12972));
#12949 = ORIENTED_EDGE('',*,*,#12950,.T.);
#12950 = EDGE_CURVE('',#2771,#7259,#12951,.T.);
#12951 = SURFACE_CURVE('',#12952,(#12956,#12963),.PCURVE_S1.);
#12952 = LINE('',#12953,#12954);
#12953 = CARTESIAN_POINT('',(0.,-12.99593082897,0.325241277576));
#12954 = VECTOR('',#12955,1.);
#12955 = DIRECTION('',(1.,0.,0.));
#12956 = PCURVE('',#2834,#12957);
#12957 = DEFINITIONAL_REPRESENTATION('',(#12958),#12962);
#12958 = LINE('',#12959,#12960);
#12959 = CARTESIAN_POINT('',(0.,0.));
#12960 = VECTOR('',#12961,1.);
#12961 = DIRECTION('',(0.,-1.));
#12962 = ( GEOMETRIC_REPRESENTATION_CONTEXT(2) 
PARAMETRIC_REPRESENTATION_CONTEXT() REPRESENTATION_CONTEXT('2D SPACE',''
  ) );
#12963 = PCURVE('',#2798,#12964);
#12964 = DEFINITIONAL_REPRESENTATION('',(#12965),#12969);
#12965 = LINE('',#12966,#12967);
#12966 = CARTESIAN_POINT('',(1.854690543779,0.));
#12967 = VECTOR('',#12968,1.);
#12968 = DIRECTION('',(0.,-1.));
#12969 = ( GEOMETRIC_REPRESENTATION_CONTEXT(2) 
PARAMETRIC_REPRESENTATION_CONTEXT() REPRESENTATION_CONTEXT('2D SPACE',''
  ) );
#12970 = ORIENTED_EDGE('',*,*,#7293,.T.);
#12971 = ORIENTED_EDGE('',*,*,#12896,.F.);
#12972 = ORIENTED_EDGE('',*,*,#2818,.F.);
#12973 = ADVANCED_FACE('',(#12974),#2702,.F.);
#12974 = FACE_BOUND('',#12975,.F.);
#12975 = EDGE_LOOP('',(#12976,#12977,#12978,#12999));
#12976 = ORIENTED_EDGE('',*,*,#12925,.T.);
#12977 = ORIENTED_EDGE('',*,*,#7189,.T.);
#12978 = ORIENTED_EDGE('',*,*,#12979,.F.);
#12979 = EDGE_CURVE('',#2687,#7190,#12980,.T.);
#12980 = SURFACE_CURVE('',#12981,(#12985,#12992),.PCURVE_S1.);
#12981 = LINE('',#12982,#12983);
#12982 = CARTESIAN_POINT('',(0.,-10.56864468841,1.966278070367));
#12983 = VECTOR('',#12984,1.);
#12984 = DIRECTION('',(1.,0.,0.));
#12985 = PCURVE('',#2702,#12986);
#12986 = DEFINITIONAL_REPRESENTATION('',(#12987),#12991);
#12987 = LINE('',#12988,#12989);
#12988 = CARTESIAN_POINT('',(0.526311449431,0.));
#12989 = VECTOR('',#12990,1.);
#12990 = DIRECTION('',(0.,-1.));
#12991 = ( GEOMETRIC_REPRESENTATION_CONTEXT(2) 
PARAMETRIC_REPRESENTATION_CONTEXT() REPRESENTATION_CONTEXT('2D SPACE',''
  ) );
#12992 = PCURVE('',#2730,#12993);
#12993 = DEFINITIONAL_REPRESENTATION('',(#12994),#12998);
#12994 = LINE('',#12995,#12996);
#12995 = CARTESIAN_POINT('',(0.,0.));
#12996 = VECTOR('',#12997,1.);
#12997 = DIRECTION('',(0.,-1.));
#12998 = ( GEOMETRIC_REPRESENTATION_CONTEXT(2) 
PARAMETRIC_REPRESENTATION_CONTEXT() REPRESENTATION_CONTEXT('2D SPACE',''
  ) );
#12999 = ORIENTED_EDGE('',*,*,#2686,.F.);
#13000 = ADVANCED_FACE('',(#13001),#2798,.F.);
#13001 = FACE_BOUND('',#13002,.F.);
#13002 = EDGE_LOOP('',(#13003,#13024,#13025,#13026));
#13003 = ORIENTED_EDGE('',*,*,#13004,.T.);
#13004 = EDGE_CURVE('',#2743,#7236,#13005,.T.);
#13005 = SURFACE_CURVE('',#13006,(#13010,#13017),.PCURVE_S1.);
#13006 = LINE('',#13007,#13008);
#13007 = CARTESIAN_POINT('',(0.,-11.24215426007,0.87702194798));
#13008 = VECTOR('',#13009,1.);
#13009 = DIRECTION('',(1.,0.,0.));
#13010 = PCURVE('',#2798,#13011);
#13011 = DEFINITIONAL_REPRESENTATION('',(#13012),#13016);
#13012 = LINE('',#13013,#13014);
#13013 = CARTESIAN_POINT('',(0.,0.));
#13014 = VECTOR('',#13015,1.);
#13015 = DIRECTION('',(0.,-1.));
#13016 = ( GEOMETRIC_REPRESENTATION_CONTEXT(2) 
PARAMETRIC_REPRESENTATION_CONTEXT() REPRESENTATION_CONTEXT('2D SPACE',''
  ) );
#13017 = PCURVE('',#2758,#13018);
#13018 = DEFINITIONAL_REPRESENTATION('',(#13019),#13023);
#13019 = LINE('',#13020,#13021);
#13020 = CARTESIAN_POINT('',(0.526311449431,0.));
#13021 = VECTOR('',#13022,1.);
#13022 = DIRECTION('',(0.,-1.));
#13023 = ( GEOMETRIC_REPRESENTATION_CONTEXT(2) 
PARAMETRIC_REPRESENTATION_CONTEXT() REPRESENTATION_CONTEXT('2D SPACE',''
  ) );
#13024 = ORIENTED_EDGE('',*,*,#7258,.T.);
#13025 = ORIENTED_EDGE('',*,*,#12950,.F.);
#13026 = ORIENTED_EDGE('',*,*,#2770,.F.);
#13027 = ADVANCED_FACE('',(#13028),#2730,.F.);
#13028 = FACE_BOUND('',#13029,.F.);
#13029 = EDGE_LOOP('',(#13030,#13031,#13032,#13053));
#13030 = ORIENTED_EDGE('',*,*,#12979,.T.);
#13031 = ORIENTED_EDGE('',*,*,#7212,.T.);
#13032 = ORIENTED_EDGE('',*,*,#13033,.F.);
#13033 = EDGE_CURVE('',#2715,#7213,#13034,.T.);
#13034 = SURFACE_CURVE('',#13035,(#13039,#13046),.PCURVE_S1.);
#13035 = LINE('',#13036,#13037);
#13036 = CARTESIAN_POINT('',(0.,-10.71743706599,0.83608775645));
#13037 = VECTOR('',#13038,1.);
#13038 = DIRECTION('',(1.,0.,0.));
#13039 = PCURVE('',#2730,#13040);
#13040 = DEFINITIONAL_REPRESENTATION('',(#13041),#13045);
#13041 = LINE('',#13042,#13043);
#13042 = CARTESIAN_POINT('',(1.139942681584,0.));
#13043 = VECTOR('',#13044,1.);
#13044 = DIRECTION('',(0.,-1.));
#13045 = ( GEOMETRIC_REPRESENTATION_CONTEXT(2) 
PARAMETRIC_REPRESENTATION_CONTEXT() REPRESENTATION_CONTEXT('2D SPACE',''
  ) );
#13046 = PCURVE('',#2758,#13047);
#13047 = DEFINITIONAL_REPRESENTATION('',(#13048),#13052);
#13048 = LINE('',#13049,#13050);
#13049 = CARTESIAN_POINT('',(0.,0.));
#13050 = VECTOR('',#13051,1.);
#13051 = DIRECTION('',(0.,-1.));
#13052 = ( GEOMETRIC_REPRESENTATION_CONTEXT(2) 
PARAMETRIC_REPRESENTATION_CONTEXT() REPRESENTATION_CONTEXT('2D SPACE',''
  ) );
#13053 = ORIENTED_EDGE('',*,*,#2714,.F.);
#13054 = ADVANCED_FACE('',(#13055),#2758,.F.);
#13055 = FACE_BOUND('',#13056,.F.);
#13056 = EDGE_LOOP('',(#13057,#13058,#13059,#13060));
#13057 = ORIENTED_EDGE('',*,*,#13033,.T.);
#13058 = ORIENTED_EDGE('',*,*,#7235,.T.);
#13059 = ORIENTED_EDGE('',*,*,#13004,.F.);
#13060 = ORIENTED_EDGE('',*,*,#2742,.F.);
#13061 = ADVANCED_FACE('',(#13062),#5227,.F.);
#13062 = FACE_BOUND('',#13063,.T.);
#13063 = EDGE_LOOP('',(#13064,#13065,#13086,#13087));
#13064 = ORIENTED_EDGE('',*,*,#5206,.T.);
#13065 = ORIENTED_EDGE('',*,*,#13066,.T.);
#13066 = EDGE_CURVE('',#5207,#9158,#13067,.T.);
#13067 = SEAM_CURVE('',#13068,(#13072,#13079),.PCURVE_S1.);
#13068 = LINE('',#13069,#13070);
#13069 = CARTESIAN_POINT('',(-2.,8.5,0.));
#13070 = VECTOR('',#13071,1.);
#13071 = DIRECTION('',(1.,0.,0.));
#13072 = PCURVE('',#5227,#13073);
#13073 = DEFINITIONAL_REPRESENTATION('',(#13074),#13078);
#13074 = LINE('',#13075,#13076);
#13075 = CARTESIAN_POINT('',(-6.28318530718,0.));
#13076 = VECTOR('',#13077,1.);
#13077 = DIRECTION('',(-0.,-1.));
#13078 = ( GEOMETRIC_REPRESENTATION_CONTEXT(2) 
PARAMETRIC_REPRESENTATION_CONTEXT() REPRESENTATION_CONTEXT('2D SPACE',''
  ) );
#13079 = PCURVE('',#5227,#13080);
#13080 = DEFINITIONAL_REPRESENTATION('',(#13081),#13085);
#13081 = LINE('',#13082,#13083);
#13082 = CARTESIAN_POINT('',(-0.,0.));
#13083 = VECTOR('',#13084,1.);
#13084 = DIRECTION('',(-0.,-1.));
#13085 = ( GEOMETRIC_REPRESENTATION_CONTEXT(2) 
PARAMETRIC_REPRESENTATION_CONTEXT() REPRESENTATION_CONTEXT('2D SPACE',''
  ) );
#13086 = ORIENTED_EDGE('',*,*,#9157,.F.);
#13087 = ORIENTED_EDGE('',*,*,#13066,.F.);
#13088 = ADVANCED_FACE('',(#13089),#5262,.F.);
#13089 = FACE_BOUND('',#13090,.T.);
#13090 = EDGE_LOOP('',(#13091,#13092,#13113,#13114));
#13091 = ORIENTED_EDGE('',*,*,#5241,.T.);
#13092 = ORIENTED_EDGE('',*,*,#13093,.T.);
#13093 = EDGE_CURVE('',#5242,#9188,#13094,.T.);
#13094 = SEAM_CURVE('',#13095,(#13099,#13106),.PCURVE_S1.);
#13095 = LINE('',#13096,#13097);
#13096 = CARTESIAN_POINT('',(-2.,2.5,0.));
#13097 = VECTOR('',#13098,1.);
#13098 = DIRECTION('',(1.,0.,0.));
#13099 = PCURVE('',#5262,#13100);
#13100 = DEFINITIONAL_REPRESENTATION('',(#13101),#13105);
#13101 = LINE('',#13102,#13103);
#13102 = CARTESIAN_POINT('',(-6.28318530718,0.));
#13103 = VECTOR('',#13104,1.);
#13104 = DIRECTION('',(-0.,-1.));
#13105 = ( GEOMETRIC_REPRESENTATION_CONTEXT(2) 
PARAMETRIC_REPRESENTATION_CONTEXT() REPRESENTATION_CONTEXT('2D SPACE',''
  ) );
#13106 = PCURVE('',#5262,#13107);
#13107 = DEFINITIONAL_REPRESENTATION('',(#13108),#13112);
#13108 = LINE('',#13109,#13110);
#13109 = CARTESIAN_POINT('',(-0.,0.));
#13110 = VECTOR('',#13111,1.);
#13111 = DIRECTION('',(-0.,-1.));
#13112 = ( GEOMETRIC_REPRESENTATION_CONTEXT(2) 
PARAMETRIC_REPRESENTATION_CONTEXT() REPRESENTATION_CONTEXT('2D SPACE',''
  ) );
#13113 = ORIENTED_EDGE('',*,*,#9187,.F.);
#13114 = ORIENTED_EDGE('',*,*,#13093,.F.);
#13115 = ADVANCED_FACE('',(#13116),#5297,.F.);
#13116 = FACE_BOUND('',#13117,.T.);
#13117 = EDGE_LOOP('',(#13118,#13119,#13140,#13141));
#13118 = ORIENTED_EDGE('',*,*,#5276,.T.);
#13119 = ORIENTED_EDGE('',*,*,#13120,.T.);
#13120 = EDGE_CURVE('',#5277,#9218,#13121,.T.);
#13121 = SEAM_CURVE('',#13122,(#13126,#13133),.PCURVE_S1.);
#13122 = LINE('',#13123,#13124);
#13123 = CARTESIAN_POINT('',(-2.,-2.,-6.062177826491));
#13124 = VECTOR('',#13125,1.);
#13125 = DIRECTION('',(1.,0.,0.));
#13126 = PCURVE('',#5297,#13127);
#13127 = DEFINITIONAL_REPRESENTATION('',(#13128),#13132);
#13128 = LINE('',#13129,#13130);
#13129 = CARTESIAN_POINT('',(-6.28318530718,0.));
#13130 = VECTOR('',#13131,1.);
#13131 = DIRECTION('',(-0.,-1.));
#13132 = ( GEOMETRIC_REPRESENTATION_CONTEXT(2) 
PARAMETRIC_REPRESENTATION_CONTEXT() REPRESENTATION_CONTEXT('2D SPACE',''
  ) );
#13133 = PCURVE('',#5297,#13134);
#13134 = DEFINITIONAL_REPRESENTATION('',(#13135),#13139);
#13135 = LINE('',#13136,#13137);
#13136 = CARTESIAN_POINT('',(-0.,0.));
#13137 = VECTOR('',#13138,1.);
#13138 = DIRECTION('',(-0.,-1.));
#13139 = ( GEOMETRIC_REPRESENTATION_CONTEXT(2) 
PARAMETRIC_REPRESENTATION_CONTEXT() REPRESENTATION_CONTEXT('2D SPACE',''
  ) );
#13140 = ORIENTED_EDGE('',*,*,#9217,.F.);
#13141 = ORIENTED_EDGE('',*,*,#13120,.F.);
#13142 = ADVANCED_FACE('',(#13143),#5332,.F.);
#13143 = FACE_BOUND('',#13144,.T.);
#13144 = EDGE_LOOP('',(#13145,#13146,#13167,#13168));
#13145 = ORIENTED_EDGE('',*,*,#5311,.T.);
#13146 = ORIENTED_EDGE('',*,*,#13147,.T.);
#13147 = EDGE_CURVE('',#5312,#9248,#13148,.T.);
#13148 = SEAM_CURVE('',#13149,(#13153,#13160),.PCURVE_S1.);
#13149 = LINE('',#13150,#13151);
#13150 = CARTESIAN_POINT('',(-2.,-2.,6.062177826491));
#13151 = VECTOR('',#13152,1.);
#13152 = DIRECTION('',(1.,0.,0.));
#13153 = PCURVE('',#5332,#13154);
#13154 = DEFINITIONAL_REPRESENTATION('',(#13155),#13159);
#13155 = LINE('',#13156,#13157);
#13156 = CARTESIAN_POINT('',(-6.28318530718,0.));
#13157 = VECTOR('',#13158,1.);
#13158 = DIRECTION('',(-0.,-1.));
#13159 = ( GEOMETRIC_REPRESENTATION_CONTEXT(2) 
PARAMETRIC_REPRESENTATION_CONTEXT() REPRESENTATION_CONTEXT('2D SPACE',''
  ) );
#13160 = PCURVE('',#5332,#13161);
#13161 = DEFINITIONAL_REPRESENTATION('',(#13162),#13166);
#13162 = LINE('',#13163,#13164);
#13163 = CARTESIAN_POINT('',(-0.,0.));
#13164 = VECTOR('',#13165,1.);
#13165 = DIRECTION('',(-0.,-1.));
#13166 = ( GEOMETRIC_REPRESENTATION_CONTEXT(2) 
PARAMETRIC_REPRESENTATION_CONTEXT() REPRESENTATION_CONTEXT('2D SPACE',''
  ) );
#13167 = ORIENTED_EDGE('',*,*,#9247,.F.);
#13168 = ORIENTED_EDGE('',*,*,#13147,.F.);
#13169 = ( GEOMETRIC_REPRESENTATION_CONTEXT(3) 
GLOBAL_UNCERTAINTY_ASSIGNED_CONTEXT((#13173)) 
GLOBAL_UNIT_ASSIGNED_CONTEXT((#13170,#13171,#13172)) 
REPRESENTATION_CONTEXT('Context #1',
  '3D Context with UNIT and UNCERTAINTY') );
#13170 = ( LENGTH_UNIT() NAMED_UNIT(*) SI_UNIT(.MILLI.,.METRE.) );
#13171 = ( NAMED_UNIT(*) PLANE_ANGLE_UNIT() SI_UNIT($,.RADIAN.) );
#13172 = ( NAMED_UNIT(*) SI_UNIT($,.STERADIAN.) SOLID_ANGLE_UNIT() );
#13173 = UNCERTAINTY_MEASURE_WITH_UNIT(LENGTH_MEASURE(1.E-07),#13170,
  'distance_accuracy_value','confusion accuracy');
#13174 = PRODUCT_RELATED_PRODUCT_CATEGORY('part',$,(#7));
ENDSEC;
END-ISO-10303-21;
