ISO-10303-21;
HEADER;
FILE_DESCRIPTION(('Open CASCADE Model'),'2;1');
FILE_NAME('Open CASCADE Shape Model','2026-10-03T07:13:13',('Author'),(
    'Open CASCADE'),'Open CASCADE STEP processor 7.9','Open CASCADE 7.9'
  ,'Unknown');
FILE_SCHEMA(('AUTOMOTIVE_DESIGN { 1 0 10303 214 1 1 1 1 }'));
ENDSEC;
DATA;
#1 = APPLICATION_PROTOCOL_DEFINITION('international standard',
  'automotive_design',2000,#2);
#2 = APPLICATION_CONTEXT(
  'core data for automotive mechanical design processes');
#3 = SHAPE_DEFINITION_REPRESENTATION(#4,#10);
#4 = PRODUCT_DEFINITION_SHAPE('','',#5);
#5 = PRODUCT_DEFINITION('design','',#6,#9);
#6 = PRODUCT_DEFINITION_FORMATION('','',#7);
#7 = PRODUCT('Open CASCADE STEP translator 7.9 22',
  'Open CASCADE STEP translator 7.9 22','',(#8));
#8 = PRODUCT_CONTEXT('',#2,'mechanical');
#9 = PRODUCT_DEFINITION_CONTEXT('part definition',#2,'design');
#10 = ADVANCED_BREP_SHAPE_REPRESENTATION('',(#11,#15),#3501);
#11 = AXIS2_PLACEMENT_3D('',#12,#13,#14);
#12 = CARTESIAN_POINT('',(0.,0.,0.));
#13 = DIRECTION('',(0.,0.,1.));
#14 = DIRECTION('',(1.,0.,-0.));
#15 = MANIFOLD_SOLID_BREP('',#16);
#16 = CLOSED_SHELL('',(#17,#1499,#1894,#2129,#2406,#2674,#2909,#3092,
    #3230,#3468,#3474));
#17 = ADVANCED_FACE('',(#18),#101,.F.);
#18 = FACE_BOUND('',#19,.F.);
#19 = EDGE_LOOP('',(#20,#390,#469,#687,#796,#1031,#1245));
#20 = ORIENTED_EDGE('',*,*,#21,.F.);
#21 = EDGE_CURVE('',#22,#24,#26,.T.);
#22 = VERTEX_POINT('',#23);
#23 = CARTESIAN_POINT('',(-2.510133559821,4.32426057291,-4.5));
#24 = VERTEX_POINT('',#25);
#25 = CARTESIAN_POINT('',(5.,0.,-2.825422255555));
#26 = SURFACE_CURVE('',#27,(#100,#309),.PCURVE_S1.);
#27 = B_SPLINE_CURVE_WITH_KNOTS('',8,(#28,#29,#30,#31,#32,#33,#34,#35,
    #36,#37,#38,#39,#40,#41,#42,#43,#44,#45,#46,#47,#48,#49,#50,#51,#52,
    #53,#54,#55,#56,#57,#58,#59,#60,#61,#62,#63,#64,#65,#66,#67,#68,#69,
    #70,#71,#72,#73,#74,#75,#76,#77,#78,#79,#80,#81,#82,#83,#84,#85,#86,
    #87,#88,#89,#90,#91,#92,#93,#94,#95,#96,#97,#98,#99),.UNSPECIFIED.,
  .F.,.F.,(9,7,7,7,7,7,7,7,7,7,9),(0.,0.157529644798,0.27270671499,
    0.343518063177,0.381440494752,0.417759742917,0.549860243191,
    0.682134758989,0.779659542796,0.861792181183,1.),.UNSPECIFIED.);
#28 = CARTESIAN_POINT('',(5.,8.881784197001E-16,-5.338695687718));
#29 = CARTESIAN_POINT('',(5.,0.61845552776,-5.289217594948));
#30 = CARTESIAN_POINT('',(4.912573685963,1.237849892548,-5.239664918108)
  );
#31 = CARTESIAN_POINT('',(4.737262829244,1.842246323808,-5.19015829374)
  );
#32 = CARTESIAN_POINT('',(4.477625805493,2.41737707853,-5.14067807667));
#33 = CARTESIAN_POINT('',(4.139219088487,2.949991616419,-5.091198176538)
  );
#34 = CARTESIAN_POINT('',(3.730064438029,3.428166390904,-5.041691697058)
  );
#35 = CARTESIAN_POINT('',(3.260150066636,3.841081020075,-4.992139291431)
  );
#36 = CARTESIAN_POINT('',(2.365024427302,4.428444890003,-4.906488701547)
  );
#37 = CARTESIAN_POINT('',(1.961160177985,4.637553927053,-4.870297680186)
  );
#38 = CARTESIAN_POINT('',(1.536410838646,4.804386178961,-4.834114182022)
  );
#39 = CARTESIAN_POINT('',(1.095991212791,4.926599336222,-4.797937519268)
  );
#40 = CARTESIAN_POINT('',(0.645298599247,5.002625962007,-4.761761421731)
  );
#41 = CARTESIAN_POINT('',(0.189882897001,5.031600687862,-4.72557904882)
  );
#42 = CARTESIAN_POINT('',(-0.264547168915,5.013430633178,-4.689388524811
    ));
#43 = CARTESIAN_POINT('',(-0.987294736227,4.909433395295,-4.630973465119
    ));
#44 = CARTESIAN_POINT('',(-1.259968602381,4.852350331416,-4.608731583319
    ));
#45 = CARTESIAN_POINT('',(-1.528820805567,4.777965579427,-4.586490233498
    ));
#46 = CARTESIAN_POINT('',(-1.792570683892,4.68658636355,-4.564249541978)
  );
#47 = CARTESIAN_POINT('',(-2.049977932808,4.578628086972,-4.542008728446
    ));
#48 = CARTESIAN_POINT('',(-2.29984259549,4.454609488195,-4.51976706314)
  );
#49 = CARTESIAN_POINT('',(-2.541007959007,4.315155479112,-4.497524759048
    ));
#50 = CARTESIAN_POINT('',(-2.896268431507,4.078455078388,-4.463372837071
    ));
#51 = CARTESIAN_POINT('',(-3.017363066487,3.991684428982,-4.451461777518
    ));
#52 = CARTESIAN_POINT('',(-3.13548066373,3.900809069371,-4.439550809263)
  );
#53 = CARTESIAN_POINT('',(-3.250458372153,3.805949168588,-4.427640041033
    ));
#54 = CARTESIAN_POINT('',(-3.362140087076,3.707231711915,-4.415729501479
    ));
#55 = CARTESIAN_POINT('',(-3.470376450227,3.604790500882,-4.403819139176
    ));
#56 = CARTESIAN_POINT('',(-3.575024849737,3.498766153268,-4.391908822627
    ));
#57 = CARTESIAN_POINT('',(-3.772607370767,3.284473512971,-4.368591377492
    ));
#58 = CARTESIAN_POINT('',(-3.865849201031,3.176489511424,-4.357184266902
    ));
#59 = CARTESIAN_POINT('',(-3.955553857273,3.065486009773,-4.345777074519
    ));
#60 = CARTESIAN_POINT('',(-4.041607173195,2.951599003035,-4.334369838557
    ));
#61 = CARTESIAN_POINT('',(-4.123901869868,2.834968569934,-4.322962569413
    ));
#62 = CARTESIAN_POINT('',(-4.202337555732,2.715738872903,-4.311555249668
    ));
#63 = CARTESIAN_POINT('',(-4.276820726597,2.59405815808,-4.300147834085)
  );
#64 = CARTESIAN_POINT('',(-4.603484078231,2.019140424898,-4.247248542248
    ));
#65 = CARTESIAN_POINT('',(-4.806426255043,1.537509894835,-4.205728167469
    ));
#66 = CARTESIAN_POINT('',(-4.951471552157,1.033012876736,-4.164225484772
    ));
#67 = CARTESIAN_POINT('',(-5.035862811196,0.51382303464,-4.122732163765)
  );
#68 = CARTESIAN_POINT('',(-5.058071633808,-1.171960915298E-02,
    -4.081237908845));
#69 = CARTESIAN_POINT('',(-5.017901246384,-0.535132379777,
    -4.039731712283));
#70 = CARTESIAN_POINT('',(-4.916403315828,-1.047835296093,
    -3.998209696298));
#71 = CARTESIAN_POINT('',(-4.596462632501,-2.035244643818,
    -3.915174842314));
#72 = CARTESIAN_POINT('',(-4.377621922037,-2.510653404377,
    -3.873598832657));
#73 = CARTESIAN_POINT('',(-4.102680605402,-2.958682752641,
    -3.832040376453));
#74 = CARTESIAN_POINT('',(-3.775840839614,-3.371739311595,
    -3.790494351587));
#75 = CARTESIAN_POINT('',(-3.402258457863,-3.743046170124,
    -3.748947682382));
#76 = CARTESIAN_POINT('',(-2.988087537063,-4.066725793449,
    -3.707388055439));
#77 = CARTESIAN_POINT('',(-2.54038865303,-4.33775501065,-3.665810568844)
  );
#78 = CARTESIAN_POINT('',(-1.718927140959,-4.710827316715,
    -3.593631333247));
#79 = CARTESIAN_POINT('',(-1.356368998235,-4.838681668103,-3.56299211218
    ));
#80 = CARTESIAN_POINT('',(-0.983098896593,-4.934569429534,
    -3.532355988919));
#81 = CARTESIAN_POINT('',(-0.602421278973,-4.997485994753,
    -3.501724050151));
#82 = CARTESIAN_POINT('',(-0.217699122519,-5.026833838962,
    -3.471092746781));
#83 = CARTESIAN_POINT('',(0.16766002279,-5.022395888891,-3.440458309093)
  );
#84 = CARTESIAN_POINT('',(0.55021125485,-4.984362940036,-3.409821207811)
  );
#85 = CARTESIAN_POINT('',(1.243349722187,-4.853664857252,-3.353394473476
    ));
#86 = CARTESIAN_POINT('',(1.55585713328,-4.770552495968,-3.327595641449)
  );
#87 = CARTESIAN_POINT('',(1.861933085136,-4.664458137384,-3.301798090827
    ));
#88 = CARTESIAN_POINT('',(2.159609777343,-4.535979134394,-3.276001960338
    ));
#89 = CARTESIAN_POINT('',(2.447004337042,-4.385902043228,-3.250205557089
    ));
#90 = CARTESIAN_POINT('',(2.722318252191,-4.215192412463,-3.224407295927
    ));
#91 = CARTESIAN_POINT('',(2.983845457734,-4.025002410422,-3.198607622683
    ));
#92 = CARTESIAN_POINT('',(3.644184613471,-3.466171396376,-3.129401797948
    ));
#93 = CARTESIAN_POINT('',(4.015277754054,-3.063961227563,-3.085953288517
    ));
#94 = CARTESIAN_POINT('',(4.335117004459,-2.616689469617,-3.042526282765
    ));
#95 = CARTESIAN_POINT('',(4.597591308224,-2.132149544588,-2.999114409512
    ));
#96 = CARTESIAN_POINT('',(4.797899351536,-1.618781859011,-2.955703812453
    ));
#97 = CARTESIAN_POINT('',(4.932702331904,-1.085703920453,-2.912278967632
    ));
#98 = CARTESIAN_POINT('',(5.,-0.542610850769,-2.8688316595));
#99 = CARTESIAN_POINT('',(5.,0.,-2.825422255555));
#100 = PCURVE('',#101,#234);
#101 = B_SPLINE_SURFACE_WITH_KNOTS('',1,9,(
    (#102,#103,#104,#105,#106,#107,#108,#109,#110,#111,#112,#113,#114
      ,#115,#116,#117,#118,#119,#120,#121,#122,#123,#124,#125,#126,#127
      ,#128,#129,#130,#131,#132,#133,#134,#135,#136,#137,#138,#139,#140
      ,#141,#142,#143,#144,#145,#146,#147,#148,#149,#150,#151,#152,#153
      ,#154,#155,#156,#157,#158,#159,#160,#161,#162,#163,#164,#165,#166
      ,#167)
    ,(#168,#169,#170,#171,#172,#173,#174,#175,#176,#177,#178,#179,#180
      ,#181,#182,#183,#184,#185,#186,#187,#188,#189,#190,#191,#192,#193
      ,#194,#195,#196,#197,#198,#199,#200,#201,#202,#203,#204,#205,#206
      ,#207,#208,#209,#210,#211,#212,#213,#214,#215,#216,#217,#218,#219
      ,#220,#221,#222,#223,#224,#225,#226,#227,#228,#229,#230,#231,#232
      ,#233)),.UNSPECIFIED.,.F.,.F.,.F.,(2,2),(10,8,8,8,8,8,8,8,10),(0.,
    2.19982200049),(0.,4.72095462366,9.441909247319,14.162863870979,
    18.883818494638,23.604773118298,28.325727741957,33.046682365617,
    37.767636989277),.UNSPECIFIED.);
#102 = CARTESIAN_POINT('',(4.7,2.6645352591E-15,-7.945562887856));
#103 = CARTESIAN_POINT('',(4.700004011974,2.289055575832,-7.750750988273
    ));
#104 = CARTESIAN_POINT('',(3.445582154525,4.578508582987,-7.555932634437
    ));
#105 = CARTESIAN_POINT('',(0.938454013472,6.079532046227,-7.361132272632
    ));
#106 = CARTESIAN_POINT('',(-2.253980364342,6.021700162377,
    -7.166297737746));
#107 = CARTESIAN_POINT('',(-4.970085602561,4.079105482978,
    -6.971509679596));
#108 = CARTESIAN_POINT('',(-6.056572970591,1.076752014625,
    -6.776675512317));
#109 = CARTESIAN_POINT('',(-5.446370757375,-1.780994784381,
    -6.581874583065));
#110 = CARTESIAN_POINT('',(-3.685181992094,-3.707989580055,
    -6.387056776486));
#111 = CARTESIAN_POINT('',(0.647247380962,-5.187569405441,
    -5.997432209436));
#112 = CARTESIAN_POINT('',(3.219248286924,-4.740382469845,
    -5.802614457442));
#113 = CARTESIAN_POINT('',(5.449986441658,-2.852902122525,
    -5.607813340055));
#114 = CARTESIAN_POINT('',(6.427002687244,0.186901379341,-5.412979572326
    ));
#115 = CARTESIAN_POINT('',(5.466459159975,3.385067910079,-5.218190886259
    ));
#116 = CARTESIAN_POINT('',(2.976359585213,5.383562864488,-5.023357125765
    ));
#117 = CARTESIAN_POINT('',(7.476326516E-02,5.729686662892,
    -4.828555997216));
#118 = CARTESIAN_POINT('',(-2.318010212273,4.68578504038,-4.633738255979
    ));
#119 = CARTESIAN_POINT('',(-5.118363863885,1.064028595575,
    -4.244113673845));
#120 = CARTESIAN_POINT('',(-5.526405635385,-1.514472310914,
    -4.049295933667));
#121 = CARTESIAN_POINT('',(-4.461155081148,-4.235504433652,
    -3.854494801454));
#122 = CARTESIAN_POINT('',(-1.900236202696,-6.142507495928,
    -3.659661048769));
#123 = CARTESIAN_POINT('',(1.436736631511,-6.267108437659,
    -3.464872350395));
#124 = CARTESIAN_POINT('',(4.132745895632,-4.556520264065,-3.27003859787
    ));
#125 = CARTESIAN_POINT('',(5.398046277046,-1.922497123379,
    -3.075237465419));
#126 = CARTESIAN_POINT('',(5.183471934536,0.679243321642,-2.880419725461
    ));
#127 = CARTESIAN_POINT('',(2.661104438736,4.499814292233,-2.490795143031
    ));
#128 = CARTESIAN_POINT('',(0.352849052185,5.719290442776,-2.295977403086
    ));
#129 = CARTESIAN_POINT('',(-2.566434005112,5.590600948694,
    -2.101176270581));
#130 = CARTESIAN_POINT('',(-5.198748909676,3.783425132836,
    -1.906342518192));
#131 = CARTESIAN_POINT('',(-6.395121183225,0.665796792434,
    -1.711553819577));
#132 = CARTESIAN_POINT('',(-5.647638484017,-2.438369354698,
    -1.516720067207));
#133 = CARTESIAN_POINT('',(-3.563893111284,-4.487044092626,
    -1.32191893468));
#134 = CARTESIAN_POINT('',(-1.032425431793,-5.124826876494,
    -1.127101194747));
#135 = CARTESIAN_POINT('',(3.398308411978,-3.972569122807,
    -0.737476612311));
#136 = CARTESIAN_POINT('',(5.298334940996,-2.182299813386,-0.54265887237
    ));
#137 = CARTESIAN_POINT('',(6.12001849902,0.621913210812,-0.34785773986)
  );
#138 = CARTESIAN_POINT('',(5.260546409029,3.697018723251,-0.153023987476
    ));
#139 = CARTESIAN_POINT('',(2.696871542413,5.836758021425,
    4.176471114184E-02));
#140 = CARTESIAN_POINT('',(-0.482287377462,6.132606659622,0.236598463512
    ));
#141 = CARTESIAN_POINT('',(-3.094456200646,4.8227833893,0.431399596036)
  );
#142 = CARTESIAN_POINT('',(-4.516144126167,2.633285973437,0.626217335973
    ));
#143 = CARTESIAN_POINT('',(-4.857665696257,-1.932068705285,
    1.015841918403));
#144 = CARTESIAN_POINT('',(-3.777528583783,-4.308719464117,1.21065965837
    ));
#145 = CARTESIAN_POINT('',(-1.389356317906,-5.992586377638,1.4054607908)
  );
#146 = CARTESIAN_POINT('',(1.798494714452,-6.173063479574,1.600294543346
    ));
#147 = CARTESIAN_POINT('',(4.651946983081,-4.438496319904,1.795083241717
    ));
#148 = CARTESIAN_POINT('',(5.959374101085,-1.525557564895,1.989916994386
    ));
#149 = CARTESIAN_POINT('',(5.564053714177,1.369746348344,2.184718126617)
  );
#150 = CARTESIAN_POINT('',(3.951521057971,3.422752418411,2.379535866787)
  );
#151 = CARTESIAN_POINT('',(-0.258463826113,5.221398466516,2.76916044892)
  );
#152 = CARTESIAN_POINT('',(-2.856657511901,4.967322566657,2.963978190173
    ));
#153 = CARTESIAN_POINT('',(-5.221981633675,3.251508933089,3.158779318683
    ));
#154 = CARTESIAN_POINT('',(-6.423037649802,0.293058239273,3.353613079228
    ));
#155 = CARTESIAN_POINT('',(-5.703745947205,-2.967851542453,
    3.548401765253));
#156 = CARTESIAN_POINT('',(-3.369667362124,-5.146533508535,
    3.743235533003));
#157 = CARTESIAN_POINT('',(-0.50197573196,-5.708144996532,3.938036650384
    ));
#158 = CARTESIAN_POINT('',(1.962003369834,-4.845647071838,4.13285440238)
  );
#159 = CARTESIAN_POINT('',(5.024728675984,-1.442881488822,4.522478969426
    ));
#160 = CARTESIAN_POINT('',(5.623983638109,1.097996158755,4.717296776021)
  );
#161 = CARTESIAN_POINT('',(4.764683032198,3.890911534198,4.912097705236)
  );
#162 = CARTESIAN_POINT('',(2.353158536614,5.983640115808,5.106931872564)
  );
#163 = CARTESIAN_POINT('',(-0.965223366308,6.356823036761,5.301719930675
    ));
#164 = CARTESIAN_POINT('',(-3.781324400678,4.852117968536,5.49655446558)
  );
#165 = CARTESIAN_POINT('',(-5.239593149947,2.319821164191,5.691354827379
    ));
#166 = CARTESIAN_POINT('',(-5.219698543867,-0.290675919168,
    5.886173181218));
#167 = CARTESIAN_POINT('',(-4.104532549638,-2.289720647426,
    6.080985080798));
#168 = CARTESIAN_POINT('',(6.8,-1.7763568394E-15,-7.290416466177));
#169 = CARTESIAN_POINT('',(6.800001200337,3.31182052875,-7.095595673112)
  );
#170 = CARTESIAN_POINT('',(4.985110643313,6.62423817114,-6.900813605591)
  );
#171 = CARTESIAN_POINT('',(1.357737026091,8.795899290978,-6.70592358578)
  );
#172 = CARTESIAN_POINT('',(-3.261041670641,8.71225466012,-6.511238604732
    ));
#173 = CARTESIAN_POINT('',(-7.190797294734,5.901695623311,-6.31627476278
    ));
#174 = CARTESIAN_POINT('',(-8.762675441664,1.557833458958,
    -6.121587576195));
#175 = CARTESIAN_POINT('',(-7.879866650488,-2.576744078952,
    -5.926700960947));
#176 = CARTESIAN_POINT('',(-5.331749543368,-5.364754748246,
    -5.731915609941));
#177 = CARTESIAN_POINT('',(0.936440049519,-7.505414672251,
    -5.342278631107));
#178 = CARTESIAN_POINT('',(4.657644093041,-6.858440918837,
    -5.147492952544));
#179 = CARTESIAN_POINT('',(7.885076639384,-4.127573495247,
    -4.952607466209));
#180 = CARTESIAN_POINT('',(9.298637871253,0.270375070089,-4.757917882237
    ));
#181 = CARTESIAN_POINT('',(7.908941342722,4.897573743519,-4.56295780777)
  );
#182 = CARTESIAN_POINT('',(4.306194679867,7.78896725755,-4.368268180484)
  );
#183 = CARTESIAN_POINT('',(0.108185242978,8.289765078451,-4.173382761016
    ));
#184 = CARTESIAN_POINT('',(-3.353721566254,6.779432005326,
    -3.978597017958));
#185 = CARTESIAN_POINT('',(-7.405286811351,1.539446838231,
    -3.588960129631));
#186 = CARTESIAN_POINT('',(-7.995667777585,-2.1911543138,-3.394174380151
    ));
#187 = CARTESIAN_POINT('',(-6.454405881739,-6.12796386589,
    -3.199288982824));
#188 = CARTESIAN_POINT('',(-2.74931004631,-8.887016559197,
    -3.004599308504));
#189 = CARTESIAN_POINT('',(2.0787029106,-9.067335655952,-2.809639307968)
  );
#190 = CARTESIAN_POINT('',(5.979284504257,-6.592380478843,-2.6149496328)
  );
#191 = CARTESIAN_POINT('',(7.80993911064,-2.781503226504,-2.420064236783
    ));
#192 = CARTESIAN_POINT('',(7.499491236303,0.982739972194,-2.225278486039
    ));
#193 = CARTESIAN_POINT('',(3.850107889448,6.510363935072,-1.835641599486
    ));
#194 = CARTESIAN_POINT('',(0.510507798447,8.274735175373,-1.640855848615
    ));
#195 = CARTESIAN_POINT('',(-3.713148666636,8.088499453426,
    -1.445970453035));
#196 = CARTESIAN_POINT('',(-7.521569053821,5.473917063982,
    -1.251280776943));
#197 = CARTESIAN_POINT('',(-9.252550488856,0.963271061645,
    -1.056320777855));
#198 = CARTESIAN_POINT('',(-8.171018911823,-3.52785678623,
    -0.861631101751));
#199 = CARTESIAN_POINT('',(-5.156287884355,-6.491887580996,
    -0.666745706192));
#200 = CARTESIAN_POINT('',(-1.49371718983,-7.414644672079,
    -0.471959955298));
#201 = CARTESIAN_POINT('',(4.916696371142,-5.747544355765,
    -8.232306877936E-02));
#202 = CARTESIAN_POINT('',(7.665691355147,-3.157378102548,0.112462682118
    ));
#203 = CARTESIAN_POINT('',(8.854470124353,0.899808449372,0.307348077667)
  );
#204 = CARTESIAN_POINT('',(7.611019219245,5.348846183902,0.502037753786)
  );
#205 = CARTESIAN_POINT('',(3.901859025939,8.444707089576,0.696997752861)
  );
#206 = CARTESIAN_POINT('',(-0.697791066891,8.872677791314,0.891687428959
    ));
#207 = CARTESIAN_POINT('',(-4.477074394919,6.977658201219,1.086572824538
    ));
#208 = CARTESIAN_POINT('',(-6.53399872912,3.809856593654,1.281358575409)
  );
#209 = CARTESIAN_POINT('',(-7.028108075001,-2.79532935692,1.670995461963
    ));
#210 = CARTESIAN_POINT('',(-5.465373161274,-6.233903804405,
    1.865781212707));
#211 = CARTESIAN_POINT('',(-2.010106457191,-8.670107753636,
    2.060666608723));
#212 = CARTESIAN_POINT('',(2.60204206566,-8.931245497904,2.255356283891)
  );
#213 = CARTESIAN_POINT('',(6.730509717339,-6.42166805665,2.45031628443)
  );
#214 = CARTESIAN_POINT('',(8.622049435881,-2.207167209272,2.645005958742
    ));
#215 = CARTESIAN_POINT('',(8.050130046446,1.981745529447,2.839891356078)
  );
#216 = CARTESIAN_POINT('',(5.717091505954,4.952071422162,3.034677105552)
  );
#217 = CARTESIAN_POINT('',(-0.373945084653,7.554358635995,3.424313993886
    ));
#218 = CARTESIAN_POINT('',(-4.13304349251,7.186780358001,3.61909973692)
  );
#219 = CARTESIAN_POINT('',(-7.555199598841,4.704280550522,3.813985156448
    ));
#220 = CARTESIAN_POINT('',(-9.292898577678,0.42403416254,4.008674783634)
  );
#221 = CARTESIAN_POINT('',(-8.2522519639,-4.293939839816,4.203634858227)
  );
#222 = CARTESIAN_POINT('',(-4.875234516555,-7.446033298251,
    4.398324442077));
#223 = CARTESIAN_POINT('',(-0.72628023376,-8.258597105323,4.593209928498
    ));
#224 = CARTESIAN_POINT('',(2.838647935078,-7.010722115887,4.78799560702)
  );
#225 = CARTESIAN_POINT('',(7.269814578914,-2.087573986368,5.177632585872
    ));
#226 = CARTESIAN_POINT('',(8.136844471751,1.58859167242,5.372417936847)
  );
#227 = CARTESIAN_POINT('',(6.893553206654,5.629406567789,5.567304552165)
  );
#228 = CARTESIAN_POINT('',(3.40459992724,8.657162963162,5.761991738634)
  );
#229 = CARTESIAN_POINT('',(-1.396510172308,9.197137704841,5.956955580738
    ));
#230 = CARTESIAN_POINT('',(-5.470848446195,7.020052423938,6.151640561627
    ));
#231 = CARTESIAN_POINT('',(-7.580685414703,3.356355726685,6.346530581568
    ));
#232 = CARTESIAN_POINT('',(-7.551905287463,-0.420557872378,
    6.541312649008));
#233 = CARTESIAN_POINT('',(-5.938471840978,-3.312786693285,
    6.736133442109));
#234 = DEFINITIONAL_REPRESENTATION('',(#235),#308);
#235 = B_SPLINE_CURVE_WITH_KNOTS('',8,(#236,#237,#238,#239,#240,#241,
    #242,#243,#244,#245,#246,#247,#248,#249,#250,#251,#252,#253,#254,
    #255,#256,#257,#258,#259,#260,#261,#262,#263,#264,#265,#266,#267,
    #268,#269,#270,#271,#272,#273,#274,#275,#276,#277,#278,#279,#280,
    #281,#282,#283,#284,#285,#286,#287,#288,#289,#290,#291,#292,#293,
    #294,#295,#296,#297,#298,#299,#300,#301,#302,#303,#304,#305,#306,
    #307),.UNSPECIFIED.,.F.,.F.,(9,7,7,7,7,7,7,7,7,7,9),(0.,
    0.157529644798,0.27270671499,0.343518063177,0.381440494752,
    0.417759742917,0.549860243191,0.682134758989,0.779659542796,
    0.861792181183,1.),.UNSPECIFIED.);
#236 = CARTESIAN_POINT('',(0.3142627802,6.76719764743));
#237 = CARTESIAN_POINT('',(0.314267999527,6.900417304004));
#238 = CARTESIAN_POINT('',(0.31427250813,7.033838354263));
#239 = CARTESIAN_POINT('',(0.314273679104,7.167138080891));
#240 = CARTESIAN_POINT('',(0.314269101363,7.300371313584));
#241 = CARTESIAN_POINT('',(0.31426050477,7.433606915631));
#242 = CARTESIAN_POINT('',(0.314254004691,7.566912403558));
#243 = CARTESIAN_POINT('',(0.314251247039,7.700338550365));
#244 = CARTESIAN_POINT('',(0.314251902311,7.930959296077));
#245 = CARTESIAN_POINT('',(0.314253852825,8.028405039242));
#246 = CARTESIAN_POINT('',(0.314257215363,8.125829393278));
#247 = CARTESIAN_POINT('',(0.314261034677,8.223234976121));
#248 = CARTESIAN_POINT('',(0.314263678439,8.320639979744));
#249 = CARTESIAN_POINT('',(0.314264242629,8.418063547939));
#250 = CARTESIAN_POINT('',(0.314263481907,8.515510126084));
#251 = CARTESIAN_POINT('',(0.314261736513,8.672798887545));
#252 = CARTESIAN_POINT('',(0.314260958922,8.732687610655));
#253 = CARTESIAN_POINT('',(0.314260270602,8.792574829778));
#254 = CARTESIAN_POINT('',(0.314260004958,8.852459937428));
#255 = CARTESIAN_POINT('',(0.314260372717,8.912344865678));
#256 = CARTESIAN_POINT('',(0.314261323748,8.972231619674));
#257 = CARTESIAN_POINT('',(0.314262524437,9.032119893456));
#258 = CARTESIAN_POINT('',(0.314263946624,9.12407561717));
#259 = CARTESIAN_POINT('',(0.314264403627,9.15614676006));
#260 = CARTESIAN_POINT('',(0.31426467916,9.188217802642));
#261 = CARTESIAN_POINT('',(0.314264683149,9.220288524394));
#262 = CARTESIAN_POINT('',(0.314264377912,9.252358878385));
#263 = CARTESIAN_POINT('',(0.314263778162,9.28442899128));
#264 = CARTESIAN_POINT('',(0.314262951003,9.316499163341));
#265 = CARTESIAN_POINT('',(0.314261120387,9.379284773775));
#266 = CARTESIAN_POINT('',(0.314260164287,9.410000125722));
#267 = CARTESIAN_POINT('',(0.314259562166,9.440715414049));
#268 = CARTESIAN_POINT('',(0.314259534853,9.471430358776));
#269 = CARTESIAN_POINT('',(0.31426010948,9.50214491015));
#270 = CARTESIAN_POINT('',(0.314261119472,9.532859248654));
#271 = CARTESIAN_POINT('',(0.314262204554,9.563573784996));
#272 = CARTESIAN_POINT('',(0.314265015603,9.706007233172));
#273 = CARTESIAN_POINT('',(0.314264709174,9.81780450942));
#274 = CARTESIAN_POINT('',(0.314258515797,9.929558869031));
#275 = CARTESIAN_POINT('',(0.314258385853,10.041283159224));
#276 = CARTESIAN_POINT('',(0.314260951237,10.153007802703));
#277 = CARTESIAN_POINT('',(0.314263435605,10.264764664984));
#278 = CARTESIAN_POINT('',(0.314264167983,10.376565527293));
#279 = CARTESIAN_POINT('',(0.314262239583,10.600145260396));
#280 = CARTESIAN_POINT('',(0.314259567538,10.712094235125));
#281 = CARTESIAN_POINT('',(0.314255206004,10.823997300534));
#282 = CARTESIAN_POINT('',(0.314250664943,10.93586703751));
#283 = CARTESIAN_POINT('',(0.314248962524,11.047736233103));
#284 = CARTESIAN_POINT('',(0.314250556853,11.159637674816));
#285 = CARTESIAN_POINT('',(0.314254290501,11.271585489591));
#286 = CARTESIAN_POINT('',(0.314261826228,11.465927986363));
#287 = CARTESIAN_POINT('',(0.314265350446,11.548423787795));
#288 = CARTESIAN_POINT('',(0.314268610235,11.630911460174));
#289 = CARTESIAN_POINT('',(0.314270834977,11.713388695467));
#290 = CARTESIAN_POINT('',(0.314271505206,11.795865466461));
#291 = CARTESIAN_POINT('',(0.314270558904,11.878351973163));
#292 = CARTESIAN_POINT('',(0.314268372892,11.960846645935));
#293 = CARTESIAN_POINT('',(0.314263116082,12.112784493334));
#294 = CARTESIAN_POINT('',(0.314260239829,12.182252280952));
#295 = CARTESIAN_POINT('',(0.314257213778,12.251716738404));
#296 = CARTESIAN_POINT('',(0.314254487182,12.321177131897));
#297 = CARTESIAN_POINT('',(0.314252460109,12.390637698872));
#298 = CARTESIAN_POINT('',(0.314251370457,12.460102516713));
#299 = CARTESIAN_POINT('',(0.314251243176,12.529570364972));
#300 = CARTESIAN_POINT('',(0.314253009832,12.715911334194));
#301 = CARTESIAN_POINT('',(0.314256359893,12.832897339736));
#302 = CARTESIAN_POINT('',(0.314261098977,12.949824330989));
#303 = CARTESIAN_POINT('',(0.314265288074,13.066711017782));
#304 = CARTESIAN_POINT('',(0.314265450083,13.183597497627));
#305 = CARTESIAN_POINT('',(0.314262766943,13.300524622286));
#306 = CARTESIAN_POINT('',(0.314260875461,13.417511596425));
#307 = CARTESIAN_POINT('',(0.314260569213,13.534395239216));
#308 = ( GEOMETRIC_REPRESENTATION_CONTEXT(2) 
PARAMETRIC_REPRESENTATION_CONTEXT() REPRESENTATION_CONTEXT('2D SPACE',''
  ) );
#309 = PCURVE('',#310,#315);
#310 = CYLINDRICAL_SURFACE('',#311,5.);
#311 = AXIS2_PLACEMENT_3D('',#312,#313,#314);
#312 = CARTESIAN_POINT('',(0.,0.,-8.013274122872));
#313 = DIRECTION('',(-0.,-0.,-1.));
#314 = DIRECTION('',(1.,0.,0.));
#315 = DEFINITIONAL_REPRESENTATION('',(#316),#389);
#316 = B_SPLINE_CURVE_WITH_KNOTS('',8,(#317,#318,#319,#320,#321,#322,
    #323,#324,#325,#326,#327,#328,#329,#330,#331,#332,#333,#334,#335,
    #336,#337,#338,#339,#340,#341,#342,#343,#344,#345,#346,#347,#348,
    #349,#350,#351,#352,#353,#354,#355,#356,#357,#358,#359,#360,#361,
    #362,#363,#364,#365,#366,#367,#368,#369,#370,#371,#372,#373,#374,
    #375,#376,#377,#378,#379,#380,#381,#382,#383,#384,#385,#386,#387,
    #388),.UNSPECIFIED.,.F.,.F.,(9,7,7,7,7,7,7,7,7,7,9),(0.,
    0.157529644798,0.27270671499,0.343518063177,0.381440494752,
    0.417759742917,0.549860243191,0.682134758989,0.779659542796,
    0.861792181183,1.),.UNSPECIFIED.);
#317 = CARTESIAN_POINT('',(0.,-2.674578435154));
#318 = CARTESIAN_POINT('',(-0.123691105552,-2.724056527924));
#319 = CARTESIAN_POINT('',(-0.247569464794,-2.773609204764));
#320 = CARTESIAN_POINT('',(-0.371335490062,-2.823115829132));
#321 = CARTESIAN_POINT('',(-0.495039839417,-2.872596046201));
#322 = CARTESIAN_POINT('',(-0.618745668189,-2.922075946334));
#323 = CARTESIAN_POINT('',(-0.742515931123,-2.971582425814));
#324 = CARTESIAN_POINT('',(-0.866398411423,-3.021134831441));
#325 = CARTESIAN_POINT('',(-1.080524189963,-3.106785421325));
#326 = CARTESIAN_POINT('',(-1.17100045492,-3.142976442686));
#327 = CARTESIAN_POINT('',(-1.2614572145,-3.17915994085));
#328 = CARTESIAN_POINT('',(-1.351896953105,-3.215336603604));
#329 = CARTESIAN_POINT('',(-1.442336332324,-3.251512701141));
#330 = CARTESIAN_POINT('',(-1.532792688931,-3.287695074052));
#331 = CARTESIAN_POINT('',(-1.623269770396,-3.323885598061));
#332 = CARTESIAN_POINT('',(-1.769308049151,-3.382300657752));
#333 = CARTESIAN_POINT('',(-1.824912841567,-3.404542539553));
#334 = CARTESIAN_POINT('',(-1.880516005952,-3.426783889374));
#335 = CARTESIAN_POINT('',(-1.936117022545,-3.449024580894));
#336 = CARTESIAN_POINT('',(-1.99171780402,-3.471265394426));
#337 = CARTESIAN_POINT('',(-2.047320393729,-3.493507059731));
#338 = CARTESIAN_POINT('',(-2.102924694112,-3.515749363824));
#339 = CARTESIAN_POINT('',(-2.188303165174,-3.549901285801));
#340 = CARTESIAN_POINT('',(-2.21808048234,-3.561812345354));
#341 = CARTESIAN_POINT('',(-2.247857836159,-3.573723313609));
#342 = CARTESIAN_POINT('',(-2.277635026796,-3.585634081839));
#343 = CARTESIAN_POINT('',(-2.307411995179,-3.597544621393));
#344 = CARTESIAN_POINT('',(-2.337188822998,-3.609454983696));
#345 = CARTESIAN_POINT('',(-2.366965732708,-3.621365300245));
#346 = CARTESIAN_POINT('',(-2.425261594757,-3.644682745379));
#347 = CARTESIAN_POINT('',(-2.453780260069,-3.656089855969));
#348 = CARTESIAN_POINT('',(-2.482298796731,-3.667497048353));
#349 = CARTESIAN_POINT('',(-2.510817070934,-3.678904284315));
#350 = CARTESIAN_POINT('',(-2.539335101779,-3.690311553458));
#351 = CARTESIAN_POINT('',(-2.567853061285,-3.701718873203));
#352 = CARTESIAN_POINT('',(-2.596371274386,-3.713126288787));
#353 = CARTESIAN_POINT('',(-2.728619426771,-3.766025580624));
#354 = CARTESIAN_POINT('',(-2.832421667449,-3.807545955403));
#355 = CARTESIAN_POINT('',(-2.936181232436,-3.849048638099));
#356 = CARTESIAN_POINT('',(-3.039911856941,-3.890541959107));
#357 = CARTESIAN_POINT('',(-3.143643823716,-3.932036214026));
#358 = CARTESIAN_POINT('',(-3.247406827213,-3.973542410589));
#359 = CARTESIAN_POINT('',(-3.351211566631,-4.015064426574));
#360 = CARTESIAN_POINT('',(-3.558801475906,-4.098099280558));
#361 = CARTESIAN_POINT('',(-3.662744587537,-4.139675290215));
#362 = CARTESIAN_POINT('',(-3.766645070665,-4.181233746418));
#363 = CARTESIAN_POINT('',(-3.870514025968,-4.222779771285));
#364 = CARTESIAN_POINT('',(-3.974381800365,-4.264326440489));
#365 = CARTESIAN_POINT('',(-4.078279231382,-4.305886067433));
#366 = CARTESIAN_POINT('',(-4.182219706997,-4.347463554027));
#367 = CARTESIAN_POINT('',(-4.362661604722,-4.419642789625));
#368 = CARTESIAN_POINT('',(-4.439256853965,-4.450282010692));
#369 = CARTESIAN_POINT('',(-4.515844682884,-4.480918133953));
#370 = CARTESIAN_POINT('',(-4.592422945873,-4.511550072721));
#371 = CARTESIAN_POINT('',(-4.669000845079,-4.542181376091));
#372 = CARTESIAN_POINT('',(-4.74558776385,-4.572815813779));
#373 = CARTESIAN_POINT('',(-4.822182169428,-4.603452915061));
#374 = CARTESIAN_POINT('',(-4.963252779229,-4.659879649396));
#375 = CARTESIAN_POINT('',(-5.027751864457,-4.685678481423));
#376 = CARTESIAN_POINT('',(-5.092247775838,-4.711476032045));
#377 = CARTESIAN_POINT('',(-5.156739850392,-4.737272162533));
#378 = CARTESIAN_POINT('',(-5.221232070282,-4.763068565783));
#379 = CARTESIAN_POINT('',(-5.28572828837,-4.788866826945));
#380 = CARTESIAN_POINT('',(-5.350227435963,-4.814666500188));
#381 = CARTESIAN_POINT('',(-5.52324071902,-4.883872324923));
#382 = CARTESIAN_POINT('',(-5.631859929738,-4.927320834355));
#383 = CARTESIAN_POINT('',(-5.740424904732,-4.970747840107));
#384 = CARTESIAN_POINT('',(-5.848952905817,-5.01415971336));
#385 = CARTESIAN_POINT('',(-5.9574805998,-5.057570310418));
#386 = CARTESIAN_POINT('',(-6.066044682529,-5.10099515524));
#387 = CARTESIAN_POINT('',(-6.174663137026,-5.144442463372));
#388 = CARTESIAN_POINT('',(-6.28318530718,-5.187851867317));
#389 = ( GEOMETRIC_REPRESENTATION_CONTEXT(2) 
PARAMETRIC_REPRESENTATION_CONTEXT() REPRESENTATION_CONTEXT('2D SPACE',''
  ) );
#390 = ORIENTED_EDGE('',*,*,#391,.F.);
#391 = EDGE_CURVE('',#392,#22,#394,.T.);
#392 = VERTEX_POINT('',#393);
#393 = CARTESIAN_POINT('',(5.232103539857,4.343400153239,-4.5));
#394 = SURFACE_CURVE('',#395,(#416,#440),.PCURVE_S1.);
#395 = B_SPLINE_CURVE_WITH_KNOTS('',7,(#396,#397,#398,#399,#400,#401,
    #402,#403,#404,#405,#406,#407,#408,#409,#410,#411,#412,#413,#414,
    #415),.UNSPECIFIED.,.F.,.F.,(8,6,6,8),(0.,0.331509301071,
    0.598088832928,1.),.UNSPECIFIED.);
#396 = CARTESIAN_POINT('',(5.232103539857,4.343400153239,-4.5));
#397 = CARTESIAN_POINT('',(4.920003847499,4.60182057175,-4.5));
#398 = CARTESIAN_POINT('',(4.589848426623,4.838017908217,-4.5));
#399 = CARTESIAN_POINT('',(4.243302178774,5.050108559002,-4.5));
#400 = CARTESIAN_POINT('',(3.882267308375,5.236348041227,-4.5));
#401 = CARTESIAN_POINT('',(3.508886228045,5.395137939596,-4.5));
#402 = CARTESIAN_POINT('',(3.125556983048,5.525061771207,-4.5));
#403 = CARTESIAN_POINT('',(2.420867919012,5.70527359467,-4.5));
#404 = CARTESIAN_POINT('',(2.102060916279,5.766179038276,-4.5));
#405 = CARTESIAN_POINT('',(1.7799392829,5.807053410523,-4.5));
#406 = CARTESIAN_POINT('',(1.455992598449,5.827398740612,-4.5));
#407 = CARTESIAN_POINT('',(1.131801130754,5.826839030324,-4.5));
#408 = CARTESIAN_POINT('',(0.80903597844,5.805139707952,-4.5));
#409 = CARTESIAN_POINT('',(7.646107416497E-03,5.697560045263,-4.5));
#410 = CARTESIAN_POINT('',(-0.467078431032,5.584668497751,-4.5));
#411 = CARTESIAN_POINT('',(-0.928500442558,5.423322284492,-4.5));
#412 = CARTESIAN_POINT('',(-1.370173261617,5.214240090574,-4.5));
#413 = CARTESIAN_POINT('',(-1.785478803924,4.959167599826,-4.5));
#414 = CARTESIAN_POINT('',(-2.167676801696,4.660999652713,-4.5));
#415 = CARTESIAN_POINT('',(-2.510175477275,4.324219363621,-4.5));
#416 = PCURVE('',#101,#417);
#417 = DEFINITIONAL_REPRESENTATION('',(#418),#439);
#418 = B_SPLINE_CURVE_WITH_KNOTS('',7,(#419,#420,#421,#422,#423,#424,
    #425,#426,#427,#428,#429,#430,#431,#432,#433,#434,#435,#436,#437,
    #438),.UNSPECIFIED.,.F.,.F.,(8,6,6,8),(0.,0.331509301071,
    0.598088832928,1.),.UNSPECIFIED.);
#419 = CARTESIAN_POINT('',(2.19982200049,7.513423750908));
#420 = CARTESIAN_POINT('',(2.121174461035,7.57649128635));
#421 = CARTESIAN_POINT('',(2.041600312198,7.640301894392));
#422 = CARTESIAN_POINT('',(1.961069153362,7.704879948245));
#423 = CARTESIAN_POINT('',(1.879541517187,7.770257086918));
#424 = CARTESIAN_POINT('',(1.796970166889,7.836471176566));
#425 = CARTESIAN_POINT('',(1.713303747716,7.903563385914));
#426 = CARTESIAN_POINT('',(1.560293002667,8.026262855681));
#427 = CARTESIAN_POINT('',(1.491349921181,8.081548366265));
#428 = CARTESIAN_POINT('',(1.421638923192,8.137449650777));
#429 = CARTESIAN_POINT('',(1.351130561625,8.193990321265));
#430 = CARTESIAN_POINT('',(1.279791057336,8.251197467741));
#431 = CARTESIAN_POINT('',(1.207583842426,8.309100420572));
#432 = CARTESIAN_POINT('',(1.024244628646,8.456120098181));
#433 = CARTESIAN_POINT('',(0.911924852289,8.546189298093));
#434 = CARTESIAN_POINT('',(0.797423728686,8.638007747697));
#435 = CARTESIAN_POINT('',(0.680599390792,8.731689231837));
#436 = CARTESIAN_POINT('',(0.561276976384,8.827374031067));
#437 = CARTESIAN_POINT('',(0.439233434315,8.925240885282));
#438 = CARTESIAN_POINT('',(0.31424705695,9.025467506608));
#439 = ( GEOMETRIC_REPRESENTATION_CONTEXT(2) 
PARAMETRIC_REPRESENTATION_CONTEXT() REPRESENTATION_CONTEXT('2D SPACE',''
  ) );
#440 = PCURVE('',#441,#446);
#441 = PLANE('',#442);
#442 = AXIS2_PLACEMENT_3D('',#443,#444,#445);
#443 = CARTESIAN_POINT('',(-3.746411322026E-16,4.512848766126E-16,-4.5)
  );
#444 = DIRECTION('',(0.,0.,1.));
#445 = DIRECTION('',(1.,0.,-0.));
#446 = DEFINITIONAL_REPRESENTATION('',(#447),#468);
#447 = B_SPLINE_CURVE_WITH_KNOTS('',7,(#448,#449,#450,#451,#452,#453,
    #454,#455,#456,#457,#458,#459,#460,#461,#462,#463,#464,#465,#466,
    #467),.UNSPECIFIED.,.F.,.F.,(8,6,6,8),(0.,0.331509301071,
    0.598088832928,1.),.UNSPECIFIED.);
#448 = CARTESIAN_POINT('',(5.232103539857,4.343400153239));
#449 = CARTESIAN_POINT('',(4.920003847499,4.60182057175));
#450 = CARTESIAN_POINT('',(4.589848426623,4.838017908217));
#451 = CARTESIAN_POINT('',(4.243302178774,5.050108559002));
#452 = CARTESIAN_POINT('',(3.882267308375,5.236348041227));
#453 = CARTESIAN_POINT('',(3.508886228045,5.395137939596));
#454 = CARTESIAN_POINT('',(3.125556983048,5.525061771207));
#455 = CARTESIAN_POINT('',(2.420867919012,5.70527359467));
#456 = CARTESIAN_POINT('',(2.102060916279,5.766179038276));
#457 = CARTESIAN_POINT('',(1.7799392829,5.807053410523));
#458 = CARTESIAN_POINT('',(1.455992598449,5.827398740612));
#459 = CARTESIAN_POINT('',(1.131801130754,5.826839030324));
#460 = CARTESIAN_POINT('',(0.80903597844,5.805139707952));
#461 = CARTESIAN_POINT('',(7.646107416498E-03,5.697560045263));
#462 = CARTESIAN_POINT('',(-0.467078431032,5.584668497751));
#463 = CARTESIAN_POINT('',(-0.928500442558,5.423322284492));
#464 = CARTESIAN_POINT('',(-1.370173261617,5.214240090574));
#465 = CARTESIAN_POINT('',(-1.785478803924,4.959167599826));
#466 = CARTESIAN_POINT('',(-2.167676801696,4.660999652713));
#467 = CARTESIAN_POINT('',(-2.510175477275,4.324219363621));
#468 = ( GEOMETRIC_REPRESENTATION_CONTEXT(2) 
PARAMETRIC_REPRESENTATION_CONTEXT() REPRESENTATION_CONTEXT('2D SPACE',''
  ) );
#469 = ORIENTED_EDGE('',*,*,#470,.T.);
#470 = EDGE_CURVE('',#392,#471,#473,.T.);
#471 = VERTEX_POINT('',#472);
#472 = CARTESIAN_POINT('',(-2.4532222794,-6.342060932126,4.5));
#473 = SURFACE_CURVE('',#474,(#541,#548),.PCURVE_S1.);
#474 = B_SPLINE_CURVE_WITH_KNOTS('',9,(#475,#476,#477,#478,#479,#480,
    #481,#482,#483,#484,#485,#486,#487,#488,#489,#490,#491,#492,#493,
    #494,#495,#496,#497,#498,#499,#500,#501,#502,#503,#504,#505,#506,
    #507,#508,#509,#510,#511,#512,#513,#514,#515,#516,#517,#518,#519,
    #520,#521,#522,#523,#524,#525,#526,#527,#528,#529,#530,#531,#532,
    #533,#534,#535,#536,#537,#538,#539,#540),.UNSPECIFIED.,.F.,.F.,(10,8
    ,8,8,8,8,8,8,10),(0.,4.72095462366,9.441909247319,14.162863870979,
    18.883818494638,23.604773118298,28.325727741957,33.046682365617,
    37.767636989277),.UNSPECIFIED.);
#475 = CARTESIAN_POINT('',(6.8,-1.7763568394E-15,-7.290416466177));
#476 = CARTESIAN_POINT('',(6.800001200337,3.31182052875,-7.095595673112)
  );
#477 = CARTESIAN_POINT('',(4.985110643313,6.62423817114,-6.900813605591)
  );
#478 = CARTESIAN_POINT('',(1.357737026091,8.795899290978,-6.70592358578)
  );
#479 = CARTESIAN_POINT('',(-3.261041670641,8.71225466012,-6.511238604732
    ));
#480 = CARTESIAN_POINT('',(-7.190797294734,5.901695623311,-6.31627476278
    ));
#481 = CARTESIAN_POINT('',(-8.762675441664,1.557833458958,
    -6.121587576195));
#482 = CARTESIAN_POINT('',(-7.879866650488,-2.576744078952,
    -5.926700960947));
#483 = CARTESIAN_POINT('',(-5.331749543368,-5.364754748246,
    -5.731915609941));
#484 = CARTESIAN_POINT('',(0.936440049519,-7.505414672251,
    -5.342278631107));
#485 = CARTESIAN_POINT('',(4.657644093041,-6.858440918837,
    -5.147492952544));
#486 = CARTESIAN_POINT('',(7.885076639384,-4.127573495247,
    -4.952607466209));
#487 = CARTESIAN_POINT('',(9.298637871253,0.270375070089,-4.757917882237
    ));
#488 = CARTESIAN_POINT('',(7.908941342722,4.897573743519,-4.56295780777)
  );
#489 = CARTESIAN_POINT('',(4.306194679867,7.78896725755,-4.368268180484)
  );
#490 = CARTESIAN_POINT('',(0.108185242978,8.289765078451,-4.173382761016
    ));
#491 = CARTESIAN_POINT('',(-3.353721566254,6.779432005326,
    -3.978597017958));
#492 = CARTESIAN_POINT('',(-7.405286811351,1.539446838231,
    -3.588960129631));
#493 = CARTESIAN_POINT('',(-7.995667777585,-2.1911543138,-3.394174380151
    ));
#494 = CARTESIAN_POINT('',(-6.454405881739,-6.12796386589,
    -3.199288982824));
#495 = CARTESIAN_POINT('',(-2.74931004631,-8.887016559197,
    -3.004599308504));
#496 = CARTESIAN_POINT('',(2.0787029106,-9.067335655952,-2.809639307968)
  );
#497 = CARTESIAN_POINT('',(5.979284504257,-6.592380478843,-2.6149496328)
  );
#498 = CARTESIAN_POINT('',(7.80993911064,-2.781503226504,-2.420064236783
    ));
#499 = CARTESIAN_POINT('',(7.499491236303,0.982739972194,-2.225278486039
    ));
#500 = CARTESIAN_POINT('',(3.850107889448,6.510363935072,-1.835641599486
    ));
#501 = CARTESIAN_POINT('',(0.510507798447,8.274735175373,-1.640855848615
    ));
#502 = CARTESIAN_POINT('',(-3.713148666636,8.088499453426,
    -1.445970453035));
#503 = CARTESIAN_POINT('',(-7.521569053821,5.473917063982,
    -1.251280776943));
#504 = CARTESIAN_POINT('',(-9.252550488856,0.963271061645,
    -1.056320777855));
#505 = CARTESIAN_POINT('',(-8.171018911823,-3.52785678623,
    -0.861631101751));
#506 = CARTESIAN_POINT('',(-5.156287884355,-6.491887580996,
    -0.666745706192));
#507 = CARTESIAN_POINT('',(-1.49371718983,-7.414644672079,
    -0.471959955298));
#508 = CARTESIAN_POINT('',(4.916696371142,-5.747544355765,
    -8.232306877936E-02));
#509 = CARTESIAN_POINT('',(7.665691355147,-3.157378102548,0.112462682118
    ));
#510 = CARTESIAN_POINT('',(8.854470124353,0.899808449372,0.307348077667)
  );
#511 = CARTESIAN_POINT('',(7.611019219245,5.348846183902,0.502037753786)
  );
#512 = CARTESIAN_POINT('',(3.901859025939,8.444707089576,0.696997752861)
  );
#513 = CARTESIAN_POINT('',(-0.697791066891,8.872677791314,0.891687428959
    ));
#514 = CARTESIAN_POINT('',(-4.477074394919,6.977658201219,1.086572824538
    ));
#515 = CARTESIAN_POINT('',(-6.53399872912,3.809856593654,1.281358575409)
  );
#516 = CARTESIAN_POINT('',(-7.028108075001,-2.79532935692,1.670995461963
    ));
#517 = CARTESIAN_POINT('',(-5.465373161274,-6.233903804405,
    1.865781212707));
#518 = CARTESIAN_POINT('',(-2.010106457191,-8.670107753636,
    2.060666608723));
#519 = CARTESIAN_POINT('',(2.60204206566,-8.931245497904,2.255356283891)
  );
#520 = CARTESIAN_POINT('',(6.730509717339,-6.42166805665,2.45031628443)
  );
#521 = CARTESIAN_POINT('',(8.622049435881,-2.207167209272,2.645005958742
    ));
#522 = CARTESIAN_POINT('',(8.050130046446,1.981745529447,2.839891356078)
  );
#523 = CARTESIAN_POINT('',(5.717091505954,4.952071422162,3.034677105552)
  );
#524 = CARTESIAN_POINT('',(-0.373945084653,7.554358635995,3.424313993886
    ));
#525 = CARTESIAN_POINT('',(-4.13304349251,7.186780358001,3.61909973692)
  );
#526 = CARTESIAN_POINT('',(-7.555199598841,4.704280550522,3.813985156448
    ));
#527 = CARTESIAN_POINT('',(-9.292898577678,0.42403416254,4.008674783634)
  );
#528 = CARTESIAN_POINT('',(-8.2522519639,-4.293939839816,4.203634858227)
  );
#529 = CARTESIAN_POINT('',(-4.875234516555,-7.446033298251,
    4.398324442077));
#530 = CARTESIAN_POINT('',(-0.72628023376,-8.258597105323,4.593209928498
    ));
#531 = CARTESIAN_POINT('',(2.838647935078,-7.010722115887,4.78799560702)
  );
#532 = CARTESIAN_POINT('',(7.269814578914,-2.087573986368,5.177632585872
    ));
#533 = CARTESIAN_POINT('',(8.136844471751,1.58859167242,5.372417936847)
  );
#534 = CARTESIAN_POINT('',(6.893553206654,5.629406567789,5.567304552165)
  );
#535 = CARTESIAN_POINT('',(3.40459992724,8.657162963162,5.761991738634)
  );
#536 = CARTESIAN_POINT('',(-1.396510172308,9.197137704841,5.956955580738
    ));
#537 = CARTESIAN_POINT('',(-5.470848446195,7.020052423938,6.151640561627
    ));
#538 = CARTESIAN_POINT('',(-7.580685414703,3.356355726685,6.346530581568
    ));
#539 = CARTESIAN_POINT('',(-7.551905287463,-0.420557872378,
    6.541312649008));
#540 = CARTESIAN_POINT('',(-5.938471840978,-3.312786693285,
    6.736133442109));
#541 = PCURVE('',#101,#542);
#542 = DEFINITIONAL_REPRESENTATION('',(#543),#547);
#543 = LINE('',#544,#545);
#544 = CARTESIAN_POINT('',(2.19982200049,0.));
#545 = VECTOR('',#546,1.);
#546 = DIRECTION('',(0.,1.));
#547 = ( GEOMETRIC_REPRESENTATION_CONTEXT(2) 
PARAMETRIC_REPRESENTATION_CONTEXT() REPRESENTATION_CONTEXT('2D SPACE',''
  ) );
#548 = PCURVE('',#549,#682);
#549 = B_SPLINE_SURFACE_WITH_KNOTS('',1,9,(
    (#550,#551,#552,#553,#554,#555,#556,#557,#558,#559,#560,#561,#562
      ,#563,#564,#565,#566,#567,#568,#569,#570,#571,#572,#573,#574,#575
      ,#576,#577,#578,#579,#580,#581,#582,#583,#584,#585,#586,#587,#588
      ,#589,#590,#591,#592,#593,#594,#595,#596,#597,#598,#599,#600,#601
      ,#602,#603,#604,#605,#606,#607,#608,#609,#610,#611,#612,#613,#614
      ,#615)
    ,(#616,#617,#618,#619,#620,#621,#622,#623,#624,#625,#626,#627,#628
      ,#629,#630,#631,#632,#633,#634,#635,#636,#637,#638,#639,#640,#641
      ,#642,#643,#644,#645,#646,#647,#648,#649,#650,#651,#652,#653,#654
      ,#655,#656,#657,#658,#659,#660,#661,#662,#663,#664,#665,#666,#667
      ,#668,#669,#670,#671,#672,#673,#674,#675,#676,#677,#678,#679,#680
      ,#681)),.UNSPECIFIED.,.F.,.F.,.F.,(2,2),(10,8,8,8,8,8,8,8,10),(0.,
    0.55428468661),(0.,4.72095462366,9.441909247319,14.162863870979,
    18.883818494638,23.604773118298,28.325727741957,33.046682365617,
    37.767636989277),.UNSPECIFIED.);
#550 = CARTESIAN_POINT('',(6.8,-1.7763568394E-15,-7.290416466177));
#551 = CARTESIAN_POINT('',(6.800001200337,3.31182052875,-7.095595673112)
  );
#552 = CARTESIAN_POINT('',(4.985110643313,6.624238171141,-6.900813605591
    ));
#553 = CARTESIAN_POINT('',(1.357737026091,8.795899290977,-6.70592358578)
  );
#554 = CARTESIAN_POINT('',(-3.261041670641,8.712254660121,
    -6.511238604732));
#555 = CARTESIAN_POINT('',(-7.190797294734,5.901695623311,-6.31627476278
    ));
#556 = CARTESIAN_POINT('',(-8.762675441664,1.557833458958,
    -6.121587576196));
#557 = CARTESIAN_POINT('',(-7.879866650488,-2.576744078952,
    -5.926700960947));
#558 = CARTESIAN_POINT('',(-5.331749543368,-5.364754748246,
    -5.731915609941));
#559 = CARTESIAN_POINT('',(0.936440049519,-7.505414672251,
    -5.342278631107));
#560 = CARTESIAN_POINT('',(4.657644093041,-6.858440918837,
    -5.147492952544));
#561 = CARTESIAN_POINT('',(7.885076639385,-4.127573495247,
    -4.952607466209));
#562 = CARTESIAN_POINT('',(9.298637871253,0.270375070089,-4.757917882237
    ));
#563 = CARTESIAN_POINT('',(7.908941342722,4.897573743519,-4.56295780777)
  );
#564 = CARTESIAN_POINT('',(4.306194679867,7.78896725755,-4.368268180484)
  );
#565 = CARTESIAN_POINT('',(0.108185242978,8.289765078451,-4.173382761016
    ));
#566 = CARTESIAN_POINT('',(-3.353721566254,6.779432005326,
    -3.978597017958));
#567 = CARTESIAN_POINT('',(-7.405286811351,1.539446838231,
    -3.588960129631));
#568 = CARTESIAN_POINT('',(-7.995667777585,-2.1911543138,-3.394174380151
    ));
#569 = CARTESIAN_POINT('',(-6.454405881738,-6.12796386589,
    -3.199288982824));
#570 = CARTESIAN_POINT('',(-2.749310046311,-8.887016559197,
    -3.004599308504));
#571 = CARTESIAN_POINT('',(2.0787029106,-9.067335655952,-2.809639307968)
  );
#572 = CARTESIAN_POINT('',(5.979284504256,-6.592380478842,-2.6149496328)
  );
#573 = CARTESIAN_POINT('',(7.80993911064,-2.781503226504,-2.420064236784
    ));
#574 = CARTESIAN_POINT('',(7.499491236303,0.982739972195,-2.225278486039
    ));
#575 = CARTESIAN_POINT('',(3.850107889448,6.510363935072,-1.835641599486
    ));
#576 = CARTESIAN_POINT('',(0.510507798447,8.274735175373,-1.640855848615
    ));
#577 = CARTESIAN_POINT('',(-3.713148666636,8.088499453426,
    -1.445970453035));
#578 = CARTESIAN_POINT('',(-7.521569053821,5.473917063982,
    -1.251280776943));
#579 = CARTESIAN_POINT('',(-9.252550488857,0.963271061645,
    -1.056320777855));
#580 = CARTESIAN_POINT('',(-8.171018911823,-3.52785678623,
    -0.861631101751));
#581 = CARTESIAN_POINT('',(-5.156287884355,-6.491887580996,
    -0.666745706192));
#582 = CARTESIAN_POINT('',(-1.49371718983,-7.414644672079,
    -0.471959955298));
#583 = CARTESIAN_POINT('',(4.916696371142,-5.747544355765,
    -8.232306877937E-02));
#584 = CARTESIAN_POINT('',(7.665691355147,-3.157378102548,0.112462682118
    ));
#585 = CARTESIAN_POINT('',(8.854470124353,0.899808449372,0.307348077667)
  );
#586 = CARTESIAN_POINT('',(7.611019219245,5.348846183902,0.502037753786)
  );
#587 = CARTESIAN_POINT('',(3.901859025939,8.444707089576,0.696997752861)
  );
#588 = CARTESIAN_POINT('',(-0.697791066891,8.872677791314,0.891687428959
    ));
#589 = CARTESIAN_POINT('',(-4.477074394919,6.977658201219,1.086572824538
    ));
#590 = CARTESIAN_POINT('',(-6.53399872912,3.809856593654,1.281358575409)
  );
#591 = CARTESIAN_POINT('',(-7.028108075001,-2.79532935692,1.670995461963
    ));
#592 = CARTESIAN_POINT('',(-5.465373161274,-6.233903804405,
    1.865781212707));
#593 = CARTESIAN_POINT('',(-2.010106457191,-8.670107753637,
    2.060666608723));
#594 = CARTESIAN_POINT('',(2.60204206566,-8.931245497903,2.255356283891)
  );
#595 = CARTESIAN_POINT('',(6.730509717339,-6.42166805665,2.45031628443)
  );
#596 = CARTESIAN_POINT('',(8.622049435881,-2.207167209272,2.645005958742
    ));
#597 = CARTESIAN_POINT('',(8.050130046446,1.981745529447,2.839891356078)
  );
#598 = CARTESIAN_POINT('',(5.717091505954,4.952071422162,3.034677105552)
  );
#599 = CARTESIAN_POINT('',(-0.373945084653,7.554358635995,3.424313993886
    ));
#600 = CARTESIAN_POINT('',(-4.13304349251,7.186780358002,3.61909973692)
  );
#601 = CARTESIAN_POINT('',(-7.555199598842,4.704280550522,3.813985156448
    ));
#602 = CARTESIAN_POINT('',(-9.292898577678,0.42403416254,4.008674783634)
  );
#603 = CARTESIAN_POINT('',(-8.2522519639,-4.293939839817,4.203634858227)
  );
#604 = CARTESIAN_POINT('',(-4.875234516555,-7.446033298251,
    4.398324442077));
#605 = CARTESIAN_POINT('',(-0.72628023376,-8.258597105323,4.593209928498
    ));
#606 = CARTESIAN_POINT('',(2.838647935078,-7.010722115887,4.78799560702)
  );
#607 = CARTESIAN_POINT('',(7.269814578914,-2.087573986368,5.177632585872
    ));
#608 = CARTESIAN_POINT('',(8.136844471751,1.58859167242,5.372417936847)
  );
#609 = CARTESIAN_POINT('',(6.893553206654,5.629406567789,5.567304552165)
  );
#610 = CARTESIAN_POINT('',(3.40459992724,8.657162963162,5.761991738634)
  );
#611 = CARTESIAN_POINT('',(-1.396510172308,9.197137704841,5.956955580738
    ));
#612 = CARTESIAN_POINT('',(-5.470848446195,7.020052423938,6.151640561626
    ));
#613 = CARTESIAN_POINT('',(-7.580685414703,3.356355726685,6.346530581568
    ));
#614 = CARTESIAN_POINT('',(-7.551905287463,-0.420557872378,
    6.541312649008));
#615 = CARTESIAN_POINT('',(-5.938471840978,-3.312786693285,
    6.736133442109));
#616 = CARTESIAN_POINT('',(6.8,2.6645352591E-15,-6.736131779567));
#617 = CARTESIAN_POINT('',(6.799998814324,3.311820377523,-6.541310986502
    ));
#618 = CARTESIAN_POINT('',(4.985116724873,6.624237404071,-6.346528918981
    ));
#619 = CARTESIAN_POINT('',(1.357726837148,8.795901922393,-6.151638899173
    ));
#620 = CARTESIAN_POINT('',(-3.261031970802,8.712246931356,
    -5.956953918114));
#621 = CARTESIAN_POINT('',(-7.190801673868,5.901706194613,
    -5.761990076182));
#622 = CARTESIAN_POINT('',(-8.762675041886,1.557823566776,
    -5.567302889575));
#623 = CARTESIAN_POINT('',(-7.879865160175,-2.57673850862,
    -5.372416274342));
#624 = CARTESIAN_POINT('',(-5.331749869577,-5.364756115764,
    -5.17763092333));
#625 = CARTESIAN_POINT('',(0.936440533459,-7.505412813812,
    -4.787993944497));
#626 = CARTESIAN_POINT('',(4.657641607058,-6.858445786879,
    -4.593208265933));
#627 = CARTESIAN_POINT('',(7.885082189157,-4.12756542976,-4.398322779602
    ));
#628 = CARTESIAN_POINT('',(9.298627634517,0.270369048765,-4.203633195619
    ));
#629 = CARTESIAN_POINT('',(7.908952609503,4.897573996567,-4.008673121172
    ));
#630 = CARTESIAN_POINT('',(4.306185273048,7.78897033676,-3.813983493864)
  );
#631 = CARTESIAN_POINT('',(0.108190000726,8.289761768236,-3.619098074411
    ));
#632 = CARTESIAN_POINT('',(-3.353722749031,6.779432774444,
    -3.424312331347));
#633 = CARTESIAN_POINT('',(-7.405285211875,1.539445770831,
    -3.034675443021));
#634 = CARTESIAN_POINT('',(-7.995671576926,-2.191150375386,
    -2.83988969354));
#635 = CARTESIAN_POINT('',(-6.454400047257,-6.127971738759,
    -2.645004296218));
#636 = CARTESIAN_POINT('',(-2.749312431986,-8.887004912821,
    -2.450314621885));
#637 = CARTESIAN_POINT('',(2.07869950582,-9.067346409232,-2.255354621371
    ));
#638 = CARTESIAN_POINT('',(5.979290460012,-6.592372566857,-2.06066494618
    ));
#639 = CARTESIAN_POINT('',(7.809934439801,-2.781506661082,
    -1.865779550179));
#640 = CARTESIAN_POINT('',(7.49949234652,0.982740843295,-1.670993799428)
  );
#641 = CARTESIAN_POINT('',(3.850106362348,6.510362766224,-1.281356912877
    ));
#642 = CARTESIAN_POINT('',(0.510512753478,8.274737498238,-1.086571162004
    ));
#643 = CARTESIAN_POINT('',(-3.713158002719,8.088496476156,
    -0.891685766428));
#644 = CARTESIAN_POINT('',(-7.521557261342,5.473915557959,
    -0.696996090324));
#645 = CARTESIAN_POINT('',(-9.252559564759,0.963277758821,
    -0.502036091257));
#646 = CARTESIAN_POINT('',(-8.171013349202,-3.527864979307,
    -0.307346415131));
#647 = CARTESIAN_POINT('',(-5.15628962509,-6.49188205085,-0.112461019587
    ));
#648 = CARTESIAN_POINT('',(-1.493716724279,-7.414646004236,
    8.232473131303E-02));
#649 = CARTESIAN_POINT('',(4.916695758552,-5.747542532864,0.47196161783)
  );
#650 = CARTESIAN_POINT('',(7.66569195197,-3.157383542381,0.666747368729)
  );
#651 = CARTESIAN_POINT('',(8.854470324132,0.899818246646,0.861632764273)
  );
#652 = CARTESIAN_POINT('',(7.611013982893,5.348835510982,1.056322440405)
  );
#653 = CARTESIAN_POINT('',(3.901868296912,8.444713514003,1.251282439459)
  );
#654 = CARTESIAN_POINT('',(-0.697800618051,8.872675175081,1.44597211558)
  );
#655 = CARTESIAN_POINT('',(-4.47706859896,6.977658061283,1.640857511143)
  );
#656 = CARTESIAN_POINT('',(-6.53400014025,3.809856583618,1.83564326202)
  );
#657 = CARTESIAN_POINT('',(-7.028106151938,-2.795329366334,
    2.225280148572));
#658 = CARTESIAN_POINT('',(-5.465378502104,-6.233902611148,
    2.420065899318));
#659 = CARTESIAN_POINT('',(-2.010097250149,-8.670111108974,
    2.614951295329));
#660 = CARTESIAN_POINT('',(2.602033657628,-8.931237093322,2.80964097051)
  );
#661 = CARTESIAN_POINT('',(6.730512801008,-6.421678906257,3.004600971028
    ));
#662 = CARTESIAN_POINT('',(8.622050046573,-2.207157325276,3.199290645363
    ));
#663 = CARTESIAN_POINT('',(8.050128041083,1.981740089868,3.394176042683)
  );
#664 = CARTESIAN_POINT('',(5.717091952351,4.952072760724,3.588961792163)
  );
#665 = CARTESIAN_POINT('',(-0.373945714731,7.554356819353,3.978598680495
    ));
#666 = CARTESIAN_POINT('',(-4.133040639027,7.186785025613,4.17338442353)
  );
#667 = CARTESIAN_POINT('',(-7.555205744952,4.70427292449,4.368269843054)
  );
#668 = CARTESIAN_POINT('',(-9.292887915408,0.42403939852,4.562959470252)
  );
#669 = CARTESIAN_POINT('',(-8.252263215857,-4.293939245161,
    4.757919544825));
#670 = CARTESIAN_POINT('',(-4.875225373554,-7.446037077587,
    4.952609128698));
#671 = CARTESIAN_POINT('',(-0.726284721694,-8.258593443373,
    5.147494615103));
#672 = CARTESIAN_POINT('',(2.838649049378,-7.010722975292,5.342280293632
    ));
#673 = CARTESIAN_POINT('',(7.269813080488,-2.087572793859,5.731917272482
    ));
#674 = CARTESIAN_POINT('',(8.136847874373,1.588587414256,5.926702623458)
  );
#675 = CARTESIAN_POINT('',(6.893548217567,5.629414977635,6.12158923877)
  );
#676 = CARTESIAN_POINT('',(3.404600996659,8.657150945992,6.316276425254)
  );
#677 = CARTESIAN_POINT('',(-1.396505361494,9.19714848752,6.511240267334)
  );
#678 = CARTESIAN_POINT('',(-5.470855650421,7.020044633579,6.705925248249
    ));
#679 = CARTESIAN_POINT('',(-7.580679906601,3.35635910667,6.900815268171)
  );
#680 = CARTESIAN_POINT('',(-7.551906876298,-0.420558871057,7.09559733562
    ));
#681 = CARTESIAN_POINT('',(-5.938471393884,-3.312786443873,
    7.290418128719));
#682 = DEFINITIONAL_REPRESENTATION('',(#683),#686);
#683 = B_SPLINE_CURVE_WITH_KNOTS('',1,(#684,#685),.UNSPECIFIED.,.F.,.F.,
  (2,2),(0.,37.767636989277),.PIECEWISE_BEZIER_KNOTS.);
#684 = CARTESIAN_POINT('',(0.,0.));
#685 = CARTESIAN_POINT('',(0.,37.767636989277));
#686 = ( GEOMETRIC_REPRESENTATION_CONTEXT(2) 
PARAMETRIC_REPRESENTATION_CONTEXT() REPRESENTATION_CONTEXT('2D SPACE',''
  ) );
#687 = ORIENTED_EDGE('',*,*,#688,.T.);
#688 = EDGE_CURVE('',#471,#689,#691,.T.);
#689 = VERTEX_POINT('',#690);
#690 = CARTESIAN_POINT('',(4.298791141689,-2.553506383279,4.5));
#691 = SURFACE_CURVE('',#692,(#723,#757),.PCURVE_S1.);
#692 = B_SPLINE_CURVE_WITH_KNOTS('',8,(#693,#694,#695,#696,#697,#698,
    #699,#700,#701,#702,#703,#704,#705,#706,#707,#708,#709,#710,#711,
    #712,#713,#714,#715,#716,#717,#718,#719,#720,#721,#722),
  .UNSPECIFIED.,.F.,.F.,(9,7,7,7,9),(0.,0.331491998778,0.598051920518,
    0.80486090956,1.),.UNSPECIFIED.);
#693 = CARTESIAN_POINT('',(-2.4532222794,-6.342060932126,4.5));
#694 = CARTESIAN_POINT('',(-2.10457268305,-6.406485708396,4.5));
#695 = CARTESIAN_POINT('',(-1.752217268513,-6.449757775458,4.5));
#696 = CARTESIAN_POINT('',(-1.397638189447,-6.471356407729,4.5));
#697 = CARTESIAN_POINT('',(-1.04238734285,-6.47087931605,4.5));
#698 = CARTESIAN_POINT('',(-0.688086056975,-6.448045364804,4.5));
#699 = CARTESIAN_POINT('',(-0.336423982353,-6.402705177781,4.5));
#700 = CARTESIAN_POINT('',(1.084281405754E-02,-6.334859632781,4.5));
#701 = CARTESIAN_POINT('',(0.626141667102,-6.172175863776,4.5));
#702 = CARTESIAN_POINT('',(0.896381261485,-6.085225194782,4.5));
#703 = CARTESIAN_POINT('',(1.161663057666,-5.983925604795,4.5));
#704 = CARTESIAN_POINT('',(1.42102519876,-5.868440569821,4.5));
#705 = CARTESIAN_POINT('',(1.673495550517,-5.739008154861,4.5));
#706 = CARTESIAN_POINT('',(1.918094492901,-5.595946146031,4.5));
#707 = CARTESIAN_POINT('',(2.153839200807,-5.439659835017,4.5));
#708 = CARTESIAN_POINT('',(2.555020559277,-5.139529048431,4.5));
#709 = CARTESIAN_POINT('',(2.724374879196,-5.00074605375,4.5));
#710 = CARTESIAN_POINT('',(2.887354095859,-4.854538907534,4.5));
#711 = CARTESIAN_POINT('',(3.043504390252,-4.701175268431,4.5));
#712 = CARTESIAN_POINT('',(3.192378551705,-4.540956880073,4.5));
#713 = CARTESIAN_POINT('',(3.333538127429,-4.374221433136,4.5));
#714 = CARTESIAN_POINT('',(3.466555572052,-4.201344427393,4.5));
#715 = CARTESIAN_POINT('',(3.708454098102,-3.854215942362,4.5));
#716 = CARTESIAN_POINT('',(3.818275017361,-3.680589710628,4.5));
#717 = CARTESIAN_POINT('',(3.92013386992,-3.502215116204,4.5));
#718 = CARTESIAN_POINT('',(4.013680186976,-3.319465615439,4.5));
#719 = CARTESIAN_POINT('',(4.098620233698,-3.132757516897,4.5));
#720 = CARTESIAN_POINT('',(4.174632882281,-2.942529618142,4.5));
#721 = CARTESIAN_POINT('',(4.241448242282,-2.749256205965,4.5));
#722 = CARTESIAN_POINT('',(4.298809051021,-2.553445206421,4.5));
#723 = PCURVE('',#101,#724);
#724 = DEFINITIONAL_REPRESENTATION('',(#725),#756);
#725 = B_SPLINE_CURVE_WITH_KNOTS('',8,(#726,#727,#728,#729,#730,#731,
    #732,#733,#734,#735,#736,#737,#738,#739,#740,#741,#742,#743,#744,
    #745,#746,#747,#748,#749,#750,#751,#752,#753,#754,#755),
  .UNSPECIFIED.,.F.,.F.,(9,7,7,7,9),(0.,0.331491998778,0.598051920518,
    0.80486090956,1.),.UNSPECIFIED.);
#726 = CARTESIAN_POINT('',(2.19982200049,31.746666022134));
#727 = CARTESIAN_POINT('',(2.131005942863,31.801849643417));
#728 = CARTESIAN_POINT('',(2.061494958575,31.85759049849));
#729 = CARTESIAN_POINT('',(1.991269946778,31.913903904135));
#730 = CARTESIAN_POINT('',(1.920307275535,31.97080881407));
#731 = CARTESIAN_POINT('',(1.84857927179,32.028327427842));
#732 = CARTESIAN_POINT('',(1.776055303651,32.086484322658));
#733 = CARTESIAN_POINT('',(1.702703454967,32.145305108146));
#734 = CARTESIAN_POINT('',(1.568818385209,32.252667483268));
#735 = CARTESIAN_POINT('',(1.508586265585,32.30096760999));
#736 = CARTESIAN_POINT('',(1.447781074387,32.349727307637));
#737 = CARTESIAN_POINT('',(1.386385061538,32.39896081672));
#738 = CARTESIAN_POINT('',(1.32437828061,32.448684135937));
#739 = CARTESIAN_POINT('',(1.261739038893,32.498914659063));
#740 = CARTESIAN_POINT('',(1.198444602753,32.549670607648));
#741 = CARTESIAN_POINT('',(1.084839503546,32.640770800692));
#742 = CARTESIAN_POINT('',(1.034797875823,32.680899301775));
#743 = CARTESIAN_POINT('',(0.984336834172,32.721364129676));
#744 = CARTESIAN_POINT('',(0.933444779109,32.762174574638));
#745 = CARTESIAN_POINT('',(0.882109104539,32.803340731776));
#746 = CARTESIAN_POINT('',(0.83031634968,32.844873382614));
#747 = CARTESIAN_POINT('',(0.778052350971,32.886783876625));
#748 = CARTESIAN_POINT('',(0.675529032261,32.968997220262));
#749 = CARTESIAN_POINT('',(0.625322089069,33.009258073661));
#750 = CARTESIAN_POINT('',(0.57467169422,33.049874585766));
#751 = CARTESIAN_POINT('',(0.523556075339,33.090863571097));
#752 = CARTESIAN_POINT('',(0.471979817853,33.13222322829));
#753 = CARTESIAN_POINT('',(0.419909009795,33.173978609099));
#754 = CARTESIAN_POINT('',(0.367337983922,33.216135454018));
#755 = CARTESIAN_POINT('',(0.31424705695,33.258709138726));
#756 = ( GEOMETRIC_REPRESENTATION_CONTEXT(2) 
PARAMETRIC_REPRESENTATION_CONTEXT() REPRESENTATION_CONTEXT('2D SPACE',''
  ) );
#757 = PCURVE('',#758,#763);
#758 = PLANE('',#759);
#759 = AXIS2_PLACEMENT_3D('',#760,#761,#762);
#760 = CARTESIAN_POINT('',(-3.746411322026E-16,4.512848766126E-16,4.5));
#761 = DIRECTION('',(0.,0.,1.));
#762 = DIRECTION('',(1.,0.,-0.));
#763 = DEFINITIONAL_REPRESENTATION('',(#764),#795);
#764 = B_SPLINE_CURVE_WITH_KNOTS('',8,(#765,#766,#767,#768,#769,#770,
    #771,#772,#773,#774,#775,#776,#777,#778,#779,#780,#781,#782,#783,
    #784,#785,#786,#787,#788,#789,#790,#791,#792,#793,#794),
  .UNSPECIFIED.,.F.,.F.,(9,7,7,7,9),(0.,0.331491998778,0.598051920518,
    0.80486090956,1.),.UNSPECIFIED.);
#765 = CARTESIAN_POINT('',(-2.4532222794,-6.342060932126));
#766 = CARTESIAN_POINT('',(-2.10457268305,-6.406485708396));
#767 = CARTESIAN_POINT('',(-1.752217268513,-6.449757775458));
#768 = CARTESIAN_POINT('',(-1.397638189447,-6.471356407729));
#769 = CARTESIAN_POINT('',(-1.04238734285,-6.47087931605));
#770 = CARTESIAN_POINT('',(-0.688086056975,-6.448045364804));
#771 = CARTESIAN_POINT('',(-0.336423982353,-6.402705177781));
#772 = CARTESIAN_POINT('',(1.084281405754E-02,-6.334859632781));
#773 = CARTESIAN_POINT('',(0.626141667102,-6.172175863776));
#774 = CARTESIAN_POINT('',(0.896381261485,-6.085225194782));
#775 = CARTESIAN_POINT('',(1.161663057666,-5.983925604795));
#776 = CARTESIAN_POINT('',(1.42102519876,-5.868440569821));
#777 = CARTESIAN_POINT('',(1.673495550517,-5.739008154861));
#778 = CARTESIAN_POINT('',(1.918094492901,-5.595946146031));
#779 = CARTESIAN_POINT('',(2.153839200807,-5.439659835017));
#780 = CARTESIAN_POINT('',(2.555020559277,-5.139529048431));
#781 = CARTESIAN_POINT('',(2.724374879196,-5.00074605375));
#782 = CARTESIAN_POINT('',(2.887354095859,-4.854538907534));
#783 = CARTESIAN_POINT('',(3.043504390252,-4.701175268431));
#784 = CARTESIAN_POINT('',(3.192378551705,-4.540956880073));
#785 = CARTESIAN_POINT('',(3.333538127429,-4.374221433136));
#786 = CARTESIAN_POINT('',(3.466555572052,-4.201344427393));
#787 = CARTESIAN_POINT('',(3.708454098102,-3.854215942362));
#788 = CARTESIAN_POINT('',(3.818275017361,-3.680589710628));
#789 = CARTESIAN_POINT('',(3.92013386992,-3.502215116204));
#790 = CARTESIAN_POINT('',(4.013680186976,-3.319465615439));
#791 = CARTESIAN_POINT('',(4.098620233698,-3.132757516897));
#792 = CARTESIAN_POINT('',(4.174632882281,-2.942529618142));
#793 = CARTESIAN_POINT('',(4.241448242282,-2.749256205965));
#794 = CARTESIAN_POINT('',(4.298809051021,-2.553445206421));
#795 = ( GEOMETRIC_REPRESENTATION_CONTEXT(2) 
PARAMETRIC_REPRESENTATION_CONTEXT() REPRESENTATION_CONTEXT('2D SPACE',''
  ) );
#796 = ORIENTED_EDGE('',*,*,#797,.F.);
#797 = EDGE_CURVE('',#798,#689,#800,.T.);
#798 = VERTEX_POINT('',#799);
#799 = CARTESIAN_POINT('',(5.,0.,2.20112556649));
#800 = SURFACE_CURVE('',#801,(#874,#950),.PCURVE_S1.);
#801 = B_SPLINE_CURVE_WITH_KNOTS('',8,(#802,#803,#804,#805,#806,#807,
    #808,#809,#810,#811,#812,#813,#814,#815,#816,#817,#818,#819,#820,
    #821,#822,#823,#824,#825,#826,#827,#828,#829,#830,#831,#832,#833,
    #834,#835,#836,#837,#838,#839,#840,#841,#842,#843,#844,#845,#846,
    #847,#848,#849,#850,#851,#852,#853,#854,#855,#856,#857,#858,#859,
    #860,#861,#862,#863,#864,#865,#866,#867,#868,#869,#870,#871,#872,
    #873),.UNSPECIFIED.,.F.,.F.,(9,7,7,7,7,7,7,7,7,7,9),(0.,
    0.147850656038,0.193404307344,0.24725327087,0.369327814794,
    0.471149493215,0.570321672133,0.718780963591,0.856879449447,
    0.889380352174,1.),.UNSPECIFIED.);
#802 = CARTESIAN_POINT('',(5.,-2.6645352591E-15,2.20112556649));
#803 = CARTESIAN_POINT('',(5.,0.580462335604,2.247563184535));
#804 = CARTESIAN_POINT('',(4.92298560506,1.161601691047,2.294054539612)
  );
#805 = CARTESIAN_POINT('',(4.768645637239,1.730417175644,2.340513747546)
  );
#806 = CARTESIAN_POINT('',(4.539665441326,2.27506846327,2.386953126181)
  );
#807 = CARTESIAN_POINT('',(4.240392301592,2.784494295229,2.433392833223)
  );
#808 = CARTESIAN_POINT('',(3.877084026385,3.248589827219,2.479855319433)
  );
#809 = CARTESIAN_POINT('',(3.457620563668,3.658113863878,2.52634827074)
  );
#810 = CARTESIAN_POINT('',(2.849334888713,4.112575331357,2.587092534115)
  );
#811 = CARTESIAN_POINT('',(2.701692421442,4.213755753695,2.601399145955)
  );
#812 = CARTESIAN_POINT('',(2.549955236877,4.308870836938,2.615705615017)
  );
#813 = CARTESIAN_POINT('',(2.394410239854,4.397730642749,2.63001206185)
  );
#814 = CARTESIAN_POINT('',(2.23535693953,4.480159563909,2.644318746479)
  );
#815 = CARTESIAN_POINT('',(2.073107841692,4.555997394503,2.65862609446)
  );
#816 = CARTESIAN_POINT('',(1.907988878025,4.625100986283,2.67293403188)
  );
#817 = CARTESIAN_POINT('',(1.542162011035,4.760926892091,2.704152455769)
  );
#818 = CARTESIAN_POINT('',(1.340409658013,4.824938583292,2.721065966835)
  );
#819 = CARTESIAN_POINT('',(1.135639725645,4.879171182369,2.737979419342)
  );
#820 = CARTESIAN_POINT('',(0.928413776781,4.923459543642,2.754892185322)
  );
#821 = CARTESIAN_POINT('',(0.71929659761,4.957679496966,2.771804326057)
  );
#822 = CARTESIAN_POINT('',(0.508855189421,4.981745130816,2.788716258766)
  );
#823 = CARTESIAN_POINT('',(0.297658179283,4.995607619688,2.805628515948)
  );
#824 = CARTESIAN_POINT('',(-0.392924398289,5.007525486129,2.860883221206
    ));
#825 = CARTESIAN_POINT('',(-0.873284991555,4.963304434863,2.89924561291)
  );
#826 = CARTESIAN_POINT('',(-1.347702608148,4.866372681428,2.937597540062
    ));
#827 = CARTESIAN_POINT('',(-1.809460392501,4.717786409587,2.975941284024
    ));
#828 = CARTESIAN_POINT('',(-2.252152391192,4.519481081924,3.014284376645
    ));
#829 = CARTESIAN_POINT('',(-2.669717960355,4.274299550464,3.052635374002
    ));
#830 = CARTESIAN_POINT('',(-3.056451731615,3.985950630647,3.090996936496
    ));
#831 = CARTESIAN_POINT('',(-3.699785558258,3.386944329818,3.161316894044
    ));
#832 = CARTESIAN_POINT('',(-3.96754492406,3.087724818716,3.193304937766)
  );
#833 = CARTESIAN_POINT('',(-4.20750021718,2.764439754916,3.225289387169)
  );
#834 = CARTESIAN_POINT('',(-4.417168114259,2.420139717126,3.257269464698
    ));
#835 = CARTESIAN_POINT('',(-4.594487620796,2.058119637224,3.28924991858)
  );
#836 = CARTESIAN_POINT('',(-4.737794207558,1.681889519155,3.32123539071)
  );
#837 = CARTESIAN_POINT('',(-4.845855814971,1.295179291712,3.353224956494
    ));
#838 = CARTESIAN_POINT('',(-4.988209135648,0.519007785628,3.416356517041
    ));
#839 = CARTESIAN_POINT('',(-5.024382517026,0.129687768879,3.447514173752
    ));
#840 = CARTESIAN_POINT('',(-5.025786479913,-0.262303069084,
    3.478668522483));
#841 = CARTESIAN_POINT('',(-4.992247879157,-0.653333492906,3.50981820867
    ));
#842 = CARTESIAN_POINT('',(-4.924031565662,-1.039820723673,
    3.540967026515));
#843 = CARTESIAN_POINT('',(-4.8218069199,-1.418238074537,3.572119108635)
  );
#844 = CARTESIAN_POINT('',(-4.686674167449,-1.785129716119,
    3.603274086342));
#845 = CARTESIAN_POINT('',(-4.271116662067,-2.664075662965,
    3.681050518751));
#846 = CARTESIAN_POINT('',(-3.951485635383,-3.158448395463,
    3.727733303166));
#847 = CARTESIAN_POINT('',(-3.566699226524,-3.608210485609,
    3.774384271299));
#848 = CARTESIAN_POINT('',(-3.124351531428,-4.003692905688,
    3.821016609925));
#849 = CARTESIAN_POINT('',(-2.633223351634,-4.336664435233,3.86765028647
    ));
#850 = CARTESIAN_POINT('',(-2.103432948379,-4.600608204878,
    3.914303694079));
#851 = CARTESIAN_POINT('',(-1.546206335294,-4.790509876863,
    3.960988485783));
#852 = CARTESIAN_POINT('',(-0.442717542699,-5.009787899282,
    4.050994053055));
#853 = CARTESIAN_POINT('',(0.102636148107,-5.049649030174,4.094406906963
    ));
#854 = CARTESIAN_POINT('',(0.651325105052,-5.021458499524,4.137797657191
    ));
#855 = CARTESIAN_POINT('',(1.193479242991,-4.92528516851,4.181174352885)
  );
#856 = CARTESIAN_POINT('',(1.719523946118,-4.762617402402,4.224552372224
    ));
#857 = CARTESIAN_POINT('',(2.220260480565,-4.536511398088,4.267947161769
    ));
#858 = CARTESIAN_POINT('',(2.6868751762,-4.251431463045,4.31136064167));
#859 = CARTESIAN_POINT('',(3.211192999125,-3.834647533361,4.364942440404
    ));
#860 = CARTESIAN_POINT('',(3.308767214689,-3.752330692228,4.375150383972
    ));
#861 = CARTESIAN_POINT('',(3.403927006594,-3.667178730046,4.385358371827
    ));
#862 = CARTESIAN_POINT('',(3.496575591658,-3.579275187898,4.395566395263
    ));
#863 = CARTESIAN_POINT('',(3.5866202137,-3.488706966575,4.40577446352));
#864 = CARTESIAN_POINT('',(3.673972143538,-3.395564326577,4.415982603785
    ));
#865 = CARTESIAN_POINT('',(3.758546678995,-3.299940888113,4.426190861192
    ));
#866 = CARTESIAN_POINT('',(4.118392240414,-2.86835741182,4.471144603749)
  );
#867 = CARTESIAN_POINT('',(4.363509028675,-2.507047089626,4.505903153733
    ));
#868 = CARTESIAN_POINT('',(4.572221014746,-2.121989809269,4.540653649039
    ));
#869 = CARTESIAN_POINT('',(4.74191291067,-1.717513263598,4.575398811655)
  );
#870 = CARTESIAN_POINT('',(4.870601265207,-1.298185909355,4.61014491716)
  );
#871 = CARTESIAN_POINT('',(4.956884496641,-0.868786557741,4.644897019591
    ));
#872 = CARTESIAN_POINT('',(5.,-0.434313083975,4.679655720863));
#873 = CARTESIAN_POINT('',(5.,2.6645352591E-15,4.714401336339));
#874 = PCURVE('',#101,#875);
#875 = DEFINITIONAL_REPRESENTATION('',(#876),#949);
#876 = B_SPLINE_CURVE_WITH_KNOTS('',8,(#877,#878,#879,#880,#881,#882,
    #883,#884,#885,#886,#887,#888,#889,#890,#891,#892,#893,#894,#895,
    #896,#897,#898,#899,#900,#901,#902,#903,#904,#905,#906,#907,#908,
    #909,#910,#911,#912,#913,#914,#915,#916,#917,#918,#919,#920,#921,
    #922,#923,#924,#925,#926,#927,#928,#929,#930,#931,#932,#933,#934,
    #935,#936,#937,#938,#939,#940,#941,#942,#943,#944,#945,#946,#947,
    #948),.UNSPECIFIED.,.F.,.F.,(9,7,7,7,7,7,7,7,7,7,9),(0.,
    0.147850656038,0.193404307344,0.24725327087,0.369327814794,
    0.471149493215,0.570321672133,0.718780963591,0.856879449447,
    0.889380352174,1.),.UNSPECIFIED.);
#877 = CARTESIAN_POINT('',(0.314259089275,27.068790642308));
#878 = CARTESIAN_POINT('',(0.314262522377,27.193825002514));
#879 = CARTESIAN_POINT('',(0.314265212165,27.31900465017));
#880 = CARTESIAN_POINT('',(0.314265070267,27.444100009721));
#881 = CARTESIAN_POINT('',(0.314261768403,27.569144511229));
#882 = CARTESIAN_POINT('',(0.314256210067,27.694191706482));
#883 = CARTESIAN_POINT('',(0.314260134191,27.819292632508));
#884 = CARTESIAN_POINT('',(0.314264039181,27.944475603681));
#885 = CARTESIAN_POINT('',(0.31426452833,28.108034146116));
#886 = CARTESIAN_POINT('',(0.314264158965,28.146556173605));
#887 = CARTESIAN_POINT('',(0.314263847309,28.185077770377));
#888 = CARTESIAN_POINT('',(0.314262723268,28.223599958743));
#889 = CARTESIAN_POINT('',(0.314260751572,28.262123467132));
#890 = CARTESIAN_POINT('',(0.314259239752,28.300648392875));
#891 = CARTESIAN_POINT('',(0.314259606903,28.339173398986));
#892 = CARTESIAN_POINT('',(0.314261366362,28.423230166905));
#893 = CARTESIAN_POINT('',(0.314262921719,28.468769941939));
#894 = CARTESIAN_POINT('',(0.314263973266,28.514309963306));
#895 = CARTESIAN_POINT('',(0.314264286389,28.559848728286));
#896 = CARTESIAN_POINT('',(0.314264025107,28.605386270358));
#897 = CARTESIAN_POINT('',(0.314263443994,28.650923508777));
#898 = CARTESIAN_POINT('',(0.314262744779,28.696461715573));
#899 = CARTESIAN_POINT('',(0.3142606306,28.845241258025));
#900 = CARTESIAN_POINT('',(0.314259412942,28.948536135326));
#901 = CARTESIAN_POINT('',(0.314260319899,29.051801132228));
#902 = CARTESIAN_POINT('',(0.314263405723,29.155042347988));
#903 = CARTESIAN_POINT('',(0.314265000112,29.258283005933));
#904 = CARTESIAN_POINT('',(0.314264482219,29.361546641875));
#905 = CARTESIAN_POINT('',(0.314262277498,29.464840077986));
#906 = CARTESIAN_POINT('',(0.314257116155,29.654186497184));
#907 = CARTESIAN_POINT('',(0.314254345912,29.740319162295));
#908 = CARTESIAN_POINT('',(0.314251728558,29.826442026801));
#909 = CARTESIAN_POINT('',(0.314250175264,29.912552266408));
#910 = CARTESIAN_POINT('',(0.314250286232,29.998662184803));
#911 = CARTESIAN_POINT('',(0.314252056674,30.084784284511));
#912 = CARTESIAN_POINT('',(0.314254935023,30.170916518288));
#913 = CARTESIAN_POINT('',(0.314261445888,30.340898226261));
#914 = CARTESIAN_POINT('',(0.314265053647,30.424789891396));
#915 = CARTESIAN_POINT('',(0.314268448019,30.508672820634));
#916 = CARTESIAN_POINT('',(0.314270803439,30.592544028726));
#917 = CARTESIAN_POINT('',(0.314271553228,30.676414186291));
#918 = CARTESIAN_POINT('',(0.314270619346,30.760294483322));
#919 = CARTESIAN_POINT('',(0.314268396088,30.844183610909));
#920 = CARTESIAN_POINT('',(0.314261133893,31.053608887785));
#921 = CARTESIAN_POINT('',(0.314255228886,31.179310866878));
#922 = CARTESIAN_POINT('',(0.31424978931,31.304926804785));
#923 = CARTESIAN_POINT('',(0.314247675243,31.430489914472));
#924 = CARTESIAN_POINT('',(0.314251120911,31.556052168267));
#925 = CARTESIAN_POINT('',(0.314256342622,31.681666125372));
#926 = CARTESIAN_POINT('',(0.314260319722,31.807365584792));
#927 = CARTESIAN_POINT('',(0.314264145745,32.049709923359));
#928 = CARTESIAN_POINT('',(0.314264274501,32.166602506633));
#929 = CARTESIAN_POINT('',(0.314261993188,32.283437506552));
#930 = CARTESIAN_POINT('',(0.314258636263,32.400235526039));
#931 = CARTESIAN_POINT('',(0.314257104987,32.51703564553));
#932 = CARTESIAN_POINT('',(0.314263690306,32.633874411498));
#933 = CARTESIAN_POINT('',(0.31426567474,32.750767192245));
#934 = CARTESIAN_POINT('',(0.314263598219,32.895042265831));
#935 = CARTESIAN_POINT('',(0.314262919993,32.922528538927));
#936 = CARTESIAN_POINT('',(0.314262071304,32.950015067965));
#937 = CARTESIAN_POINT('',(0.314261178655,32.977501728059));
#938 = CARTESIAN_POINT('',(0.314260382878,33.004988431155));
#939 = CARTESIAN_POINT('',(0.314259839143,33.032475126026));
#940 = CARTESIAN_POINT('',(0.314259716951,33.059961798277));
#941 = CARTESIAN_POINT('',(0.314261844706,33.181001748211));
#942 = CARTESIAN_POINT('',(0.314266945462,33.274587917963));
#943 = CARTESIAN_POINT('',(0.314264686309,33.368158301768));
#944 = CARTESIAN_POINT('',(0.314261095803,33.461715394466));
#945 = CARTESIAN_POINT('',(0.314259732424,33.555273240032));
#946 = CARTESIAN_POINT('',(0.314259901191,33.648846004192));
#947 = CARTESIAN_POINT('',(0.314261071052,33.742435733495));
#948 = CARTESIAN_POINT('',(0.314262162475,33.835990291114));
#949 = ( GEOMETRIC_REPRESENTATION_CONTEXT(2) 
PARAMETRIC_REPRESENTATION_CONTEXT() REPRESENTATION_CONTEXT('2D SPACE',''
  ) );
#950 = PCURVE('',#951,#956);
#951 = CYLINDRICAL_SURFACE('',#952,5.);
#952 = AXIS2_PLACEMENT_3D('',#953,#954,#955);
#953 = CARTESIAN_POINT('',(0.,0.,-8.013274122872));
#954 = DIRECTION('',(-0.,-0.,-1.));
#955 = DIRECTION('',(1.,0.,0.));
#956 = DEFINITIONAL_REPRESENTATION('',(#957),#1030);
#957 = B_SPLINE_CURVE_WITH_KNOTS('',8,(#958,#959,#960,#961,#962,#963,
    #964,#965,#966,#967,#968,#969,#970,#971,#972,#973,#974,#975,#976,
    #977,#978,#979,#980,#981,#982,#983,#984,#985,#986,#987,#988,#989,
    #990,#991,#992,#993,#994,#995,#996,#997,#998,#999,#1000,#1001,#1002,
    #1003,#1004,#1005,#1006,#1007,#1008,#1009,#1010,#1011,#1012,#1013,
    #1014,#1015,#1016,#1017,#1018,#1019,#1020,#1021,#1022,#1023,#1024,
    #1025,#1026,#1027,#1028,#1029),.UNSPECIFIED.,.F.,.F.,(9,7,7,7,7,7,7,
    7,7,7,9),(0.,0.147850656038,0.193404307344,0.24725327087,
    0.369327814794,0.471149493215,0.570321672133,0.718780963591,
    0.856879449447,0.889380352174,1.),.UNSPECIFIED.);
#958 = CARTESIAN_POINT('',(0.,-10.21439968936));
#959 = CARTESIAN_POINT('',(-0.116092467121,-10.2608373074));
#960 = CARTESIAN_POINT('',(-0.232320048482,-10.30732866248));
#961 = CARTESIAN_POINT('',(-0.348469081087,-10.35378787041));
#962 = CARTESIAN_POINT('',(-0.464569863589,-10.40022724905));
#963 = CARTESIAN_POINT('',(-0.580670984155,-10.44666695609));
#964 = CARTESIAN_POINT('',(-0.696820890314,-10.4931294423));
#965 = CARTESIAN_POINT('',(-0.813049394569,-10.53962239361));
#966 = CARTESIAN_POINT('',(-0.964910737613,-10.60036665698));
#967 = CARTESIAN_POINT('',(-1.000677942727,-10.61467326882));
#968 = CARTESIAN_POINT('',(-1.036444901325,-10.62897973788));
#969 = CARTESIAN_POINT('',(-1.072212603611,-10.64328618472));
#970 = CARTESIAN_POINT('',(-1.107981498947,-10.65759286935));
#971 = CARTESIAN_POINT('',(-1.143751276478,-10.67190021733));
#972 = CARTESIAN_POINT('',(-1.17952061591,-10.68620815475));
#973 = CARTESIAN_POINT('',(-1.257566236748,-10.71742657864));
#974 = CARTESIAN_POINT('',(-1.299849641947,-10.7343400897));
#975 = CARTESIAN_POINT('',(-1.342133252495,-10.75125354221));
#976 = CARTESIAN_POINT('',(-1.384415491023,-10.76816630819));
#977 = CARTESIAN_POINT('',(-1.426696318526,-10.78507844892));
#978 = CARTESIAN_POINT('',(-1.468976592566,-10.80199038163));
#979 = CARTESIAN_POINT('',(-1.511257539469,-10.81890263882));
#980 = CARTESIAN_POINT('',(-1.649394620948,-10.87415734407));
#981 = CARTESIAN_POINT('',(-1.745299775187,-10.91251973578));
#982 = CARTESIAN_POINT('',(-1.841177014821,-10.95087166293));
#983 = CARTESIAN_POINT('',(-1.937033158392,-10.98921540689));
#984 = CARTESIAN_POINT('',(-2.032889862608,-11.02755849951));
#985 = CARTESIAN_POINT('',(-2.128768500591,-11.06590949687));
#986 = CARTESIAN_POINT('',(-2.224674976342,-11.10427105936));
#987 = CARTESIAN_POINT('',(-2.40048020504,-11.17459101691));
#988 = CARTESIAN_POINT('',(-2.480452979789,-11.20657906063));
#989 = CARTESIAN_POINT('',(-2.560416402511,-11.23856351004));
#990 = CARTESIAN_POINT('',(-2.640367791199,-11.27054358757));
#991 = CARTESIAN_POINT('',(-2.720318623536,-11.30252404145));
#992 = CARTESIAN_POINT('',(-2.800280639725,-11.33450951358));
#993 = CARTESIAN_POINT('',(-2.880252080514,-11.36649907936));
#994 = CARTESIAN_POINT('',(-3.038075611682,-11.42963063991));
#995 = CARTESIAN_POINT('',(-3.115966873214,-11.46078829662));
#996 = CARTESIAN_POINT('',(-3.193850155001,-11.49194264535));
#997 = CARTESIAN_POINT('',(-3.271722686406,-11.52309233154));
#998 = CARTESIAN_POINT('',(-3.349594316271,-11.55424114938));
#999 = CARTESIAN_POINT('',(-3.427475341976,-11.5853932315));
#1000 = CARTESIAN_POINT('',(-3.505364467446,-11.61654820921));
#1001 = CARTESIAN_POINT('',(-3.699810760057,-11.69432464162));
#1002 = CARTESIAN_POINT('',(-3.816521761236,-11.74100742603));
#1003 = CARTESIAN_POINT('',(-3.933152599378,-11.78765839417));
#1004 = CARTESIAN_POINT('',(-4.049734287271,-11.83429073279));
#1005 = CARTESIAN_POINT('',(-4.16631579127,-11.88092440934));
#1006 = CARTESIAN_POINT('',(-4.28294631584,-11.92757781695));
#1007 = CARTESIAN_POINT('',(-4.399656577477,-11.97426260865));
#1008 = CARTESIAN_POINT('',(-4.624669498572,-12.06426817592));
#1009 = CARTESIAN_POINT('',(-4.733202187821,-12.10768102983));
#1010 = CARTESIAN_POINT('',(-4.841680619514,-12.15107178006));
#1011 = CARTESIAN_POINT('',(-4.950123469352,-12.19444847575));
#1012 = CARTESIAN_POINT('',(-5.058566742024,-12.23782649509));
#1013 = CARTESIAN_POINT('',(-5.167046383829,-12.28122128464));
#1014 = CARTESIAN_POINT('',(-5.275579160091,-12.32463476454));
#1015 = CARTESIAN_POINT('',(-5.409537067432,-12.37821656327));
#1016 = CARTESIAN_POINT('',(-5.435057938324,-12.38842450684));
#1017 = CARTESIAN_POINT('',(-5.460579020601,-12.39863249469));
#1018 = CARTESIAN_POINT('',(-5.486100093434,-12.40884051813));
#1019 = CARTESIAN_POINT('',(-5.51162104337,-12.41904858639));
#1020 = CARTESIAN_POINT('',(-5.537141864332,-12.42925672665));
#1021 = CARTESIAN_POINT('',(-5.562662657623,-12.43946498406));
#1022 = CARTESIAN_POINT('',(-5.675046486545,-12.48441872662));
#1023 = CARTESIAN_POINT('',(-5.761941481687,-12.5191772766));
#1024 = CARTESIAN_POINT('',(-5.848820262297,-12.55392777191));
#1025 = CARTESIAN_POINT('',(-5.93568491455,-12.58867293452));
#1026 = CARTESIAN_POINT('',(-6.022549459232,-12.62341904003));
#1027 = CARTESIAN_POINT('',(-6.10942797772,-12.65817114246));
#1028 = CARTESIAN_POINT('',(-6.196322690385,-12.69292984373));
#1029 = CARTESIAN_POINT('',(-6.28318530718,-12.72767545921));
#1030 = ( GEOMETRIC_REPRESENTATION_CONTEXT(2) 
PARAMETRIC_REPRESENTATION_CONTEXT() REPRESENTATION_CONTEXT('2D SPACE',''
  ) );
#1031 = ORIENTED_EDGE('',*,*,#1032,.F.);
#1032 = EDGE_CURVE('',#1033,#798,#1035,.T.);
#1033 = VERTEX_POINT('',#1034);
#1034 = CARTESIAN_POINT('',(5.,0.,-0.312150261972));
#1035 = SURFACE_CURVE('',#1036,(#1102,#1171),.PCURVE_S1.);
#1036 = B_SPLINE_CURVE_WITH_KNOTS('',8,(#1037,#1038,#1039,#1040,#1041,
    #1042,#1043,#1044,#1045,#1046,#1047,#1048,#1049,#1050,#1051,#1052,
    #1053,#1054,#1055,#1056,#1057,#1058,#1059,#1060,#1061,#1062,#1063,
    #1064,#1065,#1066,#1067,#1068,#1069,#1070,#1071,#1072,#1073,#1074,
    #1075,#1076,#1077,#1078,#1079,#1080,#1081,#1082,#1083,#1084,#1085,
    #1086,#1087,#1088,#1089,#1090,#1091,#1092,#1093,#1094,#1095,#1096,
    #1097,#1098,#1099,#1100,#1101),.UNSPECIFIED.,.F.,.F.,(9,7,7,7,7,7,7,
    7,7,9),(0.,0.14378062475,0.261195067078,0.405890848354,
    0.467264255183,0.529284781215,0.645370952093,0.77272061766,
    0.873742496825,1.),.UNSPECIFIED.);
#1037 = CARTESIAN_POINT('',(5.,1.7763568394E-15,-0.312150261972));
#1038 = CARTESIAN_POINT('',(5.,0.564480032472,-0.266992997546));
#1039 = CARTESIAN_POINT('',(4.927168281614,1.129537483432,
    -0.221789088098));
#1040 = CARTESIAN_POINT('',(4.781246442894,1.683290059247,
    -0.176610799255));
#1041 = CARTESIAN_POINT('',(4.564605676866,2.214839917085,
    -0.131447885458));
#1042 = CARTESIAN_POINT('',(4.281140722888,2.713974760652,
    -8.628401290633E-02));
#1043 = CARTESIAN_POINT('',(3.936458904886,3.171303139618,
    -4.110329285402E-02));
#1044 = CARTESIAN_POINT('',(3.537663694133,3.578207532495,
    4.10285875418E-03));
#1045 = CARTESIAN_POINT('',(2.732173145725,4.212804008479,
    8.613764904627E-02));
#1046 = CARTESIAN_POINT('',(2.339841496188,4.460065837583,0.123032734742
    ));
#1047 = CARTESIAN_POINT('',(1.922180996755,4.665348256472,0.159918275197
    ));
#1048 = CARTESIAN_POINT('',(1.484497315987,4.82572252674,0.19679582503)
  );
#1049 = CARTESIAN_POINT('',(1.032354264492,4.93907630985,0.233673349493)
  );
#1050 = CARTESIAN_POINT('',(0.571539870821,5.004034770759,0.270558707722
    ));
#1051 = CARTESIAN_POINT('',(0.108080002803,5.020041616885,0.307453593746
    ));
#1052 = CARTESIAN_POINT('',(-0.918431049526,4.947646347139,
    0.389779251833));
#1053 = CARTESIAN_POINT('',(-1.48052897996,4.834056026814,0.435275800449
    ));
#1054 = CARTESIAN_POINT('',(-2.025915235546,4.647420028798,
    0.480744534154));
#1055 = CARTESIAN_POINT('',(-2.543677760493,4.390958213646,
    0.526194953551));
#1056 = CARTESIAN_POINT('',(-3.023722850847,4.06939034693,0.571643838008
    ));
#1057 = CARTESIAN_POINT('',(-3.456935650045,3.689125795404,
    0.617110501267));
#1058 = CARTESIAN_POINT('',(-3.835097660037,3.258028063003,
    0.662606114965));
#1059 = CARTESIAN_POINT('',(-4.285948491888,2.586253152024,
    0.727330681797));
#1060 = CARTESIAN_POINT('',(-4.409213606158,2.378771974076,
    0.746608757731));
#1061 = CARTESIAN_POINT('',(-4.520981289865,2.164603185209,
    0.765886785711));
#1062 = CARTESIAN_POINT('',(-4.620831022117,1.94449482678,0.785164453993
    ));
#1063 = CARTESIAN_POINT('',(-4.708402886343,1.719220569554,
    0.804441895761));
#1064 = CARTESIAN_POINT('',(-4.783395940724,1.489578181644,
    0.823719265795));
#1065 = CARTESIAN_POINT('',(-4.845569868044,1.256389446006,
    0.842996399655));
#1066 = CARTESIAN_POINT('',(-4.944448494642,0.782126414439,
    0.881751958269));
#1067 = CARTESIAN_POINT('',(-4.980881359302,0.540977619283,
    0.901232014236));
#1068 = CARTESIAN_POINT('',(-5.00386483561,0.297928023255,0.92070984379)
  );
#1069 = CARTESIAN_POINT('',(-5.013288760053,5.38557951268E-02,
    0.940193883427));
#1070 = CARTESIAN_POINT('',(-5.009110449903,-0.190366012202,
    0.959671461233));
#1071 = CARTESIAN_POINT('',(-4.991353260638,-0.433853355885,
    0.979152856653));
#1072 = CARTESIAN_POINT('',(-4.960108972569,-0.675729458875,
    0.998633227058));
#1073 = CARTESIAN_POINT('',(-4.832127878023,-1.363180676161,
    1.054573770671));
#1074 = CARTESIAN_POINT('',(-4.70199636167,-1.802761884223,
    1.091051242262));
#1075 = CARTESIAN_POINT('',(-4.526192058306,-2.227866086276,
    1.127520983856));
#1076 = CARTESIAN_POINT('',(-4.306689614629,-2.632984637864,
    1.163984620785));
#1077 = CARTESIAN_POINT('',(-4.046168492669,-3.013025392176,
    1.200448411296));
#1078 = CARTESIAN_POINT('',(-3.747939360044,-3.363283500538,
    1.236918612562));
#1079 = CARTESIAN_POINT('',(-3.416002374781,-3.679490963276,
    1.273396715546));
#1080 = CARTESIAN_POINT('',(-2.659424441979,-4.263502463432,
    1.349856423725));
#1081 = CARTESIAN_POINT('',(-2.228462295152,-4.523982805599,
    1.389880215609));
#1082 = CARTESIAN_POINT('',(-1.768678190923,-4.734365141209,
    1.429889580454));
#1083 = CARTESIAN_POINT('',(-1.286949548795,-4.89111705216,
    1.469888720623));
#1084 = CARTESIAN_POINT('',(-0.790457206202,-4.991753969856,
    1.509888768481));
#1085 = CARTESIAN_POINT('',(-0.286674261289,-5.034905885717,
    1.549900125195));
#1086 = CARTESIAN_POINT('',(0.216675894274,-5.020263269879,
    1.589926126768));
#1087 = CARTESIAN_POINT('',(1.104166606451,-4.892660602512,
    1.661657922201));
#1088 = CARTESIAN_POINT('',(1.491755074254,-4.800606300555,
    1.693398430323));
#1089 = CARTESIAN_POINT('',(1.870405793358,-4.67347452259,1.725135401558
    ));
#1090 = CARTESIAN_POINT('',(2.236420501349,-4.51232680641,1.756867105538
    ));
#1091 = CARTESIAN_POINT('',(2.586305674002,-4.318654013384,
    1.788597660192));
#1092 = CARTESIAN_POINT('',(2.916766904813,-4.094336866068,1.82033166083
    ));
#1093 = CARTESIAN_POINT('',(3.224732654493,-3.8416684162,1.852068802713)
  );
#1094 = CARTESIAN_POINT('',(3.860695233862,-3.215705635073,1.9234543818)
  );
#1095 = CARTESIAN_POINT('',(4.174802186754,-2.827727507431,
    1.963134599841));
#1096 = CARTESIAN_POINT('',(4.444010720908,-2.40496150323,2.002801493147
    ));
#1097 = CARTESIAN_POINT('',(4.663991659403,-1.953570831103,
    2.042458975517));
#1098 = CARTESIAN_POINT('',(4.831379077491,-1.480150971891,
    2.082117307499));
#1099 = CARTESIAN_POINT('',(4.943833577505,-0.99172720512,2.1217861121)
  );
#1100 = CARTESIAN_POINT('',(5.,-0.495709400789,2.161468275391));
#1101 = CARTESIAN_POINT('',(5.,-2.6645352591E-15,2.20112556649));
#1102 = PCURVE('',#101,#1103);
#1103 = DEFINITIONAL_REPRESENTATION('',(#1104),#1170);
#1104 = B_SPLINE_CURVE_WITH_KNOTS('',8,(#1105,#1106,#1107,#1108,#1109,
    #1110,#1111,#1112,#1113,#1114,#1115,#1116,#1117,#1118,#1119,#1120,
    #1121,#1122,#1123,#1124,#1125,#1126,#1127,#1128,#1129,#1130,#1131,
    #1132,#1133,#1134,#1135,#1136,#1137,#1138,#1139,#1140,#1141,#1142,
    #1143,#1144,#1145,#1146,#1147,#1148,#1149,#1150,#1151,#1152,#1153,
    #1154,#1155,#1156,#1157,#1158,#1159,#1160,#1161,#1162,#1163,#1164,
    #1165,#1166,#1167,#1168,#1169),.UNSPECIFIED.,.F.,.F.,(9,7,7,7,7,7,7,
    7,7,9),(0.,0.14378062475,0.261195067078,0.405890848354,
    0.467264255183,0.529284781215,0.645370952093,0.77272061766,
    0.873742496825,1.),.UNSPECIFIED.);
#1105 = CARTESIAN_POINT('',(0.314254509246,20.301592044008));
#1106 = CARTESIAN_POINT('',(0.314251389095,20.423184201646));
#1107 = CARTESIAN_POINT('',(0.314249448531,20.544901008937));
#1108 = CARTESIAN_POINT('',(0.314250460169,20.666546463263));
#1109 = CARTESIAN_POINT('',(0.314255666432,20.788147155339));
#1110 = CARTESIAN_POINT('',(0.314262949207,20.909748763794));
#1111 = CARTESIAN_POINT('',(0.314268401753,21.031397203188));
#1112 = CARTESIAN_POINT('',(0.314270680774,21.153116663992));
#1113 = CARTESIAN_POINT('',(0.314269516283,21.374003030617));
#1114 = CARTESIAN_POINT('',(0.314267048397,21.473348068138));
#1115 = CARTESIAN_POINT('',(0.314262784114,21.572668844844));
#1116 = CARTESIAN_POINT('',(0.314257657167,21.671968797915));
#1117 = CARTESIAN_POINT('',(0.314253324418,21.771268045805));
#1118 = CARTESIAN_POINT('',(0.314251062864,21.870586725862));
#1119 = CARTESIAN_POINT('',(0.314250896819,21.969929379902));
#1120 = CARTESIAN_POINT('',(0.314253863544,22.19159561921));
#1121 = CARTESIAN_POINT('',(0.314257787001,22.314095679215));
#1122 = CARTESIAN_POINT('',(0.314262746536,22.436520014451));
#1123 = CARTESIAN_POINT('',(0.314266473704,22.55889602514));
#1124 = CARTESIAN_POINT('',(0.314264848198,22.681272195175));
#1125 = CARTESIAN_POINT('',(0.314261266724,22.803697804606));
#1126 = CARTESIAN_POINT('',(0.314260008684,22.92619950231));
#1127 = CARTESIAN_POINT('',(0.314260940631,23.100474984711));
#1128 = CARTESIAN_POINT('',(0.314261571117,23.15238228716));
#1129 = CARTESIAN_POINT('',(0.314262509091,23.204289213911));
#1130 = CARTESIAN_POINT('',(0.314263647539,23.256195011388));
#1131 = CARTESIAN_POINT('',(0.314264653151,23.308100305481));
#1132 = CARTESIAN_POINT('',(0.314265037062,23.360005904966));
#1133 = CARTESIAN_POINT('',(0.314264461034,23.411911638306));
#1134 = CARTESIAN_POINT('',(0.314262084659,23.516266079083));
#1135 = CARTESIAN_POINT('',(0.314261286146,23.568718375326));
#1136 = CARTESIAN_POINT('',(0.314254175933,23.621169738121));
#1137 = CARTESIAN_POINT('',(0.314262753752,23.673625241858));
#1138 = CARTESIAN_POINT('',(0.314262438283,23.726070478077));
#1139 = CARTESIAN_POINT('',(0.314263696776,23.778524731402));
#1140 = CARTESIAN_POINT('',(0.314263968148,23.830977016357));
#1141 = CARTESIAN_POINT('',(0.314263218185,23.981602141131));
#1142 = CARTESIAN_POINT('',(0.3142609528,24.07982255588));
#1143 = CARTESIAN_POINT('',(0.314258850413,24.178022026261));
#1144 = CARTESIAN_POINT('',(0.314259734234,24.276202664689));
#1145 = CARTESIAN_POINT('',(0.314262271992,24.37438239036));
#1146 = CARTESIAN_POINT('',(0.314263802887,24.472580184915));
#1147 = CARTESIAN_POINT('',(0.314264086767,24.570800255481));
#1148 = CARTESIAN_POINT('',(0.314261874265,24.776676094513));
#1149 = CARTESIAN_POINT('',(0.314259144342,24.884445641393));
#1150 = CARTESIAN_POINT('',(0.314254991582,24.99217748325));
#1151 = CARTESIAN_POINT('',(0.314250835986,25.099881796608));
#1152 = CARTESIAN_POINT('',(0.31424919948,25.207586533918));
#1153 = CARTESIAN_POINT('',(0.314250545798,25.315319329338));
#1154 = CARTESIAN_POINT('',(0.314253935791,25.423089918422));
#1155 = CARTESIAN_POINT('',(0.314261280989,25.616227798463));
#1156 = CARTESIAN_POINT('',(0.314264970775,25.701688773274));
#1157 = CARTESIAN_POINT('',(0.314268465987,25.787140380751));
#1158 = CARTESIAN_POINT('',(0.314270882679,25.872578670577));
#1159 = CARTESIAN_POINT('',(0.314271615799,25.958015215804));
#1160 = CARTESIAN_POINT('',(0.314270592083,26.043462448432));
#1161 = CARTESIAN_POINT('',(0.314268248161,26.1289191978));
#1162 = CARTESIAN_POINT('',(0.314261466597,26.321136190056));
#1163 = CARTESIAN_POINT('',(0.314256642818,26.427982315116));
#1164 = CARTESIAN_POINT('',(0.314252016186,26.534792404133));
#1165 = CARTESIAN_POINT('',(0.31424927457,26.641575641842));
#1166 = CARTESIAN_POINT('',(0.314249796399,26.748358550228));
#1167 = CARTESIAN_POINT('',(0.314252664468,26.855167775564));
#1168 = CARTESIAN_POINT('',(0.314256157438,26.962012469161));
#1169 = CARTESIAN_POINT('',(0.314259089275,27.068790642308));
#1170 = ( GEOMETRIC_REPRESENTATION_CONTEXT(2) 
PARAMETRIC_REPRESENTATION_CONTEXT() REPRESENTATION_CONTEXT('2D SPACE',''
  ) );
#1171 = PCURVE('',#1172,#1177);
#1172 = CYLINDRICAL_SURFACE('',#1173,5.);
#1173 = AXIS2_PLACEMENT_3D('',#1174,#1175,#1176);
#1174 = CARTESIAN_POINT('',(0.,0.,-8.013274122872));
#1175 = DIRECTION('',(-0.,-0.,-1.));
#1176 = DIRECTION('',(1.,0.,0.));
#1177 = DEFINITIONAL_REPRESENTATION('',(#1178),#1244);
#1178 = B_SPLINE_CURVE_WITH_KNOTS('',8,(#1179,#1180,#1181,#1182,#1183,
    #1184,#1185,#1186,#1187,#1188,#1189,#1190,#1191,#1192,#1193,#1194,
    #1195,#1196,#1197,#1198,#1199,#1200,#1201,#1202,#1203,#1204,#1205,
    #1206,#1207,#1208,#1209,#1210,#1211,#1212,#1213,#1214,#1215,#1216,
    #1217,#1218,#1219,#1220,#1221,#1222,#1223,#1224,#1225,#1226,#1227,
    #1228,#1229,#1230,#1231,#1232,#1233,#1234,#1235,#1236,#1237,#1238,
    #1239,#1240,#1241,#1242,#1243),.UNSPECIFIED.,.F.,.F.,(9,7,7,7,7,7,7,
    7,7,9),(0.,0.14378062475,0.261195067078,0.405890848354,
    0.467264255183,0.529284781215,0.645370952093,0.77272061766,
    0.873742496825,1.),.UNSPECIFIED.);
#1179 = CARTESIAN_POINT('',(0.,-7.7011238609));
#1180 = CARTESIAN_POINT('',(-0.112896006494,-7.746281125326));
#1181 = CARTESIAN_POINT('',(-0.225907278973,-7.791485034774));
#1182 = CARTESIAN_POINT('',(-0.3388517283,-7.836663323617));
#1183 = CARTESIAN_POINT('',(-0.451754339418,-7.881826237414));
#1184 = CARTESIAN_POINT('',(-0.564658195651,-7.926990109965));
#1185 = CARTESIAN_POINT('',(-0.677605932236,-7.972170830018));
#1186 = CARTESIAN_POINT('',(-0.790619770182,-8.017376981626));
#1187 = CARTESIAN_POINT('',(-0.995707820629,-8.099411771918));
#1188 = CARTESIAN_POINT('',(-1.087947436919,-8.136306857614));
#1189 = CARTESIAN_POINT('',(-1.180164396853,-8.173192398069));
#1190 = CARTESIAN_POINT('',(-1.272361778307,-8.210069947902));
#1191 = CARTESIAN_POINT('',(-1.364558320153,-8.246947472365));
#1192 = CARTESIAN_POINT('',(-1.456772931889,-8.283832830594));
#1193 = CARTESIAN_POINT('',(-1.549010055227,-8.320727716618));
#1194 = CARTESIAN_POINT('',(-1.754822204105,-8.403053374704));
#1195 = CARTESIAN_POINT('',(-1.868561244866,-8.44854992332));
#1196 = CARTESIAN_POINT('',(-1.98223057524,-8.494018657027));
#1197 = CARTESIAN_POINT('',(-2.095855420864,-8.539469076423));
#1198 = CARTESIAN_POINT('',(-2.209479999721,-8.58491796088));
#1199 = CARTESIAN_POINT('',(-2.323148607372,-8.630384624139));
#1200 = CARTESIAN_POINT('',(-2.436886747205,-8.675880237837));
#1201 = CARTESIAN_POINT('',(-2.598695029268,-8.740604804668));
#1202 = CARTESIAN_POINT('',(-2.646889043602,-8.759882880603));
#1203 = CARTESIAN_POINT('',(-2.695082823409,-8.779160908582));
#1204 = CARTESIAN_POINT('',(-2.743275780698,-8.798438576864));
#1205 = CARTESIAN_POINT('',(-2.791468603032,-8.817716018633));
#1206 = CARTESIAN_POINT('',(-2.839662098042,-8.836993388667));
#1207 = CARTESIAN_POINT('',(-2.887856048059,-8.856270522527));
#1208 = CARTESIAN_POINT('',(-2.984748236786,-8.89502608114));
#1209 = CARTESIAN_POINT('',(-3.033449949787,-8.914506137108));
#1210 = CARTESIAN_POINT('',(-3.082150822525,-8.933983966661));
#1211 = CARTESIAN_POINT('',(-3.130850460451,-8.953468006299));
#1212 = CARTESIAN_POINT('',(-3.179550783466,-8.972945584105));
#1213 = CARTESIAN_POINT('',(-3.228251675214,-8.992426979525));
#1214 = CARTESIAN_POINT('',(-3.27695345782,-9.01190734993));
#1215 = CARTESIAN_POINT('',(-3.416805999693,-9.067847893543));
#1216 = CARTESIAN_POINT('',(-3.508000658203,-9.104325365134));
#1217 = CARTESIAN_POINT('',(-3.599174646228,-9.140795106728));
#1218 = CARTESIAN_POINT('',(-3.690331177051,-9.177258743657));
#1219 = CARTESIAN_POINT('',(-3.781487670212,-9.213722534168));
#1220 = CARTESIAN_POINT('',(-3.872661792397,-9.250192735433));
#1221 = CARTESIAN_POINT('',(-3.963857185504,-9.286670838418));
#1222 = CARTESIAN_POINT('',(-4.155009439032,-9.363130546597));
#1223 = CARTESIAN_POINT('',(-4.255071998249,-9.403154338481));
#1224 = CARTESIAN_POINT('',(-4.355099502788,-9.443163703326));
#1225 = CARTESIAN_POINT('',(-4.455100917971,-9.483162843495));
#1226 = CARTESIAN_POINT('',(-4.555102123602,-9.523162891352));
#1227 = CARTESIAN_POINT('',(-4.655129104189,-9.563174248067));
#1228 = CARTESIAN_POINT('',(-4.755191144607,-9.60320024964));
#1229 = CARTESIAN_POINT('',(-4.934514562477,-9.674932045072));
#1230 = CARTESIAN_POINT('',(-5.013862882232,-9.706672553195));
#1231 = CARTESIAN_POINT('',(-5.093202641729,-9.738409524429));
#1232 = CARTESIAN_POINT('',(-5.172530175357,-9.77014122841));
#1233 = CARTESIAN_POINT('',(-5.25185616595,-9.801871783064));
#1234 = CARTESIAN_POINT('',(-5.331192057672,-9.833605783702));
#1235 = CARTESIAN_POINT('',(-5.410536678248,-9.865342925585));
#1236 = CARTESIAN_POINT('',(-5.589005477282,-9.936728504672));
#1237 = CARTESIAN_POINT('',(-5.688209330413,-9.976408722712));
#1238 = CARTESIAN_POINT('',(-5.787379530324,-10.01607561601));
#1239 = CARTESIAN_POINT('',(-5.886524713398,-10.05573309838));
#1240 = CARTESIAN_POINT('',(-5.985669831741,-10.09539143037));
#1241 = CARTESIAN_POINT('',(-6.084839939209,-10.13506023497));
#1242 = CARTESIAN_POINT('',(-6.184043427022,-10.17474239826));
#1243 = CARTESIAN_POINT('',(-6.28318530718,-10.21439968936));
#1244 = ( GEOMETRIC_REPRESENTATION_CONTEXT(2) 
PARAMETRIC_REPRESENTATION_CONTEXT() REPRESENTATION_CONTEXT('2D SPACE',''
  ) );
#1245 = ORIENTED_EDGE('',*,*,#1246,.F.);
#1246 = EDGE_CURVE('',#24,#1033,#1247,.T.);
#1247 = SURFACE_CURVE('',#1248,(#1328,#1411),.PCURVE_S1.);
#1248 = B_SPLINE_CURVE_WITH_KNOTS('',8,(#1249,#1250,#1251,#1252,#1253,
    #1254,#1255,#1256,#1257,#1258,#1259,#1260,#1261,#1262,#1263,#1264,
    #1265,#1266,#1267,#1268,#1269,#1270,#1271,#1272,#1273,#1274,#1275,
    #1276,#1277,#1278,#1279,#1280,#1281,#1282,#1283,#1284,#1285,#1286,
    #1287,#1288,#1289,#1290,#1291,#1292,#1293,#1294,#1295,#1296,#1297,
    #1298,#1299,#1300,#1301,#1302,#1303,#1304,#1305,#1306,#1307,#1308,
    #1309,#1310,#1311,#1312,#1313,#1314,#1315,#1316,#1317,#1318,#1319,
    #1320,#1321,#1322,#1323,#1324,#1325,#1326,#1327),.UNSPECIFIED.,.F.,
  .F.,(9,7,7,7,7,7,7,7,7,7,7,9),(0.,7.434355226677E-02,0.117514901985,
    0.240690448932,0.358655613624,0.452601431666,0.553078640665,
    0.650316170075,0.758657408315,0.79972121362,0.850504581121,1.),
  .UNSPECIFIED.);
#1249 = CARTESIAN_POINT('',(5.,0.,-2.825422255555));
#1250 = CARTESIAN_POINT('',(5.,0.291871307225,-2.802072262725));
#1251 = CARTESIAN_POINT('',(4.980528227476,0.583767919056,
    -2.778720085035));
#1252 = CARTESIAN_POINT('',(4.941578981017,0.874139961962,
    -2.755368402803));
#1253 = CARTESIAN_POINT('',(4.883300151457,1.161469606887,
    -2.732017544699));
#1254 = CARTESIAN_POINT('',(4.80597640378,1.444269538462,-2.708666823795
    ));
#1255 = CARTESIAN_POINT('',(4.710023131192,1.72108386548,-2.685315652928
    ));
#1256 = CARTESIAN_POINT('',(4.595991181361,1.990491472638,
    -2.661964439389));
#1257 = CARTESIAN_POINT('',(4.388273162773,2.402454216994,
    -2.625056374476));
#1258 = CARTESIAN_POINT('',(4.306096798198,2.550848271144,
    -2.611496765444));
#1259 = CARTESIAN_POINT('',(4.218190385465,2.696019264526,
    -2.597937771157));
#1260 = CARTESIAN_POINT('',(4.124705154032,2.837705520836,
    -2.584377974952));
#1261 = CARTESIAN_POINT('',(4.025803766322,2.97565863358,-2.570818340029
    ));
#1262 = CARTESIAN_POINT('',(3.921659783869,3.109641847702,
    -2.557259764475));
#1263 = CARTESIAN_POINT('',(3.812457393423,3.239428864135,
    -2.543700430963));
#1264 = CARTESIAN_POINT('',(3.372933548163,3.722526759847,
    -2.491450934859));
#1265 = CARTESIAN_POINT('',(3.007755251289,4.044468940586,
    -2.452740720549));
#1266 = CARTESIAN_POINT('',(2.607698521431,4.32515542297,-2.414042679575
    ));
#1267 = CARTESIAN_POINT('',(2.17829450284,4.560317372256,-2.375351859883
    ));
#1268 = CARTESIAN_POINT('',(1.725513248004,4.746543548501,
    -2.336660387813));
#1269 = CARTESIAN_POINT('',(1.255760804127,4.881330829654,
    -2.297960110411));
#1270 = CARTESIAN_POINT('',(0.775839510541,4.963059111519,
    -2.259248881076));
#1271 = CARTESIAN_POINT('',(-0.169304162943,5.018550646689,
    -2.183507728854));
#1272 = CARTESIAN_POINT('',(-0.634768048438,4.996761847505,
    -2.146437619012));
#1273 = CARTESIAN_POINT('',(-1.096955214469,4.925583943255,
    -2.109376910873));
#1274 = CARTESIAN_POINT('',(-1.549750690435,4.805657685934,
    -2.072324011079));
#1275 = CARTESIAN_POINT('',(-1.987297392774,4.638460598403,
    -2.035270974815));
#1276 = CARTESIAN_POINT('',(-2.403984396176,4.426218436258,
    -1.998209801304));
#1277 = CARTESIAN_POINT('',(-2.79448316193,4.171976502397,
    -1.961138690622));
#1278 = CARTESIAN_POINT('',(-3.440106788346,3.647152734533,
    -1.894574847592));
#1279 = CARTESIAN_POINT('',(-3.706766722225,3.390308313487,
    -1.865059544042));
#1280 = CARTESIAN_POINT('',(-3.951396233108,3.111269434474,
    -1.83554655192));
#1281 = CARTESIAN_POINT('',(-4.171865017893,2.812266101017,
    -1.806036671218));
#1282 = CARTESIAN_POINT('',(-4.366330989953,2.495733454762,
    -1.776527018139));
#1283 = CARTESIAN_POINT('',(-4.533227115821,2.164292766651,
    -1.747014664581));
#1284 = CARTESIAN_POINT('',(-4.671284668972,1.820756763627,
    -1.717500321502));
#1285 = CARTESIAN_POINT('',(-4.895431040884,1.091048199589,
    -1.656432309668));
#1286 = CARTESIAN_POINT('',(-4.977293157225,0.703396911578,
    -1.624865190064));
#1287 = CARTESIAN_POINT('',(-5.024008622716,0.308917990661,
    -1.593301818247));
#1288 = CARTESIAN_POINT('',(-5.034966493963,-8.866075562344E-02,
    -1.561742826627));
#1289 = CARTESIAN_POINT('',(-5.010017812155,-0.485607156787,
    -1.530183664388));
#1290 = CARTESIAN_POINT('',(-4.949442877957,-0.878196657318,
    -1.498619853479));
#1291 = CARTESIAN_POINT('',(-4.853983500363,-1.262725391764,
    -1.467052205311));
#1292 = CARTESIAN_POINT('',(-4.600057672052,-1.996303191346,
    -1.404949384566));
#1293 = CARTESIAN_POINT('',(-4.443661454219,-2.346271833402,
    -1.37439921212));
#1294 = CARTESIAN_POINT('',(-4.25687862142,-2.682092161285,
    -1.343851375506));
#1295 = CARTESIAN_POINT('',(-4.041241408358,-3.000700438908,
    -1.313307047655));
#1296 = CARTESIAN_POINT('',(-3.798613905097,-3.299268026103,
    -1.282762877181));
#1297 = CARTESIAN_POINT('',(-3.53116360087,-3.575193379651,
    -1.252215322534));
#1298 = CARTESIAN_POINT('',(-3.241377795603,-3.826125345163,
    -1.221665122873));
#1299 = CARTESIAN_POINT('',(-2.587557878107,-4.299476764767,
    -1.157090909667));
#1300 = CARTESIAN_POINT('',(-2.218612443131,-4.515521403181,
    -1.123047884458));
#1301 = CARTESIAN_POINT('',(-1.829240069749,-4.695230825936,
    -1.089010352198));
#1302 = CARTESIAN_POINT('',(-1.423658100705,-4.836415374218,
    -1.054977584014));
#1303 = CARTESIAN_POINT('',(-1.006268390768,-4.937482221213,
    -1.020944109242));
#1304 = CARTESIAN_POINT('',(-0.581631842959,-4.997387459965,
    -0.986905097872));
#1305 = CARTESIAN_POINT('',(-0.15447388323,-5.015685696255,
    -0.952861100317));
#1306 = CARTESIAN_POINT('',(0.431304607457,-4.983971658286,
    -0.905930923041));
#1307 = CARTESIAN_POINT('',(0.591986789963,-4.969321421303,
    -0.893032120308));
#1308 = CARTESIAN_POINT('',(0.752095196255,-4.948750958992,
    -0.880133246756));
#1309 = CARTESIAN_POINT('',(0.911375380701,-4.922286945857,
    -0.867234336196));
#1310 = CARTESIAN_POINT('',(1.069574011221,-4.889969155126,
    -0.85433523833));
#1311 = CARTESIAN_POINT('',(1.226439064246,-4.851850637488,
    -0.841435727113));
#1312 = CARTESIAN_POINT('',(1.381720066089,-4.807998209748,
    -0.828535909031));
#1313 = CARTESIAN_POINT('',(1.724937012718,-4.697270763865,
    -0.799684841048));
#1314 = CARTESIAN_POINT('',(1.911930603689,-4.627393950687,
    -0.783731452903));
#1315 = CARTESIAN_POINT('',(2.095673885651,-4.549014325964,
    -0.76777810133));
#1316 = CARTESIAN_POINT('',(2.275710155739,-4.462312377151,
    -0.751825347787));
#1317 = CARTESIAN_POINT('',(2.451600863903,-4.367495924575,
    -0.735873188514));
#1318 = CARTESIAN_POINT('',(2.622925200572,-4.264798478936,
    -0.719921262327));
#1319 = CARTESIAN_POINT('',(2.789279684322,-4.154477598814,
    -0.703969058428));
#1320 = CARTESIAN_POINT('',(3.424221766703,-3.690434458164,
    -0.641054083246));
#1321 = CARTESIAN_POINT('',(3.852272185223,-3.280036617697,
    -0.594033821375));
#1322 = CARTESIAN_POINT('',(4.223345150624,-2.813304789732,-0.5470459282
    ));
#1323 = CARTESIAN_POINT('',(4.529224668497,-2.299742083318,
    -0.500078297467));
#1324 = CARTESIAN_POINT('',(4.763368166338,-1.749756074436,
    -0.453113197717));
#1325 = CARTESIAN_POINT('',(4.921232958453,-1.174771660027,
    -0.406128905827));
#1326 = CARTESIAN_POINT('',(5.,-0.587030010104,-0.359111479141));
#1327 = CARTESIAN_POINT('',(5.,1.7763568394E-15,-0.312150261972));
#1328 = PCURVE('',#101,#1329);
#1329 = DEFINITIONAL_REPRESENTATION('',(#1330),#1410);
#1330 = B_SPLINE_CURVE_WITH_KNOTS('',8,(#1331,#1332,#1333,#1334,#1335,
    #1336,#1337,#1338,#1339,#1340,#1341,#1342,#1343,#1344,#1345,#1346,
    #1347,#1348,#1349,#1350,#1351,#1352,#1353,#1354,#1355,#1356,#1357,
    #1358,#1359,#1360,#1361,#1362,#1363,#1364,#1365,#1366,#1367,#1368,
    #1369,#1370,#1371,#1372,#1373,#1374,#1375,#1376,#1377,#1378,#1379,
    #1380,#1381,#1382,#1383,#1384,#1385,#1386,#1387,#1388,#1389,#1390,
    #1391,#1392,#1393,#1394,#1395,#1396,#1397,#1398,#1399,#1400,#1401,
    #1402,#1403,#1404,#1405,#1406,#1407,#1408,#1409),.UNSPECIFIED.,.F.,
  .F.,(9,7,7,7,7,7,7,7,7,7,7,9),(0.,7.434355226677E-02,0.117514901985,
    0.240690448932,0.358655613624,0.452601431666,0.553078640665,
    0.650316170075,0.758657408315,0.79972121362,0.850504581121,1.),
  .UNSPECIFIED.);
#1331 = CARTESIAN_POINT('',(0.314260569213,13.534395239216));
#1332 = CARTESIAN_POINT('',(0.314260404482,13.597267151132));
#1333 = CARTESIAN_POINT('',(0.314260720973,13.66014456007));
#1334 = CARTESIAN_POINT('',(0.314261567342,13.723020210037));
#1335 = CARTESIAN_POINT('',(0.314263025969,13.785893150003));
#1336 = CARTESIAN_POINT('',(0.314264617551,13.848765613933));
#1337 = CARTESIAN_POINT('',(0.314265364136,13.911639967028));
#1338 = CARTESIAN_POINT('',(0.314264510576,13.974515718174));
#1339 = CARTESIAN_POINT('',(0.314261971716,14.073895760221));
#1340 = CARTESIAN_POINT('',(0.314261175169,14.110406763649));
#1341 = CARTESIAN_POINT('',(0.314258663603,14.1469174871));
#1342 = CARTESIAN_POINT('',(0.31425872129,14.183428309502));
#1343 = CARTESIAN_POINT('',(0.314260574241,14.219937258012));
#1344 = CARTESIAN_POINT('',(0.314261546873,14.256444060009));
#1345 = CARTESIAN_POINT('',(0.314262448986,14.292952959423));
#1346 = CARTESIAN_POINT('',(0.314264853243,14.433637105251));
#1347 = CARTESIAN_POINT('',(0.314264218861,14.537868055855));
#1348 = CARTESIAN_POINT('',(0.314259357292,14.642069618534));
#1349 = CARTESIAN_POINT('',(0.314258633616,14.746248419118));
#1350 = CARTESIAN_POINT('',(0.314260474443,14.850426919832));
#1351 = CARTESIAN_POINT('',(0.31426271042,14.954628812744));
#1352 = CARTESIAN_POINT('',(0.314263806961,15.058861108355));
#1353 = CARTESIAN_POINT('',(0.314263159596,15.262800921177));
#1354 = CARTESIAN_POINT('',(0.314261537322,15.362616547537));
#1355 = CARTESIAN_POINT('',(0.314258302439,15.46240815219));
#1356 = CARTESIAN_POINT('',(0.314254230236,15.562179403681));
#1357 = CARTESIAN_POINT('',(0.314251056525,15.661950302125));
#1358 = CARTESIAN_POINT('',(0.31425010011,15.761741332723));
#1359 = CARTESIAN_POINT('',(0.314251237832,15.861557440687));
#1360 = CARTESIAN_POINT('',(0.31425591317,16.040782323985));
#1361 = CARTESIAN_POINT('',(0.314258905058,16.120252311766));
#1362 = CARTESIAN_POINT('',(0.314262511496,16.199715583026));
#1363 = CARTESIAN_POINT('',(0.314266070199,16.27917051481));
#1364 = CARTESIAN_POINT('',(0.314268887482,16.358625428246));
#1365 = CARTESIAN_POINT('',(0.314270468724,16.438088604125));
#1366 = CARTESIAN_POINT('',(0.314270653027,16.517558257158));
#1367 = CARTESIAN_POINT('',(0.314268581547,16.681990572362));
#1368 = CARTESIAN_POINT('',(0.314266160273,16.766989584761));
#1369 = CARTESIAN_POINT('',(0.314262557608,16.851979453292));
#1370 = CARTESIAN_POINT('',(0.314258494658,16.936957896886));
#1371 = CARTESIAN_POINT('',(0.314254854852,17.021936460564));
#1372 = CARTESIAN_POINT('',(0.31425236824,17.106926616422));
#1373 = CARTESIAN_POINT('',(0.314251369522,17.191925911275));
#1374 = CARTESIAN_POINT('',(0.314251881694,17.359142462912));
#1375 = CARTESIAN_POINT('',(0.314253309918,17.441400174373));
#1376 = CARTESIAN_POINT('',(0.31425582175,17.523650727467));
#1377 = CARTESIAN_POINT('',(0.314258784041,17.605891471706));
#1378 = CARTESIAN_POINT('',(0.314261408638,17.68813206299));
#1379 = CARTESIAN_POINT('',(0.314263073045,17.770382536414));
#1380 = CARTESIAN_POINT('',(0.314263576314,17.852641062875));
#1381 = CARTESIAN_POINT('',(0.314263055936,18.026512870369));
#1382 = CARTESIAN_POINT('',(0.314261809709,18.11817752036));
#1383 = CARTESIAN_POINT('',(0.314260184087,18.209827684375));
#1384 = CARTESIAN_POINT('',(0.314258923217,18.301464728222));
#1385 = CARTESIAN_POINT('',(0.31425996304,18.39310182969));
#1386 = CARTESIAN_POINT('',(0.314263171773,18.484752099654));
#1387 = CARTESIAN_POINT('',(0.314264889042,18.576416991346));
#1388 = CARTESIAN_POINT('',(0.314264162289,18.702780943659));
#1389 = CARTESIAN_POINT('',(0.314263556881,18.737512518402));
#1390 = CARTESIAN_POINT('',(0.314262911786,18.772244315655));
#1391 = CARTESIAN_POINT('',(0.314261670816,18.806976690387));
#1392 = CARTESIAN_POINT('',(0.314260003191,18.841709911592));
#1393 = CARTESIAN_POINT('',(0.314259059114,18.876443665564));
#1394 = CARTESIAN_POINT('',(0.314259833338,18.911176867892));
#1395 = CARTESIAN_POINT('',(0.314261630297,18.988859304881));
#1396 = CARTESIAN_POINT('',(0.314262976105,19.031814037871));
#1397 = CARTESIAN_POINT('',(0.314263932335,19.074768984795));
#1398 = CARTESIAN_POINT('',(0.314264252849,19.117722831251));
#1399 = CARTESIAN_POINT('',(0.314264020139,19.160675521221));
#1400 = CARTESIAN_POINT('',(0.314263478257,19.20362783151));
#1401 = CARTESIAN_POINT('',(0.314262865747,19.2465809462));
#1402 = CARTESIAN_POINT('',(0.314260431781,19.415986653096));
#1403 = CARTESIAN_POINT('',(0.314258751061,19.542593930589));
#1404 = CARTESIAN_POINT('',(0.314260982807,19.669110915294));
#1405 = CARTESIAN_POINT('',(0.314266501192,19.795570706156));
#1406 = CARTESIAN_POINT('',(0.314265936322,19.92202856028));
#1407 = CARTESIAN_POINT('',(0.314262300891,20.048540553128));
#1408 = CARTESIAN_POINT('',(0.314257754042,20.175142495005));
#1409 = CARTESIAN_POINT('',(0.314254509246,20.301592044008));
#1410 = ( GEOMETRIC_REPRESENTATION_CONTEXT(2) 
PARAMETRIC_REPRESENTATION_CONTEXT() REPRESENTATION_CONTEXT('2D SPACE',''
  ) );
#1411 = PCURVE('',#1412,#1417);
#1412 = CYLINDRICAL_SURFACE('',#1413,5.);
#1413 = AXIS2_PLACEMENT_3D('',#1414,#1415,#1416);
#1414 = CARTESIAN_POINT('',(0.,0.,-8.013274122872));
#1415 = DIRECTION('',(-0.,-0.,-1.));
#1416 = DIRECTION('',(1.,0.,0.));
#1417 = DEFINITIONAL_REPRESENTATION('',(#1418),#1498);
#1418 = B_SPLINE_CURVE_WITH_KNOTS('',8,(#1419,#1420,#1421,#1422,#1423,
    #1424,#1425,#1426,#1427,#1428,#1429,#1430,#1431,#1432,#1433,#1434,
    #1435,#1436,#1437,#1438,#1439,#1440,#1441,#1442,#1443,#1444,#1445,
    #1446,#1447,#1448,#1449,#1450,#1451,#1452,#1453,#1454,#1455,#1456,
    #1457,#1458,#1459,#1460,#1461,#1462,#1463,#1464,#1465,#1466,#1467,
    #1468,#1469,#1470,#1471,#1472,#1473,#1474,#1475,#1476,#1477,#1478,
    #1479,#1480,#1481,#1482,#1483,#1484,#1485,#1486,#1487,#1488,#1489,
    #1490,#1491,#1492,#1493,#1494,#1495,#1496,#1497),.UNSPECIFIED.,.F.,
  .F.,(9,7,7,7,7,7,7,7,7,7,7,9),(0.,7.434355226677E-02,0.117514901985,
    0.240690448932,0.358655613624,0.452601431666,0.553078640665,
    0.650316170075,0.758657408315,0.79972121362,0.850504581121,1.),
  .UNSPECIFIED.);
#1419 = CARTESIAN_POINT('',(0.,-5.187851867317));
#1420 = CARTESIAN_POINT('',(-5.8374261445E-02,-5.211201860147));
#1421 = CARTESIAN_POINT('',(-0.116753527263,-5.234554037836));
#1422 = CARTESIAN_POINT('',(-0.175131191277,-5.257905720069));
#1423 = CARTESIAN_POINT('',(-0.233506563244,-5.281256578172));
#1424 = CARTESIAN_POINT('',(-0.291881943107,-5.304607299077));
#1425 = CARTESIAN_POINT('',(-0.350259688517,-5.327958469944));
#1426 = CARTESIAN_POINT('',(-0.408639275617,-5.351309683482));
#1427 = CARTESIAN_POINT('',(-0.50091279901,-5.388217748396));
#1428 = CARTESIAN_POINT('',(-0.534813025263,-5.401777357428));
#1429 = CARTESIAN_POINT('',(-0.568712983524,-5.415336351715));
#1430 = CARTESIAN_POINT('',(-0.602611705703,-5.42889614792));
#1431 = CARTESIAN_POINT('',(-0.636509301229,-5.442455782843));
#1432 = CARTESIAN_POINT('',(-0.670406521481,-5.456014358397));
#1433 = CARTESIAN_POINT('',(-0.704304430489,-5.469573691909));
#1434 = CARTESIAN_POINT('',(-0.834928285492,-5.521823188013));
#1435 = CARTESIAN_POINT('',(-0.931705086036,-5.560533402323));
#1436 = CARTESIAN_POINT('',(-1.02845235675,-5.599231443296));
#1437 = CARTESIAN_POINT('',(-1.125177557091,-5.63792226299));
#1438 = CARTESIAN_POINT('',(-1.221903112969,-5.676613735058));
#1439 = CARTESIAN_POINT('',(-1.318651304195,-5.715314012461));
#1440 = CARTESIAN_POINT('',(-1.41542853649,-5.754025241796));
#1441 = CARTESIAN_POINT('',(-1.604782794324,-5.829766394018));
#1442 = CARTESIAN_POINT('',(-1.697460157052,-5.86683650386));
#1443 = CARTESIAN_POINT('',(-1.790115390479,-5.903897211999));
#1444 = CARTESIAN_POINT('',(-1.882751446478,-5.940950111793));
#1445 = CARTESIAN_POINT('',(-1.975386690964,-5.978003148057));
#1446 = CARTESIAN_POINT('',(-2.068040228598,-6.015064321568));
#1447 = CARTESIAN_POINT('',(-2.160716857177,-6.05213543225));
#1448 = CARTESIAN_POINT('',(-2.32712236842,-6.118699275279));
#1449 = CARTESIAN_POINT('',(-2.400908100604,-6.14821457883));
#1450 = CARTESIAN_POINT('',(-2.474687651837,-6.177727570952));
#1451 = CARTESIAN_POINT('',(-2.548459579283,-6.207237451653));
#1452 = CARTESIAN_POINT('',(-2.622231620261,-6.236747104733));
#1453 = CARTESIAN_POINT('',(-2.696011417689,-6.266259458291));
#1454 = CARTESIAN_POINT('',(-2.769797238175,-6.29577380137));
#1455 = CARTESIAN_POINT('',(-2.922468936204,-6.356841813203));
#1456 = CARTESIAN_POINT('',(-3.001388557802,-6.388408932808));
#1457 = CARTESIAN_POINT('',(-3.080299579692,-6.419972304625));
#1458 = CARTESIAN_POINT('',(-3.159199839742,-6.451531296245));
#1459 = CARTESIAN_POINT('',(-3.238100087174,-6.483090458484));
#1460 = CARTESIAN_POINT('',(-3.317011080913,-6.514654269393));
#1461 = CARTESIAN_POINT('',(-3.395930680683,-6.546221917561));
#1462 = CARTESIAN_POINT('',(-3.55118720574,-6.608324738306));
#1463 = CARTESIAN_POINT('',(-3.627561681419,-6.638874910752));
#1464 = CARTESIAN_POINT('',(-3.703929755373,-6.669422747366));
#1465 = CARTESIAN_POINT('',(-3.780288995062,-6.699967075217));
#1466 = CARTESIAN_POINT('',(-3.856648280551,-6.730511245691));
#1467 = CARTESIAN_POINT('',(-3.933016730082,-6.761058800338));
#1468 = CARTESIAN_POINT('',(-4.009392408549,-6.791608999999));
#1469 = CARTESIAN_POINT('',(-4.17082871809,-6.856183213205));
#1470 = CARTESIAN_POINT('',(-4.255936952633,-6.890226238413));
#1471 = CARTESIAN_POINT('',(-4.34103111118,-6.924263770674));
#1472 = CARTESIAN_POINT('',(-4.426112423681,-6.958296538858));
#1473 = CARTESIAN_POINT('',(-4.511193484626,-6.99233001363));
#1474 = CARTESIAN_POINT('',(-4.596287322575,-7.026369024999));
#1475 = CARTESIAN_POINT('',(-4.681396154028,-7.060413022555));
#1476 = CARTESIAN_POINT('',(-4.798723426281,-7.107343199831));
#1477 = CARTESIAN_POINT('',(-4.830971267783,-7.120242002564));
#1478 = CARTESIAN_POINT('',(-4.863219634145,-7.133140876116));
#1479 = CARTESIAN_POINT('',(-4.89546852161,-7.146039786676));
#1480 = CARTESIAN_POINT('',(-4.927717853496,-7.158938884542));
#1481 = CARTESIAN_POINT('',(-4.959967340071,-7.171838395759));
#1482 = CARTESIAN_POINT('',(-4.992216317525,-7.184738213841));
#1483 = CARTESIAN_POINT('',(-5.064343549477,-7.213589281823));
#1484 = CARTESIAN_POINT('',(-5.104226745347,-7.229542669968));
#1485 = CARTESIAN_POINT('',(-5.144110107186,-7.245496021542));
#1486 = CARTESIAN_POINT('',(-5.183992266425,-7.261448775084));
#1487 = CARTESIAN_POINT('',(-5.223873110818,-7.277400934358));
#1488 = CARTESIAN_POINT('',(-5.263753362835,-7.293352860544));
#1489 = CARTESIAN_POINT('',(-5.303634158063,-7.309305064444));
#1490 = CARTESIAN_POINT('',(-5.460922108569,-7.372220039626));
#1491 = CARTESIAN_POINT('',(-5.578471677096,-7.419240301496));
#1492 = CARTESIAN_POINT('',(-5.695937236839,-7.466228194672));
#1493 = CARTESIAN_POINT('',(-5.813352009322,-7.513195825404));
#1494 = CARTESIAN_POINT('',(-5.93076643209,-7.560160925155));
#1495 = CARTESIAN_POINT('',(-6.048231300747,-7.607145217045));
#1496 = CARTESIAN_POINT('',(-6.165779305159,-7.654162643731));
#1497 = CARTESIAN_POINT('',(-6.28318530718,-7.7011238609));
#1498 = ( GEOMETRIC_REPRESENTATION_CONTEXT(2) 
PARAMETRIC_REPRESENTATION_CONTEXT() REPRESENTATION_CONTEXT('2D SPACE',''
  ) );
#1499 = ADVANCED_FACE('',(#1500),#310,.T.);
#1500 = FACE_BOUND('',#1501,.F.);
#1501 = EDGE_LOOP('',(#1502,#1846,#1872,#1873));
#1502 = ORIENTED_EDGE('',*,*,#1503,.F.);
#1503 = EDGE_CURVE('',#1504,#1506,#1508,.T.);
#1504 = VERTEX_POINT('',#1505);
#1505 = CARTESIAN_POINT('',(-2.510148439471,-4.32425192706,-4.5));
#1506 = VERTEX_POINT('',#1507);
#1507 = CARTESIAN_POINT('',(5.,0.,-3.661304577113));
#1508 = SURFACE_CURVE('',#1509,(#1575,#1644),.PCURVE_S1.);
#1509 = B_SPLINE_CURVE_WITH_KNOTS('',8,(#1510,#1511,#1512,#1513,#1514,
    #1515,#1516,#1517,#1518,#1519,#1520,#1521,#1522,#1523,#1524,#1525,
    #1526,#1527,#1528,#1529,#1530,#1531,#1532,#1533,#1534,#1535,#1536,
    #1537,#1538,#1539,#1540,#1541,#1542,#1543,#1544,#1545,#1546,#1547,
    #1548,#1549,#1550,#1551,#1552,#1553,#1554,#1555,#1556,#1557,#1558,
    #1559,#1560,#1561,#1562,#1563,#1564,#1565,#1566,#1567,#1568,#1569,
    #1570,#1571,#1572,#1573,#1574),.UNSPECIFIED.,.F.,.F.,(9,7,7,7,7,7,7,
    7,7,9),(0.,9.53807485785E-02,0.249606304661,0.37003849392,
    0.515433544365,0.671336443778,0.730064408052,0.790435103896,
    0.89222522868,1.),.UNSPECIFIED.);
#1510 = CARTESIAN_POINT('',(5.,-1.7763568394E-15,-6.174577703842));
#1511 = CARTESIAN_POINT('',(5.,0.374455389937,-6.144621443027));
#1512 = CARTESIAN_POINT('',(4.967950211303,0.748978184159,
    -6.114662230339));
#1513 = CARTESIAN_POINT('',(4.903831858596,1.120258586349,
    -6.084704404709));
#1514 = CARTESIAN_POINT('',(4.808056722995,1.485098567723,
    -6.054748378641));
#1515 = CARTESIAN_POINT('',(4.681397064694,1.840400491322,
    -6.024791790938));
#1516 = CARTESIAN_POINT('',(4.524961050027,2.183169435164,
    -5.994831930022));
#1517 = CARTESIAN_POINT('',(4.340213682978,2.510529214236,
    -5.964869427841));
#1518 = CARTESIAN_POINT('',(3.787591959675,3.319748929116,
    -5.886475649629));
#1519 = CARTESIAN_POINT('',(3.376473488486,3.773181858311,
    -5.837972120591));
#1520 = CARTESIAN_POINT('',(2.903741858496,4.167547110959,
    -5.789508497144));
#1521 = CARTESIAN_POINT('',(2.379630626483,4.493586586153,
    -5.741066841445));
#1522 = CARTESIAN_POINT('',(1.815410331475,4.743885000963,
    -5.692623540912));
#1523 = CARTESIAN_POINT('',(1.223547765022,4.91329037727,-5.644157649808
    ));
#1524 = CARTESIAN_POINT('',(0.617443636776,4.998534826692,
    -5.595652741532));
#1525 = CARTESIAN_POINT('',(-0.460814696842,5.001118565839,
    -5.50939228413));
#1526 = CARTESIAN_POINT('',(-0.933977638786,4.951156954747,
    -5.471549603653));
#1527 = CARTESIAN_POINT('',(-1.400694606582,4.849998520002,
    -5.433717616658));
#1528 = CARTESIAN_POINT('',(-1.854515874769,4.698716472303,
    -5.395894260953));
#1529 = CARTESIAN_POINT('',(-2.289325445326,4.499268234189,
    -5.35807074936));
#1530 = CARTESIAN_POINT('',(-2.699320290284,4.25440188719,
    -5.320238326912));
#1531 = CARTESIAN_POINT('',(-3.079058239805,3.967737318198,
    -5.282394967117));
#1532 = CARTESIAN_POINT('',(-3.839632928928,3.253157129095,
    -5.198905510072));
#1533 = CARTESIAN_POINT('',(-4.20509979084,2.807607294489,
    -5.153189403164));
#1534 = CARTESIAN_POINT('',(-4.51084753868,2.315588601943,
    -5.107501671403));
#1535 = CARTESIAN_POINT('',(-4.75037309435,1.786640359806,
    -5.061832694716));
#1536 = CARTESIAN_POINT('',(-4.918784192582,1.230949590887,
    -5.016165523276));
#1537 = CARTESIAN_POINT('',(-5.013051768607,0.659402677691,
    -4.970481778683));
#1538 = CARTESIAN_POINT('',(-5.031784356994,8.345196138204E-02,
    -4.92476967074));
#1539 = CARTESIAN_POINT('',(-4.917126030323,-1.093839949034,
    -4.830143542871));
#1540 = CARTESIAN_POINT('',(-4.772487720128,-1.695601526836,
    -4.781109092919));
#1541 = CARTESIAN_POINT('',(-4.543604436426,-2.274572425112,
    -4.73211548192));
#1542 = CARTESIAN_POINT('',(-4.235197722981,-2.817297362961,
    -4.683144537993));
#1543 = CARTESIAN_POINT('',(-3.85383586801,-3.311488399109,
    -4.634172227685));
#1544 = CARTESIAN_POINT('',(-3.408314600955,-3.746342100053,
    -4.585180143366));
#1545 = CARTESIAN_POINT('',(-2.909216843946,-4.112307222191,
    -4.536145858922));
#1546 = CARTESIAN_POINT('',(-2.167300455609,-4.511758665852,
    -4.468736729135));
#1547 = CARTESIAN_POINT('',(-1.958527099567,-4.610363873226,
    -4.450290961223));
#1548 = CARTESIAN_POINT('',(-1.744654018229,-4.697913222836,
    -4.431847107614));
#1549 = CARTESIAN_POINT('',(-1.526372016327,-4.774100914965,
    -4.413398601944));
#1550 = CARTESIAN_POINT('',(-1.304377412144,-4.838677476395,
    -4.394959137348));
#1551 = CARTESIAN_POINT('',(-1.079391676258,-4.89144052121,
    -4.376513935525));
#1552 = CARTESIAN_POINT('',(-0.852143100876,-4.932242153213,
    -4.35806978686));
#1553 = CARTESIAN_POINT('',(-0.388210683677,-4.990537904982,
    -4.320663874188));
#1554 = CARTESIAN_POINT('',(-0.151440527833,-5.007348194842,
    -4.301702355737));
#1555 = CARTESIAN_POINT('',(8.612250696031E-02,-5.011316215176,
    -4.282740744274));
#1556 = CARTESIAN_POINT('',(0.323667484106,-5.002403320489,
    -4.263779036448));
#1557 = CARTESIAN_POINT('',(0.560384410284,-4.980631089375,
    -4.244816996379));
#1558 = CARTESIAN_POINT('',(0.795464875237,-4.946080731206,
    -4.225854498997));
#1559 = CARTESIAN_POINT('',(1.028103002564,-4.89889567584,
    -4.206891947239));
#1560 = CARTESIAN_POINT('',(1.644274003525,-4.738782636053,
    -4.155960594976));
#1561 = CARTESIAN_POINT('',(2.021983387199,-4.602919222301,
    -4.123981655166));
#1562 = CARTESIAN_POINT('',(2.386689213097,-4.432683917599,
    -4.09200646619));
#1563 = CARTESIAN_POINT('',(2.734757361218,-4.229577972969,
    -4.060035949439));
#1564 = CARTESIAN_POINT('',(3.06280925544,-3.995518265026,-4.02806532298
    ));
#1565 = CARTESIAN_POINT('',(3.367713292481,-3.732798935769,
    -3.996089847743));
#1566 = CARTESIAN_POINT('',(3.646613685341,-3.444113485118,
    -3.964110422118));
#1567 = CARTESIAN_POINT('',(4.162100772278,-2.802848223652,
    -3.898287902105));
#1568 = CARTESIAN_POINT('',(4.395392997769,-2.447314049393,
    -3.864425913665));
#1569 = CARTESIAN_POINT('',(4.593817190249,-2.069768432283,
    -3.830569837959));
#1570 = CARTESIAN_POINT('',(4.755011695122,-1.6742411423,-3.796719187633
    ));
#1571 = CARTESIAN_POINT('',(4.877185489913,-1.264974418263,
    -3.762869052822));
#1572 = CARTESIAN_POINT('',(4.959076319541,-0.846396989541,
    -3.729014312381));
#1573 = CARTESIAN_POINT('',(4.999999999646,-0.423130118449,
    -3.69515399564));
#1574 = CARTESIAN_POINT('',(5.,-8.881784197001E-16,-3.661304577113));
#1575 = PCURVE('',#310,#1576);
#1576 = DEFINITIONAL_REPRESENTATION('',(#1577),#1643);
#1577 = B_SPLINE_CURVE_WITH_KNOTS('',8,(#1578,#1579,#1580,#1581,#1582,
    #1583,#1584,#1585,#1586,#1587,#1588,#1589,#1590,#1591,#1592,#1593,
    #1594,#1595,#1596,#1597,#1598,#1599,#1600,#1601,#1602,#1603,#1604,
    #1605,#1606,#1607,#1608,#1609,#1610,#1611,#1612,#1613,#1614,#1615,
    #1616,#1617,#1618,#1619,#1620,#1621,#1622,#1623,#1624,#1625,#1626,
    #1627,#1628,#1629,#1630,#1631,#1632,#1633,#1634,#1635,#1636,#1637,
    #1638,#1639,#1640,#1641,#1642),.UNSPECIFIED.,.F.,.F.,(9,7,7,7,7,7,7,
    7,7,9),(0.,9.53807485785E-02,0.249606304661,0.37003849392,
    0.515433544365,0.671336443778,0.730064408052,0.790435103896,
    0.89222522868,1.),.UNSPECIFIED.);
#1578 = CARTESIAN_POINT('',(0.,-1.83869641903));
#1579 = CARTESIAN_POINT('',(-7.489107798734E-02,-1.868652679845));
#1580 = CARTESIAN_POINT('',(-0.149795323247,-1.898611892533));
#1581 = CARTESIAN_POINT('',(-0.224692266843,-1.928569718163));
#1582 = CARTESIAN_POINT('',(-0.299580865863,-1.958525744231));
#1583 = CARTESIAN_POINT('',(-0.374469751782,-1.988482331934));
#1584 = CARTESIAN_POINT('',(-0.449367369972,-2.01844219285));
#1585 = CARTESIAN_POINT('',(-0.524272010341,-2.048404695031));
#1586 = CARTESIAN_POINT('',(-0.720254388735,-2.126798473242));
#1587 = CARTESIAN_POINT('',(-0.841513827309,-2.175302002281));
#1588 = CARTESIAN_POINT('',(-0.962675537388,-2.223765625728));
#1589 = CARTESIAN_POINT('',(-1.083780059253,-2.272207281427));
#1590 = CARTESIAN_POINT('',(-1.204884734094,-2.32065058196));
#1591 = CARTESIAN_POINT('',(-1.326046336405,-2.369116473064));
#1592 = CARTESIAN_POINT('',(-1.4473072495,-2.417621381339));
#1593 = CARTESIAN_POINT('',(-1.662959535342,-2.503881838742));
#1594 = CARTESIAN_POINT('',(-1.757567946666,-2.541724519218));
#1595 = CARTESIAN_POINT('',(-1.852150892934,-2.579556506214));
#1596 = CARTESIAN_POINT('',(-1.946712963366,-2.617379861919));
#1597 = CARTESIAN_POINT('',(-2.041274837446,-2.655203373512));
#1598 = CARTESIAN_POINT('',(-2.135857302812,-2.69303579596));
#1599 = CARTESIAN_POINT('',(-2.230465312897,-2.730879155755));
#1600 = CARTESIAN_POINT('',(-2.43918509676,-2.8143686128));
#1601 = CARTESIAN_POINT('',(-2.553471268187,-2.860084719708));
#1602 = CARTESIAN_POINT('',(-2.667685333637,-2.905772451469));
#1603 = CARTESIAN_POINT('',(-2.781853302786,-2.951441428155));
#1604 = CARTESIAN_POINT('',(-2.896020582988,-2.997108599596));
#1605 = CARTESIAN_POINT('',(-3.010232820724,-3.042792344188));
#1606 = CARTESIAN_POINT('',(-3.124517109899,-3.088504452131));
#1607 = CARTESIAN_POINT('',(-3.361089532147,-3.183130580001));
#1608 = CARTESIAN_POINT('',(-3.483678687336,-3.232165029952));
#1609 = CARTESIAN_POINT('',(-3.606162676069,-3.281158640952));
#1610 = CARTESIAN_POINT('',(-3.728586345599,-3.330129584879));
#1611 = CARTESIAN_POINT('',(-3.85100947929,-3.379101895187));
#1612 = CARTESIAN_POINT('',(-3.973492347057,-3.428093979506));
#1613 = CARTESIAN_POINT('',(-4.096080165708,-3.47712826395));
#1614 = CARTESIAN_POINT('',(-4.264603325319,-3.544537393737));
#1615 = CARTESIAN_POINT('',(-4.310716954982,-3.562983161649));
#1616 = CARTESIAN_POINT('',(-4.356829816482,-3.581427015257));
#1617 = CARTESIAN_POINT('',(-4.402940712409,-3.599875520928));
#1618 = CARTESIAN_POINT('',(-4.449051680153,-3.618314985524));
#1619 = CARTESIAN_POINT('',(-4.495162806366,-3.636760187347));
#1620 = CARTESIAN_POINT('',(-4.541275296106,-3.655204336012));
#1621 = CARTESIAN_POINT('',(-4.634791429988,-3.692610248684));
#1622 = CARTESIAN_POINT('',(-4.682195139883,-3.711571767135));
#1623 = CARTESIAN_POINT('',(-4.729598321738,-3.730533378597));
#1624 = CARTESIAN_POINT('',(-4.777001319911,-3.749495086424));
#1625 = CARTESIAN_POINT('',(-4.8244050917,-3.768457126493));
#1626 = CARTESIAN_POINT('',(-4.87181018862,-3.787419623875));
#1627 = CARTESIAN_POINT('',(-4.919215685854,-3.806382175632));
#1628 = CARTESIAN_POINT('',(-5.04654249182,-3.857313527896));
#1629 = CARTESIAN_POINT('',(-5.126489674507,-3.889292467706));
#1630 = CARTESIAN_POINT('',(-5.206428433949,-3.921267656681));
#1631 = CARTESIAN_POINT('',(-5.286355680432,-3.953238173433));
#1632 = CARTESIAN_POINT('',(-5.366282604102,-3.985208799892));
#1633 = CARTESIAN_POINT('',(-5.446220794617,-4.017184275129));
#1634 = CARTESIAN_POINT('',(-5.526168284887,-4.049163700754));
#1635 = CARTESIAN_POINT('',(-5.690721993124,-4.114986220767));
#1636 = CARTESIAN_POINT('',(-5.775375425787,-4.148848209206));
#1637 = CARTESIAN_POINT('',(-5.860014321987,-4.182704284913));
#1638 = CARTESIAN_POINT('',(-5.944640606748,-4.216554935239));
#1639 = CARTESIAN_POINT('',(-6.029266928976,-4.25040507005));
#1640 = CARTESIAN_POINT('',(-6.113905894514,-4.284259810491));
#1641 = CARTESIAN_POINT('',(-6.19855928349,-4.318120127232));
#1642 = CARTESIAN_POINT('',(-6.28318530718,-4.351969545759));
#1643 = ( GEOMETRIC_REPRESENTATION_CONTEXT(2) 
PARAMETRIC_REPRESENTATION_CONTEXT() REPRESENTATION_CONTEXT('2D SPACE',''
  ) );
#1644 = PCURVE('',#1645,#1778);
#1645 = B_SPLINE_SURFACE_WITH_KNOTS('',1,9,(
    (#1646,#1647,#1648,#1649,#1650,#1651,#1652,#1653,#1654,#1655,#1656
      ,#1657,#1658,#1659,#1660,#1661,#1662,#1663,#1664,#1665,#1666,#1667
      ,#1668,#1669,#1670,#1671,#1672,#1673,#1674,#1675,#1676,#1677,#1678
      ,#1679,#1680,#1681,#1682,#1683,#1684,#1685,#1686,#1687,#1688,#1689
      ,#1690,#1691,#1692,#1693,#1694,#1695,#1696,#1697,#1698,#1699,#1700
      ,#1701,#1702,#1703,#1704,#1705,#1706,#1707,#1708,#1709,#1710,#1711
      )
    ,(#1712,#1713,#1714,#1715,#1716,#1717,#1718,#1719,#1720,#1721,#1722
      ,#1723,#1724,#1725,#1726,#1727,#1728,#1729,#1730,#1731,#1732,#1733
      ,#1734,#1735,#1736,#1737,#1738,#1739,#1740,#1741,#1742,#1743,#1744
      ,#1745,#1746,#1747,#1748,#1749,#1750,#1751,#1752,#1753,#1754,#1755
      ,#1756,#1757,#1758,#1759,#1760,#1761,#1762,#1763,#1764,#1765,#1766
      ,#1767,#1768,#1769,#1770,#1771,#1772,#1773,#1774,#1775,#1776,#1777
      )),.UNSPECIFIED.,.F.,.F.,.F.,(2,2),(10,8,8,8,8,8,8,8,10),(0.,
    2.19982200049),(0.,4.72095462366,9.441909247319,14.162863870979,
    18.883818494638,23.604773118298,28.325727741957,33.046682365617,
    37.767636989277),.UNSPECIFIED.);
#1646 = CARTESIAN_POINT('',(6.8,-8.881784197001E-16,-6.736131779567));
#1647 = CARTESIAN_POINT('',(6.799998814324,3.311820377523,
    -6.541310986502));
#1648 = CARTESIAN_POINT('',(4.985116724873,6.62423740407,-6.346528918981
    ));
#1649 = CARTESIAN_POINT('',(1.357726837148,8.795901922394,
    -6.151638899173));
#1650 = CARTESIAN_POINT('',(-3.261031970801,8.712246931356,
    -5.956953918114));
#1651 = CARTESIAN_POINT('',(-7.190801673869,5.901706194613,
    -5.761990076182));
#1652 = CARTESIAN_POINT('',(-8.762675041886,1.557823566776,
    -5.567302889575));
#1653 = CARTESIAN_POINT('',(-7.879865160175,-2.57673850862,
    -5.372416274342));
#1654 = CARTESIAN_POINT('',(-5.331749869577,-5.364756115764,
    -5.17763092333));
#1655 = CARTESIAN_POINT('',(0.936440533459,-7.505412813812,
    -4.787993944497));
#1656 = CARTESIAN_POINT('',(4.657641607058,-6.858445786879,
    -4.593208265933));
#1657 = CARTESIAN_POINT('',(7.885082189157,-4.12756542976,
    -4.398322779602));
#1658 = CARTESIAN_POINT('',(9.298627634517,0.270369048765,
    -4.203633195619));
#1659 = CARTESIAN_POINT('',(7.908952609503,4.897573996567,
    -4.008673121172));
#1660 = CARTESIAN_POINT('',(4.306185273048,7.788970336761,
    -3.813983493864));
#1661 = CARTESIAN_POINT('',(0.108190000726,8.289761768236,
    -3.619098074411));
#1662 = CARTESIAN_POINT('',(-3.353722749031,6.779432774444,
    -3.424312331347));
#1663 = CARTESIAN_POINT('',(-7.405285211875,1.539445770831,
    -3.034675443021));
#1664 = CARTESIAN_POINT('',(-7.995671576926,-2.191150375386,
    -2.83988969354));
#1665 = CARTESIAN_POINT('',(-6.454400047257,-6.127971738759,
    -2.645004296218));
#1666 = CARTESIAN_POINT('',(-2.749312431986,-8.887004912821,
    -2.450314621885));
#1667 = CARTESIAN_POINT('',(2.07869950582,-9.067346409232,
    -2.255354621371));
#1668 = CARTESIAN_POINT('',(5.979290460013,-6.592372566857,
    -2.06066494618));
#1669 = CARTESIAN_POINT('',(7.809934439801,-2.781506661082,
    -1.865779550179));
#1670 = CARTESIAN_POINT('',(7.49949234652,0.982740843295,-1.670993799428
    ));
#1671 = CARTESIAN_POINT('',(3.850106362348,6.510362766224,
    -1.281356912877));
#1672 = CARTESIAN_POINT('',(0.510512753478,8.274737498238,
    -1.086571162004));
#1673 = CARTESIAN_POINT('',(-3.713158002719,8.088496476156,
    -0.891685766428));
#1674 = CARTESIAN_POINT('',(-7.521557261342,5.47391555796,
    -0.696996090324));
#1675 = CARTESIAN_POINT('',(-9.252559564759,0.963277758821,
    -0.502036091257));
#1676 = CARTESIAN_POINT('',(-8.171013349202,-3.527864979307,
    -0.307346415131));
#1677 = CARTESIAN_POINT('',(-5.15628962509,-6.49188205085,
    -0.112461019587));
#1678 = CARTESIAN_POINT('',(-1.493716724279,-7.414646004236,
    8.232473131303E-02));
#1679 = CARTESIAN_POINT('',(4.916695758552,-5.747542532864,0.47196161783
    ));
#1680 = CARTESIAN_POINT('',(7.66569195197,-3.157383542381,0.666747368729
    ));
#1681 = CARTESIAN_POINT('',(8.854470324132,0.899818246646,0.861632764273
    ));
#1682 = CARTESIAN_POINT('',(7.611013982894,5.348835510982,1.056322440405
    ));
#1683 = CARTESIAN_POINT('',(3.901868296911,8.444713514004,1.251282439459
    ));
#1684 = CARTESIAN_POINT('',(-0.697800618051,8.872675175081,1.44597211558
    ));
#1685 = CARTESIAN_POINT('',(-4.47706859896,6.977658061283,1.640857511143
    ));
#1686 = CARTESIAN_POINT('',(-6.53400014025,3.809856583618,1.83564326202)
  );
#1687 = CARTESIAN_POINT('',(-7.028106151938,-2.795329366334,
    2.225280148572));
#1688 = CARTESIAN_POINT('',(-5.465378502104,-6.233902611148,
    2.420065899318));
#1689 = CARTESIAN_POINT('',(-2.010097250149,-8.670111108974,
    2.614951295329));
#1690 = CARTESIAN_POINT('',(2.602033657629,-8.931237093321,2.80964097051
    ));
#1691 = CARTESIAN_POINT('',(6.730512801007,-6.421678906257,
    3.004600971028));
#1692 = CARTESIAN_POINT('',(8.622050046573,-2.207157325276,
    3.199290645363));
#1693 = CARTESIAN_POINT('',(8.050128041083,1.981740089868,3.394176042683
    ));
#1694 = CARTESIAN_POINT('',(5.717091952351,4.952072760724,3.588961792163
    ));
#1695 = CARTESIAN_POINT('',(-0.373945714731,7.554356819353,
    3.978598680495));
#1696 = CARTESIAN_POINT('',(-4.133040639027,7.186785025613,4.17338442353
    ));
#1697 = CARTESIAN_POINT('',(-7.555205744952,4.70427292449,4.368269843054
    ));
#1698 = CARTESIAN_POINT('',(-9.292887915407,0.42403939852,4.562959470252
    ));
#1699 = CARTESIAN_POINT('',(-8.252263215858,-4.293939245161,
    4.757919544825));
#1700 = CARTESIAN_POINT('',(-4.875225373554,-7.446037077587,
    4.952609128698));
#1701 = CARTESIAN_POINT('',(-0.726284721694,-8.258593443373,
    5.147494615103));
#1702 = CARTESIAN_POINT('',(2.838649049378,-7.010722975292,
    5.342280293632));
#1703 = CARTESIAN_POINT('',(7.269813080488,-2.087572793859,
    5.731917272482));
#1704 = CARTESIAN_POINT('',(8.136847874373,1.588587414256,5.926702623458
    ));
#1705 = CARTESIAN_POINT('',(6.893548217567,5.629414977635,6.12158923877)
  );
#1706 = CARTESIAN_POINT('',(3.404600996659,8.657150945992,6.316276425254
    ));
#1707 = CARTESIAN_POINT('',(-1.396505361494,9.19714848752,6.511240267334
    ));
#1708 = CARTESIAN_POINT('',(-5.470855650421,7.020044633579,
    6.705925248249));
#1709 = CARTESIAN_POINT('',(-7.580679906601,3.35635910667,6.900815268171
    ));
#1710 = CARTESIAN_POINT('',(-7.551906876298,-0.420558871057,
    7.09559733562));
#1711 = CARTESIAN_POINT('',(-5.938471393884,-3.312786443873,
    7.290418128719));
#1712 = CARTESIAN_POINT('',(4.7,-8.881784197001E-16,-6.080985357888));
#1713 = CARTESIAN_POINT('',(4.699995985583,2.289055067115,
    -5.886173458305));
#1714 = CARTESIAN_POINT('',(3.445602612495,4.578506002614,
    -5.691355104468));
#1715 = CARTESIAN_POINT('',(0.938419738532,6.079540898137,
    -5.496554742674));
#1716 = CARTESIAN_POINT('',(-2.253947734711,6.021674163317,
    -5.301720207751));
#1717 = CARTESIAN_POINT('',(-4.970100333685,4.079141044147,
    -5.106932149667));
#1718 = CARTESIAN_POINT('',(-6.056571625764,1.076718737971,
    -4.912097982314));
#1719 = CARTESIAN_POINT('',(-5.446365744059,-1.780976046148,
    -4.717297053114));
#1720 = CARTESIAN_POINT('',(-3.68518308944,-3.707994180294,
    -4.522479246515));
#1721 = CARTESIAN_POINT('',(0.647249008906,-5.187563153774,
    -4.132854679469));
#1722 = CARTESIAN_POINT('',(3.219239924241,-4.74039884562,
    -3.938036927471));
#1723 = CARTESIAN_POINT('',(5.450005110729,-2.852874990753,
    -3.743235810099));
#1724 = CARTESIAN_POINT('',(6.426968251533,0.186881124001,
    -3.548402042328));
#1725 = CARTESIAN_POINT('',(5.46649706069,3.385068761315,-3.353613356331
    ));
#1726 = CARTESIAN_POINT('',(2.976327941288,5.383573222752,
    -3.158779595762));
#1727 = CARTESIAN_POINT('',(7.477926991173E-02,5.729675527546,
    -2.963978467266));
#1728 = CARTESIAN_POINT('',(-2.318014191057,4.685787627642,
    -2.769160726007));
#1729 = CARTESIAN_POINT('',(-5.11835848335,1.064025004913,
    -2.379536143878));
#1730 = CARTESIAN_POINT('',(-5.526418416121,-1.514459062344,
    -2.184718403696));
#1731 = CARTESIAN_POINT('',(-4.461135454334,-4.235530917472,
    -1.989917271498));
#1732 = CARTESIAN_POINT('',(-1.900244227953,-6.142468318279,
    -1.795083518772));
#1733 = CARTESIAN_POINT('',(1.436725178053,-6.267144610993,
    -1.600294820468));
#1734 = CARTESIAN_POINT('',(4.132765930407,-4.556493648661,
    -1.405461067867));
#1735 = CARTESIAN_POINT('',(5.398030564651,-1.922508677076,
    -1.210659935468));
#1736 = CARTESIAN_POINT('',(5.183475669232,0.679246251966,
    -1.015842195489));
#1737 = CARTESIAN_POINT('',(2.661099301669,4.499810360302,
    -0.626217613064));
#1738 = CARTESIAN_POINT('',(0.352865720587,5.719298256745,
    -0.431399873114));
#1739 = CARTESIAN_POINT('',(-2.56646541109,5.590590933349,
    -0.236598740626));
#1740 = CARTESIAN_POINT('',(-5.198709240542,3.783420066674,
    -4.176498819404E-02));
#1741 = CARTESIAN_POINT('',(-6.395151713971,0.665819321298,0.15302371035
    ));
#1742 = CARTESIAN_POINT('',(-5.647619771722,-2.438396915676,
    0.347857462796));
#1743 = CARTESIAN_POINT('',(-3.563898967003,-4.487025489573,
    0.54265859527));
#1744 = CARTESIAN_POINT('',(-1.03242386571,-5.124831357783,
    0.737476335225));
#1745 = CARTESIAN_POINT('',(3.398306351268,-3.972562990689,
    1.127100917656));
#1746 = CARTESIAN_POINT('',(5.298336948669,-2.182318112632,
    1.321918657601));
#1747 = CARTESIAN_POINT('',(6.120019171065,0.621946168203,1.516719790095
    ));
#1748 = CARTESIAN_POINT('',(5.260528794285,3.696982820242,1.711553542522
    ));
#1749 = CARTESIAN_POINT('',(2.696902729359,5.836779632782,1.906342241069
    ));
#1750 = CARTESIAN_POINT('',(-0.482319506942,6.132597858783,
    2.101175993515));
#1751 = CARTESIAN_POINT('',(-3.094436703419,4.822782918565,
    2.295977125986));
#1752 = CARTESIAN_POINT('',(-4.516148873116,2.633285939674,
    2.490794865945));
#1753 = CARTESIAN_POINT('',(-4.857659227201,-1.932068736955,
    2.880419448369));
#1754 = CARTESIAN_POINT('',(-3.777546549988,-4.30871545008,
    3.075237188341));
#1755 = CARTESIAN_POINT('',(-1.389325346017,-5.992597664773,
    3.270038320756));
#1756 = CARTESIAN_POINT('',(1.79846643038,-6.173035207108,3.464872073343
    ));
#1757 = CARTESIAN_POINT('',(4.651957356345,-4.438532817274,
    3.659660771644));
#1758 = CARTESIAN_POINT('',(5.959376155411,-1.525524315777,3.85449452439
    ));
#1759 = CARTESIAN_POINT('',(5.56404696827,1.369728049957,4.049295656567)
  );
#1760 = CARTESIAN_POINT('',(3.951522559622,3.422756921244,4.244113396759
    ));
#1761 = CARTESIAN_POINT('',(-0.258465945653,5.221392355452,
    4.633737978886));
#1762 = CARTESIAN_POINT('',(-2.85664791297,4.967338268197,4.828555720144
    ));
#1763 = CARTESIAN_POINT('',(-5.22200230879,3.251483279616,5.023356848638
    ));
#1764 = CARTESIAN_POINT('',(-6.42300178262,0.293075852769,5.218190609225
    ));
#1765 = CARTESIAN_POINT('',(-5.703783798056,-2.967849542069,
    5.41297929518));
#1766 = CARTESIAN_POINT('',(-3.369636605665,-5.146546221976,
    5.607813063006));
#1767 = CARTESIAN_POINT('',(-0.501990829077,-5.708132677969,
    5.802614180334));
#1768 = CARTESIAN_POINT('',(1.962007118264,-4.845649962818,
    5.997431932352));
#1769 = CARTESIAN_POINT('',(5.024723635377,-1.4428774773,6.387056499393)
  );
#1770 = CARTESIAN_POINT('',(5.623995084308,1.097981834569,6.581874305993
    ));
#1771 = CARTESIAN_POINT('',(4.764666249234,3.890939824371,6.77667523519)
  );
#1772 = CARTESIAN_POINT('',(2.35316213407,5.983599690834,6.971509402564)
  );
#1773 = CARTESIAN_POINT('',(-0.965207183044,6.356859308986,
    7.166297460597));
#1774 = CARTESIAN_POINT('',(-3.781348635224,4.852091762278,
    7.361131995588));
#1775 = CARTESIAN_POINT('',(-5.239574621053,2.319832534238,
    7.555932357325));
#1776 = CARTESIAN_POINT('',(-5.219703888604,-0.290679278657,
    7.750750711193));
#1777 = CARTESIAN_POINT('',(-4.104531045643,-2.28971980842,
    7.945562610765));
#1778 = DEFINITIONAL_REPRESENTATION('',(#1779),#1845);
#1779 = B_SPLINE_CURVE_WITH_KNOTS('',8,(#1780,#1781,#1782,#1783,#1784,
    #1785,#1786,#1787,#1788,#1789,#1790,#1791,#1792,#1793,#1794,#1795,
    #1796,#1797,#1798,#1799,#1800,#1801,#1802,#1803,#1804,#1805,#1806,
    #1807,#1808,#1809,#1810,#1811,#1812,#1813,#1814,#1815,#1816,#1817,
    #1818,#1819,#1820,#1821,#1822,#1823,#1824,#1825,#1826,#1827,#1828,
    #1829,#1830,#1831,#1832,#1833,#1834,#1835,#1836,#1837,#1838,#1839,
    #1840,#1841,#1842,#1843,#1844),.UNSPECIFIED.,.F.,.F.,(9,7,7,7,7,7,7,
    7,7,9),(0.,9.53807485785E-02,0.249606304661,0.37003849392,
    0.515433544365,0.671336443778,0.730064408052,0.790435103896,
    0.89222522868,1.),.UNSPECIFIED.);
#1780 = CARTESIAN_POINT('',(1.885561714706,0.));
#1781 = CARTESIAN_POINT('',(1.885561133159,8.06601670885E-02));
#1782 = CARTESIAN_POINT('',(1.885555558349,0.161332286424));
#1783 = CARTESIAN_POINT('',(1.885554442313,0.24199709551));
#1784 = CARTESIAN_POINT('',(1.885556814552,0.322654261889));
#1785 = CARTESIAN_POINT('',(1.885559309608,0.40331284203));
#1786 = CARTESIAN_POINT('',(1.88556040983,0.483981354081));
#1787 = CARTESIAN_POINT('',(1.885560903306,0.564657464503));
#1788 = CARTESIAN_POINT('',(1.885559996952,0.775739899068));
#1789 = CARTESIAN_POINT('',(1.885557613579,0.906341559091));
#1790 = CARTESIAN_POINT('',(1.885554698788,1.036836196164));
#1791 = CARTESIAN_POINT('',(1.885556928428,1.167267557944));
#1792 = CARTESIAN_POINT('',(1.885563721869,1.297699688896));
#1793 = CARTESIAN_POINT('',(1.885568782253,1.42819403654));
#1794 = CARTESIAN_POINT('',(1.885570573732,1.558796062464));
#1795 = CARTESIAN_POINT('',(1.885568267714,1.791061301381));
#1796 = CARTESIAN_POINT('',(1.885565387431,1.892958146629));
#1797 = CARTESIAN_POINT('',(1.885560771422,1.994827590674));
#1798 = CARTESIAN_POINT('',(1.885555497311,2.09667432199));
#1799 = CARTESIAN_POINT('',(1.885551374894,2.198520549505));
#1800 = CARTESIAN_POINT('',(1.885549713388,2.300388796832));
#1801 = CARTESIAN_POINT('',(1.885550423443,2.402284592114));
#1802 = CARTESIAN_POINT('',(1.885555689956,2.627082611828));
#1803 = CARTESIAN_POINT('',(1.885561016683,2.750172725358));
#1804 = CARTESIAN_POINT('',(1.885567498518,2.873185510188));
#1805 = CARTESIAN_POINT('',(1.885572496674,2.996148985191));
#1806 = CARTESIAN_POINT('',(1.885572570421,3.119111548291));
#1807 = CARTESIAN_POINT('',(1.885569018279,3.242121643566));
#1808 = CARTESIAN_POINT('',(1.88556475586,3.365208679069));
#1809 = CARTESIAN_POINT('',(1.885557940757,3.620002790908));
#1810 = CARTESIAN_POINT('',(1.885555499406,3.752034045734));
#1811 = CARTESIAN_POINT('',(1.885556503215,3.883952575635));
#1812 = CARTESIAN_POINT('',(1.885560678773,4.015807529179));
#1813 = CARTESIAN_POINT('',(1.88556652912,4.147664818789));
#1814 = CARTESIAN_POINT('',(1.885558081659,4.279586816938));
#1815 = CARTESIAN_POINT('',(1.885555972084,4.411617360076));
#1816 = CARTESIAN_POINT('',(1.885558677789,4.593119827081));
#1817 = CARTESIAN_POINT('',(1.885559835319,4.642785648958));
#1818 = CARTESIAN_POINT('',(1.885561500493,4.692445909326));
#1819 = CARTESIAN_POINT('',(1.885566525978,4.742116001162));
#1820 = CARTESIAN_POINT('',(1.885556607198,4.791773732897));
#1821 = CARTESIAN_POINT('',(1.885558694467,4.841437284981));
#1822 = CARTESIAN_POINT('',(1.88555704447,4.891100998254));
#1823 = CARTESIAN_POINT('',(1.885556559429,4.991819889458));
#1824 = CARTESIAN_POINT('',(1.885557000136,5.042874986984));
#1825 = CARTESIAN_POINT('',(1.885557985998,5.093929897792));
#1826 = CARTESIAN_POINT('',(1.885559117833,5.144984951012));
#1827 = CARTESIAN_POINT('',(1.885560037537,5.196041068928));
#1828 = CARTESIAN_POINT('',(1.885560576422,5.247098723576));
#1829 = CARTESIAN_POINT('',(1.885560753013,5.298156815158));
#1830 = CARTESIAN_POINT('',(1.885560396644,5.435293963825));
#1831 = CARTESIAN_POINT('',(1.885559308597,5.521400766944));
#1832 = CARTESIAN_POINT('',(1.885557688263,5.607497897474));
#1833 = CARTESIAN_POINT('',(1.885556675183,5.693581960697));
#1834 = CARTESIAN_POINT('',(1.885557076317,5.779665185264));
#1835 = CARTESIAN_POINT('',(1.885558865186,5.86576035274));
#1836 = CARTESIAN_POINT('',(1.885561320235,5.951865622755));
#1837 = CARTESIAN_POINT('',(1.885566430483,6.129094084005));
#1838 = CARTESIAN_POINT('',(1.885569083844,6.220268153526));
#1839 = CARTESIAN_POINT('',(1.885570937449,6.311426931258));
#1840 = CARTESIAN_POINT('',(1.885571103334,6.402572472651));
#1841 = CARTESIAN_POINT('',(1.885569235634,6.493718251843));
#1842 = CARTESIAN_POINT('',(1.885565822032,6.584877652486));
#1843 = CARTESIAN_POINT('',(1.885561957657,6.676052455087));
#1844 = CARTESIAN_POINT('',(1.885558397495,6.767197658671));
#1845 = ( GEOMETRIC_REPRESENTATION_CONTEXT(2) 
PARAMETRIC_REPRESENTATION_CONTEXT() REPRESENTATION_CONTEXT('2D SPACE',''
  ) );
#1846 = ORIENTED_EDGE('',*,*,#1847,.T.);
#1847 = EDGE_CURVE('',#1504,#22,#1848,.T.);
#1848 = SURFACE_CURVE('',#1849,(#1854,#1861),.PCURVE_S1.);
#1849 = CIRCLE('',#1850,5.);
#1850 = AXIS2_PLACEMENT_3D('',#1851,#1852,#1853);
#1851 = CARTESIAN_POINT('',(0.,0.,-4.5));
#1852 = DIRECTION('',(0.,0.,-1.));
#1853 = DIRECTION('',(1.,0.,0.));
#1854 = PCURVE('',#310,#1855);
#1855 = DEFINITIONAL_REPRESENTATION('',(#1856),#1860);
#1856 = LINE('',#1857,#1858);
#1857 = CARTESIAN_POINT('',(-6.28318530718,-3.513274122872));
#1858 = VECTOR('',#1859,1.);
#1859 = DIRECTION('',(1.,-0.));
#1860 = ( GEOMETRIC_REPRESENTATION_CONTEXT(2) 
PARAMETRIC_REPRESENTATION_CONTEXT() REPRESENTATION_CONTEXT('2D SPACE',''
  ) );
#1861 = PCURVE('',#441,#1862);
#1862 = DEFINITIONAL_REPRESENTATION('',(#1863),#1871);
#1863 = ( BOUNDED_CURVE() B_SPLINE_CURVE(2,(#1864,#1865,#1866,#1867,
#1868,#1869,#1870),.UNSPECIFIED.,.T.,.F.) B_SPLINE_CURVE_WITH_KNOTS((1,2
    ,2,2,2,1),(-2.094395102393,0.,2.094395102393,4.188790204786,
6.28318530718,8.377580409573),.UNSPECIFIED.) CURVE() 
GEOMETRIC_REPRESENTATION_ITEM() RATIONAL_B_SPLINE_CURVE((1.,0.5,1.,0.5,
1.,0.5,1.)) REPRESENTATION_ITEM('') );
#1864 = CARTESIAN_POINT('',(5.,-4.512848766126E-16));
#1865 = CARTESIAN_POINT('',(5.,-8.660254037844));
#1866 = CARTESIAN_POINT('',(-2.5,-4.330127018922));
#1867 = CARTESIAN_POINT('',(-10.,-1.67593167576E-15));
#1868 = CARTESIAN_POINT('',(-2.5,4.330127018922));
#1869 = CARTESIAN_POINT('',(5.,8.660254037844));
#1870 = CARTESIAN_POINT('',(5.,-4.512848766126E-16));
#1871 = ( GEOMETRIC_REPRESENTATION_CONTEXT(2) 
PARAMETRIC_REPRESENTATION_CONTEXT() REPRESENTATION_CONTEXT('2D SPACE',''
  ) );
#1872 = ORIENTED_EDGE('',*,*,#21,.T.);
#1873 = ORIENTED_EDGE('',*,*,#1874,.F.);
#1874 = EDGE_CURVE('',#1506,#24,#1875,.T.);
#1875 = SURFACE_CURVE('',#1876,(#1880,#1887),.PCURVE_S1.);
#1876 = LINE('',#1877,#1878);
#1877 = CARTESIAN_POINT('',(5.,0.,-8.013274122872));
#1878 = VECTOR('',#1879,1.);
#1879 = DIRECTION('',(0.,0.,1.));
#1880 = PCURVE('',#310,#1881);
#1881 = DEFINITIONAL_REPRESENTATION('',(#1882),#1886);
#1882 = LINE('',#1883,#1884);
#1883 = CARTESIAN_POINT('',(-6.28318530718,0.));
#1884 = VECTOR('',#1885,1.);
#1885 = DIRECTION('',(-0.,-1.));
#1886 = ( GEOMETRIC_REPRESENTATION_CONTEXT(2) 
PARAMETRIC_REPRESENTATION_CONTEXT() REPRESENTATION_CONTEXT('2D SPACE',''
  ) );
#1887 = PCURVE('',#1412,#1888);
#1888 = DEFINITIONAL_REPRESENTATION('',(#1889),#1893);
#1889 = LINE('',#1890,#1891);
#1890 = CARTESIAN_POINT('',(-0.,0.));
#1891 = VECTOR('',#1892,1.);
#1892 = DIRECTION('',(-0.,-1.));
#1893 = ( GEOMETRIC_REPRESENTATION_CONTEXT(2) 
PARAMETRIC_REPRESENTATION_CONTEXT() REPRESENTATION_CONTEXT('2D SPACE',''
  ) );
#1894 = ADVANCED_FACE('',(#1895),#1412,.T.);
#1895 = FACE_BOUND('',#1896,.F.);
#1896 = EDGE_LOOP('',(#1897,#2106,#2107,#2108));
#1897 = ORIENTED_EDGE('',*,*,#1898,.F.);
#1898 = EDGE_CURVE('',#1506,#1899,#1901,.T.);
#1899 = VERTEX_POINT('',#1900);
#1900 = CARTESIAN_POINT('',(5.,0.,-1.14802986364));
#1901 = SURFACE_CURVE('',#1902,(#1968,#2037),.PCURVE_S1.);
#1902 = B_SPLINE_CURVE_WITH_KNOTS('',8,(#1903,#1904,#1905,#1906,#1907,
    #1908,#1909,#1910,#1911,#1912,#1913,#1914,#1915,#1916,#1917,#1918,
    #1919,#1920,#1921,#1922,#1923,#1924,#1925,#1926,#1927,#1928,#1929,
    #1930,#1931,#1932,#1933,#1934,#1935,#1936,#1937,#1938,#1939,#1940,
    #1941,#1942,#1943,#1944,#1945,#1946,#1947,#1948,#1949,#1950,#1951,
    #1952,#1953,#1954,#1955,#1956,#1957,#1958,#1959,#1960,#1961,#1962,
    #1963,#1964,#1965,#1966,#1967),.UNSPECIFIED.,.F.,.F.,(9,7,7,7,7,7,7,
    7,7,9),(0.,0.110306420377,0.268955889834,0.345451663239,
    0.414489485124,0.560504299771,0.649198191652,0.764749723353,
    0.909349521588,1.),.UNSPECIFIED.);
#1903 = CARTESIAN_POINT('',(5.,-8.881784197001E-16,-3.661304577113));
#1904 = CARTESIAN_POINT('',(5.,0.433068145776,-3.62666013982));
#1905 = CARTESIAN_POINT('',(4.957131325122,0.866286690879,
    -3.592003611395));
#1906 = CARTESIAN_POINT('',(4.871345255447,1.294473969285,
    -3.557353253614));
#1907 = CARTESIAN_POINT('',(4.743394655135,1.71267529427,-3.522707932981
    ));
#1908 = CARTESIAN_POINT('',(4.574665495519,2.116151675631,
    -3.488062015721));
#1909 = CARTESIAN_POINT('',(4.367119718484,2.500373554649,
    -3.453410034159));
#1910 = CARTESIAN_POINT('',(4.123341021696,2.861050480888,
    -3.418751264876));
#1911 = CARTESIAN_POINT('',(3.448757292163,3.673423532359,
    -3.334273050806));
#1912 = CARTESIAN_POINT('',(2.981999335397,4.096709482782,
    -3.284365029284));
#1913 = CARTESIAN_POINT('',(2.456444384472,4.451248582925,
    -3.234504456381));
#1914 = CARTESIAN_POINT('',(1.884225066058,4.72817023425,-3.184671227141
    ));
#1915 = CARTESIAN_POINT('',(1.278380230247,4.920720777601,
    -3.134839236186));
#1916 = CARTESIAN_POINT('',(0.653021266871,5.024829889395,
    -3.084980255064));
#1917 = CARTESIAN_POINT('',(2.30641231889E-02,5.038594521332,
    -3.035073807585));
#1918 = CARTESIAN_POINT('',(-0.893565471493,4.928664905117,
    -2.96121717046));
#1919 = CARTESIAN_POINT('',(-1.189328798329,4.872430341233,
    -2.937188344694));
#1920 = CARTESIAN_POINT('',(-1.480984346598,4.795917941065,
    -2.913160329337));
#1921 = CARTESIAN_POINT('',(-1.766910500659,4.699490098348,
    -2.889133560511));
#1922 = CARTESIAN_POINT('',(-2.045539189048,4.58365672674,
    -2.865107065866));
#1923 = CARTESIAN_POINT('',(-2.315355882207,4.449067788154,
    -2.841079750821));
#1924 = CARTESIAN_POINT('',(-2.574904130962,4.296518014376,
    -2.817051693942));
#1925 = CARTESIAN_POINT('',(-3.046517087516,3.973940306872,
    -2.771341646224));
#1926 = CARTESIAN_POINT('',(-3.260766312641,3.807051272451,
    -2.749657468747));
#1927 = CARTESIAN_POINT('',(-3.464524987105,3.626990406662,
    -2.727972354482));
#1928 = CARTESIAN_POINT('',(-3.656855484848,3.434531208778,
    -2.706291682189));
#1929 = CARTESIAN_POINT('',(-3.836890659374,3.230521454099,
    -2.684604280328));
#1930 = CARTESIAN_POINT('',(-4.003837688194,3.015879030853,
    -2.662920940844));
#1931 = CARTESIAN_POINT('',(-4.156979538357,2.791591839913,
    -2.64123700988));
#1932 = CARTESIAN_POINT('',(-4.589044450577,2.066226198776,
    -2.573695760112));
#1933 = CARTESIAN_POINT('',(-4.818198383415,1.534735948746,
    -2.527785226996));
#1934 = CARTESIAN_POINT('',(-4.976501211903,0.974848338681,
    -2.481899751207));
#1935 = CARTESIAN_POINT('',(-5.060299550716,0.397668542971,
    -2.436035586854));
#1936 = CARTESIAN_POINT('',(-5.067689339005,-0.185515427875,
    -2.390172907946));
#1937 = CARTESIAN_POINT('',(-4.998787532211,-0.763254936467,
    -2.344292136324));
#1938 = CARTESIAN_POINT('',(-4.855472967062,-1.324010659747,
    -2.298381681704));
#1939 = CARTESIAN_POINT('',(-4.513369381603,-2.179621337555,
    -2.224663836736));
#1940 = CARTESIAN_POINT('',(-4.358338136321,-2.492707519887,
    -2.196802303159));
#1941 = CARTESIAN_POINT('',(-4.178525062325,-2.793084912376,
    -2.168942406813));
#1942 = CARTESIAN_POINT('',(-3.975169178236,-3.078476126507,
    -2.141084712459));
#1943 = CARTESIAN_POINT('',(-3.749736198419,-3.346770738384,
    -2.113227072346));
#1944 = CARTESIAN_POINT('',(-3.503903087318,-3.596020447901,
    -2.085367381264));
#1945 = CARTESIAN_POINT('',(-3.239567334199,-3.824453957747,
    -2.057506372628));
#1946 = CARTESIAN_POINT('',(-2.593199150654,-4.29896605617,
    -1.993359412182));
#1947 = CARTESIAN_POINT('',(-2.199516659085,-4.5296231058,
    -1.957052498498));
#1948 = CARTESIAN_POINT('',(-1.782625723237,-4.718879000013,
    -1.920754176008));
#1949 = CARTESIAN_POINT('',(-1.347661398729,-4.864100219612,
    -1.88446308765));
#1950 = CARTESIAN_POINT('',(-0.899983798219,-4.963425185774,
    -1.848171944794));
#1951 = CARTESIAN_POINT('',(-0.445145741232,-5.015694731031,
    -1.811873446464));
#1952 = CARTESIAN_POINT('',(1.109967995904E-02,-5.020524917002,
    -1.775566106486));
#1953 = CARTESIAN_POINT('',(1.028045826126,-4.925991153238,
    -1.693858188317));
#1954 = CARTESIAN_POINT('',(1.587077758694,-4.800045514759,
    -1.648393506872));
#1955 = CARTESIAN_POINT('',(2.127809616396,-4.60154925883,
    -1.602956105339));
#1956 = CARTESIAN_POINT('',(2.63942691075,-4.333953155173,
    -1.557536693293));
#1957 = CARTESIAN_POINT('',(3.111963989728,-4.002187829673,
    -1.512118783768));
#1958 = CARTESIAN_POINT('',(3.536467246677,-3.612845223593,
    -1.466684615814));
#1959 = CARTESIAN_POINT('',(3.904908700777,-3.173949645422,
    -1.421223162082));
#1960 = CARTESIAN_POINT('',(4.402870702546,-2.396118653974,
    -1.34733955767));
#1961 = CARTESIAN_POINT('',(4.570403160944,-2.08073456596,
    -1.318864910445));
#1962 = CARTESIAN_POINT('',(4.712043126181,-1.752073286106,
    -1.290392176623));
#1963 = CARTESIAN_POINT('',(4.826589997824,-1.412629521834,
    -1.261921675707));
#1964 = CARTESIAN_POINT('',(4.913135848795,-1.064990927713,
    -1.233450772253));
#1965 = CARTESIAN_POINT('',(4.971050429034,-0.711826435844,
    -1.204977005861));
#1966 = CARTESIAN_POINT('',(5.,-0.355884320928,-1.176501101993));
#1967 = CARTESIAN_POINT('',(5.,1.7763568394E-15,-1.14802986364));
#1968 = PCURVE('',#1412,#1969);
#1969 = DEFINITIONAL_REPRESENTATION('',(#1970),#2036);
#1970 = B_SPLINE_CURVE_WITH_KNOTS('',8,(#1971,#1972,#1973,#1974,#1975,
    #1976,#1977,#1978,#1979,#1980,#1981,#1982,#1983,#1984,#1985,#1986,
    #1987,#1988,#1989,#1990,#1991,#1992,#1993,#1994,#1995,#1996,#1997,
    #1998,#1999,#2000,#2001,#2002,#2003,#2004,#2005,#2006,#2007,#2008,
    #2009,#2010,#2011,#2012,#2013,#2014,#2015,#2016,#2017,#2018,#2019,
    #2020,#2021,#2022,#2023,#2024,#2025,#2026,#2027,#2028,#2029,#2030,
    #2031,#2032,#2033,#2034,#2035),.UNSPECIFIED.,.F.,.F.,(9,7,7,7,7,7,7,
    7,7,9),(0.,0.110306420377,0.268955889834,0.345451663239,
    0.414489485124,0.560504299771,0.649198191652,0.764749723353,
    0.909349521588,1.),.UNSPECIFIED.);
#1971 = CARTESIAN_POINT('',(0.,-4.351969545759));
#1972 = CARTESIAN_POINT('',(-8.66136291552E-02,-4.386613983052));
#1973 = CARTESIAN_POINT('',(-0.173257358489,-4.421270511477));
#1974 = CARTESIAN_POINT('',(-0.259884890407,-4.455920869258));
#1975 = CARTESIAN_POINT('',(-0.346498347964,-4.490566189891));
#1976 = CARTESIAN_POINT('',(-0.433111590869,-4.52521210715));
#1977 = CARTESIAN_POINT('',(-0.519738715798,-4.559864088713));
#1978 = CARTESIAN_POINT('',(-0.606382396932,-4.594522857996));
#1979 = CARTESIAN_POINT('',(-0.817570766205,-4.679001072066));
#1980 = CARTESIAN_POINT('',(-0.942337219184,-4.728909093588));
#1981 = CARTESIAN_POINT('',(-1.066987851186,-4.77876966649));
#1982 = CARTESIAN_POINT('',(-1.191574775331,-4.828602895732));
#1983 = CARTESIAN_POINT('',(-1.316162074623,-4.878434886685));
#1984 = CARTESIAN_POINT('',(-1.440813688136,-4.928293867808));
#1985 = CARTESIAN_POINT('',(-1.565580394587,-4.978200315287));
#1986 = CARTESIAN_POINT('',(-1.750219971533,-5.052056952412));
#1987 = CARTESIAN_POINT('',(-1.810290936464,-5.076085778178));
#1988 = CARTESIAN_POINT('',(-1.870359582771,-5.100113793535));
#1989 = CARTESIAN_POINT('',(-1.930425188309,-5.12414056236));
#1990 = CARTESIAN_POINT('',(-1.990490545874,-5.148167057006));
#1991 = CARTESIAN_POINT('',(-2.050558584991,-5.172194372051));
#1992 = CARTESIAN_POINT('',(-2.110629031615,-5.19622242893));
#1993 = CARTESIAN_POINT('',(-2.224905041025,-5.241932476647));
#1994 = CARTESIAN_POINT('',(-2.27911673193,-5.263616654124));
#1995 = CARTESIAN_POINT('',(-2.333326669069,-5.285301768389));
#1996 = CARTESIAN_POINT('',(-2.387535541607,-5.306982440683));
#1997 = CARTESIAN_POINT('',(-2.441744802189,-5.328669842543));
#1998 = CARTESIAN_POINT('',(-2.495955874679,-5.350353182028));
#1999 = CARTESIAN_POINT('',(-2.550168495332,-5.372037112992));
#2000 = CARTESIAN_POINT('',(-2.719027655784,-5.43957836276));
#2001 = CARTESIAN_POINT('',(-2.833805681251,-5.485488895876));
#2002 = CARTESIAN_POINT('',(-2.948509908175,-5.531374371665));
#2003 = CARTESIAN_POINT('',(-3.06316785124,-5.577238536018));
#2004 = CARTESIAN_POINT('',(-3.17782571378,-5.623101214926));
#2005 = CARTESIAN_POINT('',(-3.292529411056,-5.668981986548));
#2006 = CARTESIAN_POINT('',(-3.40730615891,-5.714892441167));
#2007 = CARTESIAN_POINT('',(-3.591599891323,-5.788610286136));
#2008 = CARTESIAN_POINT('',(-3.66125296977,-5.816471819713));
#2009 = CARTESIAN_POINT('',(-3.730901496668,-5.844331716059));
#2010 = CARTESIAN_POINT('',(-3.800544314033,-5.872189410413));
#2011 = CARTESIAN_POINT('',(-3.870187160089,-5.900047050526));
#2012 = CARTESIAN_POINT('',(-3.939835636222,-5.927906741608));
#2013 = CARTESIAN_POINT('',(-4.009488100468,-5.955767750244));
#2014 = CARTESIAN_POINT('',(-4.169856870526,-6.01991471069));
#2015 = CARTESIAN_POINT('',(-4.260626042267,-6.056221624373));
#2016 = CARTESIAN_POINT('',(-4.351374803239,-6.092519946864));
#2017 = CARTESIAN_POINT('',(-4.442105960071,-6.128811035222));
#2018 = CARTESIAN_POINT('',(-4.532836622405,-6.165102178078));
#2019 = CARTESIAN_POINT('',(-4.623584132307,-6.201400676408));
#2020 = CARTESIAN_POINT('',(-4.714352107031,-6.237708016385));
#2021 = CARTESIAN_POINT('',(-4.918618217455,-6.319415934555));
#2022 = CARTESIAN_POINT('',(-5.032275892498,-6.364880616));
#2023 = CARTESIAN_POINT('',(-5.145864167478,-6.410318017533));
#2024 = CARTESIAN_POINT('',(-5.259408177447,-6.455737429579));
#2025 = CARTESIAN_POINT('',(-5.372952125568,-6.501155339103));
#2026 = CARTESIAN_POINT('',(-5.48654023926,-6.546589507058));
#2027 = CARTESIAN_POINT('',(-5.600197806188,-6.592050960789));
#2028 = CARTESIAN_POINT('',(-5.784912419196,-6.665934565202));
#2029 = CARTESIAN_POINT('',(-5.856100999567,-6.694409212427));
#2030 = CARTESIAN_POINT('',(-5.927284190006,-6.722881946249));
#2031 = CARTESIAN_POINT('',(-5.998460778869,-6.751352447165));
#2032 = CARTESIAN_POINT('',(-6.069637290032,-6.779823350618));
#2033 = CARTESIAN_POINT('',(-6.140820242707,-6.808297117011));
#2034 = CARTESIAN_POINT('',(-6.212008442994,-6.836773020879));
#2035 = CARTESIAN_POINT('',(-6.28318530718,-6.865244259232));
#2036 = ( GEOMETRIC_REPRESENTATION_CONTEXT(2) 
PARAMETRIC_REPRESENTATION_CONTEXT() REPRESENTATION_CONTEXT('2D SPACE',''
  ) );
#2037 = PCURVE('',#1645,#2038);
#2038 = DEFINITIONAL_REPRESENTATION('',(#2039),#2105);
#2039 = B_SPLINE_CURVE_WITH_KNOTS('',8,(#2040,#2041,#2042,#2043,#2044,
    #2045,#2046,#2047,#2048,#2049,#2050,#2051,#2052,#2053,#2054,#2055,
    #2056,#2057,#2058,#2059,#2060,#2061,#2062,#2063,#2064,#2065,#2066,
    #2067,#2068,#2069,#2070,#2071,#2072,#2073,#2074,#2075,#2076,#2077,
    #2078,#2079,#2080,#2081,#2082,#2083,#2084,#2085,#2086,#2087,#2088,
    #2089,#2090,#2091,#2092,#2093,#2094,#2095,#2096,#2097,#2098,#2099,
    #2100,#2101,#2102,#2103,#2104),.UNSPECIFIED.,.F.,.F.,(9,7,7,7,7,7,7,
    7,7,9),(0.,0.110306420377,0.268955889834,0.345451663239,
    0.414489485124,0.560504299771,0.649198191652,0.764749723353,
    0.909349521588,1.),.UNSPECIFIED.);
#2040 = CARTESIAN_POINT('',(1.885558392483,6.767197660474));
#2041 = CARTESIAN_POINT('',(1.885554748325,6.860483584954));
#2042 = CARTESIAN_POINT('',(1.885551450941,6.953801787726));
#2043 = CARTESIAN_POINT('',(1.885549393808,7.047102380976));
#2044 = CARTESIAN_POINT('',(1.885549444487,7.140387721036));
#2045 = CARTESIAN_POINT('',(1.885551702333,7.233672897641));
#2046 = CARTESIAN_POINT('',(1.885555437451,7.326973218261));
#2047 = CARTESIAN_POINT('',(1.885559510029,7.420291544772));
#2048 = CARTESIAN_POINT('',(1.885568188113,7.647749138521));
#2049 = CARTESIAN_POINT('',(1.885572241184,7.78212734892));
#2050 = CARTESIAN_POINT('',(1.885572679688,7.916380698512));
#2051 = CARTESIAN_POINT('',(1.885567634466,8.050564820426));
#2052 = CARTESIAN_POINT('',(1.885559854491,8.184747801163));
#2053 = CARTESIAN_POINT('',(1.88555674137,8.318999712793));
#2054 = CARTESIAN_POINT('',(1.885556995557,8.453376731269));
#2055 = CARTESIAN_POINT('',(1.88555894548,8.652240249138));
#2056 = CARTESIAN_POINT('',(1.885559811389,8.716939148203));
#2057 = CARTESIAN_POINT('',(1.885560694602,8.781635851301));
#2058 = CARTESIAN_POINT('',(1.88556115078,8.846329540446));
#2059 = CARTESIAN_POINT('',(1.885560884282,8.911023070851));
#2060 = CARTESIAN_POINT('',(1.885559949065,8.975719346494));
#2061 = CARTESIAN_POINT('',(1.885558771747,9.040417813729));
#2062 = CARTESIAN_POINT('',(1.885557297426,9.163497066137));
#2063 = CARTESIAN_POINT('',(1.885556312304,9.221884290814));
#2064 = CARTESIAN_POINT('',(1.885559981305,9.280270305744));
#2065 = CARTESIAN_POINT('',(1.885552899654,9.338652981212));
#2066 = CARTESIAN_POINT('',(1.885568645026,9.397035471655));
#2067 = CARTESIAN_POINT('',(1.885560900729,9.455425860145));
#2068 = CARTESIAN_POINT('',(1.885559608039,9.5138126677));
#2069 = CARTESIAN_POINT('',(1.885555108609,9.695676656419));
#2070 = CARTESIAN_POINT('',(1.885555073798,9.819294577945));
#2071 = CARTESIAN_POINT('',(1.885564581822,9.942837378185));
#2072 = CARTESIAN_POINT('',(1.885563234913,10.066331500128));
#2073 = CARTESIAN_POINT('',(1.885559487975,10.189823547027));
#2074 = CARTESIAN_POINT('',(1.885556827776,10.313363438556));
#2075 = CARTESIAN_POINT('',(1.885556949434,10.436981023247));
#2076 = CARTESIAN_POINT('',(1.885560187722,10.635469798661));
#2077 = CARTESIAN_POINT('',(1.885562108349,10.710487733559));
#2078 = CARTESIAN_POINT('',(1.885564583976,10.785500815026));
#2079 = CARTESIAN_POINT('',(1.885567104279,10.860507931621));
#2080 = CARTESIAN_POINT('',(1.885569091546,10.935515329609));
#2081 = CARTESIAN_POINT('',(1.885570113489,11.01052902409));
#2082 = CARTESIAN_POINT('',(1.885570007863,11.085547170391));
#2083 = CARTESIAN_POINT('',(1.885567500127,11.258270158277));
#2084 = CARTESIAN_POINT('',(1.885564406215,11.356031996192));
#2085 = CARTESIAN_POINT('',(1.885559896155,11.453771837218));
#2086 = CARTESIAN_POINT('',(1.885555010764,11.551492500724));
#2087 = CARTESIAN_POINT('',(1.885551290902,11.649212376334));
#2088 = CARTESIAN_POINT('',(1.885549807049,11.746950264111));
#2089 = CARTESIAN_POINT('',(1.885550486678,11.844710223862));
#2090 = CARTESIAN_POINT('',(1.885555527972,12.064711483953));
#2091 = CARTESIAN_POINT('',(1.885560776469,12.187124676434));
#2092 = CARTESIAN_POINT('',(1.885567228949,12.309463450034));
#2093 = CARTESIAN_POINT('',(1.885572306561,12.431754887969));
#2094 = CARTESIAN_POINT('',(1.885572602173,12.554046114901));
#2095 = CARTESIAN_POINT('',(1.885569238659,12.676384053254));
#2096 = CARTESIAN_POINT('',(1.885565040033,12.798796130483));
#2097 = CARTESIAN_POINT('',(1.885559622815,12.997738167695));
#2098 = CARTESIAN_POINT('',(1.885557877895,13.074409901008));
#2099 = CARTESIAN_POINT('',(1.885556892552,13.151075873224));
#2100 = CARTESIAN_POINT('',(1.885556969334,13.22773498144));
#2101 = CARTESIAN_POINT('',(1.885557965203,13.304394436505));
#2102 = CARTESIAN_POINT('',(1.885559284709,13.381061340747));
#2103 = CARTESIAN_POINT('',(1.885560197441,13.457734326511));
#2104 = CARTESIAN_POINT('',(1.885560479748,13.534395255527));
#2105 = ( GEOMETRIC_REPRESENTATION_CONTEXT(2) 
PARAMETRIC_REPRESENTATION_CONTEXT() REPRESENTATION_CONTEXT('2D SPACE',''
  ) );
#2106 = ORIENTED_EDGE('',*,*,#1874,.T.);
#2107 = ORIENTED_EDGE('',*,*,#1246,.T.);
#2108 = ORIENTED_EDGE('',*,*,#2109,.F.);
#2109 = EDGE_CURVE('',#1899,#1033,#2110,.T.);
#2110 = SURFACE_CURVE('',#2111,(#2115,#2122),.PCURVE_S1.);
#2111 = LINE('',#2112,#2113);
#2112 = CARTESIAN_POINT('',(5.,0.,-8.013274122872));
#2113 = VECTOR('',#2114,1.);
#2114 = DIRECTION('',(0.,0.,1.));
#2115 = PCURVE('',#1412,#2116);
#2116 = DEFINITIONAL_REPRESENTATION('',(#2117),#2121);
#2117 = LINE('',#2118,#2119);
#2118 = CARTESIAN_POINT('',(-6.28318530718,0.));
#2119 = VECTOR('',#2120,1.);
#2120 = DIRECTION('',(-0.,-1.));
#2121 = ( GEOMETRIC_REPRESENTATION_CONTEXT(2) 
PARAMETRIC_REPRESENTATION_CONTEXT() REPRESENTATION_CONTEXT('2D SPACE',''
  ) );
#2122 = PCURVE('',#1172,#2123);
#2123 = DEFINITIONAL_REPRESENTATION('',(#2124),#2128);
#2124 = LINE('',#2125,#2126);
#2125 = CARTESIAN_POINT('',(-0.,0.));
#2126 = VECTOR('',#2127,1.);
#2127 = DIRECTION('',(-0.,-1.));
#2128 = ( GEOMETRIC_REPRESENTATION_CONTEXT(2) 
PARAMETRIC_REPRESENTATION_CONTEXT() REPRESENTATION_CONTEXT('2D SPACE',''
  ) );
#2129 = ADVANCED_FACE('',(#2130),#1172,.T.);
#2130 = FACE_BOUND('',#2131,.F.);
#2131 = EDGE_LOOP('',(#2132,#2383,#2384,#2385));
#2132 = ORIENTED_EDGE('',*,*,#2133,.F.);
#2133 = EDGE_CURVE('',#1899,#2134,#2136,.T.);
#2134 = VERTEX_POINT('',#2135);
#2135 = CARTESIAN_POINT('',(5.,0.,1.365245740951));
#2136 = SURFACE_CURVE('',#2137,(#2217,#2300),.PCURVE_S1.);
#2137 = B_SPLINE_CURVE_WITH_KNOTS('',8,(#2138,#2139,#2140,#2141,#2142,
    #2143,#2144,#2145,#2146,#2147,#2148,#2149,#2150,#2151,#2152,#2153,
    #2154,#2155,#2156,#2157,#2158,#2159,#2160,#2161,#2162,#2163,#2164,
    #2165,#2166,#2167,#2168,#2169,#2170,#2171,#2172,#2173,#2174,#2175,
    #2176,#2177,#2178,#2179,#2180,#2181,#2182,#2183,#2184,#2185,#2186,
    #2187,#2188,#2189,#2190,#2191,#2192,#2193,#2194,#2195,#2196,#2197,
    #2198,#2199,#2200,#2201,#2202,#2203,#2204,#2205,#2206,#2207,#2208,
    #2209,#2210,#2211,#2212,#2213,#2214,#2215,#2216),.UNSPECIFIED.,.F.,
  .F.,(9,7,7,7,7,7,7,7,7,7,7,9),(0.,6.535012089791E-02,
    9.794331841932E-02,0.132614366914,0.256965737912,0.404389053871,
    0.553389622088,0.650058952667,0.775440319738,0.796746730383,
    0.871287771823,1.),.UNSPECIFIED.);
#2138 = CARTESIAN_POINT('',(5.,1.7763568394E-15,-1.14802986364));
#2139 = CARTESIAN_POINT('',(5.,0.256567437793,-1.12750411343));
#2140 = CARTESIAN_POINT('',(4.984953851328,0.513145721794,
    -1.106977574879));
#2141 = CARTESIAN_POINT('',(4.95485940007,0.768689676143,-1.08645151782)
  );
#2142 = CARTESIAN_POINT('',(4.909803905882,1.022169768904,
    -1.065926054011));
#2143 = CARTESIAN_POINT('',(4.849956706981,1.272571610928,
    -1.045400665552));
#2144 = CARTESIAN_POINT('',(4.775566890011,1.51889656714,-1.024874805896
    ));
#2145 = CARTESIAN_POINT('',(4.686965964791,1.760163480253,
    -1.004348573457));
#2146 = CARTESIAN_POINT('',(4.533508596164,2.112740829241,
    -0.973586611449));
#2147 = CARTESIAN_POINT('',(4.479008742806,2.228578997206,
    -0.963349550106));
#2148 = CARTESIAN_POINT('',(4.421127801256,2.342807051201,
    -0.953112361102));
#2149 = CARTESIAN_POINT('',(4.359921941028,2.455309046001,
    -0.942875122215));
#2150 = CARTESIAN_POINT('',(4.295451683767,2.565972050756,
    -0.932637901692));
#2151 = CARTESIAN_POINT('',(4.227781903241,2.674686148993,
    -0.922400758244));
#2152 = CARTESIAN_POINT('',(4.156981825348,2.781344438617,
    -0.912163741053));
#2153 = CARTESIAN_POINT('',(4.004559781577,2.997003521553,
    -0.891037428338));
#2154 = CARTESIAN_POINT('',(3.922535910925,3.10571979671,-0.880148133918
    ));
#2155 = CARTESIAN_POINT('',(3.837141960125,3.211866221948,
    -0.869258829616));
#2156 = CARTESIAN_POINT('',(3.748471891262,3.315321270257,
    -0.858369409665));
#2157 = CARTESIAN_POINT('',(3.65662508454,3.415967523048,-0.847479839416
    ));
#2158 = CARTESIAN_POINT('',(3.56170633828,3.513691670154,-0.836590155347
    ));
#2159 = CARTESIAN_POINT('',(3.46382586892,3.608384509829,-0.825700465054
    ));
#2160 = CARTESIAN_POINT('',(3.001832890907,4.028317770271,
    -0.775754543543));
#2161 = CARTESIAN_POINT('',(2.603708349733,4.316575921186,
    -0.736673772396));
#2162 = CARTESIAN_POINT('',(2.174227029586,4.559562480825,
    -0.697604560009));
#2163 = CARTESIAN_POINT('',(1.719484691811,4.753452677685,
    -0.658546236728));
#2164 = CARTESIAN_POINT('',(1.245937512973,4.89535571668,-0.619488650744
    ));
#2165 = CARTESIAN_POINT('',(0.760396665067,4.983365133913,
    -0.580421794733));
#2166 = CARTESIAN_POINT('',(0.269987602606,5.016518493489,
    -0.541342005114));
#2167 = CARTESIAN_POINT('',(-0.796006327386,4.970047954066,
    -0.455981139635));
#2168 = CARTESIAN_POINT('',(-1.37158179946,4.868311425013,
    -0.409623770071));
#2169 = CARTESIAN_POINT('',(-1.931605131787,4.690302262448,
    -0.363296862689));
#2170 = CARTESIAN_POINT('',(-2.464462273999,4.439180785873,
    -0.316989218979));
#2171 = CARTESIAN_POINT('',(-2.959379216914,4.119721189247,
    -0.270683055812));
#2172 = CARTESIAN_POINT('',(-3.406606704866,3.738543571319,
    -0.224358885453));
#2173 = CARTESIAN_POINT('',(-3.797324061359,3.303836636447,
    -0.178004282026));
#2174 = CARTESIAN_POINT('',(-4.455186563992,2.343827192496,
    -8.490383284136E-02));
#2175 = CARTESIAN_POINT('',(-4.721738708696,1.816475918755,
    -3.804983088459E-02));
#2176 = CARTESIAN_POINT('',(-4.916365352629,1.255136690301,
    8.772453642065E-03));
#2177 = CARTESIAN_POINT('',(-5.034507727774,0.671373250644,
    5.557632601433E-02));
#2178 = CARTESIAN_POINT('',(-5.073469359448,7.704847267697E-02,
    0.102381365094));
#2179 = CARTESIAN_POINT('',(-5.032741227071,-0.515680985645,
    0.149205996356));
#2180 = CARTESIAN_POINT('',(-4.913692589839,-1.094456737454,
    0.196062182169));
#2181 = CARTESIAN_POINT('',(-4.596017878611,-2.005159229486,
    0.273223531258));
#2182 = CARTESIAN_POINT('',(-4.439897577538,-2.352756356273,
    0.303592725055));
#2183 = CARTESIAN_POINT('',(-4.253774734115,-2.686319319386,
    0.333959027451));
#2184 = CARTESIAN_POINT('',(-4.039159368684,-3.002840290036,
    0.364321626073));
#2185 = CARTESIAN_POINT('',(-3.797885553873,-3.299541886243,
    0.394684219965));
#2186 = CARTESIAN_POINT('',(-3.532083651272,-3.573869269081,
    0.425050621334));
#2187 = CARTESIAN_POINT('',(-3.244195698246,-3.823512497868,
    0.455420286948));
#2188 = CARTESIAN_POINT('',(-2.538641193912,-4.335623816755,
    0.525165619806));
#2189 = CARTESIAN_POINT('',(-2.107470080144,-4.580136853513,
    0.564571952402));
#2190 = CARTESIAN_POINT('',(-1.649707608722,-4.775362781817,
    0.603966204068));
#2191 = CARTESIAN_POINT('',(-1.172003016355,-4.918099428753,
    0.643350635811));
#2192 = CARTESIAN_POINT('',(-0.681265904955,-5.006145880411,
    0.682734227566));
#2193 = CARTESIAN_POINT('',(-0.184654115723,-5.038353394306,
    0.722125917609));
#2194 = CARTESIAN_POINT('',(0.310462070822,-5.014573978475,
    0.761532361072));
#2195 = CARTESIAN_POINT('',(0.879042031514,-4.922832839659,0.80760729156
    ));
#2196 = CARTESIAN_POINT('',(0.961374142543,-4.907928256172,
    0.814299754521));
#2197 = CARTESIAN_POINT('',(1.043416782962,-4.891450049946,0.82099226959
    ));
#2198 = CARTESIAN_POINT('',(1.125134617704,-4.87340484083,0.827684793939
    ));
#2199 = CARTESIAN_POINT('',(1.206492276624,-4.853800315023,0.83437726568
    ));
#2200 = CARTESIAN_POINT('',(1.28745435449,-4.832645225078,0.841069603864
    ));
#2201 = CARTESIAN_POINT('',(1.367985410988,-4.809949389895,
    0.847761708482));
#2202 = CARTESIAN_POINT('',(1.728157951577,-4.700969459143,0.87786473185
    ));
#2203 = CARTESIAN_POINT('',(2.002625505592,-4.597469641995,
    0.901277766553));
#2204 = CARTESIAN_POINT('',(2.269951442948,-4.475671341214,
    0.924690865494));
#2205 = CARTESIAN_POINT('',(2.528712700506,-4.336161666994,
    0.948103695286));
#2206 = CARTESIAN_POINT('',(2.777557475214,-4.179651036257,
    0.971516815669));
#2207 = CARTESIAN_POINT('',(3.015203873624,-4.006966318617,
    0.994930925787));
#2208 = CARTESIAN_POINT('',(3.240444077555,-3.819053833864,
    1.018345829331));
#2209 = CARTESIAN_POINT('',(3.817719875865,-3.268086383437,
    1.082187539719));
#2210 = CARTESIAN_POINT('',(4.143199120936,-2.876750040176,
    1.122639287255));
#2211 = CARTESIAN_POINT('',(4.422463886762,-2.448667067253,
    1.163074823859));
#2212 = CARTESIAN_POINT('',(4.650863564575,-1.99030182824,1.203499854519
    ));
#2213 = CARTESIAN_POINT('',(4.824765537095,-1.50859829457,1.243926632269
    ));
#2214 = CARTESIAN_POINT('',(4.941637053446,-1.01098074921,1.284365920658
    ));
#2215 = CARTESIAN_POINT('',(5.,-0.505309406502,1.324820351208));
#2216 = CARTESIAN_POINT('',(5.,2.6645352591E-15,1.365245740951));
#2217 = PCURVE('',#1172,#2218);
#2218 = DEFINITIONAL_REPRESENTATION('',(#2219),#2299);
#2219 = B_SPLINE_CURVE_WITH_KNOTS('',8,(#2220,#2221,#2222,#2223,#2224,
    #2225,#2226,#2227,#2228,#2229,#2230,#2231,#2232,#2233,#2234,#2235,
    #2236,#2237,#2238,#2239,#2240,#2241,#2242,#2243,#2244,#2245,#2246,
    #2247,#2248,#2249,#2250,#2251,#2252,#2253,#2254,#2255,#2256,#2257,
    #2258,#2259,#2260,#2261,#2262,#2263,#2264,#2265,#2266,#2267,#2268,
    #2269,#2270,#2271,#2272,#2273,#2274,#2275,#2276,#2277,#2278,#2279,
    #2280,#2281,#2282,#2283,#2284,#2285,#2286,#2287,#2288,#2289,#2290,
    #2291,#2292,#2293,#2294,#2295,#2296,#2297,#2298),.UNSPECIFIED.,.F.,
  .F.,(9,7,7,7,7,7,7,7,7,7,7,9),(0.,6.535012089791E-02,
    9.794331841932E-02,0.132614366914,0.256965737912,0.404389053871,
    0.553389622088,0.650058952667,0.775440319738,0.796746730383,
    0.871287771823,1.),.UNSPECIFIED.);
#2220 = CARTESIAN_POINT('',(0.,-6.865244259232));
#2221 = CARTESIAN_POINT('',(-5.131348755868E-02,-6.885770009442));
#2222 = CARTESIAN_POINT('',(-0.102629121106,-6.906296547992));
#2223 = CARTESIAN_POINT('',(-0.153943858145,-6.926822605052));
#2224 = CARTESIAN_POINT('',(-0.205257566908,-6.947348068861));
#2225 = CARTESIAN_POINT('',(-0.256571507511,-6.96787345732));
#2226 = CARTESIAN_POINT('',(-0.307886794149,-6.988399316976));
#2227 = CARTESIAN_POINT('',(-0.359202838356,-7.008925549415));
#2228 = CARTESIAN_POINT('',(-0.436107961984,-7.039687511423));
#2229 = CARTESIAN_POINT('',(-0.461700647538,-7.049924572766));
#2230 = CARTESIAN_POINT('',(-0.487293528419,-7.06016176177));
#2231 = CARTESIAN_POINT('',(-0.512886402036,-7.070399000656));
#2232 = CARTESIAN_POINT('',(-0.538479164755,-7.08063622118));
#2233 = CARTESIAN_POINT('',(-0.564071811902,-7.090873364628));
#2234 = CARTESIAN_POINT('',(-0.589664437762,-7.101110381819));
#2235 = CARTESIAN_POINT('',(-0.642481601442,-7.122236694534));
#2236 = CARTESIAN_POINT('',(-0.669705931084,-7.133125988954));
#2237 = CARTESIAN_POINT('',(-0.696930382997,-7.144015293255));
#2238 = CARTESIAN_POINT('',(-0.72415501247,-7.154904713207));
#2239 = CARTESIAN_POINT('',(-0.751379771588,-7.165794283455));
#2240 = CARTESIAN_POINT('',(-0.778604509232,-7.176683967525));
#2241 = CARTESIAN_POINT('',(-0.805828971077,-7.187573657818));
#2242 = CARTESIAN_POINT('',(-0.930693930927,-7.237519579329));
#2243 = CARTESIAN_POINT('',(-1.028392990712,-7.276600350476));
#2244 = CARTESIAN_POINT('',(-1.126061612499,-7.315669562862));
#2245 = CARTESIAN_POINT('',(-1.223706652966,-7.354727886145));
#2246 = CARTESIAN_POINT('',(-1.32135167119,-7.393785472127));
#2247 = CARTESIAN_POINT('',(-1.419020033864,-7.432852328139));
#2248 = CARTESIAN_POINT('',(-1.516719938349,-7.471932117758));
#2249 = CARTESIAN_POINT('',(-1.730121210118,-7.557292983237));
#2250 = CARTESIAN_POINT('',(-1.84601296771,-7.603650352801));
#2251 = CARTESIAN_POINT('',(-1.961827285201,-7.649977260183));
#2252 = CARTESIAN_POINT('',(-2.077593668848,-7.696284903893));
#2253 = CARTESIAN_POINT('',(-2.193359740279,-7.74259106706));
#2254 = CARTESIAN_POINT('',(-2.309173419615,-7.788915237419));
#2255 = CARTESIAN_POINT('',(-2.425063900941,-7.835269840846));
#2256 = CARTESIAN_POINT('',(-2.657821388884,-7.92837029003));
#2257 = CARTESIAN_POINT('',(-2.774958774531,-7.975224291987));
#2258 = CARTESIAN_POINT('',(-2.892014491489,-8.022046576514));
#2259 = CARTESIAN_POINT('',(-3.009020551626,-8.068850448886));
#2260 = CARTESIAN_POINT('',(-3.126026967982,-8.115655487966));
#2261 = CARTESIAN_POINT('',(-3.243083573825,-8.162480119228));
#2262 = CARTESIAN_POINT('',(-3.360221749167,-8.209336305041));
#2263 = CARTESIAN_POINT('',(-3.553125481753,-8.28649765413));
#2264 = CARTESIAN_POINT('',(-3.629049652386,-8.316866847927));
#2265 = CARTESIAN_POINT('',(-3.704967630748,-8.347233150323));
#2266 = CARTESIAN_POINT('',(-3.780876951187,-8.377595748945));
#2267 = CARTESIAN_POINT('',(-3.856786203616,-8.407958342837));
#2268 = CARTESIAN_POINT('',(-3.932704268389,-8.438324744205));
#2269 = CARTESIAN_POINT('',(-4.008629402429,-8.46869440982));
#2270 = CARTESIAN_POINT('',(-4.182992834549,-8.538439742678));
#2271 = CARTESIAN_POINT('',(-4.281507146059,-8.577846075274));
#2272 = CARTESIAN_POINT('',(-4.379989887602,-8.617240326939));
#2273 = CARTESIAN_POINT('',(-4.478448162626,-8.656624758684));
#2274 = CARTESIAN_POINT('',(-4.576906521217,-8.696008350437));
#2275 = CARTESIAN_POINT('',(-4.67538934448,-8.735400040481));
#2276 = CARTESIAN_POINT('',(-4.773905719064,-8.774806483944));
#2277 = CARTESIAN_POINT('',(-4.889092455845,-8.820881414431));
#2278 = CARTESIAN_POINT('',(-4.90582345253,-8.827573877393));
#2279 = CARTESIAN_POINT('',(-4.922554571245,-8.834266392462));
#2280 = CARTESIAN_POINT('',(-4.939285763281,-8.840958916811));
#2281 = CARTESIAN_POINT('',(-4.956016923773,-8.847651388552));
#2282 = CARTESIAN_POINT('',(-4.9727478917,-8.854343726736));
#2283 = CARTESIAN_POINT('',(-4.989478449885,-8.861035831354));
#2284 = CARTESIAN_POINT('',(-5.064738235774,-8.891138854722));
#2285 = CARTESIAN_POINT('',(-5.123274129204,-8.914551889424));
#2286 = CARTESIAN_POINT('',(-5.181808542865,-8.937964988365));
#2287 = CARTESIAN_POINT('',(-5.24034039455,-8.961377818158));
#2288 = CARTESIAN_POINT('',(-5.298871911277,-8.984790938541));
#2289 = CARTESIAN_POINT('',(-5.357405612731,-9.008205048659));
#2290 = CARTESIAN_POINT('',(-5.415941349145,-9.031619952203));
#2291 = CARTESIAN_POINT('',(-5.57554241164,-9.095461662591));
#2292 = CARTESIAN_POINT('',(-5.676670717615,-9.135913410127));
#2293 = CARTESIAN_POINT('',(-5.777760625177,-9.176348946731));
#2294 = CARTESIAN_POINT('',(-5.878825220297,-9.216773977391));
#2295 = CARTESIAN_POINT('',(-5.979892318269,-9.257200755141));
#2296 = CARTESIAN_POINT('',(-6.08098925243,-9.29764004353));
#2297 = CARTESIAN_POINT('',(-6.182123425879,-9.338094474079));
#2298 = CARTESIAN_POINT('',(-6.28318530718,-9.378519863823));
#2299 = ( GEOMETRIC_REPRESENTATION_CONTEXT(2) 
PARAMETRIC_REPRESENTATION_CONTEXT() REPRESENTATION_CONTEXT('2D SPACE',''
  ) );
#2300 = PCURVE('',#1645,#2301);
#2301 = DEFINITIONAL_REPRESENTATION('',(#2302),#2382);
#2302 = B_SPLINE_CURVE_WITH_KNOTS('',8,(#2303,#2304,#2305,#2306,#2307,
    #2308,#2309,#2310,#2311,#2312,#2313,#2314,#2315,#2316,#2317,#2318,
    #2319,#2320,#2321,#2322,#2323,#2324,#2325,#2326,#2327,#2328,#2329,
    #2330,#2331,#2332,#2333,#2334,#2335,#2336,#2337,#2338,#2339,#2340,
    #2341,#2342,#2343,#2344,#2345,#2346,#2347,#2348,#2349,#2350,#2351,
    #2352,#2353,#2354,#2355,#2356,#2357,#2358,#2359,#2360,#2361,#2362,
    #2363,#2364,#2365,#2366,#2367,#2368,#2369,#2370,#2371,#2372,#2373,
    #2374,#2375,#2376,#2377,#2378,#2379,#2380,#2381),.UNSPECIFIED.,.F.,
  .F.,(9,7,7,7,7,7,7,7,7,7,7,9),(0.,6.535012089791E-02,
    9.794331841932E-02,0.132614366914,0.256965737912,0.404389053871,
    0.553389622088,0.650058952667,0.775440319738,0.796746730383,
    0.871287771823,1.),.UNSPECIFIED.);
#2303 = CARTESIAN_POINT('',(1.885560479748,13.534395255527));
#2304 = CARTESIAN_POINT('',(1.885560683271,13.589662366158));
#2305 = CARTESIAN_POINT('',(1.885560549816,13.644931869683));
#2306 = CARTESIAN_POINT('',(1.885560021725,13.70020039321));
#2307 = CARTESIAN_POINT('',(1.885559067318,13.755467661225));
#2308 = CARTESIAN_POINT('',(1.88555792899,13.810734873839));
#2309 = CARTESIAN_POINT('',(1.885557109251,13.866003099716));
#2310 = CARTESIAN_POINT('',(1.885557094705,13.921271683659));
#2311 = CARTESIAN_POINT('',(1.88555817869,14.004099932014));
#2312 = CARTESIAN_POINT('',(1.885558803407,14.03166356229));
#2313 = CARTESIAN_POINT('',(1.88555957474,14.059227418732));
#2314 = CARTESIAN_POINT('',(1.885560365078,14.086791394247));
#2315 = CARTESIAN_POINT('',(1.885561036582,14.114355415613));
#2316 = CARTESIAN_POINT('',(1.885561441178,14.141919443479));
#2317 = CARTESIAN_POINT('',(1.88556142056,14.169483472365));
#2318 = CARTESIAN_POINT('',(1.885560152655,14.226368826965));
#2319 = CARTESIAN_POINT('',(1.885559215473,14.255689901031));
#2320 = CARTESIAN_POINT('',(1.885558251795,14.28501102295));
#2321 = CARTESIAN_POINT('',(1.885557444374,14.314332330966));
#2322 = CARTESIAN_POINT('',(1.885556901568,14.343653831474));
#2323 = CARTESIAN_POINT('',(1.885556657339,14.372975399027));
#2324 = CARTESIAN_POINT('',(1.885556671256,14.40229677633));
#2325 = CARTESIAN_POINT('',(1.885557392425,14.536779707421));
#2326 = CARTESIAN_POINT('',(1.885560254269,14.642005609224));
#2327 = CARTESIAN_POINT('',(1.885563160659,14.747200352387));
#2328 = CARTESIAN_POINT('',(1.885561372487,14.852369540299));
#2329 = CARTESIAN_POINT('',(1.885558653097,14.95753748972));
#2330 = CARTESIAN_POINT('',(1.885556999073,15.062729545135));
#2331 = CARTESIAN_POINT('',(1.885557213149,15.167954927332));
#2332 = CARTESIAN_POINT('',(1.885560752081,15.39779325381));
#2333 = CARTESIAN_POINT('',(1.885564654447,15.522611162074));
#2334 = CARTESIAN_POINT('',(1.885569841199,15.647346018459));
#2335 = CARTESIAN_POINT('',(1.885573395527,15.772030314852));
#2336 = CARTESIAN_POINT('',(1.885571558497,15.89671494808));
#2337 = CARTESIAN_POINT('',(1.885566338652,16.021450779835));
#2338 = CARTESIAN_POINT('',(1.885560503019,16.146269048931));
#2339 = CARTESIAN_POINT('',(1.885551592838,16.396956825228));
#2340 = CARTESIAN_POINT('',(1.885548539432,16.523117534952));
#2341 = CARTESIAN_POINT('',(1.885548950679,16.649190064584));
#2342 = CARTESIAN_POINT('',(1.885554133897,16.775209191336));
#2343 = CARTESIAN_POINT('',(1.885561937981,16.901229357887));
#2344 = CARTESIAN_POINT('',(1.885567677499,17.027303933567));
#2345 = CARTESIAN_POINT('',(1.88557006141,17.153466163331));
#2346 = CARTESIAN_POINT('',(1.885569361599,17.3612300153));
#2347 = CARTESIAN_POINT('',(1.885567919546,17.443002728507));
#2348 = CARTESIAN_POINT('',(1.885565406215,17.524768515435));
#2349 = CARTESIAN_POINT('',(1.885562440774,17.606524692194));
#2350 = CARTESIAN_POINT('',(1.885559794319,17.688280600423));
#2351 = CARTESIAN_POINT('',(1.885558080292,17.770046012882));
#2352 = CARTESIAN_POINT('',(1.885557507132,17.851819299734));
#2353 = CARTESIAN_POINT('',(1.885557934476,18.039614013031));
#2354 = CARTESIAN_POINT('',(1.885559478705,18.145717572453));
#2355 = CARTESIAN_POINT('',(1.885561663435,18.251788089355));
#2356 = CARTESIAN_POINT('',(1.885562633696,18.357833139206));
#2357 = CARTESIAN_POINT('',(1.885560293444,18.463878581972));
#2358 = CARTESIAN_POINT('',(1.885554574631,18.569948539358));
#2359 = CARTESIAN_POINT('',(1.885556838144,18.676051820502));
#2360 = CARTESIAN_POINT('',(1.885560019369,18.800109816556));
#2361 = CARTESIAN_POINT('',(1.88556057676,18.818129377591));
#2362 = CARTESIAN_POINT('',(1.885561075096,18.836149126287));
#2363 = CARTESIAN_POINT('',(1.885561407632,18.854169032924));
#2364 = CARTESIAN_POINT('',(1.885561515257,18.872188978266));
#2365 = CARTESIAN_POINT('',(1.885561386489,18.890208753558));
#2366 = CARTESIAN_POINT('',(1.885561057475,18.908228060532));
#2367 = CARTESIAN_POINT('',(1.885559053465,18.989284538557));
#2368 = CARTESIAN_POINT('',(1.885556337086,19.052328242065));
#2369 = CARTESIAN_POINT('',(1.885555486447,19.115370622414));
#2370 = CARTESIAN_POINT('',(1.885556355092,19.178410899369));
#2371 = CARTESIAN_POINT('',(1.885557836937,19.241451467037));
#2372 = CARTESIAN_POINT('',(1.885559131871,19.304494849532));
#2373 = CARTESIAN_POINT('',(1.885560066564,19.367540657267));
#2374 = CARTESIAN_POINT('',(1.885561167912,19.539438840103));
#2375 = CARTESIAN_POINT('',(1.885560359492,19.648359151982));
#2376 = CARTESIAN_POINT('',(1.885557676844,19.757237317535));
#2377 = CARTESIAN_POINT('',(1.885555537392,19.866086759373));
#2378 = CARTESIAN_POINT('',(1.885556838581,19.974938146354));
#2379 = CARTESIAN_POINT('',(1.885560122541,20.083821629281));
#2380 = CARTESIAN_POINT('',(1.885563825166,20.192745547999));
#2381 = CARTESIAN_POINT('',(1.885566599213,20.301592016576));
#2382 = ( GEOMETRIC_REPRESENTATION_CONTEXT(2) 
PARAMETRIC_REPRESENTATION_CONTEXT() REPRESENTATION_CONTEXT('2D SPACE',''
  ) );
#2383 = ORIENTED_EDGE('',*,*,#2109,.T.);
#2384 = ORIENTED_EDGE('',*,*,#1032,.T.);
#2385 = ORIENTED_EDGE('',*,*,#2386,.F.);
#2386 = EDGE_CURVE('',#2134,#798,#2387,.T.);
#2387 = SURFACE_CURVE('',#2388,(#2392,#2399),.PCURVE_S1.);
#2388 = LINE('',#2389,#2390);
#2389 = CARTESIAN_POINT('',(5.,0.,-8.013274122872));
#2390 = VECTOR('',#2391,1.);
#2391 = DIRECTION('',(0.,0.,1.));
#2392 = PCURVE('',#1172,#2393);
#2393 = DEFINITIONAL_REPRESENTATION('',(#2394),#2398);
#2394 = LINE('',#2395,#2396);
#2395 = CARTESIAN_POINT('',(-6.28318530718,0.));
#2396 = VECTOR('',#2397,1.);
#2397 = DIRECTION('',(-0.,-1.));
#2398 = ( GEOMETRIC_REPRESENTATION_CONTEXT(2) 
PARAMETRIC_REPRESENTATION_CONTEXT() REPRESENTATION_CONTEXT('2D SPACE',''
  ) );
#2399 = PCURVE('',#951,#2400);
#2400 = DEFINITIONAL_REPRESENTATION('',(#2401),#2405);
#2401 = LINE('',#2402,#2403);
#2402 = CARTESIAN_POINT('',(-0.,0.));
#2403 = VECTOR('',#2404,1.);
#2404 = DIRECTION('',(-0.,-1.));
#2405 = ( GEOMETRIC_REPRESENTATION_CONTEXT(2) 
PARAMETRIC_REPRESENTATION_CONTEXT() REPRESENTATION_CONTEXT('2D SPACE',''
  ) );
#2406 = ADVANCED_FACE('',(#2407),#951,.T.);
#2407 = FACE_BOUND('',#2408,.F.);
#2408 = EDGE_LOOP('',(#2409,#2618,#2619,#2620,#2648));
#2409 = ORIENTED_EDGE('',*,*,#2410,.F.);
#2410 = EDGE_CURVE('',#2134,#2411,#2413,.T.);
#2411 = VERTEX_POINT('',#2412);
#2412 = CARTESIAN_POINT('',(5.,0.,3.878518878556));
#2413 = SURFACE_CURVE('',#2414,(#2480,#2549),.PCURVE_S1.);
#2414 = B_SPLINE_CURVE_WITH_KNOTS('',8,(#2415,#2416,#2417,#2418,#2419,
    #2420,#2421,#2422,#2423,#2424,#2425,#2426,#2427,#2428,#2429,#2430,
    #2431,#2432,#2433,#2434,#2435,#2436,#2437,#2438,#2439,#2440,#2441,
    #2442,#2443,#2444,#2445,#2446,#2447,#2448,#2449,#2450,#2451,#2452,
    #2453,#2454,#2455,#2456,#2457,#2458,#2459,#2460,#2461,#2462,#2463,
    #2464,#2465,#2466,#2467,#2468,#2469,#2470,#2471,#2472,#2473,#2474,
    #2475,#2476,#2477,#2478,#2479),.UNSPECIFIED.,.F.,.F.,(9,7,7,7,7,7,7,
    7,7,9),(0.,0.153736602091,0.255915499375,0.370327662611,
    0.43750443089,0.497909752325,0.588815020056,0.738160629507,
    0.856688160513,1.),.UNSPECIFIED.);
#2415 = CARTESIAN_POINT('',(5.,2.6645352591E-15,1.365245740951));
#2416 = CARTESIAN_POINT('',(5.,0.591974556704,1.412604452));
#2417 = CARTESIAN_POINT('',(4.919900406566,1.184688369145,1.46002200073)
  );
#2418 = CARTESIAN_POINT('',(4.75935515451,1.764310137634,1.507403954229)
  );
#2419 = CARTESIAN_POINT('',(4.521287696795,2.318298120442,1.554764276041
    ));
#2420 = CARTESIAN_POINT('',(4.210387007767,2.834948485598,1.602124150612
    ));
#2421 = CARTESIAN_POINT('',(3.833414966284,3.303611771386,1.64950579031)
  );
#2422 = CARTESIAN_POINT('',(3.398865885018,3.714584480747,1.696922685257
    ));
#2423 = CARTESIAN_POINT('',(2.598695209429,4.28970643663,1.775756484946)
  );
#2424 = CARTESIAN_POINT('',(2.258481310636,4.490660835219,1.807240484185
    ));
#2425 = CARTESIAN_POINT('',(1.900654779169,4.660664628542,1.838721529881
    ));
#2426 = CARTESIAN_POINT('',(1.528525788729,4.797960472786,1.870198525699
    ));
#2427 = CARTESIAN_POINT('',(1.145554807329,4.901222992317,1.90167541846)
  );
#2428 = CARTESIAN_POINT('',(0.755330997351,4.969531894784,1.933156194549
    ));
#2429 = CARTESIAN_POINT('',(0.361570260783,5.002406037906,1.964639863931
    ));
#2430 = CARTESIAN_POINT('',(-0.472408291245,4.997090639305,
    2.031359380444));
#2431 = CARTESIAN_POINT('',(-0.912847287766,4.949919807928,
    2.066617211736));
#2432 = CARTESIAN_POINT('',(-1.347707235775,4.858361095403,
    2.101867726428));
#2433 = CARTESIAN_POINT('',(-1.771772770903,4.723257447266,
    2.137111924492));
#2434 = CARTESIAN_POINT('',(-2.180071930239,4.546126771136,
    2.172356255917));
#2435 = CARTESIAN_POINT('',(-2.567863994064,4.329096274695,
    2.207607255487));
#2436 = CARTESIAN_POINT('',(-2.930669312794,4.074956357106,
    2.242866040466));
#2437 = CARTESIAN_POINT('',(-3.460312820444,3.618445352342,
    2.298805213656));
#2438 = CARTESIAN_POINT('',(-3.653208231304,3.431993582965,
    2.320233020135));
#2439 = CARTESIAN_POINT('',(-3.833968071343,3.233304818746,2.34164825973
    ));
#2440 = CARTESIAN_POINT('',(-3.998783936239,3.027229567861,
    2.362679920651));
#2441 = CARTESIAN_POINT('',(-4.147674986751,2.816858132778,2.38323147259
    ));
#2442 = CARTESIAN_POINT('',(-4.282469668145,2.601950892865,
    2.403476092757));
#2443 = CARTESIAN_POINT('',(-4.406193231448,2.378433944009,
    2.423872372142));
#2444 = CARTESIAN_POINT('',(-4.623192658727,1.919346506907,
    2.464495351399));
#2445 = CARTESIAN_POINT('',(-4.713992131438,1.696333594173,
    2.483729306635));
#2446 = CARTESIAN_POINT('',(-4.792481980024,1.468443719877,
    2.502962732363));
#2447 = CARTESIAN_POINT('',(-4.85836095999,1.236471901079,2.522196079209
    ));
#2448 = CARTESIAN_POINT('',(-4.91139002843,1.001229177804,2.541429517907
    ));
#2449 = CARTESIAN_POINT('',(-4.951390950975,0.763542682108,
    2.560663352738));
#2450 = CARTESIAN_POINT('',(-4.978248285927,0.52425614749,2.579898017027
    ));
#2451 = CARTESIAN_POINT('',(-5.012482164469,-7.699664831109E-02,
    2.628075272556));
#2452 = CARTESIAN_POINT('',(-5.003180432876,-0.439995381408,
    2.65702372119));
#2453 = CARTESIAN_POINT('',(-4.963819621484,-0.801784992589,
    2.685971597285));
#2454 = CARTESIAN_POINT('',(-4.894592035699,-1.159457909176,
    2.714918011542));
#2455 = CARTESIAN_POINT('',(-4.796011706064,-1.510176544329,
    2.743864737961));
#2456 = CARTESIAN_POINT('',(-4.668892585668,-1.851175784927,
    2.772813989086));
#2457 = CARTESIAN_POINT('',(-4.514365642092,-2.179774064807,
    2.801765219488));
#2458 = CARTESIAN_POINT('',(-4.037510355032,-3.008628451067,
    2.878265065037));
#2459 = CARTESIAN_POINT('',(-3.670702229485,-3.484249096185,
    2.925879195532));
#2460 = CARTESIAN_POINT('',(-3.240190076528,-3.907926170511,
    2.973457180732));
#2461 = CARTESIAN_POINT('',(-2.754891712687,-4.270130782017,
    3.021014682421));
#2462 = CARTESIAN_POINT('',(-2.224846899901,-4.56297860373,
    3.068573863813));
#2463 = CARTESIAN_POINT('',(-1.661376628863,-4.780575667403,
    3.116154263344));
#2464 = CARTESIAN_POINT('',(-1.076829529778,-4.918716555561,
    3.163770242637));
#2465 = CARTESIAN_POINT('',(-1.568383030224E-02,-5.022181806651,
    3.249064222732));
#2466 = CARTESIAN_POINT('',(0.459026620414,-5.017355406242,
    3.286823774314));
#2467 = CARTESIAN_POINT('',(0.932188623365,-4.961180160874,
    3.324572775985));
#2468 = CARTESIAN_POINT('',(1.397322792813,-4.85410783174,3.362313209539
    ));
#2469 = CARTESIAN_POINT('',(1.848195071933,-4.697494605294,3.40005373861
    ));
#2470 = CARTESIAN_POINT('',(2.278805672462,-4.49350690348,3.437803049867
    ));
#2471 = CARTESIAN_POINT('',(2.683428745641,-4.245205575012,
    3.475563202016));
#2472 = CARTESIAN_POINT('',(3.508160479469,-3.608071064938,
    3.558938268528));
#2473 = CARTESIAN_POINT('',(3.914591429828,-3.200111334137,
    3.604622890616));
#2474 = CARTESIAN_POINT('',(4.266140745647,-2.740211986263,
    3.650279547667));
#2475 = CARTESIAN_POINT('',(4.555426857605,-2.237222292379,
    3.695917618154));
#2476 = CARTESIAN_POINT('',(4.776609587131,-1.700791833911,
    3.741553940416));
#2477 = CARTESIAN_POINT('',(4.925629995478,-1.141440378202,
    3.787206681534));
#2478 = CARTESIAN_POINT('',(5.,-0.570409967522,3.832887482842));
#2479 = CARTESIAN_POINT('',(5.,-2.6645352591E-15,3.878518878556));
#2480 = PCURVE('',#951,#2481);
#2481 = DEFINITIONAL_REPRESENTATION('',(#2482),#2548);
#2482 = B_SPLINE_CURVE_WITH_KNOTS('',8,(#2483,#2484,#2485,#2486,#2487,
    #2488,#2489,#2490,#2491,#2492,#2493,#2494,#2495,#2496,#2497,#2498,
    #2499,#2500,#2501,#2502,#2503,#2504,#2505,#2506,#2507,#2508,#2509,
    #2510,#2511,#2512,#2513,#2514,#2515,#2516,#2517,#2518,#2519,#2520,
    #2521,#2522,#2523,#2524,#2525,#2526,#2527,#2528,#2529,#2530,#2531,
    #2532,#2533,#2534,#2535,#2536,#2537,#2538,#2539,#2540,#2541,#2542,
    #2543,#2544,#2545,#2546,#2547),.UNSPECIFIED.,.F.,.F.,(9,7,7,7,7,7,7,
    7,7,9),(0.,0.153736602091,0.255915499375,0.370327662611,
    0.43750443089,0.497909752325,0.588815020056,0.738160629507,
    0.856688160513,1.),.UNSPECIFIED.);
#2483 = CARTESIAN_POINT('',(0.,-9.378519863823));
#2484 = CARTESIAN_POINT('',(-0.118394911341,-9.425878574872));
#2485 = CARTESIAN_POINT('',(-0.236937336975,-9.473296123602));
#2486 = CARTESIAN_POINT('',(-0.355392588649,-9.5206780771));
#2487 = CARTESIAN_POINT('',(-0.47379704487,-9.568038398914));
#2488 = CARTESIAN_POINT('',(-0.592202321632,-9.615398273483));
#2489 = CARTESIAN_POINT('',(-0.710660360237,-9.662779913183));
#2490 = CARTESIAN_POINT('',(-0.829203809482,-9.710196808129));
#2491 = CARTESIAN_POINT('',(-1.026286368245,-9.789030607818));
#2492 = CARTESIAN_POINT('',(-1.104994552005,-9.820514607057));
#2493 = CARTESIAN_POINT('',(-1.183694381683,-9.851995652753));
#2494 = CARTESIAN_POINT('',(-1.26238361079,-9.88347264857));
#2495 = CARTESIAN_POINT('',(-1.341072789256,-9.914949541332));
#2496 = CARTESIAN_POINT('',(-1.41977252471,-9.946430317421));
#2497 = CARTESIAN_POINT('',(-1.49848071958,-9.977913986803));
#2498 = CARTESIAN_POINT('',(-1.665279817744,-10.04463350331));
#2499 = CARTESIAN_POINT('',(-1.753425980832,-10.0798913346));
#2500 = CARTESIAN_POINT('',(-1.841555180572,-10.1151418493));
#2501 = CARTESIAN_POINT('',(-1.9296693097,-10.15038604736));
#2502 = CARTESIAN_POINT('',(-2.017783196215,-10.18563037878));
#2503 = CARTESIAN_POINT('',(-2.105912138723,-10.22088137835));
#2504 = CARTESIAN_POINT('',(-2.1940589858,-10.25614016333));
#2505 = CARTESIAN_POINT('',(-2.333905264644,-10.31207933652));
#2506 = CARTESIAN_POINT('',(-2.387473827391,-10.333507143));
#2507 = CARTESIAN_POINT('',(-2.441010738869,-10.3549223826));
#2508 = CARTESIAN_POINT('',(-2.49358873941,-10.37595404352));
#2509 = CARTESIAN_POINT('',(-2.544966797652,-10.39650559546));
#2510 = CARTESIAN_POINT('',(-2.595577871523,-10.41675021562));
#2511 = CARTESIAN_POINT('',(-2.646568492979,-10.43714649501));
#2512 = CARTESIAN_POINT('',(-2.748126363446,-10.47776947427));
#2513 = CARTESIAN_POINT('',(-2.796211601242,-10.4970034295));
#2514 = CARTESIAN_POINT('',(-2.844296007378,-10.51623685523));
#2515 = CARTESIAN_POINT('',(-2.892379522022,-10.53547020208));
#2516 = CARTESIAN_POINT('',(-2.940463141165,-10.55470364077));
#2517 = CARTESIAN_POINT('',(-2.988547747721,-10.57393747561));
#2518 = CARTESIAN_POINT('',(-3.036633012661,-10.59317213989));
#2519 = CARTESIAN_POINT('',(-3.157078333516,-10.64134939542));
#2520 = CARTESIAN_POINT('',(-3.229454681804,-10.67029784406));
#2521 = CARTESIAN_POINT('',(-3.301826143914,-10.69924572015));
#2522 = CARTESIAN_POINT('',(-3.374190679749,-10.72819213441));
#2523 = CARTESIAN_POINT('',(-3.446555037988,-10.75713886083));
#2524 = CARTESIAN_POINT('',(-3.518926185684,-10.78608811195));
#2525 = CARTESIAN_POINT('',(-3.591302723153,-10.81503934235));
#2526 = CARTESIAN_POINT('',(-3.782550265194,-10.8915391879));
#2527 = CARTESIAN_POINT('',(-3.901586135827,-10.9391533184));
#2528 = CARTESIAN_POINT('',(-4.020533631572,-10.9867313036));
#2529 = CARTESIAN_POINT('',(-4.139427960318,-11.03428880529));
#2530 = CARTESIAN_POINT('',(-4.258322688041,-11.08184798668));
#2531 = CARTESIAN_POINT('',(-4.377270604568,-11.12942838621));
#2532 = CARTESIAN_POINT('',(-4.496308999104,-11.1770443655));
#2533 = CARTESIAN_POINT('',(-4.709544573407,-11.2623383456));
#2534 = CARTESIAN_POINT('',(-4.803944917634,-11.30009789718));
#2535 = CARTESIAN_POINT('',(-4.89832021327,-11.33784689885));
#2536 = CARTESIAN_POINT('',(-4.992674954865,-11.37558733241));
#2537 = CARTESIAN_POINT('',(-5.087029551405,-11.41332786148));
#2538 = CARTESIAN_POINT('',(-5.181404561811,-11.45107717273));
#2539 = CARTESIAN_POINT('',(-5.275804900553,-11.48883732488));
#2540 = CARTESIAN_POINT('',(-5.484239333094,-11.5722123914));
#2541 = CARTESIAN_POINT('',(-5.598447034307,-11.61789701348));
#2542 = CARTESIAN_POINT('',(-5.712583398604,-11.66355367053));
#2543 = CARTESIAN_POINT('',(-5.826673723725,-11.70919174102));
#2544 = CARTESIAN_POINT('',(-5.940763243414,-11.75482806328));
#2545 = CARTESIAN_POINT('',(-6.054897477995,-11.8004808044));
#2546 = CARTESIAN_POINT('',(-6.169103313675,-11.84616160571));
#2547 = CARTESIAN_POINT('',(-6.28318530718,-11.89179300142));
#2548 = ( GEOMETRIC_REPRESENTATION_CONTEXT(2) 
PARAMETRIC_REPRESENTATION_CONTEXT() REPRESENTATION_CONTEXT('2D SPACE',''
  ) );
#2549 = PCURVE('',#1645,#2550);
#2550 = DEFINITIONAL_REPRESENTATION('',(#2551),#2617);
#2551 = B_SPLINE_CURVE_WITH_KNOTS('',8,(#2552,#2553,#2554,#2555,#2556,
    #2557,#2558,#2559,#2560,#2561,#2562,#2563,#2564,#2565,#2566,#2567,
    #2568,#2569,#2570,#2571,#2572,#2573,#2574,#2575,#2576,#2577,#2578,
    #2579,#2580,#2581,#2582,#2583,#2584,#2585,#2586,#2587,#2588,#2589,
    #2590,#2591,#2592,#2593,#2594,#2595,#2596,#2597,#2598,#2599,#2600,
    #2601,#2602,#2603,#2604,#2605,#2606,#2607,#2608,#2609,#2610,#2611,
    #2612,#2613,#2614,#2615,#2616),.UNSPECIFIED.,.F.,.F.,(9,7,7,7,7,7,7,
    7,7,9),(0.,0.153736602091,0.255915499375,0.370327662611,
    0.43750443089,0.497909752325,0.588815020056,0.738160629507,
    0.856688160513,1.),.UNSPECIFIED.);
#2552 = CARTESIAN_POINT('',(1.885566599213,20.301592016576));
#2553 = CARTESIAN_POINT('',(1.885569849035,20.429106642577));
#2554 = CARTESIAN_POINT('',(1.885571832946,20.556780709013));
#2555 = CARTESIAN_POINT('',(1.885570512292,20.684361582278));
#2556 = CARTESIAN_POINT('',(1.885564406529,20.811888047616));
#2557 = CARTESIAN_POINT('',(1.885556430097,20.939414808813));
#2558 = CARTESIAN_POINT('',(1.885551254266,21.066997928604));
#2559 = CARTESIAN_POINT('',(1.885549895054,21.194672915516));
#2560 = CARTESIAN_POINT('',(1.885552721592,21.40693715077));
#2561 = CARTESIAN_POINT('',(1.885555186761,21.491708436299));
#2562 = CARTESIAN_POINT('',(1.885558809733,21.576470840734));
#2563 = CARTESIAN_POINT('',(1.885562868976,21.66122199069));
#2564 = CARTESIAN_POINT('',(1.885566487934,21.745973216223));
#2565 = CARTESIAN_POINT('',(1.885568947138,21.830735827939));
#2566 = CARTESIAN_POINT('',(1.885569920752,21.915507421377));
#2567 = CARTESIAN_POINT('',(1.885569320441,22.095155698903));
#2568 = CARTESIAN_POINT('',(1.885567411808,22.190091845555));
#2569 = CARTESIAN_POINT('',(1.885564163645,22.285009365829));
#2570 = CARTESIAN_POINT('',(1.8855604506,22.379910250848));
#2571 = CARTESIAN_POINT('',(1.885557745586,22.474810686615));
#2572 = CARTESIAN_POINT('',(1.885556921895,22.56972756828));
#2573 = CARTESIAN_POINT('',(1.885557430711,22.664664344269));
#2574 = CARTESIAN_POINT('',(1.885558973786,22.81528394028));
#2575 = CARTESIAN_POINT('',(1.885559723974,22.872979473378));
#2576 = CARTESIAN_POINT('',(1.885560478956,22.930641165263));
#2577 = CARTESIAN_POINT('',(1.885560930586,22.987270283213));
#2578 = CARTESIAN_POINT('',(1.885560875102,23.042607074825));
#2579 = CARTESIAN_POINT('',(1.885560422345,23.097117745916));
#2580 = CARTESIAN_POINT('',(1.885559617356,23.152037054405));
#2581 = CARTESIAN_POINT('',(1.885558042686,23.26141903626));
#2582 = CARTESIAN_POINT('',(1.885557179558,23.313208737821));
#2583 = CARTESIAN_POINT('',(1.885557144888,23.364996349298));
#2584 = CARTESIAN_POINT('',(1.885556832589,23.416783971013));
#2585 = CARTESIAN_POINT('',(1.885557802753,23.468570811636));
#2586 = CARTESIAN_POINT('',(1.885560633197,23.520357227122));
#2587 = CARTESIAN_POINT('',(1.885561939439,23.572147098255));
#2588 = CARTESIAN_POINT('',(1.88555983256,23.701870018246));
#2589 = CARTESIAN_POINT('',(1.885555355498,23.779819691788));
#2590 = CARTESIAN_POINT('',(1.885554750191,23.857764718979));
#2591 = CARTESIAN_POINT('',(1.885557013823,23.935703509458));
#2592 = CARTESIAN_POINT('',(1.885559338516,24.013643091488));
#2593 = CARTESIAN_POINT('',(1.88556043325,24.091590457798));
#2594 = CARTESIAN_POINT('',(1.885560886885,24.16954366757));
#2595 = CARTESIAN_POINT('',(1.885560055526,24.375526472238));
#2596 = CARTESIAN_POINT('',(1.885557751235,24.503733289976));
#2597 = CARTESIAN_POINT('',(1.885554868289,24.631843247556));
#2598 = CARTESIAN_POINT('',(1.885556670083,24.759894294894));
#2599 = CARTESIAN_POINT('',(1.885563015078,24.887946221812));
#2600 = CARTESIAN_POINT('',(1.885568121858,25.016056273223));
#2601 = CARTESIAN_POINT('',(1.885570287841,25.144264484296));
#2602 = CARTESIAN_POINT('',(1.885568797465,25.37392674936));
#2603 = CARTESIAN_POINT('',(1.885566262096,25.475599486623));
#2604 = CARTESIAN_POINT('',(1.885561868808,25.577245307245));
#2605 = CARTESIAN_POINT('',(1.885556563593,25.678868788779));
#2606 = CARTESIAN_POINT('',(1.885552140569,25.780491820072));
#2607 = CARTESIAN_POINT('',(1.885550017731,25.882136653607));
#2608 = CARTESIAN_POINT('',(1.885550267274,25.983808774731));
#2609 = CARTESIAN_POINT('',(1.885554756514,26.208299411804));
#2610 = CARTESIAN_POINT('',(1.885559823348,26.331304958267));
#2611 = CARTESIAN_POINT('',(1.885566395311,26.454233999608));
#2612 = CARTESIAN_POINT('',(1.88557192579,26.577113830251));
#2613 = CARTESIAN_POINT('',(1.8855727596,26.699992719905));
#2614 = CARTESIAN_POINT('',(1.885569702831,26.82291893853));
#2615 = CARTESIAN_POINT('',(1.88556555984,26.94592158257));
#2616 = CARTESIAN_POINT('',(1.885562128324,27.068790627447));
#2617 = ( GEOMETRIC_REPRESENTATION_CONTEXT(2) 
PARAMETRIC_REPRESENTATION_CONTEXT() REPRESENTATION_CONTEXT('2D SPACE',''
  ) );
#2618 = ORIENTED_EDGE('',*,*,#2386,.T.);
#2619 = ORIENTED_EDGE('',*,*,#797,.T.);
#2620 = ORIENTED_EDGE('',*,*,#2621,.F.);
#2621 = EDGE_CURVE('',#2622,#689,#2624,.T.);
#2622 = VERTEX_POINT('',#2623);
#2623 = CARTESIAN_POINT('',(5.,0.,4.5));
#2624 = SURFACE_CURVE('',#2625,(#2630,#2637),.PCURVE_S1.);
#2625 = CIRCLE('',#2626,5.);
#2626 = AXIS2_PLACEMENT_3D('',#2627,#2628,#2629);
#2627 = CARTESIAN_POINT('',(0.,0.,4.5));
#2628 = DIRECTION('',(0.,0.,-1.));
#2629 = DIRECTION('',(1.,0.,0.));
#2630 = PCURVE('',#951,#2631);
#2631 = DEFINITIONAL_REPRESENTATION('',(#2632),#2636);
#2632 = LINE('',#2633,#2634);
#2633 = CARTESIAN_POINT('',(-6.28318530718,-12.51327412287));
#2634 = VECTOR('',#2635,1.);
#2635 = DIRECTION('',(1.,-0.));
#2636 = ( GEOMETRIC_REPRESENTATION_CONTEXT(2) 
PARAMETRIC_REPRESENTATION_CONTEXT() REPRESENTATION_CONTEXT('2D SPACE',''
  ) );
#2637 = PCURVE('',#758,#2638);
#2638 = DEFINITIONAL_REPRESENTATION('',(#2639),#2647);
#2639 = ( BOUNDED_CURVE() B_SPLINE_CURVE(2,(#2640,#2641,#2642,#2643,
#2644,#2645,#2646),.UNSPECIFIED.,.T.,.F.) B_SPLINE_CURVE_WITH_KNOTS((1,2
    ,2,2,2,1),(-2.094395102393,0.,2.094395102393,4.188790204786,
6.28318530718,8.377580409573),.UNSPECIFIED.) CURVE() 
GEOMETRIC_REPRESENTATION_ITEM() RATIONAL_B_SPLINE_CURVE((1.,0.5,1.,0.5,
1.,0.5,1.)) REPRESENTATION_ITEM('') );
#2640 = CARTESIAN_POINT('',(5.,-4.512848766126E-16));
#2641 = CARTESIAN_POINT('',(5.,-8.660254037844));
#2642 = CARTESIAN_POINT('',(-2.5,-4.330127018922));
#2643 = CARTESIAN_POINT('',(-10.,-1.67593167576E-15));
#2644 = CARTESIAN_POINT('',(-2.5,4.330127018922));
#2645 = CARTESIAN_POINT('',(5.,8.660254037844));
#2646 = CARTESIAN_POINT('',(5.,-4.512848766126E-16));
#2647 = ( GEOMETRIC_REPRESENTATION_CONTEXT(2) 
PARAMETRIC_REPRESENTATION_CONTEXT() REPRESENTATION_CONTEXT('2D SPACE',''
  ) );
#2648 = ORIENTED_EDGE('',*,*,#2649,.F.);
#2649 = EDGE_CURVE('',#2411,#2622,#2650,.T.);
#2650 = SURFACE_CURVE('',#2651,(#2655,#2662),.PCURVE_S1.);
#2651 = LINE('',#2652,#2653);
#2652 = CARTESIAN_POINT('',(5.,0.,-8.013274122872));
#2653 = VECTOR('',#2654,1.);
#2654 = DIRECTION('',(0.,0.,1.));
#2655 = PCURVE('',#951,#2656);
#2656 = DEFINITIONAL_REPRESENTATION('',(#2657),#2661);
#2657 = LINE('',#2658,#2659);
#2658 = CARTESIAN_POINT('',(-6.28318530718,0.));
#2659 = VECTOR('',#2660,1.);
#2660 = DIRECTION('',(-0.,-1.));
#2661 = ( GEOMETRIC_REPRESENTATION_CONTEXT(2) 
PARAMETRIC_REPRESENTATION_CONTEXT() REPRESENTATION_CONTEXT('2D SPACE',''
  ) );
#2662 = PCURVE('',#2663,#2668);
#2663 = CYLINDRICAL_SURFACE('',#2664,5.);
#2664 = AXIS2_PLACEMENT_3D('',#2665,#2666,#2667);
#2665 = CARTESIAN_POINT('',(0.,0.,-8.013274122872));
#2666 = DIRECTION('',(-0.,-0.,-1.));
#2667 = DIRECTION('',(1.,0.,0.));
#2668 = DEFINITIONAL_REPRESENTATION('',(#2669),#2673);
#2669 = LINE('',#2670,#2671);
#2670 = CARTESIAN_POINT('',(-0.,0.));
#2671 = VECTOR('',#2672,1.);
#2672 = DIRECTION('',(-0.,-1.));
#2673 = ( GEOMETRIC_REPRESENTATION_CONTEXT(2) 
PARAMETRIC_REPRESENTATION_CONTEXT() REPRESENTATION_CONTEXT('2D SPACE',''
  ) );
#2674 = ADVANCED_FACE('',(#2675,#2874),#758,.T.);
#2675 = FACE_BOUND('',#2676,.T.);
#2676 = EDGE_LOOP('',(#2677,#2772,#2773,#2774,#2802));
#2677 = ORIENTED_EDGE('',*,*,#2678,.T.);
#2678 = EDGE_CURVE('',#2679,#471,#2681,.T.);
#2679 = VERTEX_POINT('',#2680);
#2680 = CARTESIAN_POINT('',(-6.685208703905,1.244191886275,4.5));
#2681 = SURFACE_CURVE('',#2682,(#2710,#2741),.PCURVE_S1.);
#2682 = B_SPLINE_CURVE_WITH_KNOTS('',6,(#2683,#2684,#2685,#2686,#2687,
    #2688,#2689,#2690,#2691,#2692,#2693,#2694,#2695,#2696,#2697,#2698,
    #2699,#2700,#2701,#2702,#2703,#2704,#2705,#2706,#2707,#2708,#2709),
  .UNSPECIFIED.,.F.,.F.,(7,5,5,5,5,7),(0.,3.700155114061E-02,
    6.40026810337E-02,0.505981694235,0.753990045535,1.),.UNSPECIFIED.);
#2683 = CARTESIAN_POINT('',(-6.685208703905,1.244191886275,4.5));
#2684 = CARTESIAN_POINT('',(-6.695840125736,1.187065387644,4.5));
#2685 = CARTESIAN_POINT('',(-6.705885752462,1.129829869669,4.5));
#2686 = CARTESIAN_POINT('',(-6.71534418752,1.072492843387,4.5));
#2687 = CARTESIAN_POINT('',(-6.724214163286,1.015061840362,4.5));
#2688 = CARTESIAN_POINT('',(-6.732494541068,0.957544412687,4.5));
#2689 = CARTESIAN_POINT('',(-6.745795764514,0.857918418501,4.5));
#2690 = CARTESIAN_POINT('',(-6.751092716205,0.81584671416,4.5));
#2691 = CARTESIAN_POINT('',(-6.756074773878,0.773735962173,4.5));
#2692 = CARTESIAN_POINT('',(-6.760741581996,0.731589108951,4.5));
#2693 = CARTESIAN_POINT('',(-6.7650928218,0.689409105094,4.5));
#2694 = CARTESIAN_POINT('',(-6.835183131189,-4.373597334208E-02,4.5));
#2695 = CARTESIAN_POINT('',(-6.816629790391,-0.742990220901,4.5));
#2696 = CARTESIAN_POINT('',(-6.71208457529,-1.437096340713,4.5));
#2697 = CARTESIAN_POINT('',(-6.523268208445,-2.113159493489,4.5));
#2698 = CARTESIAN_POINT('',(-6.253890672844,-2.758710772788,4.5));
#2699 = CARTESIAN_POINT('',(-5.718169299121,-3.70057122203,4.5));
#2700 = CARTESIAN_POINT('',(-5.502335687883,-4.025889316444,4.5));
#2701 = CARTESIAN_POINT('',(-5.264375647945,-4.335958323912,4.5));
#2702 = CARTESIAN_POINT('',(-5.005654867031,-4.628928203655,4.5));
#2703 = CARTESIAN_POINT('',(-4.727726918954,-4.903103558416,4.5));
#2704 = CARTESIAN_POINT('',(-4.139373005026,-5.408788836269,4.5));
#2705 = CARTESIAN_POINT('',(-3.829207690546,-5.640641297023,4.5));
#2706 = CARTESIAN_POINT('',(-3.503585300063,-5.851042802367,4.5));
#2707 = CARTESIAN_POINT('',(-3.164368354516,-6.038740961842,4.5));
#2708 = CARTESIAN_POINT('',(-2.813540518351,-6.202685833162,4.5));
#2709 = CARTESIAN_POINT('',(-2.4532222794,-6.342060932126,4.5));
#2710 = PCURVE('',#758,#2711);
#2711 = DEFINITIONAL_REPRESENTATION('',(#2712),#2740);
#2712 = B_SPLINE_CURVE_WITH_KNOTS('',6,(#2713,#2714,#2715,#2716,#2717,
    #2718,#2719,#2720,#2721,#2722,#2723,#2724,#2725,#2726,#2727,#2728,
    #2729,#2730,#2731,#2732,#2733,#2734,#2735,#2736,#2737,#2738,#2739),
  .UNSPECIFIED.,.F.,.F.,(7,5,5,5,5,7),(0.,3.700155114061E-02,
    6.40026810337E-02,0.505981694235,0.753990045535,1.),.UNSPECIFIED.);
#2713 = CARTESIAN_POINT('',(-6.685208703905,1.244191886275));
#2714 = CARTESIAN_POINT('',(-6.695840125736,1.187065387644));
#2715 = CARTESIAN_POINT('',(-6.705885752462,1.129829869669));
#2716 = CARTESIAN_POINT('',(-6.71534418752,1.072492843387));
#2717 = CARTESIAN_POINT('',(-6.724214163286,1.015061840362));
#2718 = CARTESIAN_POINT('',(-6.732494541068,0.957544412687));
#2719 = CARTESIAN_POINT('',(-6.745795764514,0.857918418501));
#2720 = CARTESIAN_POINT('',(-6.751092716205,0.81584671416));
#2721 = CARTESIAN_POINT('',(-6.756074773878,0.773735962173));
#2722 = CARTESIAN_POINT('',(-6.760741581996,0.731589108951));
#2723 = CARTESIAN_POINT('',(-6.7650928218,0.689409105094));
#2724 = CARTESIAN_POINT('',(-6.835183131189,-4.373597334208E-02));
#2725 = CARTESIAN_POINT('',(-6.816629790391,-0.742990220901));
#2726 = CARTESIAN_POINT('',(-6.71208457529,-1.437096340713));
#2727 = CARTESIAN_POINT('',(-6.523268208445,-2.113159493489));
#2728 = CARTESIAN_POINT('',(-6.253890672844,-2.758710772788));
#2729 = CARTESIAN_POINT('',(-5.718169299121,-3.70057122203));
#2730 = CARTESIAN_POINT('',(-5.502335687883,-4.025889316444));
#2731 = CARTESIAN_POINT('',(-5.264375647945,-4.335958323912));
#2732 = CARTESIAN_POINT('',(-5.005654867031,-4.628928203655));
#2733 = CARTESIAN_POINT('',(-4.727726918954,-4.903103558416));
#2734 = CARTESIAN_POINT('',(-4.139373005026,-5.408788836269));
#2735 = CARTESIAN_POINT('',(-3.829207690546,-5.640641297023));
#2736 = CARTESIAN_POINT('',(-3.503585300063,-5.851042802367));
#2737 = CARTESIAN_POINT('',(-3.164368354516,-6.038740961842));
#2738 = CARTESIAN_POINT('',(-2.813540518351,-6.202685833162));
#2739 = CARTESIAN_POINT('',(-2.4532222794,-6.342060932126));
#2740 = ( GEOMETRIC_REPRESENTATION_CONTEXT(2) 
PARAMETRIC_REPRESENTATION_CONTEXT() REPRESENTATION_CONTEXT('2D SPACE',''
  ) );
#2741 = PCURVE('',#549,#2742);
#2742 = DEFINITIONAL_REPRESENTATION('',(#2743),#2771);
#2743 = B_SPLINE_CURVE_WITH_KNOTS('',6,(#2744,#2745,#2746,#2747,#2748,
    #2749,#2750,#2751,#2752,#2753,#2754,#2755,#2756,#2757,#2758,#2759,
    #2760,#2761,#2762,#2763,#2764,#2765,#2766,#2767,#2768,#2769,#2770),
  .UNSPECIFIED.,.F.,.F.,(7,5,5,5,5,7),(0.,3.700155114061E-02,
    6.40026810337E-02,0.505981694235,0.753990045535,1.),.UNSPECIFIED.);
#2744 = CARTESIAN_POINT('',(0.55428468661,30.254208761859));
#2745 = CARTESIAN_POINT('',(0.550866598019,30.263412250432));
#2746 = CARTESIAN_POINT('',(0.547448509247,30.272615738922));
#2747 = CARTESIAN_POINT('',(0.544030420335,30.281819227216));
#2748 = CARTESIAN_POINT('',(0.540612331322,30.291022715209));
#2749 = CARTESIAN_POINT('',(0.537194242241,30.300226202802));
#2750 = CARTESIAN_POINT('',(0.531281872072,30.316145747561));
#2751 = CARTESIAN_POINT('',(0.528787590984,30.322861804993));
#2752 = CARTESIAN_POINT('',(0.526293309875,30.329577862173));
#2753 = CARTESIAN_POINT('',(0.523799028758,30.336293919074));
#2754 = CARTESIAN_POINT('',(0.521304747642,30.343009975669));
#2755 = CARTESIAN_POINT('',(0.477981808398,30.459660539632));
#2756 = CARTESIAN_POINT('',(0.437139944429,30.569630525223));
#2757 = CARTESIAN_POINT('',(0.396313547698,30.679558794747));
#2758 = CARTESIAN_POINT('',(0.355487151924,30.789487058785));
#2759 = CARTESIAN_POINT('',(0.314645291148,30.899457028906));
#2760 = CARTESIAN_POINT('',(0.250906389559,31.071079231981));
#2761 = CARTESIAN_POINT('',(0.227995379053,31.132769025584));
#2762 = CARTESIAN_POINT('',(0.205085262577,31.1944564395));
#2763 = CARTESIAN_POINT('',(0.18217516218,31.256143835763));
#2764 = CARTESIAN_POINT('',(0.15926419858,31.317833573761));
#2765 = CARTESIAN_POINT('',(0.113628472822,31.440711699332));
#2766 = CARTESIAN_POINT('',(9.090221477286E-02,31.501904114608));
#2767 = CARTESIAN_POINT('',(6.817685520785E-02,31.563094106351));
#2768 = CARTESIAN_POINT('',(4.545153823594E-02,31.624283965558));
#2769 = CARTESIAN_POINT('',(2.272539768922E-02,31.685476011885));
#2770 = CARTESIAN_POINT('',(0.,31.746666022134));
#2771 = ( GEOMETRIC_REPRESENTATION_CONTEXT(2) 
PARAMETRIC_REPRESENTATION_CONTEXT() REPRESENTATION_CONTEXT('2D SPACE',''
  ) );
#2772 = ORIENTED_EDGE('',*,*,#688,.T.);
#2773 = ORIENTED_EDGE('',*,*,#2621,.F.);
#2774 = ORIENTED_EDGE('',*,*,#2775,.F.);
#2775 = EDGE_CURVE('',#2776,#2622,#2778,.T.);
#2776 = VERTEX_POINT('',#2777);
#2777 = CARTESIAN_POINT('',(8.543874570834E-02,4.999269969697,4.5));
#2778 = SURFACE_CURVE('',#2779,(#2784,#2795),.PCURVE_S1.);
#2779 = CIRCLE('',#2780,5.);
#2780 = AXIS2_PLACEMENT_3D('',#2781,#2782,#2783);
#2781 = CARTESIAN_POINT('',(0.,0.,4.5));
#2782 = DIRECTION('',(0.,0.,-1.));
#2783 = DIRECTION('',(1.,0.,0.));
#2784 = PCURVE('',#758,#2785);
#2785 = DEFINITIONAL_REPRESENTATION('',(#2786),#2794);
#2786 = ( BOUNDED_CURVE() B_SPLINE_CURVE(2,(#2787,#2788,#2789,#2790,
#2791,#2792,#2793),.UNSPECIFIED.,.T.,.F.) B_SPLINE_CURVE_WITH_KNOTS((1,2
    ,2,2,2,1),(-2.094395102393,0.,2.094395102393,4.188790204786,
6.28318530718,8.377580409573),.UNSPECIFIED.) CURVE() 
GEOMETRIC_REPRESENTATION_ITEM() RATIONAL_B_SPLINE_CURVE((1.,0.5,1.,0.5,
1.,0.5,1.)) REPRESENTATION_ITEM('') );
#2787 = CARTESIAN_POINT('',(5.,-4.512848766126E-16));
#2788 = CARTESIAN_POINT('',(5.,-8.660254037844));
#2789 = CARTESIAN_POINT('',(-2.5,-4.330127018922));
#2790 = CARTESIAN_POINT('',(-10.,-1.67593167576E-15));
#2791 = CARTESIAN_POINT('',(-2.5,4.330127018922));
#2792 = CARTESIAN_POINT('',(5.,8.660254037844));
#2793 = CARTESIAN_POINT('',(5.,-4.512848766126E-16));
#2794 = ( GEOMETRIC_REPRESENTATION_CONTEXT(2) 
PARAMETRIC_REPRESENTATION_CONTEXT() REPRESENTATION_CONTEXT('2D SPACE',''
  ) );
#2795 = PCURVE('',#2663,#2796);
#2796 = DEFINITIONAL_REPRESENTATION('',(#2797),#2801);
#2797 = LINE('',#2798,#2799);
#2798 = CARTESIAN_POINT('',(-6.28318530718,-12.51327412287));
#2799 = VECTOR('',#2800,1.);
#2800 = DIRECTION('',(1.,-0.));
#2801 = ( GEOMETRIC_REPRESENTATION_CONTEXT(2) 
PARAMETRIC_REPRESENTATION_CONTEXT() REPRESENTATION_CONTEXT('2D SPACE',''
  ) );
#2802 = ORIENTED_EDGE('',*,*,#2803,.T.);
#2803 = EDGE_CURVE('',#2776,#2679,#2804,.T.);
#2804 = SURFACE_CURVE('',#2805,(#2826,#2850),.PCURVE_S1.);
#2805 = B_SPLINE_CURVE_WITH_KNOTS('',7,(#2806,#2807,#2808,#2809,#2810,
    #2811,#2812,#2813,#2814,#2815,#2816,#2817,#2818,#2819,#2820,#2821,
    #2822,#2823,#2824,#2825),.UNSPECIFIED.,.F.,.F.,(8,6,6,8),(0.,
    0.401911192118,0.668490719522,1.),.UNSPECIFIED.);
#2806 = CARTESIAN_POINT('',(8.549490496436E-02,4.999254540052,4.5));
#2807 = CARTESIAN_POINT('',(-0.377680007538,5.126509316838,4.5));
#2808 = CARTESIAN_POINT('',(-0.856713480625,5.2007036057,4.5));
#2809 = CARTESIAN_POINT('',(-1.343664901389,5.221133637527,4.5));
#2810 = CARTESIAN_POINT('',(-1.831237738947,5.188555011274,4.5));
#2811 = CARTESIAN_POINT('',(-2.312801997997,5.1046673542,4.5));
#2812 = CARTESIAN_POINT('',(-2.782377704447,4.971983655571,4.5));
#2813 = CARTESIAN_POINT('',(-3.534643401661,4.67551932296,4.5));
#2814 = CARTESIAN_POINT('',(-3.82708639927,4.537227631544,4.5));
#2815 = CARTESIAN_POINT('',(-4.110476431379,4.379779858391,4.5));
#2816 = CARTESIAN_POINT('',(-4.383468408025,4.204194960106,4.5));
#2817 = CARTESIAN_POINT('',(-4.644865459657,4.011571150486,4.5));
#2818 = CARTESIAN_POINT('',(-4.89360933536,3.803068980967,4.5));
#2819 = CARTESIAN_POINT('',(-5.421222854392,3.302386059294,4.5));
#2820 = CARTESIAN_POINT('',(-5.692690637175,3.002176733836,4.5));
#2821 = CARTESIAN_POINT('',(-5.941408057112,2.681605081551,4.5));
#2822 = CARTESIAN_POINT('',(-6.165970970085,2.343076361857,4.5));
#2823 = CARTESIAN_POINT('',(-6.365287106004,1.989030179287,4.5));
#2824 = CARTESIAN_POINT('',(-6.53854512663,1.621916677177,4.5));
#2825 = CARTESIAN_POINT('',(-6.685208703905,1.244191886275,4.5));
#2826 = PCURVE('',#758,#2827);
#2827 = DEFINITIONAL_REPRESENTATION('',(#2828),#2849);
#2828 = B_SPLINE_CURVE_WITH_KNOTS('',7,(#2829,#2830,#2831,#2832,#2833,
    #2834,#2835,#2836,#2837,#2838,#2839,#2840,#2841,#2842,#2843,#2844,
    #2845,#2846,#2847,#2848),.UNSPECIFIED.,.F.,.F.,(8,6,6,8),(0.,
    0.401911192118,0.668490719522,1.),.UNSPECIFIED.);
#2829 = CARTESIAN_POINT('',(8.549490496436E-02,4.999254540052));
#2830 = CARTESIAN_POINT('',(-0.377680007538,5.126509316838));
#2831 = CARTESIAN_POINT('',(-0.856713480625,5.2007036057));
#2832 = CARTESIAN_POINT('',(-1.343664901389,5.221133637527));
#2833 = CARTESIAN_POINT('',(-1.831237738947,5.188555011274));
#2834 = CARTESIAN_POINT('',(-2.312801997997,5.1046673542));
#2835 = CARTESIAN_POINT('',(-2.782377704447,4.971983655571));
#2836 = CARTESIAN_POINT('',(-3.534643401661,4.67551932296));
#2837 = CARTESIAN_POINT('',(-3.82708639927,4.537227631544));
#2838 = CARTESIAN_POINT('',(-4.110476431379,4.379779858391));
#2839 = CARTESIAN_POINT('',(-4.383468408025,4.204194960106));
#2840 = CARTESIAN_POINT('',(-4.644865459657,4.011571150486));
#2841 = CARTESIAN_POINT('',(-4.89360933536,3.803068980967));
#2842 = CARTESIAN_POINT('',(-5.421222854392,3.302386059294));
#2843 = CARTESIAN_POINT('',(-5.692690637175,3.002176733836));
#2844 = CARTESIAN_POINT('',(-5.941408057112,2.681605081551));
#2845 = CARTESIAN_POINT('',(-6.165970970085,2.343076361857));
#2846 = CARTESIAN_POINT('',(-6.365287106004,1.989030179287));
#2847 = CARTESIAN_POINT('',(-6.53854512663,1.621916677177));
#2848 = CARTESIAN_POINT('',(-6.685208703905,1.244191886275));
#2849 = ( GEOMETRIC_REPRESENTATION_CONTEXT(2) 
PARAMETRIC_REPRESENTATION_CONTEXT() REPRESENTATION_CONTEXT('2D SPACE',''
  ) );
#2850 = PCURVE('',#1645,#2851);
#2851 = DEFINITIONAL_REPRESENTATION('',(#2852),#2873);
#2852 = B_SPLINE_CURVE_WITH_KNOTS('',7,(#2853,#2854,#2855,#2856,#2857,
    #2858,#2859,#2860,#2861,#2862,#2863,#2864,#2865,#2866,#2867,#2868,
    #2869,#2870,#2871,#2872),.UNSPECIFIED.,.F.,.F.,(8,6,6,8),(0.,
    0.401911192118,0.668490719522,1.),.UNSPECIFIED.);
#2853 = CARTESIAN_POINT('',(1.885573995527,28.74217024291));
#2854 = CARTESIAN_POINT('',(1.760587687906,28.842396511578));
#2855 = CARTESIAN_POINT('',(1.63854421114,28.940263023683));
#2856 = CARTESIAN_POINT('',(1.519221857851,29.035947490619));
#2857 = CARTESIAN_POINT('',(1.402397577831,29.129628650998));
#2858 = CARTESIAN_POINT('',(1.287896509347,29.221446784567));
#2859 = CARTESIAN_POINT('',(1.175576785663,29.311515675583));
#2860 = CARTESIAN_POINT('',(0.992237660437,29.458534846914));
#2861 = CARTESIAN_POINT('',(0.920030483149,29.51643759815));
#2862 = CARTESIAN_POINT('',(0.848691015366,29.573644545984));
#2863 = CARTESIAN_POINT('',(0.77818268929,29.630185020618));
#2864 = CARTESIAN_POINT('',(0.708471725866,29.68608611191));
#2865 = CARTESIAN_POINT('',(0.639528678077,29.741371431794));
#2866 = CARTESIAN_POINT('',(0.486518010523,29.864070476154));
#2867 = CARTESIAN_POINT('',(0.402851634662,29.931162452137));
#2868 = CARTESIAN_POINT('',(0.320280326345,29.997376312087));
#2869 = CARTESIAN_POINT('',(0.238752730959,30.062753224497));
#2870 = CARTESIAN_POINT('',(0.158221611858,30.127331055298));
#2871 = CARTESIAN_POINT('',(7.864750176108E-02,30.191141443359));
#2872 = CARTESIAN_POINT('',(0.,30.254208761859));
#2873 = ( GEOMETRIC_REPRESENTATION_CONTEXT(2) 
PARAMETRIC_REPRESENTATION_CONTEXT() REPRESENTATION_CONTEXT('2D SPACE',''
  ) );
#2874 = FACE_BOUND('',#2875,.T.);
#2875 = EDGE_LOOP('',(#2876));
#2876 = ORIENTED_EDGE('',*,*,#2877,.T.);
#2877 = EDGE_CURVE('',#2878,#2878,#2880,.T.);
#2878 = VERTEX_POINT('',#2879);
#2879 = CARTESIAN_POINT('',(2.5,0.,4.5));
#2880 = SURFACE_CURVE('',#2881,(#2886,#2897),.PCURVE_S1.);
#2881 = CIRCLE('',#2882,2.5);
#2882 = AXIS2_PLACEMENT_3D('',#2883,#2884,#2885);
#2883 = CARTESIAN_POINT('',(0.,0.,4.5));
#2884 = DIRECTION('',(0.,0.,-1.));
#2885 = DIRECTION('',(1.,0.,0.));
#2886 = PCURVE('',#758,#2887);
#2887 = DEFINITIONAL_REPRESENTATION('',(#2888),#2896);
#2888 = ( BOUNDED_CURVE() B_SPLINE_CURVE(2,(#2889,#2890,#2891,#2892,
#2893,#2894,#2895),.UNSPECIFIED.,.T.,.F.) B_SPLINE_CURVE_WITH_KNOTS((1,2
    ,2,2,2,1),(-2.094395102393,0.,2.094395102393,4.188790204786,
6.28318530718,8.377580409573),.UNSPECIFIED.) CURVE() 
GEOMETRIC_REPRESENTATION_ITEM() RATIONAL_B_SPLINE_CURVE((1.,0.5,1.,0.5,
1.,0.5,1.)) REPRESENTATION_ITEM('') );
#2889 = CARTESIAN_POINT('',(2.5,-4.512848766126E-16));
#2890 = CARTESIAN_POINT('',(2.5,-4.330127018922));
#2891 = CARTESIAN_POINT('',(-1.25,-2.165063509461));
#2892 = CARTESIAN_POINT('',(-5.,-1.063608276186E-15));
#2893 = CARTESIAN_POINT('',(-1.25,2.165063509461));
#2894 = CARTESIAN_POINT('',(2.5,4.330127018922));
#2895 = CARTESIAN_POINT('',(2.5,-4.512848766126E-16));
#2896 = ( GEOMETRIC_REPRESENTATION_CONTEXT(2) 
PARAMETRIC_REPRESENTATION_CONTEXT() REPRESENTATION_CONTEXT('2D SPACE',''
  ) );
#2897 = PCURVE('',#2898,#2903);
#2898 = CYLINDRICAL_SURFACE('',#2899,2.5);
#2899 = AXIS2_PLACEMENT_3D('',#2900,#2901,#2902);
#2900 = CARTESIAN_POINT('',(0.,0.,-5.5));
#2901 = DIRECTION('',(-0.,-0.,-1.));
#2902 = DIRECTION('',(1.,0.,0.));
#2903 = DEFINITIONAL_REPRESENTATION('',(#2904),#2908);
#2904 = LINE('',#2905,#2906);
#2905 = CARTESIAN_POINT('',(-6.28318530718,-10.));
#2906 = VECTOR('',#2907,1.);
#2907 = DIRECTION('',(1.,-0.));
#2908 = ( GEOMETRIC_REPRESENTATION_CONTEXT(2) 
PARAMETRIC_REPRESENTATION_CONTEXT() REPRESENTATION_CONTEXT('2D SPACE',''
  ) );
#2909 = ADVANCED_FACE('',(#2910),#549,.F.);
#2910 = FACE_BOUND('',#2911,.F.);
#2911 = EDGE_LOOP('',(#2912,#2913,#3008,#3091));
#2912 = ORIENTED_EDGE('',*,*,#470,.F.);
#2913 = ORIENTED_EDGE('',*,*,#2914,.F.);
#2914 = EDGE_CURVE('',#2915,#392,#2917,.T.);
#2915 = VERTEX_POINT('',#2916);
#2916 = CARTESIAN_POINT('',(5.232082507531,-4.343425557067,-4.5));
#2917 = SURFACE_CURVE('',#2918,(#2946,#2977),.PCURVE_S1.);
#2918 = B_SPLINE_CURVE_WITH_KNOTS('',6,(#2919,#2920,#2921,#2922,#2923,
    #2924,#2925,#2926,#2927,#2928,#2929,#2930,#2931,#2932,#2933,#2934,
    #2935,#2936,#2937,#2938,#2939,#2940,#2941,#2942,#2943,#2944,#2945),
  .UNSPECIFIED.,.F.,.F.,(7,5,5,5,5,7),(0.,2.500085905972E-02,
    5.300180947868E-02,0.421995776373,0.710997888693,1.),.UNSPECIFIED.);
#2919 = CARTESIAN_POINT('',(5.232082507531,-4.343425557067,-4.5));
#2920 = CARTESIAN_POINT('',(5.257160941292,-4.313216484243,-4.5));
#2921 = CARTESIAN_POINT('',(5.282030068829,-4.282833653234,-4.5));
#2922 = CARTESIAN_POINT('',(5.306688384782,-4.252278876792,-4.5));
#2923 = CARTESIAN_POINT('',(5.331134405013,-4.221553984691,-4.5));
#2924 = CARTESIAN_POINT('',(5.355366666603,-4.190660823726,-4.5));
#2925 = CARTESIAN_POINT('',(5.406282825196,-4.124814558347,-4.5));
#2926 = CARTESIAN_POINT('',(5.432911975719,-4.089819120331,-4.5));
#2927 = CARTESIAN_POINT('',(5.459269153889,-4.054617562279,-4.5));
#2928 = CARTESIAN_POINT('',(5.485352368528,-4.01921252835,-4.5));
#2929 = CARTESIAN_POINT('',(5.51115966282,-3.983606688249,-4.5));
#2930 = CARTESIAN_POINT('',(5.873113894043,-3.475981541095,-4.5));
#2931 = CARTESIAN_POINT('',(6.161343869013,-2.96968000001,-4.5));
#2932 = CARTESIAN_POINT('',(6.396829716708,-2.435217122198,-4.5));
#2933 = CARTESIAN_POINT('',(6.576380020518,-1.879460163895,-4.5));
#2934 = CARTESIAN_POINT('',(6.697811397831,-1.309660143915,-4.5));
#2935 = CARTESIAN_POINT('',(6.809276478664,-0.282351899,-4.5));
#2936 = CARTESIAN_POINT('',(6.82209769914,0.172806692653,-4.5));
#2937 = CARTESIAN_POINT('',(6.798376243046,0.628235521474,-4.5));
#2938 = CARTESIAN_POINT('',(6.738230243086,1.080298075584,-4.5));
#2939 = CARTESIAN_POINT('',(6.642211168282,1.525398040025,-4.5));
#2940 = CARTESIAN_POINT('',(6.380575722797,2.394590248211,-4.5));
#2941 = CARTESIAN_POINT('',(6.214943276435,2.818735898666,-4.5));
#2942 = CARTESIAN_POINT('',(6.015554997891,3.228885149122,-4.5));
#2943 = CARTESIAN_POINT('',(5.783936228197,3.621734828272,-4.5));
#2944 = CARTESIAN_POINT('',(5.521995833407,3.994187451128,-4.5));
#2945 = CARTESIAN_POINT('',(5.232103539857,4.343400153239,-4.5));
#2946 = PCURVE('',#549,#2947);
#2947 = DEFINITIONAL_REPRESENTATION('',(#2948),#2976);
#2948 = B_SPLINE_CURVE_WITH_KNOTS('',6,(#2949,#2950,#2951,#2952,#2953,
    #2954,#2955,#2956,#2957,#2958,#2959,#2960,#2961,#2962,#2963,#2964,
    #2965,#2966,#2967,#2968,#2969,#2970,#2971,#2972,#2973,#2974,#2975),
  .UNSPECIFIED.,.F.,.F.,(7,5,5,5,5,7),(0.,2.500085905972E-02,
    5.300180947868E-02,0.421995776373,0.710997888693,1.),.UNSPECIFIED.);
#2949 = CARTESIAN_POINT('',(0.55428468661,6.020966490635));
#2950 = CARTESIAN_POINT('',(0.551975167404,6.027185061848));
#2951 = CARTESIAN_POINT('',(0.549665648103,6.033403633688));
#2952 = CARTESIAN_POINT('',(0.547356128684,6.039622206211));
#2953 = CARTESIAN_POINT('',(0.545046609126,6.045840779465));
#2954 = CARTESIAN_POINT('',(0.542737089409,6.052059353498));
#2955 = CARTESIAN_POINT('',(0.537840908316,6.065242729274));
#2956 = CARTESIAN_POINT('',(0.535254246887,6.072207531247));
#2957 = CARTESIAN_POINT('',(0.5326675852,6.079172334333));
#2958 = CARTESIAN_POINT('',(0.530080923232,6.086137138585));
#2959 = CARTESIAN_POINT('',(0.527494260959,6.093101944052));
#2960 = CARTESIAN_POINT('',(0.490820794924,6.191848337572));
#2961 = CARTESIAN_POINT('',(0.456728471938,6.283644852391));
#2962 = CARTESIAN_POINT('',(0.422642414192,6.375424532979));
#2963 = CARTESIAN_POINT('',(0.388556258084,6.467204458059));
#2964 = CARTESIAN_POINT('',(0.35446368048,6.559001622147));
#2965 = CARTESIAN_POINT('',(0.293678949772,6.722669577334));
#2966 = CARTESIAN_POINT('',(0.266979719117,6.79455944717));
#2967 = CARTESIAN_POINT('',(0.24028238941,6.866444161233));
#2968 = CARTESIAN_POINT('',(0.21358506776,6.938328823448));
#2969 = CARTESIAN_POINT('',(0.186885858628,7.010218553008));
#2970 = CARTESIAN_POINT('',(0.133490689676,7.153989263256));
#2971 = CARTESIAN_POINT('',(0.106791480544,7.225878992991));
#2972 = CARTESIAN_POINT('',(8.009415886152E-02,7.297763655648));
#2973 = CARTESIAN_POINT('',(5.339682917037E-02,7.369648370159));
#2974 = CARTESIAN_POINT('',(2.669759868244E-02,7.441538240094));
#2975 = CARTESIAN_POINT('',(0.,7.513423750908));
#2976 = ( GEOMETRIC_REPRESENTATION_CONTEXT(2) 
PARAMETRIC_REPRESENTATION_CONTEXT() REPRESENTATION_CONTEXT('2D SPACE',''
  ) );
#2977 = PCURVE('',#441,#2978);
#2978 = DEFINITIONAL_REPRESENTATION('',(#2979),#3007);
#2979 = B_SPLINE_CURVE_WITH_KNOTS('',6,(#2980,#2981,#2982,#2983,#2984,
    #2985,#2986,#2987,#2988,#2989,#2990,#2991,#2992,#2993,#2994,#2995,
    #2996,#2997,#2998,#2999,#3000,#3001,#3002,#3003,#3004,#3005,#3006),
  .UNSPECIFIED.,.F.,.F.,(7,5,5,5,5,7),(0.,2.500085905972E-02,
    5.300180947868E-02,0.421995776373,0.710997888693,1.),.UNSPECIFIED.);
#2980 = CARTESIAN_POINT('',(5.232082507531,-4.343425557067));
#2981 = CARTESIAN_POINT('',(5.257160941292,-4.313216484243));
#2982 = CARTESIAN_POINT('',(5.282030068829,-4.282833653234));
#2983 = CARTESIAN_POINT('',(5.306688384782,-4.252278876792));
#2984 = CARTESIAN_POINT('',(5.331134405013,-4.221553984691));
#2985 = CARTESIAN_POINT('',(5.355366666603,-4.190660823726));
#2986 = CARTESIAN_POINT('',(5.406282825196,-4.124814558347));
#2987 = CARTESIAN_POINT('',(5.432911975719,-4.089819120331));
#2988 = CARTESIAN_POINT('',(5.459269153889,-4.054617562279));
#2989 = CARTESIAN_POINT('',(5.485352368528,-4.01921252835));
#2990 = CARTESIAN_POINT('',(5.51115966282,-3.983606688249));
#2991 = CARTESIAN_POINT('',(5.873113894043,-3.475981541095));
#2992 = CARTESIAN_POINT('',(6.161343869013,-2.96968000001));
#2993 = CARTESIAN_POINT('',(6.396829716708,-2.435217122198));
#2994 = CARTESIAN_POINT('',(6.576380020518,-1.879460163895));
#2995 = CARTESIAN_POINT('',(6.697811397831,-1.309660143915));
#2996 = CARTESIAN_POINT('',(6.809276478664,-0.282351899));
#2997 = CARTESIAN_POINT('',(6.82209769914,0.172806692653));
#2998 = CARTESIAN_POINT('',(6.798376243046,0.628235521474));
#2999 = CARTESIAN_POINT('',(6.738230243086,1.080298075584));
#3000 = CARTESIAN_POINT('',(6.642211168282,1.525398040025));
#3001 = CARTESIAN_POINT('',(6.380575722797,2.394590248211));
#3002 = CARTESIAN_POINT('',(6.214943276435,2.818735898666));
#3003 = CARTESIAN_POINT('',(6.015554997891,3.228885149122));
#3004 = CARTESIAN_POINT('',(5.783936228197,3.621734828272));
#3005 = CARTESIAN_POINT('',(5.521995833407,3.994187451128));
#3006 = CARTESIAN_POINT('',(5.232103539857,4.343400153239));
#3007 = ( GEOMETRIC_REPRESENTATION_CONTEXT(2) 
PARAMETRIC_REPRESENTATION_CONTEXT() REPRESENTATION_CONTEXT('2D SPACE',''
  ) );
#3008 = ORIENTED_EDGE('',*,*,#3009,.T.);
#3009 = EDGE_CURVE('',#2915,#2679,#3010,.T.);
#3010 = SURFACE_CURVE('',#3011,(#3078,#3085),.PCURVE_S1.);
#3011 = B_SPLINE_CURVE_WITH_KNOTS('',9,(#3012,#3013,#3014,#3015,#3016,
    #3017,#3018,#3019,#3020,#3021,#3022,#3023,#3024,#3025,#3026,#3027,
    #3028,#3029,#3030,#3031,#3032,#3033,#3034,#3035,#3036,#3037,#3038,
    #3039,#3040,#3041,#3042,#3043,#3044,#3045,#3046,#3047,#3048,#3049,
    #3050,#3051,#3052,#3053,#3054,#3055,#3056,#3057,#3058,#3059,#3060,
    #3061,#3062,#3063,#3064,#3065,#3066,#3067,#3068,#3069,#3070,#3071,
    #3072,#3073,#3074,#3075,#3076,#3077),.UNSPECIFIED.,.F.,.F.,(10,8,8,8
    ,8,8,8,8,10),(0.,4.72095462366,9.441909247319,14.162863870979,
    18.883818494638,23.604773118298,28.325727741957,33.046682365617,
    37.767636989277),.UNSPECIFIED.);
#3012 = CARTESIAN_POINT('',(6.8,2.6645352591E-15,-6.736131779567));
#3013 = CARTESIAN_POINT('',(6.799998814324,3.311820377523,
    -6.541310986502));
#3014 = CARTESIAN_POINT('',(4.985116724873,6.624237404071,
    -6.346528918981));
#3015 = CARTESIAN_POINT('',(1.357726837148,8.795901922393,
    -6.151638899173));
#3016 = CARTESIAN_POINT('',(-3.261031970802,8.712246931356,
    -5.956953918114));
#3017 = CARTESIAN_POINT('',(-7.190801673868,5.901706194613,
    -5.761990076182));
#3018 = CARTESIAN_POINT('',(-8.762675041886,1.557823566776,
    -5.567302889575));
#3019 = CARTESIAN_POINT('',(-7.879865160175,-2.57673850862,
    -5.372416274342));
#3020 = CARTESIAN_POINT('',(-5.331749869577,-5.364756115764,
    -5.17763092333));
#3021 = CARTESIAN_POINT('',(0.936440533459,-7.505412813812,
    -4.787993944497));
#3022 = CARTESIAN_POINT('',(4.657641607058,-6.858445786879,
    -4.593208265933));
#3023 = CARTESIAN_POINT('',(7.885082189157,-4.12756542976,
    -4.398322779602));
#3024 = CARTESIAN_POINT('',(9.298627634517,0.270369048765,
    -4.203633195619));
#3025 = CARTESIAN_POINT('',(7.908952609503,4.897573996567,
    -4.008673121172));
#3026 = CARTESIAN_POINT('',(4.306185273048,7.78897033676,-3.813983493864
    ));
#3027 = CARTESIAN_POINT('',(0.108190000726,8.289761768236,
    -3.619098074411));
#3028 = CARTESIAN_POINT('',(-3.353722749031,6.779432774444,
    -3.424312331347));
#3029 = CARTESIAN_POINT('',(-7.405285211875,1.539445770831,
    -3.034675443021));
#3030 = CARTESIAN_POINT('',(-7.995671576926,-2.191150375386,
    -2.83988969354));
#3031 = CARTESIAN_POINT('',(-6.454400047257,-6.127971738759,
    -2.645004296218));
#3032 = CARTESIAN_POINT('',(-2.749312431986,-8.887004912821,
    -2.450314621885));
#3033 = CARTESIAN_POINT('',(2.07869950582,-9.067346409232,
    -2.255354621371));
#3034 = CARTESIAN_POINT('',(5.979290460012,-6.592372566857,
    -2.06066494618));
#3035 = CARTESIAN_POINT('',(7.809934439801,-2.781506661082,
    -1.865779550179));
#3036 = CARTESIAN_POINT('',(7.49949234652,0.982740843295,-1.670993799428
    ));
#3037 = CARTESIAN_POINT('',(3.850106362348,6.510362766224,
    -1.281356912877));
#3038 = CARTESIAN_POINT('',(0.510512753478,8.274737498238,
    -1.086571162004));
#3039 = CARTESIAN_POINT('',(-3.713158002719,8.088496476156,
    -0.891685766428));
#3040 = CARTESIAN_POINT('',(-7.521557261342,5.473915557959,
    -0.696996090324));
#3041 = CARTESIAN_POINT('',(-9.252559564759,0.963277758821,
    -0.502036091257));
#3042 = CARTESIAN_POINT('',(-8.171013349202,-3.527864979307,
    -0.307346415131));
#3043 = CARTESIAN_POINT('',(-5.15628962509,-6.49188205085,
    -0.112461019587));
#3044 = CARTESIAN_POINT('',(-1.493716724279,-7.414646004236,
    8.232473131303E-02));
#3045 = CARTESIAN_POINT('',(4.916695758552,-5.747542532864,0.47196161783
    ));
#3046 = CARTESIAN_POINT('',(7.66569195197,-3.157383542381,0.666747368729
    ));
#3047 = CARTESIAN_POINT('',(8.854470324132,0.899818246646,0.861632764273
    ));
#3048 = CARTESIAN_POINT('',(7.611013982893,5.348835510982,1.056322440405
    ));
#3049 = CARTESIAN_POINT('',(3.901868296912,8.444713514003,1.251282439459
    ));
#3050 = CARTESIAN_POINT('',(-0.697800618051,8.872675175081,1.44597211558
    ));
#3051 = CARTESIAN_POINT('',(-4.47706859896,6.977658061283,1.640857511143
    ));
#3052 = CARTESIAN_POINT('',(-6.53400014025,3.809856583618,1.83564326202)
  );
#3053 = CARTESIAN_POINT('',(-7.028106151938,-2.795329366334,
    2.225280148572));
#3054 = CARTESIAN_POINT('',(-5.465378502104,-6.233902611148,
    2.420065899318));
#3055 = CARTESIAN_POINT('',(-2.010097250149,-8.670111108974,
    2.614951295329));
#3056 = CARTESIAN_POINT('',(2.602033657628,-8.931237093322,2.80964097051
    ));
#3057 = CARTESIAN_POINT('',(6.730512801008,-6.421678906257,
    3.004600971028));
#3058 = CARTESIAN_POINT('',(8.622050046573,-2.207157325276,
    3.199290645363));
#3059 = CARTESIAN_POINT('',(8.050128041083,1.981740089868,3.394176042683
    ));
#3060 = CARTESIAN_POINT('',(5.717091952351,4.952072760724,3.588961792163
    ));
#3061 = CARTESIAN_POINT('',(-0.373945714731,7.554356819353,
    3.978598680495));
#3062 = CARTESIAN_POINT('',(-4.133040639027,7.186785025613,4.17338442353
    ));
#3063 = CARTESIAN_POINT('',(-7.555205744952,4.70427292449,4.368269843054
    ));
#3064 = CARTESIAN_POINT('',(-9.292887915408,0.42403939852,4.562959470252
    ));
#3065 = CARTESIAN_POINT('',(-8.252263215857,-4.293939245161,
    4.757919544825));
#3066 = CARTESIAN_POINT('',(-4.875225373554,-7.446037077587,
    4.952609128698));
#3067 = CARTESIAN_POINT('',(-0.726284721694,-8.258593443373,
    5.147494615103));
#3068 = CARTESIAN_POINT('',(2.838649049378,-7.010722975292,
    5.342280293632));
#3069 = CARTESIAN_POINT('',(7.269813080488,-2.087572793859,
    5.731917272482));
#3070 = CARTESIAN_POINT('',(8.136847874373,1.588587414256,5.926702623458
    ));
#3071 = CARTESIAN_POINT('',(6.893548217567,5.629414977635,6.12158923877)
  );
#3072 = CARTESIAN_POINT('',(3.404600996659,8.657150945992,6.316276425254
    ));
#3073 = CARTESIAN_POINT('',(-1.396505361494,9.19714848752,6.511240267334
    ));
#3074 = CARTESIAN_POINT('',(-5.470855650421,7.020044633579,
    6.705925248249));
#3075 = CARTESIAN_POINT('',(-7.580679906601,3.35635910667,6.900815268171
    ));
#3076 = CARTESIAN_POINT('',(-7.551906876298,-0.420558871057,
    7.09559733562));
#3077 = CARTESIAN_POINT('',(-5.938471393884,-3.312786443873,
    7.290418128719));
#3078 = PCURVE('',#549,#3079);
#3079 = DEFINITIONAL_REPRESENTATION('',(#3080),#3084);
#3080 = LINE('',#3081,#3082);
#3081 = CARTESIAN_POINT('',(0.55428468661,0.));
#3082 = VECTOR('',#3083,1.);
#3083 = DIRECTION('',(0.,1.));
#3084 = ( GEOMETRIC_REPRESENTATION_CONTEXT(2) 
PARAMETRIC_REPRESENTATION_CONTEXT() REPRESENTATION_CONTEXT('2D SPACE',''
  ) );
#3085 = PCURVE('',#1645,#3086);
#3086 = DEFINITIONAL_REPRESENTATION('',(#3087),#3090);
#3087 = B_SPLINE_CURVE_WITH_KNOTS('',1,(#3088,#3089),.UNSPECIFIED.,.F.,
  .F.,(2,2),(0.,37.767636989277),.PIECEWISE_BEZIER_KNOTS.);
#3088 = CARTESIAN_POINT('',(0.,0.));
#3089 = CARTESIAN_POINT('',(0.,37.767636989277));
#3090 = ( GEOMETRIC_REPRESENTATION_CONTEXT(2) 
PARAMETRIC_REPRESENTATION_CONTEXT() REPRESENTATION_CONTEXT('2D SPACE',''
  ) );
#3091 = ORIENTED_EDGE('',*,*,#2678,.T.);
#3092 = ADVANCED_FACE('',(#3093,#3200),#441,.F.);
#3093 = FACE_BOUND('',#3094,.F.);
#3094 = EDGE_LOOP('',(#3095,#3096,#3198,#3199));
#3095 = ORIENTED_EDGE('',*,*,#1847,.F.);
#3096 = ORIENTED_EDGE('',*,*,#3097,.T.);
#3097 = EDGE_CURVE('',#1504,#2915,#3098,.T.);
#3098 = SURFACE_CURVE('',#3099,(#3130,#3164),.PCURVE_S1.);
#3099 = B_SPLINE_CURVE_WITH_KNOTS('',8,(#3100,#3101,#3102,#3103,#3104,
    #3105,#3106,#3107,#3108,#3109,#3110,#3111,#3112,#3113,#3114,#3115,
    #3116,#3117,#3118,#3119,#3120,#3121,#3122,#3123,#3124,#3125,#3126,
    #3127,#3128,#3129),.UNSPECIFIED.,.F.,.F.,(9,7,7,7,9),(0.,
    0.194215184382,0.401948087485,0.668508013865,1.),.UNSPECIFIED.);
#3100 = CARTESIAN_POINT('',(-2.510193480694,-4.324207635201,-4.5));
#3101 = CARTESIAN_POINT('',(-2.365395215155,-4.466587775394,-4.5));
#3102 = CARTESIAN_POINT('',(-2.213642875194,-4.602210270355,-4.5));
#3103 = CARTESIAN_POINT('',(-2.055401862906,-4.730761553484,-4.5));
#3104 = CARTESIAN_POINT('',(-1.891132365118,-4.851962304263,-4.5));
#3105 = CARTESIAN_POINT('',(-1.72132140048,-4.965589205881,-4.5));
#3106 = CARTESIAN_POINT('',(-1.546422190482,-5.071423923204,-4.5));
#3107 = CARTESIAN_POINT('',(-1.366915438692,-5.169312755558,-4.5));
#3108 = CARTESIAN_POINT('',(-0.986838658923,-5.355171890578,-4.5));
#3109 = CARTESIAN_POINT('',(-0.785669260412,-5.441979581293,-4.5));
#3110 = CARTESIAN_POINT('',(-0.580331906955,-5.519376401024,-4.5));
#3111 = CARTESIAN_POINT('',(-0.371390534916,-5.587240412169,-4.5));
#3112 = CARTESIAN_POINT('',(-0.15940005642,-5.645488732321,-4.5));
#3113 = CARTESIAN_POINT('',(5.509463531893E-02,-5.69407480151,-4.5));
#3114 = CARTESIAN_POINT('',(0.271559660674,-5.732985649452,-4.5));
#3115 = CARTESIAN_POINT('',(0.769096656862,-5.799776857819,-4.5));
#3116 = CARTESIAN_POINT('',(1.051111314475,-5.821414179493,-4.5));
#3117 = CARTESIAN_POINT('',(1.334415903053,-5.827189206786,-4.5));
#3118 = CARTESIAN_POINT('',(1.617954679008,-5.817226800614,-4.5));
#3119 = CARTESIAN_POINT('',(1.900717327576,-5.791726678609,-4.5));
#3120 = CARTESIAN_POINT('',(2.181738908821,-5.750954531596,-4.5));
#3121 = CARTESIAN_POINT('',(2.460099795302,-5.69523618176,-4.5));
#3122 = CARTESIAN_POINT('',(3.076696975467,-5.537553345494,-4.5));
#3123 = CARTESIAN_POINT('',(3.41301854649,-5.427625212611,-4.5));
#3124 = CARTESIAN_POINT('',(3.742214625111,-5.29590189769,-4.5));
#3125 = CARTESIAN_POINT('',(4.062751214451,-5.143238131828,-4.5));
#3126 = CARTESIAN_POINT('',(4.373225517409,-4.970587506352,-4.5));
#3127 = CARTESIAN_POINT('',(4.672358591121,-4.778985393134,-4.5));
#3128 = CARTESIAN_POINT('',(4.958991148598,-4.569539142261,-4.5));
#3129 = CARTESIAN_POINT('',(5.232082507531,-4.343425557067,-4.5));
#3130 = PCURVE('',#441,#3131);
#3131 = DEFINITIONAL_REPRESENTATION('',(#3132),#3163);
#3132 = B_SPLINE_CURVE_WITH_KNOTS('',8,(#3133,#3134,#3135,#3136,#3137,
    #3138,#3139,#3140,#3141,#3142,#3143,#3144,#3145,#3146,#3147,#3148,
    #3149,#3150,#3151,#3152,#3153,#3154,#3155,#3156,#3157,#3158,#3159,
    #3160,#3161,#3162),.UNSPECIFIED.,.F.,.F.,(9,7,7,7,9),(0.,
    0.194215184382,0.401948087485,0.668508013865,1.),.UNSPECIFIED.);
#3133 = CARTESIAN_POINT('',(-2.510193480694,-4.324207635201));
#3134 = CARTESIAN_POINT('',(-2.365395215155,-4.466587775394));
#3135 = CARTESIAN_POINT('',(-2.213642875194,-4.602210270355));
#3136 = CARTESIAN_POINT('',(-2.055401862906,-4.730761553484));
#3137 = CARTESIAN_POINT('',(-1.891132365118,-4.851962304263));
#3138 = CARTESIAN_POINT('',(-1.72132140048,-4.965589205881));
#3139 = CARTESIAN_POINT('',(-1.546422190482,-5.071423923204));
#3140 = CARTESIAN_POINT('',(-1.366915438692,-5.169312755558));
#3141 = CARTESIAN_POINT('',(-0.986838658923,-5.355171890578));
#3142 = CARTESIAN_POINT('',(-0.785669260412,-5.441979581293));
#3143 = CARTESIAN_POINT('',(-0.580331906955,-5.519376401024));
#3144 = CARTESIAN_POINT('',(-0.371390534916,-5.587240412169));
#3145 = CARTESIAN_POINT('',(-0.15940005642,-5.645488732321));
#3146 = CARTESIAN_POINT('',(5.509463531893E-02,-5.69407480151));
#3147 = CARTESIAN_POINT('',(0.271559660674,-5.732985649452));
#3148 = CARTESIAN_POINT('',(0.769096656862,-5.799776857819));
#3149 = CARTESIAN_POINT('',(1.051111314475,-5.821414179493));
#3150 = CARTESIAN_POINT('',(1.334415903053,-5.827189206786));
#3151 = CARTESIAN_POINT('',(1.617954679008,-5.817226800614));
#3152 = CARTESIAN_POINT('',(1.900717327576,-5.791726678609));
#3153 = CARTESIAN_POINT('',(2.181738908821,-5.750954531596));
#3154 = CARTESIAN_POINT('',(2.460099795302,-5.69523618176));
#3155 = CARTESIAN_POINT('',(3.076696975467,-5.537553345494));
#3156 = CARTESIAN_POINT('',(3.41301854649,-5.427625212611));
#3157 = CARTESIAN_POINT('',(3.742214625111,-5.29590189769));
#3158 = CARTESIAN_POINT('',(4.062751214451,-5.143238131828));
#3159 = CARTESIAN_POINT('',(4.373225517409,-4.970587506352));
#3160 = CARTESIAN_POINT('',(4.672358591121,-4.778985393134));
#3161 = CARTESIAN_POINT('',(4.958991148598,-4.569539142261));
#3162 = CARTESIAN_POINT('',(5.232082507531,-4.343425557067));
#3163 = ( GEOMETRIC_REPRESENTATION_CONTEXT(2) 
PARAMETRIC_REPRESENTATION_CONTEXT() REPRESENTATION_CONTEXT('2D SPACE',''
  ) );
#3164 = PCURVE('',#1645,#3165);
#3165 = DEFINITIONAL_REPRESENTATION('',(#3166),#3197);
#3166 = B_SPLINE_CURVE_WITH_KNOTS('',8,(#3167,#3168,#3169,#3170,#3171,
    #3172,#3173,#3174,#3175,#3176,#3177,#3178,#3179,#3180,#3181,#3182,
    #3183,#3184,#3185,#3186,#3187,#3188,#3189,#3190,#3191,#3192,#3193,
    #3194,#3195,#3196),.UNSPECIFIED.,.F.,.F.,(9,7,7,7,9),(0.,
    0.194215184382,0.401948087485,0.668508013865,1.),.UNSPECIFIED.);
#3167 = CARTESIAN_POINT('',(1.885573995527,4.508928610792));
#3168 = CARTESIAN_POINT('',(1.8327344651,4.551300574831));
#3169 = CARTESIAN_POINT('',(1.780409931885,4.593259631513));
#3170 = CARTESIAN_POINT('',(1.728580957587,4.634820969529));
#3171 = CARTESIAN_POINT('',(1.677241960502,4.675990225273));
#3172 = CARTESIAN_POINT('',(1.62635965097,4.716792031968));
#3173 = CARTESIAN_POINT('',(1.575938170286,4.757224841048));
#3174 = CARTESIAN_POINT('',(1.525956400874,4.797305011746));
#3175 = CARTESIAN_POINT('',(1.423403570037,4.879541774831));
#3176 = CARTESIAN_POINT('',(1.370893418985,4.921649532408));
#3177 = CARTESIAN_POINT('',(1.318859051224,4.963375808384));
#3178 = CARTESIAN_POINT('',(1.267286095452,5.004732118771));
#3179 = CARTESIAN_POINT('',(1.216160897109,5.045729400274));
#3180 = CARTESIAN_POINT('',(1.165470673416,5.086377889434));
#3181 = CARTESIAN_POINT('',(1.115203668401,5.126687001771));
#3182 = CARTESIAN_POINT('',(1.001376896929,5.217964684083));
#3183 = CARTESIAN_POINT('',(0.93808249338,5.268720456266));
#3184 = CARTESIAN_POINT('',(0.875443283418,5.318950805217));
#3185 = CARTESIAN_POINT('',(0.813436533464,5.368673952387));
#3186 = CARTESIAN_POINT('',(0.752040550865,5.417907291453));
#3187 = CARTESIAN_POINT('',(0.691235389243,5.466666821027));
#3188 = CARTESIAN_POINT('',(0.631003298548,5.514966781555));
#3189 = CARTESIAN_POINT('',(0.497118296363,5.622328784637));
#3190 = CARTESIAN_POINT('',(0.423766485943,5.681149365298));
#3191 = CARTESIAN_POINT('',(0.35124255506,5.739306058058));
#3192 = CARTESIAN_POINT('',(0.27951458764,5.796824472412));
#3193 = CARTESIAN_POINT('',(0.20855195188,5.853729185421));
#3194 = CARTESIAN_POINT('',(0.13832697479,5.910042396513));
#3195 = CARTESIAN_POINT('',(6.881602445541E-02,5.965783059329));
#3196 = CARTESIAN_POINT('',(0.,6.020966490635));
#3197 = ( GEOMETRIC_REPRESENTATION_CONTEXT(2) 
PARAMETRIC_REPRESENTATION_CONTEXT() REPRESENTATION_CONTEXT('2D SPACE',''
  ) );
#3198 = ORIENTED_EDGE('',*,*,#2914,.T.);
#3199 = ORIENTED_EDGE('',*,*,#391,.T.);
#3200 = FACE_BOUND('',#3201,.F.);
#3201 = EDGE_LOOP('',(#3202));
#3202 = ORIENTED_EDGE('',*,*,#3203,.T.);
#3203 = EDGE_CURVE('',#3204,#3204,#3206,.T.);
#3204 = VERTEX_POINT('',#3205);
#3205 = CARTESIAN_POINT('',(2.5,0.,-4.5));
#3206 = SURFACE_CURVE('',#3207,(#3212,#3223),.PCURVE_S1.);
#3207 = CIRCLE('',#3208,2.5);
#3208 = AXIS2_PLACEMENT_3D('',#3209,#3210,#3211);
#3209 = CARTESIAN_POINT('',(0.,0.,-4.5));
#3210 = DIRECTION('',(0.,0.,-1.));
#3211 = DIRECTION('',(1.,0.,0.));
#3212 = PCURVE('',#441,#3213);
#3213 = DEFINITIONAL_REPRESENTATION('',(#3214),#3222);
#3214 = ( BOUNDED_CURVE() B_SPLINE_CURVE(2,(#3215,#3216,#3217,#3218,
#3219,#3220,#3221),.UNSPECIFIED.,.T.,.F.) B_SPLINE_CURVE_WITH_KNOTS((1,2
    ,2,2,2,1),(-2.094395102393,0.,2.094395102393,4.188790204786,
6.28318530718,8.377580409573),.UNSPECIFIED.) CURVE() 
GEOMETRIC_REPRESENTATION_ITEM() RATIONAL_B_SPLINE_CURVE((1.,0.5,1.,0.5,
1.,0.5,1.)) REPRESENTATION_ITEM('') );
#3215 = CARTESIAN_POINT('',(2.5,-4.512848766126E-16));
#3216 = CARTESIAN_POINT('',(2.5,-4.330127018922));
#3217 = CARTESIAN_POINT('',(-1.25,-2.165063509461));
#3218 = CARTESIAN_POINT('',(-5.,-1.063608276186E-15));
#3219 = CARTESIAN_POINT('',(-1.25,2.165063509461));
#3220 = CARTESIAN_POINT('',(2.5,4.330127018922));
#3221 = CARTESIAN_POINT('',(2.5,-4.512848766126E-16));
#3222 = ( GEOMETRIC_REPRESENTATION_CONTEXT(2) 
PARAMETRIC_REPRESENTATION_CONTEXT() REPRESENTATION_CONTEXT('2D SPACE',''
  ) );
#3223 = PCURVE('',#2898,#3224);
#3224 = DEFINITIONAL_REPRESENTATION('',(#3225),#3229);
#3225 = LINE('',#3226,#3227);
#3226 = CARTESIAN_POINT('',(-6.28318530718,-1.));
#3227 = VECTOR('',#3228,1.);
#3228 = DIRECTION('',(1.,-0.));
#3229 = ( GEOMETRIC_REPRESENTATION_CONTEXT(2) 
PARAMETRIC_REPRESENTATION_CONTEXT() REPRESENTATION_CONTEXT('2D SPACE',''
  ) );
#3230 = ADVANCED_FACE('',(#3231),#1645,.F.);
#3231 = FACE_BOUND('',#3232,.F.);
#3232 = EDGE_LOOP('',(#3233,#3234,#3235,#3236,#3237,#3238,#3239,#3467));
#3233 = ORIENTED_EDGE('',*,*,#3009,.F.);
#3234 = ORIENTED_EDGE('',*,*,#3097,.F.);
#3235 = ORIENTED_EDGE('',*,*,#1503,.T.);
#3236 = ORIENTED_EDGE('',*,*,#1898,.T.);
#3237 = ORIENTED_EDGE('',*,*,#2133,.T.);
#3238 = ORIENTED_EDGE('',*,*,#2410,.T.);
#3239 = ORIENTED_EDGE('',*,*,#3240,.T.);
#3240 = EDGE_CURVE('',#2411,#2776,#3241,.T.);
#3241 = SURFACE_CURVE('',#3242,(#3315,#3391),.PCURVE_S1.);
#3242 = B_SPLINE_CURVE_WITH_KNOTS('',8,(#3243,#3244,#3245,#3246,#3247,
    #3248,#3249,#3250,#3251,#3252,#3253,#3254,#3255,#3256,#3257,#3258,
    #3259,#3260,#3261,#3262,#3263,#3264,#3265,#3266,#3267,#3268,#3269,
    #3270,#3271,#3272,#3273,#3274,#3275,#3276,#3277,#3278,#3279,#3280,
    #3281,#3282,#3283,#3284,#3285,#3286,#3287,#3288,#3289,#3290,#3291,
    #3292,#3293,#3294,#3295,#3296,#3297,#3298,#3299,#3300,#3301,#3302,
    #3303,#3304,#3305,#3306,#3307,#3308,#3309,#3310,#3311,#3312,#3313,
    #3314),.UNSPECIFIED.,.F.,.F.,(9,7,7,7,7,7,7,7,7,7,9),(0.,
    0.151746670911,0.195884356746,0.266419437844,0.356229591769,
    0.439188358244,0.560898061203,0.699946125665,0.856649829139,
    0.892584429149,1.),.UNSPECIFIED.);
#3243 = CARTESIAN_POINT('',(5.,-2.6645352591E-15,3.878518878556));
#3244 = CARTESIAN_POINT('',(5.,0.595771581626,3.926179141077));
#3245 = CARTESIAN_POINT('',(4.918869587418,1.192317781607,3.973901359682
    ));
#3246 = CARTESIAN_POINT('',(4.756243522291,1.775513007864,4.021588693435
    ));
#3247 = CARTESIAN_POINT('',(4.515131602879,2.33256270775,4.069255780996)
  );
#3248 = CARTESIAN_POINT('',(4.200350048447,2.851550616436,4.116924427433
    ));
#3249 = CARTESIAN_POINT('',(3.818832591315,3.321657781195,4.164611457446
    ));
#3250 = CARTESIAN_POINT('',(3.379265170493,3.733030192035,4.212334046871
    ));
#3251 = CARTESIAN_POINT('',(2.752048590956,4.178068672483,4.27385879607)
  );
#3252 = CARTESIAN_POINT('',(2.606745190216,4.272751883902,4.287722344942
    ));
#3253 = CARTESIAN_POINT('',(2.457725931831,4.361654728855,4.301585974864
    ));
#3254 = CARTESIAN_POINT('',(2.305260160349,4.444607448367,4.315449973172
    ));
#3255 = CARTESIAN_POINT('',(2.149626108484,4.521455471692,4.329314382414
    ));
#3256 = CARTESIAN_POINT('',(1.991110683807,4.592059545563,4.343178706807
    ));
#3257 = CARTESIAN_POINT('',(1.830009669381,4.656296229739,4.357042247407
    ));
#3258 = CARTESIAN_POINT('',(1.405533647501,4.806367283833,4.39305881095)
  );
#3259 = CARTESIAN_POINT('',(1.13858538257,4.882152558357,4.415213196629)
  );
#3260 = CARTESIAN_POINT('',(0.867024331266,4.940973417581,4.437367339929
    ));
#3261 = CARTESIAN_POINT('',(0.592109697443,4.982511738295,4.459521276182
    ));
#3262 = CARTESIAN_POINT('',(0.315116072351,5.006561012328,4.481675603698
    ));
#3263 = CARTESIAN_POINT('',(3.733134872795E-02,5.01302283722,
    4.503830911991));
#3264 = CARTESIAN_POINT('',(-0.239944422327,5.00191132415,4.525986993719
    ));
#3265 = CARTESIAN_POINT('',(-0.866127386274,4.937018803482,
    4.576350926521));
#3266 = CARTESIAN_POINT('',(-1.213976560157,4.872399630959,
    4.604563813822));
#3267 = CARTESIAN_POINT('',(-1.556210647933,4.779777904962,
    4.632774490049));
#3268 = CARTESIAN_POINT('',(-1.890205233873,4.659746993771,
    4.660982736381));
#3269 = CARTESIAN_POINT('',(-2.213437491213,4.513177653065,
    4.689191134177));
#3270 = CARTESIAN_POINT('',(-2.523488186343,4.341201571818,
    4.717402093826));
#3271 = CARTESIAN_POINT('',(-2.818055787874,4.1452244456,4.745614905623)
  );
#3272 = CARTESIAN_POINT('',(-3.350783527373,3.725362892145,
    4.799878810458));
#3273 = CARTESIAN_POINT('',(-3.591604932231,3.504691013447,
    4.825937869789));
#3274 = CARTESIAN_POINT('',(-3.815743683529,3.266283618962,
    4.851995790733));
#3275 = CARTESIAN_POINT('',(-4.0216885295,3.01162656861,4.878052171236)
  );
#3276 = CARTESIAN_POINT('',(-4.208097656687,2.742339335709,
    4.904108513594));
#3277 = CARTESIAN_POINT('',(-4.373793277333,2.46016592472,4.930166269006
    ));
#3278 = CARTESIAN_POINT('',(-4.517773325733,2.166978275473,
    4.956224820174));
#3279 = CARTESIAN_POINT('',(-4.817445720892,1.421451628647,
    5.020504360548));
#3280 = CARTESIAN_POINT('',(-4.947330141037,0.958403419043,
    5.058749922528));
#3281 = CARTESIAN_POINT('',(-5.026172080812,0.482148456714,
    5.096984468015));
#3282 = CARTESIAN_POINT('',(-5.052565147914,-7.130142919154E-04,
    5.135210122458));
#3283 = CARTESIAN_POINT('',(-5.026033091881,-0.483559600877,
    5.173435633108));
#3284 = CARTESIAN_POINT('',(-4.947061404384,-0.959775426373,
    5.211669762639));
#3285 = CARTESIAN_POINT('',(-4.817055563993,-1.422776472315,
    5.249915460045));
#3286 = CARTESIAN_POINT('',(-4.434987430062,-2.372527716351,
    5.331814939469));
#3287 = CARTESIAN_POINT('',(-4.167872560592,-2.854018319232,
    5.375527853029));
#3288 = CARTESIAN_POINT('',(-3.841172623061,-3.300541812019,
    5.419218580433));
#3289 = CARTESIAN_POINT('',(-3.460477277795,-3.70370583415,5.46289381376
    ));
#3290 = CARTESIAN_POINT('',(-3.032421788771,-4.056180447848,
    5.506567660527));
#3291 = CARTESIAN_POINT('',(-2.564769371695,-4.351843160141,
    5.550255320139));
#3292 = CARTESIAN_POINT('',(-2.06627149088,-4.585686935281,5.59396504544
    ));
#3293 = CARTESIAN_POINT('',(-0.962149991137,-4.944972429325,
    5.68685082022));
#3294 = CARTESIAN_POINT('',(-0.349503210081,-5.053353647094,
    5.736138598861));
#3295 = CARTESIAN_POINT('',(0.276023865192,-5.074487717667,
    5.785384401839));
#3296 = CARTESIAN_POINT('',(0.899991887619,-5.007324290663,
    5.834607454268));
#3297 = CARTESIAN_POINT('',(1.508297675715,-4.853006291614,
    5.883832334175));
#3298 = CARTESIAN_POINT('',(2.08732092084,-4.615369614009,5.933077700859
    ));
#3299 = CARTESIAN_POINT('',(2.623884350681,-4.300431440912,
    5.982366155011));
#3300 = CARTESIAN_POINT('',(3.216548332503,-3.830629115106,
    6.042868701512));
#3301 = CARTESIAN_POINT('',(3.32427907807,-3.739426249369,6.054154998547
    ));
#3302 = CARTESIAN_POINT('',(3.42905005042,-3.644764335161,6.0654414123)
  );
#3303 = CARTESIAN_POINT('',(3.530731371311,-3.546756139588,
    6.076727854799));
#3304 = CARTESIAN_POINT('',(3.629198722657,-3.445519941769,
    6.088014232231));
#3305 = CARTESIAN_POINT('',(3.724333346533,-3.34117953284,6.099300444935
    ));
#3306 = CARTESIAN_POINT('',(3.816022045168,-3.233864215954,
    6.110586387408));
#3307 = CARTESIAN_POINT('',(4.167610396504,-2.79443267104,6.155606704379
    ));
#3308 = CARTESIAN_POINT('',(4.399411704103,-2.439653840843,
    6.189351864229));
#3309 = CARTESIAN_POINT('',(4.596541151544,-2.063076266259,
    6.223093968847));
#3310 = CARTESIAN_POINT('',(4.756665812459,-1.668695172295,
    6.256831960051));
#3311 = CARTESIAN_POINT('',(4.878017935556,-1.26071531376,6.290569376253
    ));
#3312 = CARTESIAN_POINT('',(4.959353581489,-0.843523811125,
    6.324310930113));
#3313 = CARTESIAN_POINT('',(5.,-0.421694409083,6.358057415179));
#3314 = CARTESIAN_POINT('',(5.,-7.105427357601E-15,6.391792888672));
#3315 = PCURVE('',#1645,#3316);
#3316 = DEFINITIONAL_REPRESENTATION('',(#3317),#3390);
#3317 = B_SPLINE_CURVE_WITH_KNOTS('',8,(#3318,#3319,#3320,#3321,#3322,
    #3323,#3324,#3325,#3326,#3327,#3328,#3329,#3330,#3331,#3332,#3333,
    #3334,#3335,#3336,#3337,#3338,#3339,#3340,#3341,#3342,#3343,#3344,
    #3345,#3346,#3347,#3348,#3349,#3350,#3351,#3352,#3353,#3354,#3355,
    #3356,#3357,#3358,#3359,#3360,#3361,#3362,#3363,#3364,#3365,#3366,
    #3367,#3368,#3369,#3370,#3371,#3372,#3373,#3374,#3375,#3376,#3377,
    #3378,#3379,#3380,#3381,#3382,#3383,#3384,#3385,#3386,#3387,#3388,
    #3389),.UNSPECIFIED.,.F.,.F.,(9,7,7,7,7,7,7,7,7,7,9),(0.,
    0.151746670911,0.195884356746,0.266419437844,0.356229591769,
    0.439188358244,0.560898061203,0.699946125665,0.856649829139,
    0.892584429149,1.),.UNSPECIFIED.);
#3318 = CARTESIAN_POINT('',(1.885562128324,27.068790627447));
#3319 = CARTESIAN_POINT('',(1.885558544237,27.197122685734));
#3320 = CARTESIAN_POINT('',(1.885555706452,27.325620967423));
#3321 = CARTESIAN_POINT('',(1.885555908579,27.454022881071));
#3322 = CARTESIAN_POINT('',(1.885559426394,27.582367621338));
#3323 = CARTESIAN_POINT('',(1.885565437143,27.710714559937));
#3324 = CARTESIAN_POINT('',(1.885560276195,27.83911995637));
#3325 = CARTESIAN_POINT('',(1.885556938565,27.967619637356));
#3326 = CARTESIAN_POINT('',(1.885557596611,28.133279566748));
#3327 = CARTESIAN_POINT('',(1.885558118588,28.170607895918));
#3328 = CARTESIAN_POINT('',(1.885558777835,28.207936333246));
#3329 = CARTESIAN_POINT('',(1.885560082924,28.245265244582));
#3330 = CARTESIAN_POINT('',(1.885561697297,28.282595014381));
#3331 = CARTESIAN_POINT('',(1.885562310938,28.319925358202));
#3332 = CARTESIAN_POINT('',(1.885560973853,28.357255155879));
#3333 = CARTESIAN_POINT('',(1.885558161434,28.454234976382));
#3334 = CARTESIAN_POINT('',(1.885556151748,28.513889096982));
#3335 = CARTESIAN_POINT('',(1.885555734365,28.573541288098));
#3336 = CARTESIAN_POINT('',(1.885556651122,28.633191851882));
#3337 = CARTESIAN_POINT('',(1.885558024511,28.692843102996));
#3338 = CARTESIAN_POINT('',(1.885559222788,28.752497135355));
#3339 = CARTESIAN_POINT('',(1.885560079306,28.812153524309));
#3340 = CARTESIAN_POINT('',(1.885560958494,28.947761858528));
#3341 = CARTESIAN_POINT('',(1.885560726188,29.023727568715));
#3342 = CARTESIAN_POINT('',(1.885559600845,29.099688041527));
#3343 = CARTESIAN_POINT('',(1.885558198571,29.175642193717));
#3344 = CARTESIAN_POINT('',(1.885557252398,29.251596387988));
#3345 = CARTESIAN_POINT('',(1.8855572086,29.327556756648));
#3346 = CARTESIAN_POINT('',(1.885558086774,29.403521373041));
#3347 = CARTESIAN_POINT('',(1.885561004906,29.549629068304));
#3348 = CARTESIAN_POINT('',(1.885562951861,29.619793671654));
#3349 = CARTESIAN_POINT('',(1.885565258391,29.689954921461));
#3350 = CARTESIAN_POINT('',(1.88556749456,29.760112079922));
#3351 = CARTESIAN_POINT('',(1.885569205739,29.830269556666));
#3352 = CARTESIAN_POINT('',(1.88557006372,29.90043152235));
#3353 = CARTESIAN_POINT('',(1.885569949884,29.970596409974));
#3354 = CARTESIAN_POINT('',(1.885567533439,30.143676307034));
#3355 = CARTESIAN_POINT('',(1.885564226465,30.246658286093));
#3356 = CARTESIAN_POINT('',(1.885559353267,30.349611858288));
#3357 = CARTESIAN_POINT('',(1.885554100004,30.452541795392));
#3358 = CARTESIAN_POINT('',(1.885550443817,30.555470064623));
#3359 = CARTESIAN_POINT('',(1.885549435519,30.658419417566));
#3360 = CARTESIAN_POINT('',(1.885550814666,30.761398003478));
#3361 = CARTESIAN_POINT('',(1.885556991359,30.981914147556));
#3362 = CARTESIAN_POINT('',(1.885562254724,31.099610548736));
#3363 = CARTESIAN_POINT('',(1.885568148843,31.217246706062));
#3364 = CARTESIAN_POINT('',(1.885572334469,31.334842514345));
#3365 = CARTESIAN_POINT('',(1.885572201457,31.452438052303));
#3366 = CARTESIAN_POINT('',(1.885568904648,31.570073319532));
#3367 = CARTESIAN_POINT('',(1.885564896922,31.687768570531));
#3368 = CARTESIAN_POINT('',(1.885558092317,31.937876629849));
#3369 = CARTESIAN_POINT('',(1.885555476588,32.070590132876));
#3370 = CARTESIAN_POINT('',(1.885556313719,32.203187844124));
#3371 = CARTESIAN_POINT('',(1.885560448226,32.335721653495));
#3372 = CARTESIAN_POINT('',(1.8855666341,32.468258738513));
#3373 = CARTESIAN_POINT('',(1.885558267655,32.600862655331));
#3374 = CARTESIAN_POINT('',(1.885556004029,32.733577694887));
#3375 = CARTESIAN_POINT('',(1.885558331145,32.896483920856));
#3376 = CARTESIAN_POINT('',(1.885559213614,32.926872498001));
#3377 = CARTESIAN_POINT('',(1.885560189055,32.957261314866));
#3378 = CARTESIAN_POINT('',(1.885560988571,32.987650350208));
#3379 = CARTESIAN_POINT('',(1.885561429767,33.018039497685));
#3380 = CARTESIAN_POINT('',(1.885561416751,33.048428565853));
#3381 = CARTESIAN_POINT('',(1.885560940131,33.078817278165));
#3382 = CARTESIAN_POINT('',(1.88555749701,33.200040952474));
#3383 = CARTESIAN_POINT('',(1.885553871757,33.290905483168));
#3384 = CARTESIAN_POINT('',(1.885556531915,33.381756747157));
#3385 = CARTESIAN_POINT('',(1.885560078513,33.472596224596));
#3386 = CARTESIAN_POINT('',(1.885561497072,33.56343586026));
#3387 = CARTESIAN_POINT('',(1.885561386022,33.654287863504));
#3388 = CARTESIAN_POINT('',(1.885560304303,33.745153922805));
#3389 = CARTESIAN_POINT('',(1.885559243065,33.835990316114));
#3390 = ( GEOMETRIC_REPRESENTATION_CONTEXT(2) 
PARAMETRIC_REPRESENTATION_CONTEXT() REPRESENTATION_CONTEXT('2D SPACE',''
  ) );
#3391 = PCURVE('',#2663,#3392);
#3392 = DEFINITIONAL_REPRESENTATION('',(#3393),#3466);
#3393 = B_SPLINE_CURVE_WITH_KNOTS('',8,(#3394,#3395,#3396,#3397,#3398,
    #3399,#3400,#3401,#3402,#3403,#3404,#3405,#3406,#3407,#3408,#3409,
    #3410,#3411,#3412,#3413,#3414,#3415,#3416,#3417,#3418,#3419,#3420,
    #3421,#3422,#3423,#3424,#3425,#3426,#3427,#3428,#3429,#3430,#3431,
    #3432,#3433,#3434,#3435,#3436,#3437,#3438,#3439,#3440,#3441,#3442,
    #3443,#3444,#3445,#3446,#3447,#3448,#3449,#3450,#3451,#3452,#3453,
    #3454,#3455,#3456,#3457,#3458,#3459,#3460,#3461,#3462,#3463,#3464,
    #3465),.UNSPECIFIED.,.F.,.F.,(9,7,7,7,7,7,7,7,7,7,9),(0.,
    0.151746670911,0.195884356746,0.266419437844,0.356229591769,
    0.439188358244,0.560898061203,0.699946125665,0.856649829139,
    0.892584429149,1.),.UNSPECIFIED.);
#3394 = CARTESIAN_POINT('',(0.,-11.89179300142));
#3395 = CARTESIAN_POINT('',(-0.119154316325,-11.93945326394));
#3396 = CARTESIAN_POINT('',(-0.238463194191,-11.98717548255));
#3397 = CARTESIAN_POINT('',(-0.357682271462,-12.0348628163));
#3398 = CARTESIAN_POINT('',(-0.476847168027,-12.08252990386));
#3399 = CARTESIAN_POINT('',(-0.59601171711,-12.1301985503));
#3400 = CARTESIAN_POINT('',(-0.715229564289,-12.17788558031));
#3401 = CARTESIAN_POINT('',(-0.834537966041,-12.22560816974));
#3402 = CARTESIAN_POINT('',(-0.988350824635,-12.28713291894));
#3403 = CARTESIAN_POINT('',(-1.0230096613,-12.30099646781));
#3404 = CARTESIAN_POINT('',(-1.057669048567,-12.31486009773));
#3405 = CARTESIAN_POINT('',(-1.092328844298,-12.32872409604));
#3406 = CARTESIAN_POINT('',(-1.126988988303,-12.34258850528));
#3407 = CARTESIAN_POINT('',(-1.161649302003,-12.35645282967));
#3408 = CARTESIAN_POINT('',(-1.196309233494,-12.37031637027));
#3409 = CARTESIAN_POINT('',(-1.286353936709,-12.40633293382));
#3410 = CARTESIAN_POINT('',(-1.341742525253,-12.4284873195));
#3411 = CARTESIAN_POINT('',(-1.397129021381,-12.4506414628));
#3412 = CARTESIAN_POINT('',(-1.452513464952,-12.47279539905));
#3413 = CARTESIAN_POINT('',(-1.507898031098,-12.49494972656));
#3414 = CARTESIAN_POINT('',(-1.563284814983,-12.51710503486));
#3415 = CARTESIAN_POINT('',(-1.618673598165,-12.53926111659));
#3416 = CARTESIAN_POINT('',(-1.744580888435,-12.58962504939));
#3417 = CARTESIAN_POINT('',(-1.815112144489,-12.61783793669));
#3418 = CARTESIAN_POINT('',(-1.885638778943,-12.64604861292));
#3419 = CARTESIAN_POINT('',(-1.956159987873,-12.67425685925));
#3420 = CARTESIAN_POINT('',(-2.026681714425,-12.70246525704));
#3421 = CARTESIAN_POINT('',(-2.097209536235,-12.73067621669));
#3422 = CARTESIAN_POINT('',(-2.167741475056,-12.75888902849));
#3423 = CARTESIAN_POINT('',(-2.303400248234,-12.81315293333));
#3424 = CARTESIAN_POINT('',(-2.368547057341,-12.83921199266));
#3425 = CARTESIAN_POINT('',(-2.433690682829,-12.8652699136));
#3426 = CARTESIAN_POINT('',(-2.498830349602,-12.8913262941));
#3427 = CARTESIAN_POINT('',(-2.56397011264,-12.91738263646));
#3428 = CARTESIAN_POINT('',(-2.629113861509,-12.94344039187));
#3429 = CARTESIAN_POINT('',(-2.694260197281,-12.96949894304));
#3430 = CARTESIAN_POINT('',(-2.854960356029,-13.03377848341));
#3431 = CARTESIAN_POINT('',(-2.950576276486,-13.0720240454));
#3432 = CARTESIAN_POINT('',(-3.046165844455,-13.11025859088));
#3433 = CARTESIAN_POINT('',(-3.141733699073,-13.14848424532));
#3434 = CARTESIAN_POINT('',(-3.237300292323,-13.18670975598));
#3435 = CARTESIAN_POINT('',(-3.332886557718,-13.22494388551));
#3436 = CARTESIAN_POINT('',(-3.428499900675,-13.26318958291));
#3437 = CARTESIAN_POINT('',(-3.633243983326,-13.34508906234));
#3438 = CARTESIAN_POINT('',(-3.742522163714,-13.3888019759));
#3439 = CARTESIAN_POINT('',(-3.851744134349,-13.4324927033));
#3440 = CARTESIAN_POINT('',(-3.960928413124,-13.47616793663));
#3441 = CARTESIAN_POINT('',(-4.070112637541,-13.51984178339));
#3442 = CARTESIAN_POINT('',(-4.179334469805,-13.56352944301));
#3443 = CARTESIAN_POINT('',(-4.288612550151,-13.60723916831));
#3444 = CARTESIAN_POINT('',(-4.520834026542,-13.70012494309));
#3445 = CARTESIAN_POINT('',(-4.644056659968,-13.74941272173));
#3446 = CARTESIAN_POINT('',(-4.767171317136,-13.79865852471));
#3447 = CARTESIAN_POINT('',(-4.89022537631,-13.84788157713));
#3448 = CARTESIAN_POINT('',(-5.01327971751,-13.89710645704));
#3449 = CARTESIAN_POINT('',(-5.136395645452,-13.94635182373));
#3450 = CARTESIAN_POINT('',(-5.259618923821,-13.99564027788));
#3451 = CARTESIAN_POINT('',(-5.410875635497,-14.05614282438));
#3452 = CARTESIAN_POINT('',(-5.439091271913,-14.06742912141));
#3453 = CARTESIAN_POINT('',(-5.467307090692,-14.07871553517));
#3454 = CARTESIAN_POINT('',(-5.4955229572,-14.09000197767));
#3455 = CARTESIAN_POINT('',(-5.523738746319,-14.1012883551));
#3456 = CARTESIAN_POINT('',(-5.551954342437,-14.1125745678));
#3457 = CARTESIAN_POINT('',(-5.580169639458,-14.12386051028));
#3458 = CARTESIAN_POINT('',(-5.692724417493,-14.16888082725));
#3459 = CARTESIAN_POINT('',(-5.777092116334,-14.2026259871));
#3460 = CARTESIAN_POINT('',(-5.861445980736,-14.23636809171));
#3461 = CARTESIAN_POINT('',(-5.945787319262,-14.27010608292));
#3462 = CARTESIAN_POINT('',(-6.030128119162,-14.30384349912));
#3463 = CARTESIAN_POINT('',(-6.114480531555,-14.33758505298));
#3464 = CARTESIAN_POINT('',(-6.198846425363,-14.37133153805));
#3465 = CARTESIAN_POINT('',(-6.28318530718,-14.40506701154));
#3466 = ( GEOMETRIC_REPRESENTATION_CONTEXT(2) 
PARAMETRIC_REPRESENTATION_CONTEXT() REPRESENTATION_CONTEXT('2D SPACE',''
  ) );
#3467 = ORIENTED_EDGE('',*,*,#2803,.T.);
#3468 = ADVANCED_FACE('',(#3469),#2663,.T.);
#3469 = FACE_BOUND('',#3470,.F.);
#3470 = EDGE_LOOP('',(#3471,#3472,#3473));
#3471 = ORIENTED_EDGE('',*,*,#3240,.F.);
#3472 = ORIENTED_EDGE('',*,*,#2649,.T.);
#3473 = ORIENTED_EDGE('',*,*,#2775,.F.);
#3474 = ADVANCED_FACE('',(#3475),#2898,.F.);
#3475 = FACE_BOUND('',#3476,.T.);
#3476 = EDGE_LOOP('',(#3477,#3478,#3499,#3500));
#3477 = ORIENTED_EDGE('',*,*,#3203,.T.);
#3478 = ORIENTED_EDGE('',*,*,#3479,.T.);
#3479 = EDGE_CURVE('',#3204,#2878,#3480,.T.);
#3480 = SEAM_CURVE('',#3481,(#3485,#3492),.PCURVE_S1.);
#3481 = LINE('',#3482,#3483);
#3482 = CARTESIAN_POINT('',(2.5,0.,-5.5));
#3483 = VECTOR('',#3484,1.);
#3484 = DIRECTION('',(0.,0.,1.));
#3485 = PCURVE('',#2898,#3486);
#3486 = DEFINITIONAL_REPRESENTATION('',(#3487),#3491);
#3487 = LINE('',#3488,#3489);
#3488 = CARTESIAN_POINT('',(-6.28318530718,0.));
#3489 = VECTOR('',#3490,1.);
#3490 = DIRECTION('',(-0.,-1.));
#3491 = ( GEOMETRIC_REPRESENTATION_CONTEXT(2) 
PARAMETRIC_REPRESENTATION_CONTEXT() REPRESENTATION_CONTEXT('2D SPACE',''
  ) );
#3492 = PCURVE('',#2898,#3493);
#3493 = DEFINITIONAL_REPRESENTATION('',(#3494),#3498);
#3494 = LINE('',#3495,#3496);
#3495 = CARTESIAN_POINT('',(-0.,0.));
#3496 = VECTOR('',#3497,1.);
#3497 = DIRECTION('',(-0.,-1.));
#3498 = ( GEOMETRIC_REPRESENTATION_CONTEXT(2) 
PARAMETRIC_REPRESENTATION_CONTEXT() REPRESENTATION_CONTEXT('2D SPACE',''
  ) );
#3499 = ORIENTED_EDGE('',*,*,#2877,.F.);
#3500 = ORIENTED_EDGE('',*,*,#3479,.F.);
#3501 = ( GEOMETRIC_REPRESENTATION_CONTEXT(3) 
GLOBAL_UNCERTAINTY_ASSIGNED_CONTEXT((#3505)) 
GLOBAL_UNIT_ASSIGNED_CONTEXT((#3502,#3503,#3504)) REPRESENTATION_CONTEXT
('Context #1','3D Context with UNIT and UNCERTAINTY') );
#3502 = ( LENGTH_UNIT() NAMED_UNIT(*) SI_UNIT(.MILLI.,.METRE.) );
#3503 = ( NAMED_UNIT(*) PLANE_ANGLE_UNIT() SI_UNIT($,.RADIAN.) );
#3504 = ( NAMED_UNIT(*) SI_UNIT($,.STERADIAN.) SOLID_ANGLE_UNIT() );
#3505 = UNCERTAINTY_MEASURE_WITH_UNIT(LENGTH_MEASURE(5.E-06),#3502,
  'distance_accuracy_value','confusion accuracy');
#3506 = PRODUCT_RELATED_PRODUCT_CATEGORY('part',$,(#7));
ENDSEC;
END-ISO-10303-21;
