ISO-10303-21;
HEADER;
FILE_DESCRIPTION(('Open CASCADE Model'),'2;1');
FILE_NAME('Open CASCADE Shape Model','2026-10-03T05:02:39',('Author'),(
    'Open CASCADE'),'Open CASCADE STEP processor 7.9','Open CASCADE 7.9'
  ,'Unknown');
FILE_SCHEMA(('AUTOMOTIVE_DESIGN { 1 0 10303 214 1 1 1 1 }'));
ENDSEC;
DATA;
#1 = APPLICATION_PROTOCOL_DEFINITION('international standard',
  'automotive_design',2000,#2);
#2 = APPLICATION_CONTEXT(
  'core data for automotive mechanical design processes');
#3 = SHAPE_DEFINITION_REPRESENTATION(#4,#10);
#4 = PRODUCT_DEFINITION_SHAPE('','',#5);
#5 = PRODUCT_DEFINITION('design','',#6,#9);
#6 = PRODUCT_DEFINITION_FORMATION('','',#7);
#7 = PRODUCT('Open CASCADE STEP translator 7.9 46',
  'Open CASCADE STEP translator 7.9 46','',(#8));
#8 = PRODUCT_CONTEXT('',#2,'mechanical');
#9 = PRODUCT_DEFINITION_CONTEXT('part definition',#2,'design');
#10 = ADVANCED_BREP_SHAPE_REPRESENTATION('',(#11,#15),#8105);
#11 = AXIS2_PLACEMENT_3D('',#12,#13,#14);
#12 = CARTESIAN_POINT('',(0.,0.,0.));
#13 = DIRECTION('',(0.,0.,1.));
#14 = DIRECTION('',(1.,0.,-0.));
#15 = MANIFOLD_SOLID_BREP('',#16);
#16 = CLOSED_SHELL('',(#17,#145,#221,#321,#3366,#5749,#5776,#5803,#5830,
    #5857,#5884,#5911,#5938,#5965,#5992,#6019,#6046,#6073,#6100,#6127,
    #6154,#6181,#6208,#6235,#6262,#6289,#6316,#6343,#6370,#6397,#6424,
    #6451,#6478,#6505,#6532,#6559,#6586,#6613,#6640,#6667,#6694,#6721,
    #6748,#6775,#6802,#6829,#6856,#6883,#6910,#6937,#6964,#6991,#7018,
    #7045,#7072,#7099,#7126,#7153,#7180,#7207,#7234,#7261,#7288,#7315,
    #7342,#7369,#7396,#7423,#7450,#7477,#7504,#7531,#7558,#7585,#7612,
    #7639,#7666,#7693,#7720,#7747,#7774,#7801,#7828,#7855,#7882,#7909,
    #7936,#7963,#7990,#8017,#8044,#8071,#8078));
#17 = ADVANCED_FACE('',(#18),#32,.F.);
#18 = FACE_BOUND('',#19,.F.);
#19 = EDGE_LOOP('',(#20,#55,#83,#119));
#20 = ORIENTED_EDGE('',*,*,#21,.T.);
#21 = EDGE_CURVE('',#22,#24,#26,.T.);
#22 = VERTEX_POINT('',#23);
#23 = CARTESIAN_POINT('',(-34.,4.966614864744,-0.57683341209));
#24 = VERTEX_POINT('',#25);
#25 = CARTESIAN_POINT('',(-26.,4.966614864744,-0.57683341209));
#26 = SURFACE_CURVE('',#27,(#31,#43),.PCURVE_S1.);
#27 = LINE('',#28,#29);
#28 = CARTESIAN_POINT('',(-34.,4.966614864744,-0.57683341209));
#29 = VECTOR('',#30,1.);
#30 = DIRECTION('',(1.,0.,0.));
#31 = PCURVE('',#32,#37);
#32 = PLANE('',#33);
#33 = AXIS2_PLACEMENT_3D('',#34,#35,#36);
#34 = CARTESIAN_POINT('',(-34.,4.966614864744,-0.57683341209));
#35 = DIRECTION('',(-0.,0.115366682418,0.993322972949));
#36 = DIRECTION('',(0.,0.993322972949,-0.115366682418));
#37 = DEFINITIONAL_REPRESENTATION('',(#38),#42);
#38 = LINE('',#39,#40);
#39 = CARTESIAN_POINT('',(0.,0.));
#40 = VECTOR('',#41,1.);
#41 = DIRECTION('',(0.,-1.));
#42 = ( GEOMETRIC_REPRESENTATION_CONTEXT(2) 
PARAMETRIC_REPRESENTATION_CONTEXT() REPRESENTATION_CONTEXT('2D SPACE',''
  ) );
#43 = PCURVE('',#44,#49);
#44 = PLANE('',#45);
#45 = AXIS2_PLACEMENT_3D('',#46,#47,#48);
#46 = CARTESIAN_POINT('',(-34.,4.771847735195,-1.493140714105));
#47 = DIRECTION('',(0.,-0.978147600734,0.207911690818));
#48 = DIRECTION('',(0.,0.207911690818,0.978147600734));
#49 = DEFINITIONAL_REPRESENTATION('',(#50),#54);
#50 = LINE('',#51,#52);
#51 = CARTESIAN_POINT('',(0.936778152221,0.));
#52 = VECTOR('',#53,1.);
#53 = DIRECTION('',(0.,-1.));
#54 = ( GEOMETRIC_REPRESENTATION_CONTEXT(2) 
PARAMETRIC_REPRESENTATION_CONTEXT() REPRESENTATION_CONTEXT('2D SPACE',''
  ) );
#55 = ORIENTED_EDGE('',*,*,#56,.T.);
#56 = EDGE_CURVE('',#24,#57,#59,.T.);
#57 = VERTEX_POINT('',#58);
#58 = CARTESIAN_POINT('',(-26.,5.600509606423,-0.650455320917));
#59 = SURFACE_CURVE('',#60,(#64,#71),.PCURVE_S1.);
#60 = LINE('',#61,#62);
#61 = CARTESIAN_POINT('',(-26.,4.966614864744,-0.57683341209));
#62 = VECTOR('',#63,1.);
#63 = DIRECTION('',(0.,0.993322972949,-0.115366682418));
#64 = PCURVE('',#32,#65);
#65 = DEFINITIONAL_REPRESENTATION('',(#66),#70);
#66 = LINE('',#67,#68);
#67 = CARTESIAN_POINT('',(0.,-8.));
#68 = VECTOR('',#69,1.);
#69 = DIRECTION('',(1.,0.));
#70 = ( GEOMETRIC_REPRESENTATION_CONTEXT(2) 
PARAMETRIC_REPRESENTATION_CONTEXT() REPRESENTATION_CONTEXT('2D SPACE',''
  ) );
#71 = PCURVE('',#72,#77);
#72 = PLANE('',#73);
#73 = AXIS2_PLACEMENT_3D('',#74,#75,#76);
#74 = CARTESIAN_POINT('',(-26.,-1.01010742165E-15,-2.588752959116E-16));
#75 = DIRECTION('',(1.,0.,0.));
#76 = DIRECTION('',(-0.,0.,1.));
#77 = DEFINITIONAL_REPRESENTATION('',(#78),#82);
#78 = LINE('',#79,#80);
#79 = CARTESIAN_POINT('',(-0.57683341209,-4.966614864744));
#80 = VECTOR('',#81,1.);
#81 = DIRECTION('',(-0.115366682418,-0.993322972949));
#82 = ( GEOMETRIC_REPRESENTATION_CONTEXT(2) 
PARAMETRIC_REPRESENTATION_CONTEXT() REPRESENTATION_CONTEXT('2D SPACE',''
  ) );
#83 = ORIENTED_EDGE('',*,*,#84,.F.);
#84 = EDGE_CURVE('',#85,#57,#87,.T.);
#85 = VERTEX_POINT('',#86);
#86 = CARTESIAN_POINT('',(-34.,5.600509606423,-0.650455320917));
#87 = SURFACE_CURVE('',#88,(#92,#99),.PCURVE_S1.);
#88 = LINE('',#89,#90);
#89 = CARTESIAN_POINT('',(-34.,5.600509606423,-0.650455320917));
#90 = VECTOR('',#91,1.);
#91 = DIRECTION('',(1.,0.,0.));
#92 = PCURVE('',#32,#93);
#93 = DEFINITIONAL_REPRESENTATION('',(#94),#98);
#94 = LINE('',#95,#96);
#95 = CARTESIAN_POINT('',(0.638155724715,0.));
#96 = VECTOR('',#97,1.);
#97 = DIRECTION('',(0.,-1.));
#98 = ( GEOMETRIC_REPRESENTATION_CONTEXT(2) 
PARAMETRIC_REPRESENTATION_CONTEXT() REPRESENTATION_CONTEXT('2D SPACE',''
  ) );
#99 = PCURVE('',#100,#113);
#100 = SURFACE_OF_LINEAR_EXTRUSION('',#101,#111);
#101 = B_SPLINE_CURVE_WITH_KNOTS('',3,(#102,#103,#104,#105,#106,#107,
    #108,#109,#110),.UNSPECIFIED.,.F.,.F.,(4,1,1,1,1,1,4),(0.,
    0.196584002052,0.400094009028,0.610292631862,0.827157572637,
    1.05068162281,1.28086153844),.UNSPECIFIED.);
#102 = CARTESIAN_POINT('',(-34.,5.600509606423,-0.650455320917));
#103 = CARTESIAN_POINT('',(-34.,5.666457721654,-0.652330382442));
#104 = CARTESIAN_POINT('',(-34.,5.799666460095,-0.643206575143));
#105 = CARTESIAN_POINT('',(-34.,5.99889195667,-0.598846199381));
#106 = CARTESIAN_POINT('',(-34.,6.199285056345,-0.534905814178));
#107 = CARTESIAN_POINT('',(-34.,6.399984421091,-0.452105213346));
#108 = CARTESIAN_POINT('',(-34.,6.600155246304,-0.352309243511));
#109 = CARTESIAN_POINT('',(-34.,6.730859816497,-0.275928320043));
#110 = CARTESIAN_POINT('',(-34.,6.795927397124,-0.235310035948));
#111 = VECTOR('',#112,1.);
#112 = DIRECTION('',(-1.,-0.,-0.));
#113 = DEFINITIONAL_REPRESENTATION('',(#114),#118);
#114 = LINE('',#115,#116);
#115 = CARTESIAN_POINT('',(0.,0.));
#116 = VECTOR('',#117,1.);
#117 = DIRECTION('',(0.,-1.));
#118 = ( GEOMETRIC_REPRESENTATION_CONTEXT(2) 
PARAMETRIC_REPRESENTATION_CONTEXT() REPRESENTATION_CONTEXT('2D SPACE',''
  ) );
#119 = ORIENTED_EDGE('',*,*,#120,.F.);
#120 = EDGE_CURVE('',#22,#85,#121,.T.);
#121 = SURFACE_CURVE('',#122,(#126,#133),.PCURVE_S1.);
#122 = LINE('',#123,#124);
#123 = CARTESIAN_POINT('',(-34.,4.966614864744,-0.57683341209));
#124 = VECTOR('',#125,1.);
#125 = DIRECTION('',(0.,0.993322972949,-0.115366682418));
#126 = PCURVE('',#32,#127);
#127 = DEFINITIONAL_REPRESENTATION('',(#128),#132);
#128 = LINE('',#129,#130);
#129 = CARTESIAN_POINT('',(0.,0.));
#130 = VECTOR('',#131,1.);
#131 = DIRECTION('',(1.,0.));
#132 = ( GEOMETRIC_REPRESENTATION_CONTEXT(2) 
PARAMETRIC_REPRESENTATION_CONTEXT() REPRESENTATION_CONTEXT('2D SPACE',''
  ) );
#133 = PCURVE('',#134,#139);
#134 = PLANE('',#135);
#135 = AXIS2_PLACEMENT_3D('',#136,#137,#138);
#136 = CARTESIAN_POINT('',(-34.,-1.01010742165E-15,-2.588752959116E-16)
  );
#137 = DIRECTION('',(1.,0.,0.));
#138 = DIRECTION('',(-0.,0.,1.));
#139 = DEFINITIONAL_REPRESENTATION('',(#140),#144);
#140 = LINE('',#141,#142);
#141 = CARTESIAN_POINT('',(-0.57683341209,-4.966614864744));
#142 = VECTOR('',#143,1.);
#143 = DIRECTION('',(-0.115366682418,-0.993322972949));
#144 = ( GEOMETRIC_REPRESENTATION_CONTEXT(2) 
PARAMETRIC_REPRESENTATION_CONTEXT() REPRESENTATION_CONTEXT('2D SPACE',''
  ) );
#145 = ADVANCED_FACE('',(#146),#44,.F.);
#146 = FACE_BOUND('',#147,.F.);
#147 = EDGE_LOOP('',(#148,#178,#199,#200));
#148 = ORIENTED_EDGE('',*,*,#149,.T.);
#149 = EDGE_CURVE('',#150,#152,#154,.T.);
#150 = VERTEX_POINT('',#151);
#151 = CARTESIAN_POINT('',(-34.,4.771847735195,-1.493140714105));
#152 = VERTEX_POINT('',#153);
#153 = CARTESIAN_POINT('',(-26.,4.771847735195,-1.493140714105));
#154 = SURFACE_CURVE('',#155,(#159,#166),.PCURVE_S1.);
#155 = LINE('',#156,#157);
#156 = CARTESIAN_POINT('',(-34.,4.771847735195,-1.493140714105));
#157 = VECTOR('',#158,1.);
#158 = DIRECTION('',(1.,0.,0.));
#159 = PCURVE('',#44,#160);
#160 = DEFINITIONAL_REPRESENTATION('',(#161),#165);
#161 = LINE('',#162,#163);
#162 = CARTESIAN_POINT('',(0.,0.));
#163 = VECTOR('',#164,1.);
#164 = DIRECTION('',(0.,-1.));
#165 = ( GEOMETRIC_REPRESENTATION_CONTEXT(2) 
PARAMETRIC_REPRESENTATION_CONTEXT() REPRESENTATION_CONTEXT('2D SPACE',''
  ) );
#166 = PCURVE('',#167,#172);
#167 = PLANE('',#168);
#168 = AXIS2_PLACEMENT_3D('',#169,#170,#171);
#169 = CARTESIAN_POINT('',(-34.,5.380884125132,-1.683711973007));
#170 = DIRECTION('',(0.,-0.298628142821,-0.954369547039));
#171 = DIRECTION('',(0.,-0.954369547039,0.298628142821));
#172 = DEFINITIONAL_REPRESENTATION('',(#173),#177);
#173 = LINE('',#174,#175);
#174 = CARTESIAN_POINT('',(0.638155724715,0.));
#175 = VECTOR('',#176,1.);
#176 = DIRECTION('',(0.,-1.));
#177 = ( GEOMETRIC_REPRESENTATION_CONTEXT(2) 
PARAMETRIC_REPRESENTATION_CONTEXT() REPRESENTATION_CONTEXT('2D SPACE',''
  ) );
#178 = ORIENTED_EDGE('',*,*,#179,.T.);
#179 = EDGE_CURVE('',#152,#24,#180,.T.);
#180 = SURFACE_CURVE('',#181,(#185,#192),.PCURVE_S1.);
#181 = LINE('',#182,#183);
#182 = CARTESIAN_POINT('',(-26.,4.771847735195,-1.493140714105));
#183 = VECTOR('',#184,1.);
#184 = DIRECTION('',(0.,0.207911690818,0.978147600734));
#185 = PCURVE('',#44,#186);
#186 = DEFINITIONAL_REPRESENTATION('',(#187),#191);
#187 = LINE('',#188,#189);
#188 = CARTESIAN_POINT('',(0.,-8.));
#189 = VECTOR('',#190,1.);
#190 = DIRECTION('',(1.,0.));
#191 = ( GEOMETRIC_REPRESENTATION_CONTEXT(2) 
PARAMETRIC_REPRESENTATION_CONTEXT() REPRESENTATION_CONTEXT('2D SPACE',''
  ) );
#192 = PCURVE('',#72,#193);
#193 = DEFINITIONAL_REPRESENTATION('',(#194),#198);
#194 = LINE('',#195,#196);
#195 = CARTESIAN_POINT('',(-1.493140714105,-4.771847735195));
#196 = VECTOR('',#197,1.);
#197 = DIRECTION('',(0.978147600734,-0.207911690818));
#198 = ( GEOMETRIC_REPRESENTATION_CONTEXT(2) 
PARAMETRIC_REPRESENTATION_CONTEXT() REPRESENTATION_CONTEXT('2D SPACE',''
  ) );
#199 = ORIENTED_EDGE('',*,*,#21,.F.);
#200 = ORIENTED_EDGE('',*,*,#201,.F.);
#201 = EDGE_CURVE('',#150,#22,#202,.T.);
#202 = SURFACE_CURVE('',#203,(#207,#214),.PCURVE_S1.);
#203 = LINE('',#204,#205);
#204 = CARTESIAN_POINT('',(-34.,4.771847735195,-1.493140714105));
#205 = VECTOR('',#206,1.);
#206 = DIRECTION('',(0.,0.207911690818,0.978147600734));
#207 = PCURVE('',#44,#208);
#208 = DEFINITIONAL_REPRESENTATION('',(#209),#213);
#209 = LINE('',#210,#211);
#210 = CARTESIAN_POINT('',(0.,0.));
#211 = VECTOR('',#212,1.);
#212 = DIRECTION('',(1.,0.));
#213 = ( GEOMETRIC_REPRESENTATION_CONTEXT(2) 
PARAMETRIC_REPRESENTATION_CONTEXT() REPRESENTATION_CONTEXT('2D SPACE',''
  ) );
#214 = PCURVE('',#134,#215);
#215 = DEFINITIONAL_REPRESENTATION('',(#216),#220);
#216 = LINE('',#217,#218);
#217 = CARTESIAN_POINT('',(-1.493140714105,-4.771847735195));
#218 = VECTOR('',#219,1.);
#219 = DIRECTION('',(0.978147600734,-0.207911690818));
#220 = ( GEOMETRIC_REPRESENTATION_CONTEXT(2) 
PARAMETRIC_REPRESENTATION_CONTEXT() REPRESENTATION_CONTEXT('2D SPACE',''
  ) );
#221 = ADVANCED_FACE('',(#222),#100,.F.);
#222 = FACE_BOUND('',#223,.F.);
#223 = EDGE_LOOP('',(#224,#225,#260,#288));
#224 = ORIENTED_EDGE('',*,*,#84,.T.);
#225 = ORIENTED_EDGE('',*,*,#226,.T.);
#226 = EDGE_CURVE('',#57,#227,#229,.T.);
#227 = VERTEX_POINT('',#228);
#228 = CARTESIAN_POINT('',(-26.,6.795927397124,-0.235310035948));
#229 = SURFACE_CURVE('',#230,(#240,#247),.PCURVE_S1.);
#230 = B_SPLINE_CURVE_WITH_KNOTS('',3,(#231,#232,#233,#234,#235,#236,
    #237,#238,#239),.UNSPECIFIED.,.F.,.F.,(4,1,1,1,1,1,4),(0.,
    0.196584002052,0.400094009028,0.610292631862,0.827157572637,
    1.05068162281,1.28086153844),.UNSPECIFIED.);
#231 = CARTESIAN_POINT('',(-26.,5.600509606423,-0.650455320917));
#232 = CARTESIAN_POINT('',(-26.,5.666457721654,-0.652330382442));
#233 = CARTESIAN_POINT('',(-26.,5.799666460095,-0.643206575143));
#234 = CARTESIAN_POINT('',(-26.,5.99889195667,-0.598846199381));
#235 = CARTESIAN_POINT('',(-26.,6.199285056345,-0.534905814178));
#236 = CARTESIAN_POINT('',(-26.,6.399984421091,-0.452105213346));
#237 = CARTESIAN_POINT('',(-26.,6.600155246304,-0.352309243511));
#238 = CARTESIAN_POINT('',(-26.,6.730859816497,-0.275928320043));
#239 = CARTESIAN_POINT('',(-26.,6.795927397124,-0.235310035948));
#240 = PCURVE('',#100,#241);
#241 = DEFINITIONAL_REPRESENTATION('',(#242),#246);
#242 = LINE('',#243,#244);
#243 = CARTESIAN_POINT('',(0.,-8.));
#244 = VECTOR('',#245,1.);
#245 = DIRECTION('',(1.,0.));
#246 = ( GEOMETRIC_REPRESENTATION_CONTEXT(2) 
PARAMETRIC_REPRESENTATION_CONTEXT() REPRESENTATION_CONTEXT('2D SPACE',''
  ) );
#247 = PCURVE('',#72,#248);
#248 = DEFINITIONAL_REPRESENTATION('',(#249),#259);
#249 = B_SPLINE_CURVE_WITH_KNOTS('',3,(#250,#251,#252,#253,#254,#255,
    #256,#257,#258),.UNSPECIFIED.,.F.,.F.,(4,1,1,1,1,1,4),(0.,
    0.196584002052,0.400094009028,0.610292631862,0.827157572637,
    1.05068162281,1.28086153844),.UNSPECIFIED.);
#250 = CARTESIAN_POINT('',(-0.650455320917,-5.600509606423));
#251 = CARTESIAN_POINT('',(-0.652330382442,-5.666457721654));
#252 = CARTESIAN_POINT('',(-0.643206575143,-5.799666460095));
#253 = CARTESIAN_POINT('',(-0.598846199381,-5.99889195667));
#254 = CARTESIAN_POINT('',(-0.534905814178,-6.199285056345));
#255 = CARTESIAN_POINT('',(-0.452105213346,-6.399984421091));
#256 = CARTESIAN_POINT('',(-0.352309243511,-6.600155246304));
#257 = CARTESIAN_POINT('',(-0.275928320043,-6.730859816497));
#258 = CARTESIAN_POINT('',(-0.235310035948,-6.795927397124));
#259 = ( GEOMETRIC_REPRESENTATION_CONTEXT(2) 
PARAMETRIC_REPRESENTATION_CONTEXT() REPRESENTATION_CONTEXT('2D SPACE',''
  ) );
#260 = ORIENTED_EDGE('',*,*,#261,.F.);
#261 = EDGE_CURVE('',#262,#227,#264,.T.);
#262 = VERTEX_POINT('',#263);
#263 = CARTESIAN_POINT('',(-34.,6.795927397124,-0.235310035948));
#264 = SURFACE_CURVE('',#265,(#269,#276),.PCURVE_S1.);
#265 = LINE('',#266,#267);
#266 = CARTESIAN_POINT('',(-34.,6.795927397124,-0.235310035948));
#267 = VECTOR('',#268,1.);
#268 = DIRECTION('',(1.,0.,0.));
#269 = PCURVE('',#100,#270);
#270 = DEFINITIONAL_REPRESENTATION('',(#271),#275);
#271 = LINE('',#272,#273);
#272 = CARTESIAN_POINT('',(1.28086153844,0.));
#273 = VECTOR('',#274,1.);
#274 = DIRECTION('',(0.,-1.));
#275 = ( GEOMETRIC_REPRESENTATION_CONTEXT(2) 
PARAMETRIC_REPRESENTATION_CONTEXT() REPRESENTATION_CONTEXT('2D SPACE',''
  ) );
#276 = PCURVE('',#277,#282);
#277 = PLANE('',#278);
#278 = AXIS2_PLACEMENT_3D('',#279,#280,#281);
#279 = CARTESIAN_POINT('',(-34.,6.795927397124,-0.235310035948));
#280 = DIRECTION('',(0.,-1.,0.));
#281 = DIRECTION('',(0.,0.,1.));
#282 = DEFINITIONAL_REPRESENTATION('',(#283),#287);
#283 = LINE('',#284,#285);
#284 = CARTESIAN_POINT('',(0.,0.));
#285 = VECTOR('',#286,1.);
#286 = DIRECTION('',(0.,-1.));
#287 = ( GEOMETRIC_REPRESENTATION_CONTEXT(2) 
PARAMETRIC_REPRESENTATION_CONTEXT() REPRESENTATION_CONTEXT('2D SPACE',''
  ) );
#288 = ORIENTED_EDGE('',*,*,#289,.F.);
#289 = EDGE_CURVE('',#85,#262,#290,.T.);
#290 = SURFACE_CURVE('',#291,(#301,#308),.PCURVE_S1.);
#291 = B_SPLINE_CURVE_WITH_KNOTS('',3,(#292,#293,#294,#295,#296,#297,
    #298,#299,#300),.UNSPECIFIED.,.F.,.F.,(4,1,1,1,1,1,4),(0.,
    0.196584002052,0.400094009028,0.610292631862,0.827157572637,
    1.05068162281,1.28086153844),.UNSPECIFIED.);
#292 = CARTESIAN_POINT('',(-34.,5.600509606423,-0.650455320917));
#293 = CARTESIAN_POINT('',(-34.,5.666457721654,-0.652330382442));
#294 = CARTESIAN_POINT('',(-34.,5.799666460095,-0.643206575143));
#295 = CARTESIAN_POINT('',(-34.,5.99889195667,-0.598846199381));
#296 = CARTESIAN_POINT('',(-34.,6.199285056345,-0.534905814178));
#297 = CARTESIAN_POINT('',(-34.,6.399984421091,-0.452105213346));
#298 = CARTESIAN_POINT('',(-34.,6.600155246304,-0.352309243511));
#299 = CARTESIAN_POINT('',(-34.,6.730859816497,-0.275928320043));
#300 = CARTESIAN_POINT('',(-34.,6.795927397124,-0.235310035948));
#301 = PCURVE('',#100,#302);
#302 = DEFINITIONAL_REPRESENTATION('',(#303),#307);
#303 = LINE('',#304,#305);
#304 = CARTESIAN_POINT('',(0.,0.));
#305 = VECTOR('',#306,1.);
#306 = DIRECTION('',(1.,0.));
#307 = ( GEOMETRIC_REPRESENTATION_CONTEXT(2) 
PARAMETRIC_REPRESENTATION_CONTEXT() REPRESENTATION_CONTEXT('2D SPACE',''
  ) );
#308 = PCURVE('',#134,#309);
#309 = DEFINITIONAL_REPRESENTATION('',(#310),#320);
#310 = B_SPLINE_CURVE_WITH_KNOTS('',3,(#311,#312,#313,#314,#315,#316,
    #317,#318,#319),.UNSPECIFIED.,.F.,.F.,(4,1,1,1,1,1,4),(0.,
    0.196584002052,0.400094009028,0.610292631862,0.827157572637,
    1.05068162281,1.28086153844),.UNSPECIFIED.);
#311 = CARTESIAN_POINT('',(-0.650455320917,-5.600509606423));
#312 = CARTESIAN_POINT('',(-0.652330382442,-5.666457721654));
#313 = CARTESIAN_POINT('',(-0.643206575143,-5.799666460095));
#314 = CARTESIAN_POINT('',(-0.598846199381,-5.99889195667));
#315 = CARTESIAN_POINT('',(-0.534905814178,-6.199285056345));
#316 = CARTESIAN_POINT('',(-0.452105213346,-6.399984421091));
#317 = CARTESIAN_POINT('',(-0.352309243511,-6.600155246304));
#318 = CARTESIAN_POINT('',(-0.275928320043,-6.730859816497));
#319 = CARTESIAN_POINT('',(-0.235310035948,-6.795927397124));
#320 = ( GEOMETRIC_REPRESENTATION_CONTEXT(2) 
PARAMETRIC_REPRESENTATION_CONTEXT() REPRESENTATION_CONTEXT('2D SPACE',''
  ) );
#321 = ADVANCED_FACE('',(#322,#3331),#134,.F.);
#322 = FACE_BOUND('',#323,.F.);
#323 = EDGE_LOOP('',(#324,#325,#326,#349,#397,#425,#453,#481,#529,#557,
    #605,#633,#661,#689,#737,#765,#813,#841,#869,#897,#945,#973,#1021,
    #1049,#1077,#1105,#1153,#1181,#1229,#1257,#1285,#1313,#1361,#1389,
    #1437,#1465,#1493,#1521,#1569,#1597,#1645,#1673,#1701,#1729,#1777,
    #1805,#1853,#1881,#1909,#1937,#1985,#2013,#2061,#2089,#2117,#2145,
    #2193,#2221,#2269,#2297,#2325,#2353,#2401,#2429,#2477,#2505,#2533,
    #2561,#2609,#2637,#2685,#2713,#2741,#2769,#2817,#2845,#2893,#2921,
    #2949,#2977,#3025,#3053,#3101,#3129,#3157,#3185,#3233,#3261,#3309,
    #3330));
#324 = ORIENTED_EDGE('',*,*,#120,.T.);
#325 = ORIENTED_EDGE('',*,*,#289,.T.);
#326 = ORIENTED_EDGE('',*,*,#327,.T.);
#327 = EDGE_CURVE('',#262,#328,#330,.T.);
#328 = VERTEX_POINT('',#329);
#329 = CARTESIAN_POINT('',(-34.,6.795927397124,0.235310035948));
#330 = SURFACE_CURVE('',#331,(#335,#342),.PCURVE_S1.);
#331 = LINE('',#332,#333);
#332 = CARTESIAN_POINT('',(-34.,6.795927397124,-0.235310035948));
#333 = VECTOR('',#334,1.);
#334 = DIRECTION('',(0.,0.,1.));
#335 = PCURVE('',#134,#336);
#336 = DEFINITIONAL_REPRESENTATION('',(#337),#341);
#337 = LINE('',#338,#339);
#338 = CARTESIAN_POINT('',(-0.235310035948,-6.795927397124));
#339 = VECTOR('',#340,1.);
#340 = DIRECTION('',(1.,0.));
#341 = ( GEOMETRIC_REPRESENTATION_CONTEXT(2) 
PARAMETRIC_REPRESENTATION_CONTEXT() REPRESENTATION_CONTEXT('2D SPACE',''
  ) );
#342 = PCURVE('',#277,#343);
#343 = DEFINITIONAL_REPRESENTATION('',(#344),#348);
#344 = LINE('',#345,#346);
#345 = CARTESIAN_POINT('',(0.,0.));
#346 = VECTOR('',#347,1.);
#347 = DIRECTION('',(1.,0.));
#348 = ( GEOMETRIC_REPRESENTATION_CONTEXT(2) 
PARAMETRIC_REPRESENTATION_CONTEXT() REPRESENTATION_CONTEXT('2D SPACE',''
  ) );
#349 = ORIENTED_EDGE('',*,*,#350,.T.);
#350 = EDGE_CURVE('',#328,#351,#353,.T.);
#351 = VERTEX_POINT('',#352);
#352 = CARTESIAN_POINT('',(-34.,5.600509606423,0.650455320917));
#353 = SURFACE_CURVE('',#354,(#364,#377),.PCURVE_S1.);
#354 = B_SPLINE_CURVE_WITH_KNOTS('',3,(#355,#356,#357,#358,#359,#360,
    #361,#362,#363),.UNSPECIFIED.,.F.,.F.,(4,1,1,1,1,1,4),(0.,
    0.230179915631,0.453703965803,0.670568906579,0.880767529413,
    1.084277536388,1.28086153844),.UNSPECIFIED.);
#355 = CARTESIAN_POINT('',(-34.,6.795927397124,0.235310035948));
#356 = CARTESIAN_POINT('',(-34.,6.730859816497,0.275928320043));
#357 = CARTESIAN_POINT('',(-34.,6.600155246304,0.352309243511));
#358 = CARTESIAN_POINT('',(-34.,6.399984421091,0.452105213346));
#359 = CARTESIAN_POINT('',(-34.,6.199285056345,0.534905814178));
#360 = CARTESIAN_POINT('',(-34.,5.99889195667,0.598846199381));
#361 = CARTESIAN_POINT('',(-34.,5.799666460095,0.643206575143));
#362 = CARTESIAN_POINT('',(-34.,5.666457721654,0.652330382442));
#363 = CARTESIAN_POINT('',(-34.,5.600509606423,0.650455320917));
#364 = PCURVE('',#134,#365);
#365 = DEFINITIONAL_REPRESENTATION('',(#366),#376);
#366 = B_SPLINE_CURVE_WITH_KNOTS('',3,(#367,#368,#369,#370,#371,#372,
    #373,#374,#375),.UNSPECIFIED.,.F.,.F.,(4,1,1,1,1,1,4),(0.,
    0.230179915631,0.453703965803,0.670568906579,0.880767529413,
    1.084277536388,1.28086153844),.UNSPECIFIED.);
#367 = CARTESIAN_POINT('',(0.235310035948,-6.795927397124));
#368 = CARTESIAN_POINT('',(0.275928320043,-6.730859816497));
#369 = CARTESIAN_POINT('',(0.352309243511,-6.600155246304));
#370 = CARTESIAN_POINT('',(0.452105213346,-6.399984421091));
#371 = CARTESIAN_POINT('',(0.534905814178,-6.199285056345));
#372 = CARTESIAN_POINT('',(0.598846199381,-5.99889195667));
#373 = CARTESIAN_POINT('',(0.643206575143,-5.799666460095));
#374 = CARTESIAN_POINT('',(0.652330382442,-5.666457721654));
#375 = CARTESIAN_POINT('',(0.650455320917,-5.600509606423));
#376 = ( GEOMETRIC_REPRESENTATION_CONTEXT(2) 
PARAMETRIC_REPRESENTATION_CONTEXT() REPRESENTATION_CONTEXT('2D SPACE',''
  ) );
#377 = PCURVE('',#378,#391);
#378 = SURFACE_OF_LINEAR_EXTRUSION('',#379,#389);
#379 = B_SPLINE_CURVE_WITH_KNOTS('',3,(#380,#381,#382,#383,#384,#385,
    #386,#387,#388),.UNSPECIFIED.,.F.,.F.,(4,1,1,1,1,1,4),(0.,
    0.230179915631,0.453703965803,0.670568906579,0.880767529413,
    1.084277536388,1.28086153844),.UNSPECIFIED.);
#380 = CARTESIAN_POINT('',(-34.,6.795927397124,0.235310035948));
#381 = CARTESIAN_POINT('',(-34.,6.730859816497,0.275928320043));
#382 = CARTESIAN_POINT('',(-34.,6.600155246304,0.352309243511));
#383 = CARTESIAN_POINT('',(-34.,6.399984421091,0.452105213346));
#384 = CARTESIAN_POINT('',(-34.,6.199285056345,0.534905814178));
#385 = CARTESIAN_POINT('',(-34.,5.99889195667,0.598846199381));
#386 = CARTESIAN_POINT('',(-34.,5.799666460095,0.643206575143));
#387 = CARTESIAN_POINT('',(-34.,5.666457721654,0.652330382442));
#388 = CARTESIAN_POINT('',(-34.,5.600509606423,0.650455320917));
#389 = VECTOR('',#390,1.);
#390 = DIRECTION('',(-1.,-0.,-0.));
#391 = DEFINITIONAL_REPRESENTATION('',(#392),#396);
#392 = LINE('',#393,#394);
#393 = CARTESIAN_POINT('',(0.,0.));
#394 = VECTOR('',#395,1.);
#395 = DIRECTION('',(1.,0.));
#396 = ( GEOMETRIC_REPRESENTATION_CONTEXT(2) 
PARAMETRIC_REPRESENTATION_CONTEXT() REPRESENTATION_CONTEXT('2D SPACE',''
  ) );
#397 = ORIENTED_EDGE('',*,*,#398,.T.);
#398 = EDGE_CURVE('',#351,#399,#401,.T.);
#399 = VERTEX_POINT('',#400);
#400 = CARTESIAN_POINT('',(-34.,4.966614864744,0.57683341209));
#401 = SURFACE_CURVE('',#402,(#406,#413),.PCURVE_S1.);
#402 = LINE('',#403,#404);
#403 = CARTESIAN_POINT('',(-34.,5.600509606423,0.650455320917));
#404 = VECTOR('',#405,1.);
#405 = DIRECTION('',(0.,-0.993322972949,-0.115366682418));
#406 = PCURVE('',#134,#407);
#407 = DEFINITIONAL_REPRESENTATION('',(#408),#412);
#408 = LINE('',#409,#410);
#409 = CARTESIAN_POINT('',(0.650455320917,-5.600509606423));
#410 = VECTOR('',#411,1.);
#411 = DIRECTION('',(-0.115366682418,0.993322972949));
#412 = ( GEOMETRIC_REPRESENTATION_CONTEXT(2) 
PARAMETRIC_REPRESENTATION_CONTEXT() REPRESENTATION_CONTEXT('2D SPACE',''
  ) );
#413 = PCURVE('',#414,#419);
#414 = PLANE('',#415);
#415 = AXIS2_PLACEMENT_3D('',#416,#417,#418);
#416 = CARTESIAN_POINT('',(-34.,5.600509606423,0.650455320917));
#417 = DIRECTION('',(0.,0.115366682418,-0.993322972949));
#418 = DIRECTION('',(0.,-0.993322972949,-0.115366682418));
#419 = DEFINITIONAL_REPRESENTATION('',(#420),#424);
#420 = LINE('',#421,#422);
#421 = CARTESIAN_POINT('',(0.,0.));
#422 = VECTOR('',#423,1.);
#423 = DIRECTION('',(1.,0.));
#424 = ( GEOMETRIC_REPRESENTATION_CONTEXT(2) 
PARAMETRIC_REPRESENTATION_CONTEXT() REPRESENTATION_CONTEXT('2D SPACE',''
  ) );
#425 = ORIENTED_EDGE('',*,*,#426,.T.);
#426 = EDGE_CURVE('',#399,#427,#429,.T.);
#427 = VERTEX_POINT('',#428);
#428 = CARTESIAN_POINT('',(-34.,4.771847735195,1.493140714105));
#429 = SURFACE_CURVE('',#430,(#434,#441),.PCURVE_S1.);
#430 = LINE('',#431,#432);
#431 = CARTESIAN_POINT('',(-34.,4.966614864744,0.57683341209));
#432 = VECTOR('',#433,1.);
#433 = DIRECTION('',(0.,-0.207911690818,0.978147600734));
#434 = PCURVE('',#134,#435);
#435 = DEFINITIONAL_REPRESENTATION('',(#436),#440);
#436 = LINE('',#437,#438);
#437 = CARTESIAN_POINT('',(0.57683341209,-4.966614864744));
#438 = VECTOR('',#439,1.);
#439 = DIRECTION('',(0.978147600734,0.207911690818));
#440 = ( GEOMETRIC_REPRESENTATION_CONTEXT(2) 
PARAMETRIC_REPRESENTATION_CONTEXT() REPRESENTATION_CONTEXT('2D SPACE',''
  ) );
#441 = PCURVE('',#442,#447);
#442 = PLANE('',#443);
#443 = AXIS2_PLACEMENT_3D('',#444,#445,#446);
#444 = CARTESIAN_POINT('',(-34.,4.966614864744,0.57683341209));
#445 = DIRECTION('',(0.,-0.978147600734,-0.207911690818));
#446 = DIRECTION('',(0.,-0.207911690818,0.978147600734));
#447 = DEFINITIONAL_REPRESENTATION('',(#448),#452);
#448 = LINE('',#449,#450);
#449 = CARTESIAN_POINT('',(0.,0.));
#450 = VECTOR('',#451,1.);
#451 = DIRECTION('',(1.,0.));
#452 = ( GEOMETRIC_REPRESENTATION_CONTEXT(2) 
PARAMETRIC_REPRESENTATION_CONTEXT() REPRESENTATION_CONTEXT('2D SPACE',''
  ) );
#453 = ORIENTED_EDGE('',*,*,#454,.T.);
#454 = EDGE_CURVE('',#427,#455,#457,.T.);
#455 = VERTEX_POINT('',#456);
#456 = CARTESIAN_POINT('',(-34.,5.380884125132,1.683711973007));
#457 = SURFACE_CURVE('',#458,(#462,#469),.PCURVE_S1.);
#458 = LINE('',#459,#460);
#459 = CARTESIAN_POINT('',(-34.,4.771847735195,1.493140714105));
#460 = VECTOR('',#461,1.);
#461 = DIRECTION('',(0.,0.954369547039,0.298628142821));
#462 = PCURVE('',#134,#463);
#463 = DEFINITIONAL_REPRESENTATION('',(#464),#468);
#464 = LINE('',#465,#466);
#465 = CARTESIAN_POINT('',(1.493140714105,-4.771847735195));
#466 = VECTOR('',#467,1.);
#467 = DIRECTION('',(0.298628142821,-0.954369547039));
#468 = ( GEOMETRIC_REPRESENTATION_CONTEXT(2) 
PARAMETRIC_REPRESENTATION_CONTEXT() REPRESENTATION_CONTEXT('2D SPACE',''
  ) );
#469 = PCURVE('',#470,#475);
#470 = PLANE('',#471);
#471 = AXIS2_PLACEMENT_3D('',#472,#473,#474);
#472 = CARTESIAN_POINT('',(-34.,4.771847735195,1.493140714105));
#473 = DIRECTION('',(0.,-0.298628142821,0.954369547039));
#474 = DIRECTION('',(0.,0.954369547039,0.298628142821));
#475 = DEFINITIONAL_REPRESENTATION('',(#476),#480);
#476 = LINE('',#477,#478);
#477 = CARTESIAN_POINT('',(0.,0.));
#478 = VECTOR('',#479,1.);
#479 = DIRECTION('',(1.,0.));
#480 = ( GEOMETRIC_REPRESENTATION_CONTEXT(2) 
PARAMETRIC_REPRESENTATION_CONTEXT() REPRESENTATION_CONTEXT('2D SPACE',''
  ) );
#481 = ORIENTED_EDGE('',*,*,#482,.T.);
#482 = EDGE_CURVE('',#455,#483,#485,.T.);
#483 = VERTEX_POINT('',#484);
#484 = CARTESIAN_POINT('',(-34.,6.304097818215,2.549186281615));
#485 = SURFACE_CURVE('',#486,(#496,#509),.PCURVE_S1.);
#486 = B_SPLINE_CURVE_WITH_KNOTS('',3,(#487,#488,#489,#490,#491,#492,
    #493,#494,#495),.UNSPECIFIED.,.F.,.F.,(4,1,1,1,1,1,4),(0.,
    0.196584002052,0.400094009028,0.610292631862,0.827157572637,
    1.05068162281,1.28086153844),.UNSPECIFIED.);
#487 = CARTESIAN_POINT('',(-34.,5.380884125132,1.683711973007));
#488 = CARTESIAN_POINT('',(-34.,5.441893382472,1.708822534074));
#489 = CARTESIAN_POINT('',(-34.,5.55987463364,1.771338421891));
#490 = CARTESIAN_POINT('',(-34.,5.723833190759,1.892895951359));
#491 = CARTESIAN_POINT('',(-34.,5.880894499076,2.032815616479));
#492 = CARTESIAN_POINT('',(-34.,6.030564453665,2.190089515143));
#493 = CARTESIAN_POINT('',(-34.,6.172838924027,2.362674479566));
#494 = CARTESIAN_POINT('',(-34.,6.261176570013,2.485614263366));
#495 = CARTESIAN_POINT('',(-34.,6.304097818215,2.549186281615));
#496 = PCURVE('',#134,#497);
#497 = DEFINITIONAL_REPRESENTATION('',(#498),#508);
#498 = B_SPLINE_CURVE_WITH_KNOTS('',3,(#499,#500,#501,#502,#503,#504,
    #505,#506,#507),.UNSPECIFIED.,.F.,.F.,(4,1,1,1,1,1,4),(0.,
    0.196584002052,0.400094009028,0.610292631862,0.827157572637,
    1.05068162281,1.28086153844),.UNSPECIFIED.);
#499 = CARTESIAN_POINT('',(1.683711973007,-5.380884125132));
#500 = CARTESIAN_POINT('',(1.708822534074,-5.441893382472));
#501 = CARTESIAN_POINT('',(1.771338421891,-5.55987463364));
#502 = CARTESIAN_POINT('',(1.892895951359,-5.723833190759));
#503 = CARTESIAN_POINT('',(2.032815616479,-5.880894499076));
#504 = CARTESIAN_POINT('',(2.190089515143,-6.030564453665));
#505 = CARTESIAN_POINT('',(2.362674479566,-6.172838924027));
#506 = CARTESIAN_POINT('',(2.485614263366,-6.261176570013));
#507 = CARTESIAN_POINT('',(2.549186281615,-6.304097818215));
#508 = ( GEOMETRIC_REPRESENTATION_CONTEXT(2) 
PARAMETRIC_REPRESENTATION_CONTEXT() REPRESENTATION_CONTEXT('2D SPACE',''
  ) );
#509 = PCURVE('',#510,#523);
#510 = SURFACE_OF_LINEAR_EXTRUSION('',#511,#521);
#511 = B_SPLINE_CURVE_WITH_KNOTS('',3,(#512,#513,#514,#515,#516,#517,
    #518,#519,#520),.UNSPECIFIED.,.F.,.F.,(4,1,1,1,1,1,4),(0.,
    0.196584002052,0.400094009028,0.610292631862,0.827157572637,
    1.05068162281,1.28086153844),.UNSPECIFIED.);
#512 = CARTESIAN_POINT('',(-34.,5.380884125132,1.683711973007));
#513 = CARTESIAN_POINT('',(-34.,5.441893382472,1.708822534074));
#514 = CARTESIAN_POINT('',(-34.,5.55987463364,1.771338421891));
#515 = CARTESIAN_POINT('',(-34.,5.723833190759,1.892895951359));
#516 = CARTESIAN_POINT('',(-34.,5.880894499076,2.032815616479));
#517 = CARTESIAN_POINT('',(-34.,6.030564453665,2.190089515143));
#518 = CARTESIAN_POINT('',(-34.,6.172838924027,2.362674479566));
#519 = CARTESIAN_POINT('',(-34.,6.261176570013,2.485614263366));
#520 = CARTESIAN_POINT('',(-34.,6.304097818215,2.549186281615));
#521 = VECTOR('',#522,1.);
#522 = DIRECTION('',(-1.,-0.,-0.));
#523 = DEFINITIONAL_REPRESENTATION('',(#524),#528);
#524 = LINE('',#525,#526);
#525 = CARTESIAN_POINT('',(0.,0.));
#526 = VECTOR('',#527,1.);
#527 = DIRECTION('',(1.,0.));
#528 = ( GEOMETRIC_REPRESENTATION_CONTEXT(2) 
PARAMETRIC_REPRESENTATION_CONTEXT() REPRESENTATION_CONTEXT('2D SPACE',''
  ) );
#529 = ORIENTED_EDGE('',*,*,#530,.T.);
#530 = EDGE_CURVE('',#483,#531,#533,.T.);
#531 = VERTEX_POINT('',#532);
#532 = CARTESIAN_POINT('',(-34.,6.112679390008,2.979119110571));
#533 = SURFACE_CURVE('',#534,(#538,#545),.PCURVE_S1.);
#534 = LINE('',#535,#536);
#535 = CARTESIAN_POINT('',(-34.,6.304097818215,2.549186281615));
#536 = VECTOR('',#537,1.);
#537 = DIRECTION('',(0.,-0.406736643076,0.913545457643));
#538 = PCURVE('',#134,#539);
#539 = DEFINITIONAL_REPRESENTATION('',(#540),#544);
#540 = LINE('',#541,#542);
#541 = CARTESIAN_POINT('',(2.549186281615,-6.304097818215));
#542 = VECTOR('',#543,1.);
#543 = DIRECTION('',(0.913545457643,0.406736643076));
#544 = ( GEOMETRIC_REPRESENTATION_CONTEXT(2) 
PARAMETRIC_REPRESENTATION_CONTEXT() REPRESENTATION_CONTEXT('2D SPACE',''
  ) );
#545 = PCURVE('',#546,#551);
#546 = PLANE('',#547);
#547 = AXIS2_PLACEMENT_3D('',#548,#549,#550);
#548 = CARTESIAN_POINT('',(-34.,6.304097818215,2.549186281615));
#549 = DIRECTION('',(0.,-0.913545457643,-0.406736643076));
#550 = DIRECTION('',(0.,-0.406736643076,0.913545457643));
#551 = DEFINITIONAL_REPRESENTATION('',(#552),#556);
#552 = LINE('',#553,#554);
#553 = CARTESIAN_POINT('',(0.,0.));
#554 = VECTOR('',#555,1.);
#555 = DIRECTION('',(1.,0.));
#556 = ( GEOMETRIC_REPRESENTATION_CONTEXT(2) 
PARAMETRIC_REPRESENTATION_CONTEXT() REPRESENTATION_CONTEXT('2D SPACE',''
  ) );
#557 = ORIENTED_EDGE('',*,*,#558,.T.);
#558 = EDGE_CURVE('',#531,#559,#561,.T.);
#559 = VERTEX_POINT('',#560);
#560 = CARTESIAN_POINT('',(-34.,4.851756097731,2.872152980653));
#561 = SURFACE_CURVE('',#562,(#572,#585),.PCURVE_S1.);
#562 = B_SPLINE_CURVE_WITH_KNOTS('',3,(#563,#564,#565,#566,#567,#568,
    #569,#570,#571),.UNSPECIFIED.,.F.,.F.,(4,1,1,1,1,1,4),(0.,
    0.230179915631,0.453703965803,0.670568906579,0.880767529413,
    1.084277536388,1.28086153844),.UNSPECIFIED.);
#563 = CARTESIAN_POINT('',(-34.,6.112679390008,2.979119110571));
#564 = CARTESIAN_POINT('',(-34.,6.036716252766,2.989760390186));
#565 = CARTESIAN_POINT('',(-34.,5.886244765967,3.006375497756));
#566 = CARTESIAN_POINT('',(-34.,5.662788940078,3.016126843201));
#567 = CARTESIAN_POINT('',(-34.,5.445762908635,3.010137170097));
#568 = CARTESIAN_POINT('',(-34.,5.236687805049,2.987042401901));
#569 = CARTESIAN_POINT('',(-34.,5.036643267284,2.946535311986));
#570 = CARTESIAN_POINT('',(-34.,4.91124004261,2.900689449599));
#571 = CARTESIAN_POINT('',(-34.,4.851756097731,2.872152980653));
#572 = PCURVE('',#134,#573);
#573 = DEFINITIONAL_REPRESENTATION('',(#574),#584);
#574 = B_SPLINE_CURVE_WITH_KNOTS('',3,(#575,#576,#577,#578,#579,#580,
    #581,#582,#583),.UNSPECIFIED.,.F.,.F.,(4,1,1,1,1,1,4),(0.,
    0.230179915631,0.453703965803,0.670568906579,0.880767529413,
    1.084277536388,1.28086153844),.UNSPECIFIED.);
#575 = CARTESIAN_POINT('',(2.979119110571,-6.112679390008));
#576 = CARTESIAN_POINT('',(2.989760390186,-6.036716252766));
#577 = CARTESIAN_POINT('',(3.006375497756,-5.886244765967));
#578 = CARTESIAN_POINT('',(3.016126843201,-5.662788940078));
#579 = CARTESIAN_POINT('',(3.010137170097,-5.445762908635));
#580 = CARTESIAN_POINT('',(2.987042401901,-5.236687805049));
#581 = CARTESIAN_POINT('',(2.946535311986,-5.036643267284));
#582 = CARTESIAN_POINT('',(2.900689449599,-4.91124004261));
#583 = CARTESIAN_POINT('',(2.872152980653,-4.851756097731));
#584 = ( GEOMETRIC_REPRESENTATION_CONTEXT(2) 
PARAMETRIC_REPRESENTATION_CONTEXT() REPRESENTATION_CONTEXT('2D SPACE',''
  ) );
#585 = PCURVE('',#586,#599);
#586 = SURFACE_OF_LINEAR_EXTRUSION('',#587,#597);
#587 = B_SPLINE_CURVE_WITH_KNOTS('',3,(#588,#589,#590,#591,#592,#593,
    #594,#595,#596),.UNSPECIFIED.,.F.,.F.,(4,1,1,1,1,1,4),(0.,
    0.230179915631,0.453703965803,0.670568906579,0.880767529413,
    1.084277536388,1.28086153844),.UNSPECIFIED.);
#588 = CARTESIAN_POINT('',(-34.,6.112679390008,2.979119110571));
#589 = CARTESIAN_POINT('',(-34.,6.036716252766,2.989760390186));
#590 = CARTESIAN_POINT('',(-34.,5.886244765967,3.006375497756));
#591 = CARTESIAN_POINT('',(-34.,5.662788940078,3.016126843201));
#592 = CARTESIAN_POINT('',(-34.,5.445762908635,3.010137170097));
#593 = CARTESIAN_POINT('',(-34.,5.236687805049,2.987042401901));
#594 = CARTESIAN_POINT('',(-34.,5.036643267284,2.946535311986));
#595 = CARTESIAN_POINT('',(-34.,4.91124004261,2.900689449599));
#596 = CARTESIAN_POINT('',(-34.,4.851756097731,2.872152980653));
#597 = VECTOR('',#598,1.);
#598 = DIRECTION('',(-1.,-0.,-0.));
#599 = DEFINITIONAL_REPRESENTATION('',(#600),#604);
#600 = LINE('',#601,#602);
#601 = CARTESIAN_POINT('',(0.,0.));
#602 = VECTOR('',#603,1.);
#603 = DIRECTION('',(1.,0.));
#604 = ( GEOMETRIC_REPRESENTATION_CONTEXT(2) 
PARAMETRIC_REPRESENTATION_CONTEXT() REPRESENTATION_CONTEXT('2D SPACE',''
  ) );
#605 = ORIENTED_EDGE('',*,*,#606,.T.);
#606 = EDGE_CURVE('',#559,#607,#609,.T.);
#607 = VERTEX_POINT('',#608);
#608 = CARTESIAN_POINT('',(-34.,4.3026091639,2.547067800968));
#609 = SURFACE_CURVE('',#610,(#614,#621),.PCURVE_S1.);
#610 = LINE('',#611,#612);
#611 = CARTESIAN_POINT('',(-34.,4.851756097731,2.872152980653));
#612 = VECTOR('',#613,1.);
#613 = DIRECTION('',(0.,-0.86052183278,-0.509413560194));
#614 = PCURVE('',#134,#615);
#615 = DEFINITIONAL_REPRESENTATION('',(#616),#620);
#616 = LINE('',#617,#618);
#617 = CARTESIAN_POINT('',(2.872152980653,-4.851756097731));
#618 = VECTOR('',#619,1.);
#619 = DIRECTION('',(-0.509413560194,0.86052183278));
#620 = ( GEOMETRIC_REPRESENTATION_CONTEXT(2) 
PARAMETRIC_REPRESENTATION_CONTEXT() REPRESENTATION_CONTEXT('2D SPACE',''
  ) );
#621 = PCURVE('',#622,#627);
#622 = PLANE('',#623);
#623 = AXIS2_PLACEMENT_3D('',#624,#625,#626);
#624 = CARTESIAN_POINT('',(-34.,4.851756097731,2.872152980653));
#625 = DIRECTION('',(0.,0.509413560194,-0.86052183278));
#626 = DIRECTION('',(0.,-0.86052183278,-0.509413560194));
#627 = DEFINITIONAL_REPRESENTATION('',(#628),#632);
#628 = LINE('',#629,#630);
#629 = CARTESIAN_POINT('',(0.,0.));
#630 = VECTOR('',#631,1.);
#631 = DIRECTION('',(1.,0.));
#632 = ( GEOMETRIC_REPRESENTATION_CONTEXT(2) 
PARAMETRIC_REPRESENTATION_CONTEXT() REPRESENTATION_CONTEXT('2D SPACE',''
  ) );
#633 = ORIENTED_EDGE('',*,*,#634,.T.);
#634 = EDGE_CURVE('',#607,#635,#637,.T.);
#635 = VERTEX_POINT('',#636);
#636 = CARTESIAN_POINT('',(-34.,3.751984781354,3.304937246074));
#637 = SURFACE_CURVE('',#638,(#642,#649),.PCURVE_S1.);
#638 = LINE('',#639,#640);
#639 = CARTESIAN_POINT('',(-34.,4.3026091639,2.547067800968));
#640 = VECTOR('',#641,1.);
#641 = DIRECTION('',(0.,-0.587785252292,0.809016994375));
#642 = PCURVE('',#134,#643);
#643 = DEFINITIONAL_REPRESENTATION('',(#644),#648);
#644 = LINE('',#645,#646);
#645 = CARTESIAN_POINT('',(2.547067800968,-4.3026091639));
#646 = VECTOR('',#647,1.);
#647 = DIRECTION('',(0.809016994375,0.587785252292));
#648 = ( GEOMETRIC_REPRESENTATION_CONTEXT(2) 
PARAMETRIC_REPRESENTATION_CONTEXT() REPRESENTATION_CONTEXT('2D SPACE',''
  ) );
#649 = PCURVE('',#650,#655);
#650 = PLANE('',#651);
#651 = AXIS2_PLACEMENT_3D('',#652,#653,#654);
#652 = CARTESIAN_POINT('',(-34.,4.3026091639,2.547067800968));
#653 = DIRECTION('',(0.,-0.809016994375,-0.587785252292));
#654 = DIRECTION('',(0.,-0.587785252292,0.809016994375));
#655 = DEFINITIONAL_REPRESENTATION('',(#656),#660);
#656 = LINE('',#657,#658);
#657 = CARTESIAN_POINT('',(0.,0.));
#658 = VECTOR('',#659,1.);
#659 = DIRECTION('',(1.,0.));
#660 = ( GEOMETRIC_REPRESENTATION_CONTEXT(2) 
PARAMETRIC_REPRESENTATION_CONTEXT() REPRESENTATION_CONTEXT('2D SPACE',''
  ) );
#661 = ORIENTED_EDGE('',*,*,#662,.T.);
#662 = EDGE_CURVE('',#635,#663,#665,.T.);
#663 = VERTEX_POINT('',#664);
#664 = CARTESIAN_POINT('',(-34.,4.230854894808,3.726750170755));
#665 = SURFACE_CURVE('',#666,(#670,#677),.PCURVE_S1.);
#666 = LINE('',#667,#668);
#667 = CARTESIAN_POINT('',(-34.,3.751984781354,3.304937246074));
#668 = VECTOR('',#669,1.);
#669 = DIRECTION('',(0.,0.750396956271,0.660987449215));
#670 = PCURVE('',#134,#671);
#671 = DEFINITIONAL_REPRESENTATION('',(#672),#676);
#672 = LINE('',#673,#674);
#673 = CARTESIAN_POINT('',(3.304937246074,-3.751984781354));
#674 = VECTOR('',#675,1.);
#675 = DIRECTION('',(0.660987449215,-0.750396956271));
#676 = ( GEOMETRIC_REPRESENTATION_CONTEXT(2) 
PARAMETRIC_REPRESENTATION_CONTEXT() REPRESENTATION_CONTEXT('2D SPACE',''
  ) );
#677 = PCURVE('',#678,#683);
#678 = PLANE('',#679);
#679 = AXIS2_PLACEMENT_3D('',#680,#681,#682);
#680 = CARTESIAN_POINT('',(-34.,3.751984781354,3.304937246074));
#681 = DIRECTION('',(0.,-0.660987449215,0.750396956271));
#682 = DIRECTION('',(0.,0.750396956271,0.660987449215));
#683 = DEFINITIONAL_REPRESENTATION('',(#684),#688);
#684 = LINE('',#685,#686);
#685 = CARTESIAN_POINT('',(0.,0.));
#686 = VECTOR('',#687,1.);
#687 = DIRECTION('',(1.,0.));
#688 = ( GEOMETRIC_REPRESENTATION_CONTEXT(2) 
PARAMETRIC_REPRESENTATION_CONTEXT() REPRESENTATION_CONTEXT('2D SPACE',''
  ) );
#689 = ORIENTED_EDGE('',*,*,#690,.T.);
#690 = EDGE_CURVE('',#663,#691,#693,.T.);
#691 = VERTEX_POINT('',#692);
#692 = CARTESIAN_POINT('',(-34.,4.722232455606,4.892905132457));
#693 = SURFACE_CURVE('',#694,(#704,#717),.PCURVE_S1.);
#694 = B_SPLINE_CURVE_WITH_KNOTS('',3,(#695,#696,#697,#698,#699,#700,
    #701,#702,#703),.UNSPECIFIED.,.F.,.F.,(4,1,1,1,1,1,4),(0.,
    0.196584002052,0.400094009028,0.610292631862,0.827157572637,
    1.05068162281,1.28086153844),.UNSPECIFIED.);
#695 = CARTESIAN_POINT('',(-34.,4.230854894808,3.726750170755));
#696 = CARTESIAN_POINT('',(-34.,4.276376239411,3.774504510284));
#697 = CARTESIAN_POINT('',(-34.,4.358729973153,3.879602913675));
#698 = CARTESIAN_POINT('',(-34.,4.459071666774,4.057339195689));
#699 = CARTESIAN_POINT('',(-34.,4.545643856668,4.249044759496));
#700 = CARTESIAN_POINT('',(-34.,4.618405106242,4.453597870126));
#701 = CARTESIAN_POINT('',(-34.,4.678182673305,4.669130320902));
#702 = CARTESIAN_POINT('',(-34.,4.708879013571,4.817371559541));
#703 = CARTESIAN_POINT('',(-34.,4.722232455606,4.892905132457));
#704 = PCURVE('',#134,#705);
#705 = DEFINITIONAL_REPRESENTATION('',(#706),#716);
#706 = B_SPLINE_CURVE_WITH_KNOTS('',3,(#707,#708,#709,#710,#711,#712,
    #713,#714,#715),.UNSPECIFIED.,.F.,.F.,(4,1,1,1,1,1,4),(0.,
    0.196584002052,0.400094009028,0.610292631862,0.827157572637,
    1.05068162281,1.28086153844),.UNSPECIFIED.);
#707 = CARTESIAN_POINT('',(3.726750170755,-4.230854894808));
#708 = CARTESIAN_POINT('',(3.774504510284,-4.276376239411));
#709 = CARTESIAN_POINT('',(3.879602913675,-4.358729973153));
#710 = CARTESIAN_POINT('',(4.057339195689,-4.459071666774));
#711 = CARTESIAN_POINT('',(4.249044759496,-4.545643856668));
#712 = CARTESIAN_POINT('',(4.453597870126,-4.618405106242));
#713 = CARTESIAN_POINT('',(4.669130320902,-4.678182673305));
#714 = CARTESIAN_POINT('',(4.817371559541,-4.708879013571));
#715 = CARTESIAN_POINT('',(4.892905132457,-4.722232455606));
#716 = ( GEOMETRIC_REPRESENTATION_CONTEXT(2) 
PARAMETRIC_REPRESENTATION_CONTEXT() REPRESENTATION_CONTEXT('2D SPACE',''
  ) );
#717 = PCURVE('',#718,#731);
#718 = SURFACE_OF_LINEAR_EXTRUSION('',#719,#729);
#719 = B_SPLINE_CURVE_WITH_KNOTS('',3,(#720,#721,#722,#723,#724,#725,
    #726,#727,#728),.UNSPECIFIED.,.F.,.F.,(4,1,1,1,1,1,4),(0.,
    0.196584002052,0.400094009028,0.610292631862,0.827157572637,
    1.05068162281,1.28086153844),.UNSPECIFIED.);
#720 = CARTESIAN_POINT('',(-34.,4.230854894808,3.726750170755));
#721 = CARTESIAN_POINT('',(-34.,4.276376239411,3.774504510284));
#722 = CARTESIAN_POINT('',(-34.,4.358729973153,3.879602913675));
#723 = CARTESIAN_POINT('',(-34.,4.459071666774,4.057339195689));
#724 = CARTESIAN_POINT('',(-34.,4.545643856668,4.249044759496));
#725 = CARTESIAN_POINT('',(-34.,4.618405106242,4.453597870126));
#726 = CARTESIAN_POINT('',(-34.,4.678182673305,4.669130320902));
#727 = CARTESIAN_POINT('',(-34.,4.708879013571,4.817371559541));
#728 = CARTESIAN_POINT('',(-34.,4.722232455606,4.892905132457));
#729 = VECTOR('',#730,1.);
#730 = DIRECTION('',(-1.,-0.,-0.));
#731 = DEFINITIONAL_REPRESENTATION('',(#732),#736);
#732 = LINE('',#733,#734);
#733 = CARTESIAN_POINT('',(0.,0.));
#734 = VECTOR('',#735,1.);
#735 = DIRECTION('',(1.,0.));
#736 = ( GEOMETRIC_REPRESENTATION_CONTEXT(2) 
PARAMETRIC_REPRESENTATION_CONTEXT() REPRESENTATION_CONTEXT('2D SPACE',''
  ) );
#737 = ORIENTED_EDGE('',*,*,#738,.T.);
#738 = EDGE_CURVE('',#691,#739,#741,.T.);
#739 = VERTEX_POINT('',#740);
#740 = CARTESIAN_POINT('',(-34.,4.372493584411,5.207811426529));
#741 = SURFACE_CURVE('',#742,(#746,#753),.PCURVE_S1.);
#742 = LINE('',#743,#744);
#743 = CARTESIAN_POINT('',(-34.,4.722232455606,4.892905132457));
#744 = VECTOR('',#745,1.);
#745 = DIRECTION('',(0.,-0.743144825477,0.669130606359));
#746 = PCURVE('',#134,#747);
#747 = DEFINITIONAL_REPRESENTATION('',(#748),#752);
#748 = LINE('',#749,#750);
#749 = CARTESIAN_POINT('',(4.892905132457,-4.722232455606));
#750 = VECTOR('',#751,1.);
#751 = DIRECTION('',(0.669130606359,0.743144825477));
#752 = ( GEOMETRIC_REPRESENTATION_CONTEXT(2) 
PARAMETRIC_REPRESENTATION_CONTEXT() REPRESENTATION_CONTEXT('2D SPACE',''
  ) );
#753 = PCURVE('',#754,#759);
#754 = PLANE('',#755);
#755 = AXIS2_PLACEMENT_3D('',#756,#757,#758);
#756 = CARTESIAN_POINT('',(-34.,4.722232455606,4.892905132457));
#757 = DIRECTION('',(0.,-0.669130606359,-0.743144825477));
#758 = DIRECTION('',(0.,-0.743144825477,0.669130606359));
#759 = DEFINITIONAL_REPRESENTATION('',(#760),#764);
#760 = LINE('',#761,#762);
#761 = CARTESIAN_POINT('',(0.,0.));
#762 = VECTOR('',#763,1.);
#763 = DIRECTION('',(1.,0.));
#764 = ( GEOMETRIC_REPRESENTATION_CONTEXT(2) 
PARAMETRIC_REPRESENTATION_CONTEXT() REPRESENTATION_CONTEXT('2D SPACE',''
  ) );
#765 = ORIENTED_EDGE('',*,*,#766,.T.);
#766 = EDGE_CURVE('',#739,#767,#769,.T.);
#767 = VERTEX_POINT('',#768);
#768 = CARTESIAN_POINT('',(-34.,3.264089882921,4.597229297344));
#769 = SURFACE_CURVE('',#770,(#780,#793),.PCURVE_S1.);
#770 = B_SPLINE_CURVE_WITH_KNOTS('',3,(#771,#772,#773,#774,#775,#776,
    #777,#778,#779),.UNSPECIFIED.,.F.,.F.,(4,1,1,1,1,1,4),(0.,
    0.230179915631,0.453703965803,0.670568906579,0.880767529413,
    1.084277536388,1.28086153844),.UNSPECIFIED.);
#771 = CARTESIAN_POINT('',(-34.,4.372493584411,5.207811426529));
#772 = CARTESIAN_POINT('',(-34.,4.298769607086,5.186635727745));
#773 = CARTESIAN_POINT('',(-34.,4.154549090739,5.140612116375));
#774 = CARTESIAN_POINT('',(-34.,3.946445806502,5.058632741214));
#775 = CARTESIAN_POINT('',(-34.,3.750618880819,4.964888463068));
#776 = CARTESIAN_POINT('',(-34.,3.569012758121,4.858751836705));
#777 = CARTESIAN_POINT('',(-34.,3.402738697092,4.740381324954));
#778 = CARTESIAN_POINT('',(-34.,3.306824342984,4.647492958984));
#779 = CARTESIAN_POINT('',(-34.,3.264089882921,4.597229297344));
#780 = PCURVE('',#134,#781);
#781 = DEFINITIONAL_REPRESENTATION('',(#782),#792);
#782 = B_SPLINE_CURVE_WITH_KNOTS('',3,(#783,#784,#785,#786,#787,#788,
    #789,#790,#791),.UNSPECIFIED.,.F.,.F.,(4,1,1,1,1,1,4),(0.,
    0.230179915631,0.453703965803,0.670568906579,0.880767529413,
    1.084277536388,1.28086153844),.UNSPECIFIED.);
#783 = CARTESIAN_POINT('',(5.207811426529,-4.372493584411));
#784 = CARTESIAN_POINT('',(5.186635727745,-4.298769607086));
#785 = CARTESIAN_POINT('',(5.140612116375,-4.154549090739));
#786 = CARTESIAN_POINT('',(5.058632741214,-3.946445806502));
#787 = CARTESIAN_POINT('',(4.964888463068,-3.750618880819));
#788 = CARTESIAN_POINT('',(4.858751836705,-3.569012758121));
#789 = CARTESIAN_POINT('',(4.740381324954,-3.402738697092));
#790 = CARTESIAN_POINT('',(4.647492958984,-3.306824342984));
#791 = CARTESIAN_POINT('',(4.597229297344,-3.264089882921));
#792 = ( GEOMETRIC_REPRESENTATION_CONTEXT(2) 
PARAMETRIC_REPRESENTATION_CONTEXT() REPRESENTATION_CONTEXT('2D SPACE',''
  ) );
#793 = PCURVE('',#794,#807);
#794 = SURFACE_OF_LINEAR_EXTRUSION('',#795,#805);
#795 = B_SPLINE_CURVE_WITH_KNOTS('',3,(#796,#797,#798,#799,#800,#801,
    #802,#803,#804),.UNSPECIFIED.,.F.,.F.,(4,1,1,1,1,1,4),(0.,
    0.230179915631,0.453703965803,0.670568906579,0.880767529413,
    1.084277536388,1.28086153844),.UNSPECIFIED.);
#796 = CARTESIAN_POINT('',(-34.,4.372493584411,5.207811426529));
#797 = CARTESIAN_POINT('',(-34.,4.298769607086,5.186635727745));
#798 = CARTESIAN_POINT('',(-34.,4.154549090739,5.140612116375));
#799 = CARTESIAN_POINT('',(-34.,3.946445806502,5.058632741214));
#800 = CARTESIAN_POINT('',(-34.,3.750618880819,4.964888463068));
#801 = CARTESIAN_POINT('',(-34.,3.569012758121,4.858751836705));
#802 = CARTESIAN_POINT('',(-34.,3.402738697092,4.740381324954));
#803 = CARTESIAN_POINT('',(-34.,3.306824342984,4.647492958984));
#804 = CARTESIAN_POINT('',(-34.,3.264089882921,4.597229297344));
#805 = VECTOR('',#806,1.);
#806 = DIRECTION('',(-1.,-0.,-0.));
#807 = DEFINITIONAL_REPRESENTATION('',(#808),#812);
#808 = LINE('',#809,#810);
#809 = CARTESIAN_POINT('',(0.,0.));
#810 = VECTOR('',#811,1.);
#811 = DIRECTION('',(1.,0.));
#812 = ( GEOMETRIC_REPRESENTATION_CONTEXT(2) 
PARAMETRIC_REPRESENTATION_CONTEXT() REPRESENTATION_CONTEXT('2D SPACE',''
  ) );
#813 = ORIENTED_EDGE('',*,*,#814,.T.);
#814 = EDGE_CURVE('',#767,#815,#817,.T.);
#815 = VERTEX_POINT('',#816);
#816 = CARTESIAN_POINT('',(-34.,2.89464325064,4.076891027674));
#817 = SURFACE_CURVE('',#818,(#822,#829),.PCURVE_S1.);
#818 = LINE('',#819,#820);
#819 = CARTESIAN_POINT('',(-34.,3.264089882921,4.597229297344));
#820 = VECTOR('',#821,1.);
#821 = DIRECTION('',(0.,-0.578928650128,-0.815378205535));
#822 = PCURVE('',#134,#823);
#823 = DEFINITIONAL_REPRESENTATION('',(#824),#828);
#824 = LINE('',#825,#826);
#825 = CARTESIAN_POINT('',(4.597229297344,-3.264089882921));
#826 = VECTOR('',#827,1.);
#827 = DIRECTION('',(-0.815378205535,0.578928650128));
#828 = ( GEOMETRIC_REPRESENTATION_CONTEXT(2) 
PARAMETRIC_REPRESENTATION_CONTEXT() REPRESENTATION_CONTEXT('2D SPACE',''
  ) );
#829 = PCURVE('',#830,#835);
#830 = PLANE('',#831);
#831 = AXIS2_PLACEMENT_3D('',#832,#833,#834);
#832 = CARTESIAN_POINT('',(-34.,3.264089882921,4.597229297344));
#833 = DIRECTION('',(0.,0.815378205535,-0.578928650128));
#834 = DIRECTION('',(0.,-0.578928650128,-0.815378205535));
#835 = DEFINITIONAL_REPRESENTATION('',(#836),#840);
#836 = LINE('',#837,#838);
#837 = CARTESIAN_POINT('',(0.,0.));
#838 = VECTOR('',#839,1.);
#839 = DIRECTION('',(1.,0.));
#840 = ( GEOMETRIC_REPRESENTATION_CONTEXT(2) 
PARAMETRIC_REPRESENTATION_CONTEXT() REPRESENTATION_CONTEXT('2D SPACE',''
  ) );
#841 = ORIENTED_EDGE('',*,*,#842,.T.);
#842 = EDGE_CURVE('',#815,#843,#845,.T.);
#843 = VERTEX_POINT('',#844);
#844 = CARTESIAN_POINT('',(-34.,2.083369573106,4.545280103784));
#845 = SURFACE_CURVE('',#846,(#850,#857),.PCURVE_S1.);
#846 = LINE('',#847,#848);
#847 = CARTESIAN_POINT('',(-34.,2.89464325064,4.076891027674));
#848 = VECTOR('',#849,1.);
#849 = DIRECTION('',(0.,-0.866025403784,0.5));
#850 = PCURVE('',#134,#851);
#851 = DEFINITIONAL_REPRESENTATION('',(#852),#856);
#852 = LINE('',#853,#854);
#853 = CARTESIAN_POINT('',(4.076891027674,-2.89464325064));
#854 = VECTOR('',#855,1.);
#855 = DIRECTION('',(0.5,0.866025403784));
#856 = ( GEOMETRIC_REPRESENTATION_CONTEXT(2) 
PARAMETRIC_REPRESENTATION_CONTEXT() REPRESENTATION_CONTEXT('2D SPACE',''
  ) );
#857 = PCURVE('',#858,#863);
#858 = PLANE('',#859);
#859 = AXIS2_PLACEMENT_3D('',#860,#861,#862);
#860 = CARTESIAN_POINT('',(-34.,2.89464325064,4.076891027674));
#861 = DIRECTION('',(0.,-0.5,-0.866025403784));
#862 = DIRECTION('',(0.,-0.866025403784,0.5));
#863 = DEFINITIONAL_REPRESENTATION('',(#864),#868);
#864 = LINE('',#865,#866);
#865 = CARTESIAN_POINT('',(0.,0.));
#866 = VECTOR('',#867,1.);
#867 = DIRECTION('',(1.,0.));
#868 = ( GEOMETRIC_REPRESENTATION_CONTEXT(2) 
PARAMETRIC_REPRESENTATION_CONTEXT() REPRESENTATION_CONTEXT('2D SPACE',''
  ) );
#869 = ORIENTED_EDGE('',*,*,#870,.T.);
#870 = EDGE_CURVE('',#843,#871,#873,.T.);
#871 = VERTEX_POINT('',#872);
#872 = CARTESIAN_POINT('',(-34.,2.349272417061,5.125399407517));
#873 = SURFACE_CURVE('',#874,(#878,#885),.PCURVE_S1.);
#874 = LINE('',#875,#876);
#875 = CARTESIAN_POINT('',(-34.,2.083369573106,4.545280103784));
#876 = VECTOR('',#877,1.);
#877 = DIRECTION('',(0.,0.416673914621,0.909056020757));
#878 = PCURVE('',#134,#879);
#879 = DEFINITIONAL_REPRESENTATION('',(#880),#884);
#880 = LINE('',#881,#882);
#881 = CARTESIAN_POINT('',(4.545280103784,-2.083369573106));
#882 = VECTOR('',#883,1.);
#883 = DIRECTION('',(0.909056020757,-0.416673914621));
#884 = ( GEOMETRIC_REPRESENTATION_CONTEXT(2) 
PARAMETRIC_REPRESENTATION_CONTEXT() REPRESENTATION_CONTEXT('2D SPACE',''
  ) );
#885 = PCURVE('',#886,#891);
#886 = PLANE('',#887);
#887 = AXIS2_PLACEMENT_3D('',#888,#889,#890);
#888 = CARTESIAN_POINT('',(-34.,2.083369573106,4.545280103784));
#889 = DIRECTION('',(0.,-0.909056020757,0.416673914621));
#890 = DIRECTION('',(0.,0.416673914621,0.909056020757));
#891 = DEFINITIONAL_REPRESENTATION('',(#892),#896);
#892 = LINE('',#893,#894);
#893 = CARTESIAN_POINT('',(0.,0.));
#894 = VECTOR('',#895,1.);
#895 = DIRECTION('',(1.,0.));
#896 = ( GEOMETRIC_REPRESENTATION_CONTEXT(2) 
PARAMETRIC_REPRESENTATION_CONTEXT() REPRESENTATION_CONTEXT('2D SPACE',''
  ) );
#897 = ORIENTED_EDGE('',*,*,#898,.T.);
#898 = EDGE_CURVE('',#871,#899,#901,.T.);
#899 = VERTEX_POINT('',#900);
#900 = CARTESIAN_POINT('',(-34.,2.323850201288,6.390596235249));
#901 = SURFACE_CURVE('',#902,(#912,#925),.PCURVE_S1.);
#902 = B_SPLINE_CURVE_WITH_KNOTS('',3,(#903,#904,#905,#906,#907,#908,
    #909,#910,#911),.UNSPECIFIED.,.F.,.F.,(4,1,1,1,1,1,4),(0.,
    0.196584002052,0.400094009028,0.610292631862,0.827157572637,
    1.05068162281,1.28086153844),.UNSPECIFIED.);
#903 = CARTESIAN_POINT('',(-34.,2.349272417061,5.125399407517));
#904 = CARTESIAN_POINT('',(-34.,2.371434794898,5.187540366369));
#905 = CARTESIAN_POINT('',(-34.,2.403921302489,5.317048816599));
#906 = CARTESIAN_POINT('',(-34.,2.42329614221,5.520231633316));
#907 = CARTESIAN_POINT('',(-34.,2.424410095564,5.730575462237));
#908 = CARTESIAN_POINT('',(-34.,2.407681559056,5.947038693697));
#909 = CARTESIAN_POINT('',(-34.,2.374626138413,6.168251112037));
#910 = CARTESIAN_POINT('',(-34.,2.34237349686,6.316161548626));
#911 = CARTESIAN_POINT('',(-34.,2.323850201288,6.390596235249));
#912 = PCURVE('',#134,#913);
#913 = DEFINITIONAL_REPRESENTATION('',(#914),#924);
#914 = B_SPLINE_CURVE_WITH_KNOTS('',3,(#915,#916,#917,#918,#919,#920,
    #921,#922,#923),.UNSPECIFIED.,.F.,.F.,(4,1,1,1,1,1,4),(0.,
    0.196584002052,0.400094009028,0.610292631862,0.827157572637,
    1.05068162281,1.28086153844),.UNSPECIFIED.);
#915 = CARTESIAN_POINT('',(5.125399407517,-2.349272417061));
#916 = CARTESIAN_POINT('',(5.187540366369,-2.371434794898));
#917 = CARTESIAN_POINT('',(5.317048816599,-2.403921302489));
#918 = CARTESIAN_POINT('',(5.520231633316,-2.42329614221));
#919 = CARTESIAN_POINT('',(5.730575462237,-2.424410095564));
#920 = CARTESIAN_POINT('',(5.947038693697,-2.407681559056));
#921 = CARTESIAN_POINT('',(6.168251112037,-2.374626138413));
#922 = CARTESIAN_POINT('',(6.316161548626,-2.34237349686));
#923 = CARTESIAN_POINT('',(6.390596235249,-2.323850201288));
#924 = ( GEOMETRIC_REPRESENTATION_CONTEXT(2) 
PARAMETRIC_REPRESENTATION_CONTEXT() REPRESENTATION_CONTEXT('2D SPACE',''
  ) );
#925 = PCURVE('',#926,#939);
#926 = SURFACE_OF_LINEAR_EXTRUSION('',#927,#937);
#927 = B_SPLINE_CURVE_WITH_KNOTS('',3,(#928,#929,#930,#931,#932,#933,
    #934,#935,#936),.UNSPECIFIED.,.F.,.F.,(4,1,1,1,1,1,4),(0.,
    0.196584002052,0.400094009028,0.610292631862,0.827157572637,
    1.05068162281,1.28086153844),.UNSPECIFIED.);
#928 = CARTESIAN_POINT('',(-34.,2.349272417061,5.125399407517));
#929 = CARTESIAN_POINT('',(-34.,2.371434794898,5.187540366369));
#930 = CARTESIAN_POINT('',(-34.,2.403921302489,5.317048816599));
#931 = CARTESIAN_POINT('',(-34.,2.42329614221,5.520231633316));
#932 = CARTESIAN_POINT('',(-34.,2.424410095564,5.730575462237));
#933 = CARTESIAN_POINT('',(-34.,2.407681559056,5.947038693697));
#934 = CARTESIAN_POINT('',(-34.,2.374626138413,6.168251112037));
#935 = CARTESIAN_POINT('',(-34.,2.34237349686,6.316161548626));
#936 = CARTESIAN_POINT('',(-34.,2.323850201288,6.390596235249));
#937 = VECTOR('',#938,1.);
#938 = DIRECTION('',(-1.,-0.,-0.));
#939 = DEFINITIONAL_REPRESENTATION('',(#940),#944);
#940 = LINE('',#941,#942);
#941 = CARTESIAN_POINT('',(0.,0.));
#942 = VECTOR('',#943,1.);
#943 = DIRECTION('',(1.,0.));
#944 = ( GEOMETRIC_REPRESENTATION_CONTEXT(2) 
PARAMETRIC_REPRESENTATION_CONTEXT() REPRESENTATION_CONTEXT('2D SPACE',''
  ) );
#945 = ORIENTED_EDGE('',*,*,#946,.T.);
#946 = EDGE_CURVE('',#899,#947,#949,.T.);
#947 = VERTEX_POINT('',#948);
#948 = CARTESIAN_POINT('',(-34.,1.876263915212,6.536025835359));
#949 = SURFACE_CURVE('',#950,(#954,#961),.PCURVE_S1.);
#950 = LINE('',#951,#952);
#951 = CARTESIAN_POINT('',(-34.,2.323850201288,6.390596235249));
#952 = VECTOR('',#953,1.);
#953 = DIRECTION('',(0.,-0.951056516295,0.309016994375));
#954 = PCURVE('',#134,#955);
#955 = DEFINITIONAL_REPRESENTATION('',(#956),#960);
#956 = LINE('',#957,#958);
#957 = CARTESIAN_POINT('',(6.390596235249,-2.323850201288));
#958 = VECTOR('',#959,1.);
#959 = DIRECTION('',(0.309016994375,0.951056516295));
#960 = ( GEOMETRIC_REPRESENTATION_CONTEXT(2) 
PARAMETRIC_REPRESENTATION_CONTEXT() REPRESENTATION_CONTEXT('2D SPACE',''
  ) );
#961 = PCURVE('',#962,#967);
#962 = PLANE('',#963);
#963 = AXIS2_PLACEMENT_3D('',#964,#965,#966);
#964 = CARTESIAN_POINT('',(-34.,2.323850201288,6.390596235249));
#965 = DIRECTION('',(0.,-0.309016994375,-0.951056516295));
#966 = DIRECTION('',(0.,-0.951056516295,0.309016994375));
#967 = DEFINITIONAL_REPRESENTATION('',(#968),#972);
#968 = LINE('',#969,#970);
#969 = CARTESIAN_POINT('',(0.,0.));
#970 = VECTOR('',#971,1.);
#971 = DIRECTION('',(1.,0.));
#972 = ( GEOMETRIC_REPRESENTATION_CONTEXT(2) 
PARAMETRIC_REPRESENTATION_CONTEXT() REPRESENTATION_CONTEXT('2D SPACE',''
  ) );
#973 = ORIENTED_EDGE('',*,*,#974,.T.);
#974 = EDGE_CURVE('',#947,#975,#977,.T.);
#975 = VERTEX_POINT('',#976);
#976 = CARTESIAN_POINT('',(-34.,1.112032874028,5.527402904007));
#977 = SURFACE_CURVE('',#978,(#988,#1001),.PCURVE_S1.);
#978 = B_SPLINE_CURVE_WITH_KNOTS('',3,(#979,#980,#981,#982,#983,#984,
    #985,#986,#987),.UNSPECIFIED.,.F.,.F.,(4,1,1,1,1,1,4),(0.,
    0.230179915631,0.453703965803,0.670568906579,0.880767529413,
    1.084277536388,1.28086153844),.UNSPECIFIED.);
#979 = CARTESIAN_POINT('',(-34.,1.876263915212,6.536025835359));
#980 = CARTESIAN_POINT('',(-34.,1.817526643246,6.486694628871));
#981 = CARTESIAN_POINT('',(-34.,1.704494134829,6.385990199077));
#982 = CARTESIAN_POINT('',(-34.,1.547726340648,6.226455082036));
#983 = CARTESIAN_POINT('',(-34.,1.406958775207,6.061165436179));
#984 = CARTESIAN_POINT('',(-34.,1.28422298185,5.890338938567));
#985 = CARTESIAN_POINT('',(-34.,1.180469693262,5.714572341825));
#986 = CARTESIAN_POINT('',(-34.,1.130628672899,5.590702714612));
#987 = CARTESIAN_POINT('',(-34.,1.112032874028,5.527402904007));
#988 = PCURVE('',#134,#989);
#989 = DEFINITIONAL_REPRESENTATION('',(#990),#1000);
#990 = B_SPLINE_CURVE_WITH_KNOTS('',3,(#991,#992,#993,#994,#995,#996,
    #997,#998,#999),.UNSPECIFIED.,.F.,.F.,(4,1,1,1,1,1,4),(0.,
    0.230179915631,0.453703965803,0.670568906579,0.880767529413,
    1.084277536388,1.28086153844),.UNSPECIFIED.);
#991 = CARTESIAN_POINT('',(6.536025835359,-1.876263915212));
#992 = CARTESIAN_POINT('',(6.486694628871,-1.817526643246));
#993 = CARTESIAN_POINT('',(6.385990199077,-1.704494134829));
#994 = CARTESIAN_POINT('',(6.226455082036,-1.547726340648));
#995 = CARTESIAN_POINT('',(6.061165436179,-1.406958775207));
#996 = CARTESIAN_POINT('',(5.890338938567,-1.28422298185));
#997 = CARTESIAN_POINT('',(5.714572341825,-1.180469693262));
#998 = CARTESIAN_POINT('',(5.590702714612,-1.130628672899));
#999 = CARTESIAN_POINT('',(5.527402904007,-1.112032874028));
#1000 = ( GEOMETRIC_REPRESENTATION_CONTEXT(2) 
PARAMETRIC_REPRESENTATION_CONTEXT() REPRESENTATION_CONTEXT('2D SPACE',''
  ) );
#1001 = PCURVE('',#1002,#1015);
#1002 = SURFACE_OF_LINEAR_EXTRUSION('',#1003,#1013);
#1003 = B_SPLINE_CURVE_WITH_KNOTS('',3,(#1004,#1005,#1006,#1007,#1008,
    #1009,#1010,#1011,#1012),.UNSPECIFIED.,.F.,.F.,(4,1,1,1,1,1,4),(0.,
    0.230179915631,0.453703965803,0.670568906579,0.880767529413,
    1.084277536388,1.28086153844),.UNSPECIFIED.);
#1004 = CARTESIAN_POINT('',(-34.,1.876263915212,6.536025835359));
#1005 = CARTESIAN_POINT('',(-34.,1.817526643246,6.486694628871));
#1006 = CARTESIAN_POINT('',(-34.,1.704494134829,6.385990199077));
#1007 = CARTESIAN_POINT('',(-34.,1.547726340648,6.226455082036));
#1008 = CARTESIAN_POINT('',(-34.,1.406958775207,6.061165436179));
#1009 = CARTESIAN_POINT('',(-34.,1.28422298185,5.890338938567));
#1010 = CARTESIAN_POINT('',(-34.,1.180469693262,5.714572341825));
#1011 = CARTESIAN_POINT('',(-34.,1.130628672899,5.590702714612));
#1012 = CARTESIAN_POINT('',(-34.,1.112032874028,5.527402904007));
#1013 = VECTOR('',#1014,1.);
#1014 = DIRECTION('',(-1.,-0.,-0.));
#1015 = DEFINITIONAL_REPRESENTATION('',(#1016),#1020);
#1016 = LINE('',#1017,#1018);
#1017 = CARTESIAN_POINT('',(0.,0.));
#1018 = VECTOR('',#1019,1.);
#1019 = DIRECTION('',(1.,0.));
#1020 = ( GEOMETRIC_REPRESENTATION_CONTEXT(2) 
PARAMETRIC_REPRESENTATION_CONTEXT() REPRESENTATION_CONTEXT('2D SPACE',''
  ) );
#1021 = ORIENTED_EDGE('',*,*,#1022,.T.);
#1022 = EDGE_CURVE('',#975,#1023,#1025,.T.);
#1023 = VERTEX_POINT('',#1024);
#1024 = CARTESIAN_POINT('',(-34.,0.986167222336,4.901782758302));
#1025 = SURFACE_CURVE('',#1026,(#1030,#1037),.PCURVE_S1.);
#1026 = LINE('',#1027,#1028);
#1027 = CARTESIAN_POINT('',(-34.,1.112032874028,5.527402904007));
#1028 = VECTOR('',#1029,1.);
#1029 = DIRECTION('',(0.,-0.197233444467,-0.98035655166));
#1030 = PCURVE('',#134,#1031);
#1031 = DEFINITIONAL_REPRESENTATION('',(#1032),#1036);
#1032 = LINE('',#1033,#1034);
#1033 = CARTESIAN_POINT('',(5.527402904007,-1.112032874028));
#1034 = VECTOR('',#1035,1.);
#1035 = DIRECTION('',(-0.98035655166,0.197233444467));
#1036 = ( GEOMETRIC_REPRESENTATION_CONTEXT(2) 
PARAMETRIC_REPRESENTATION_CONTEXT() REPRESENTATION_CONTEXT('2D SPACE',''
  ) );
#1037 = PCURVE('',#1038,#1043);
#1038 = PLANE('',#1039);
#1039 = AXIS2_PLACEMENT_3D('',#1040,#1041,#1042);
#1040 = CARTESIAN_POINT('',(-34.,1.112032874028,5.527402904007));
#1041 = DIRECTION('',(0.,0.98035655166,-0.197233444467));
#1042 = DIRECTION('',(0.,-0.197233444467,-0.98035655166));
#1043 = DEFINITIONAL_REPRESENTATION('',(#1044),#1048);
#1044 = LINE('',#1045,#1046);
#1045 = CARTESIAN_POINT('',(0.,0.));
#1046 = VECTOR('',#1047,1.);
#1047 = DIRECTION('',(1.,0.));
#1048 = ( GEOMETRIC_REPRESENTATION_CONTEXT(2) 
PARAMETRIC_REPRESENTATION_CONTEXT() REPRESENTATION_CONTEXT('2D SPACE',''
  ) );
#1049 = ORIENTED_EDGE('',*,*,#1050,.T.);
#1050 = EDGE_CURVE('',#1023,#1051,#1053,.T.);
#1051 = VERTEX_POINT('',#1052);
#1052 = CARTESIAN_POINT('',(-34.,5.452083884963E-02,4.999702738977));
#1053 = SURFACE_CURVE('',#1054,(#1058,#1065),.PCURVE_S1.);
#1054 = LINE('',#1055,#1056);
#1055 = CARTESIAN_POINT('',(-34.,0.986167222336,4.901782758302));
#1056 = VECTOR('',#1057,1.);
#1057 = DIRECTION('',(0.,-0.994521895368,0.104528463268));
#1058 = PCURVE('',#134,#1059);
#1059 = DEFINITIONAL_REPRESENTATION('',(#1060),#1064);
#1060 = LINE('',#1061,#1062);
#1061 = CARTESIAN_POINT('',(4.901782758302,-0.986167222336));
#1062 = VECTOR('',#1063,1.);
#1063 = DIRECTION('',(0.104528463268,0.994521895368));
#1064 = ( GEOMETRIC_REPRESENTATION_CONTEXT(2) 
PARAMETRIC_REPRESENTATION_CONTEXT() REPRESENTATION_CONTEXT('2D SPACE',''
  ) );
#1065 = PCURVE('',#1066,#1071);
#1066 = PLANE('',#1067);
#1067 = AXIS2_PLACEMENT_3D('',#1068,#1069,#1070);
#1068 = CARTESIAN_POINT('',(-34.,0.986167222336,4.901782758302));
#1069 = DIRECTION('',(0.,-0.104528463268,-0.994521895368));
#1070 = DIRECTION('',(0.,-0.994521895368,0.104528463268));
#1071 = DEFINITIONAL_REPRESENTATION('',(#1072),#1076);
#1072 = LINE('',#1073,#1074);
#1073 = CARTESIAN_POINT('',(0.,0.));
#1074 = VECTOR('',#1075,1.);
#1075 = DIRECTION('',(1.,0.));
#1076 = ( GEOMETRIC_REPRESENTATION_CONTEXT(2) 
PARAMETRIC_REPRESENTATION_CONTEXT() REPRESENTATION_CONTEXT('2D SPACE',''
  ) );
#1077 = ORIENTED_EDGE('',*,*,#1078,.T.);
#1078 = EDGE_CURVE('',#1051,#1079,#1081,.T.);
#1079 = VERTEX_POINT('',#1080);
#1080 = CARTESIAN_POINT('',(-34.,6.147939593527E-02,5.637820523927));
#1081 = SURFACE_CURVE('',#1082,(#1086,#1093),.PCURVE_S1.);
#1082 = LINE('',#1083,#1084);
#1083 = CARTESIAN_POINT('',(-34.,5.452083884963E-02,4.999702738977));
#1084 = VECTOR('',#1085,1.);
#1085 = DIRECTION('',(0.,1.090416776993E-02,0.999940547795));
#1086 = PCURVE('',#134,#1087);
#1087 = DEFINITIONAL_REPRESENTATION('',(#1088),#1092);
#1088 = LINE('',#1089,#1090);
#1089 = CARTESIAN_POINT('',(4.999702738977,-5.452083884963E-02));
#1090 = VECTOR('',#1091,1.);
#1091 = DIRECTION('',(0.999940547795,-1.090416776993E-02));
#1092 = ( GEOMETRIC_REPRESENTATION_CONTEXT(2) 
PARAMETRIC_REPRESENTATION_CONTEXT() REPRESENTATION_CONTEXT('2D SPACE',''
  ) );
#1093 = PCURVE('',#1094,#1099);
#1094 = PLANE('',#1095);
#1095 = AXIS2_PLACEMENT_3D('',#1096,#1097,#1098);
#1096 = CARTESIAN_POINT('',(-34.,5.452083884963E-02,4.999702738977));
#1097 = DIRECTION('',(0.,-0.999940547795,1.090416776993E-02));
#1098 = DIRECTION('',(0.,1.090416776993E-02,0.999940547795));
#1099 = DEFINITIONAL_REPRESENTATION('',(#1100),#1104);
#1100 = LINE('',#1101,#1102);
#1101 = CARTESIAN_POINT('',(0.,0.));
#1102 = VECTOR('',#1103,1.);
#1103 = DIRECTION('',(1.,0.));
#1104 = ( GEOMETRIC_REPRESENTATION_CONTEXT(2) 
PARAMETRIC_REPRESENTATION_CONTEXT() REPRESENTATION_CONTEXT('2D SPACE',''
  ) );
#1105 = ORIENTED_EDGE('',*,*,#1106,.T.);
#1106 = EDGE_CURVE('',#1079,#1107,#1109,.T.);
#1107 = VERTEX_POINT('',#1108);
#1108 = CARTESIAN_POINT('',(-34.,-0.47634686435,6.783295192222));
#1109 = SURFACE_CURVE('',#1110,(#1120,#1133),.PCURVE_S1.);
#1110 = B_SPLINE_CURVE_WITH_KNOTS('',3,(#1111,#1112,#1113,#1114,#1115,
    #1116,#1117,#1118,#1119),.UNSPECIFIED.,.F.,.F.,(4,1,1,1,1,1,4),(0.,
    0.196584002052,0.400094009028,0.610292631862,0.827157572637,
    1.05068162281,1.28086153844),.UNSPECIFIED.);
#1111 = CARTESIAN_POINT('',(-34.,6.147939593527E-02,5.637820523927));
#1112 = CARTESIAN_POINT('',(-34.,5.645073053727E-02,5.703603365784));
#1113 = CARTESIAN_POINT('',(-34.,3.345279968555E-02,5.835128675261));
#1114 = CARTESIAN_POINT('',(-34.,-3.148930029689E-02,6.028625871812));
#1115 = CARTESIAN_POINT('',(-34.,-0.116026196138,6.221237606913));
#1116 = CARTESIAN_POINT('',(-34.,-0.219352002791,6.412182499977));
#1117 = CARTESIAN_POINT('',(-34.,-0.339524828612,6.600825249098));
#1118 = CARTESIAN_POINT('',(-34.,-0.429149677254,6.722829825426));
#1119 = CARTESIAN_POINT('',(-34.,-0.47634686435,6.783295192222));
#1120 = PCURVE('',#134,#1121);
#1121 = DEFINITIONAL_REPRESENTATION('',(#1122),#1132);
#1122 = B_SPLINE_CURVE_WITH_KNOTS('',3,(#1123,#1124,#1125,#1126,#1127,
    #1128,#1129,#1130,#1131),.UNSPECIFIED.,.F.,.F.,(4,1,1,1,1,1,4),(0.,
    0.196584002052,0.400094009028,0.610292631862,0.827157572637,
    1.05068162281,1.28086153844),.UNSPECIFIED.);
#1123 = CARTESIAN_POINT('',(5.637820523927,-6.147939593527E-02));
#1124 = CARTESIAN_POINT('',(5.703603365784,-5.645073053727E-02));
#1125 = CARTESIAN_POINT('',(5.835128675261,-3.345279968556E-02));
#1126 = CARTESIAN_POINT('',(6.028625871812,3.148930029689E-02));
#1127 = CARTESIAN_POINT('',(6.221237606913,0.116026196138));
#1128 = CARTESIAN_POINT('',(6.412182499977,0.219352002791));
#1129 = CARTESIAN_POINT('',(6.600825249098,0.339524828612));
#1130 = CARTESIAN_POINT('',(6.722829825426,0.429149677254));
#1131 = CARTESIAN_POINT('',(6.783295192222,0.47634686435));
#1132 = ( GEOMETRIC_REPRESENTATION_CONTEXT(2) 
PARAMETRIC_REPRESENTATION_CONTEXT() REPRESENTATION_CONTEXT('2D SPACE',''
  ) );
#1133 = PCURVE('',#1134,#1147);
#1134 = SURFACE_OF_LINEAR_EXTRUSION('',#1135,#1145);
#1135 = B_SPLINE_CURVE_WITH_KNOTS('',3,(#1136,#1137,#1138,#1139,#1140,
    #1141,#1142,#1143,#1144),.UNSPECIFIED.,.F.,.F.,(4,1,1,1,1,1,4),(0.,
    0.196584002052,0.400094009028,0.610292631862,0.827157572637,
    1.05068162281,1.28086153844),.UNSPECIFIED.);
#1136 = CARTESIAN_POINT('',(-34.,6.147939593527E-02,5.637820523927));
#1137 = CARTESIAN_POINT('',(-34.,5.645073053727E-02,5.703603365784));
#1138 = CARTESIAN_POINT('',(-34.,3.345279968555E-02,5.835128675261));
#1139 = CARTESIAN_POINT('',(-34.,-3.148930029689E-02,6.028625871812));
#1140 = CARTESIAN_POINT('',(-34.,-0.116026196138,6.221237606913));
#1141 = CARTESIAN_POINT('',(-34.,-0.219352002791,6.412182499977));
#1142 = CARTESIAN_POINT('',(-34.,-0.339524828612,6.600825249098));
#1143 = CARTESIAN_POINT('',(-34.,-0.429149677254,6.722829825426));
#1144 = CARTESIAN_POINT('',(-34.,-0.47634686435,6.783295192222));
#1145 = VECTOR('',#1146,1.);
#1146 = DIRECTION('',(-1.,-0.,-0.));
#1147 = DEFINITIONAL_REPRESENTATION('',(#1148),#1152);
#1148 = LINE('',#1149,#1150);
#1149 = CARTESIAN_POINT('',(0.,0.));
#1150 = VECTOR('',#1151,1.);
#1151 = DIRECTION('',(1.,0.));
#1152 = ( GEOMETRIC_REPRESENTATION_CONTEXT(2) 
PARAMETRIC_REPRESENTATION_CONTEXT() REPRESENTATION_CONTEXT('2D SPACE',''
  ) );
#1153 = ORIENTED_EDGE('',*,*,#1154,.T.);
#1154 = EDGE_CURVE('',#1107,#1155,#1157,.T.);
#1155 = VERTEX_POINT('',#1156);
#1156 = CARTESIAN_POINT('',(-34.,-0.94438883025,6.734101999324));
#1157 = SURFACE_CURVE('',#1158,(#1162,#1169),.PCURVE_S1.);
#1158 = LINE('',#1159,#1160);
#1159 = CARTESIAN_POINT('',(-34.,-0.47634686435,6.783295192222));
#1160 = VECTOR('',#1161,1.);
#1161 = DIRECTION('',(0.,-0.994521895368,-0.104528463268));
#1162 = PCURVE('',#134,#1163);
#1163 = DEFINITIONAL_REPRESENTATION('',(#1164),#1168);
#1164 = LINE('',#1165,#1166);
#1165 = CARTESIAN_POINT('',(6.783295192222,0.47634686435));
#1166 = VECTOR('',#1167,1.);
#1167 = DIRECTION('',(-0.104528463268,0.994521895368));
#1168 = ( GEOMETRIC_REPRESENTATION_CONTEXT(2) 
PARAMETRIC_REPRESENTATION_CONTEXT() REPRESENTATION_CONTEXT('2D SPACE',''
  ) );
#1169 = PCURVE('',#1170,#1175);
#1170 = PLANE('',#1171);
#1171 = AXIS2_PLACEMENT_3D('',#1172,#1173,#1174);
#1172 = CARTESIAN_POINT('',(-34.,-0.47634686435,6.783295192222));
#1173 = DIRECTION('',(0.,0.104528463268,-0.994521895368));
#1174 = DIRECTION('',(0.,-0.994521895368,-0.104528463268));
#1175 = DEFINITIONAL_REPRESENTATION('',(#1176),#1180);
#1176 = LINE('',#1177,#1178);
#1177 = CARTESIAN_POINT('',(0.,0.));
#1178 = VECTOR('',#1179,1.);
#1179 = DIRECTION('',(1.,0.));
#1180 = ( GEOMETRIC_REPRESENTATION_CONTEXT(2) 
PARAMETRIC_REPRESENTATION_CONTEXT() REPRESENTATION_CONTEXT('2D SPACE',''
  ) );
#1181 = ORIENTED_EDGE('',*,*,#1182,.T.);
#1182 = EDGE_CURVE('',#1155,#1183,#1185,.T.);
#1183 = VERTEX_POINT('',#1184);
#1184 = CARTESIAN_POINT('',(-34.,-1.232304721285,5.501838333688));
#1185 = SURFACE_CURVE('',#1186,(#1196,#1209),.PCURVE_S1.);
#1186 = B_SPLINE_CURVE_WITH_KNOTS('',3,(#1187,#1188,#1189,#1190,#1191,
    #1192,#1193,#1194,#1195),.UNSPECIFIED.,.F.,.F.,(4,1,1,1,1,1,4),(0.,
    0.230179915631,0.453703965803,0.670568906579,0.880767529413,
    1.084277536388,1.28086153844),.UNSPECIFIED.);
#1187 = CARTESIAN_POINT('',(-34.,-0.94438883025,6.734101999324));
#1188 = CARTESIAN_POINT('',(-34.,-0.977983188923,6.665145098894));
#1189 = CARTESIAN_POINT('',(-34.,-1.040283341837,6.52717256146));
#1190 = CARTESIAN_POINT('',(-34.,-1.118609070156,6.317666773605));
#1191 = CARTESIAN_POINT('',(-34.,-1.179977284458,6.109411841415));
#1192 = CARTESIAN_POINT('',(-34.,-1.222620614782,5.903432925902));
#1193 = CARTESIAN_POINT('',(-34.,-1.245913244763,5.700661885534));
#1194 = CARTESIAN_POINT('',(-34.,-1.241062966169,5.567229180944));
#1195 = CARTESIAN_POINT('',(-34.,-1.232304721285,5.501838333688));
#1196 = PCURVE('',#134,#1197);
#1197 = DEFINITIONAL_REPRESENTATION('',(#1198),#1208);
#1198 = B_SPLINE_CURVE_WITH_KNOTS('',3,(#1199,#1200,#1201,#1202,#1203,
    #1204,#1205,#1206,#1207),.UNSPECIFIED.,.F.,.F.,(4,1,1,1,1,1,4),(0.,
    0.230179915631,0.453703965803,0.670568906579,0.880767529413,
    1.084277536388,1.28086153844),.UNSPECIFIED.);
#1199 = CARTESIAN_POINT('',(6.734101999324,0.94438883025));
#1200 = CARTESIAN_POINT('',(6.665145098894,0.977983188923));
#1201 = CARTESIAN_POINT('',(6.52717256146,1.040283341837));
#1202 = CARTESIAN_POINT('',(6.317666773605,1.118609070156));
#1203 = CARTESIAN_POINT('',(6.109411841415,1.179977284458));
#1204 = CARTESIAN_POINT('',(5.903432925902,1.222620614782));
#1205 = CARTESIAN_POINT('',(5.700661885534,1.245913244763));
#1206 = CARTESIAN_POINT('',(5.567229180944,1.241062966169));
#1207 = CARTESIAN_POINT('',(5.501838333688,1.232304721285));
#1208 = ( GEOMETRIC_REPRESENTATION_CONTEXT(2) 
PARAMETRIC_REPRESENTATION_CONTEXT() REPRESENTATION_CONTEXT('2D SPACE',''
  ) );
#1209 = PCURVE('',#1210,#1223);
#1210 = SURFACE_OF_LINEAR_EXTRUSION('',#1211,#1221);
#1211 = B_SPLINE_CURVE_WITH_KNOTS('',3,(#1212,#1213,#1214,#1215,#1216,
    #1217,#1218,#1219,#1220),.UNSPECIFIED.,.F.,.F.,(4,1,1,1,1,1,4),(0.,
    0.230179915631,0.453703965803,0.670568906579,0.880767529413,
    1.084277536388,1.28086153844),.UNSPECIFIED.);
#1212 = CARTESIAN_POINT('',(-34.,-0.94438883025,6.734101999324));
#1213 = CARTESIAN_POINT('',(-34.,-0.977983188923,6.665145098894));
#1214 = CARTESIAN_POINT('',(-34.,-1.040283341837,6.52717256146));
#1215 = CARTESIAN_POINT('',(-34.,-1.118609070156,6.317666773605));
#1216 = CARTESIAN_POINT('',(-34.,-1.179977284458,6.109411841415));
#1217 = CARTESIAN_POINT('',(-34.,-1.222620614782,5.903432925902));
#1218 = CARTESIAN_POINT('',(-34.,-1.245913244763,5.700661885534));
#1219 = CARTESIAN_POINT('',(-34.,-1.241062966169,5.567229180944));
#1220 = CARTESIAN_POINT('',(-34.,-1.232304721285,5.501838333688));
#1221 = VECTOR('',#1222,1.);
#1222 = DIRECTION('',(-1.,-0.,-0.));
#1223 = DEFINITIONAL_REPRESENTATION('',(#1224),#1228);
#1224 = LINE('',#1225,#1226);
#1225 = CARTESIAN_POINT('',(0.,0.));
#1226 = VECTOR('',#1227,1.);
#1227 = DIRECTION('',(1.,0.));
#1228 = ( GEOMETRIC_REPRESENTATION_CONTEXT(2) 
PARAMETRIC_REPRESENTATION_CONTEXT() REPRESENTATION_CONTEXT('2D SPACE',''
  ) );
#1229 = ORIENTED_EDGE('',*,*,#1230,.T.);
#1230 = EDGE_CURVE('',#1183,#1231,#1233,.T.);
#1231 = VERTEX_POINT('',#1232);
#1232 = CARTESIAN_POINT('',(-34.,-1.092826077758,4.879111718722));
#1233 = SURFACE_CURVE('',#1234,(#1238,#1245),.PCURVE_S1.);
#1234 = LINE('',#1235,#1236);
#1235 = CARTESIAN_POINT('',(-34.,-1.232304721285,5.501838333688));
#1236 = VECTOR('',#1237,1.);
#1237 = DIRECTION('',(0.,0.218565215552,-0.975822343744));
#1238 = PCURVE('',#134,#1239);
#1239 = DEFINITIONAL_REPRESENTATION('',(#1240),#1244);
#1240 = LINE('',#1241,#1242);
#1241 = CARTESIAN_POINT('',(5.501838333688,1.232304721285));
#1242 = VECTOR('',#1243,1.);
#1243 = DIRECTION('',(-0.975822343744,-0.218565215552));
#1244 = ( GEOMETRIC_REPRESENTATION_CONTEXT(2) 
PARAMETRIC_REPRESENTATION_CONTEXT() REPRESENTATION_CONTEXT('2D SPACE',''
  ) );
#1245 = PCURVE('',#1246,#1251);
#1246 = PLANE('',#1247);
#1247 = AXIS2_PLACEMENT_3D('',#1248,#1249,#1250);
#1248 = CARTESIAN_POINT('',(-34.,-1.232304721285,5.501838333688));
#1249 = DIRECTION('',(-0.,0.975822343744,0.218565215552));
#1250 = DIRECTION('',(0.,0.218565215552,-0.975822343744));
#1251 = DEFINITIONAL_REPRESENTATION('',(#1252),#1256);
#1252 = LINE('',#1253,#1254);
#1253 = CARTESIAN_POINT('',(0.,0.));
#1254 = VECTOR('',#1255,1.);
#1255 = DIRECTION('',(1.,0.));
#1256 = ( GEOMETRIC_REPRESENTATION_CONTEXT(2) 
PARAMETRIC_REPRESENTATION_CONTEXT() REPRESENTATION_CONTEXT('2D SPACE',''
  ) );
#1257 = ORIENTED_EDGE('',*,*,#1258,.T.);
#1258 = EDGE_CURVE('',#1231,#1259,#1261,.T.);
#1259 = VERTEX_POINT('',#1260);
#1260 = CARTESIAN_POINT('',(-34.,-1.98375504375,4.589631349727));
#1261 = SURFACE_CURVE('',#1262,(#1266,#1273),.PCURVE_S1.);
#1262 = LINE('',#1263,#1264);
#1263 = CARTESIAN_POINT('',(-34.,-1.092826077758,4.879111718722));
#1264 = VECTOR('',#1265,1.);
#1265 = DIRECTION('',(0.,-0.951056516295,-0.309016994375));
#1266 = PCURVE('',#134,#1267);
#1267 = DEFINITIONAL_REPRESENTATION('',(#1268),#1272);
#1268 = LINE('',#1269,#1270);
#1269 = CARTESIAN_POINT('',(4.879111718722,1.092826077758));
#1270 = VECTOR('',#1271,1.);
#1271 = DIRECTION('',(-0.309016994375,0.951056516295));
#1272 = ( GEOMETRIC_REPRESENTATION_CONTEXT(2) 
PARAMETRIC_REPRESENTATION_CONTEXT() REPRESENTATION_CONTEXT('2D SPACE',''
  ) );
#1273 = PCURVE('',#1274,#1279);
#1274 = PLANE('',#1275);
#1275 = AXIS2_PLACEMENT_3D('',#1276,#1277,#1278);
#1276 = CARTESIAN_POINT('',(-34.,-1.092826077758,4.879111718722));
#1277 = DIRECTION('',(0.,0.309016994375,-0.951056516295));
#1278 = DIRECTION('',(0.,-0.951056516295,-0.309016994375));
#1279 = DEFINITIONAL_REPRESENTATION('',(#1280),#1284);
#1280 = LINE('',#1281,#1282);
#1281 = CARTESIAN_POINT('',(0.,0.));
#1282 = VECTOR('',#1283,1.);
#1283 = DIRECTION('',(1.,0.));
#1284 = ( GEOMETRIC_REPRESENTATION_CONTEXT(2) 
PARAMETRIC_REPRESENTATION_CONTEXT() REPRESENTATION_CONTEXT('2D SPACE',''
  ) );
#1285 = ORIENTED_EDGE('',*,*,#1286,.T.);
#1286 = EDGE_CURVE('',#1259,#1287,#1289,.T.);
#1287 = VERTEX_POINT('',#1288);
#1288 = CARTESIAN_POINT('',(-34.,-2.236943971271,5.175411253759));
#1289 = SURFACE_CURVE('',#1290,(#1294,#1301),.PCURVE_S1.);
#1290 = LINE('',#1291,#1292);
#1291 = CARTESIAN_POINT('',(-34.,-1.98375504375,4.589631349727));
#1292 = VECTOR('',#1293,1.);
#1293 = DIRECTION('',(0.,-0.39675100875,0.917926269945));
#1294 = PCURVE('',#134,#1295);
#1295 = DEFINITIONAL_REPRESENTATION('',(#1296),#1300);
#1296 = LINE('',#1297,#1298);
#1297 = CARTESIAN_POINT('',(4.589631349727,1.98375504375));
#1298 = VECTOR('',#1299,1.);
#1299 = DIRECTION('',(0.917926269945,0.39675100875));
#1300 = ( GEOMETRIC_REPRESENTATION_CONTEXT(2) 
PARAMETRIC_REPRESENTATION_CONTEXT() REPRESENTATION_CONTEXT('2D SPACE',''
  ) );
#1301 = PCURVE('',#1302,#1307);
#1302 = PLANE('',#1303);
#1303 = AXIS2_PLACEMENT_3D('',#1304,#1305,#1306);
#1304 = CARTESIAN_POINT('',(-34.,-1.98375504375,4.589631349727));
#1305 = DIRECTION('',(0.,-0.917926269945,-0.39675100875));
#1306 = DIRECTION('',(0.,-0.39675100875,0.917926269945));
#1307 = DEFINITIONAL_REPRESENTATION('',(#1308),#1312);
#1308 = LINE('',#1309,#1310);
#1309 = CARTESIAN_POINT('',(0.,0.));
#1310 = VECTOR('',#1311,1.);
#1311 = DIRECTION('',(1.,0.));
#1312 = ( GEOMETRIC_REPRESENTATION_CONTEXT(2) 
PARAMETRIC_REPRESENTATION_CONTEXT() REPRESENTATION_CONTEXT('2D SPACE',''
  ) );
#1313 = ORIENTED_EDGE('',*,*,#1314,.T.);
#1314 = EDGE_CURVE('',#1287,#1315,#1317,.T.);
#1315 = VERTEX_POINT('',#1316);
#1316 = CARTESIAN_POINT('',(-34.,-3.194179229666,6.003100786158));
#1317 = SURFACE_CURVE('',#1318,(#1328,#1341),.PCURVE_S1.);
#1318 = B_SPLINE_CURVE_WITH_KNOTS('',3,(#1319,#1320,#1321,#1322,#1323,
    #1324,#1325,#1326,#1327),.UNSPECIFIED.,.F.,.F.,(4,1,1,1,1,1,4),(0.,
    0.196584002052,0.400094009028,0.610292631862,0.827157572637,
    1.05068162281,1.28086153844),.UNSPECIFIED.);
#1319 = CARTESIAN_POINT('',(-34.,-2.236943971271,5.175411253759));
#1320 = CARTESIAN_POINT('',(-34.,-2.268294177972,5.233461527644));
#1321 = CARTESIAN_POINT('',(-34.,-2.342799996093,5.34426177549));
#1322 = CARTESIAN_POINT('',(-34.,-2.480829956711,5.494615928725));
#1323 = CARTESIAN_POINT('',(-34.,-2.636400504462,5.636191251185));
#1324 = CARTESIAN_POINT('',(-34.,-2.808457610604,5.768601699163));
#1325 = CARTESIAN_POINT('',(-34.,-2.994968868283,5.892056733976));
#1326 = CARTESIAN_POINT('',(-34.,-3.126468973468,5.967059750419));
#1327 = CARTESIAN_POINT('',(-34.,-3.194179229666,6.003100786158));
#1328 = PCURVE('',#134,#1329);
#1329 = DEFINITIONAL_REPRESENTATION('',(#1330),#1340);
#1330 = B_SPLINE_CURVE_WITH_KNOTS('',3,(#1331,#1332,#1333,#1334,#1335,
    #1336,#1337,#1338,#1339),.UNSPECIFIED.,.F.,.F.,(4,1,1,1,1,1,4),(0.,
    0.196584002052,0.400094009028,0.610292631862,0.827157572637,
    1.05068162281,1.28086153844),.UNSPECIFIED.);
#1331 = CARTESIAN_POINT('',(5.175411253759,2.236943971271));
#1332 = CARTESIAN_POINT('',(5.233461527644,2.268294177972));
#1333 = CARTESIAN_POINT('',(5.34426177549,2.342799996093));
#1334 = CARTESIAN_POINT('',(5.494615928725,2.480829956711));
#1335 = CARTESIAN_POINT('',(5.636191251185,2.636400504462));
#1336 = CARTESIAN_POINT('',(5.768601699163,2.808457610604));
#1337 = CARTESIAN_POINT('',(5.892056733976,2.994968868283));
#1338 = CARTESIAN_POINT('',(5.967059750419,3.126468973468));
#1339 = CARTESIAN_POINT('',(6.003100786158,3.194179229666));
#1340 = ( GEOMETRIC_REPRESENTATION_CONTEXT(2) 
PARAMETRIC_REPRESENTATION_CONTEXT() REPRESENTATION_CONTEXT('2D SPACE',''
  ) );
#1341 = PCURVE('',#1342,#1355);
#1342 = SURFACE_OF_LINEAR_EXTRUSION('',#1343,#1353);
#1343 = B_SPLINE_CURVE_WITH_KNOTS('',3,(#1344,#1345,#1346,#1347,#1348,
    #1349,#1350,#1351,#1352),.UNSPECIFIED.,.F.,.F.,(4,1,1,1,1,1,4),(0.,
    0.196584002052,0.400094009028,0.610292631862,0.827157572637,
    1.05068162281,1.28086153844),.UNSPECIFIED.);
#1344 = CARTESIAN_POINT('',(-34.,-2.236943971271,5.175411253759));
#1345 = CARTESIAN_POINT('',(-34.,-2.268294177972,5.233461527644));
#1346 = CARTESIAN_POINT('',(-34.,-2.342799996093,5.34426177549));
#1347 = CARTESIAN_POINT('',(-34.,-2.480829956711,5.494615928725));
#1348 = CARTESIAN_POINT('',(-34.,-2.636400504462,5.636191251185));
#1349 = CARTESIAN_POINT('',(-34.,-2.808457610604,5.768601699163));
#1350 = CARTESIAN_POINT('',(-34.,-2.994968868283,5.892056733976));
#1351 = CARTESIAN_POINT('',(-34.,-3.126468973468,5.967059750419));
#1352 = CARTESIAN_POINT('',(-34.,-3.194179229666,6.003100786158));
#1353 = VECTOR('',#1354,1.);
#1354 = DIRECTION('',(-1.,-0.,-0.));
#1355 = DEFINITIONAL_REPRESENTATION('',(#1356),#1360);
#1356 = LINE('',#1357,#1358);
#1357 = CARTESIAN_POINT('',(0.,0.));
#1358 = VECTOR('',#1359,1.);
#1359 = DIRECTION('',(1.,0.));
#1360 = ( GEOMETRIC_REPRESENTATION_CONTEXT(2) 
PARAMETRIC_REPRESENTATION_CONTEXT() REPRESENTATION_CONTEXT('2D SPACE',''
  ) );
#1361 = ORIENTED_EDGE('',*,*,#1362,.T.);
#1362 = EDGE_CURVE('',#1315,#1363,#1365,.T.);
#1363 = VERTEX_POINT('',#1364);
#1364 = CARTESIAN_POINT('',(-34.,-3.601748167458,5.76779075021));
#1365 = SURFACE_CURVE('',#1366,(#1370,#1377),.PCURVE_S1.);
#1366 = LINE('',#1367,#1368);
#1367 = CARTESIAN_POINT('',(-34.,-3.194179229666,6.003100786158));
#1368 = VECTOR('',#1369,1.);
#1369 = DIRECTION('',(0.,-0.866025403784,-0.5));
#1370 = PCURVE('',#134,#1371);
#1371 = DEFINITIONAL_REPRESENTATION('',(#1372),#1376);
#1372 = LINE('',#1373,#1374);
#1373 = CARTESIAN_POINT('',(6.003100786158,3.194179229666));
#1374 = VECTOR('',#1375,1.);
#1375 = DIRECTION('',(-0.5,0.866025403784));
#1376 = ( GEOMETRIC_REPRESENTATION_CONTEXT(2) 
PARAMETRIC_REPRESENTATION_CONTEXT() REPRESENTATION_CONTEXT('2D SPACE',''
  ) );
#1377 = PCURVE('',#1378,#1383);
#1378 = PLANE('',#1379);
#1379 = AXIS2_PLACEMENT_3D('',#1380,#1381,#1382);
#1380 = CARTESIAN_POINT('',(-34.,-3.194179229666,6.003100786158));
#1381 = DIRECTION('',(0.,0.5,-0.866025403784));
#1382 = DIRECTION('',(0.,-0.866025403784,-0.5));
#1383 = DEFINITIONAL_REPRESENTATION('',(#1384),#1388);
#1384 = LINE('',#1385,#1386);
#1385 = CARTESIAN_POINT('',(0.,0.));
#1386 = VECTOR('',#1387,1.);
#1387 = DIRECTION('',(1.,0.));
#1388 = ( GEOMETRIC_REPRESENTATION_CONTEXT(2) 
PARAMETRIC_REPRESENTATION_CONTEXT() REPRESENTATION_CONTEXT('2D SPACE',''
  ) );
#1389 = ORIENTED_EDGE('',*,*,#1390,.T.);
#1390 = EDGE_CURVE('',#1363,#1391,#1393,.T.);
#1391 = VERTEX_POINT('',#1392);
#1392 = CARTESIAN_POINT('',(-34.,-3.363565635152,4.524955932843));
#1393 = SURFACE_CURVE('',#1394,(#1404,#1417),.PCURVE_S1.);
#1394 = B_SPLINE_CURVE_WITH_KNOTS('',3,(#1395,#1396,#1397,#1398,#1399,
    #1400,#1401,#1402,#1403),.UNSPECIFIED.,.F.,.F.,(4,1,1,1,1,1,4),(0.,
    0.230179915631,0.453703965803,0.670568906579,0.880767529413,
    1.084277536388,1.28086153844),.UNSPECIFIED.);
#1395 = CARTESIAN_POINT('',(-34.,-3.601748167458,5.76779075021));
#1396 = CARTESIAN_POINT('',(-34.,-3.604390843029,5.691131430377));
#1397 = CARTESIAN_POINT('',(-34.,-3.605186378021,5.539747490465));
#1398 = CARTESIAN_POINT('',(-34.,-3.591526810487,5.316496485817));
#1399 = CARTESIAN_POINT('',(-34.,-3.562884551883,5.101285437007));
#1400 = CARTESIAN_POINT('',(-34.,-3.518061999959,4.895769729344));
#1401 = CARTESIAN_POINT('',(-34.,-3.456866464002,4.701055200347));
#1402 = CARTESIAN_POINT('',(-34.,-3.398163543683,4.581131145202));
#1403 = CARTESIAN_POINT('',(-34.,-3.363565635152,4.524955932843));
#1404 = PCURVE('',#134,#1405);
#1405 = DEFINITIONAL_REPRESENTATION('',(#1406),#1416);
#1406 = B_SPLINE_CURVE_WITH_KNOTS('',3,(#1407,#1408,#1409,#1410,#1411,
    #1412,#1413,#1414,#1415),.UNSPECIFIED.,.F.,.F.,(4,1,1,1,1,1,4),(0.,
    0.230179915631,0.453703965803,0.670568906579,0.880767529413,
    1.084277536388,1.28086153844),.UNSPECIFIED.);
#1407 = CARTESIAN_POINT('',(5.76779075021,3.601748167458));
#1408 = CARTESIAN_POINT('',(5.691131430377,3.604390843029));
#1409 = CARTESIAN_POINT('',(5.539747490465,3.605186378021));
#1410 = CARTESIAN_POINT('',(5.316496485817,3.591526810487));
#1411 = CARTESIAN_POINT('',(5.101285437007,3.562884551883));
#1412 = CARTESIAN_POINT('',(4.895769729344,3.518061999959));
#1413 = CARTESIAN_POINT('',(4.701055200347,3.456866464002));
#1414 = CARTESIAN_POINT('',(4.581131145202,3.398163543683));
#1415 = CARTESIAN_POINT('',(4.524955932843,3.363565635152));
#1416 = ( GEOMETRIC_REPRESENTATION_CONTEXT(2) 
PARAMETRIC_REPRESENTATION_CONTEXT() REPRESENTATION_CONTEXT('2D SPACE',''
  ) );
#1417 = PCURVE('',#1418,#1431);
#1418 = SURFACE_OF_LINEAR_EXTRUSION('',#1419,#1429);
#1419 = B_SPLINE_CURVE_WITH_KNOTS('',3,(#1420,#1421,#1422,#1423,#1424,
    #1425,#1426,#1427,#1428),.UNSPECIFIED.,.F.,.F.,(4,1,1,1,1,1,4),(0.,
    0.230179915631,0.453703965803,0.670568906579,0.880767529413,
    1.084277536388,1.28086153844),.UNSPECIFIED.);
#1420 = CARTESIAN_POINT('',(-34.,-3.601748167458,5.76779075021));
#1421 = CARTESIAN_POINT('',(-34.,-3.604390843029,5.691131430377));
#1422 = CARTESIAN_POINT('',(-34.,-3.605186378021,5.539747490465));
#1423 = CARTESIAN_POINT('',(-34.,-3.591526810487,5.316496485817));
#1424 = CARTESIAN_POINT('',(-34.,-3.562884551883,5.101285437007));
#1425 = CARTESIAN_POINT('',(-34.,-3.518061999959,4.895769729344));
#1426 = CARTESIAN_POINT('',(-34.,-3.456866464002,4.701055200347));
#1427 = CARTESIAN_POINT('',(-34.,-3.398163543683,4.581131145202));
#1428 = CARTESIAN_POINT('',(-34.,-3.363565635152,4.524955932843));
#1429 = VECTOR('',#1430,1.);
#1430 = DIRECTION('',(-1.,-0.,-0.));
#1431 = DEFINITIONAL_REPRESENTATION('',(#1432),#1436);
#1432 = LINE('',#1433,#1434);
#1433 = CARTESIAN_POINT('',(0.,0.));
#1434 = VECTOR('',#1435,1.);
#1435 = DIRECTION('',(1.,0.));
#1436 = ( GEOMETRIC_REPRESENTATION_CONTEXT(2) 
PARAMETRIC_REPRESENTATION_CONTEXT() REPRESENTATION_CONTEXT('2D SPACE',''
  ) );
#1437 = ORIENTED_EDGE('',*,*,#1438,.T.);
#1438 = EDGE_CURVE('',#1391,#1439,#1441,.T.);
#1439 = VERTEX_POINT('',#1440);
#1440 = CARTESIAN_POINT('',(-34.,-2.982859820994,4.012797937637));
#1441 = SURFACE_CURVE('',#1442,(#1446,#1453),.PCURVE_S1.);
#1442 = LINE('',#1443,#1444);
#1443 = CARTESIAN_POINT('',(-34.,-3.363565635152,4.524955932843));
#1444 = VECTOR('',#1445,1.);
#1445 = DIRECTION('',(0.,0.596571964199,-0.802559587527));
#1446 = PCURVE('',#134,#1447);
#1447 = DEFINITIONAL_REPRESENTATION('',(#1448),#1452);
#1448 = LINE('',#1449,#1450);
#1449 = CARTESIAN_POINT('',(4.524955932843,3.363565635152));
#1450 = VECTOR('',#1451,1.);
#1451 = DIRECTION('',(-0.802559587527,-0.596571964199));
#1452 = ( GEOMETRIC_REPRESENTATION_CONTEXT(2) 
PARAMETRIC_REPRESENTATION_CONTEXT() REPRESENTATION_CONTEXT('2D SPACE',''
  ) );
#1453 = PCURVE('',#1454,#1459);
#1454 = PLANE('',#1455);
#1455 = AXIS2_PLACEMENT_3D('',#1456,#1457,#1458);
#1456 = CARTESIAN_POINT('',(-34.,-3.363565635152,4.524955932843));
#1457 = DIRECTION('',(-0.,0.802559587527,0.596571964199));
#1458 = DIRECTION('',(0.,0.596571964199,-0.802559587527));
#1459 = DEFINITIONAL_REPRESENTATION('',(#1460),#1464);
#1460 = LINE('',#1461,#1462);
#1461 = CARTESIAN_POINT('',(0.,0.));
#1462 = VECTOR('',#1463,1.);
#1463 = DIRECTION('',(1.,0.));
#1464 = ( GEOMETRIC_REPRESENTATION_CONTEXT(2) 
PARAMETRIC_REPRESENTATION_CONTEXT() REPRESENTATION_CONTEXT('2D SPACE',''
  ) );
#1465 = ORIENTED_EDGE('',*,*,#1466,.T.);
#1466 = EDGE_CURVE('',#1439,#1467,#1469,.T.);
#1467 = VERTEX_POINT('',#1468);
#1468 = CARTESIAN_POINT('',(-34.,-3.679021657437,3.385971004617));
#1469 = SURFACE_CURVE('',#1470,(#1474,#1481),.PCURVE_S1.);
#1470 = LINE('',#1471,#1472);
#1471 = CARTESIAN_POINT('',(-34.,-2.982859820994,4.012797937637));
#1472 = VECTOR('',#1473,1.);
#1473 = DIRECTION('',(0.,-0.743144825477,-0.669130606359));
#1474 = PCURVE('',#134,#1475);
#1475 = DEFINITIONAL_REPRESENTATION('',(#1476),#1480);
#1476 = LINE('',#1477,#1478);
#1477 = CARTESIAN_POINT('',(4.012797937637,2.982859820994));
#1478 = VECTOR('',#1479,1.);
#1479 = DIRECTION('',(-0.669130606359,0.743144825477));
#1480 = ( GEOMETRIC_REPRESENTATION_CONTEXT(2) 
PARAMETRIC_REPRESENTATION_CONTEXT() REPRESENTATION_CONTEXT('2D SPACE',''
  ) );
#1481 = PCURVE('',#1482,#1487);
#1482 = PLANE('',#1483);
#1483 = AXIS2_PLACEMENT_3D('',#1484,#1485,#1486);
#1484 = CARTESIAN_POINT('',(-34.,-2.982859820994,4.012797937637));
#1485 = DIRECTION('',(0.,0.669130606359,-0.743144825477));
#1486 = DIRECTION('',(0.,-0.743144825477,-0.669130606359));
#1487 = DEFINITIONAL_REPRESENTATION('',(#1488),#1492);
#1488 = LINE('',#1489,#1490);
#1489 = CARTESIAN_POINT('',(0.,0.));
#1490 = VECTOR('',#1491,1.);
#1491 = DIRECTION('',(1.,0.));
#1492 = ( GEOMETRIC_REPRESENTATION_CONTEXT(2) 
PARAMETRIC_REPRESENTATION_CONTEXT() REPRESENTATION_CONTEXT('2D SPACE',''
  ) );
#1493 = ORIENTED_EDGE('',*,*,#1494,.T.);
#1494 = EDGE_CURVE('',#1467,#1495,#1497,.T.);
#1495 = VERTEX_POINT('',#1496);
#1496 = CARTESIAN_POINT('',(-34.,-4.148579403846,3.818126360681));
#1497 = SURFACE_CURVE('',#1498,(#1502,#1509),.PCURVE_S1.);
#1498 = LINE('',#1499,#1500);
#1499 = CARTESIAN_POINT('',(-34.,-3.679021657437,3.385971004617));
#1500 = VECTOR('',#1501,1.);
#1501 = DIRECTION('',(0.,-0.735804331487,0.677194200923));
#1502 = PCURVE('',#134,#1503);
#1503 = DEFINITIONAL_REPRESENTATION('',(#1504),#1508);
#1504 = LINE('',#1505,#1506);
#1505 = CARTESIAN_POINT('',(3.385971004617,3.679021657437));
#1506 = VECTOR('',#1507,1.);
#1507 = DIRECTION('',(0.677194200923,0.735804331487));
#1508 = ( GEOMETRIC_REPRESENTATION_CONTEXT(2) 
PARAMETRIC_REPRESENTATION_CONTEXT() REPRESENTATION_CONTEXT('2D SPACE',''
  ) );
#1509 = PCURVE('',#1510,#1515);
#1510 = PLANE('',#1511);
#1511 = AXIS2_PLACEMENT_3D('',#1512,#1513,#1514);
#1512 = CARTESIAN_POINT('',(-34.,-3.679021657437,3.385971004617));
#1513 = DIRECTION('',(0.,-0.677194200923,-0.735804331487));
#1514 = DIRECTION('',(0.,-0.735804331487,0.677194200923));
#1515 = DEFINITIONAL_REPRESENTATION('',(#1516),#1520);
#1516 = LINE('',#1517,#1518);
#1517 = CARTESIAN_POINT('',(0.,0.));
#1518 = VECTOR('',#1519,1.);
#1519 = DIRECTION('',(1.,0.));
#1520 = ( GEOMETRIC_REPRESENTATION_CONTEXT(2) 
PARAMETRIC_REPRESENTATION_CONTEXT() REPRESENTATION_CONTEXT('2D SPACE',''
  ) );
#1521 = ORIENTED_EDGE('',*,*,#1522,.T.);
#1522 = EDGE_CURVE('',#1495,#1523,#1525,.T.);
#1523 = VERTEX_POINT('',#1524);
#1524 = CARTESIAN_POINT('',(-34.,-5.359708987965,4.184915717709));
#1525 = SURFACE_CURVE('',#1526,(#1536,#1549),.PCURVE_S1.);
#1526 = B_SPLINE_CURVE_WITH_KNOTS('',3,(#1527,#1528,#1529,#1530,#1531,
    #1532,#1533,#1534,#1535),.UNSPECIFIED.,.F.,.F.,(4,1,1,1,1,1,4),(0.,
    0.196584002052,0.400094009028,0.610292631862,0.827157572637,
    1.05068162281,1.28086153844),.UNSPECIFIED.);
#1527 = CARTESIAN_POINT('',(-34.,-4.148579403846,3.818126360681));
#1528 = CARTESIAN_POINT('',(-34.,-4.200830416304,3.85840664687));
#1529 = CARTESIAN_POINT('',(-34.,-4.313961388877,3.929323463643));
#1530 = CARTESIAN_POINT('',(-34.,-4.501212575977,4.010536974542));
#1531 = CARTESIAN_POINT('',(-34.,-4.700917214618,4.076596224937));
#1532 = CARTESIAN_POINT('',(-34.,-4.911955383508,4.127577258462));
#1533 = CARTESIAN_POINT('',(-34.,-5.132555582191,4.164498081894));
#1534 = CARTESIAN_POINT('',(-34.,-5.28319338109,4.179530835529));
#1535 = CARTESIAN_POINT('',(-34.,-5.359708987965,4.184915717709));
#1536 = PCURVE('',#134,#1537);
#1537 = DEFINITIONAL_REPRESENTATION('',(#1538),#1548);
#1538 = B_SPLINE_CURVE_WITH_KNOTS('',3,(#1539,#1540,#1541,#1542,#1543,
    #1544,#1545,#1546,#1547),.UNSPECIFIED.,.F.,.F.,(4,1,1,1,1,1,4),(0.,
    0.196584002052,0.400094009028,0.610292631862,0.827157572637,
    1.05068162281,1.28086153844),.UNSPECIFIED.);
#1539 = CARTESIAN_POINT('',(3.818126360681,4.148579403846));
#1540 = CARTESIAN_POINT('',(3.85840664687,4.200830416304));
#1541 = CARTESIAN_POINT('',(3.929323463643,4.313961388877));
#1542 = CARTESIAN_POINT('',(4.010536974542,4.501212575977));
#1543 = CARTESIAN_POINT('',(4.076596224937,4.700917214618));
#1544 = CARTESIAN_POINT('',(4.127577258462,4.911955383508));
#1545 = CARTESIAN_POINT('',(4.164498081894,5.132555582191));
#1546 = CARTESIAN_POINT('',(4.179530835529,5.28319338109));
#1547 = CARTESIAN_POINT('',(4.184915717709,5.359708987965));
#1548 = ( GEOMETRIC_REPRESENTATION_CONTEXT(2) 
PARAMETRIC_REPRESENTATION_CONTEXT() REPRESENTATION_CONTEXT('2D SPACE',''
  ) );
#1549 = PCURVE('',#1550,#1563);
#1550 = SURFACE_OF_LINEAR_EXTRUSION('',#1551,#1561);
#1551 = B_SPLINE_CURVE_WITH_KNOTS('',3,(#1552,#1553,#1554,#1555,#1556,
    #1557,#1558,#1559,#1560),.UNSPECIFIED.,.F.,.F.,(4,1,1,1,1,1,4),(0.,
    0.196584002052,0.400094009028,0.610292631862,0.827157572637,
    1.05068162281,1.28086153844),.UNSPECIFIED.);
#1552 = CARTESIAN_POINT('',(-34.,-4.148579403846,3.818126360681));
#1553 = CARTESIAN_POINT('',(-34.,-4.200830416304,3.85840664687));
#1554 = CARTESIAN_POINT('',(-34.,-4.313961388877,3.929323463643));
#1555 = CARTESIAN_POINT('',(-34.,-4.501212575977,4.010536974542));
#1556 = CARTESIAN_POINT('',(-34.,-4.700917214618,4.076596224937));
#1557 = CARTESIAN_POINT('',(-34.,-4.911955383508,4.127577258462));
#1558 = CARTESIAN_POINT('',(-34.,-5.132555582191,4.164498081894));
#1559 = CARTESIAN_POINT('',(-34.,-5.28319338109,4.179530835529));
#1560 = CARTESIAN_POINT('',(-34.,-5.359708987965,4.184915717709));
#1561 = VECTOR('',#1562,1.);
#1562 = DIRECTION('',(-1.,-0.,-0.));
#1563 = DEFINITIONAL_REPRESENTATION('',(#1564),#1568);
#1564 = LINE('',#1565,#1566);
#1565 = CARTESIAN_POINT('',(0.,0.));
#1566 = VECTOR('',#1567,1.);
#1567 = DIRECTION('',(1.,0.));
#1568 = ( GEOMETRIC_REPRESENTATION_CONTEXT(2) 
PARAMETRIC_REPRESENTATION_CONTEXT() REPRESENTATION_CONTEXT('2D SPACE',''
  ) );
#1569 = ORIENTED_EDGE('',*,*,#1570,.T.);
#1570 = EDGE_CURVE('',#1523,#1571,#1573,.T.);
#1571 = VERTEX_POINT('',#1572);
#1572 = CARTESIAN_POINT('',(-34.,-5.636332525658,3.804176081651));
#1573 = SURFACE_CURVE('',#1574,(#1578,#1585),.PCURVE_S1.);
#1574 = LINE('',#1575,#1576);
#1575 = CARTESIAN_POINT('',(-34.,-5.359708987965,4.184915717709));
#1576 = VECTOR('',#1577,1.);
#1577 = DIRECTION('',(0.,-0.587785252292,-0.809016994375));
#1578 = PCURVE('',#134,#1579);
#1579 = DEFINITIONAL_REPRESENTATION('',(#1580),#1584);
#1580 = LINE('',#1581,#1582);
#1581 = CARTESIAN_POINT('',(4.184915717709,5.359708987965));
#1582 = VECTOR('',#1583,1.);
#1583 = DIRECTION('',(-0.809016994375,0.587785252292));
#1584 = ( GEOMETRIC_REPRESENTATION_CONTEXT(2) 
PARAMETRIC_REPRESENTATION_CONTEXT() REPRESENTATION_CONTEXT('2D SPACE',''
  ) );
#1585 = PCURVE('',#1586,#1591);
#1586 = PLANE('',#1587);
#1587 = AXIS2_PLACEMENT_3D('',#1588,#1589,#1590);
#1588 = CARTESIAN_POINT('',(-34.,-5.359708987965,4.184915717709));
#1589 = DIRECTION('',(0.,0.809016994375,-0.587785252292));
#1590 = DIRECTION('',(0.,-0.587785252292,-0.809016994375));
#1591 = DEFINITIONAL_REPRESENTATION('',(#1592),#1596);
#1592 = LINE('',#1593,#1594);
#1593 = CARTESIAN_POINT('',(0.,0.));
#1594 = VECTOR('',#1595,1.);
#1595 = DIRECTION('',(1.,0.));
#1596 = ( GEOMETRIC_REPRESENTATION_CONTEXT(2) 
PARAMETRIC_REPRESENTATION_CONTEXT() REPRESENTATION_CONTEXT('2D SPACE',''
  ) );
#1597 = ORIENTED_EDGE('',*,*,#1598,.T.);
#1598 = EDGE_CURVE('',#1571,#1599,#1601,.T.);
#1599 = VERTEX_POINT('',#1600);
#1600 = CARTESIAN_POINT('',(-34.,-4.913235493666,2.765667543274));
#1601 = SURFACE_CURVE('',#1602,(#1612,#1625),.PCURVE_S1.);
#1602 = B_SPLINE_CURVE_WITH_KNOTS('',3,(#1603,#1604,#1605,#1606,#1607,
    #1608,#1609,#1610,#1611),.UNSPECIFIED.,.F.,.F.,(4,1,1,1,1,1,4),(0.,
    0.230179915631,0.453703965803,0.670568906579,0.880767529413,
    1.084277536388,1.28086153844),.UNSPECIFIED.);
#1603 = CARTESIAN_POINT('',(-34.,-5.636332525658,3.804176081651));
#1604 = CARTESIAN_POINT('',(-34.,-5.607566575512,3.733069435241));
#1605 = CARTESIAN_POINT('',(-34.,-5.546719937355,3.594449751342));
#1606 = CARTESIAN_POINT('',(-34.,-5.443436937287,3.396055656776));
#1607 = CARTESIAN_POINT('',(-34.,-5.329736712497,3.211100436816));
#1608 = CARTESIAN_POINT('',(-34.,-5.205198504752,3.04158346991));
#1609 = CARTESIAN_POINT('',(-34.,-5.07009606697,2.888593363275));
#1610 = CARTESIAN_POINT('',(-34.,-4.967690773148,2.802913916184));
#1611 = CARTESIAN_POINT('',(-34.,-4.913235493666,2.765667543274));
#1612 = PCURVE('',#134,#1613);
#1613 = DEFINITIONAL_REPRESENTATION('',(#1614),#1624);
#1614 = B_SPLINE_CURVE_WITH_KNOTS('',3,(#1615,#1616,#1617,#1618,#1619,
    #1620,#1621,#1622,#1623),.UNSPECIFIED.,.F.,.F.,(4,1,1,1,1,1,4),(0.,
    0.230179915631,0.453703965803,0.670568906579,0.880767529413,
    1.084277536388,1.28086153844),.UNSPECIFIED.);
#1615 = CARTESIAN_POINT('',(3.804176081651,5.636332525658));
#1616 = CARTESIAN_POINT('',(3.733069435241,5.607566575512));
#1617 = CARTESIAN_POINT('',(3.594449751342,5.546719937355));
#1618 = CARTESIAN_POINT('',(3.396055656776,5.443436937287));
#1619 = CARTESIAN_POINT('',(3.211100436816,5.329736712497));
#1620 = CARTESIAN_POINT('',(3.04158346991,5.205198504752));
#1621 = CARTESIAN_POINT('',(2.888593363275,5.07009606697));
#1622 = CARTESIAN_POINT('',(2.802913916184,4.967690773148));
#1623 = CARTESIAN_POINT('',(2.765667543274,4.913235493666));
#1624 = ( GEOMETRIC_REPRESENTATION_CONTEXT(2) 
PARAMETRIC_REPRESENTATION_CONTEXT() REPRESENTATION_CONTEXT('2D SPACE',''
  ) );
#1625 = PCURVE('',#1626,#1639);
#1626 = SURFACE_OF_LINEAR_EXTRUSION('',#1627,#1637);
#1627 = B_SPLINE_CURVE_WITH_KNOTS('',3,(#1628,#1629,#1630,#1631,#1632,
    #1633,#1634,#1635,#1636),.UNSPECIFIED.,.F.,.F.,(4,1,1,1,1,1,4),(0.,
    0.230179915631,0.453703965803,0.670568906579,0.880767529413,
    1.084277536388,1.28086153844),.UNSPECIFIED.);
#1628 = CARTESIAN_POINT('',(-34.,-5.636332525658,3.804176081651));
#1629 = CARTESIAN_POINT('',(-34.,-5.607566575512,3.733069435241));
#1630 = CARTESIAN_POINT('',(-34.,-5.546719937355,3.594449751342));
#1631 = CARTESIAN_POINT('',(-34.,-5.443436937287,3.396055656776));
#1632 = CARTESIAN_POINT('',(-34.,-5.329736712497,3.211100436816));
#1633 = CARTESIAN_POINT('',(-34.,-5.205198504752,3.04158346991));
#1634 = CARTESIAN_POINT('',(-34.,-5.07009606697,2.888593363275));
#1635 = CARTESIAN_POINT('',(-34.,-4.967690773148,2.802913916184));
#1636 = CARTESIAN_POINT('',(-34.,-4.913235493666,2.765667543274));
#1637 = VECTOR('',#1638,1.);
#1638 = DIRECTION('',(-1.,-0.,-0.));
#1639 = DEFINITIONAL_REPRESENTATION('',(#1640),#1644);
#1640 = LINE('',#1641,#1642);
#1641 = CARTESIAN_POINT('',(0.,0.));
#1642 = VECTOR('',#1643,1.);
#1643 = DIRECTION('',(1.,0.));
#1644 = ( GEOMETRIC_REPRESENTATION_CONTEXT(2) 
PARAMETRIC_REPRESENTATION_CONTEXT() REPRESENTATION_CONTEXT('2D SPACE',''
  ) );
#1645 = ORIENTED_EDGE('',*,*,#1646,.T.);
#1646 = EDGE_CURVE('',#1599,#1647,#1649,.T.);
#1647 = VERTEX_POINT('',#1648);
#1648 = CARTESIAN_POINT('',(-34.,-4.357130002749,2.452634938009));
#1649 = SURFACE_CURVE('',#1650,(#1654,#1661),.PCURVE_S1.);
#1650 = LINE('',#1651,#1652);
#1651 = CARTESIAN_POINT('',(-34.,-4.913235493666,2.765667543274));
#1652 = VECTOR('',#1653,1.);
#1653 = DIRECTION('',(0.,0.87142600055,-0.490526987602));
#1654 = PCURVE('',#134,#1655);
#1655 = DEFINITIONAL_REPRESENTATION('',(#1656),#1660);
#1656 = LINE('',#1657,#1658);
#1657 = CARTESIAN_POINT('',(2.765667543274,4.913235493666));
#1658 = VECTOR('',#1659,1.);
#1659 = DIRECTION('',(-0.490526987602,-0.87142600055));
#1660 = ( GEOMETRIC_REPRESENTATION_CONTEXT(2) 
PARAMETRIC_REPRESENTATION_CONTEXT() REPRESENTATION_CONTEXT('2D SPACE',''
  ) );
#1661 = PCURVE('',#1662,#1667);
#1662 = PLANE('',#1663);
#1663 = AXIS2_PLACEMENT_3D('',#1664,#1665,#1666);
#1664 = CARTESIAN_POINT('',(-34.,-4.913235493666,2.765667543274));
#1665 = DIRECTION('',(-0.,0.490526987602,0.87142600055));
#1666 = DIRECTION('',(0.,0.87142600055,-0.490526987602));
#1667 = DEFINITIONAL_REPRESENTATION('',(#1668),#1672);
#1668 = LINE('',#1669,#1670);
#1669 = CARTESIAN_POINT('',(0.,0.));
#1670 = VECTOR('',#1671,1.);
#1671 = DIRECTION('',(1.,0.));
#1672 = ( GEOMETRIC_REPRESENTATION_CONTEXT(2) 
PARAMETRIC_REPRESENTATION_CONTEXT() REPRESENTATION_CONTEXT('2D SPACE',''
  ) );
#1673 = ORIENTED_EDGE('',*,*,#1674,.T.);
#1674 = EDGE_CURVE('',#1647,#1675,#1677,.T.);
#1675 = VERTEX_POINT('',#1676);
#1676 = CARTESIAN_POINT('',(-34.,-4.73815200369,1.596845512229));
#1677 = SURFACE_CURVE('',#1678,(#1682,#1689),.PCURVE_S1.);
#1678 = LINE('',#1679,#1680);
#1679 = CARTESIAN_POINT('',(-34.,-4.357130002749,2.452634938009));
#1680 = VECTOR('',#1681,1.);
#1681 = DIRECTION('',(0.,-0.406736643076,-0.913545457643));
#1682 = PCURVE('',#134,#1683);
#1683 = DEFINITIONAL_REPRESENTATION('',(#1684),#1688);
#1684 = LINE('',#1685,#1686);
#1685 = CARTESIAN_POINT('',(2.452634938009,4.357130002749));
#1686 = VECTOR('',#1687,1.);
#1687 = DIRECTION('',(-0.913545457643,0.406736643076));
#1688 = ( GEOMETRIC_REPRESENTATION_CONTEXT(2) 
PARAMETRIC_REPRESENTATION_CONTEXT() REPRESENTATION_CONTEXT('2D SPACE',''
  ) );
#1689 = PCURVE('',#1690,#1695);
#1690 = PLANE('',#1691);
#1691 = AXIS2_PLACEMENT_3D('',#1692,#1693,#1694);
#1692 = CARTESIAN_POINT('',(-34.,-4.357130002749,2.452634938009));
#1693 = DIRECTION('',(0.,0.913545457643,-0.406736643076));
#1694 = DIRECTION('',(0.,-0.406736643076,-0.913545457643));
#1695 = DEFINITIONAL_REPRESENTATION('',(#1696),#1700);
#1696 = LINE('',#1697,#1698);
#1697 = CARTESIAN_POINT('',(0.,0.));
#1698 = VECTOR('',#1699,1.);
#1699 = DIRECTION('',(1.,0.));
#1700 = ( GEOMETRIC_REPRESENTATION_CONTEXT(2) 
PARAMETRIC_REPRESENTATION_CONTEXT() REPRESENTATION_CONTEXT('2D SPACE',''
  ) );
#1701 = ORIENTED_EDGE('',*,*,#1702,.T.);
#1702 = EDGE_CURVE('',#1675,#1703,#1705,.T.);
#1703 = VERTEX_POINT('',#1704);
#1704 = CARTESIAN_POINT('',(-34.,-5.342887768836,1.800652733252));
#1705 = SURFACE_CURVE('',#1706,(#1710,#1717),.PCURVE_S1.);
#1706 = LINE('',#1707,#1708);
#1707 = CARTESIAN_POINT('',(-34.,-4.73815200369,1.596845512229));
#1708 = VECTOR('',#1709,1.);
#1709 = DIRECTION('',(0.,-0.947630400738,0.319369102446));
#1710 = PCURVE('',#134,#1711);
#1711 = DEFINITIONAL_REPRESENTATION('',(#1712),#1716);
#1712 = LINE('',#1713,#1714);
#1713 = CARTESIAN_POINT('',(1.596845512229,4.73815200369));
#1714 = VECTOR('',#1715,1.);
#1715 = DIRECTION('',(0.319369102446,0.947630400738));
#1716 = ( GEOMETRIC_REPRESENTATION_CONTEXT(2) 
PARAMETRIC_REPRESENTATION_CONTEXT() REPRESENTATION_CONTEXT('2D SPACE',''
  ) );
#1717 = PCURVE('',#1718,#1723);
#1718 = PLANE('',#1719);
#1719 = AXIS2_PLACEMENT_3D('',#1720,#1721,#1722);
#1720 = CARTESIAN_POINT('',(-34.,-4.73815200369,1.596845512229));
#1721 = DIRECTION('',(0.,-0.319369102446,-0.947630400738));
#1722 = DIRECTION('',(0.,-0.947630400738,0.319369102446));
#1723 = DEFINITIONAL_REPRESENTATION('',(#1724),#1728);
#1724 = LINE('',#1725,#1726);
#1725 = CARTESIAN_POINT('',(0.,0.));
#1726 = VECTOR('',#1727,1.);
#1727 = DIRECTION('',(1.,0.));
#1728 = ( GEOMETRIC_REPRESENTATION_CONTEXT(2) 
PARAMETRIC_REPRESENTATION_CONTEXT() REPRESENTATION_CONTEXT('2D SPACE',''
  ) );
#1729 = ORIENTED_EDGE('',*,*,#1730,.T.);
#1730 = EDGE_CURVE('',#1703,#1731,#1733,.T.);
#1731 = VERTEX_POINT('',#1732);
#1732 = CARTESIAN_POINT('',(-34.,-6.598496370818,1.643120702902));
#1733 = SURFACE_CURVE('',#1734,(#1744,#1757),.PCURVE_S1.);
#1734 = B_SPLINE_CURVE_WITH_KNOTS('',3,(#1735,#1736,#1737,#1738,#1739,
    #1740,#1741,#1742,#1743),.UNSPECIFIED.,.F.,.F.,(4,1,1,1,1,1,4),(0.,
    0.196584002052,0.400094009028,0.610292631862,0.827157572637,
    1.05068162281,1.28086153844),.UNSPECIFIED.);
#1735 = CARTESIAN_POINT('',(-34.,-5.342887768836,1.800652733252));
#1736 = CARTESIAN_POINT('',(-34.,-5.40700491231,1.816198204328));
#1737 = CARTESIAN_POINT('',(-34.,-5.539199666415,1.834969428149));
#1738 = CARTESIAN_POINT('',(-34.,-5.743294648625,1.832999742877));
#1739 = CARTESIAN_POINT('',(-34.,-5.952602631875,1.812120676683));
#1740 = CARTESIAN_POINT('',(-34.,-6.16613144689,1.77285721191));
#1741 = CARTESIAN_POINT('',(-34.,-6.382676808134,1.716859878176));
#1742 = CARTESIAN_POINT('',(-34.,-6.526405656817,1.669323069329));
#1743 = CARTESIAN_POINT('',(-34.,-6.598496370818,1.643120702902));
#1744 = PCURVE('',#134,#1745);
#1745 = DEFINITIONAL_REPRESENTATION('',(#1746),#1756);
#1746 = B_SPLINE_CURVE_WITH_KNOTS('',3,(#1747,#1748,#1749,#1750,#1751,
    #1752,#1753,#1754,#1755),.UNSPECIFIED.,.F.,.F.,(4,1,1,1,1,1,4),(0.,
    0.196584002052,0.400094009028,0.610292631862,0.827157572637,
    1.05068162281,1.28086153844),.UNSPECIFIED.);
#1747 = CARTESIAN_POINT('',(1.800652733252,5.342887768836));
#1748 = CARTESIAN_POINT('',(1.816198204328,5.40700491231));
#1749 = CARTESIAN_POINT('',(1.834969428149,5.539199666415));
#1750 = CARTESIAN_POINT('',(1.832999742877,5.743294648625));
#1751 = CARTESIAN_POINT('',(1.812120676683,5.952602631875));
#1752 = CARTESIAN_POINT('',(1.77285721191,6.16613144689));
#1753 = CARTESIAN_POINT('',(1.716859878176,6.382676808134));
#1754 = CARTESIAN_POINT('',(1.669323069329,6.526405656817));
#1755 = CARTESIAN_POINT('',(1.643120702902,6.598496370818));
#1756 = ( GEOMETRIC_REPRESENTATION_CONTEXT(2) 
PARAMETRIC_REPRESENTATION_CONTEXT() REPRESENTATION_CONTEXT('2D SPACE',''
  ) );
#1757 = PCURVE('',#1758,#1771);
#1758 = SURFACE_OF_LINEAR_EXTRUSION('',#1759,#1769);
#1759 = B_SPLINE_CURVE_WITH_KNOTS('',3,(#1760,#1761,#1762,#1763,#1764,
    #1765,#1766,#1767,#1768),.UNSPECIFIED.,.F.,.F.,(4,1,1,1,1,1,4),(0.,
    0.196584002052,0.400094009028,0.610292631862,0.827157572637,
    1.05068162281,1.28086153844),.UNSPECIFIED.);
#1760 = CARTESIAN_POINT('',(-34.,-5.342887768836,1.800652733252));
#1761 = CARTESIAN_POINT('',(-34.,-5.40700491231,1.816198204328));
#1762 = CARTESIAN_POINT('',(-34.,-5.539199666415,1.834969428149));
#1763 = CARTESIAN_POINT('',(-34.,-5.743294648625,1.832999742877));
#1764 = CARTESIAN_POINT('',(-34.,-5.952602631875,1.812120676683));
#1765 = CARTESIAN_POINT('',(-34.,-6.16613144689,1.77285721191));
#1766 = CARTESIAN_POINT('',(-34.,-6.382676808134,1.716859878176));
#1767 = CARTESIAN_POINT('',(-34.,-6.526405656817,1.669323069329));
#1768 = CARTESIAN_POINT('',(-34.,-6.598496370818,1.643120702902));
#1769 = VECTOR('',#1770,1.);
#1770 = DIRECTION('',(-1.,-0.,-0.));
#1771 = DEFINITIONAL_REPRESENTATION('',(#1772),#1776);
#1772 = LINE('',#1773,#1774);
#1773 = CARTESIAN_POINT('',(0.,0.));
#1774 = VECTOR('',#1775,1.);
#1775 = DIRECTION('',(1.,0.));
#1776 = ( GEOMETRIC_REPRESENTATION_CONTEXT(2) 
PARAMETRIC_REPRESENTATION_CONTEXT() REPRESENTATION_CONTEXT('2D SPACE',''
  ) );
#1777 = ORIENTED_EDGE('',*,*,#1778,.T.);
#1778 = EDGE_CURVE('',#1731,#1779,#1781,.T.);
#1779 = VERTEX_POINT('',#1780);
#1780 = CARTESIAN_POINT('',(-34.,-6.696343785698,1.18278480872));
#1781 = SURFACE_CURVE('',#1782,(#1786,#1793),.PCURVE_S1.);
#1782 = LINE('',#1783,#1784);
#1783 = CARTESIAN_POINT('',(-34.,-6.598496370818,1.643120702902));
#1784 = VECTOR('',#1785,1.);
#1785 = DIRECTION('',(0.,-0.207911690818,-0.978147600734));
#1786 = PCURVE('',#134,#1787);
#1787 = DEFINITIONAL_REPRESENTATION('',(#1788),#1792);
#1788 = LINE('',#1789,#1790);
#1789 = CARTESIAN_POINT('',(1.643120702902,6.598496370818));
#1790 = VECTOR('',#1791,1.);
#1791 = DIRECTION('',(-0.978147600734,0.207911690818));
#1792 = ( GEOMETRIC_REPRESENTATION_CONTEXT(2) 
PARAMETRIC_REPRESENTATION_CONTEXT() REPRESENTATION_CONTEXT('2D SPACE',''
  ) );
#1793 = PCURVE('',#1794,#1799);
#1794 = PLANE('',#1795);
#1795 = AXIS2_PLACEMENT_3D('',#1796,#1797,#1798);
#1796 = CARTESIAN_POINT('',(-34.,-6.598496370818,1.643120702902));
#1797 = DIRECTION('',(0.,0.978147600734,-0.207911690818));
#1798 = DIRECTION('',(0.,-0.207911690818,-0.978147600734));
#1799 = DEFINITIONAL_REPRESENTATION('',(#1800),#1804);
#1800 = LINE('',#1801,#1802);
#1801 = CARTESIAN_POINT('',(0.,0.));
#1802 = VECTOR('',#1803,1.);
#1803 = DIRECTION('',(1.,0.));
#1804 = ( GEOMETRIC_REPRESENTATION_CONTEXT(2) 
PARAMETRIC_REPRESENTATION_CONTEXT() REPRESENTATION_CONTEXT('2D SPACE',''
  ) );
#1805 = ORIENTED_EDGE('',*,*,#1806,.T.);
#1806 = EDGE_CURVE('',#1779,#1807,#1809,.T.);
#1807 = VERTEX_POINT('',#1808);
#1808 = CARTESIAN_POINT('',(-34.,-5.613362299982,0.528170110173));
#1809 = SURFACE_CURVE('',#1810,(#1820,#1833),.PCURVE_S1.);
#1810 = B_SPLINE_CURVE_WITH_KNOTS('',3,(#1811,#1812,#1813,#1814,#1815,
    #1816,#1817,#1818,#1819),.UNSPECIFIED.,.F.,.F.,(4,1,1,1,1,1,4),(0.,
    0.230179915631,0.453703965803,0.670568906579,0.880767529413,
    1.084277536388,1.28086153844),.UNSPECIFIED.);
#1811 = CARTESIAN_POINT('',(-34.,-6.696343785698,1.18278480872));
#1812 = CARTESIAN_POINT('',(-34.,-6.641143103946,1.129525820881));
#1813 = CARTESIAN_POINT('',(-34.,-6.529175229152,1.027638995662));
#1814 = CARTESIAN_POINT('',(-34.,-6.354127365558,0.888405952483));
#1815 = CARTESIAN_POINT('',(-34.,-6.175028976383,0.765686999169));
#1816 = CARTESIAN_POINT('',(-34.,-5.992308900331,0.661479796611));
#1817 = CARTESIAN_POINT('',(-34.,-5.806659999581,0.576667491645));
#1818 = CARTESIAN_POINT('',(-34.,-5.678259137881,0.540047407385));
#1819 = CARTESIAN_POINT('',(-34.,-5.613362299982,0.528170110173));
#1820 = PCURVE('',#134,#1821);
#1821 = DEFINITIONAL_REPRESENTATION('',(#1822),#1832);
#1822 = B_SPLINE_CURVE_WITH_KNOTS('',3,(#1823,#1824,#1825,#1826,#1827,
    #1828,#1829,#1830,#1831),.UNSPECIFIED.,.F.,.F.,(4,1,1,1,1,1,4),(0.,
    0.230179915631,0.453703965803,0.670568906579,0.880767529413,
    1.084277536388,1.28086153844),.UNSPECIFIED.);
#1823 = CARTESIAN_POINT('',(1.18278480872,6.696343785698));
#1824 = CARTESIAN_POINT('',(1.129525820881,6.641143103946));
#1825 = CARTESIAN_POINT('',(1.027638995662,6.529175229152));
#1826 = CARTESIAN_POINT('',(0.888405952483,6.354127365558));
#1827 = CARTESIAN_POINT('',(0.765686999169,6.175028976383));
#1828 = CARTESIAN_POINT('',(0.661479796611,5.992308900331));
#1829 = CARTESIAN_POINT('',(0.576667491645,5.806659999581));
#1830 = CARTESIAN_POINT('',(0.540047407385,5.678259137881));
#1831 = CARTESIAN_POINT('',(0.528170110173,5.613362299982));
#1832 = ( GEOMETRIC_REPRESENTATION_CONTEXT(2) 
PARAMETRIC_REPRESENTATION_CONTEXT() REPRESENTATION_CONTEXT('2D SPACE',''
  ) );
#1833 = PCURVE('',#1834,#1847);
#1834 = SURFACE_OF_LINEAR_EXTRUSION('',#1835,#1845);
#1835 = B_SPLINE_CURVE_WITH_KNOTS('',3,(#1836,#1837,#1838,#1839,#1840,
    #1841,#1842,#1843,#1844),.UNSPECIFIED.,.F.,.F.,(4,1,1,1,1,1,4),(0.,
    0.230179915631,0.453703965803,0.670568906579,0.880767529413,
    1.084277536388,1.28086153844),.UNSPECIFIED.);
#1836 = CARTESIAN_POINT('',(-34.,-6.696343785698,1.18278480872));
#1837 = CARTESIAN_POINT('',(-34.,-6.641143103946,1.129525820881));
#1838 = CARTESIAN_POINT('',(-34.,-6.529175229152,1.027638995662));
#1839 = CARTESIAN_POINT('',(-34.,-6.354127365558,0.888405952483));
#1840 = CARTESIAN_POINT('',(-34.,-6.175028976383,0.765686999169));
#1841 = CARTESIAN_POINT('',(-34.,-5.992308900331,0.661479796611));
#1842 = CARTESIAN_POINT('',(-34.,-5.806659999581,0.576667491645));
#1843 = CARTESIAN_POINT('',(-34.,-5.678259137881,0.540047407385));
#1844 = CARTESIAN_POINT('',(-34.,-5.613362299982,0.528170110173));
#1845 = VECTOR('',#1846,1.);
#1846 = DIRECTION('',(-1.,-0.,-0.));
#1847 = DEFINITIONAL_REPRESENTATION('',(#1848),#1852);
#1848 = LINE('',#1849,#1850);
#1849 = CARTESIAN_POINT('',(0.,0.));
#1850 = VECTOR('',#1851,1.);
#1851 = DIRECTION('',(1.,0.));
#1852 = ( GEOMETRIC_REPRESENTATION_CONTEXT(2) 
PARAMETRIC_REPRESENTATION_CONTEXT() REPRESENTATION_CONTEXT('2D SPACE',''
  ) );
#1853 = ORIENTED_EDGE('',*,*,#1854,.T.);
#1854 = EDGE_CURVE('',#1807,#1855,#1857,.T.);
#1855 = VERTEX_POINT('',#1856);
#1856 = CARTESIAN_POINT('',(-34.,-4.978012823746,0.468389076111));
#1857 = SURFACE_CURVE('',#1858,(#1862,#1869),.PCURVE_S1.);
#1858 = LINE('',#1859,#1860);
#1859 = CARTESIAN_POINT('',(-34.,-5.613362299982,0.528170110173));
#1860 = VECTOR('',#1861,1.);
#1861 = DIRECTION('',(0.,0.995602564749,-9.36778152221E-02));
#1862 = PCURVE('',#134,#1863);
#1863 = DEFINITIONAL_REPRESENTATION('',(#1864),#1868);
#1864 = LINE('',#1865,#1866);
#1865 = CARTESIAN_POINT('',(0.528170110173,5.613362299982));
#1866 = VECTOR('',#1867,1.);
#1867 = DIRECTION('',(-9.36778152221E-02,-0.995602564749));
#1868 = ( GEOMETRIC_REPRESENTATION_CONTEXT(2) 
PARAMETRIC_REPRESENTATION_CONTEXT() REPRESENTATION_CONTEXT('2D SPACE',''
  ) );
#1869 = PCURVE('',#1870,#1875);
#1870 = PLANE('',#1871);
#1871 = AXIS2_PLACEMENT_3D('',#1872,#1873,#1874);
#1872 = CARTESIAN_POINT('',(-34.,-5.613362299982,0.528170110173));
#1873 = DIRECTION('',(-0.,9.36778152221E-02,0.995602564749));
#1874 = DIRECTION('',(0.,0.995602564749,-9.36778152221E-02));
#1875 = DEFINITIONAL_REPRESENTATION('',(#1876),#1880);
#1876 = LINE('',#1877,#1878);
#1877 = CARTESIAN_POINT('',(0.,0.));
#1878 = VECTOR('',#1879,1.);
#1879 = DIRECTION('',(1.,0.));
#1880 = ( GEOMETRIC_REPRESENTATION_CONTEXT(2) 
PARAMETRIC_REPRESENTATION_CONTEXT() REPRESENTATION_CONTEXT('2D SPACE',''
  ) );
#1881 = ORIENTED_EDGE('',*,*,#1882,.T.);
#1882 = EDGE_CURVE('',#1855,#1883,#1885,.T.);
#1883 = VERTEX_POINT('',#1884);
#1884 = CARTESIAN_POINT('',(-34.,-4.978012823746,-0.468389076111));
#1885 = SURFACE_CURVE('',#1886,(#1890,#1897),.PCURVE_S1.);
#1886 = LINE('',#1887,#1888);
#1887 = CARTESIAN_POINT('',(-34.,-4.978012823746,0.468389076111));
#1888 = VECTOR('',#1889,1.);
#1889 = DIRECTION('',(0.,-9.481203394788E-16,-1.));
#1890 = PCURVE('',#134,#1891);
#1891 = DEFINITIONAL_REPRESENTATION('',(#1892),#1896);
#1892 = LINE('',#1893,#1894);
#1893 = CARTESIAN_POINT('',(0.468389076111,4.978012823746));
#1894 = VECTOR('',#1895,1.);
#1895 = DIRECTION('',(-1.,9.481203394788E-16));
#1896 = ( GEOMETRIC_REPRESENTATION_CONTEXT(2) 
PARAMETRIC_REPRESENTATION_CONTEXT() REPRESENTATION_CONTEXT('2D SPACE',''
  ) );
#1897 = PCURVE('',#1898,#1903);
#1898 = PLANE('',#1899);
#1899 = AXIS2_PLACEMENT_3D('',#1900,#1901,#1902);
#1900 = CARTESIAN_POINT('',(-34.,-4.978012823746,0.468389076111));
#1901 = DIRECTION('',(0.,1.,-9.481203394788E-16));
#1902 = DIRECTION('',(0.,-9.481203394788E-16,-1.));
#1903 = DEFINITIONAL_REPRESENTATION('',(#1904),#1908);
#1904 = LINE('',#1905,#1906);
#1905 = CARTESIAN_POINT('',(0.,0.));
#1906 = VECTOR('',#1907,1.);
#1907 = DIRECTION('',(1.,0.));
#1908 = ( GEOMETRIC_REPRESENTATION_CONTEXT(2) 
PARAMETRIC_REPRESENTATION_CONTEXT() REPRESENTATION_CONTEXT('2D SPACE',''
  ) );
#1909 = ORIENTED_EDGE('',*,*,#1910,.T.);
#1910 = EDGE_CURVE('',#1883,#1911,#1913,.T.);
#1911 = VERTEX_POINT('',#1912);
#1912 = CARTESIAN_POINT('',(-34.,-5.613362299982,-0.528170110173));
#1913 = SURFACE_CURVE('',#1914,(#1918,#1925),.PCURVE_S1.);
#1914 = LINE('',#1915,#1916);
#1915 = CARTESIAN_POINT('',(-34.,-4.978012823746,-0.468389076111));
#1916 = VECTOR('',#1917,1.);
#1917 = DIRECTION('',(0.,-0.995602564749,-9.36778152221E-02));
#1918 = PCURVE('',#134,#1919);
#1919 = DEFINITIONAL_REPRESENTATION('',(#1920),#1924);
#1920 = LINE('',#1921,#1922);
#1921 = CARTESIAN_POINT('',(-0.468389076111,4.978012823746));
#1922 = VECTOR('',#1923,1.);
#1923 = DIRECTION('',(-9.36778152221E-02,0.995602564749));
#1924 = ( GEOMETRIC_REPRESENTATION_CONTEXT(2) 
PARAMETRIC_REPRESENTATION_CONTEXT() REPRESENTATION_CONTEXT('2D SPACE',''
  ) );
#1925 = PCURVE('',#1926,#1931);
#1926 = PLANE('',#1927);
#1927 = AXIS2_PLACEMENT_3D('',#1928,#1929,#1930);
#1928 = CARTESIAN_POINT('',(-34.,-4.978012823746,-0.468389076111));
#1929 = DIRECTION('',(0.,9.36778152221E-02,-0.995602564749));
#1930 = DIRECTION('',(0.,-0.995602564749,-9.36778152221E-02));
#1931 = DEFINITIONAL_REPRESENTATION('',(#1932),#1936);
#1932 = LINE('',#1933,#1934);
#1933 = CARTESIAN_POINT('',(0.,0.));
#1934 = VECTOR('',#1935,1.);
#1935 = DIRECTION('',(1.,0.));
#1936 = ( GEOMETRIC_REPRESENTATION_CONTEXT(2) 
PARAMETRIC_REPRESENTATION_CONTEXT() REPRESENTATION_CONTEXT('2D SPACE',''
  ) );
#1937 = ORIENTED_EDGE('',*,*,#1938,.T.);
#1938 = EDGE_CURVE('',#1911,#1939,#1941,.T.);
#1939 = VERTEX_POINT('',#1940);
#1940 = CARTESIAN_POINT('',(-34.,-6.696343785698,-1.18278480872));
#1941 = SURFACE_CURVE('',#1942,(#1952,#1965),.PCURVE_S1.);
#1942 = B_SPLINE_CURVE_WITH_KNOTS('',3,(#1943,#1944,#1945,#1946,#1947,
    #1948,#1949,#1950,#1951),.UNSPECIFIED.,.F.,.F.,(4,1,1,1,1,1,4),(0.,
    0.196584002052,0.400094009028,0.610292631862,0.827157572637,
    1.05068162281,1.28086153844),.UNSPECIFIED.);
#1943 = CARTESIAN_POINT('',(-34.,-5.613362299982,-0.528170110173));
#1944 = CARTESIAN_POINT('',(-34.,-5.678259137881,-0.540047407385));
#1945 = CARTESIAN_POINT('',(-34.,-5.806659999581,-0.576667491645));
#1946 = CARTESIAN_POINT('',(-34.,-5.992308900331,-0.661479796611));
#1947 = CARTESIAN_POINT('',(-34.,-6.175028976383,-0.765686999169));
#1948 = CARTESIAN_POINT('',(-34.,-6.354127365558,-0.888405952483));
#1949 = CARTESIAN_POINT('',(-34.,-6.529175229152,-1.027638995662));
#1950 = CARTESIAN_POINT('',(-34.,-6.641143103946,-1.129525820881));
#1951 = CARTESIAN_POINT('',(-34.,-6.696343785698,-1.18278480872));
#1952 = PCURVE('',#134,#1953);
#1953 = DEFINITIONAL_REPRESENTATION('',(#1954),#1964);
#1954 = B_SPLINE_CURVE_WITH_KNOTS('',3,(#1955,#1956,#1957,#1958,#1959,
    #1960,#1961,#1962,#1963),.UNSPECIFIED.,.F.,.F.,(4,1,1,1,1,1,4),(0.,
    0.196584002052,0.400094009028,0.610292631862,0.827157572637,
    1.05068162281,1.28086153844),.UNSPECIFIED.);
#1955 = CARTESIAN_POINT('',(-0.528170110173,5.613362299982));
#1956 = CARTESIAN_POINT('',(-0.540047407385,5.678259137881));
#1957 = CARTESIAN_POINT('',(-0.576667491645,5.806659999581));
#1958 = CARTESIAN_POINT('',(-0.661479796611,5.992308900331));
#1959 = CARTESIAN_POINT('',(-0.765686999169,6.175028976383));
#1960 = CARTESIAN_POINT('',(-0.888405952483,6.354127365558));
#1961 = CARTESIAN_POINT('',(-1.027638995662,6.529175229152));
#1962 = CARTESIAN_POINT('',(-1.129525820881,6.641143103946));
#1963 = CARTESIAN_POINT('',(-1.18278480872,6.696343785698));
#1964 = ( GEOMETRIC_REPRESENTATION_CONTEXT(2) 
PARAMETRIC_REPRESENTATION_CONTEXT() REPRESENTATION_CONTEXT('2D SPACE',''
  ) );
#1965 = PCURVE('',#1966,#1979);
#1966 = SURFACE_OF_LINEAR_EXTRUSION('',#1967,#1977);
#1967 = B_SPLINE_CURVE_WITH_KNOTS('',3,(#1968,#1969,#1970,#1971,#1972,
    #1973,#1974,#1975,#1976),.UNSPECIFIED.,.F.,.F.,(4,1,1,1,1,1,4),(0.,
    0.196584002052,0.400094009028,0.610292631862,0.827157572637,
    1.05068162281,1.28086153844),.UNSPECIFIED.);
#1968 = CARTESIAN_POINT('',(-34.,-5.613362299982,-0.528170110173));
#1969 = CARTESIAN_POINT('',(-34.,-5.678259137881,-0.540047407385));
#1970 = CARTESIAN_POINT('',(-34.,-5.806659999581,-0.576667491645));
#1971 = CARTESIAN_POINT('',(-34.,-5.992308900331,-0.661479796611));
#1972 = CARTESIAN_POINT('',(-34.,-6.175028976383,-0.765686999169));
#1973 = CARTESIAN_POINT('',(-34.,-6.354127365558,-0.888405952483));
#1974 = CARTESIAN_POINT('',(-34.,-6.529175229152,-1.027638995662));
#1975 = CARTESIAN_POINT('',(-34.,-6.641143103946,-1.129525820881));
#1976 = CARTESIAN_POINT('',(-34.,-6.696343785698,-1.18278480872));
#1977 = VECTOR('',#1978,1.);
#1978 = DIRECTION('',(-1.,-0.,-0.));
#1979 = DEFINITIONAL_REPRESENTATION('',(#1980),#1984);
#1980 = LINE('',#1981,#1982);
#1981 = CARTESIAN_POINT('',(0.,0.));
#1982 = VECTOR('',#1983,1.);
#1983 = DIRECTION('',(1.,0.));
#1984 = ( GEOMETRIC_REPRESENTATION_CONTEXT(2) 
PARAMETRIC_REPRESENTATION_CONTEXT() REPRESENTATION_CONTEXT('2D SPACE',''
  ) );
#1985 = ORIENTED_EDGE('',*,*,#1986,.T.);
#1986 = EDGE_CURVE('',#1939,#1987,#1989,.T.);
#1987 = VERTEX_POINT('',#1988);
#1988 = CARTESIAN_POINT('',(-34.,-6.598496370818,-1.643120702902));
#1989 = SURFACE_CURVE('',#1990,(#1994,#2001),.PCURVE_S1.);
#1990 = LINE('',#1991,#1992);
#1991 = CARTESIAN_POINT('',(-34.,-6.696343785698,-1.18278480872));
#1992 = VECTOR('',#1993,1.);
#1993 = DIRECTION('',(0.,0.207911690818,-0.978147600734));
#1994 = PCURVE('',#134,#1995);
#1995 = DEFINITIONAL_REPRESENTATION('',(#1996),#2000);
#1996 = LINE('',#1997,#1998);
#1997 = CARTESIAN_POINT('',(-1.18278480872,6.696343785698));
#1998 = VECTOR('',#1999,1.);
#1999 = DIRECTION('',(-0.978147600734,-0.207911690818));
#2000 = ( GEOMETRIC_REPRESENTATION_CONTEXT(2) 
PARAMETRIC_REPRESENTATION_CONTEXT() REPRESENTATION_CONTEXT('2D SPACE',''
  ) );
#2001 = PCURVE('',#2002,#2007);
#2002 = PLANE('',#2003);
#2003 = AXIS2_PLACEMENT_3D('',#2004,#2005,#2006);
#2004 = CARTESIAN_POINT('',(-34.,-6.696343785698,-1.18278480872));
#2005 = DIRECTION('',(-0.,0.978147600734,0.207911690818));
#2006 = DIRECTION('',(0.,0.207911690818,-0.978147600734));
#2007 = DEFINITIONAL_REPRESENTATION('',(#2008),#2012);
#2008 = LINE('',#2009,#2010);
#2009 = CARTESIAN_POINT('',(0.,0.));
#2010 = VECTOR('',#2011,1.);
#2011 = DIRECTION('',(1.,0.));
#2012 = ( GEOMETRIC_REPRESENTATION_CONTEXT(2) 
PARAMETRIC_REPRESENTATION_CONTEXT() REPRESENTATION_CONTEXT('2D SPACE',''
  ) );
#2013 = ORIENTED_EDGE('',*,*,#2014,.T.);
#2014 = EDGE_CURVE('',#1987,#2015,#2017,.T.);
#2015 = VERTEX_POINT('',#2016);
#2016 = CARTESIAN_POINT('',(-34.,-5.342887768836,-1.800652733252));
#2017 = SURFACE_CURVE('',#2018,(#2028,#2041),.PCURVE_S1.);
#2018 = B_SPLINE_CURVE_WITH_KNOTS('',3,(#2019,#2020,#2021,#2022,#2023,
    #2024,#2025,#2026,#2027),.UNSPECIFIED.,.F.,.F.,(4,1,1,1,1,1,4),(0.,
    0.230179915631,0.453703965803,0.670568906579,0.880767529413,
    1.084277536388,1.28086153844),.UNSPECIFIED.);
#2019 = CARTESIAN_POINT('',(-34.,-6.598496370818,-1.643120702902));
#2020 = CARTESIAN_POINT('',(-34.,-6.526405656817,-1.669323069329));
#2021 = CARTESIAN_POINT('',(-34.,-6.382676808134,-1.716859878176));
#2022 = CARTESIAN_POINT('',(-34.,-6.16613144689,-1.77285721191));
#2023 = CARTESIAN_POINT('',(-34.,-5.952602631875,-1.812120676683));
#2024 = CARTESIAN_POINT('',(-34.,-5.743294648625,-1.832999742877));
#2025 = CARTESIAN_POINT('',(-34.,-5.539199666415,-1.834969428149));
#2026 = CARTESIAN_POINT('',(-34.,-5.40700491231,-1.816198204328));
#2027 = CARTESIAN_POINT('',(-34.,-5.342887768836,-1.800652733252));
#2028 = PCURVE('',#134,#2029);
#2029 = DEFINITIONAL_REPRESENTATION('',(#2030),#2040);
#2030 = B_SPLINE_CURVE_WITH_KNOTS('',3,(#2031,#2032,#2033,#2034,#2035,
    #2036,#2037,#2038,#2039),.UNSPECIFIED.,.F.,.F.,(4,1,1,1,1,1,4),(0.,
    0.230179915631,0.453703965803,0.670568906579,0.880767529413,
    1.084277536388,1.28086153844),.UNSPECIFIED.);
#2031 = CARTESIAN_POINT('',(-1.643120702902,6.598496370818));
#2032 = CARTESIAN_POINT('',(-1.669323069329,6.526405656817));
#2033 = CARTESIAN_POINT('',(-1.716859878176,6.382676808134));
#2034 = CARTESIAN_POINT('',(-1.77285721191,6.16613144689));
#2035 = CARTESIAN_POINT('',(-1.812120676683,5.952602631875));
#2036 = CARTESIAN_POINT('',(-1.832999742877,5.743294648625));
#2037 = CARTESIAN_POINT('',(-1.834969428149,5.539199666415));
#2038 = CARTESIAN_POINT('',(-1.816198204328,5.40700491231));
#2039 = CARTESIAN_POINT('',(-1.800652733252,5.342887768836));
#2040 = ( GEOMETRIC_REPRESENTATION_CONTEXT(2) 
PARAMETRIC_REPRESENTATION_CONTEXT() REPRESENTATION_CONTEXT('2D SPACE',''
  ) );
#2041 = PCURVE('',#2042,#2055);
#2042 = SURFACE_OF_LINEAR_EXTRUSION('',#2043,#2053);
#2043 = B_SPLINE_CURVE_WITH_KNOTS('',3,(#2044,#2045,#2046,#2047,#2048,
    #2049,#2050,#2051,#2052),.UNSPECIFIED.,.F.,.F.,(4,1,1,1,1,1,4),(0.,
    0.230179915631,0.453703965803,0.670568906579,0.880767529413,
    1.084277536388,1.28086153844),.UNSPECIFIED.);
#2044 = CARTESIAN_POINT('',(-34.,-6.598496370818,-1.643120702902));
#2045 = CARTESIAN_POINT('',(-34.,-6.526405656817,-1.669323069329));
#2046 = CARTESIAN_POINT('',(-34.,-6.382676808134,-1.716859878176));
#2047 = CARTESIAN_POINT('',(-34.,-6.16613144689,-1.77285721191));
#2048 = CARTESIAN_POINT('',(-34.,-5.952602631875,-1.812120676683));
#2049 = CARTESIAN_POINT('',(-34.,-5.743294648625,-1.832999742877));
#2050 = CARTESIAN_POINT('',(-34.,-5.539199666415,-1.834969428149));
#2051 = CARTESIAN_POINT('',(-34.,-5.40700491231,-1.816198204328));
#2052 = CARTESIAN_POINT('',(-34.,-5.342887768836,-1.800652733252));
#2053 = VECTOR('',#2054,1.);
#2054 = DIRECTION('',(-1.,-0.,-0.));
#2055 = DEFINITIONAL_REPRESENTATION('',(#2056),#2060);
#2056 = LINE('',#2057,#2058);
#2057 = CARTESIAN_POINT('',(0.,0.));
#2058 = VECTOR('',#2059,1.);
#2059 = DIRECTION('',(1.,0.));
#2060 = ( GEOMETRIC_REPRESENTATION_CONTEXT(2) 
PARAMETRIC_REPRESENTATION_CONTEXT() REPRESENTATION_CONTEXT('2D SPACE',''
  ) );
#2061 = ORIENTED_EDGE('',*,*,#2062,.T.);
#2062 = EDGE_CURVE('',#2015,#2063,#2065,.T.);
#2063 = VERTEX_POINT('',#2064);
#2064 = CARTESIAN_POINT('',(-34.,-4.73815200369,-1.596845512229));
#2065 = SURFACE_CURVE('',#2066,(#2070,#2077),.PCURVE_S1.);
#2066 = LINE('',#2067,#2068);
#2067 = CARTESIAN_POINT('',(-34.,-5.342887768836,-1.800652733252));
#2068 = VECTOR('',#2069,1.);
#2069 = DIRECTION('',(0.,0.947630400738,0.319369102446));
#2070 = PCURVE('',#134,#2071);
#2071 = DEFINITIONAL_REPRESENTATION('',(#2072),#2076);
#2072 = LINE('',#2073,#2074);
#2073 = CARTESIAN_POINT('',(-1.800652733252,5.342887768836));
#2074 = VECTOR('',#2075,1.);
#2075 = DIRECTION('',(0.319369102446,-0.947630400738));
#2076 = ( GEOMETRIC_REPRESENTATION_CONTEXT(2) 
PARAMETRIC_REPRESENTATION_CONTEXT() REPRESENTATION_CONTEXT('2D SPACE',''
  ) );
#2077 = PCURVE('',#2078,#2083);
#2078 = PLANE('',#2079);
#2079 = AXIS2_PLACEMENT_3D('',#2080,#2081,#2082);
#2080 = CARTESIAN_POINT('',(-34.,-5.342887768836,-1.800652733252));
#2081 = DIRECTION('',(0.,-0.319369102446,0.947630400738));
#2082 = DIRECTION('',(0.,0.947630400738,0.319369102446));
#2083 = DEFINITIONAL_REPRESENTATION('',(#2084),#2088);
#2084 = LINE('',#2085,#2086);
#2085 = CARTESIAN_POINT('',(0.,0.));
#2086 = VECTOR('',#2087,1.);
#2087 = DIRECTION('',(1.,0.));
#2088 = ( GEOMETRIC_REPRESENTATION_CONTEXT(2) 
PARAMETRIC_REPRESENTATION_CONTEXT() REPRESENTATION_CONTEXT('2D SPACE',''
  ) );
#2089 = ORIENTED_EDGE('',*,*,#2090,.T.);
#2090 = EDGE_CURVE('',#2063,#2091,#2093,.T.);
#2091 = VERTEX_POINT('',#2092);
#2092 = CARTESIAN_POINT('',(-34.,-4.357130002749,-2.452634938009));
#2093 = SURFACE_CURVE('',#2094,(#2098,#2105),.PCURVE_S1.);
#2094 = LINE('',#2095,#2096);
#2095 = CARTESIAN_POINT('',(-34.,-4.73815200369,-1.596845512229));
#2096 = VECTOR('',#2097,1.);
#2097 = DIRECTION('',(0.,0.406736643076,-0.913545457643));
#2098 = PCURVE('',#134,#2099);
#2099 = DEFINITIONAL_REPRESENTATION('',(#2100),#2104);
#2100 = LINE('',#2101,#2102);
#2101 = CARTESIAN_POINT('',(-1.596845512229,4.73815200369));
#2102 = VECTOR('',#2103,1.);
#2103 = DIRECTION('',(-0.913545457643,-0.406736643076));
#2104 = ( GEOMETRIC_REPRESENTATION_CONTEXT(2) 
PARAMETRIC_REPRESENTATION_CONTEXT() REPRESENTATION_CONTEXT('2D SPACE',''
  ) );
#2105 = PCURVE('',#2106,#2111);
#2106 = PLANE('',#2107);
#2107 = AXIS2_PLACEMENT_3D('',#2108,#2109,#2110);
#2108 = CARTESIAN_POINT('',(-34.,-4.73815200369,-1.596845512229));
#2109 = DIRECTION('',(-0.,0.913545457643,0.406736643076));
#2110 = DIRECTION('',(0.,0.406736643076,-0.913545457643));
#2111 = DEFINITIONAL_REPRESENTATION('',(#2112),#2116);
#2112 = LINE('',#2113,#2114);
#2113 = CARTESIAN_POINT('',(0.,0.));
#2114 = VECTOR('',#2115,1.);
#2115 = DIRECTION('',(1.,0.));
#2116 = ( GEOMETRIC_REPRESENTATION_CONTEXT(2) 
PARAMETRIC_REPRESENTATION_CONTEXT() REPRESENTATION_CONTEXT('2D SPACE',''
  ) );
#2117 = ORIENTED_EDGE('',*,*,#2118,.T.);
#2118 = EDGE_CURVE('',#2091,#2119,#2121,.T.);
#2119 = VERTEX_POINT('',#2120);
#2120 = CARTESIAN_POINT('',(-34.,-4.913235493666,-2.765667543274));
#2121 = SURFACE_CURVE('',#2122,(#2126,#2133),.PCURVE_S1.);
#2122 = LINE('',#2123,#2124);
#2123 = CARTESIAN_POINT('',(-34.,-4.357130002749,-2.452634938009));
#2124 = VECTOR('',#2125,1.);
#2125 = DIRECTION('',(0.,-0.87142600055,-0.490526987602));
#2126 = PCURVE('',#134,#2127);
#2127 = DEFINITIONAL_REPRESENTATION('',(#2128),#2132);
#2128 = LINE('',#2129,#2130);
#2129 = CARTESIAN_POINT('',(-2.452634938009,4.357130002749));
#2130 = VECTOR('',#2131,1.);
#2131 = DIRECTION('',(-0.490526987602,0.87142600055));
#2132 = ( GEOMETRIC_REPRESENTATION_CONTEXT(2) 
PARAMETRIC_REPRESENTATION_CONTEXT() REPRESENTATION_CONTEXT('2D SPACE',''
  ) );
#2133 = PCURVE('',#2134,#2139);
#2134 = PLANE('',#2135);
#2135 = AXIS2_PLACEMENT_3D('',#2136,#2137,#2138);
#2136 = CARTESIAN_POINT('',(-34.,-4.357130002749,-2.452634938009));
#2137 = DIRECTION('',(0.,0.490526987602,-0.87142600055));
#2138 = DIRECTION('',(0.,-0.87142600055,-0.490526987602));
#2139 = DEFINITIONAL_REPRESENTATION('',(#2140),#2144);
#2140 = LINE('',#2141,#2142);
#2141 = CARTESIAN_POINT('',(0.,0.));
#2142 = VECTOR('',#2143,1.);
#2143 = DIRECTION('',(1.,0.));
#2144 = ( GEOMETRIC_REPRESENTATION_CONTEXT(2) 
PARAMETRIC_REPRESENTATION_CONTEXT() REPRESENTATION_CONTEXT('2D SPACE',''
  ) );
#2145 = ORIENTED_EDGE('',*,*,#2146,.T.);
#2146 = EDGE_CURVE('',#2119,#2147,#2149,.T.);
#2147 = VERTEX_POINT('',#2148);
#2148 = CARTESIAN_POINT('',(-34.,-5.636332525658,-3.804176081651));
#2149 = SURFACE_CURVE('',#2150,(#2160,#2173),.PCURVE_S1.);
#2150 = B_SPLINE_CURVE_WITH_KNOTS('',3,(#2151,#2152,#2153,#2154,#2155,
    #2156,#2157,#2158,#2159),.UNSPECIFIED.,.F.,.F.,(4,1,1,1,1,1,4),(0.,
    0.196584002052,0.400094009028,0.610292631862,0.827157572637,
    1.05068162281,1.28086153844),.UNSPECIFIED.);
#2151 = CARTESIAN_POINT('',(-34.,-4.913235493666,-2.765667543274));
#2152 = CARTESIAN_POINT('',(-34.,-4.967690773148,-2.802913916184));
#2153 = CARTESIAN_POINT('',(-34.,-5.07009606697,-2.888593363275));
#2154 = CARTESIAN_POINT('',(-34.,-5.205198504752,-3.04158346991));
#2155 = CARTESIAN_POINT('',(-34.,-5.329736712497,-3.211100436816));
#2156 = CARTESIAN_POINT('',(-34.,-5.443436937287,-3.396055656776));
#2157 = CARTESIAN_POINT('',(-34.,-5.546719937355,-3.594449751342));
#2158 = CARTESIAN_POINT('',(-34.,-5.607566575512,-3.733069435241));
#2159 = CARTESIAN_POINT('',(-34.,-5.636332525658,-3.804176081651));
#2160 = PCURVE('',#134,#2161);
#2161 = DEFINITIONAL_REPRESENTATION('',(#2162),#2172);
#2162 = B_SPLINE_CURVE_WITH_KNOTS('',3,(#2163,#2164,#2165,#2166,#2167,
    #2168,#2169,#2170,#2171),.UNSPECIFIED.,.F.,.F.,(4,1,1,1,1,1,4),(0.,
    0.196584002052,0.400094009028,0.610292631862,0.827157572637,
    1.05068162281,1.28086153844),.UNSPECIFIED.);
#2163 = CARTESIAN_POINT('',(-2.765667543274,4.913235493666));
#2164 = CARTESIAN_POINT('',(-2.802913916184,4.967690773148));
#2165 = CARTESIAN_POINT('',(-2.888593363275,5.07009606697));
#2166 = CARTESIAN_POINT('',(-3.04158346991,5.205198504752));
#2167 = CARTESIAN_POINT('',(-3.211100436816,5.329736712497));
#2168 = CARTESIAN_POINT('',(-3.396055656776,5.443436937287));
#2169 = CARTESIAN_POINT('',(-3.594449751342,5.546719937355));
#2170 = CARTESIAN_POINT('',(-3.733069435241,5.607566575512));
#2171 = CARTESIAN_POINT('',(-3.804176081651,5.636332525658));
#2172 = ( GEOMETRIC_REPRESENTATION_CONTEXT(2) 
PARAMETRIC_REPRESENTATION_CONTEXT() REPRESENTATION_CONTEXT('2D SPACE',''
  ) );
#2173 = PCURVE('',#2174,#2187);
#2174 = SURFACE_OF_LINEAR_EXTRUSION('',#2175,#2185);
#2175 = B_SPLINE_CURVE_WITH_KNOTS('',3,(#2176,#2177,#2178,#2179,#2180,
    #2181,#2182,#2183,#2184),.UNSPECIFIED.,.F.,.F.,(4,1,1,1,1,1,4),(0.,
    0.196584002052,0.400094009028,0.610292631862,0.827157572637,
    1.05068162281,1.28086153844),.UNSPECIFIED.);
#2176 = CARTESIAN_POINT('',(-34.,-4.913235493666,-2.765667543274));
#2177 = CARTESIAN_POINT('',(-34.,-4.967690773148,-2.802913916184));
#2178 = CARTESIAN_POINT('',(-34.,-5.07009606697,-2.888593363275));
#2179 = CARTESIAN_POINT('',(-34.,-5.205198504752,-3.04158346991));
#2180 = CARTESIAN_POINT('',(-34.,-5.329736712497,-3.211100436816));
#2181 = CARTESIAN_POINT('',(-34.,-5.443436937287,-3.396055656776));
#2182 = CARTESIAN_POINT('',(-34.,-5.546719937355,-3.594449751342));
#2183 = CARTESIAN_POINT('',(-34.,-5.607566575512,-3.733069435241));
#2184 = CARTESIAN_POINT('',(-34.,-5.636332525658,-3.804176081651));
#2185 = VECTOR('',#2186,1.);
#2186 = DIRECTION('',(-1.,-0.,-0.));
#2187 = DEFINITIONAL_REPRESENTATION('',(#2188),#2192);
#2188 = LINE('',#2189,#2190);
#2189 = CARTESIAN_POINT('',(0.,0.));
#2190 = VECTOR('',#2191,1.);
#2191 = DIRECTION('',(1.,0.));
#2192 = ( GEOMETRIC_REPRESENTATION_CONTEXT(2) 
PARAMETRIC_REPRESENTATION_CONTEXT() REPRESENTATION_CONTEXT('2D SPACE',''
  ) );
#2193 = ORIENTED_EDGE('',*,*,#2194,.T.);
#2194 = EDGE_CURVE('',#2147,#2195,#2197,.T.);
#2195 = VERTEX_POINT('',#2196);
#2196 = CARTESIAN_POINT('',(-34.,-5.359708987965,-4.184915717709));
#2197 = SURFACE_CURVE('',#2198,(#2202,#2209),.PCURVE_S1.);
#2198 = LINE('',#2199,#2200);
#2199 = CARTESIAN_POINT('',(-34.,-5.636332525658,-3.804176081651));
#2200 = VECTOR('',#2201,1.);
#2201 = DIRECTION('',(0.,0.587785252292,-0.809016994375));
#2202 = PCURVE('',#134,#2203);
#2203 = DEFINITIONAL_REPRESENTATION('',(#2204),#2208);
#2204 = LINE('',#2205,#2206);
#2205 = CARTESIAN_POINT('',(-3.804176081651,5.636332525658));
#2206 = VECTOR('',#2207,1.);
#2207 = DIRECTION('',(-0.809016994375,-0.587785252292));
#2208 = ( GEOMETRIC_REPRESENTATION_CONTEXT(2) 
PARAMETRIC_REPRESENTATION_CONTEXT() REPRESENTATION_CONTEXT('2D SPACE',''
  ) );
#2209 = PCURVE('',#2210,#2215);
#2210 = PLANE('',#2211);
#2211 = AXIS2_PLACEMENT_3D('',#2212,#2213,#2214);
#2212 = CARTESIAN_POINT('',(-34.,-5.636332525658,-3.804176081651));
#2213 = DIRECTION('',(-0.,0.809016994375,0.587785252292));
#2214 = DIRECTION('',(0.,0.587785252292,-0.809016994375));
#2215 = DEFINITIONAL_REPRESENTATION('',(#2216),#2220);
#2216 = LINE('',#2217,#2218);
#2217 = CARTESIAN_POINT('',(0.,0.));
#2218 = VECTOR('',#2219,1.);
#2219 = DIRECTION('',(1.,0.));
#2220 = ( GEOMETRIC_REPRESENTATION_CONTEXT(2) 
PARAMETRIC_REPRESENTATION_CONTEXT() REPRESENTATION_CONTEXT('2D SPACE',''
  ) );
#2221 = ORIENTED_EDGE('',*,*,#2222,.T.);
#2222 = EDGE_CURVE('',#2195,#2223,#2225,.T.);
#2223 = VERTEX_POINT('',#2224);
#2224 = CARTESIAN_POINT('',(-34.,-4.148579403846,-3.818126360681));
#2225 = SURFACE_CURVE('',#2226,(#2236,#2249),.PCURVE_S1.);
#2226 = B_SPLINE_CURVE_WITH_KNOTS('',3,(#2227,#2228,#2229,#2230,#2231,
    #2232,#2233,#2234,#2235),.UNSPECIFIED.,.F.,.F.,(4,1,1,1,1,1,4),(0.,
    0.230179915631,0.453703965803,0.670568906579,0.880767529413,
    1.084277536388,1.28086153844),.UNSPECIFIED.);
#2227 = CARTESIAN_POINT('',(-34.,-5.359708987965,-4.184915717709));
#2228 = CARTESIAN_POINT('',(-34.,-5.28319338109,-4.179530835529));
#2229 = CARTESIAN_POINT('',(-34.,-5.132555582191,-4.164498081894));
#2230 = CARTESIAN_POINT('',(-34.,-4.911955383508,-4.127577258462));
#2231 = CARTESIAN_POINT('',(-34.,-4.700917214618,-4.076596224937));
#2232 = CARTESIAN_POINT('',(-34.,-4.501212575977,-4.010536974542));
#2233 = CARTESIAN_POINT('',(-34.,-4.313961388877,-3.929323463643));
#2234 = CARTESIAN_POINT('',(-34.,-4.200830416304,-3.85840664687));
#2235 = CARTESIAN_POINT('',(-34.,-4.148579403846,-3.818126360681));
#2236 = PCURVE('',#134,#2237);
#2237 = DEFINITIONAL_REPRESENTATION('',(#2238),#2248);
#2238 = B_SPLINE_CURVE_WITH_KNOTS('',3,(#2239,#2240,#2241,#2242,#2243,
    #2244,#2245,#2246,#2247),.UNSPECIFIED.,.F.,.F.,(4,1,1,1,1,1,4),(0.,
    0.230179915631,0.453703965803,0.670568906579,0.880767529413,
    1.084277536388,1.28086153844),.UNSPECIFIED.);
#2239 = CARTESIAN_POINT('',(-4.184915717709,5.359708987965));
#2240 = CARTESIAN_POINT('',(-4.179530835529,5.28319338109));
#2241 = CARTESIAN_POINT('',(-4.164498081894,5.132555582191));
#2242 = CARTESIAN_POINT('',(-4.127577258462,4.911955383508));
#2243 = CARTESIAN_POINT('',(-4.076596224937,4.700917214618));
#2244 = CARTESIAN_POINT('',(-4.010536974542,4.501212575977));
#2245 = CARTESIAN_POINT('',(-3.929323463643,4.313961388877));
#2246 = CARTESIAN_POINT('',(-3.85840664687,4.200830416304));
#2247 = CARTESIAN_POINT('',(-3.818126360681,4.148579403846));
#2248 = ( GEOMETRIC_REPRESENTATION_CONTEXT(2) 
PARAMETRIC_REPRESENTATION_CONTEXT() REPRESENTATION_CONTEXT('2D SPACE',''
  ) );
#2249 = PCURVE('',#2250,#2263);
#2250 = SURFACE_OF_LINEAR_EXTRUSION('',#2251,#2261);
#2251 = B_SPLINE_CURVE_WITH_KNOTS('',3,(#2252,#2253,#2254,#2255,#2256,
    #2257,#2258,#2259,#2260),.UNSPECIFIED.,.F.,.F.,(4,1,1,1,1,1,4),(0.,
    0.230179915631,0.453703965803,0.670568906579,0.880767529413,
    1.084277536388,1.28086153844),.UNSPECIFIED.);
#2252 = CARTESIAN_POINT('',(-34.,-5.359708987965,-4.184915717709));
#2253 = CARTESIAN_POINT('',(-34.,-5.28319338109,-4.179530835529));
#2254 = CARTESIAN_POINT('',(-34.,-5.132555582191,-4.164498081894));
#2255 = CARTESIAN_POINT('',(-34.,-4.911955383508,-4.127577258462));
#2256 = CARTESIAN_POINT('',(-34.,-4.700917214618,-4.076596224937));
#2257 = CARTESIAN_POINT('',(-34.,-4.501212575977,-4.010536974542));
#2258 = CARTESIAN_POINT('',(-34.,-4.313961388877,-3.929323463643));
#2259 = CARTESIAN_POINT('',(-34.,-4.200830416304,-3.85840664687));
#2260 = CARTESIAN_POINT('',(-34.,-4.148579403846,-3.818126360681));
#2261 = VECTOR('',#2262,1.);
#2262 = DIRECTION('',(-1.,-0.,-0.));
#2263 = DEFINITIONAL_REPRESENTATION('',(#2264),#2268);
#2264 = LINE('',#2265,#2266);
#2265 = CARTESIAN_POINT('',(0.,0.));
#2266 = VECTOR('',#2267,1.);
#2267 = DIRECTION('',(1.,0.));
#2268 = ( GEOMETRIC_REPRESENTATION_CONTEXT(2) 
PARAMETRIC_REPRESENTATION_CONTEXT() REPRESENTATION_CONTEXT('2D SPACE',''
  ) );
#2269 = ORIENTED_EDGE('',*,*,#2270,.T.);
#2270 = EDGE_CURVE('',#2223,#2271,#2273,.T.);
#2271 = VERTEX_POINT('',#2272);
#2272 = CARTESIAN_POINT('',(-34.,-3.679021657437,-3.385971004617));
#2273 = SURFACE_CURVE('',#2274,(#2278,#2285),.PCURVE_S1.);
#2274 = LINE('',#2275,#2276);
#2275 = CARTESIAN_POINT('',(-34.,-4.148579403846,-3.818126360681));
#2276 = VECTOR('',#2277,1.);
#2277 = DIRECTION('',(0.,0.735804331487,0.677194200923));
#2278 = PCURVE('',#134,#2279);
#2279 = DEFINITIONAL_REPRESENTATION('',(#2280),#2284);
#2280 = LINE('',#2281,#2282);
#2281 = CARTESIAN_POINT('',(-3.818126360681,4.148579403846));
#2282 = VECTOR('',#2283,1.);
#2283 = DIRECTION('',(0.677194200923,-0.735804331487));
#2284 = ( GEOMETRIC_REPRESENTATION_CONTEXT(2) 
PARAMETRIC_REPRESENTATION_CONTEXT() REPRESENTATION_CONTEXT('2D SPACE',''
  ) );
#2285 = PCURVE('',#2286,#2291);
#2286 = PLANE('',#2287);
#2287 = AXIS2_PLACEMENT_3D('',#2288,#2289,#2290);
#2288 = CARTESIAN_POINT('',(-34.,-4.148579403846,-3.818126360681));
#2289 = DIRECTION('',(0.,-0.677194200923,0.735804331487));
#2290 = DIRECTION('',(0.,0.735804331487,0.677194200923));
#2291 = DEFINITIONAL_REPRESENTATION('',(#2292),#2296);
#2292 = LINE('',#2293,#2294);
#2293 = CARTESIAN_POINT('',(0.,0.));
#2294 = VECTOR('',#2295,1.);
#2295 = DIRECTION('',(1.,0.));
#2296 = ( GEOMETRIC_REPRESENTATION_CONTEXT(2) 
PARAMETRIC_REPRESENTATION_CONTEXT() REPRESENTATION_CONTEXT('2D SPACE',''
  ) );
#2297 = ORIENTED_EDGE('',*,*,#2298,.T.);
#2298 = EDGE_CURVE('',#2271,#2299,#2301,.T.);
#2299 = VERTEX_POINT('',#2300);
#2300 = CARTESIAN_POINT('',(-34.,-2.982859820994,-4.012797937637));
#2301 = SURFACE_CURVE('',#2302,(#2306,#2313),.PCURVE_S1.);
#2302 = LINE('',#2303,#2304);
#2303 = CARTESIAN_POINT('',(-34.,-3.679021657437,-3.385971004617));
#2304 = VECTOR('',#2305,1.);
#2305 = DIRECTION('',(0.,0.743144825477,-0.669130606359));
#2306 = PCURVE('',#134,#2307);
#2307 = DEFINITIONAL_REPRESENTATION('',(#2308),#2312);
#2308 = LINE('',#2309,#2310);
#2309 = CARTESIAN_POINT('',(-3.385971004617,3.679021657437));
#2310 = VECTOR('',#2311,1.);
#2311 = DIRECTION('',(-0.669130606359,-0.743144825477));
#2312 = ( GEOMETRIC_REPRESENTATION_CONTEXT(2) 
PARAMETRIC_REPRESENTATION_CONTEXT() REPRESENTATION_CONTEXT('2D SPACE',''
  ) );
#2313 = PCURVE('',#2314,#2319);
#2314 = PLANE('',#2315);
#2315 = AXIS2_PLACEMENT_3D('',#2316,#2317,#2318);
#2316 = CARTESIAN_POINT('',(-34.,-3.679021657437,-3.385971004617));
#2317 = DIRECTION('',(-0.,0.669130606359,0.743144825477));
#2318 = DIRECTION('',(0.,0.743144825477,-0.669130606359));
#2319 = DEFINITIONAL_REPRESENTATION('',(#2320),#2324);
#2320 = LINE('',#2321,#2322);
#2321 = CARTESIAN_POINT('',(0.,0.));
#2322 = VECTOR('',#2323,1.);
#2323 = DIRECTION('',(1.,0.));
#2324 = ( GEOMETRIC_REPRESENTATION_CONTEXT(2) 
PARAMETRIC_REPRESENTATION_CONTEXT() REPRESENTATION_CONTEXT('2D SPACE',''
  ) );
#2325 = ORIENTED_EDGE('',*,*,#2326,.T.);
#2326 = EDGE_CURVE('',#2299,#2327,#2329,.T.);
#2327 = VERTEX_POINT('',#2328);
#2328 = CARTESIAN_POINT('',(-34.,-3.363565635152,-4.524955932843));
#2329 = SURFACE_CURVE('',#2330,(#2334,#2341),.PCURVE_S1.);
#2330 = LINE('',#2331,#2332);
#2331 = CARTESIAN_POINT('',(-34.,-2.982859820994,-4.012797937637));
#2332 = VECTOR('',#2333,1.);
#2333 = DIRECTION('',(0.,-0.596571964199,-0.802559587527));
#2334 = PCURVE('',#134,#2335);
#2335 = DEFINITIONAL_REPRESENTATION('',(#2336),#2340);
#2336 = LINE('',#2337,#2338);
#2337 = CARTESIAN_POINT('',(-4.012797937637,2.982859820994));
#2338 = VECTOR('',#2339,1.);
#2339 = DIRECTION('',(-0.802559587527,0.596571964199));
#2340 = ( GEOMETRIC_REPRESENTATION_CONTEXT(2) 
PARAMETRIC_REPRESENTATION_CONTEXT() REPRESENTATION_CONTEXT('2D SPACE',''
  ) );
#2341 = PCURVE('',#2342,#2347);
#2342 = PLANE('',#2343);
#2343 = AXIS2_PLACEMENT_3D('',#2344,#2345,#2346);
#2344 = CARTESIAN_POINT('',(-34.,-2.982859820994,-4.012797937637));
#2345 = DIRECTION('',(0.,0.802559587527,-0.596571964199));
#2346 = DIRECTION('',(0.,-0.596571964199,-0.802559587527));
#2347 = DEFINITIONAL_REPRESENTATION('',(#2348),#2352);
#2348 = LINE('',#2349,#2350);
#2349 = CARTESIAN_POINT('',(0.,0.));
#2350 = VECTOR('',#2351,1.);
#2351 = DIRECTION('',(1.,0.));
#2352 = ( GEOMETRIC_REPRESENTATION_CONTEXT(2) 
PARAMETRIC_REPRESENTATION_CONTEXT() REPRESENTATION_CONTEXT('2D SPACE',''
  ) );
#2353 = ORIENTED_EDGE('',*,*,#2354,.T.);
#2354 = EDGE_CURVE('',#2327,#2355,#2357,.T.);
#2355 = VERTEX_POINT('',#2356);
#2356 = CARTESIAN_POINT('',(-34.,-3.601748167458,-5.76779075021));
#2357 = SURFACE_CURVE('',#2358,(#2368,#2381),.PCURVE_S1.);
#2358 = B_SPLINE_CURVE_WITH_KNOTS('',3,(#2359,#2360,#2361,#2362,#2363,
    #2364,#2365,#2366,#2367),.UNSPECIFIED.,.F.,.F.,(4,1,1,1,1,1,4),(0.,
    0.196584002052,0.400094009028,0.610292631862,0.827157572637,
    1.05068162281,1.28086153844),.UNSPECIFIED.);
#2359 = CARTESIAN_POINT('',(-34.,-3.363565635152,-4.524955932843));
#2360 = CARTESIAN_POINT('',(-34.,-3.398163543683,-4.581131145202));
#2361 = CARTESIAN_POINT('',(-34.,-3.456866464002,-4.701055200347));
#2362 = CARTESIAN_POINT('',(-34.,-3.518061999959,-4.895769729344));
#2363 = CARTESIAN_POINT('',(-34.,-3.562884551883,-5.101285437007));
#2364 = CARTESIAN_POINT('',(-34.,-3.591526810487,-5.316496485817));
#2365 = CARTESIAN_POINT('',(-34.,-3.605186378021,-5.539747490465));
#2366 = CARTESIAN_POINT('',(-34.,-3.604390843029,-5.691131430377));
#2367 = CARTESIAN_POINT('',(-34.,-3.601748167458,-5.76779075021));
#2368 = PCURVE('',#134,#2369);
#2369 = DEFINITIONAL_REPRESENTATION('',(#2370),#2380);
#2370 = B_SPLINE_CURVE_WITH_KNOTS('',3,(#2371,#2372,#2373,#2374,#2375,
    #2376,#2377,#2378,#2379),.UNSPECIFIED.,.F.,.F.,(4,1,1,1,1,1,4),(0.,
    0.196584002052,0.400094009028,0.610292631862,0.827157572637,
    1.05068162281,1.28086153844),.UNSPECIFIED.);
#2371 = CARTESIAN_POINT('',(-4.524955932843,3.363565635152));
#2372 = CARTESIAN_POINT('',(-4.581131145202,3.398163543683));
#2373 = CARTESIAN_POINT('',(-4.701055200347,3.456866464002));
#2374 = CARTESIAN_POINT('',(-4.895769729344,3.518061999959));
#2375 = CARTESIAN_POINT('',(-5.101285437007,3.562884551883));
#2376 = CARTESIAN_POINT('',(-5.316496485817,3.591526810487));
#2377 = CARTESIAN_POINT('',(-5.539747490465,3.605186378021));
#2378 = CARTESIAN_POINT('',(-5.691131430377,3.604390843029));
#2379 = CARTESIAN_POINT('',(-5.76779075021,3.601748167458));
#2380 = ( GEOMETRIC_REPRESENTATION_CONTEXT(2) 
PARAMETRIC_REPRESENTATION_CONTEXT() REPRESENTATION_CONTEXT('2D SPACE',''
  ) );
#2381 = PCURVE('',#2382,#2395);
#2382 = SURFACE_OF_LINEAR_EXTRUSION('',#2383,#2393);
#2383 = B_SPLINE_CURVE_WITH_KNOTS('',3,(#2384,#2385,#2386,#2387,#2388,
    #2389,#2390,#2391,#2392),.UNSPECIFIED.,.F.,.F.,(4,1,1,1,1,1,4),(0.,
    0.196584002052,0.400094009028,0.610292631862,0.827157572637,
    1.05068162281,1.28086153844),.UNSPECIFIED.);
#2384 = CARTESIAN_POINT('',(-34.,-3.363565635152,-4.524955932843));
#2385 = CARTESIAN_POINT('',(-34.,-3.398163543683,-4.581131145202));
#2386 = CARTESIAN_POINT('',(-34.,-3.456866464002,-4.701055200347));
#2387 = CARTESIAN_POINT('',(-34.,-3.518061999959,-4.895769729344));
#2388 = CARTESIAN_POINT('',(-34.,-3.562884551883,-5.101285437007));
#2389 = CARTESIAN_POINT('',(-34.,-3.591526810487,-5.316496485817));
#2390 = CARTESIAN_POINT('',(-34.,-3.605186378021,-5.539747490465));
#2391 = CARTESIAN_POINT('',(-34.,-3.604390843029,-5.691131430377));
#2392 = CARTESIAN_POINT('',(-34.,-3.601748167458,-5.76779075021));
#2393 = VECTOR('',#2394,1.);
#2394 = DIRECTION('',(-1.,-0.,-0.));
#2395 = DEFINITIONAL_REPRESENTATION('',(#2396),#2400);
#2396 = LINE('',#2397,#2398);
#2397 = CARTESIAN_POINT('',(0.,0.));
#2398 = VECTOR('',#2399,1.);
#2399 = DIRECTION('',(1.,0.));
#2400 = ( GEOMETRIC_REPRESENTATION_CONTEXT(2) 
PARAMETRIC_REPRESENTATION_CONTEXT() REPRESENTATION_CONTEXT('2D SPACE',''
  ) );
#2401 = ORIENTED_EDGE('',*,*,#2402,.T.);
#2402 = EDGE_CURVE('',#2355,#2403,#2405,.T.);
#2403 = VERTEX_POINT('',#2404);
#2404 = CARTESIAN_POINT('',(-34.,-3.194179229666,-6.003100786158));
#2405 = SURFACE_CURVE('',#2406,(#2410,#2417),.PCURVE_S1.);
#2406 = LINE('',#2407,#2408);
#2407 = CARTESIAN_POINT('',(-34.,-3.601748167458,-5.76779075021));
#2408 = VECTOR('',#2409,1.);
#2409 = DIRECTION('',(0.,0.866025403784,-0.5));
#2410 = PCURVE('',#134,#2411);
#2411 = DEFINITIONAL_REPRESENTATION('',(#2412),#2416);
#2412 = LINE('',#2413,#2414);
#2413 = CARTESIAN_POINT('',(-5.76779075021,3.601748167458));
#2414 = VECTOR('',#2415,1.);
#2415 = DIRECTION('',(-0.5,-0.866025403784));
#2416 = ( GEOMETRIC_REPRESENTATION_CONTEXT(2) 
PARAMETRIC_REPRESENTATION_CONTEXT() REPRESENTATION_CONTEXT('2D SPACE',''
  ) );
#2417 = PCURVE('',#2418,#2423);
#2418 = PLANE('',#2419);
#2419 = AXIS2_PLACEMENT_3D('',#2420,#2421,#2422);
#2420 = CARTESIAN_POINT('',(-34.,-3.601748167458,-5.76779075021));
#2421 = DIRECTION('',(-0.,0.5,0.866025403784));
#2422 = DIRECTION('',(0.,0.866025403784,-0.5));
#2423 = DEFINITIONAL_REPRESENTATION('',(#2424),#2428);
#2424 = LINE('',#2425,#2426);
#2425 = CARTESIAN_POINT('',(0.,0.));
#2426 = VECTOR('',#2427,1.);
#2427 = DIRECTION('',(1.,0.));
#2428 = ( GEOMETRIC_REPRESENTATION_CONTEXT(2) 
PARAMETRIC_REPRESENTATION_CONTEXT() REPRESENTATION_CONTEXT('2D SPACE',''
  ) );
#2429 = ORIENTED_EDGE('',*,*,#2430,.T.);
#2430 = EDGE_CURVE('',#2403,#2431,#2433,.T.);
#2431 = VERTEX_POINT('',#2432);
#2432 = CARTESIAN_POINT('',(-34.,-2.236943971271,-5.175411253759));
#2433 = SURFACE_CURVE('',#2434,(#2444,#2457),.PCURVE_S1.);
#2434 = B_SPLINE_CURVE_WITH_KNOTS('',3,(#2435,#2436,#2437,#2438,#2439,
    #2440,#2441,#2442,#2443),.UNSPECIFIED.,.F.,.F.,(4,1,1,1,1,1,4),(0.,
    0.230179915631,0.453703965803,0.670568906579,0.880767529413,
    1.084277536388,1.28086153844),.UNSPECIFIED.);
#2435 = CARTESIAN_POINT('',(-34.,-3.194179229666,-6.003100786158));
#2436 = CARTESIAN_POINT('',(-34.,-3.126468973468,-5.967059750419));
#2437 = CARTESIAN_POINT('',(-34.,-2.994968868283,-5.892056733976));
#2438 = CARTESIAN_POINT('',(-34.,-2.808457610604,-5.768601699163));
#2439 = CARTESIAN_POINT('',(-34.,-2.636400504462,-5.636191251185));
#2440 = CARTESIAN_POINT('',(-34.,-2.480829956711,-5.494615928725));
#2441 = CARTESIAN_POINT('',(-34.,-2.342799996093,-5.34426177549));
#2442 = CARTESIAN_POINT('',(-34.,-2.268294177972,-5.233461527644));
#2443 = CARTESIAN_POINT('',(-34.,-2.236943971271,-5.175411253759));
#2444 = PCURVE('',#134,#2445);
#2445 = DEFINITIONAL_REPRESENTATION('',(#2446),#2456);
#2446 = B_SPLINE_CURVE_WITH_KNOTS('',3,(#2447,#2448,#2449,#2450,#2451,
    #2452,#2453,#2454,#2455),.UNSPECIFIED.,.F.,.F.,(4,1,1,1,1,1,4),(0.,
    0.230179915631,0.453703965803,0.670568906579,0.880767529413,
    1.084277536388,1.28086153844),.UNSPECIFIED.);
#2447 = CARTESIAN_POINT('',(-6.003100786158,3.194179229666));
#2448 = CARTESIAN_POINT('',(-5.967059750419,3.126468973468));
#2449 = CARTESIAN_POINT('',(-5.892056733976,2.994968868283));
#2450 = CARTESIAN_POINT('',(-5.768601699163,2.808457610604));
#2451 = CARTESIAN_POINT('',(-5.636191251185,2.636400504462));
#2452 = CARTESIAN_POINT('',(-5.494615928725,2.480829956711));
#2453 = CARTESIAN_POINT('',(-5.34426177549,2.342799996093));
#2454 = CARTESIAN_POINT('',(-5.233461527644,2.268294177972));
#2455 = CARTESIAN_POINT('',(-5.175411253759,2.236943971271));
#2456 = ( GEOMETRIC_REPRESENTATION_CONTEXT(2) 
PARAMETRIC_REPRESENTATION_CONTEXT() REPRESENTATION_CONTEXT('2D SPACE',''
  ) );
#2457 = PCURVE('',#2458,#2471);
#2458 = SURFACE_OF_LINEAR_EXTRUSION('',#2459,#2469);
#2459 = B_SPLINE_CURVE_WITH_KNOTS('',3,(#2460,#2461,#2462,#2463,#2464,
    #2465,#2466,#2467,#2468),.UNSPECIFIED.,.F.,.F.,(4,1,1,1,1,1,4),(0.,
    0.230179915631,0.453703965803,0.670568906579,0.880767529413,
    1.084277536388,1.28086153844),.UNSPECIFIED.);
#2460 = CARTESIAN_POINT('',(-34.,-3.194179229666,-6.003100786158));
#2461 = CARTESIAN_POINT('',(-34.,-3.126468973468,-5.967059750419));
#2462 = CARTESIAN_POINT('',(-34.,-2.994968868283,-5.892056733976));
#2463 = CARTESIAN_POINT('',(-34.,-2.808457610604,-5.768601699163));
#2464 = CARTESIAN_POINT('',(-34.,-2.636400504462,-5.636191251185));
#2465 = CARTESIAN_POINT('',(-34.,-2.480829956711,-5.494615928725));
#2466 = CARTESIAN_POINT('',(-34.,-2.342799996093,-5.34426177549));
#2467 = CARTESIAN_POINT('',(-34.,-2.268294177972,-5.233461527644));
#2468 = CARTESIAN_POINT('',(-34.,-2.236943971271,-5.175411253759));
#2469 = VECTOR('',#2470,1.);
#2470 = DIRECTION('',(-1.,-0.,-0.));
#2471 = DEFINITIONAL_REPRESENTATION('',(#2472),#2476);
#2472 = LINE('',#2473,#2474);
#2473 = CARTESIAN_POINT('',(0.,0.));
#2474 = VECTOR('',#2475,1.);
#2475 = DIRECTION('',(1.,0.));
#2476 = ( GEOMETRIC_REPRESENTATION_CONTEXT(2) 
PARAMETRIC_REPRESENTATION_CONTEXT() REPRESENTATION_CONTEXT('2D SPACE',''
  ) );
#2477 = ORIENTED_EDGE('',*,*,#2478,.T.);
#2478 = EDGE_CURVE('',#2431,#2479,#2481,.T.);
#2479 = VERTEX_POINT('',#2480);
#2480 = CARTESIAN_POINT('',(-34.,-1.98375504375,-4.589631349727));
#2481 = SURFACE_CURVE('',#2482,(#2486,#2493),.PCURVE_S1.);
#2482 = LINE('',#2483,#2484);
#2483 = CARTESIAN_POINT('',(-34.,-2.236943971271,-5.175411253759));
#2484 = VECTOR('',#2485,1.);
#2485 = DIRECTION('',(0.,0.39675100875,0.917926269945));
#2486 = PCURVE('',#134,#2487);
#2487 = DEFINITIONAL_REPRESENTATION('',(#2488),#2492);
#2488 = LINE('',#2489,#2490);
#2489 = CARTESIAN_POINT('',(-5.175411253759,2.236943971271));
#2490 = VECTOR('',#2491,1.);
#2491 = DIRECTION('',(0.917926269945,-0.39675100875));
#2492 = ( GEOMETRIC_REPRESENTATION_CONTEXT(2) 
PARAMETRIC_REPRESENTATION_CONTEXT() REPRESENTATION_CONTEXT('2D SPACE',''
  ) );
#2493 = PCURVE('',#2494,#2499);
#2494 = PLANE('',#2495);
#2495 = AXIS2_PLACEMENT_3D('',#2496,#2497,#2498);
#2496 = CARTESIAN_POINT('',(-34.,-2.236943971271,-5.175411253759));
#2497 = DIRECTION('',(0.,-0.917926269945,0.39675100875));
#2498 = DIRECTION('',(0.,0.39675100875,0.917926269945));
#2499 = DEFINITIONAL_REPRESENTATION('',(#2500),#2504);
#2500 = LINE('',#2501,#2502);
#2501 = CARTESIAN_POINT('',(0.,0.));
#2502 = VECTOR('',#2503,1.);
#2503 = DIRECTION('',(1.,0.));
#2504 = ( GEOMETRIC_REPRESENTATION_CONTEXT(2) 
PARAMETRIC_REPRESENTATION_CONTEXT() REPRESENTATION_CONTEXT('2D SPACE',''
  ) );
#2505 = ORIENTED_EDGE('',*,*,#2506,.T.);
#2506 = EDGE_CURVE('',#2479,#2507,#2509,.T.);
#2507 = VERTEX_POINT('',#2508);
#2508 = CARTESIAN_POINT('',(-34.,-1.092826077758,-4.879111718722));
#2509 = SURFACE_CURVE('',#2510,(#2514,#2521),.PCURVE_S1.);
#2510 = LINE('',#2511,#2512);
#2511 = CARTESIAN_POINT('',(-34.,-1.98375504375,-4.589631349727));
#2512 = VECTOR('',#2513,1.);
#2513 = DIRECTION('',(0.,0.951056516295,-0.309016994375));
#2514 = PCURVE('',#134,#2515);
#2515 = DEFINITIONAL_REPRESENTATION('',(#2516),#2520);
#2516 = LINE('',#2517,#2518);
#2517 = CARTESIAN_POINT('',(-4.589631349727,1.98375504375));
#2518 = VECTOR('',#2519,1.);
#2519 = DIRECTION('',(-0.309016994375,-0.951056516295));
#2520 = ( GEOMETRIC_REPRESENTATION_CONTEXT(2) 
PARAMETRIC_REPRESENTATION_CONTEXT() REPRESENTATION_CONTEXT('2D SPACE',''
  ) );
#2521 = PCURVE('',#2522,#2527);
#2522 = PLANE('',#2523);
#2523 = AXIS2_PLACEMENT_3D('',#2524,#2525,#2526);
#2524 = CARTESIAN_POINT('',(-34.,-1.98375504375,-4.589631349727));
#2525 = DIRECTION('',(-0.,0.309016994375,0.951056516295));
#2526 = DIRECTION('',(0.,0.951056516295,-0.309016994375));
#2527 = DEFINITIONAL_REPRESENTATION('',(#2528),#2532);
#2528 = LINE('',#2529,#2530);
#2529 = CARTESIAN_POINT('',(0.,0.));
#2530 = VECTOR('',#2531,1.);
#2531 = DIRECTION('',(1.,0.));
#2532 = ( GEOMETRIC_REPRESENTATION_CONTEXT(2) 
PARAMETRIC_REPRESENTATION_CONTEXT() REPRESENTATION_CONTEXT('2D SPACE',''
  ) );
#2533 = ORIENTED_EDGE('',*,*,#2534,.T.);
#2534 = EDGE_CURVE('',#2507,#2535,#2537,.T.);
#2535 = VERTEX_POINT('',#2536);
#2536 = CARTESIAN_POINT('',(-34.,-1.232304721285,-5.501838333688));
#2537 = SURFACE_CURVE('',#2538,(#2542,#2549),.PCURVE_S1.);
#2538 = LINE('',#2539,#2540);
#2539 = CARTESIAN_POINT('',(-34.,-1.092826077758,-4.879111718722));
#2540 = VECTOR('',#2541,1.);
#2541 = DIRECTION('',(0.,-0.218565215552,-0.975822343744));
#2542 = PCURVE('',#134,#2543);
#2543 = DEFINITIONAL_REPRESENTATION('',(#2544),#2548);
#2544 = LINE('',#2545,#2546);
#2545 = CARTESIAN_POINT('',(-4.879111718722,1.092826077758));
#2546 = VECTOR('',#2547,1.);
#2547 = DIRECTION('',(-0.975822343744,0.218565215552));
#2548 = ( GEOMETRIC_REPRESENTATION_CONTEXT(2) 
PARAMETRIC_REPRESENTATION_CONTEXT() REPRESENTATION_CONTEXT('2D SPACE',''
  ) );
#2549 = PCURVE('',#2550,#2555);
#2550 = PLANE('',#2551);
#2551 = AXIS2_PLACEMENT_3D('',#2552,#2553,#2554);
#2552 = CARTESIAN_POINT('',(-34.,-1.092826077758,-4.879111718722));
#2553 = DIRECTION('',(0.,0.975822343744,-0.218565215552));
#2554 = DIRECTION('',(0.,-0.218565215552,-0.975822343744));
#2555 = DEFINITIONAL_REPRESENTATION('',(#2556),#2560);
#2556 = LINE('',#2557,#2558);
#2557 = CARTESIAN_POINT('',(0.,0.));
#2558 = VECTOR('',#2559,1.);
#2559 = DIRECTION('',(1.,0.));
#2560 = ( GEOMETRIC_REPRESENTATION_CONTEXT(2) 
PARAMETRIC_REPRESENTATION_CONTEXT() REPRESENTATION_CONTEXT('2D SPACE',''
  ) );
#2561 = ORIENTED_EDGE('',*,*,#2562,.T.);
#2562 = EDGE_CURVE('',#2535,#2563,#2565,.T.);
#2563 = VERTEX_POINT('',#2564);
#2564 = CARTESIAN_POINT('',(-34.,-0.94438883025,-6.734101999324));
#2565 = SURFACE_CURVE('',#2566,(#2576,#2589),.PCURVE_S1.);
#2566 = B_SPLINE_CURVE_WITH_KNOTS('',3,(#2567,#2568,#2569,#2570,#2571,
    #2572,#2573,#2574,#2575),.UNSPECIFIED.,.F.,.F.,(4,1,1,1,1,1,4),(0.,
    0.196584002052,0.400094009028,0.610292631862,0.827157572637,
    1.05068162281,1.28086153844),.UNSPECIFIED.);
#2567 = CARTESIAN_POINT('',(-34.,-1.232304721285,-5.501838333688));
#2568 = CARTESIAN_POINT('',(-34.,-1.241062966169,-5.567229180944));
#2569 = CARTESIAN_POINT('',(-34.,-1.245913244763,-5.700661885534));
#2570 = CARTESIAN_POINT('',(-34.,-1.222620614782,-5.903432925902));
#2571 = CARTESIAN_POINT('',(-34.,-1.179977284458,-6.109411841415));
#2572 = CARTESIAN_POINT('',(-34.,-1.118609070156,-6.317666773605));
#2573 = CARTESIAN_POINT('',(-34.,-1.040283341837,-6.52717256146));
#2574 = CARTESIAN_POINT('',(-34.,-0.977983188923,-6.665145098894));
#2575 = CARTESIAN_POINT('',(-34.,-0.94438883025,-6.734101999324));
#2576 = PCURVE('',#134,#2577);
#2577 = DEFINITIONAL_REPRESENTATION('',(#2578),#2588);
#2578 = B_SPLINE_CURVE_WITH_KNOTS('',3,(#2579,#2580,#2581,#2582,#2583,
    #2584,#2585,#2586,#2587),.UNSPECIFIED.,.F.,.F.,(4,1,1,1,1,1,4),(0.,
    0.196584002052,0.400094009028,0.610292631862,0.827157572637,
    1.05068162281,1.28086153844),.UNSPECIFIED.);
#2579 = CARTESIAN_POINT('',(-5.501838333688,1.232304721285));
#2580 = CARTESIAN_POINT('',(-5.567229180944,1.241062966169));
#2581 = CARTESIAN_POINT('',(-5.700661885534,1.245913244763));
#2582 = CARTESIAN_POINT('',(-5.903432925902,1.222620614782));
#2583 = CARTESIAN_POINT('',(-6.109411841415,1.179977284458));
#2584 = CARTESIAN_POINT('',(-6.317666773605,1.118609070156));
#2585 = CARTESIAN_POINT('',(-6.52717256146,1.040283341837));
#2586 = CARTESIAN_POINT('',(-6.665145098894,0.977983188923));
#2587 = CARTESIAN_POINT('',(-6.734101999324,0.94438883025));
#2588 = ( GEOMETRIC_REPRESENTATION_CONTEXT(2) 
PARAMETRIC_REPRESENTATION_CONTEXT() REPRESENTATION_CONTEXT('2D SPACE',''
  ) );
#2589 = PCURVE('',#2590,#2603);
#2590 = SURFACE_OF_LINEAR_EXTRUSION('',#2591,#2601);
#2591 = B_SPLINE_CURVE_WITH_KNOTS('',3,(#2592,#2593,#2594,#2595,#2596,
    #2597,#2598,#2599,#2600),.UNSPECIFIED.,.F.,.F.,(4,1,1,1,1,1,4),(0.,
    0.196584002052,0.400094009028,0.610292631862,0.827157572637,
    1.05068162281,1.28086153844),.UNSPECIFIED.);
#2592 = CARTESIAN_POINT('',(-34.,-1.232304721285,-5.501838333688));
#2593 = CARTESIAN_POINT('',(-34.,-1.241062966169,-5.567229180944));
#2594 = CARTESIAN_POINT('',(-34.,-1.245913244763,-5.700661885534));
#2595 = CARTESIAN_POINT('',(-34.,-1.222620614782,-5.903432925902));
#2596 = CARTESIAN_POINT('',(-34.,-1.179977284458,-6.109411841415));
#2597 = CARTESIAN_POINT('',(-34.,-1.118609070156,-6.317666773605));
#2598 = CARTESIAN_POINT('',(-34.,-1.040283341837,-6.52717256146));
#2599 = CARTESIAN_POINT('',(-34.,-0.977983188923,-6.665145098894));
#2600 = CARTESIAN_POINT('',(-34.,-0.94438883025,-6.734101999324));
#2601 = VECTOR('',#2602,1.);
#2602 = DIRECTION('',(-1.,-0.,-0.));
#2603 = DEFINITIONAL_REPRESENTATION('',(#2604),#2608);
#2604 = LINE('',#2605,#2606);
#2605 = CARTESIAN_POINT('',(0.,0.));
#2606 = VECTOR('',#2607,1.);
#2607 = DIRECTION('',(1.,0.));
#2608 = ( GEOMETRIC_REPRESENTATION_CONTEXT(2) 
PARAMETRIC_REPRESENTATION_CONTEXT() REPRESENTATION_CONTEXT('2D SPACE',''
  ) );
#2609 = ORIENTED_EDGE('',*,*,#2610,.T.);
#2610 = EDGE_CURVE('',#2563,#2611,#2613,.T.);
#2611 = VERTEX_POINT('',#2612);
#2612 = CARTESIAN_POINT('',(-34.,-0.47634686435,-6.783295192222));
#2613 = SURFACE_CURVE('',#2614,(#2618,#2625),.PCURVE_S1.);
#2614 = LINE('',#2615,#2616);
#2615 = CARTESIAN_POINT('',(-34.,-0.94438883025,-6.734101999324));
#2616 = VECTOR('',#2617,1.);
#2617 = DIRECTION('',(0.,0.994521895368,-0.104528463268));
#2618 = PCURVE('',#134,#2619);
#2619 = DEFINITIONAL_REPRESENTATION('',(#2620),#2624);
#2620 = LINE('',#2621,#2622);
#2621 = CARTESIAN_POINT('',(-6.734101999324,0.94438883025));
#2622 = VECTOR('',#2623,1.);
#2623 = DIRECTION('',(-0.104528463268,-0.994521895368));
#2624 = ( GEOMETRIC_REPRESENTATION_CONTEXT(2) 
PARAMETRIC_REPRESENTATION_CONTEXT() REPRESENTATION_CONTEXT('2D SPACE',''
  ) );
#2625 = PCURVE('',#2626,#2631);
#2626 = PLANE('',#2627);
#2627 = AXIS2_PLACEMENT_3D('',#2628,#2629,#2630);
#2628 = CARTESIAN_POINT('',(-34.,-0.94438883025,-6.734101999324));
#2629 = DIRECTION('',(-0.,0.104528463268,0.994521895368));
#2630 = DIRECTION('',(0.,0.994521895368,-0.104528463268));
#2631 = DEFINITIONAL_REPRESENTATION('',(#2632),#2636);
#2632 = LINE('',#2633,#2634);
#2633 = CARTESIAN_POINT('',(0.,0.));
#2634 = VECTOR('',#2635,1.);
#2635 = DIRECTION('',(1.,0.));
#2636 = ( GEOMETRIC_REPRESENTATION_CONTEXT(2) 
PARAMETRIC_REPRESENTATION_CONTEXT() REPRESENTATION_CONTEXT('2D SPACE',''
  ) );
#2637 = ORIENTED_EDGE('',*,*,#2638,.T.);
#2638 = EDGE_CURVE('',#2611,#2639,#2641,.T.);
#2639 = VERTEX_POINT('',#2640);
#2640 = CARTESIAN_POINT('',(-34.,6.147939593526E-02,-5.637820523927));
#2641 = SURFACE_CURVE('',#2642,(#2652,#2665),.PCURVE_S1.);
#2642 = B_SPLINE_CURVE_WITH_KNOTS('',3,(#2643,#2644,#2645,#2646,#2647,
    #2648,#2649,#2650,#2651),.UNSPECIFIED.,.F.,.F.,(4,1,1,1,1,1,4),(0.,
    0.230179915631,0.453703965803,0.670568906579,0.880767529413,
    1.084277536388,1.28086153844),.UNSPECIFIED.);
#2643 = CARTESIAN_POINT('',(-34.,-0.47634686435,-6.783295192222));
#2644 = CARTESIAN_POINT('',(-34.,-0.429149677254,-6.722829825426));
#2645 = CARTESIAN_POINT('',(-34.,-0.339524828612,-6.600825249098));
#2646 = CARTESIAN_POINT('',(-34.,-0.219352002791,-6.412182499977));
#2647 = CARTESIAN_POINT('',(-34.,-0.116026196138,-6.221237606913));
#2648 = CARTESIAN_POINT('',(-34.,-3.14893002969E-02,-6.028625871812));
#2649 = CARTESIAN_POINT('',(-34.,3.345279968555E-02,-5.835128675261));
#2650 = CARTESIAN_POINT('',(-34.,5.645073053727E-02,-5.703603365783));
#2651 = CARTESIAN_POINT('',(-34.,6.147939593526E-02,-5.637820523927));
#2652 = PCURVE('',#134,#2653);
#2653 = DEFINITIONAL_REPRESENTATION('',(#2654),#2664);
#2654 = B_SPLINE_CURVE_WITH_KNOTS('',3,(#2655,#2656,#2657,#2658,#2659,
    #2660,#2661,#2662,#2663),.UNSPECIFIED.,.F.,.F.,(4,1,1,1,1,1,4),(0.,
    0.230179915631,0.453703965803,0.670568906579,0.880767529413,
    1.084277536388,1.28086153844),.UNSPECIFIED.);
#2655 = CARTESIAN_POINT('',(-6.783295192222,0.47634686435));
#2656 = CARTESIAN_POINT('',(-6.722829825426,0.429149677254));
#2657 = CARTESIAN_POINT('',(-6.600825249098,0.339524828612));
#2658 = CARTESIAN_POINT('',(-6.412182499977,0.219352002791));
#2659 = CARTESIAN_POINT('',(-6.221237606913,0.116026196138));
#2660 = CARTESIAN_POINT('',(-6.028625871812,3.14893002969E-02));
#2661 = CARTESIAN_POINT('',(-5.835128675261,-3.345279968555E-02));
#2662 = CARTESIAN_POINT('',(-5.703603365783,-5.645073053727E-02));
#2663 = CARTESIAN_POINT('',(-5.637820523927,-6.147939593527E-02));
#2664 = ( GEOMETRIC_REPRESENTATION_CONTEXT(2) 
PARAMETRIC_REPRESENTATION_CONTEXT() REPRESENTATION_CONTEXT('2D SPACE',''
  ) );
#2665 = PCURVE('',#2666,#2679);
#2666 = SURFACE_OF_LINEAR_EXTRUSION('',#2667,#2677);
#2667 = B_SPLINE_CURVE_WITH_KNOTS('',3,(#2668,#2669,#2670,#2671,#2672,
    #2673,#2674,#2675,#2676),.UNSPECIFIED.,.F.,.F.,(4,1,1,1,1,1,4),(0.,
    0.230179915631,0.453703965803,0.670568906579,0.880767529413,
    1.084277536388,1.28086153844),.UNSPECIFIED.);
#2668 = CARTESIAN_POINT('',(-34.,-0.47634686435,-6.783295192222));
#2669 = CARTESIAN_POINT('',(-34.,-0.429149677254,-6.722829825426));
#2670 = CARTESIAN_POINT('',(-34.,-0.339524828612,-6.600825249098));
#2671 = CARTESIAN_POINT('',(-34.,-0.219352002791,-6.412182499977));
#2672 = CARTESIAN_POINT('',(-34.,-0.116026196138,-6.221237606913));
#2673 = CARTESIAN_POINT('',(-34.,-3.14893002969E-02,-6.028625871812));
#2674 = CARTESIAN_POINT('',(-34.,3.345279968555E-02,-5.835128675261));
#2675 = CARTESIAN_POINT('',(-34.,5.645073053727E-02,-5.703603365783));
#2676 = CARTESIAN_POINT('',(-34.,6.147939593526E-02,-5.637820523927));
#2677 = VECTOR('',#2678,1.);
#2678 = DIRECTION('',(-1.,-0.,-0.));
#2679 = DEFINITIONAL_REPRESENTATION('',(#2680),#2684);
#2680 = LINE('',#2681,#2682);
#2681 = CARTESIAN_POINT('',(0.,0.));
#2682 = VECTOR('',#2683,1.);
#2683 = DIRECTION('',(1.,0.));
#2684 = ( GEOMETRIC_REPRESENTATION_CONTEXT(2) 
PARAMETRIC_REPRESENTATION_CONTEXT() REPRESENTATION_CONTEXT('2D SPACE',''
  ) );
#2685 = ORIENTED_EDGE('',*,*,#2686,.T.);
#2686 = EDGE_CURVE('',#2639,#2687,#2689,.T.);
#2687 = VERTEX_POINT('',#2688);
#2688 = CARTESIAN_POINT('',(-34.,5.452083884963E-02,-4.999702738977));
#2689 = SURFACE_CURVE('',#2690,(#2694,#2701),.PCURVE_S1.);
#2690 = LINE('',#2691,#2692);
#2691 = CARTESIAN_POINT('',(-34.,6.147939593526E-02,-5.637820523927));
#2692 = VECTOR('',#2693,1.);
#2693 = DIRECTION('',(0.,-1.090416776993E-02,0.999940547795));
#2694 = PCURVE('',#134,#2695);
#2695 = DEFINITIONAL_REPRESENTATION('',(#2696),#2700);
#2696 = LINE('',#2697,#2698);
#2697 = CARTESIAN_POINT('',(-5.637820523927,-6.147939593527E-02));
#2698 = VECTOR('',#2699,1.);
#2699 = DIRECTION('',(0.999940547795,1.090416776993E-02));
#2700 = ( GEOMETRIC_REPRESENTATION_CONTEXT(2) 
PARAMETRIC_REPRESENTATION_CONTEXT() REPRESENTATION_CONTEXT('2D SPACE',''
  ) );
#2701 = PCURVE('',#2702,#2707);
#2702 = PLANE('',#2703);
#2703 = AXIS2_PLACEMENT_3D('',#2704,#2705,#2706);
#2704 = CARTESIAN_POINT('',(-34.,6.147939593526E-02,-5.637820523927));
#2705 = DIRECTION('',(0.,-0.999940547795,-1.090416776993E-02));
#2706 = DIRECTION('',(0.,-1.090416776993E-02,0.999940547795));
#2707 = DEFINITIONAL_REPRESENTATION('',(#2708),#2712);
#2708 = LINE('',#2709,#2710);
#2709 = CARTESIAN_POINT('',(0.,0.));
#2710 = VECTOR('',#2711,1.);
#2711 = DIRECTION('',(1.,0.));
#2712 = ( GEOMETRIC_REPRESENTATION_CONTEXT(2) 
PARAMETRIC_REPRESENTATION_CONTEXT() REPRESENTATION_CONTEXT('2D SPACE',''
  ) );
#2713 = ORIENTED_EDGE('',*,*,#2714,.T.);
#2714 = EDGE_CURVE('',#2687,#2715,#2717,.T.);
#2715 = VERTEX_POINT('',#2716);
#2716 = CARTESIAN_POINT('',(-34.,0.986167222336,-4.901782758302));
#2717 = SURFACE_CURVE('',#2718,(#2722,#2729),.PCURVE_S1.);
#2718 = LINE('',#2719,#2720);
#2719 = CARTESIAN_POINT('',(-34.,5.452083884963E-02,-4.999702738977));
#2720 = VECTOR('',#2721,1.);
#2721 = DIRECTION('',(0.,0.994521895368,0.104528463268));
#2722 = PCURVE('',#134,#2723);
#2723 = DEFINITIONAL_REPRESENTATION('',(#2724),#2728);
#2724 = LINE('',#2725,#2726);
#2725 = CARTESIAN_POINT('',(-4.999702738977,-5.452083884963E-02));
#2726 = VECTOR('',#2727,1.);
#2727 = DIRECTION('',(0.104528463268,-0.994521895368));
#2728 = ( GEOMETRIC_REPRESENTATION_CONTEXT(2) 
PARAMETRIC_REPRESENTATION_CONTEXT() REPRESENTATION_CONTEXT('2D SPACE',''
  ) );
#2729 = PCURVE('',#2730,#2735);
#2730 = PLANE('',#2731);
#2731 = AXIS2_PLACEMENT_3D('',#2732,#2733,#2734);
#2732 = CARTESIAN_POINT('',(-34.,5.452083884963E-02,-4.999702738977));
#2733 = DIRECTION('',(0.,-0.104528463268,0.994521895368));
#2734 = DIRECTION('',(0.,0.994521895368,0.104528463268));
#2735 = DEFINITIONAL_REPRESENTATION('',(#2736),#2740);
#2736 = LINE('',#2737,#2738);
#2737 = CARTESIAN_POINT('',(0.,0.));
#2738 = VECTOR('',#2739,1.);
#2739 = DIRECTION('',(1.,0.));
#2740 = ( GEOMETRIC_REPRESENTATION_CONTEXT(2) 
PARAMETRIC_REPRESENTATION_CONTEXT() REPRESENTATION_CONTEXT('2D SPACE',''
  ) );
#2741 = ORIENTED_EDGE('',*,*,#2742,.T.);
#2742 = EDGE_CURVE('',#2715,#2743,#2745,.T.);
#2743 = VERTEX_POINT('',#2744);
#2744 = CARTESIAN_POINT('',(-34.,1.112032874028,-5.527402904007));
#2745 = SURFACE_CURVE('',#2746,(#2750,#2757),.PCURVE_S1.);
#2746 = LINE('',#2747,#2748);
#2747 = CARTESIAN_POINT('',(-34.,0.986167222336,-4.901782758302));
#2748 = VECTOR('',#2749,1.);
#2749 = DIRECTION('',(0.,0.197233444467,-0.98035655166));
#2750 = PCURVE('',#134,#2751);
#2751 = DEFINITIONAL_REPRESENTATION('',(#2752),#2756);
#2752 = LINE('',#2753,#2754);
#2753 = CARTESIAN_POINT('',(-4.901782758302,-0.986167222336));
#2754 = VECTOR('',#2755,1.);
#2755 = DIRECTION('',(-0.98035655166,-0.197233444467));
#2756 = ( GEOMETRIC_REPRESENTATION_CONTEXT(2) 
PARAMETRIC_REPRESENTATION_CONTEXT() REPRESENTATION_CONTEXT('2D SPACE',''
  ) );
#2757 = PCURVE('',#2758,#2763);
#2758 = PLANE('',#2759);
#2759 = AXIS2_PLACEMENT_3D('',#2760,#2761,#2762);
#2760 = CARTESIAN_POINT('',(-34.,0.986167222336,-4.901782758302));
#2761 = DIRECTION('',(-0.,0.98035655166,0.197233444467));
#2762 = DIRECTION('',(0.,0.197233444467,-0.98035655166));
#2763 = DEFINITIONAL_REPRESENTATION('',(#2764),#2768);
#2764 = LINE('',#2765,#2766);
#2765 = CARTESIAN_POINT('',(0.,0.));
#2766 = VECTOR('',#2767,1.);
#2767 = DIRECTION('',(1.,0.));
#2768 = ( GEOMETRIC_REPRESENTATION_CONTEXT(2) 
PARAMETRIC_REPRESENTATION_CONTEXT() REPRESENTATION_CONTEXT('2D SPACE',''
  ) );
#2769 = ORIENTED_EDGE('',*,*,#2770,.T.);
#2770 = EDGE_CURVE('',#2743,#2771,#2773,.T.);
#2771 = VERTEX_POINT('',#2772);
#2772 = CARTESIAN_POINT('',(-34.,1.876263915212,-6.536025835359));
#2773 = SURFACE_CURVE('',#2774,(#2784,#2797),.PCURVE_S1.);
#2774 = B_SPLINE_CURVE_WITH_KNOTS('',3,(#2775,#2776,#2777,#2778,#2779,
    #2780,#2781,#2782,#2783),.UNSPECIFIED.,.F.,.F.,(4,1,1,1,1,1,4),(0.,
    0.196584002052,0.400094009028,0.610292631862,0.827157572637,
    1.05068162281,1.28086153844),.UNSPECIFIED.);
#2775 = CARTESIAN_POINT('',(-34.,1.112032874028,-5.527402904007));
#2776 = CARTESIAN_POINT('',(-34.,1.130628672899,-5.590702714612));
#2777 = CARTESIAN_POINT('',(-34.,1.180469693262,-5.714572341825));
#2778 = CARTESIAN_POINT('',(-34.,1.28422298185,-5.890338938567));
#2779 = CARTESIAN_POINT('',(-34.,1.406958775207,-6.061165436179));
#2780 = CARTESIAN_POINT('',(-34.,1.547726340648,-6.226455082036));
#2781 = CARTESIAN_POINT('',(-34.,1.704494134829,-6.385990199077));
#2782 = CARTESIAN_POINT('',(-34.,1.817526643246,-6.486694628871));
#2783 = CARTESIAN_POINT('',(-34.,1.876263915212,-6.536025835359));
#2784 = PCURVE('',#134,#2785);
#2785 = DEFINITIONAL_REPRESENTATION('',(#2786),#2796);
#2786 = B_SPLINE_CURVE_WITH_KNOTS('',3,(#2787,#2788,#2789,#2790,#2791,
    #2792,#2793,#2794,#2795),.UNSPECIFIED.,.F.,.F.,(4,1,1,1,1,1,4),(0.,
    0.196584002052,0.400094009028,0.610292631862,0.827157572637,
    1.05068162281,1.28086153844),.UNSPECIFIED.);
#2787 = CARTESIAN_POINT('',(-5.527402904007,-1.112032874028));
#2788 = CARTESIAN_POINT('',(-5.590702714612,-1.130628672899));
#2789 = CARTESIAN_POINT('',(-5.714572341825,-1.180469693262));
#2790 = CARTESIAN_POINT('',(-5.890338938567,-1.28422298185));
#2791 = CARTESIAN_POINT('',(-6.061165436179,-1.406958775207));
#2792 = CARTESIAN_POINT('',(-6.226455082036,-1.547726340648));
#2793 = CARTESIAN_POINT('',(-6.385990199077,-1.704494134829));
#2794 = CARTESIAN_POINT('',(-6.486694628871,-1.817526643246));
#2795 = CARTESIAN_POINT('',(-6.536025835359,-1.876263915212));
#2796 = ( GEOMETRIC_REPRESENTATION_CONTEXT(2) 
PARAMETRIC_REPRESENTATION_CONTEXT() REPRESENTATION_CONTEXT('2D SPACE',''
  ) );
#2797 = PCURVE('',#2798,#2811);
#2798 = SURFACE_OF_LINEAR_EXTRUSION('',#2799,#2809);
#2799 = B_SPLINE_CURVE_WITH_KNOTS('',3,(#2800,#2801,#2802,#2803,#2804,
    #2805,#2806,#2807,#2808),.UNSPECIFIED.,.F.,.F.,(4,1,1,1,1,1,4),(0.,
    0.196584002052,0.400094009028,0.610292631862,0.827157572637,
    1.05068162281,1.28086153844),.UNSPECIFIED.);
#2800 = CARTESIAN_POINT('',(-34.,1.112032874028,-5.527402904007));
#2801 = CARTESIAN_POINT('',(-34.,1.130628672899,-5.590702714612));
#2802 = CARTESIAN_POINT('',(-34.,1.180469693262,-5.714572341825));
#2803 = CARTESIAN_POINT('',(-34.,1.28422298185,-5.890338938567));
#2804 = CARTESIAN_POINT('',(-34.,1.406958775207,-6.061165436179));
#2805 = CARTESIAN_POINT('',(-34.,1.547726340648,-6.226455082036));
#2806 = CARTESIAN_POINT('',(-34.,1.704494134829,-6.385990199077));
#2807 = CARTESIAN_POINT('',(-34.,1.817526643246,-6.486694628871));
#2808 = CARTESIAN_POINT('',(-34.,1.876263915212,-6.536025835359));
#2809 = VECTOR('',#2810,1.);
#2810 = DIRECTION('',(-1.,-0.,-0.));
#2811 = DEFINITIONAL_REPRESENTATION('',(#2812),#2816);
#2812 = LINE('',#2813,#2814);
#2813 = CARTESIAN_POINT('',(0.,0.));
#2814 = VECTOR('',#2815,1.);
#2815 = DIRECTION('',(1.,0.));
#2816 = ( GEOMETRIC_REPRESENTATION_CONTEXT(2) 
PARAMETRIC_REPRESENTATION_CONTEXT() REPRESENTATION_CONTEXT('2D SPACE',''
  ) );
#2817 = ORIENTED_EDGE('',*,*,#2818,.T.);
#2818 = EDGE_CURVE('',#2771,#2819,#2821,.T.);
#2819 = VERTEX_POINT('',#2820);
#2820 = CARTESIAN_POINT('',(-34.,2.323850201288,-6.390596235249));
#2821 = SURFACE_CURVE('',#2822,(#2826,#2833),.PCURVE_S1.);
#2822 = LINE('',#2823,#2824);
#2823 = CARTESIAN_POINT('',(-34.,1.876263915212,-6.536025835359));
#2824 = VECTOR('',#2825,1.);
#2825 = DIRECTION('',(0.,0.951056516295,0.309016994375));
#2826 = PCURVE('',#134,#2827);
#2827 = DEFINITIONAL_REPRESENTATION('',(#2828),#2832);
#2828 = LINE('',#2829,#2830);
#2829 = CARTESIAN_POINT('',(-6.536025835359,-1.876263915212));
#2830 = VECTOR('',#2831,1.);
#2831 = DIRECTION('',(0.309016994375,-0.951056516295));
#2832 = ( GEOMETRIC_REPRESENTATION_CONTEXT(2) 
PARAMETRIC_REPRESENTATION_CONTEXT() REPRESENTATION_CONTEXT('2D SPACE',''
  ) );
#2833 = PCURVE('',#2834,#2839);
#2834 = PLANE('',#2835);
#2835 = AXIS2_PLACEMENT_3D('',#2836,#2837,#2838);
#2836 = CARTESIAN_POINT('',(-34.,1.876263915212,-6.536025835359));
#2837 = DIRECTION('',(0.,-0.309016994375,0.951056516295));
#2838 = DIRECTION('',(0.,0.951056516295,0.309016994375));
#2839 = DEFINITIONAL_REPRESENTATION('',(#2840),#2844);
#2840 = LINE('',#2841,#2842);
#2841 = CARTESIAN_POINT('',(0.,0.));
#2842 = VECTOR('',#2843,1.);
#2843 = DIRECTION('',(1.,0.));
#2844 = ( GEOMETRIC_REPRESENTATION_CONTEXT(2) 
PARAMETRIC_REPRESENTATION_CONTEXT() REPRESENTATION_CONTEXT('2D SPACE',''
  ) );
#2845 = ORIENTED_EDGE('',*,*,#2846,.T.);
#2846 = EDGE_CURVE('',#2819,#2847,#2849,.T.);
#2847 = VERTEX_POINT('',#2848);
#2848 = CARTESIAN_POINT('',(-34.,2.349272417061,-5.125399407517));
#2849 = SURFACE_CURVE('',#2850,(#2860,#2873),.PCURVE_S1.);
#2850 = B_SPLINE_CURVE_WITH_KNOTS('',3,(#2851,#2852,#2853,#2854,#2855,
    #2856,#2857,#2858,#2859),.UNSPECIFIED.,.F.,.F.,(4,1,1,1,1,1,4),(0.,
    0.230179915631,0.453703965803,0.670568906579,0.880767529413,
    1.084277536388,1.28086153844),.UNSPECIFIED.);
#2851 = CARTESIAN_POINT('',(-34.,2.323850201288,-6.390596235249));
#2852 = CARTESIAN_POINT('',(-34.,2.34237349686,-6.316161548626));
#2853 = CARTESIAN_POINT('',(-34.,2.374626138413,-6.168251112037));
#2854 = CARTESIAN_POINT('',(-34.,2.407681559056,-5.947038693697));
#2855 = CARTESIAN_POINT('',(-34.,2.424410095564,-5.730575462237));
#2856 = CARTESIAN_POINT('',(-34.,2.42329614221,-5.520231633316));
#2857 = CARTESIAN_POINT('',(-34.,2.403921302489,-5.317048816599));
#2858 = CARTESIAN_POINT('',(-34.,2.371434794898,-5.187540366369));
#2859 = CARTESIAN_POINT('',(-34.,2.349272417061,-5.125399407517));
#2860 = PCURVE('',#134,#2861);
#2861 = DEFINITIONAL_REPRESENTATION('',(#2862),#2872);
#2862 = B_SPLINE_CURVE_WITH_KNOTS('',3,(#2863,#2864,#2865,#2866,#2867,
    #2868,#2869,#2870,#2871),.UNSPECIFIED.,.F.,.F.,(4,1,1,1,1,1,4),(0.,
    0.230179915631,0.453703965803,0.670568906579,0.880767529413,
    1.084277536388,1.28086153844),.UNSPECIFIED.);
#2863 = CARTESIAN_POINT('',(-6.390596235249,-2.323850201288));
#2864 = CARTESIAN_POINT('',(-6.316161548626,-2.34237349686));
#2865 = CARTESIAN_POINT('',(-6.168251112037,-2.374626138413));
#2866 = CARTESIAN_POINT('',(-5.947038693697,-2.407681559056));
#2867 = CARTESIAN_POINT('',(-5.730575462237,-2.424410095564));
#2868 = CARTESIAN_POINT('',(-5.520231633316,-2.42329614221));
#2869 = CARTESIAN_POINT('',(-5.317048816599,-2.403921302489));
#2870 = CARTESIAN_POINT('',(-5.187540366369,-2.371434794898));
#2871 = CARTESIAN_POINT('',(-5.125399407517,-2.349272417061));
#2872 = ( GEOMETRIC_REPRESENTATION_CONTEXT(2) 
PARAMETRIC_REPRESENTATION_CONTEXT() REPRESENTATION_CONTEXT('2D SPACE',''
  ) );
#2873 = PCURVE('',#2874,#2887);
#2874 = SURFACE_OF_LINEAR_EXTRUSION('',#2875,#2885);
#2875 = B_SPLINE_CURVE_WITH_KNOTS('',3,(#2876,#2877,#2878,#2879,#2880,
    #2881,#2882,#2883,#2884),.UNSPECIFIED.,.F.,.F.,(4,1,1,1,1,1,4),(0.,
    0.230179915631,0.453703965803,0.670568906579,0.880767529413,
    1.084277536388,1.28086153844),.UNSPECIFIED.);
#2876 = CARTESIAN_POINT('',(-34.,2.323850201288,-6.390596235249));
#2877 = CARTESIAN_POINT('',(-34.,2.34237349686,-6.316161548626));
#2878 = CARTESIAN_POINT('',(-34.,2.374626138413,-6.168251112037));
#2879 = CARTESIAN_POINT('',(-34.,2.407681559056,-5.947038693697));
#2880 = CARTESIAN_POINT('',(-34.,2.424410095564,-5.730575462237));
#2881 = CARTESIAN_POINT('',(-34.,2.42329614221,-5.520231633316));
#2882 = CARTESIAN_POINT('',(-34.,2.403921302489,-5.317048816599));
#2883 = CARTESIAN_POINT('',(-34.,2.371434794898,-5.187540366369));
#2884 = CARTESIAN_POINT('',(-34.,2.349272417061,-5.125399407517));
#2885 = VECTOR('',#2886,1.);
#2886 = DIRECTION('',(-1.,-0.,-0.));
#2887 = DEFINITIONAL_REPRESENTATION('',(#2888),#2892);
#2888 = LINE('',#2889,#2890);
#2889 = CARTESIAN_POINT('',(0.,0.));
#2890 = VECTOR('',#2891,1.);
#2891 = DIRECTION('',(1.,0.));
#2892 = ( GEOMETRIC_REPRESENTATION_CONTEXT(2) 
PARAMETRIC_REPRESENTATION_CONTEXT() REPRESENTATION_CONTEXT('2D SPACE',''
  ) );
#2893 = ORIENTED_EDGE('',*,*,#2894,.T.);
#2894 = EDGE_CURVE('',#2847,#2895,#2897,.T.);
#2895 = VERTEX_POINT('',#2896);
#2896 = CARTESIAN_POINT('',(-34.,2.083369573106,-4.545280103784));
#2897 = SURFACE_CURVE('',#2898,(#2902,#2909),.PCURVE_S1.);
#2898 = LINE('',#2899,#2900);
#2899 = CARTESIAN_POINT('',(-34.,2.349272417061,-5.125399407517));
#2900 = VECTOR('',#2901,1.);
#2901 = DIRECTION('',(0.,-0.416673914621,0.909056020757));
#2902 = PCURVE('',#134,#2903);
#2903 = DEFINITIONAL_REPRESENTATION('',(#2904),#2908);
#2904 = LINE('',#2905,#2906);
#2905 = CARTESIAN_POINT('',(-5.125399407517,-2.349272417061));
#2906 = VECTOR('',#2907,1.);
#2907 = DIRECTION('',(0.909056020757,0.416673914621));
#2908 = ( GEOMETRIC_REPRESENTATION_CONTEXT(2) 
PARAMETRIC_REPRESENTATION_CONTEXT() REPRESENTATION_CONTEXT('2D SPACE',''
  ) );
#2909 = PCURVE('',#2910,#2915);
#2910 = PLANE('',#2911);
#2911 = AXIS2_PLACEMENT_3D('',#2912,#2913,#2914);
#2912 = CARTESIAN_POINT('',(-34.,2.349272417061,-5.125399407517));
#2913 = DIRECTION('',(0.,-0.909056020757,-0.416673914621));
#2914 = DIRECTION('',(0.,-0.416673914621,0.909056020757));
#2915 = DEFINITIONAL_REPRESENTATION('',(#2916),#2920);
#2916 = LINE('',#2917,#2918);
#2917 = CARTESIAN_POINT('',(0.,0.));
#2918 = VECTOR('',#2919,1.);
#2919 = DIRECTION('',(1.,0.));
#2920 = ( GEOMETRIC_REPRESENTATION_CONTEXT(2) 
PARAMETRIC_REPRESENTATION_CONTEXT() REPRESENTATION_CONTEXT('2D SPACE',''
  ) );
#2921 = ORIENTED_EDGE('',*,*,#2922,.T.);
#2922 = EDGE_CURVE('',#2895,#2923,#2925,.T.);
#2923 = VERTEX_POINT('',#2924);
#2924 = CARTESIAN_POINT('',(-34.,2.89464325064,-4.076891027674));
#2925 = SURFACE_CURVE('',#2926,(#2930,#2937),.PCURVE_S1.);
#2926 = LINE('',#2927,#2928);
#2927 = CARTESIAN_POINT('',(-34.,2.083369573106,-4.545280103784));
#2928 = VECTOR('',#2929,1.);
#2929 = DIRECTION('',(0.,0.866025403784,0.5));
#2930 = PCURVE('',#134,#2931);
#2931 = DEFINITIONAL_REPRESENTATION('',(#2932),#2936);
#2932 = LINE('',#2933,#2934);
#2933 = CARTESIAN_POINT('',(-4.545280103784,-2.083369573106));
#2934 = VECTOR('',#2935,1.);
#2935 = DIRECTION('',(0.5,-0.866025403784));
#2936 = ( GEOMETRIC_REPRESENTATION_CONTEXT(2) 
PARAMETRIC_REPRESENTATION_CONTEXT() REPRESENTATION_CONTEXT('2D SPACE',''
  ) );
#2937 = PCURVE('',#2938,#2943);
#2938 = PLANE('',#2939);
#2939 = AXIS2_PLACEMENT_3D('',#2940,#2941,#2942);
#2940 = CARTESIAN_POINT('',(-34.,2.083369573106,-4.545280103784));
#2941 = DIRECTION('',(0.,-0.5,0.866025403784));
#2942 = DIRECTION('',(0.,0.866025403784,0.5));
#2943 = DEFINITIONAL_REPRESENTATION('',(#2944),#2948);
#2944 = LINE('',#2945,#2946);
#2945 = CARTESIAN_POINT('',(0.,0.));
#2946 = VECTOR('',#2947,1.);
#2947 = DIRECTION('',(1.,0.));
#2948 = ( GEOMETRIC_REPRESENTATION_CONTEXT(2) 
PARAMETRIC_REPRESENTATION_CONTEXT() REPRESENTATION_CONTEXT('2D SPACE',''
  ) );
#2949 = ORIENTED_EDGE('',*,*,#2950,.T.);
#2950 = EDGE_CURVE('',#2923,#2951,#2953,.T.);
#2951 = VERTEX_POINT('',#2952);
#2952 = CARTESIAN_POINT('',(-34.,3.264089882921,-4.597229297344));
#2953 = SURFACE_CURVE('',#2954,(#2958,#2965),.PCURVE_S1.);
#2954 = LINE('',#2955,#2956);
#2955 = CARTESIAN_POINT('',(-34.,2.89464325064,-4.076891027674));
#2956 = VECTOR('',#2957,1.);
#2957 = DIRECTION('',(0.,0.578928650128,-0.815378205535));
#2958 = PCURVE('',#134,#2959);
#2959 = DEFINITIONAL_REPRESENTATION('',(#2960),#2964);
#2960 = LINE('',#2961,#2962);
#2961 = CARTESIAN_POINT('',(-4.076891027674,-2.89464325064));
#2962 = VECTOR('',#2963,1.);
#2963 = DIRECTION('',(-0.815378205535,-0.578928650128));
#2964 = ( GEOMETRIC_REPRESENTATION_CONTEXT(2) 
PARAMETRIC_REPRESENTATION_CONTEXT() REPRESENTATION_CONTEXT('2D SPACE',''
  ) );
#2965 = PCURVE('',#2966,#2971);
#2966 = PLANE('',#2967);
#2967 = AXIS2_PLACEMENT_3D('',#2968,#2969,#2970);
#2968 = CARTESIAN_POINT('',(-34.,2.89464325064,-4.076891027674));
#2969 = DIRECTION('',(-0.,0.815378205535,0.578928650128));
#2970 = DIRECTION('',(0.,0.578928650128,-0.815378205535));
#2971 = DEFINITIONAL_REPRESENTATION('',(#2972),#2976);
#2972 = LINE('',#2973,#2974);
#2973 = CARTESIAN_POINT('',(0.,0.));
#2974 = VECTOR('',#2975,1.);
#2975 = DIRECTION('',(1.,0.));
#2976 = ( GEOMETRIC_REPRESENTATION_CONTEXT(2) 
PARAMETRIC_REPRESENTATION_CONTEXT() REPRESENTATION_CONTEXT('2D SPACE',''
  ) );
#2977 = ORIENTED_EDGE('',*,*,#2978,.T.);
#2978 = EDGE_CURVE('',#2951,#2979,#2981,.T.);
#2979 = VERTEX_POINT('',#2980);
#2980 = CARTESIAN_POINT('',(-34.,4.372493584411,-5.207811426529));
#2981 = SURFACE_CURVE('',#2982,(#2992,#3005),.PCURVE_S1.);
#2982 = B_SPLINE_CURVE_WITH_KNOTS('',3,(#2983,#2984,#2985,#2986,#2987,
    #2988,#2989,#2990,#2991),.UNSPECIFIED.,.F.,.F.,(4,1,1,1,1,1,4),(0.,
    0.196584002052,0.400094009028,0.610292631862,0.827157572637,
    1.05068162281,1.28086153844),.UNSPECIFIED.);
#2983 = CARTESIAN_POINT('',(-34.,3.264089882921,-4.597229297344));
#2984 = CARTESIAN_POINT('',(-34.,3.306824342984,-4.647492958984));
#2985 = CARTESIAN_POINT('',(-34.,3.402738697092,-4.740381324954));
#2986 = CARTESIAN_POINT('',(-34.,3.569012758121,-4.858751836705));
#2987 = CARTESIAN_POINT('',(-34.,3.750618880819,-4.964888463068));
#2988 = CARTESIAN_POINT('',(-34.,3.946445806502,-5.058632741214));
#2989 = CARTESIAN_POINT('',(-34.,4.154549090739,-5.140612116375));
#2990 = CARTESIAN_POINT('',(-34.,4.298769607086,-5.186635727745));
#2991 = CARTESIAN_POINT('',(-34.,4.372493584411,-5.207811426529));
#2992 = PCURVE('',#134,#2993);
#2993 = DEFINITIONAL_REPRESENTATION('',(#2994),#3004);
#2994 = B_SPLINE_CURVE_WITH_KNOTS('',3,(#2995,#2996,#2997,#2998,#2999,
    #3000,#3001,#3002,#3003),.UNSPECIFIED.,.F.,.F.,(4,1,1,1,1,1,4),(0.,
    0.196584002052,0.400094009028,0.610292631862,0.827157572637,
    1.05068162281,1.28086153844),.UNSPECIFIED.);
#2995 = CARTESIAN_POINT('',(-4.597229297344,-3.264089882921));
#2996 = CARTESIAN_POINT('',(-4.647492958984,-3.306824342984));
#2997 = CARTESIAN_POINT('',(-4.740381324954,-3.402738697092));
#2998 = CARTESIAN_POINT('',(-4.858751836705,-3.569012758121));
#2999 = CARTESIAN_POINT('',(-4.964888463068,-3.750618880819));
#3000 = CARTESIAN_POINT('',(-5.058632741214,-3.946445806502));
#3001 = CARTESIAN_POINT('',(-5.140612116375,-4.154549090739));
#3002 = CARTESIAN_POINT('',(-5.186635727745,-4.298769607086));
#3003 = CARTESIAN_POINT('',(-5.207811426529,-4.372493584411));
#3004 = ( GEOMETRIC_REPRESENTATION_CONTEXT(2) 
PARAMETRIC_REPRESENTATION_CONTEXT() REPRESENTATION_CONTEXT('2D SPACE',''
  ) );
#3005 = PCURVE('',#3006,#3019);
#3006 = SURFACE_OF_LINEAR_EXTRUSION('',#3007,#3017);
#3007 = B_SPLINE_CURVE_WITH_KNOTS('',3,(#3008,#3009,#3010,#3011,#3012,
    #3013,#3014,#3015,#3016),.UNSPECIFIED.,.F.,.F.,(4,1,1,1,1,1,4),(0.,
    0.196584002052,0.400094009028,0.610292631862,0.827157572637,
    1.05068162281,1.28086153844),.UNSPECIFIED.);
#3008 = CARTESIAN_POINT('',(-34.,3.264089882921,-4.597229297344));
#3009 = CARTESIAN_POINT('',(-34.,3.306824342984,-4.647492958984));
#3010 = CARTESIAN_POINT('',(-34.,3.402738697092,-4.740381324954));
#3011 = CARTESIAN_POINT('',(-34.,3.569012758121,-4.858751836705));
#3012 = CARTESIAN_POINT('',(-34.,3.750618880819,-4.964888463068));
#3013 = CARTESIAN_POINT('',(-34.,3.946445806502,-5.058632741214));
#3014 = CARTESIAN_POINT('',(-34.,4.154549090739,-5.140612116375));
#3015 = CARTESIAN_POINT('',(-34.,4.298769607086,-5.186635727745));
#3016 = CARTESIAN_POINT('',(-34.,4.372493584411,-5.207811426529));
#3017 = VECTOR('',#3018,1.);
#3018 = DIRECTION('',(-1.,-0.,-0.));
#3019 = DEFINITIONAL_REPRESENTATION('',(#3020),#3024);
#3020 = LINE('',#3021,#3022);
#3021 = CARTESIAN_POINT('',(0.,0.));
#3022 = VECTOR('',#3023,1.);
#3023 = DIRECTION('',(1.,0.));
#3024 = ( GEOMETRIC_REPRESENTATION_CONTEXT(2) 
PARAMETRIC_REPRESENTATION_CONTEXT() REPRESENTATION_CONTEXT('2D SPACE',''
  ) );
#3025 = ORIENTED_EDGE('',*,*,#3026,.T.);
#3026 = EDGE_CURVE('',#2979,#3027,#3029,.T.);
#3027 = VERTEX_POINT('',#3028);
#3028 = CARTESIAN_POINT('',(-34.,4.722232455606,-4.892905132457));
#3029 = SURFACE_CURVE('',#3030,(#3034,#3041),.PCURVE_S1.);
#3030 = LINE('',#3031,#3032);
#3031 = CARTESIAN_POINT('',(-34.,4.372493584411,-5.207811426529));
#3032 = VECTOR('',#3033,1.);
#3033 = DIRECTION('',(0.,0.743144825477,0.669130606359));
#3034 = PCURVE('',#134,#3035);
#3035 = DEFINITIONAL_REPRESENTATION('',(#3036),#3040);
#3036 = LINE('',#3037,#3038);
#3037 = CARTESIAN_POINT('',(-5.207811426529,-4.372493584411));
#3038 = VECTOR('',#3039,1.);
#3039 = DIRECTION('',(0.669130606359,-0.743144825477));
#3040 = ( GEOMETRIC_REPRESENTATION_CONTEXT(2) 
PARAMETRIC_REPRESENTATION_CONTEXT() REPRESENTATION_CONTEXT('2D SPACE',''
  ) );
#3041 = PCURVE('',#3042,#3047);
#3042 = PLANE('',#3043);
#3043 = AXIS2_PLACEMENT_3D('',#3044,#3045,#3046);
#3044 = CARTESIAN_POINT('',(-34.,4.372493584411,-5.207811426529));
#3045 = DIRECTION('',(0.,-0.669130606359,0.743144825477));
#3046 = DIRECTION('',(0.,0.743144825477,0.669130606359));
#3047 = DEFINITIONAL_REPRESENTATION('',(#3048),#3052);
#3048 = LINE('',#3049,#3050);
#3049 = CARTESIAN_POINT('',(0.,0.));
#3050 = VECTOR('',#3051,1.);
#3051 = DIRECTION('',(1.,0.));
#3052 = ( GEOMETRIC_REPRESENTATION_CONTEXT(2) 
PARAMETRIC_REPRESENTATION_CONTEXT() REPRESENTATION_CONTEXT('2D SPACE',''
  ) );
#3053 = ORIENTED_EDGE('',*,*,#3054,.T.);
#3054 = EDGE_CURVE('',#3027,#3055,#3057,.T.);
#3055 = VERTEX_POINT('',#3056);
#3056 = CARTESIAN_POINT('',(-34.,4.230854894808,-3.726750170755));
#3057 = SURFACE_CURVE('',#3058,(#3068,#3081),.PCURVE_S1.);
#3058 = B_SPLINE_CURVE_WITH_KNOTS('',3,(#3059,#3060,#3061,#3062,#3063,
    #3064,#3065,#3066,#3067),.UNSPECIFIED.,.F.,.F.,(4,1,1,1,1,1,4),(0.,
    0.230179915631,0.453703965803,0.670568906579,0.880767529413,
    1.084277536388,1.28086153844),.UNSPECIFIED.);
#3059 = CARTESIAN_POINT('',(-34.,4.722232455606,-4.892905132457));
#3060 = CARTESIAN_POINT('',(-34.,4.708879013571,-4.817371559541));
#3061 = CARTESIAN_POINT('',(-34.,4.678182673305,-4.669130320902));
#3062 = CARTESIAN_POINT('',(-34.,4.618405106242,-4.453597870126));
#3063 = CARTESIAN_POINT('',(-34.,4.545643856668,-4.249044759496));
#3064 = CARTESIAN_POINT('',(-34.,4.459071666774,-4.057339195689));
#3065 = CARTESIAN_POINT('',(-34.,4.358729973153,-3.879602913675));
#3066 = CARTESIAN_POINT('',(-34.,4.276376239411,-3.774504510284));
#3067 = CARTESIAN_POINT('',(-34.,4.230854894808,-3.726750170755));
#3068 = PCURVE('',#134,#3069);
#3069 = DEFINITIONAL_REPRESENTATION('',(#3070),#3080);
#3070 = B_SPLINE_CURVE_WITH_KNOTS('',3,(#3071,#3072,#3073,#3074,#3075,
    #3076,#3077,#3078,#3079),.UNSPECIFIED.,.F.,.F.,(4,1,1,1,1,1,4),(0.,
    0.230179915631,0.453703965803,0.670568906579,0.880767529413,
    1.084277536388,1.28086153844),.UNSPECIFIED.);
#3071 = CARTESIAN_POINT('',(-4.892905132457,-4.722232455606));
#3072 = CARTESIAN_POINT('',(-4.817371559541,-4.708879013571));
#3073 = CARTESIAN_POINT('',(-4.669130320902,-4.678182673305));
#3074 = CARTESIAN_POINT('',(-4.453597870126,-4.618405106242));
#3075 = CARTESIAN_POINT('',(-4.249044759496,-4.545643856668));
#3076 = CARTESIAN_POINT('',(-4.057339195689,-4.459071666774));
#3077 = CARTESIAN_POINT('',(-3.879602913675,-4.358729973153));
#3078 = CARTESIAN_POINT('',(-3.774504510284,-4.276376239411));
#3079 = CARTESIAN_POINT('',(-3.726750170755,-4.230854894808));
#3080 = ( GEOMETRIC_REPRESENTATION_CONTEXT(2) 
PARAMETRIC_REPRESENTATION_CONTEXT() REPRESENTATION_CONTEXT('2D SPACE',''
  ) );
#3081 = PCURVE('',#3082,#3095);
#3082 = SURFACE_OF_LINEAR_EXTRUSION('',#3083,#3093);
#3083 = B_SPLINE_CURVE_WITH_KNOTS('',3,(#3084,#3085,#3086,#3087,#3088,
    #3089,#3090,#3091,#3092),.UNSPECIFIED.,.F.,.F.,(4,1,1,1,1,1,4),(0.,
    0.230179915631,0.453703965803,0.670568906579,0.880767529413,
    1.084277536388,1.28086153844),.UNSPECIFIED.);
#3084 = CARTESIAN_POINT('',(-34.,4.722232455606,-4.892905132457));
#3085 = CARTESIAN_POINT('',(-34.,4.708879013571,-4.817371559541));
#3086 = CARTESIAN_POINT('',(-34.,4.678182673305,-4.669130320902));
#3087 = CARTESIAN_POINT('',(-34.,4.618405106242,-4.453597870126));
#3088 = CARTESIAN_POINT('',(-34.,4.545643856668,-4.249044759496));
#3089 = CARTESIAN_POINT('',(-34.,4.459071666774,-4.057339195689));
#3090 = CARTESIAN_POINT('',(-34.,4.358729973153,-3.879602913675));
#3091 = CARTESIAN_POINT('',(-34.,4.276376239411,-3.774504510284));
#3092 = CARTESIAN_POINT('',(-34.,4.230854894808,-3.726750170755));
#3093 = VECTOR('',#3094,1.);
#3094 = DIRECTION('',(-1.,-0.,-0.));
#3095 = DEFINITIONAL_REPRESENTATION('',(#3096),#3100);
#3096 = LINE('',#3097,#3098);
#3097 = CARTESIAN_POINT('',(0.,0.));
#3098 = VECTOR('',#3099,1.);
#3099 = DIRECTION('',(1.,0.));
#3100 = ( GEOMETRIC_REPRESENTATION_CONTEXT(2) 
PARAMETRIC_REPRESENTATION_CONTEXT() REPRESENTATION_CONTEXT('2D SPACE',''
  ) );
#3101 = ORIENTED_EDGE('',*,*,#3102,.T.);
#3102 = EDGE_CURVE('',#3055,#3103,#3105,.T.);
#3103 = VERTEX_POINT('',#3104);
#3104 = CARTESIAN_POINT('',(-34.,3.751984781354,-3.304937246074));
#3105 = SURFACE_CURVE('',#3106,(#3110,#3117),.PCURVE_S1.);
#3106 = LINE('',#3107,#3108);
#3107 = CARTESIAN_POINT('',(-34.,4.230854894808,-3.726750170755));
#3108 = VECTOR('',#3109,1.);
#3109 = DIRECTION('',(0.,-0.750396956271,0.660987449215));
#3110 = PCURVE('',#134,#3111);
#3111 = DEFINITIONAL_REPRESENTATION('',(#3112),#3116);
#3112 = LINE('',#3113,#3114);
#3113 = CARTESIAN_POINT('',(-3.726750170755,-4.230854894808));
#3114 = VECTOR('',#3115,1.);
#3115 = DIRECTION('',(0.660987449215,0.750396956271));
#3116 = ( GEOMETRIC_REPRESENTATION_CONTEXT(2) 
PARAMETRIC_REPRESENTATION_CONTEXT() REPRESENTATION_CONTEXT('2D SPACE',''
  ) );
#3117 = PCURVE('',#3118,#3123);
#3118 = PLANE('',#3119);
#3119 = AXIS2_PLACEMENT_3D('',#3120,#3121,#3122);
#3120 = CARTESIAN_POINT('',(-34.,4.230854894808,-3.726750170755));
#3121 = DIRECTION('',(0.,-0.660987449215,-0.750396956271));
#3122 = DIRECTION('',(0.,-0.750396956271,0.660987449215));
#3123 = DEFINITIONAL_REPRESENTATION('',(#3124),#3128);
#3124 = LINE('',#3125,#3126);
#3125 = CARTESIAN_POINT('',(0.,0.));
#3126 = VECTOR('',#3127,1.);
#3127 = DIRECTION('',(1.,0.));
#3128 = ( GEOMETRIC_REPRESENTATION_CONTEXT(2) 
PARAMETRIC_REPRESENTATION_CONTEXT() REPRESENTATION_CONTEXT('2D SPACE',''
  ) );
#3129 = ORIENTED_EDGE('',*,*,#3130,.T.);
#3130 = EDGE_CURVE('',#3103,#3131,#3133,.T.);
#3131 = VERTEX_POINT('',#3132);
#3132 = CARTESIAN_POINT('',(-34.,4.3026091639,-2.547067800968));
#3133 = SURFACE_CURVE('',#3134,(#3138,#3145),.PCURVE_S1.);
#3134 = LINE('',#3135,#3136);
#3135 = CARTESIAN_POINT('',(-34.,3.751984781354,-3.304937246074));
#3136 = VECTOR('',#3137,1.);
#3137 = DIRECTION('',(0.,0.587785252292,0.809016994375));
#3138 = PCURVE('',#134,#3139);
#3139 = DEFINITIONAL_REPRESENTATION('',(#3140),#3144);
#3140 = LINE('',#3141,#3142);
#3141 = CARTESIAN_POINT('',(-3.304937246074,-3.751984781354));
#3142 = VECTOR('',#3143,1.);
#3143 = DIRECTION('',(0.809016994375,-0.587785252292));
#3144 = ( GEOMETRIC_REPRESENTATION_CONTEXT(2) 
PARAMETRIC_REPRESENTATION_CONTEXT() REPRESENTATION_CONTEXT('2D SPACE',''
  ) );
#3145 = PCURVE('',#3146,#3151);
#3146 = PLANE('',#3147);
#3147 = AXIS2_PLACEMENT_3D('',#3148,#3149,#3150);
#3148 = CARTESIAN_POINT('',(-34.,3.751984781354,-3.304937246074));
#3149 = DIRECTION('',(0.,-0.809016994375,0.587785252292));
#3150 = DIRECTION('',(0.,0.587785252292,0.809016994375));
#3151 = DEFINITIONAL_REPRESENTATION('',(#3152),#3156);
#3152 = LINE('',#3153,#3154);
#3153 = CARTESIAN_POINT('',(0.,0.));
#3154 = VECTOR('',#3155,1.);
#3155 = DIRECTION('',(1.,0.));
#3156 = ( GEOMETRIC_REPRESENTATION_CONTEXT(2) 
PARAMETRIC_REPRESENTATION_CONTEXT() REPRESENTATION_CONTEXT('2D SPACE',''
  ) );
#3157 = ORIENTED_EDGE('',*,*,#3158,.T.);
#3158 = EDGE_CURVE('',#3131,#3159,#3161,.T.);
#3159 = VERTEX_POINT('',#3160);
#3160 = CARTESIAN_POINT('',(-34.,4.851756097731,-2.872152980653));
#3161 = SURFACE_CURVE('',#3162,(#3166,#3173),.PCURVE_S1.);
#3162 = LINE('',#3163,#3164);
#3163 = CARTESIAN_POINT('',(-34.,4.3026091639,-2.547067800968));
#3164 = VECTOR('',#3165,1.);
#3165 = DIRECTION('',(0.,0.86052183278,-0.509413560194));
#3166 = PCURVE('',#134,#3167);
#3167 = DEFINITIONAL_REPRESENTATION('',(#3168),#3172);
#3168 = LINE('',#3169,#3170);
#3169 = CARTESIAN_POINT('',(-2.547067800968,-4.3026091639));
#3170 = VECTOR('',#3171,1.);
#3171 = DIRECTION('',(-0.509413560194,-0.86052183278));
#3172 = ( GEOMETRIC_REPRESENTATION_CONTEXT(2) 
PARAMETRIC_REPRESENTATION_CONTEXT() REPRESENTATION_CONTEXT('2D SPACE',''
  ) );
#3173 = PCURVE('',#3174,#3179);
#3174 = PLANE('',#3175);
#3175 = AXIS2_PLACEMENT_3D('',#3176,#3177,#3178);
#3176 = CARTESIAN_POINT('',(-34.,4.3026091639,-2.547067800968));
#3177 = DIRECTION('',(-0.,0.509413560194,0.86052183278));
#3178 = DIRECTION('',(0.,0.86052183278,-0.509413560194));
#3179 = DEFINITIONAL_REPRESENTATION('',(#3180),#3184);
#3180 = LINE('',#3181,#3182);
#3181 = CARTESIAN_POINT('',(0.,0.));
#3182 = VECTOR('',#3183,1.);
#3183 = DIRECTION('',(1.,0.));
#3184 = ( GEOMETRIC_REPRESENTATION_CONTEXT(2) 
PARAMETRIC_REPRESENTATION_CONTEXT() REPRESENTATION_CONTEXT('2D SPACE',''
  ) );
#3185 = ORIENTED_EDGE('',*,*,#3186,.T.);
#3186 = EDGE_CURVE('',#3159,#3187,#3189,.T.);
#3187 = VERTEX_POINT('',#3188);
#3188 = CARTESIAN_POINT('',(-34.,6.112679390008,-2.979119110571));
#3189 = SURFACE_CURVE('',#3190,(#3200,#3213),.PCURVE_S1.);
#3190 = B_SPLINE_CURVE_WITH_KNOTS('',3,(#3191,#3192,#3193,#3194,#3195,
    #3196,#3197,#3198,#3199),.UNSPECIFIED.,.F.,.F.,(4,1,1,1,1,1,4),(0.,
    0.196584002052,0.400094009028,0.610292631862,0.827157572637,
    1.05068162281,1.28086153844),.UNSPECIFIED.);
#3191 = CARTESIAN_POINT('',(-34.,4.851756097731,-2.872152980653));
#3192 = CARTESIAN_POINT('',(-34.,4.91124004261,-2.900689449599));
#3193 = CARTESIAN_POINT('',(-34.,5.036643267284,-2.946535311986));
#3194 = CARTESIAN_POINT('',(-34.,5.236687805049,-2.987042401901));
#3195 = CARTESIAN_POINT('',(-34.,5.445762908635,-3.010137170097));
#3196 = CARTESIAN_POINT('',(-34.,5.662788940078,-3.016126843201));
#3197 = CARTESIAN_POINT('',(-34.,5.886244765967,-3.006375497756));
#3198 = CARTESIAN_POINT('',(-34.,6.036716252766,-2.989760390186));
#3199 = CARTESIAN_POINT('',(-34.,6.112679390008,-2.979119110571));
#3200 = PCURVE('',#134,#3201);
#3201 = DEFINITIONAL_REPRESENTATION('',(#3202),#3212);
#3202 = B_SPLINE_CURVE_WITH_KNOTS('',3,(#3203,#3204,#3205,#3206,#3207,
    #3208,#3209,#3210,#3211),.UNSPECIFIED.,.F.,.F.,(4,1,1,1,1,1,4),(0.,
    0.196584002052,0.400094009028,0.610292631862,0.827157572637,
    1.05068162281,1.28086153844),.UNSPECIFIED.);
#3203 = CARTESIAN_POINT('',(-2.872152980653,-4.851756097731));
#3204 = CARTESIAN_POINT('',(-2.900689449599,-4.91124004261));
#3205 = CARTESIAN_POINT('',(-2.946535311986,-5.036643267284));
#3206 = CARTESIAN_POINT('',(-2.987042401901,-5.236687805049));
#3207 = CARTESIAN_POINT('',(-3.010137170097,-5.445762908635));
#3208 = CARTESIAN_POINT('',(-3.016126843201,-5.662788940078));
#3209 = CARTESIAN_POINT('',(-3.006375497756,-5.886244765967));
#3210 = CARTESIAN_POINT('',(-2.989760390186,-6.036716252766));
#3211 = CARTESIAN_POINT('',(-2.979119110571,-6.112679390008));
#3212 = ( GEOMETRIC_REPRESENTATION_CONTEXT(2) 
PARAMETRIC_REPRESENTATION_CONTEXT() REPRESENTATION_CONTEXT('2D SPACE',''
  ) );
#3213 = PCURVE('',#3214,#3227);
#3214 = SURFACE_OF_LINEAR_EXTRUSION('',#3215,#3225);
#3215 = B_SPLINE_CURVE_WITH_KNOTS('',3,(#3216,#3217,#3218,#3219,#3220,
    #3221,#3222,#3223,#3224),.UNSPECIFIED.,.F.,.F.,(4,1,1,1,1,1,4),(0.,
    0.196584002052,0.400094009028,0.610292631862,0.827157572637,
    1.05068162281,1.28086153844),.UNSPECIFIED.);
#3216 = CARTESIAN_POINT('',(-34.,4.851756097731,-2.872152980653));
#3217 = CARTESIAN_POINT('',(-34.,4.91124004261,-2.900689449599));
#3218 = CARTESIAN_POINT('',(-34.,5.036643267284,-2.946535311986));
#3219 = CARTESIAN_POINT('',(-34.,5.236687805049,-2.987042401901));
#3220 = CARTESIAN_POINT('',(-34.,5.445762908635,-3.010137170097));
#3221 = CARTESIAN_POINT('',(-34.,5.662788940078,-3.016126843201));
#3222 = CARTESIAN_POINT('',(-34.,5.886244765967,-3.006375497756));
#3223 = CARTESIAN_POINT('',(-34.,6.036716252766,-2.989760390186));
#3224 = CARTESIAN_POINT('',(-34.,6.112679390008,-2.979119110571));
#3225 = VECTOR('',#3226,1.);
#3226 = DIRECTION('',(-1.,-0.,-0.));
#3227 = DEFINITIONAL_REPRESENTATION('',(#3228),#3232);
#3228 = LINE('',#3229,#3230);
#3229 = CARTESIAN_POINT('',(0.,0.));
#3230 = VECTOR('',#3231,1.);
#3231 = DIRECTION('',(1.,0.));
#3232 = ( GEOMETRIC_REPRESENTATION_CONTEXT(2) 
PARAMETRIC_REPRESENTATION_CONTEXT() REPRESENTATION_CONTEXT('2D SPACE',''
  ) );
#3233 = ORIENTED_EDGE('',*,*,#3234,.T.);
#3234 = EDGE_CURVE('',#3187,#3235,#3237,.T.);
#3235 = VERTEX_POINT('',#3236);
#3236 = CARTESIAN_POINT('',(-34.,6.304097818215,-2.549186281615));
#3237 = SURFACE_CURVE('',#3238,(#3242,#3249),.PCURVE_S1.);
#3238 = LINE('',#3239,#3240);
#3239 = CARTESIAN_POINT('',(-34.,6.112679390008,-2.979119110571));
#3240 = VECTOR('',#3241,1.);
#3241 = DIRECTION('',(0.,0.406736643076,0.913545457643));
#3242 = PCURVE('',#134,#3243);
#3243 = DEFINITIONAL_REPRESENTATION('',(#3244),#3248);
#3244 = LINE('',#3245,#3246);
#3245 = CARTESIAN_POINT('',(-2.979119110571,-6.112679390008));
#3246 = VECTOR('',#3247,1.);
#3247 = DIRECTION('',(0.913545457643,-0.406736643076));
#3248 = ( GEOMETRIC_REPRESENTATION_CONTEXT(2) 
PARAMETRIC_REPRESENTATION_CONTEXT() REPRESENTATION_CONTEXT('2D SPACE',''
  ) );
#3249 = PCURVE('',#3250,#3255);
#3250 = PLANE('',#3251);
#3251 = AXIS2_PLACEMENT_3D('',#3252,#3253,#3254);
#3252 = CARTESIAN_POINT('',(-34.,6.112679390008,-2.979119110571));
#3253 = DIRECTION('',(0.,-0.913545457643,0.406736643076));
#3254 = DIRECTION('',(0.,0.406736643076,0.913545457643));
#3255 = DEFINITIONAL_REPRESENTATION('',(#3256),#3260);
#3256 = LINE('',#3257,#3258);
#3257 = CARTESIAN_POINT('',(0.,0.));
#3258 = VECTOR('',#3259,1.);
#3259 = DIRECTION('',(1.,0.));
#3260 = ( GEOMETRIC_REPRESENTATION_CONTEXT(2) 
PARAMETRIC_REPRESENTATION_CONTEXT() REPRESENTATION_CONTEXT('2D SPACE',''
  ) );
#3261 = ORIENTED_EDGE('',*,*,#3262,.T.);
#3262 = EDGE_CURVE('',#3235,#3263,#3265,.T.);
#3263 = VERTEX_POINT('',#3264);
#3264 = CARTESIAN_POINT('',(-34.,5.380884125132,-1.683711973007));
#3265 = SURFACE_CURVE('',#3266,(#3276,#3289),.PCURVE_S1.);
#3266 = B_SPLINE_CURVE_WITH_KNOTS('',3,(#3267,#3268,#3269,#3270,#3271,
    #3272,#3273,#3274,#3275),.UNSPECIFIED.,.F.,.F.,(4,1,1,1,1,1,4),(0.,
    0.230179915631,0.453703965803,0.670568906579,0.880767529413,
    1.084277536388,1.28086153844),.UNSPECIFIED.);
#3267 = CARTESIAN_POINT('',(-34.,6.304097818215,-2.549186281615));
#3268 = CARTESIAN_POINT('',(-34.,6.261176570013,-2.485614263366));
#3269 = CARTESIAN_POINT('',(-34.,6.172838924027,-2.362674479566));
#3270 = CARTESIAN_POINT('',(-34.,6.030564453665,-2.190089515143));
#3271 = CARTESIAN_POINT('',(-34.,5.880894499076,-2.032815616479));
#3272 = CARTESIAN_POINT('',(-34.,5.723833190759,-1.892895951359));
#3273 = CARTESIAN_POINT('',(-34.,5.55987463364,-1.771338421891));
#3274 = CARTESIAN_POINT('',(-34.,5.441893382472,-1.708822534074));
#3275 = CARTESIAN_POINT('',(-34.,5.380884125132,-1.683711973007));
#3276 = PCURVE('',#134,#3277);
#3277 = DEFINITIONAL_REPRESENTATION('',(#3278),#3288);
#3278 = B_SPLINE_CURVE_WITH_KNOTS('',3,(#3279,#3280,#3281,#3282,#3283,
    #3284,#3285,#3286,#3287),.UNSPECIFIED.,.F.,.F.,(4,1,1,1,1,1,4),(0.,
    0.230179915631,0.453703965803,0.670568906579,0.880767529413,
    1.084277536388,1.28086153844),.UNSPECIFIED.);
#3279 = CARTESIAN_POINT('',(-2.549186281615,-6.304097818215));
#3280 = CARTESIAN_POINT('',(-2.485614263366,-6.261176570013));
#3281 = CARTESIAN_POINT('',(-2.362674479566,-6.172838924027));
#3282 = CARTESIAN_POINT('',(-2.190089515143,-6.030564453665));
#3283 = CARTESIAN_POINT('',(-2.032815616479,-5.880894499076));
#3284 = CARTESIAN_POINT('',(-1.892895951359,-5.723833190759));
#3285 = CARTESIAN_POINT('',(-1.771338421891,-5.55987463364));
#3286 = CARTESIAN_POINT('',(-1.708822534074,-5.441893382472));
#3287 = CARTESIAN_POINT('',(-1.683711973007,-5.380884125132));
#3288 = ( GEOMETRIC_REPRESENTATION_CONTEXT(2) 
PARAMETRIC_REPRESENTATION_CONTEXT() REPRESENTATION_CONTEXT('2D SPACE',''
  ) );
#3289 = PCURVE('',#3290,#3303);
#3290 = SURFACE_OF_LINEAR_EXTRUSION('',#3291,#3301);
#3291 = B_SPLINE_CURVE_WITH_KNOTS('',3,(#3292,#3293,#3294,#3295,#3296,
    #3297,#3298,#3299,#3300),.UNSPECIFIED.,.F.,.F.,(4,1,1,1,1,1,4),(0.,
    0.230179915631,0.453703965803,0.670568906579,0.880767529413,
    1.084277536388,1.28086153844),.UNSPECIFIED.);
#3292 = CARTESIAN_POINT('',(-34.,6.304097818215,-2.549186281615));
#3293 = CARTESIAN_POINT('',(-34.,6.261176570013,-2.485614263366));
#3294 = CARTESIAN_POINT('',(-34.,6.172838924027,-2.362674479566));
#3295 = CARTESIAN_POINT('',(-34.,6.030564453665,-2.190089515143));
#3296 = CARTESIAN_POINT('',(-34.,5.880894499076,-2.032815616479));
#3297 = CARTESIAN_POINT('',(-34.,5.723833190759,-1.892895951359));
#3298 = CARTESIAN_POINT('',(-34.,5.55987463364,-1.771338421891));
#3299 = CARTESIAN_POINT('',(-34.,5.441893382472,-1.708822534074));
#3300 = CARTESIAN_POINT('',(-34.,5.380884125132,-1.683711973007));
#3301 = VECTOR('',#3302,1.);
#3302 = DIRECTION('',(-1.,-0.,-0.));
#3303 = DEFINITIONAL_REPRESENTATION('',(#3304),#3308);
#3304 = LINE('',#3305,#3306);
#3305 = CARTESIAN_POINT('',(0.,0.));
#3306 = VECTOR('',#3307,1.);
#3307 = DIRECTION('',(1.,0.));
#3308 = ( GEOMETRIC_REPRESENTATION_CONTEXT(2) 
PARAMETRIC_REPRESENTATION_CONTEXT() REPRESENTATION_CONTEXT('2D SPACE',''
  ) );
#3309 = ORIENTED_EDGE('',*,*,#3310,.T.);
#3310 = EDGE_CURVE('',#3263,#150,#3311,.T.);
#3311 = SURFACE_CURVE('',#3312,(#3316,#3323),.PCURVE_S1.);
#3312 = LINE('',#3313,#3314);
#3313 = CARTESIAN_POINT('',(-34.,5.380884125132,-1.683711973007));
#3314 = VECTOR('',#3315,1.);
#3315 = DIRECTION('',(0.,-0.954369547039,0.298628142821));
#3316 = PCURVE('',#134,#3317);
#3317 = DEFINITIONAL_REPRESENTATION('',(#3318),#3322);
#3318 = LINE('',#3319,#3320);
#3319 = CARTESIAN_POINT('',(-1.683711973007,-5.380884125132));
#3320 = VECTOR('',#3321,1.);
#3321 = DIRECTION('',(0.298628142821,0.954369547039));
#3322 = ( GEOMETRIC_REPRESENTATION_CONTEXT(2) 
PARAMETRIC_REPRESENTATION_CONTEXT() REPRESENTATION_CONTEXT('2D SPACE',''
  ) );
#3323 = PCURVE('',#167,#3324);
#3324 = DEFINITIONAL_REPRESENTATION('',(#3325),#3329);
#3325 = LINE('',#3326,#3327);
#3326 = CARTESIAN_POINT('',(0.,0.));
#3327 = VECTOR('',#3328,1.);
#3328 = DIRECTION('',(1.,0.));
#3329 = ( GEOMETRIC_REPRESENTATION_CONTEXT(2) 
PARAMETRIC_REPRESENTATION_CONTEXT() REPRESENTATION_CONTEXT('2D SPACE',''
  ) );
#3330 = ORIENTED_EDGE('',*,*,#201,.T.);
#3331 = FACE_BOUND('',#3332,.F.);
#3332 = EDGE_LOOP('',(#3333));
#3333 = ORIENTED_EDGE('',*,*,#3334,.T.);
#3334 = EDGE_CURVE('',#3335,#3335,#3337,.T.);
#3335 = VERTEX_POINT('',#3336);
#3336 = CARTESIAN_POINT('',(-34.,2.5,0.));
#3337 = SURFACE_CURVE('',#3338,(#3343,#3354),.PCURVE_S1.);
#3338 = CIRCLE('',#3339,2.5);
#3339 = AXIS2_PLACEMENT_3D('',#3340,#3341,#3342);
#3340 = CARTESIAN_POINT('',(-34.,0.,0.));
#3341 = DIRECTION('',(-1.,0.,0.));
#3342 = DIRECTION('',(0.,1.,0.));
#3343 = PCURVE('',#134,#3344);
#3344 = DEFINITIONAL_REPRESENTATION('',(#3345),#3353);
#3345 = ( BOUNDED_CURVE() B_SPLINE_CURVE(2,(#3346,#3347,#3348,#3349,
#3350,#3351,#3352),.UNSPECIFIED.,.T.,.F.) B_SPLINE_CURVE_WITH_KNOTS((1,2
    ,2,2,2,1),(-2.094395102393,0.,2.094395102393,4.188790204786,
6.28318530718,8.377580409573),.UNSPECIFIED.) CURVE() 
GEOMETRIC_REPRESENTATION_ITEM() RATIONAL_B_SPLINE_CURVE((1.,0.5,1.,0.5,
1.,0.5,1.)) REPRESENTATION_ITEM('') );
#3346 = CARTESIAN_POINT('',(2.588752959116E-16,-2.5));
#3347 = CARTESIAN_POINT('',(-4.330127018922,-2.5));
#3348 = CARTESIAN_POINT('',(-2.165063509461,1.25));
#3349 = CARTESIAN_POINT('',(-3.53448103662E-16,5.));
#3350 = CARTESIAN_POINT('',(2.165063509461,1.25));
#3351 = CARTESIAN_POINT('',(4.330127018922,-2.5));
#3352 = CARTESIAN_POINT('',(2.588752959116E-16,-2.5));
#3353 = ( GEOMETRIC_REPRESENTATION_CONTEXT(2) 
PARAMETRIC_REPRESENTATION_CONTEXT() REPRESENTATION_CONTEXT('2D SPACE',''
  ) );
#3354 = PCURVE('',#3355,#3360);
#3355 = CYLINDRICAL_SURFACE('',#3356,2.5);
#3356 = AXIS2_PLACEMENT_3D('',#3357,#3358,#3359);
#3357 = CARTESIAN_POINT('',(-36.,0.,0.));
#3358 = DIRECTION('',(-1.,-0.,-0.));
#3359 = DIRECTION('',(0.,1.,0.));
#3360 = DEFINITIONAL_REPRESENTATION('',(#3361),#3365);
#3361 = LINE('',#3362,#3363);
#3362 = CARTESIAN_POINT('',(-6.28318530718,-2.));
#3363 = VECTOR('',#3364,1.);
#3364 = DIRECTION('',(1.,-0.));
#3365 = ( GEOMETRIC_REPRESENTATION_CONTEXT(2) 
PARAMETRIC_REPRESENTATION_CONTEXT() REPRESENTATION_CONTEXT('2D SPACE',''
  ) );
#3366 = ADVANCED_FACE('',(#3367,#5719),#72,.T.);
#3367 = FACE_BOUND('',#3368,.T.);
#3368 = EDGE_LOOP('',(#3369,#3370,#3371,#3394,#3429,#3452,#3475,#3498,
    #3533,#3556,#3591,#3614,#3637,#3660,#3695,#3718,#3753,#3776,#3799,
    #3822,#3857,#3880,#3915,#3938,#3961,#3984,#4019,#4042,#4077,#4100,
    #4123,#4146,#4181,#4204,#4239,#4262,#4285,#4308,#4343,#4366,#4401,
    #4424,#4447,#4470,#4505,#4528,#4563,#4586,#4609,#4632,#4667,#4690,
    #4725,#4748,#4771,#4794,#4829,#4852,#4887,#4910,#4933,#4956,#4991,
    #5014,#5049,#5072,#5095,#5118,#5153,#5176,#5211,#5234,#5257,#5280,
    #5315,#5338,#5373,#5396,#5419,#5442,#5477,#5500,#5535,#5558,#5581,
    #5604,#5639,#5662,#5697,#5718));
#3369 = ORIENTED_EDGE('',*,*,#56,.T.);
#3370 = ORIENTED_EDGE('',*,*,#226,.T.);
#3371 = ORIENTED_EDGE('',*,*,#3372,.T.);
#3372 = EDGE_CURVE('',#227,#3373,#3375,.T.);
#3373 = VERTEX_POINT('',#3374);
#3374 = CARTESIAN_POINT('',(-26.,6.795927397124,0.235310035948));
#3375 = SURFACE_CURVE('',#3376,(#3380,#3387),.PCURVE_S1.);
#3376 = LINE('',#3377,#3378);
#3377 = CARTESIAN_POINT('',(-26.,6.795927397124,-0.235310035948));
#3378 = VECTOR('',#3379,1.);
#3379 = DIRECTION('',(0.,0.,1.));
#3380 = PCURVE('',#72,#3381);
#3381 = DEFINITIONAL_REPRESENTATION('',(#3382),#3386);
#3382 = LINE('',#3383,#3384);
#3383 = CARTESIAN_POINT('',(-0.235310035948,-6.795927397124));
#3384 = VECTOR('',#3385,1.);
#3385 = DIRECTION('',(1.,0.));
#3386 = ( GEOMETRIC_REPRESENTATION_CONTEXT(2) 
PARAMETRIC_REPRESENTATION_CONTEXT() REPRESENTATION_CONTEXT('2D SPACE',''
  ) );
#3387 = PCURVE('',#277,#3388);
#3388 = DEFINITIONAL_REPRESENTATION('',(#3389),#3393);
#3389 = LINE('',#3390,#3391);
#3390 = CARTESIAN_POINT('',(0.,-8.));
#3391 = VECTOR('',#3392,1.);
#3392 = DIRECTION('',(1.,0.));
#3393 = ( GEOMETRIC_REPRESENTATION_CONTEXT(2) 
PARAMETRIC_REPRESENTATION_CONTEXT() REPRESENTATION_CONTEXT('2D SPACE',''
  ) );
#3394 = ORIENTED_EDGE('',*,*,#3395,.T.);
#3395 = EDGE_CURVE('',#3373,#3396,#3398,.T.);
#3396 = VERTEX_POINT('',#3397);
#3397 = CARTESIAN_POINT('',(-26.,5.600509606423,0.650455320917));
#3398 = SURFACE_CURVE('',#3399,(#3409,#3422),.PCURVE_S1.);
#3399 = B_SPLINE_CURVE_WITH_KNOTS('',3,(#3400,#3401,#3402,#3403,#3404,
    #3405,#3406,#3407,#3408),.UNSPECIFIED.,.F.,.F.,(4,1,1,1,1,1,4),(0.,
    0.230179915631,0.453703965803,0.670568906579,0.880767529413,
    1.084277536388,1.28086153844),.UNSPECIFIED.);
#3400 = CARTESIAN_POINT('',(-26.,6.795927397124,0.235310035948));
#3401 = CARTESIAN_POINT('',(-26.,6.730859816497,0.275928320043));
#3402 = CARTESIAN_POINT('',(-26.,6.600155246304,0.352309243511));
#3403 = CARTESIAN_POINT('',(-26.,6.399984421091,0.452105213346));
#3404 = CARTESIAN_POINT('',(-26.,6.199285056345,0.534905814178));
#3405 = CARTESIAN_POINT('',(-26.,5.99889195667,0.598846199381));
#3406 = CARTESIAN_POINT('',(-26.,5.799666460095,0.643206575143));
#3407 = CARTESIAN_POINT('',(-26.,5.666457721654,0.652330382442));
#3408 = CARTESIAN_POINT('',(-26.,5.600509606423,0.650455320917));
#3409 = PCURVE('',#72,#3410);
#3410 = DEFINITIONAL_REPRESENTATION('',(#3411),#3421);
#3411 = B_SPLINE_CURVE_WITH_KNOTS('',3,(#3412,#3413,#3414,#3415,#3416,
    #3417,#3418,#3419,#3420),.UNSPECIFIED.,.F.,.F.,(4,1,1,1,1,1,4),(0.,
    0.230179915631,0.453703965803,0.670568906579,0.880767529413,
    1.084277536388,1.28086153844),.UNSPECIFIED.);
#3412 = CARTESIAN_POINT('',(0.235310035948,-6.795927397124));
#3413 = CARTESIAN_POINT('',(0.275928320043,-6.730859816497));
#3414 = CARTESIAN_POINT('',(0.352309243511,-6.600155246304));
#3415 = CARTESIAN_POINT('',(0.452105213346,-6.399984421091));
#3416 = CARTESIAN_POINT('',(0.534905814178,-6.199285056345));
#3417 = CARTESIAN_POINT('',(0.598846199381,-5.99889195667));
#3418 = CARTESIAN_POINT('',(0.643206575143,-5.799666460095));
#3419 = CARTESIAN_POINT('',(0.652330382442,-5.666457721654));
#3420 = CARTESIAN_POINT('',(0.650455320917,-5.600509606423));
#3421 = ( GEOMETRIC_REPRESENTATION_CONTEXT(2) 
PARAMETRIC_REPRESENTATION_CONTEXT() REPRESENTATION_CONTEXT('2D SPACE',''
  ) );
#3422 = PCURVE('',#378,#3423);
#3423 = DEFINITIONAL_REPRESENTATION('',(#3424),#3428);
#3424 = LINE('',#3425,#3426);
#3425 = CARTESIAN_POINT('',(0.,-8.));
#3426 = VECTOR('',#3427,1.);
#3427 = DIRECTION('',(1.,0.));
#3428 = ( GEOMETRIC_REPRESENTATION_CONTEXT(2) 
PARAMETRIC_REPRESENTATION_CONTEXT() REPRESENTATION_CONTEXT('2D SPACE',''
  ) );
#3429 = ORIENTED_EDGE('',*,*,#3430,.T.);
#3430 = EDGE_CURVE('',#3396,#3431,#3433,.T.);
#3431 = VERTEX_POINT('',#3432);
#3432 = CARTESIAN_POINT('',(-26.,4.966614864744,0.57683341209));
#3433 = SURFACE_CURVE('',#3434,(#3438,#3445),.PCURVE_S1.);
#3434 = LINE('',#3435,#3436);
#3435 = CARTESIAN_POINT('',(-26.,5.600509606423,0.650455320917));
#3436 = VECTOR('',#3437,1.);
#3437 = DIRECTION('',(0.,-0.993322972949,-0.115366682418));
#3438 = PCURVE('',#72,#3439);
#3439 = DEFINITIONAL_REPRESENTATION('',(#3440),#3444);
#3440 = LINE('',#3441,#3442);
#3441 = CARTESIAN_POINT('',(0.650455320917,-5.600509606423));
#3442 = VECTOR('',#3443,1.);
#3443 = DIRECTION('',(-0.115366682418,0.993322972949));
#3444 = ( GEOMETRIC_REPRESENTATION_CONTEXT(2) 
PARAMETRIC_REPRESENTATION_CONTEXT() REPRESENTATION_CONTEXT('2D SPACE',''
  ) );
#3445 = PCURVE('',#414,#3446);
#3446 = DEFINITIONAL_REPRESENTATION('',(#3447),#3451);
#3447 = LINE('',#3448,#3449);
#3448 = CARTESIAN_POINT('',(0.,-8.));
#3449 = VECTOR('',#3450,1.);
#3450 = DIRECTION('',(1.,0.));
#3451 = ( GEOMETRIC_REPRESENTATION_CONTEXT(2) 
PARAMETRIC_REPRESENTATION_CONTEXT() REPRESENTATION_CONTEXT('2D SPACE',''
  ) );
#3452 = ORIENTED_EDGE('',*,*,#3453,.T.);
#3453 = EDGE_CURVE('',#3431,#3454,#3456,.T.);
#3454 = VERTEX_POINT('',#3455);
#3455 = CARTESIAN_POINT('',(-26.,4.771847735195,1.493140714105));
#3456 = SURFACE_CURVE('',#3457,(#3461,#3468),.PCURVE_S1.);
#3457 = LINE('',#3458,#3459);
#3458 = CARTESIAN_POINT('',(-26.,4.966614864744,0.57683341209));
#3459 = VECTOR('',#3460,1.);
#3460 = DIRECTION('',(0.,-0.207911690818,0.978147600734));
#3461 = PCURVE('',#72,#3462);
#3462 = DEFINITIONAL_REPRESENTATION('',(#3463),#3467);
#3463 = LINE('',#3464,#3465);
#3464 = CARTESIAN_POINT('',(0.57683341209,-4.966614864744));
#3465 = VECTOR('',#3466,1.);
#3466 = DIRECTION('',(0.978147600734,0.207911690818));
#3467 = ( GEOMETRIC_REPRESENTATION_CONTEXT(2) 
PARAMETRIC_REPRESENTATION_CONTEXT() REPRESENTATION_CONTEXT('2D SPACE',''
  ) );
#3468 = PCURVE('',#442,#3469);
#3469 = DEFINITIONAL_REPRESENTATION('',(#3470),#3474);
#3470 = LINE('',#3471,#3472);
#3471 = CARTESIAN_POINT('',(0.,-8.));
#3472 = VECTOR('',#3473,1.);
#3473 = DIRECTION('',(1.,0.));
#3474 = ( GEOMETRIC_REPRESENTATION_CONTEXT(2) 
PARAMETRIC_REPRESENTATION_CONTEXT() REPRESENTATION_CONTEXT('2D SPACE',''
  ) );
#3475 = ORIENTED_EDGE('',*,*,#3476,.T.);
#3476 = EDGE_CURVE('',#3454,#3477,#3479,.T.);
#3477 = VERTEX_POINT('',#3478);
#3478 = CARTESIAN_POINT('',(-26.,5.380884125132,1.683711973007));
#3479 = SURFACE_CURVE('',#3480,(#3484,#3491),.PCURVE_S1.);
#3480 = LINE('',#3481,#3482);
#3481 = CARTESIAN_POINT('',(-26.,4.771847735195,1.493140714105));
#3482 = VECTOR('',#3483,1.);
#3483 = DIRECTION('',(0.,0.954369547039,0.298628142821));
#3484 = PCURVE('',#72,#3485);
#3485 = DEFINITIONAL_REPRESENTATION('',(#3486),#3490);
#3486 = LINE('',#3487,#3488);
#3487 = CARTESIAN_POINT('',(1.493140714105,-4.771847735195));
#3488 = VECTOR('',#3489,1.);
#3489 = DIRECTION('',(0.298628142821,-0.954369547039));
#3490 = ( GEOMETRIC_REPRESENTATION_CONTEXT(2) 
PARAMETRIC_REPRESENTATION_CONTEXT() REPRESENTATION_CONTEXT('2D SPACE',''
  ) );
#3491 = PCURVE('',#470,#3492);
#3492 = DEFINITIONAL_REPRESENTATION('',(#3493),#3497);
#3493 = LINE('',#3494,#3495);
#3494 = CARTESIAN_POINT('',(0.,-8.));
#3495 = VECTOR('',#3496,1.);
#3496 = DIRECTION('',(1.,0.));
#3497 = ( GEOMETRIC_REPRESENTATION_CONTEXT(2) 
PARAMETRIC_REPRESENTATION_CONTEXT() REPRESENTATION_CONTEXT('2D SPACE',''
  ) );
#3498 = ORIENTED_EDGE('',*,*,#3499,.T.);
#3499 = EDGE_CURVE('',#3477,#3500,#3502,.T.);
#3500 = VERTEX_POINT('',#3501);
#3501 = CARTESIAN_POINT('',(-26.,6.304097818215,2.549186281615));
#3502 = SURFACE_CURVE('',#3503,(#3513,#3526),.PCURVE_S1.);
#3503 = B_SPLINE_CURVE_WITH_KNOTS('',3,(#3504,#3505,#3506,#3507,#3508,
    #3509,#3510,#3511,#3512),.UNSPECIFIED.,.F.,.F.,(4,1,1,1,1,1,4),(0.,
    0.196584002052,0.400094009028,0.610292631862,0.827157572637,
    1.05068162281,1.28086153844),.UNSPECIFIED.);
#3504 = CARTESIAN_POINT('',(-26.,5.380884125132,1.683711973007));
#3505 = CARTESIAN_POINT('',(-26.,5.441893382472,1.708822534074));
#3506 = CARTESIAN_POINT('',(-26.,5.55987463364,1.771338421891));
#3507 = CARTESIAN_POINT('',(-26.,5.723833190759,1.892895951359));
#3508 = CARTESIAN_POINT('',(-26.,5.880894499076,2.032815616479));
#3509 = CARTESIAN_POINT('',(-26.,6.030564453665,2.190089515143));
#3510 = CARTESIAN_POINT('',(-26.,6.172838924027,2.362674479566));
#3511 = CARTESIAN_POINT('',(-26.,6.261176570013,2.485614263366));
#3512 = CARTESIAN_POINT('',(-26.,6.304097818215,2.549186281615));
#3513 = PCURVE('',#72,#3514);
#3514 = DEFINITIONAL_REPRESENTATION('',(#3515),#3525);
#3515 = B_SPLINE_CURVE_WITH_KNOTS('',3,(#3516,#3517,#3518,#3519,#3520,
    #3521,#3522,#3523,#3524),.UNSPECIFIED.,.F.,.F.,(4,1,1,1,1,1,4),(0.,
    0.196584002052,0.400094009028,0.610292631862,0.827157572637,
    1.05068162281,1.28086153844),.UNSPECIFIED.);
#3516 = CARTESIAN_POINT('',(1.683711973007,-5.380884125132));
#3517 = CARTESIAN_POINT('',(1.708822534074,-5.441893382472));
#3518 = CARTESIAN_POINT('',(1.771338421891,-5.55987463364));
#3519 = CARTESIAN_POINT('',(1.892895951359,-5.723833190759));
#3520 = CARTESIAN_POINT('',(2.032815616479,-5.880894499076));
#3521 = CARTESIAN_POINT('',(2.190089515143,-6.030564453665));
#3522 = CARTESIAN_POINT('',(2.362674479566,-6.172838924027));
#3523 = CARTESIAN_POINT('',(2.485614263366,-6.261176570013));
#3524 = CARTESIAN_POINT('',(2.549186281615,-6.304097818215));
#3525 = ( GEOMETRIC_REPRESENTATION_CONTEXT(2) 
PARAMETRIC_REPRESENTATION_CONTEXT() REPRESENTATION_CONTEXT('2D SPACE',''
  ) );
#3526 = PCURVE('',#510,#3527);
#3527 = DEFINITIONAL_REPRESENTATION('',(#3528),#3532);
#3528 = LINE('',#3529,#3530);
#3529 = CARTESIAN_POINT('',(0.,-8.));
#3530 = VECTOR('',#3531,1.);
#3531 = DIRECTION('',(1.,0.));
#3532 = ( GEOMETRIC_REPRESENTATION_CONTEXT(2) 
PARAMETRIC_REPRESENTATION_CONTEXT() REPRESENTATION_CONTEXT('2D SPACE',''
  ) );
#3533 = ORIENTED_EDGE('',*,*,#3534,.T.);
#3534 = EDGE_CURVE('',#3500,#3535,#3537,.T.);
#3535 = VERTEX_POINT('',#3536);
#3536 = CARTESIAN_POINT('',(-26.,6.112679390008,2.979119110571));
#3537 = SURFACE_CURVE('',#3538,(#3542,#3549),.PCURVE_S1.);
#3538 = LINE('',#3539,#3540);
#3539 = CARTESIAN_POINT('',(-26.,6.304097818215,2.549186281615));
#3540 = VECTOR('',#3541,1.);
#3541 = DIRECTION('',(0.,-0.406736643076,0.913545457643));
#3542 = PCURVE('',#72,#3543);
#3543 = DEFINITIONAL_REPRESENTATION('',(#3544),#3548);
#3544 = LINE('',#3545,#3546);
#3545 = CARTESIAN_POINT('',(2.549186281615,-6.304097818215));
#3546 = VECTOR('',#3547,1.);
#3547 = DIRECTION('',(0.913545457643,0.406736643076));
#3548 = ( GEOMETRIC_REPRESENTATION_CONTEXT(2) 
PARAMETRIC_REPRESENTATION_CONTEXT() REPRESENTATION_CONTEXT('2D SPACE',''
  ) );
#3549 = PCURVE('',#546,#3550);
#3550 = DEFINITIONAL_REPRESENTATION('',(#3551),#3555);
#3551 = LINE('',#3552,#3553);
#3552 = CARTESIAN_POINT('',(0.,-8.));
#3553 = VECTOR('',#3554,1.);
#3554 = DIRECTION('',(1.,0.));
#3555 = ( GEOMETRIC_REPRESENTATION_CONTEXT(2) 
PARAMETRIC_REPRESENTATION_CONTEXT() REPRESENTATION_CONTEXT('2D SPACE',''
  ) );
#3556 = ORIENTED_EDGE('',*,*,#3557,.T.);
#3557 = EDGE_CURVE('',#3535,#3558,#3560,.T.);
#3558 = VERTEX_POINT('',#3559);
#3559 = CARTESIAN_POINT('',(-26.,4.851756097731,2.872152980653));
#3560 = SURFACE_CURVE('',#3561,(#3571,#3584),.PCURVE_S1.);
#3561 = B_SPLINE_CURVE_WITH_KNOTS('',3,(#3562,#3563,#3564,#3565,#3566,
    #3567,#3568,#3569,#3570),.UNSPECIFIED.,.F.,.F.,(4,1,1,1,1,1,4),(0.,
    0.230179915631,0.453703965803,0.670568906579,0.880767529413,
    1.084277536388,1.28086153844),.UNSPECIFIED.);
#3562 = CARTESIAN_POINT('',(-26.,6.112679390008,2.979119110571));
#3563 = CARTESIAN_POINT('',(-26.,6.036716252766,2.989760390186));
#3564 = CARTESIAN_POINT('',(-26.,5.886244765967,3.006375497756));
#3565 = CARTESIAN_POINT('',(-26.,5.662788940078,3.016126843201));
#3566 = CARTESIAN_POINT('',(-26.,5.445762908635,3.010137170097));
#3567 = CARTESIAN_POINT('',(-26.,5.236687805049,2.987042401901));
#3568 = CARTESIAN_POINT('',(-26.,5.036643267284,2.946535311986));
#3569 = CARTESIAN_POINT('',(-26.,4.91124004261,2.900689449599));
#3570 = CARTESIAN_POINT('',(-26.,4.851756097731,2.872152980653));
#3571 = PCURVE('',#72,#3572);
#3572 = DEFINITIONAL_REPRESENTATION('',(#3573),#3583);
#3573 = B_SPLINE_CURVE_WITH_KNOTS('',3,(#3574,#3575,#3576,#3577,#3578,
    #3579,#3580,#3581,#3582),.UNSPECIFIED.,.F.,.F.,(4,1,1,1,1,1,4),(0.,
    0.230179915631,0.453703965803,0.670568906579,0.880767529413,
    1.084277536388,1.28086153844),.UNSPECIFIED.);
#3574 = CARTESIAN_POINT('',(2.979119110571,-6.112679390008));
#3575 = CARTESIAN_POINT('',(2.989760390186,-6.036716252766));
#3576 = CARTESIAN_POINT('',(3.006375497756,-5.886244765967));
#3577 = CARTESIAN_POINT('',(3.016126843201,-5.662788940078));
#3578 = CARTESIAN_POINT('',(3.010137170097,-5.445762908635));
#3579 = CARTESIAN_POINT('',(2.987042401901,-5.236687805049));
#3580 = CARTESIAN_POINT('',(2.946535311986,-5.036643267284));
#3581 = CARTESIAN_POINT('',(2.900689449599,-4.91124004261));
#3582 = CARTESIAN_POINT('',(2.872152980653,-4.851756097731));
#3583 = ( GEOMETRIC_REPRESENTATION_CONTEXT(2) 
PARAMETRIC_REPRESENTATION_CONTEXT() REPRESENTATION_CONTEXT('2D SPACE',''
  ) );
#3584 = PCURVE('',#586,#3585);
#3585 = DEFINITIONAL_REPRESENTATION('',(#3586),#3590);
#3586 = LINE('',#3587,#3588);
#3587 = CARTESIAN_POINT('',(0.,-8.));
#3588 = VECTOR('',#3589,1.);
#3589 = DIRECTION('',(1.,0.));
#3590 = ( GEOMETRIC_REPRESENTATION_CONTEXT(2) 
PARAMETRIC_REPRESENTATION_CONTEXT() REPRESENTATION_CONTEXT('2D SPACE',''
  ) );
#3591 = ORIENTED_EDGE('',*,*,#3592,.T.);
#3592 = EDGE_CURVE('',#3558,#3593,#3595,.T.);
#3593 = VERTEX_POINT('',#3594);
#3594 = CARTESIAN_POINT('',(-26.,4.3026091639,2.547067800968));
#3595 = SURFACE_CURVE('',#3596,(#3600,#3607),.PCURVE_S1.);
#3596 = LINE('',#3597,#3598);
#3597 = CARTESIAN_POINT('',(-26.,4.851756097731,2.872152980653));
#3598 = VECTOR('',#3599,1.);
#3599 = DIRECTION('',(0.,-0.86052183278,-0.509413560194));
#3600 = PCURVE('',#72,#3601);
#3601 = DEFINITIONAL_REPRESENTATION('',(#3602),#3606);
#3602 = LINE('',#3603,#3604);
#3603 = CARTESIAN_POINT('',(2.872152980653,-4.851756097731));
#3604 = VECTOR('',#3605,1.);
#3605 = DIRECTION('',(-0.509413560194,0.86052183278));
#3606 = ( GEOMETRIC_REPRESENTATION_CONTEXT(2) 
PARAMETRIC_REPRESENTATION_CONTEXT() REPRESENTATION_CONTEXT('2D SPACE',''
  ) );
#3607 = PCURVE('',#622,#3608);
#3608 = DEFINITIONAL_REPRESENTATION('',(#3609),#3613);
#3609 = LINE('',#3610,#3611);
#3610 = CARTESIAN_POINT('',(0.,-8.));
#3611 = VECTOR('',#3612,1.);
#3612 = DIRECTION('',(1.,0.));
#3613 = ( GEOMETRIC_REPRESENTATION_CONTEXT(2) 
PARAMETRIC_REPRESENTATION_CONTEXT() REPRESENTATION_CONTEXT('2D SPACE',''
  ) );
#3614 = ORIENTED_EDGE('',*,*,#3615,.T.);
#3615 = EDGE_CURVE('',#3593,#3616,#3618,.T.);
#3616 = VERTEX_POINT('',#3617);
#3617 = CARTESIAN_POINT('',(-26.,3.751984781354,3.304937246074));
#3618 = SURFACE_CURVE('',#3619,(#3623,#3630),.PCURVE_S1.);
#3619 = LINE('',#3620,#3621);
#3620 = CARTESIAN_POINT('',(-26.,4.3026091639,2.547067800968));
#3621 = VECTOR('',#3622,1.);
#3622 = DIRECTION('',(0.,-0.587785252292,0.809016994375));
#3623 = PCURVE('',#72,#3624);
#3624 = DEFINITIONAL_REPRESENTATION('',(#3625),#3629);
#3625 = LINE('',#3626,#3627);
#3626 = CARTESIAN_POINT('',(2.547067800968,-4.3026091639));
#3627 = VECTOR('',#3628,1.);
#3628 = DIRECTION('',(0.809016994375,0.587785252292));
#3629 = ( GEOMETRIC_REPRESENTATION_CONTEXT(2) 
PARAMETRIC_REPRESENTATION_CONTEXT() REPRESENTATION_CONTEXT('2D SPACE',''
  ) );
#3630 = PCURVE('',#650,#3631);
#3631 = DEFINITIONAL_REPRESENTATION('',(#3632),#3636);
#3632 = LINE('',#3633,#3634);
#3633 = CARTESIAN_POINT('',(0.,-8.));
#3634 = VECTOR('',#3635,1.);
#3635 = DIRECTION('',(1.,0.));
#3636 = ( GEOMETRIC_REPRESENTATION_CONTEXT(2) 
PARAMETRIC_REPRESENTATION_CONTEXT() REPRESENTATION_CONTEXT('2D SPACE',''
  ) );
#3637 = ORIENTED_EDGE('',*,*,#3638,.T.);
#3638 = EDGE_CURVE('',#3616,#3639,#3641,.T.);
#3639 = VERTEX_POINT('',#3640);
#3640 = CARTESIAN_POINT('',(-26.,4.230854894808,3.726750170755));
#3641 = SURFACE_CURVE('',#3642,(#3646,#3653),.PCURVE_S1.);
#3642 = LINE('',#3643,#3644);
#3643 = CARTESIAN_POINT('',(-26.,3.751984781354,3.304937246074));
#3644 = VECTOR('',#3645,1.);
#3645 = DIRECTION('',(0.,0.750396956271,0.660987449215));
#3646 = PCURVE('',#72,#3647);
#3647 = DEFINITIONAL_REPRESENTATION('',(#3648),#3652);
#3648 = LINE('',#3649,#3650);
#3649 = CARTESIAN_POINT('',(3.304937246074,-3.751984781354));
#3650 = VECTOR('',#3651,1.);
#3651 = DIRECTION('',(0.660987449215,-0.750396956271));
#3652 = ( GEOMETRIC_REPRESENTATION_CONTEXT(2) 
PARAMETRIC_REPRESENTATION_CONTEXT() REPRESENTATION_CONTEXT('2D SPACE',''
  ) );
#3653 = PCURVE('',#678,#3654);
#3654 = DEFINITIONAL_REPRESENTATION('',(#3655),#3659);
#3655 = LINE('',#3656,#3657);
#3656 = CARTESIAN_POINT('',(0.,-8.));
#3657 = VECTOR('',#3658,1.);
#3658 = DIRECTION('',(1.,0.));
#3659 = ( GEOMETRIC_REPRESENTATION_CONTEXT(2) 
PARAMETRIC_REPRESENTATION_CONTEXT() REPRESENTATION_CONTEXT('2D SPACE',''
  ) );
#3660 = ORIENTED_EDGE('',*,*,#3661,.T.);
#3661 = EDGE_CURVE('',#3639,#3662,#3664,.T.);
#3662 = VERTEX_POINT('',#3663);
#3663 = CARTESIAN_POINT('',(-26.,4.722232455606,4.892905132457));
#3664 = SURFACE_CURVE('',#3665,(#3675,#3688),.PCURVE_S1.);
#3665 = B_SPLINE_CURVE_WITH_KNOTS('',3,(#3666,#3667,#3668,#3669,#3670,
    #3671,#3672,#3673,#3674),.UNSPECIFIED.,.F.,.F.,(4,1,1,1,1,1,4),(0.,
    0.196584002052,0.400094009028,0.610292631862,0.827157572637,
    1.05068162281,1.28086153844),.UNSPECIFIED.);
#3666 = CARTESIAN_POINT('',(-26.,4.230854894808,3.726750170755));
#3667 = CARTESIAN_POINT('',(-26.,4.276376239411,3.774504510284));
#3668 = CARTESIAN_POINT('',(-26.,4.358729973153,3.879602913675));
#3669 = CARTESIAN_POINT('',(-26.,4.459071666774,4.057339195689));
#3670 = CARTESIAN_POINT('',(-26.,4.545643856668,4.249044759496));
#3671 = CARTESIAN_POINT('',(-26.,4.618405106242,4.453597870126));
#3672 = CARTESIAN_POINT('',(-26.,4.678182673305,4.669130320902));
#3673 = CARTESIAN_POINT('',(-26.,4.708879013571,4.817371559541));
#3674 = CARTESIAN_POINT('',(-26.,4.722232455606,4.892905132457));
#3675 = PCURVE('',#72,#3676);
#3676 = DEFINITIONAL_REPRESENTATION('',(#3677),#3687);
#3677 = B_SPLINE_CURVE_WITH_KNOTS('',3,(#3678,#3679,#3680,#3681,#3682,
    #3683,#3684,#3685,#3686),.UNSPECIFIED.,.F.,.F.,(4,1,1,1,1,1,4),(0.,
    0.196584002052,0.400094009028,0.610292631862,0.827157572637,
    1.05068162281,1.28086153844),.UNSPECIFIED.);
#3678 = CARTESIAN_POINT('',(3.726750170755,-4.230854894808));
#3679 = CARTESIAN_POINT('',(3.774504510284,-4.276376239411));
#3680 = CARTESIAN_POINT('',(3.879602913675,-4.358729973153));
#3681 = CARTESIAN_POINT('',(4.057339195689,-4.459071666774));
#3682 = CARTESIAN_POINT('',(4.249044759496,-4.545643856668));
#3683 = CARTESIAN_POINT('',(4.453597870126,-4.618405106242));
#3684 = CARTESIAN_POINT('',(4.669130320902,-4.678182673305));
#3685 = CARTESIAN_POINT('',(4.817371559541,-4.708879013571));
#3686 = CARTESIAN_POINT('',(4.892905132457,-4.722232455606));
#3687 = ( GEOMETRIC_REPRESENTATION_CONTEXT(2) 
PARAMETRIC_REPRESENTATION_CONTEXT() REPRESENTATION_CONTEXT('2D SPACE',''
  ) );
#3688 = PCURVE('',#718,#3689);
#3689 = DEFINITIONAL_REPRESENTATION('',(#3690),#3694);
#3690 = LINE('',#3691,#3692);
#3691 = CARTESIAN_POINT('',(0.,-8.));
#3692 = VECTOR('',#3693,1.);
#3693 = DIRECTION('',(1.,0.));
#3694 = ( GEOMETRIC_REPRESENTATION_CONTEXT(2) 
PARAMETRIC_REPRESENTATION_CONTEXT() REPRESENTATION_CONTEXT('2D SPACE',''
  ) );
#3695 = ORIENTED_EDGE('',*,*,#3696,.T.);
#3696 = EDGE_CURVE('',#3662,#3697,#3699,.T.);
#3697 = VERTEX_POINT('',#3698);
#3698 = CARTESIAN_POINT('',(-26.,4.372493584411,5.207811426529));
#3699 = SURFACE_CURVE('',#3700,(#3704,#3711),.PCURVE_S1.);
#3700 = LINE('',#3701,#3702);
#3701 = CARTESIAN_POINT('',(-26.,4.722232455606,4.892905132457));
#3702 = VECTOR('',#3703,1.);
#3703 = DIRECTION('',(0.,-0.743144825477,0.669130606359));
#3704 = PCURVE('',#72,#3705);
#3705 = DEFINITIONAL_REPRESENTATION('',(#3706),#3710);
#3706 = LINE('',#3707,#3708);
#3707 = CARTESIAN_POINT('',(4.892905132457,-4.722232455606));
#3708 = VECTOR('',#3709,1.);
#3709 = DIRECTION('',(0.669130606359,0.743144825477));
#3710 = ( GEOMETRIC_REPRESENTATION_CONTEXT(2) 
PARAMETRIC_REPRESENTATION_CONTEXT() REPRESENTATION_CONTEXT('2D SPACE',''
  ) );
#3711 = PCURVE('',#754,#3712);
#3712 = DEFINITIONAL_REPRESENTATION('',(#3713),#3717);
#3713 = LINE('',#3714,#3715);
#3714 = CARTESIAN_POINT('',(0.,-8.));
#3715 = VECTOR('',#3716,1.);
#3716 = DIRECTION('',(1.,0.));
#3717 = ( GEOMETRIC_REPRESENTATION_CONTEXT(2) 
PARAMETRIC_REPRESENTATION_CONTEXT() REPRESENTATION_CONTEXT('2D SPACE',''
  ) );
#3718 = ORIENTED_EDGE('',*,*,#3719,.T.);
#3719 = EDGE_CURVE('',#3697,#3720,#3722,.T.);
#3720 = VERTEX_POINT('',#3721);
#3721 = CARTESIAN_POINT('',(-26.,3.264089882921,4.597229297344));
#3722 = SURFACE_CURVE('',#3723,(#3733,#3746),.PCURVE_S1.);
#3723 = B_SPLINE_CURVE_WITH_KNOTS('',3,(#3724,#3725,#3726,#3727,#3728,
    #3729,#3730,#3731,#3732),.UNSPECIFIED.,.F.,.F.,(4,1,1,1,1,1,4),(0.,
    0.230179915631,0.453703965803,0.670568906579,0.880767529413,
    1.084277536388,1.28086153844),.UNSPECIFIED.);
#3724 = CARTESIAN_POINT('',(-26.,4.372493584411,5.207811426529));
#3725 = CARTESIAN_POINT('',(-26.,4.298769607086,5.186635727745));
#3726 = CARTESIAN_POINT('',(-26.,4.154549090739,5.140612116375));
#3727 = CARTESIAN_POINT('',(-26.,3.946445806502,5.058632741214));
#3728 = CARTESIAN_POINT('',(-26.,3.750618880819,4.964888463068));
#3729 = CARTESIAN_POINT('',(-26.,3.569012758121,4.858751836705));
#3730 = CARTESIAN_POINT('',(-26.,3.402738697092,4.740381324954));
#3731 = CARTESIAN_POINT('',(-26.,3.306824342984,4.647492958984));
#3732 = CARTESIAN_POINT('',(-26.,3.264089882921,4.597229297344));
#3733 = PCURVE('',#72,#3734);
#3734 = DEFINITIONAL_REPRESENTATION('',(#3735),#3745);
#3735 = B_SPLINE_CURVE_WITH_KNOTS('',3,(#3736,#3737,#3738,#3739,#3740,
    #3741,#3742,#3743,#3744),.UNSPECIFIED.,.F.,.F.,(4,1,1,1,1,1,4),(0.,
    0.230179915631,0.453703965803,0.670568906579,0.880767529413,
    1.084277536388,1.28086153844),.UNSPECIFIED.);
#3736 = CARTESIAN_POINT('',(5.207811426529,-4.372493584411));
#3737 = CARTESIAN_POINT('',(5.186635727745,-4.298769607086));
#3738 = CARTESIAN_POINT('',(5.140612116375,-4.154549090739));
#3739 = CARTESIAN_POINT('',(5.058632741214,-3.946445806502));
#3740 = CARTESIAN_POINT('',(4.964888463068,-3.750618880819));
#3741 = CARTESIAN_POINT('',(4.858751836705,-3.569012758121));
#3742 = CARTESIAN_POINT('',(4.740381324954,-3.402738697092));
#3743 = CARTESIAN_POINT('',(4.647492958984,-3.306824342984));
#3744 = CARTESIAN_POINT('',(4.597229297344,-3.264089882921));
#3745 = ( GEOMETRIC_REPRESENTATION_CONTEXT(2) 
PARAMETRIC_REPRESENTATION_CONTEXT() REPRESENTATION_CONTEXT('2D SPACE',''
  ) );
#3746 = PCURVE('',#794,#3747);
#3747 = DEFINITIONAL_REPRESENTATION('',(#3748),#3752);
#3748 = LINE('',#3749,#3750);
#3749 = CARTESIAN_POINT('',(0.,-8.));
#3750 = VECTOR('',#3751,1.);
#3751 = DIRECTION('',(1.,0.));
#3752 = ( GEOMETRIC_REPRESENTATION_CONTEXT(2) 
PARAMETRIC_REPRESENTATION_CONTEXT() REPRESENTATION_CONTEXT('2D SPACE',''
  ) );
#3753 = ORIENTED_EDGE('',*,*,#3754,.T.);
#3754 = EDGE_CURVE('',#3720,#3755,#3757,.T.);
#3755 = VERTEX_POINT('',#3756);
#3756 = CARTESIAN_POINT('',(-26.,2.89464325064,4.076891027674));
#3757 = SURFACE_CURVE('',#3758,(#3762,#3769),.PCURVE_S1.);
#3758 = LINE('',#3759,#3760);
#3759 = CARTESIAN_POINT('',(-26.,3.264089882921,4.597229297344));
#3760 = VECTOR('',#3761,1.);
#3761 = DIRECTION('',(0.,-0.578928650128,-0.815378205535));
#3762 = PCURVE('',#72,#3763);
#3763 = DEFINITIONAL_REPRESENTATION('',(#3764),#3768);
#3764 = LINE('',#3765,#3766);
#3765 = CARTESIAN_POINT('',(4.597229297344,-3.264089882921));
#3766 = VECTOR('',#3767,1.);
#3767 = DIRECTION('',(-0.815378205535,0.578928650128));
#3768 = ( GEOMETRIC_REPRESENTATION_CONTEXT(2) 
PARAMETRIC_REPRESENTATION_CONTEXT() REPRESENTATION_CONTEXT('2D SPACE',''
  ) );
#3769 = PCURVE('',#830,#3770);
#3770 = DEFINITIONAL_REPRESENTATION('',(#3771),#3775);
#3771 = LINE('',#3772,#3773);
#3772 = CARTESIAN_POINT('',(0.,-8.));
#3773 = VECTOR('',#3774,1.);
#3774 = DIRECTION('',(1.,0.));
#3775 = ( GEOMETRIC_REPRESENTATION_CONTEXT(2) 
PARAMETRIC_REPRESENTATION_CONTEXT() REPRESENTATION_CONTEXT('2D SPACE',''
  ) );
#3776 = ORIENTED_EDGE('',*,*,#3777,.T.);
#3777 = EDGE_CURVE('',#3755,#3778,#3780,.T.);
#3778 = VERTEX_POINT('',#3779);
#3779 = CARTESIAN_POINT('',(-26.,2.083369573106,4.545280103784));
#3780 = SURFACE_CURVE('',#3781,(#3785,#3792),.PCURVE_S1.);
#3781 = LINE('',#3782,#3783);
#3782 = CARTESIAN_POINT('',(-26.,2.89464325064,4.076891027674));
#3783 = VECTOR('',#3784,1.);
#3784 = DIRECTION('',(0.,-0.866025403784,0.5));
#3785 = PCURVE('',#72,#3786);
#3786 = DEFINITIONAL_REPRESENTATION('',(#3787),#3791);
#3787 = LINE('',#3788,#3789);
#3788 = CARTESIAN_POINT('',(4.076891027674,-2.89464325064));
#3789 = VECTOR('',#3790,1.);
#3790 = DIRECTION('',(0.5,0.866025403784));
#3791 = ( GEOMETRIC_REPRESENTATION_CONTEXT(2) 
PARAMETRIC_REPRESENTATION_CONTEXT() REPRESENTATION_CONTEXT('2D SPACE',''
  ) );
#3792 = PCURVE('',#858,#3793);
#3793 = DEFINITIONAL_REPRESENTATION('',(#3794),#3798);
#3794 = LINE('',#3795,#3796);
#3795 = CARTESIAN_POINT('',(0.,-8.));
#3796 = VECTOR('',#3797,1.);
#3797 = DIRECTION('',(1.,0.));
#3798 = ( GEOMETRIC_REPRESENTATION_CONTEXT(2) 
PARAMETRIC_REPRESENTATION_CONTEXT() REPRESENTATION_CONTEXT('2D SPACE',''
  ) );
#3799 = ORIENTED_EDGE('',*,*,#3800,.T.);
#3800 = EDGE_CURVE('',#3778,#3801,#3803,.T.);
#3801 = VERTEX_POINT('',#3802);
#3802 = CARTESIAN_POINT('',(-26.,2.349272417061,5.125399407517));
#3803 = SURFACE_CURVE('',#3804,(#3808,#3815),.PCURVE_S1.);
#3804 = LINE('',#3805,#3806);
#3805 = CARTESIAN_POINT('',(-26.,2.083369573106,4.545280103784));
#3806 = VECTOR('',#3807,1.);
#3807 = DIRECTION('',(0.,0.416673914621,0.909056020757));
#3808 = PCURVE('',#72,#3809);
#3809 = DEFINITIONAL_REPRESENTATION('',(#3810),#3814);
#3810 = LINE('',#3811,#3812);
#3811 = CARTESIAN_POINT('',(4.545280103784,-2.083369573106));
#3812 = VECTOR('',#3813,1.);
#3813 = DIRECTION('',(0.909056020757,-0.416673914621));
#3814 = ( GEOMETRIC_REPRESENTATION_CONTEXT(2) 
PARAMETRIC_REPRESENTATION_CONTEXT() REPRESENTATION_CONTEXT('2D SPACE',''
  ) );
#3815 = PCURVE('',#886,#3816);
#3816 = DEFINITIONAL_REPRESENTATION('',(#3817),#3821);
#3817 = LINE('',#3818,#3819);
#3818 = CARTESIAN_POINT('',(0.,-8.));
#3819 = VECTOR('',#3820,1.);
#3820 = DIRECTION('',(1.,0.));
#3821 = ( GEOMETRIC_REPRESENTATION_CONTEXT(2) 
PARAMETRIC_REPRESENTATION_CONTEXT() REPRESENTATION_CONTEXT('2D SPACE',''
  ) );
#3822 = ORIENTED_EDGE('',*,*,#3823,.T.);
#3823 = EDGE_CURVE('',#3801,#3824,#3826,.T.);
#3824 = VERTEX_POINT('',#3825);
#3825 = CARTESIAN_POINT('',(-26.,2.323850201288,6.390596235249));
#3826 = SURFACE_CURVE('',#3827,(#3837,#3850),.PCURVE_S1.);
#3827 = B_SPLINE_CURVE_WITH_KNOTS('',3,(#3828,#3829,#3830,#3831,#3832,
    #3833,#3834,#3835,#3836),.UNSPECIFIED.,.F.,.F.,(4,1,1,1,1,1,4),(0.,
    0.196584002052,0.400094009028,0.610292631862,0.827157572637,
    1.05068162281,1.28086153844),.UNSPECIFIED.);
#3828 = CARTESIAN_POINT('',(-26.,2.349272417061,5.125399407517));
#3829 = CARTESIAN_POINT('',(-26.,2.371434794898,5.187540366369));
#3830 = CARTESIAN_POINT('',(-26.,2.403921302489,5.317048816599));
#3831 = CARTESIAN_POINT('',(-26.,2.42329614221,5.520231633316));
#3832 = CARTESIAN_POINT('',(-26.,2.424410095564,5.730575462237));
#3833 = CARTESIAN_POINT('',(-26.,2.407681559056,5.947038693697));
#3834 = CARTESIAN_POINT('',(-26.,2.374626138413,6.168251112037));
#3835 = CARTESIAN_POINT('',(-26.,2.34237349686,6.316161548626));
#3836 = CARTESIAN_POINT('',(-26.,2.323850201288,6.390596235249));
#3837 = PCURVE('',#72,#3838);
#3838 = DEFINITIONAL_REPRESENTATION('',(#3839),#3849);
#3839 = B_SPLINE_CURVE_WITH_KNOTS('',3,(#3840,#3841,#3842,#3843,#3844,
    #3845,#3846,#3847,#3848),.UNSPECIFIED.,.F.,.F.,(4,1,1,1,1,1,4),(0.,
    0.196584002052,0.400094009028,0.610292631862,0.827157572637,
    1.05068162281,1.28086153844),.UNSPECIFIED.);
#3840 = CARTESIAN_POINT('',(5.125399407517,-2.349272417061));
#3841 = CARTESIAN_POINT('',(5.187540366369,-2.371434794898));
#3842 = CARTESIAN_POINT('',(5.317048816599,-2.403921302489));
#3843 = CARTESIAN_POINT('',(5.520231633316,-2.42329614221));
#3844 = CARTESIAN_POINT('',(5.730575462237,-2.424410095564));
#3845 = CARTESIAN_POINT('',(5.947038693697,-2.407681559056));
#3846 = CARTESIAN_POINT('',(6.168251112037,-2.374626138413));
#3847 = CARTESIAN_POINT('',(6.316161548626,-2.34237349686));
#3848 = CARTESIAN_POINT('',(6.390596235249,-2.323850201288));
#3849 = ( GEOMETRIC_REPRESENTATION_CONTEXT(2) 
PARAMETRIC_REPRESENTATION_CONTEXT() REPRESENTATION_CONTEXT('2D SPACE',''
  ) );
#3850 = PCURVE('',#926,#3851);
#3851 = DEFINITIONAL_REPRESENTATION('',(#3852),#3856);
#3852 = LINE('',#3853,#3854);
#3853 = CARTESIAN_POINT('',(0.,-8.));
#3854 = VECTOR('',#3855,1.);
#3855 = DIRECTION('',(1.,0.));
#3856 = ( GEOMETRIC_REPRESENTATION_CONTEXT(2) 
PARAMETRIC_REPRESENTATION_CONTEXT() REPRESENTATION_CONTEXT('2D SPACE',''
  ) );
#3857 = ORIENTED_EDGE('',*,*,#3858,.T.);
#3858 = EDGE_CURVE('',#3824,#3859,#3861,.T.);
#3859 = VERTEX_POINT('',#3860);
#3860 = CARTESIAN_POINT('',(-26.,1.876263915212,6.536025835359));
#3861 = SURFACE_CURVE('',#3862,(#3866,#3873),.PCURVE_S1.);
#3862 = LINE('',#3863,#3864);
#3863 = CARTESIAN_POINT('',(-26.,2.323850201288,6.390596235249));
#3864 = VECTOR('',#3865,1.);
#3865 = DIRECTION('',(0.,-0.951056516295,0.309016994375));
#3866 = PCURVE('',#72,#3867);
#3867 = DEFINITIONAL_REPRESENTATION('',(#3868),#3872);
#3868 = LINE('',#3869,#3870);
#3869 = CARTESIAN_POINT('',(6.390596235249,-2.323850201288));
#3870 = VECTOR('',#3871,1.);
#3871 = DIRECTION('',(0.309016994375,0.951056516295));
#3872 = ( GEOMETRIC_REPRESENTATION_CONTEXT(2) 
PARAMETRIC_REPRESENTATION_CONTEXT() REPRESENTATION_CONTEXT('2D SPACE',''
  ) );
#3873 = PCURVE('',#962,#3874);
#3874 = DEFINITIONAL_REPRESENTATION('',(#3875),#3879);
#3875 = LINE('',#3876,#3877);
#3876 = CARTESIAN_POINT('',(0.,-8.));
#3877 = VECTOR('',#3878,1.);
#3878 = DIRECTION('',(1.,0.));
#3879 = ( GEOMETRIC_REPRESENTATION_CONTEXT(2) 
PARAMETRIC_REPRESENTATION_CONTEXT() REPRESENTATION_CONTEXT('2D SPACE',''
  ) );
#3880 = ORIENTED_EDGE('',*,*,#3881,.T.);
#3881 = EDGE_CURVE('',#3859,#3882,#3884,.T.);
#3882 = VERTEX_POINT('',#3883);
#3883 = CARTESIAN_POINT('',(-26.,1.112032874028,5.527402904007));
#3884 = SURFACE_CURVE('',#3885,(#3895,#3908),.PCURVE_S1.);
#3885 = B_SPLINE_CURVE_WITH_KNOTS('',3,(#3886,#3887,#3888,#3889,#3890,
    #3891,#3892,#3893,#3894),.UNSPECIFIED.,.F.,.F.,(4,1,1,1,1,1,4),(0.,
    0.230179915631,0.453703965803,0.670568906579,0.880767529413,
    1.084277536388,1.28086153844),.UNSPECIFIED.);
#3886 = CARTESIAN_POINT('',(-26.,1.876263915212,6.536025835359));
#3887 = CARTESIAN_POINT('',(-26.,1.817526643246,6.486694628871));
#3888 = CARTESIAN_POINT('',(-26.,1.704494134829,6.385990199077));
#3889 = CARTESIAN_POINT('',(-26.,1.547726340648,6.226455082036));
#3890 = CARTESIAN_POINT('',(-26.,1.406958775207,6.061165436179));
#3891 = CARTESIAN_POINT('',(-26.,1.28422298185,5.890338938567));
#3892 = CARTESIAN_POINT('',(-26.,1.180469693262,5.714572341825));
#3893 = CARTESIAN_POINT('',(-26.,1.130628672899,5.590702714612));
#3894 = CARTESIAN_POINT('',(-26.,1.112032874028,5.527402904007));
#3895 = PCURVE('',#72,#3896);
#3896 = DEFINITIONAL_REPRESENTATION('',(#3897),#3907);
#3897 = B_SPLINE_CURVE_WITH_KNOTS('',3,(#3898,#3899,#3900,#3901,#3902,
    #3903,#3904,#3905,#3906),.UNSPECIFIED.,.F.,.F.,(4,1,1,1,1,1,4),(0.,
    0.230179915631,0.453703965803,0.670568906579,0.880767529413,
    1.084277536388,1.28086153844),.UNSPECIFIED.);
#3898 = CARTESIAN_POINT('',(6.536025835359,-1.876263915212));
#3899 = CARTESIAN_POINT('',(6.486694628871,-1.817526643246));
#3900 = CARTESIAN_POINT('',(6.385990199077,-1.704494134829));
#3901 = CARTESIAN_POINT('',(6.226455082036,-1.547726340648));
#3902 = CARTESIAN_POINT('',(6.061165436179,-1.406958775207));
#3903 = CARTESIAN_POINT('',(5.890338938567,-1.28422298185));
#3904 = CARTESIAN_POINT('',(5.714572341825,-1.180469693262));
#3905 = CARTESIAN_POINT('',(5.590702714612,-1.130628672899));
#3906 = CARTESIAN_POINT('',(5.527402904007,-1.112032874028));
#3907 = ( GEOMETRIC_REPRESENTATION_CONTEXT(2) 
PARAMETRIC_REPRESENTATION_CONTEXT() REPRESENTATION_CONTEXT('2D SPACE',''
  ) );
#3908 = PCURVE('',#1002,#3909);
#3909 = DEFINITIONAL_REPRESENTATION('',(#3910),#3914);
#3910 = LINE('',#3911,#3912);
#3911 = CARTESIAN_POINT('',(0.,-8.));
#3912 = VECTOR('',#3913,1.);
#3913 = DIRECTION('',(1.,0.));
#3914 = ( GEOMETRIC_REPRESENTATION_CONTEXT(2) 
PARAMETRIC_REPRESENTATION_CONTEXT() REPRESENTATION_CONTEXT('2D SPACE',''
  ) );
#3915 = ORIENTED_EDGE('',*,*,#3916,.T.);
#3916 = EDGE_CURVE('',#3882,#3917,#3919,.T.);
#3917 = VERTEX_POINT('',#3918);
#3918 = CARTESIAN_POINT('',(-26.,0.986167222336,4.901782758302));
#3919 = SURFACE_CURVE('',#3920,(#3924,#3931),.PCURVE_S1.);
#3920 = LINE('',#3921,#3922);
#3921 = CARTESIAN_POINT('',(-26.,1.112032874028,5.527402904007));
#3922 = VECTOR('',#3923,1.);
#3923 = DIRECTION('',(0.,-0.197233444467,-0.98035655166));
#3924 = PCURVE('',#72,#3925);
#3925 = DEFINITIONAL_REPRESENTATION('',(#3926),#3930);
#3926 = LINE('',#3927,#3928);
#3927 = CARTESIAN_POINT('',(5.527402904007,-1.112032874028));
#3928 = VECTOR('',#3929,1.);
#3929 = DIRECTION('',(-0.98035655166,0.197233444467));
#3930 = ( GEOMETRIC_REPRESENTATION_CONTEXT(2) 
PARAMETRIC_REPRESENTATION_CONTEXT() REPRESENTATION_CONTEXT('2D SPACE',''
  ) );
#3931 = PCURVE('',#1038,#3932);
#3932 = DEFINITIONAL_REPRESENTATION('',(#3933),#3937);
#3933 = LINE('',#3934,#3935);
#3934 = CARTESIAN_POINT('',(0.,-8.));
#3935 = VECTOR('',#3936,1.);
#3936 = DIRECTION('',(1.,0.));
#3937 = ( GEOMETRIC_REPRESENTATION_CONTEXT(2) 
PARAMETRIC_REPRESENTATION_CONTEXT() REPRESENTATION_CONTEXT('2D SPACE',''
  ) );
#3938 = ORIENTED_EDGE('',*,*,#3939,.T.);
#3939 = EDGE_CURVE('',#3917,#3940,#3942,.T.);
#3940 = VERTEX_POINT('',#3941);
#3941 = CARTESIAN_POINT('',(-26.,5.452083884963E-02,4.999702738977));
#3942 = SURFACE_CURVE('',#3943,(#3947,#3954),.PCURVE_S1.);
#3943 = LINE('',#3944,#3945);
#3944 = CARTESIAN_POINT('',(-26.,0.986167222336,4.901782758302));
#3945 = VECTOR('',#3946,1.);
#3946 = DIRECTION('',(0.,-0.994521895368,0.104528463268));
#3947 = PCURVE('',#72,#3948);
#3948 = DEFINITIONAL_REPRESENTATION('',(#3949),#3953);
#3949 = LINE('',#3950,#3951);
#3950 = CARTESIAN_POINT('',(4.901782758302,-0.986167222336));
#3951 = VECTOR('',#3952,1.);
#3952 = DIRECTION('',(0.104528463268,0.994521895368));
#3953 = ( GEOMETRIC_REPRESENTATION_CONTEXT(2) 
PARAMETRIC_REPRESENTATION_CONTEXT() REPRESENTATION_CONTEXT('2D SPACE',''
  ) );
#3954 = PCURVE('',#1066,#3955);
#3955 = DEFINITIONAL_REPRESENTATION('',(#3956),#3960);
#3956 = LINE('',#3957,#3958);
#3957 = CARTESIAN_POINT('',(0.,-8.));
#3958 = VECTOR('',#3959,1.);
#3959 = DIRECTION('',(1.,0.));
#3960 = ( GEOMETRIC_REPRESENTATION_CONTEXT(2) 
PARAMETRIC_REPRESENTATION_CONTEXT() REPRESENTATION_CONTEXT('2D SPACE',''
  ) );
#3961 = ORIENTED_EDGE('',*,*,#3962,.T.);
#3962 = EDGE_CURVE('',#3940,#3963,#3965,.T.);
#3963 = VERTEX_POINT('',#3964);
#3964 = CARTESIAN_POINT('',(-26.,6.147939593527E-02,5.637820523927));
#3965 = SURFACE_CURVE('',#3966,(#3970,#3977),.PCURVE_S1.);
#3966 = LINE('',#3967,#3968);
#3967 = CARTESIAN_POINT('',(-26.,5.452083884963E-02,4.999702738977));
#3968 = VECTOR('',#3969,1.);
#3969 = DIRECTION('',(0.,1.090416776993E-02,0.999940547795));
#3970 = PCURVE('',#72,#3971);
#3971 = DEFINITIONAL_REPRESENTATION('',(#3972),#3976);
#3972 = LINE('',#3973,#3974);
#3973 = CARTESIAN_POINT('',(4.999702738977,-5.452083884963E-02));
#3974 = VECTOR('',#3975,1.);
#3975 = DIRECTION('',(0.999940547795,-1.090416776993E-02));
#3976 = ( GEOMETRIC_REPRESENTATION_CONTEXT(2) 
PARAMETRIC_REPRESENTATION_CONTEXT() REPRESENTATION_CONTEXT('2D SPACE',''
  ) );
#3977 = PCURVE('',#1094,#3978);
#3978 = DEFINITIONAL_REPRESENTATION('',(#3979),#3983);
#3979 = LINE('',#3980,#3981);
#3980 = CARTESIAN_POINT('',(0.,-8.));
#3981 = VECTOR('',#3982,1.);
#3982 = DIRECTION('',(1.,0.));
#3983 = ( GEOMETRIC_REPRESENTATION_CONTEXT(2) 
PARAMETRIC_REPRESENTATION_CONTEXT() REPRESENTATION_CONTEXT('2D SPACE',''
  ) );
#3984 = ORIENTED_EDGE('',*,*,#3985,.T.);
#3985 = EDGE_CURVE('',#3963,#3986,#3988,.T.);
#3986 = VERTEX_POINT('',#3987);
#3987 = CARTESIAN_POINT('',(-26.,-0.47634686435,6.783295192222));
#3988 = SURFACE_CURVE('',#3989,(#3999,#4012),.PCURVE_S1.);
#3989 = B_SPLINE_CURVE_WITH_KNOTS('',3,(#3990,#3991,#3992,#3993,#3994,
    #3995,#3996,#3997,#3998),.UNSPECIFIED.,.F.,.F.,(4,1,1,1,1,1,4),(0.,
    0.196584002052,0.400094009028,0.610292631862,0.827157572637,
    1.05068162281,1.28086153844),.UNSPECIFIED.);
#3990 = CARTESIAN_POINT('',(-26.,6.147939593527E-02,5.637820523927));
#3991 = CARTESIAN_POINT('',(-26.,5.645073053727E-02,5.703603365784));
#3992 = CARTESIAN_POINT('',(-26.,3.345279968555E-02,5.835128675261));
#3993 = CARTESIAN_POINT('',(-26.,-3.148930029689E-02,6.028625871812));
#3994 = CARTESIAN_POINT('',(-26.,-0.116026196138,6.221237606913));
#3995 = CARTESIAN_POINT('',(-26.,-0.219352002791,6.412182499977));
#3996 = CARTESIAN_POINT('',(-26.,-0.339524828612,6.600825249098));
#3997 = CARTESIAN_POINT('',(-26.,-0.429149677254,6.722829825426));
#3998 = CARTESIAN_POINT('',(-26.,-0.47634686435,6.783295192222));
#3999 = PCURVE('',#72,#4000);
#4000 = DEFINITIONAL_REPRESENTATION('',(#4001),#4011);
#4001 = B_SPLINE_CURVE_WITH_KNOTS('',3,(#4002,#4003,#4004,#4005,#4006,
    #4007,#4008,#4009,#4010),.UNSPECIFIED.,.F.,.F.,(4,1,1,1,1,1,4),(0.,
    0.196584002052,0.400094009028,0.610292631862,0.827157572637,
    1.05068162281,1.28086153844),.UNSPECIFIED.);
#4002 = CARTESIAN_POINT('',(5.637820523927,-6.147939593527E-02));
#4003 = CARTESIAN_POINT('',(5.703603365784,-5.645073053727E-02));
#4004 = CARTESIAN_POINT('',(5.835128675261,-3.345279968556E-02));
#4005 = CARTESIAN_POINT('',(6.028625871812,3.148930029689E-02));
#4006 = CARTESIAN_POINT('',(6.221237606913,0.116026196138));
#4007 = CARTESIAN_POINT('',(6.412182499977,0.219352002791));
#4008 = CARTESIAN_POINT('',(6.600825249098,0.339524828612));
#4009 = CARTESIAN_POINT('',(6.722829825426,0.429149677254));
#4010 = CARTESIAN_POINT('',(6.783295192222,0.47634686435));
#4011 = ( GEOMETRIC_REPRESENTATION_CONTEXT(2) 
PARAMETRIC_REPRESENTATION_CONTEXT() REPRESENTATION_CONTEXT('2D SPACE',''
  ) );
#4012 = PCURVE('',#1134,#4013);
#4013 = DEFINITIONAL_REPRESENTATION('',(#4014),#4018);
#4014 = LINE('',#4015,#4016);
#4015 = CARTESIAN_POINT('',(0.,-8.));
#4016 = VECTOR('',#4017,1.);
#4017 = DIRECTION('',(1.,0.));
#4018 = ( GEOMETRIC_REPRESENTATION_CONTEXT(2) 
PARAMETRIC_REPRESENTATION_CONTEXT() REPRESENTATION_CONTEXT('2D SPACE',''
  ) );
#4019 = ORIENTED_EDGE('',*,*,#4020,.T.);
#4020 = EDGE_CURVE('',#3986,#4021,#4023,.T.);
#4021 = VERTEX_POINT('',#4022);
#4022 = CARTESIAN_POINT('',(-26.,-0.94438883025,6.734101999324));
#4023 = SURFACE_CURVE('',#4024,(#4028,#4035),.PCURVE_S1.);
#4024 = LINE('',#4025,#4026);
#4025 = CARTESIAN_POINT('',(-26.,-0.47634686435,6.783295192222));
#4026 = VECTOR('',#4027,1.);
#4027 = DIRECTION('',(0.,-0.994521895368,-0.104528463268));
#4028 = PCURVE('',#72,#4029);
#4029 = DEFINITIONAL_REPRESENTATION('',(#4030),#4034);
#4030 = LINE('',#4031,#4032);
#4031 = CARTESIAN_POINT('',(6.783295192222,0.47634686435));
#4032 = VECTOR('',#4033,1.);
#4033 = DIRECTION('',(-0.104528463268,0.994521895368));
#4034 = ( GEOMETRIC_REPRESENTATION_CONTEXT(2) 
PARAMETRIC_REPRESENTATION_CONTEXT() REPRESENTATION_CONTEXT('2D SPACE',''
  ) );
#4035 = PCURVE('',#1170,#4036);
#4036 = DEFINITIONAL_REPRESENTATION('',(#4037),#4041);
#4037 = LINE('',#4038,#4039);
#4038 = CARTESIAN_POINT('',(0.,-8.));
#4039 = VECTOR('',#4040,1.);
#4040 = DIRECTION('',(1.,0.));
#4041 = ( GEOMETRIC_REPRESENTATION_CONTEXT(2) 
PARAMETRIC_REPRESENTATION_CONTEXT() REPRESENTATION_CONTEXT('2D SPACE',''
  ) );
#4042 = ORIENTED_EDGE('',*,*,#4043,.T.);
#4043 = EDGE_CURVE('',#4021,#4044,#4046,.T.);
#4044 = VERTEX_POINT('',#4045);
#4045 = CARTESIAN_POINT('',(-26.,-1.232304721285,5.501838333688));
#4046 = SURFACE_CURVE('',#4047,(#4057,#4070),.PCURVE_S1.);
#4047 = B_SPLINE_CURVE_WITH_KNOTS('',3,(#4048,#4049,#4050,#4051,#4052,
    #4053,#4054,#4055,#4056),.UNSPECIFIED.,.F.,.F.,(4,1,1,1,1,1,4),(0.,
    0.230179915631,0.453703965803,0.670568906579,0.880767529413,
    1.084277536388,1.28086153844),.UNSPECIFIED.);
#4048 = CARTESIAN_POINT('',(-26.,-0.94438883025,6.734101999324));
#4049 = CARTESIAN_POINT('',(-26.,-0.977983188923,6.665145098894));
#4050 = CARTESIAN_POINT('',(-26.,-1.040283341837,6.52717256146));
#4051 = CARTESIAN_POINT('',(-26.,-1.118609070156,6.317666773605));
#4052 = CARTESIAN_POINT('',(-26.,-1.179977284458,6.109411841415));
#4053 = CARTESIAN_POINT('',(-26.,-1.222620614782,5.903432925902));
#4054 = CARTESIAN_POINT('',(-26.,-1.245913244763,5.700661885534));
#4055 = CARTESIAN_POINT('',(-26.,-1.241062966169,5.567229180944));
#4056 = CARTESIAN_POINT('',(-26.,-1.232304721285,5.501838333688));
#4057 = PCURVE('',#72,#4058);
#4058 = DEFINITIONAL_REPRESENTATION('',(#4059),#4069);
#4059 = B_SPLINE_CURVE_WITH_KNOTS('',3,(#4060,#4061,#4062,#4063,#4064,
    #4065,#4066,#4067,#4068),.UNSPECIFIED.,.F.,.F.,(4,1,1,1,1,1,4),(0.,
    0.230179915631,0.453703965803,0.670568906579,0.880767529413,
    1.084277536388,1.28086153844),.UNSPECIFIED.);
#4060 = CARTESIAN_POINT('',(6.734101999324,0.94438883025));
#4061 = CARTESIAN_POINT('',(6.665145098894,0.977983188923));
#4062 = CARTESIAN_POINT('',(6.52717256146,1.040283341837));
#4063 = CARTESIAN_POINT('',(6.317666773605,1.118609070156));
#4064 = CARTESIAN_POINT('',(6.109411841415,1.179977284458));
#4065 = CARTESIAN_POINT('',(5.903432925902,1.222620614782));
#4066 = CARTESIAN_POINT('',(5.700661885534,1.245913244763));
#4067 = CARTESIAN_POINT('',(5.567229180944,1.241062966169));
#4068 = CARTESIAN_POINT('',(5.501838333688,1.232304721285));
#4069 = ( GEOMETRIC_REPRESENTATION_CONTEXT(2) 
PARAMETRIC_REPRESENTATION_CONTEXT() REPRESENTATION_CONTEXT('2D SPACE',''
  ) );
#4070 = PCURVE('',#1210,#4071);
#4071 = DEFINITIONAL_REPRESENTATION('',(#4072),#4076);
#4072 = LINE('',#4073,#4074);
#4073 = CARTESIAN_POINT('',(0.,-8.));
#4074 = VECTOR('',#4075,1.);
#4075 = DIRECTION('',(1.,0.));
#4076 = ( GEOMETRIC_REPRESENTATION_CONTEXT(2) 
PARAMETRIC_REPRESENTATION_CONTEXT() REPRESENTATION_CONTEXT('2D SPACE',''
  ) );
#4077 = ORIENTED_EDGE('',*,*,#4078,.T.);
#4078 = EDGE_CURVE('',#4044,#4079,#4081,.T.);
#4079 = VERTEX_POINT('',#4080);
#4080 = CARTESIAN_POINT('',(-26.,-1.092826077758,4.879111718722));
#4081 = SURFACE_CURVE('',#4082,(#4086,#4093),.PCURVE_S1.);
#4082 = LINE('',#4083,#4084);
#4083 = CARTESIAN_POINT('',(-26.,-1.232304721285,5.501838333688));
#4084 = VECTOR('',#4085,1.);
#4085 = DIRECTION('',(0.,0.218565215552,-0.975822343744));
#4086 = PCURVE('',#72,#4087);
#4087 = DEFINITIONAL_REPRESENTATION('',(#4088),#4092);
#4088 = LINE('',#4089,#4090);
#4089 = CARTESIAN_POINT('',(5.501838333688,1.232304721285));
#4090 = VECTOR('',#4091,1.);
#4091 = DIRECTION('',(-0.975822343744,-0.218565215552));
#4092 = ( GEOMETRIC_REPRESENTATION_CONTEXT(2) 
PARAMETRIC_REPRESENTATION_CONTEXT() REPRESENTATION_CONTEXT('2D SPACE',''
  ) );
#4093 = PCURVE('',#1246,#4094);
#4094 = DEFINITIONAL_REPRESENTATION('',(#4095),#4099);
#4095 = LINE('',#4096,#4097);
#4096 = CARTESIAN_POINT('',(0.,-8.));
#4097 = VECTOR('',#4098,1.);
#4098 = DIRECTION('',(1.,0.));
#4099 = ( GEOMETRIC_REPRESENTATION_CONTEXT(2) 
PARAMETRIC_REPRESENTATION_CONTEXT() REPRESENTATION_CONTEXT('2D SPACE',''
  ) );
#4100 = ORIENTED_EDGE('',*,*,#4101,.T.);
#4101 = EDGE_CURVE('',#4079,#4102,#4104,.T.);
#4102 = VERTEX_POINT('',#4103);
#4103 = CARTESIAN_POINT('',(-26.,-1.98375504375,4.589631349727));
#4104 = SURFACE_CURVE('',#4105,(#4109,#4116),.PCURVE_S1.);
#4105 = LINE('',#4106,#4107);
#4106 = CARTESIAN_POINT('',(-26.,-1.092826077758,4.879111718722));
#4107 = VECTOR('',#4108,1.);
#4108 = DIRECTION('',(0.,-0.951056516295,-0.309016994375));
#4109 = PCURVE('',#72,#4110);
#4110 = DEFINITIONAL_REPRESENTATION('',(#4111),#4115);
#4111 = LINE('',#4112,#4113);
#4112 = CARTESIAN_POINT('',(4.879111718722,1.092826077758));
#4113 = VECTOR('',#4114,1.);
#4114 = DIRECTION('',(-0.309016994375,0.951056516295));
#4115 = ( GEOMETRIC_REPRESENTATION_CONTEXT(2) 
PARAMETRIC_REPRESENTATION_CONTEXT() REPRESENTATION_CONTEXT('2D SPACE',''
  ) );
#4116 = PCURVE('',#1274,#4117);
#4117 = DEFINITIONAL_REPRESENTATION('',(#4118),#4122);
#4118 = LINE('',#4119,#4120);
#4119 = CARTESIAN_POINT('',(0.,-8.));
#4120 = VECTOR('',#4121,1.);
#4121 = DIRECTION('',(1.,0.));
#4122 = ( GEOMETRIC_REPRESENTATION_CONTEXT(2) 
PARAMETRIC_REPRESENTATION_CONTEXT() REPRESENTATION_CONTEXT('2D SPACE',''
  ) );
#4123 = ORIENTED_EDGE('',*,*,#4124,.T.);
#4124 = EDGE_CURVE('',#4102,#4125,#4127,.T.);
#4125 = VERTEX_POINT('',#4126);
#4126 = CARTESIAN_POINT('',(-26.,-2.236943971271,5.175411253759));
#4127 = SURFACE_CURVE('',#4128,(#4132,#4139),.PCURVE_S1.);
#4128 = LINE('',#4129,#4130);
#4129 = CARTESIAN_POINT('',(-26.,-1.98375504375,4.589631349727));
#4130 = VECTOR('',#4131,1.);
#4131 = DIRECTION('',(0.,-0.39675100875,0.917926269945));
#4132 = PCURVE('',#72,#4133);
#4133 = DEFINITIONAL_REPRESENTATION('',(#4134),#4138);
#4134 = LINE('',#4135,#4136);
#4135 = CARTESIAN_POINT('',(4.589631349727,1.98375504375));
#4136 = VECTOR('',#4137,1.);
#4137 = DIRECTION('',(0.917926269945,0.39675100875));
#4138 = ( GEOMETRIC_REPRESENTATION_CONTEXT(2) 
PARAMETRIC_REPRESENTATION_CONTEXT() REPRESENTATION_CONTEXT('2D SPACE',''
  ) );
#4139 = PCURVE('',#1302,#4140);
#4140 = DEFINITIONAL_REPRESENTATION('',(#4141),#4145);
#4141 = LINE('',#4142,#4143);
#4142 = CARTESIAN_POINT('',(0.,-8.));
#4143 = VECTOR('',#4144,1.);
#4144 = DIRECTION('',(1.,0.));
#4145 = ( GEOMETRIC_REPRESENTATION_CONTEXT(2) 
PARAMETRIC_REPRESENTATION_CONTEXT() REPRESENTATION_CONTEXT('2D SPACE',''
  ) );
#4146 = ORIENTED_EDGE('',*,*,#4147,.T.);
#4147 = EDGE_CURVE('',#4125,#4148,#4150,.T.);
#4148 = VERTEX_POINT('',#4149);
#4149 = CARTESIAN_POINT('',(-26.,-3.194179229666,6.003100786158));
#4150 = SURFACE_CURVE('',#4151,(#4161,#4174),.PCURVE_S1.);
#4151 = B_SPLINE_CURVE_WITH_KNOTS('',3,(#4152,#4153,#4154,#4155,#4156,
    #4157,#4158,#4159,#4160),.UNSPECIFIED.,.F.,.F.,(4,1,1,1,1,1,4),(0.,
    0.196584002052,0.400094009028,0.610292631862,0.827157572637,
    1.05068162281,1.28086153844),.UNSPECIFIED.);
#4152 = CARTESIAN_POINT('',(-26.,-2.236943971271,5.175411253759));
#4153 = CARTESIAN_POINT('',(-26.,-2.268294177972,5.233461527644));
#4154 = CARTESIAN_POINT('',(-26.,-2.342799996093,5.34426177549));
#4155 = CARTESIAN_POINT('',(-26.,-2.480829956711,5.494615928725));
#4156 = CARTESIAN_POINT('',(-26.,-2.636400504462,5.636191251185));
#4157 = CARTESIAN_POINT('',(-26.,-2.808457610604,5.768601699163));
#4158 = CARTESIAN_POINT('',(-26.,-2.994968868283,5.892056733976));
#4159 = CARTESIAN_POINT('',(-26.,-3.126468973468,5.967059750419));
#4160 = CARTESIAN_POINT('',(-26.,-3.194179229666,6.003100786158));
#4161 = PCURVE('',#72,#4162);
#4162 = DEFINITIONAL_REPRESENTATION('',(#4163),#4173);
#4163 = B_SPLINE_CURVE_WITH_KNOTS('',3,(#4164,#4165,#4166,#4167,#4168,
    #4169,#4170,#4171,#4172),.UNSPECIFIED.,.F.,.F.,(4,1,1,1,1,1,4),(0.,
    0.196584002052,0.400094009028,0.610292631862,0.827157572637,
    1.05068162281,1.28086153844),.UNSPECIFIED.);
#4164 = CARTESIAN_POINT('',(5.175411253759,2.236943971271));
#4165 = CARTESIAN_POINT('',(5.233461527644,2.268294177972));
#4166 = CARTESIAN_POINT('',(5.34426177549,2.342799996093));
#4167 = CARTESIAN_POINT('',(5.494615928725,2.480829956711));
#4168 = CARTESIAN_POINT('',(5.636191251185,2.636400504462));
#4169 = CARTESIAN_POINT('',(5.768601699163,2.808457610604));
#4170 = CARTESIAN_POINT('',(5.892056733976,2.994968868283));
#4171 = CARTESIAN_POINT('',(5.967059750419,3.126468973468));
#4172 = CARTESIAN_POINT('',(6.003100786158,3.194179229666));
#4173 = ( GEOMETRIC_REPRESENTATION_CONTEXT(2) 
PARAMETRIC_REPRESENTATION_CONTEXT() REPRESENTATION_CONTEXT('2D SPACE',''
  ) );
#4174 = PCURVE('',#1342,#4175);
#4175 = DEFINITIONAL_REPRESENTATION('',(#4176),#4180);
#4176 = LINE('',#4177,#4178);
#4177 = CARTESIAN_POINT('',(0.,-8.));
#4178 = VECTOR('',#4179,1.);
#4179 = DIRECTION('',(1.,0.));
#4180 = ( GEOMETRIC_REPRESENTATION_CONTEXT(2) 
PARAMETRIC_REPRESENTATION_CONTEXT() REPRESENTATION_CONTEXT('2D SPACE',''
  ) );
#4181 = ORIENTED_EDGE('',*,*,#4182,.T.);
#4182 = EDGE_CURVE('',#4148,#4183,#4185,.T.);
#4183 = VERTEX_POINT('',#4184);
#4184 = CARTESIAN_POINT('',(-26.,-3.601748167458,5.76779075021));
#4185 = SURFACE_CURVE('',#4186,(#4190,#4197),.PCURVE_S1.);
#4186 = LINE('',#4187,#4188);
#4187 = CARTESIAN_POINT('',(-26.,-3.194179229666,6.003100786158));
#4188 = VECTOR('',#4189,1.);
#4189 = DIRECTION('',(0.,-0.866025403784,-0.5));
#4190 = PCURVE('',#72,#4191);
#4191 = DEFINITIONAL_REPRESENTATION('',(#4192),#4196);
#4192 = LINE('',#4193,#4194);
#4193 = CARTESIAN_POINT('',(6.003100786158,3.194179229666));
#4194 = VECTOR('',#4195,1.);
#4195 = DIRECTION('',(-0.5,0.866025403784));
#4196 = ( GEOMETRIC_REPRESENTATION_CONTEXT(2) 
PARAMETRIC_REPRESENTATION_CONTEXT() REPRESENTATION_CONTEXT('2D SPACE',''
  ) );
#4197 = PCURVE('',#1378,#4198);
#4198 = DEFINITIONAL_REPRESENTATION('',(#4199),#4203);
#4199 = LINE('',#4200,#4201);
#4200 = CARTESIAN_POINT('',(0.,-8.));
#4201 = VECTOR('',#4202,1.);
#4202 = DIRECTION('',(1.,0.));
#4203 = ( GEOMETRIC_REPRESENTATION_CONTEXT(2) 
PARAMETRIC_REPRESENTATION_CONTEXT() REPRESENTATION_CONTEXT('2D SPACE',''
  ) );
#4204 = ORIENTED_EDGE('',*,*,#4205,.T.);
#4205 = EDGE_CURVE('',#4183,#4206,#4208,.T.);
#4206 = VERTEX_POINT('',#4207);
#4207 = CARTESIAN_POINT('',(-26.,-3.363565635152,4.524955932843));
#4208 = SURFACE_CURVE('',#4209,(#4219,#4232),.PCURVE_S1.);
#4209 = B_SPLINE_CURVE_WITH_KNOTS('',3,(#4210,#4211,#4212,#4213,#4214,
    #4215,#4216,#4217,#4218),.UNSPECIFIED.,.F.,.F.,(4,1,1,1,1,1,4),(0.,
    0.230179915631,0.453703965803,0.670568906579,0.880767529413,
    1.084277536388,1.28086153844),.UNSPECIFIED.);
#4210 = CARTESIAN_POINT('',(-26.,-3.601748167458,5.76779075021));
#4211 = CARTESIAN_POINT('',(-26.,-3.604390843029,5.691131430377));
#4212 = CARTESIAN_POINT('',(-26.,-3.605186378021,5.539747490465));
#4213 = CARTESIAN_POINT('',(-26.,-3.591526810487,5.316496485817));
#4214 = CARTESIAN_POINT('',(-26.,-3.562884551883,5.101285437007));
#4215 = CARTESIAN_POINT('',(-26.,-3.518061999959,4.895769729344));
#4216 = CARTESIAN_POINT('',(-26.,-3.456866464002,4.701055200347));
#4217 = CARTESIAN_POINT('',(-26.,-3.398163543683,4.581131145202));
#4218 = CARTESIAN_POINT('',(-26.,-3.363565635152,4.524955932843));
#4219 = PCURVE('',#72,#4220);
#4220 = DEFINITIONAL_REPRESENTATION('',(#4221),#4231);
#4221 = B_SPLINE_CURVE_WITH_KNOTS('',3,(#4222,#4223,#4224,#4225,#4226,
    #4227,#4228,#4229,#4230),.UNSPECIFIED.,.F.,.F.,(4,1,1,1,1,1,4),(0.,
    0.230179915631,0.453703965803,0.670568906579,0.880767529413,
    1.084277536388,1.28086153844),.UNSPECIFIED.);
#4222 = CARTESIAN_POINT('',(5.76779075021,3.601748167458));
#4223 = CARTESIAN_POINT('',(5.691131430377,3.604390843029));
#4224 = CARTESIAN_POINT('',(5.539747490465,3.605186378021));
#4225 = CARTESIAN_POINT('',(5.316496485817,3.591526810487));
#4226 = CARTESIAN_POINT('',(5.101285437007,3.562884551883));
#4227 = CARTESIAN_POINT('',(4.895769729344,3.518061999959));
#4228 = CARTESIAN_POINT('',(4.701055200347,3.456866464002));
#4229 = CARTESIAN_POINT('',(4.581131145202,3.398163543683));
#4230 = CARTESIAN_POINT('',(4.524955932843,3.363565635152));
#4231 = ( GEOMETRIC_REPRESENTATION_CONTEXT(2) 
PARAMETRIC_REPRESENTATION_CONTEXT() REPRESENTATION_CONTEXT('2D SPACE',''
  ) );
#4232 = PCURVE('',#1418,#4233);
#4233 = DEFINITIONAL_REPRESENTATION('',(#4234),#4238);
#4234 = LINE('',#4235,#4236);
#4235 = CARTESIAN_POINT('',(0.,-8.));
#4236 = VECTOR('',#4237,1.);
#4237 = DIRECTION('',(1.,0.));
#4238 = ( GEOMETRIC_REPRESENTATION_CONTEXT(2) 
PARAMETRIC_REPRESENTATION_CONTEXT() REPRESENTATION_CONTEXT('2D SPACE',''
  ) );
#4239 = ORIENTED_EDGE('',*,*,#4240,.T.);
#4240 = EDGE_CURVE('',#4206,#4241,#4243,.T.);
#4241 = VERTEX_POINT('',#4242);
#4242 = CARTESIAN_POINT('',(-26.,-2.982859820994,4.012797937637));
#4243 = SURFACE_CURVE('',#4244,(#4248,#4255),.PCURVE_S1.);
#4244 = LINE('',#4245,#4246);
#4245 = CARTESIAN_POINT('',(-26.,-3.363565635152,4.524955932843));
#4246 = VECTOR('',#4247,1.);
#4247 = DIRECTION('',(0.,0.596571964199,-0.802559587527));
#4248 = PCURVE('',#72,#4249);
#4249 = DEFINITIONAL_REPRESENTATION('',(#4250),#4254);
#4250 = LINE('',#4251,#4252);
#4251 = CARTESIAN_POINT('',(4.524955932843,3.363565635152));
#4252 = VECTOR('',#4253,1.);
#4253 = DIRECTION('',(-0.802559587527,-0.596571964199));
#4254 = ( GEOMETRIC_REPRESENTATION_CONTEXT(2) 
PARAMETRIC_REPRESENTATION_CONTEXT() REPRESENTATION_CONTEXT('2D SPACE',''
  ) );
#4255 = PCURVE('',#1454,#4256);
#4256 = DEFINITIONAL_REPRESENTATION('',(#4257),#4261);
#4257 = LINE('',#4258,#4259);
#4258 = CARTESIAN_POINT('',(0.,-8.));
#4259 = VECTOR('',#4260,1.);
#4260 = DIRECTION('',(1.,0.));
#4261 = ( GEOMETRIC_REPRESENTATION_CONTEXT(2) 
PARAMETRIC_REPRESENTATION_CONTEXT() REPRESENTATION_CONTEXT('2D SPACE',''
  ) );
#4262 = ORIENTED_EDGE('',*,*,#4263,.T.);
#4263 = EDGE_CURVE('',#4241,#4264,#4266,.T.);
#4264 = VERTEX_POINT('',#4265);
#4265 = CARTESIAN_POINT('',(-26.,-3.679021657437,3.385971004617));
#4266 = SURFACE_CURVE('',#4267,(#4271,#4278),.PCURVE_S1.);
#4267 = LINE('',#4268,#4269);
#4268 = CARTESIAN_POINT('',(-26.,-2.982859820994,4.012797937637));
#4269 = VECTOR('',#4270,1.);
#4270 = DIRECTION('',(0.,-0.743144825477,-0.669130606359));
#4271 = PCURVE('',#72,#4272);
#4272 = DEFINITIONAL_REPRESENTATION('',(#4273),#4277);
#4273 = LINE('',#4274,#4275);
#4274 = CARTESIAN_POINT('',(4.012797937637,2.982859820994));
#4275 = VECTOR('',#4276,1.);
#4276 = DIRECTION('',(-0.669130606359,0.743144825477));
#4277 = ( GEOMETRIC_REPRESENTATION_CONTEXT(2) 
PARAMETRIC_REPRESENTATION_CONTEXT() REPRESENTATION_CONTEXT('2D SPACE',''
  ) );
#4278 = PCURVE('',#1482,#4279);
#4279 = DEFINITIONAL_REPRESENTATION('',(#4280),#4284);
#4280 = LINE('',#4281,#4282);
#4281 = CARTESIAN_POINT('',(0.,-8.));
#4282 = VECTOR('',#4283,1.);
#4283 = DIRECTION('',(1.,0.));
#4284 = ( GEOMETRIC_REPRESENTATION_CONTEXT(2) 
PARAMETRIC_REPRESENTATION_CONTEXT() REPRESENTATION_CONTEXT('2D SPACE',''
  ) );
#4285 = ORIENTED_EDGE('',*,*,#4286,.T.);
#4286 = EDGE_CURVE('',#4264,#4287,#4289,.T.);
#4287 = VERTEX_POINT('',#4288);
#4288 = CARTESIAN_POINT('',(-26.,-4.148579403846,3.818126360681));
#4289 = SURFACE_CURVE('',#4290,(#4294,#4301),.PCURVE_S1.);
#4290 = LINE('',#4291,#4292);
#4291 = CARTESIAN_POINT('',(-26.,-3.679021657437,3.385971004617));
#4292 = VECTOR('',#4293,1.);
#4293 = DIRECTION('',(0.,-0.735804331487,0.677194200923));
#4294 = PCURVE('',#72,#4295);
#4295 = DEFINITIONAL_REPRESENTATION('',(#4296),#4300);
#4296 = LINE('',#4297,#4298);
#4297 = CARTESIAN_POINT('',(3.385971004617,3.679021657437));
#4298 = VECTOR('',#4299,1.);
#4299 = DIRECTION('',(0.677194200923,0.735804331487));
#4300 = ( GEOMETRIC_REPRESENTATION_CONTEXT(2) 
PARAMETRIC_REPRESENTATION_CONTEXT() REPRESENTATION_CONTEXT('2D SPACE',''
  ) );
#4301 = PCURVE('',#1510,#4302);
#4302 = DEFINITIONAL_REPRESENTATION('',(#4303),#4307);
#4303 = LINE('',#4304,#4305);
#4304 = CARTESIAN_POINT('',(0.,-8.));
#4305 = VECTOR('',#4306,1.);
#4306 = DIRECTION('',(1.,0.));
#4307 = ( GEOMETRIC_REPRESENTATION_CONTEXT(2) 
PARAMETRIC_REPRESENTATION_CONTEXT() REPRESENTATION_CONTEXT('2D SPACE',''
  ) );
#4308 = ORIENTED_EDGE('',*,*,#4309,.T.);
#4309 = EDGE_CURVE('',#4287,#4310,#4312,.T.);
#4310 = VERTEX_POINT('',#4311);
#4311 = CARTESIAN_POINT('',(-26.,-5.359708987965,4.184915717709));
#4312 = SURFACE_CURVE('',#4313,(#4323,#4336),.PCURVE_S1.);
#4313 = B_SPLINE_CURVE_WITH_KNOTS('',3,(#4314,#4315,#4316,#4317,#4318,
    #4319,#4320,#4321,#4322),.UNSPECIFIED.,.F.,.F.,(4,1,1,1,1,1,4),(0.,
    0.196584002052,0.400094009028,0.610292631862,0.827157572637,
    1.05068162281,1.28086153844),.UNSPECIFIED.);
#4314 = CARTESIAN_POINT('',(-26.,-4.148579403846,3.818126360681));
#4315 = CARTESIAN_POINT('',(-26.,-4.200830416304,3.85840664687));
#4316 = CARTESIAN_POINT('',(-26.,-4.313961388877,3.929323463643));
#4317 = CARTESIAN_POINT('',(-26.,-4.501212575977,4.010536974542));
#4318 = CARTESIAN_POINT('',(-26.,-4.700917214618,4.076596224937));
#4319 = CARTESIAN_POINT('',(-26.,-4.911955383508,4.127577258462));
#4320 = CARTESIAN_POINT('',(-26.,-5.132555582191,4.164498081894));
#4321 = CARTESIAN_POINT('',(-26.,-5.28319338109,4.179530835529));
#4322 = CARTESIAN_POINT('',(-26.,-5.359708987965,4.184915717709));
#4323 = PCURVE('',#72,#4324);
#4324 = DEFINITIONAL_REPRESENTATION('',(#4325),#4335);
#4325 = B_SPLINE_CURVE_WITH_KNOTS('',3,(#4326,#4327,#4328,#4329,#4330,
    #4331,#4332,#4333,#4334),.UNSPECIFIED.,.F.,.F.,(4,1,1,1,1,1,4),(0.,
    0.196584002052,0.400094009028,0.610292631862,0.827157572637,
    1.05068162281,1.28086153844),.UNSPECIFIED.);
#4326 = CARTESIAN_POINT('',(3.818126360681,4.148579403846));
#4327 = CARTESIAN_POINT('',(3.85840664687,4.200830416304));
#4328 = CARTESIAN_POINT('',(3.929323463643,4.313961388877));
#4329 = CARTESIAN_POINT('',(4.010536974542,4.501212575977));
#4330 = CARTESIAN_POINT('',(4.076596224937,4.700917214618));
#4331 = CARTESIAN_POINT('',(4.127577258462,4.911955383508));
#4332 = CARTESIAN_POINT('',(4.164498081894,5.132555582191));
#4333 = CARTESIAN_POINT('',(4.179530835529,5.28319338109));
#4334 = CARTESIAN_POINT('',(4.184915717709,5.359708987965));
#4335 = ( GEOMETRIC_REPRESENTATION_CONTEXT(2) 
PARAMETRIC_REPRESENTATION_CONTEXT() REPRESENTATION_CONTEXT('2D SPACE',''
  ) );
#4336 = PCURVE('',#1550,#4337);
#4337 = DEFINITIONAL_REPRESENTATION('',(#4338),#4342);
#4338 = LINE('',#4339,#4340);
#4339 = CARTESIAN_POINT('',(0.,-8.));
#4340 = VECTOR('',#4341,1.);
#4341 = DIRECTION('',(1.,0.));
#4342 = ( GEOMETRIC_REPRESENTATION_CONTEXT(2) 
PARAMETRIC_REPRESENTATION_CONTEXT() REPRESENTATION_CONTEXT('2D SPACE',''
  ) );
#4343 = ORIENTED_EDGE('',*,*,#4344,.T.);
#4344 = EDGE_CURVE('',#4310,#4345,#4347,.T.);
#4345 = VERTEX_POINT('',#4346);
#4346 = CARTESIAN_POINT('',(-26.,-5.636332525658,3.804176081651));
#4347 = SURFACE_CURVE('',#4348,(#4352,#4359),.PCURVE_S1.);
#4348 = LINE('',#4349,#4350);
#4349 = CARTESIAN_POINT('',(-26.,-5.359708987965,4.184915717709));
#4350 = VECTOR('',#4351,1.);
#4351 = DIRECTION('',(0.,-0.587785252292,-0.809016994375));
#4352 = PCURVE('',#72,#4353);
#4353 = DEFINITIONAL_REPRESENTATION('',(#4354),#4358);
#4354 = LINE('',#4355,#4356);
#4355 = CARTESIAN_POINT('',(4.184915717709,5.359708987965));
#4356 = VECTOR('',#4357,1.);
#4357 = DIRECTION('',(-0.809016994375,0.587785252292));
#4358 = ( GEOMETRIC_REPRESENTATION_CONTEXT(2) 
PARAMETRIC_REPRESENTATION_CONTEXT() REPRESENTATION_CONTEXT('2D SPACE',''
  ) );
#4359 = PCURVE('',#1586,#4360);
#4360 = DEFINITIONAL_REPRESENTATION('',(#4361),#4365);
#4361 = LINE('',#4362,#4363);
#4362 = CARTESIAN_POINT('',(0.,-8.));
#4363 = VECTOR('',#4364,1.);
#4364 = DIRECTION('',(1.,0.));
#4365 = ( GEOMETRIC_REPRESENTATION_CONTEXT(2) 
PARAMETRIC_REPRESENTATION_CONTEXT() REPRESENTATION_CONTEXT('2D SPACE',''
  ) );
#4366 = ORIENTED_EDGE('',*,*,#4367,.T.);
#4367 = EDGE_CURVE('',#4345,#4368,#4370,.T.);
#4368 = VERTEX_POINT('',#4369);
#4369 = CARTESIAN_POINT('',(-26.,-4.913235493666,2.765667543274));
#4370 = SURFACE_CURVE('',#4371,(#4381,#4394),.PCURVE_S1.);
#4371 = B_SPLINE_CURVE_WITH_KNOTS('',3,(#4372,#4373,#4374,#4375,#4376,
    #4377,#4378,#4379,#4380),.UNSPECIFIED.,.F.,.F.,(4,1,1,1,1,1,4),(0.,
    0.230179915631,0.453703965803,0.670568906579,0.880767529413,
    1.084277536388,1.28086153844),.UNSPECIFIED.);
#4372 = CARTESIAN_POINT('',(-26.,-5.636332525658,3.804176081651));
#4373 = CARTESIAN_POINT('',(-26.,-5.607566575512,3.733069435241));
#4374 = CARTESIAN_POINT('',(-26.,-5.546719937355,3.594449751342));
#4375 = CARTESIAN_POINT('',(-26.,-5.443436937287,3.396055656776));
#4376 = CARTESIAN_POINT('',(-26.,-5.329736712497,3.211100436816));
#4377 = CARTESIAN_POINT('',(-26.,-5.205198504752,3.04158346991));
#4378 = CARTESIAN_POINT('',(-26.,-5.07009606697,2.888593363275));
#4379 = CARTESIAN_POINT('',(-26.,-4.967690773148,2.802913916184));
#4380 = CARTESIAN_POINT('',(-26.,-4.913235493666,2.765667543274));
#4381 = PCURVE('',#72,#4382);
#4382 = DEFINITIONAL_REPRESENTATION('',(#4383),#4393);
#4383 = B_SPLINE_CURVE_WITH_KNOTS('',3,(#4384,#4385,#4386,#4387,#4388,
    #4389,#4390,#4391,#4392),.UNSPECIFIED.,.F.,.F.,(4,1,1,1,1,1,4),(0.,
    0.230179915631,0.453703965803,0.670568906579,0.880767529413,
    1.084277536388,1.28086153844),.UNSPECIFIED.);
#4384 = CARTESIAN_POINT('',(3.804176081651,5.636332525658));
#4385 = CARTESIAN_POINT('',(3.733069435241,5.607566575512));
#4386 = CARTESIAN_POINT('',(3.594449751342,5.546719937355));
#4387 = CARTESIAN_POINT('',(3.396055656776,5.443436937287));
#4388 = CARTESIAN_POINT('',(3.211100436816,5.329736712497));
#4389 = CARTESIAN_POINT('',(3.04158346991,5.205198504752));
#4390 = CARTESIAN_POINT('',(2.888593363275,5.07009606697));
#4391 = CARTESIAN_POINT('',(2.802913916184,4.967690773148));
#4392 = CARTESIAN_POINT('',(2.765667543274,4.913235493666));
#4393 = ( GEOMETRIC_REPRESENTATION_CONTEXT(2) 
PARAMETRIC_REPRESENTATION_CONTEXT() REPRESENTATION_CONTEXT('2D SPACE',''
  ) );
#4394 = PCURVE('',#1626,#4395);
#4395 = DEFINITIONAL_REPRESENTATION('',(#4396),#4400);
#4396 = LINE('',#4397,#4398);
#4397 = CARTESIAN_POINT('',(0.,-8.));
#4398 = VECTOR('',#4399,1.);
#4399 = DIRECTION('',(1.,0.));
#4400 = ( GEOMETRIC_REPRESENTATION_CONTEXT(2) 
PARAMETRIC_REPRESENTATION_CONTEXT() REPRESENTATION_CONTEXT('2D SPACE',''
  ) );
#4401 = ORIENTED_EDGE('',*,*,#4402,.T.);
#4402 = EDGE_CURVE('',#4368,#4403,#4405,.T.);
#4403 = VERTEX_POINT('',#4404);
#4404 = CARTESIAN_POINT('',(-26.,-4.357130002749,2.452634938009));
#4405 = SURFACE_CURVE('',#4406,(#4410,#4417),.PCURVE_S1.);
#4406 = LINE('',#4407,#4408);
#4407 = CARTESIAN_POINT('',(-26.,-4.913235493666,2.765667543274));
#4408 = VECTOR('',#4409,1.);
#4409 = DIRECTION('',(0.,0.87142600055,-0.490526987602));
#4410 = PCURVE('',#72,#4411);
#4411 = DEFINITIONAL_REPRESENTATION('',(#4412),#4416);
#4412 = LINE('',#4413,#4414);
#4413 = CARTESIAN_POINT('',(2.765667543274,4.913235493666));
#4414 = VECTOR('',#4415,1.);
#4415 = DIRECTION('',(-0.490526987602,-0.87142600055));
#4416 = ( GEOMETRIC_REPRESENTATION_CONTEXT(2) 
PARAMETRIC_REPRESENTATION_CONTEXT() REPRESENTATION_CONTEXT('2D SPACE',''
  ) );
#4417 = PCURVE('',#1662,#4418);
#4418 = DEFINITIONAL_REPRESENTATION('',(#4419),#4423);
#4419 = LINE('',#4420,#4421);
#4420 = CARTESIAN_POINT('',(0.,-8.));
#4421 = VECTOR('',#4422,1.);
#4422 = DIRECTION('',(1.,0.));
#4423 = ( GEOMETRIC_REPRESENTATION_CONTEXT(2) 
PARAMETRIC_REPRESENTATION_CONTEXT() REPRESENTATION_CONTEXT('2D SPACE',''
  ) );
#4424 = ORIENTED_EDGE('',*,*,#4425,.T.);
#4425 = EDGE_CURVE('',#4403,#4426,#4428,.T.);
#4426 = VERTEX_POINT('',#4427);
#4427 = CARTESIAN_POINT('',(-26.,-4.73815200369,1.596845512229));
#4428 = SURFACE_CURVE('',#4429,(#4433,#4440),.PCURVE_S1.);
#4429 = LINE('',#4430,#4431);
#4430 = CARTESIAN_POINT('',(-26.,-4.357130002749,2.452634938009));
#4431 = VECTOR('',#4432,1.);
#4432 = DIRECTION('',(0.,-0.406736643076,-0.913545457643));
#4433 = PCURVE('',#72,#4434);
#4434 = DEFINITIONAL_REPRESENTATION('',(#4435),#4439);
#4435 = LINE('',#4436,#4437);
#4436 = CARTESIAN_POINT('',(2.452634938009,4.357130002749));
#4437 = VECTOR('',#4438,1.);
#4438 = DIRECTION('',(-0.913545457643,0.406736643076));
#4439 = ( GEOMETRIC_REPRESENTATION_CONTEXT(2) 
PARAMETRIC_REPRESENTATION_CONTEXT() REPRESENTATION_CONTEXT('2D SPACE',''
  ) );
#4440 = PCURVE('',#1690,#4441);
#4441 = DEFINITIONAL_REPRESENTATION('',(#4442),#4446);
#4442 = LINE('',#4443,#4444);
#4443 = CARTESIAN_POINT('',(0.,-8.));
#4444 = VECTOR('',#4445,1.);
#4445 = DIRECTION('',(1.,0.));
#4446 = ( GEOMETRIC_REPRESENTATION_CONTEXT(2) 
PARAMETRIC_REPRESENTATION_CONTEXT() REPRESENTATION_CONTEXT('2D SPACE',''
  ) );
#4447 = ORIENTED_EDGE('',*,*,#4448,.T.);
#4448 = EDGE_CURVE('',#4426,#4449,#4451,.T.);
#4449 = VERTEX_POINT('',#4450);
#4450 = CARTESIAN_POINT('',(-26.,-5.342887768836,1.800652733252));
#4451 = SURFACE_CURVE('',#4452,(#4456,#4463),.PCURVE_S1.);
#4452 = LINE('',#4453,#4454);
#4453 = CARTESIAN_POINT('',(-26.,-4.73815200369,1.596845512229));
#4454 = VECTOR('',#4455,1.);
#4455 = DIRECTION('',(0.,-0.947630400738,0.319369102446));
#4456 = PCURVE('',#72,#4457);
#4457 = DEFINITIONAL_REPRESENTATION('',(#4458),#4462);
#4458 = LINE('',#4459,#4460);
#4459 = CARTESIAN_POINT('',(1.596845512229,4.73815200369));
#4460 = VECTOR('',#4461,1.);
#4461 = DIRECTION('',(0.319369102446,0.947630400738));
#4462 = ( GEOMETRIC_REPRESENTATION_CONTEXT(2) 
PARAMETRIC_REPRESENTATION_CONTEXT() REPRESENTATION_CONTEXT('2D SPACE',''
  ) );
#4463 = PCURVE('',#1718,#4464);
#4464 = DEFINITIONAL_REPRESENTATION('',(#4465),#4469);
#4465 = LINE('',#4466,#4467);
#4466 = CARTESIAN_POINT('',(0.,-8.));
#4467 = VECTOR('',#4468,1.);
#4468 = DIRECTION('',(1.,0.));
#4469 = ( GEOMETRIC_REPRESENTATION_CONTEXT(2) 
PARAMETRIC_REPRESENTATION_CONTEXT() REPRESENTATION_CONTEXT('2D SPACE',''
  ) );
#4470 = ORIENTED_EDGE('',*,*,#4471,.T.);
#4471 = EDGE_CURVE('',#4449,#4472,#4474,.T.);
#4472 = VERTEX_POINT('',#4473);
#4473 = CARTESIAN_POINT('',(-26.,-6.598496370818,1.643120702902));
#4474 = SURFACE_CURVE('',#4475,(#4485,#4498),.PCURVE_S1.);
#4475 = B_SPLINE_CURVE_WITH_KNOTS('',3,(#4476,#4477,#4478,#4479,#4480,
    #4481,#4482,#4483,#4484),.UNSPECIFIED.,.F.,.F.,(4,1,1,1,1,1,4),(0.,
    0.196584002052,0.400094009028,0.610292631862,0.827157572637,
    1.05068162281,1.28086153844),.UNSPECIFIED.);
#4476 = CARTESIAN_POINT('',(-26.,-5.342887768836,1.800652733252));
#4477 = CARTESIAN_POINT('',(-26.,-5.40700491231,1.816198204328));
#4478 = CARTESIAN_POINT('',(-26.,-5.539199666415,1.834969428149));
#4479 = CARTESIAN_POINT('',(-26.,-5.743294648625,1.832999742877));
#4480 = CARTESIAN_POINT('',(-26.,-5.952602631875,1.812120676683));
#4481 = CARTESIAN_POINT('',(-26.,-6.16613144689,1.77285721191));
#4482 = CARTESIAN_POINT('',(-26.,-6.382676808134,1.716859878176));
#4483 = CARTESIAN_POINT('',(-26.,-6.526405656817,1.669323069329));
#4484 = CARTESIAN_POINT('',(-26.,-6.598496370818,1.643120702902));
#4485 = PCURVE('',#72,#4486);
#4486 = DEFINITIONAL_REPRESENTATION('',(#4487),#4497);
#4487 = B_SPLINE_CURVE_WITH_KNOTS('',3,(#4488,#4489,#4490,#4491,#4492,
    #4493,#4494,#4495,#4496),.UNSPECIFIED.,.F.,.F.,(4,1,1,1,1,1,4),(0.,
    0.196584002052,0.400094009028,0.610292631862,0.827157572637,
    1.05068162281,1.28086153844),.UNSPECIFIED.);
#4488 = CARTESIAN_POINT('',(1.800652733252,5.342887768836));
#4489 = CARTESIAN_POINT('',(1.816198204328,5.40700491231));
#4490 = CARTESIAN_POINT('',(1.834969428149,5.539199666415));
#4491 = CARTESIAN_POINT('',(1.832999742877,5.743294648625));
#4492 = CARTESIAN_POINT('',(1.812120676683,5.952602631875));
#4493 = CARTESIAN_POINT('',(1.77285721191,6.16613144689));
#4494 = CARTESIAN_POINT('',(1.716859878176,6.382676808134));
#4495 = CARTESIAN_POINT('',(1.669323069329,6.526405656817));
#4496 = CARTESIAN_POINT('',(1.643120702902,6.598496370818));
#4497 = ( GEOMETRIC_REPRESENTATION_CONTEXT(2) 
PARAMETRIC_REPRESENTATION_CONTEXT() REPRESENTATION_CONTEXT('2D SPACE',''
  ) );
#4498 = PCURVE('',#1758,#4499);
#4499 = DEFINITIONAL_REPRESENTATION('',(#4500),#4504);
#4500 = LINE('',#4501,#4502);
#4501 = CARTESIAN_POINT('',(0.,-8.));
#4502 = VECTOR('',#4503,1.);
#4503 = DIRECTION('',(1.,0.));
#4504 = ( GEOMETRIC_REPRESENTATION_CONTEXT(2) 
PARAMETRIC_REPRESENTATION_CONTEXT() REPRESENTATION_CONTEXT('2D SPACE',''
  ) );
#4505 = ORIENTED_EDGE('',*,*,#4506,.T.);
#4506 = EDGE_CURVE('',#4472,#4507,#4509,.T.);
#4507 = VERTEX_POINT('',#4508);
#4508 = CARTESIAN_POINT('',(-26.,-6.696343785698,1.18278480872));
#4509 = SURFACE_CURVE('',#4510,(#4514,#4521),.PCURVE_S1.);
#4510 = LINE('',#4511,#4512);
#4511 = CARTESIAN_POINT('',(-26.,-6.598496370818,1.643120702902));
#4512 = VECTOR('',#4513,1.);
#4513 = DIRECTION('',(0.,-0.207911690818,-0.978147600734));
#4514 = PCURVE('',#72,#4515);
#4515 = DEFINITIONAL_REPRESENTATION('',(#4516),#4520);
#4516 = LINE('',#4517,#4518);
#4517 = CARTESIAN_POINT('',(1.643120702902,6.598496370818));
#4518 = VECTOR('',#4519,1.);
#4519 = DIRECTION('',(-0.978147600734,0.207911690818));
#4520 = ( GEOMETRIC_REPRESENTATION_CONTEXT(2) 
PARAMETRIC_REPRESENTATION_CONTEXT() REPRESENTATION_CONTEXT('2D SPACE',''
  ) );
#4521 = PCURVE('',#1794,#4522);
#4522 = DEFINITIONAL_REPRESENTATION('',(#4523),#4527);
#4523 = LINE('',#4524,#4525);
#4524 = CARTESIAN_POINT('',(0.,-8.));
#4525 = VECTOR('',#4526,1.);
#4526 = DIRECTION('',(1.,0.));
#4527 = ( GEOMETRIC_REPRESENTATION_CONTEXT(2) 
PARAMETRIC_REPRESENTATION_CONTEXT() REPRESENTATION_CONTEXT('2D SPACE',''
  ) );
#4528 = ORIENTED_EDGE('',*,*,#4529,.T.);
#4529 = EDGE_CURVE('',#4507,#4530,#4532,.T.);
#4530 = VERTEX_POINT('',#4531);
#4531 = CARTESIAN_POINT('',(-26.,-5.613362299982,0.528170110173));
#4532 = SURFACE_CURVE('',#4533,(#4543,#4556),.PCURVE_S1.);
#4533 = B_SPLINE_CURVE_WITH_KNOTS('',3,(#4534,#4535,#4536,#4537,#4538,
    #4539,#4540,#4541,#4542),.UNSPECIFIED.,.F.,.F.,(4,1,1,1,1,1,4),(0.,
    0.230179915631,0.453703965803,0.670568906579,0.880767529413,
    1.084277536388,1.28086153844),.UNSPECIFIED.);
#4534 = CARTESIAN_POINT('',(-26.,-6.696343785698,1.18278480872));
#4535 = CARTESIAN_POINT('',(-26.,-6.641143103946,1.129525820881));
#4536 = CARTESIAN_POINT('',(-26.,-6.529175229152,1.027638995662));
#4537 = CARTESIAN_POINT('',(-26.,-6.354127365558,0.888405952483));
#4538 = CARTESIAN_POINT('',(-26.,-6.175028976383,0.765686999169));
#4539 = CARTESIAN_POINT('',(-26.,-5.992308900331,0.661479796611));
#4540 = CARTESIAN_POINT('',(-26.,-5.806659999581,0.576667491645));
#4541 = CARTESIAN_POINT('',(-26.,-5.678259137881,0.540047407385));
#4542 = CARTESIAN_POINT('',(-26.,-5.613362299982,0.528170110173));
#4543 = PCURVE('',#72,#4544);
#4544 = DEFINITIONAL_REPRESENTATION('',(#4545),#4555);
#4545 = B_SPLINE_CURVE_WITH_KNOTS('',3,(#4546,#4547,#4548,#4549,#4550,
    #4551,#4552,#4553,#4554),.UNSPECIFIED.,.F.,.F.,(4,1,1,1,1,1,4),(0.,
    0.230179915631,0.453703965803,0.670568906579,0.880767529413,
    1.084277536388,1.28086153844),.UNSPECIFIED.);
#4546 = CARTESIAN_POINT('',(1.18278480872,6.696343785698));
#4547 = CARTESIAN_POINT('',(1.129525820881,6.641143103946));
#4548 = CARTESIAN_POINT('',(1.027638995662,6.529175229152));
#4549 = CARTESIAN_POINT('',(0.888405952483,6.354127365558));
#4550 = CARTESIAN_POINT('',(0.765686999169,6.175028976383));
#4551 = CARTESIAN_POINT('',(0.661479796611,5.992308900331));
#4552 = CARTESIAN_POINT('',(0.576667491645,5.806659999581));
#4553 = CARTESIAN_POINT('',(0.540047407385,5.678259137881));
#4554 = CARTESIAN_POINT('',(0.528170110173,5.613362299982));
#4555 = ( GEOMETRIC_REPRESENTATION_CONTEXT(2) 
PARAMETRIC_REPRESENTATION_CONTEXT() REPRESENTATION_CONTEXT('2D SPACE',''
  ) );
#4556 = PCURVE('',#1834,#4557);
#4557 = DEFINITIONAL_REPRESENTATION('',(#4558),#4562);
#4558 = LINE('',#4559,#4560);
#4559 = CARTESIAN_POINT('',(0.,-8.));
#4560 = VECTOR('',#4561,1.);
#4561 = DIRECTION('',(1.,0.));
#4562 = ( GEOMETRIC_REPRESENTATION_CONTEXT(2) 
PARAMETRIC_REPRESENTATION_CONTEXT() REPRESENTATION_CONTEXT('2D SPACE',''
  ) );
#4563 = ORIENTED_EDGE('',*,*,#4564,.T.);
#4564 = EDGE_CURVE('',#4530,#4565,#4567,.T.);
#4565 = VERTEX_POINT('',#4566);
#4566 = CARTESIAN_POINT('',(-26.,-4.978012823746,0.468389076111));
#4567 = SURFACE_CURVE('',#4568,(#4572,#4579),.PCURVE_S1.);
#4568 = LINE('',#4569,#4570);
#4569 = CARTESIAN_POINT('',(-26.,-5.613362299982,0.528170110173));
#4570 = VECTOR('',#4571,1.);
#4571 = DIRECTION('',(0.,0.995602564749,-9.36778152221E-02));
#4572 = PCURVE('',#72,#4573);
#4573 = DEFINITIONAL_REPRESENTATION('',(#4574),#4578);
#4574 = LINE('',#4575,#4576);
#4575 = CARTESIAN_POINT('',(0.528170110173,5.613362299982));
#4576 = VECTOR('',#4577,1.);
#4577 = DIRECTION('',(-9.36778152221E-02,-0.995602564749));
#4578 = ( GEOMETRIC_REPRESENTATION_CONTEXT(2) 
PARAMETRIC_REPRESENTATION_CONTEXT() REPRESENTATION_CONTEXT('2D SPACE',''
  ) );
#4579 = PCURVE('',#1870,#4580);
#4580 = DEFINITIONAL_REPRESENTATION('',(#4581),#4585);
#4581 = LINE('',#4582,#4583);
#4582 = CARTESIAN_POINT('',(0.,-8.));
#4583 = VECTOR('',#4584,1.);
#4584 = DIRECTION('',(1.,0.));
#4585 = ( GEOMETRIC_REPRESENTATION_CONTEXT(2) 
PARAMETRIC_REPRESENTATION_CONTEXT() REPRESENTATION_CONTEXT('2D SPACE',''
  ) );
#4586 = ORIENTED_EDGE('',*,*,#4587,.T.);
#4587 = EDGE_CURVE('',#4565,#4588,#4590,.T.);
#4588 = VERTEX_POINT('',#4589);
#4589 = CARTESIAN_POINT('',(-26.,-4.978012823746,-0.468389076111));
#4590 = SURFACE_CURVE('',#4591,(#4595,#4602),.PCURVE_S1.);
#4591 = LINE('',#4592,#4593);
#4592 = CARTESIAN_POINT('',(-26.,-4.978012823746,0.468389076111));
#4593 = VECTOR('',#4594,1.);
#4594 = DIRECTION('',(0.,-9.481203394788E-16,-1.));
#4595 = PCURVE('',#72,#4596);
#4596 = DEFINITIONAL_REPRESENTATION('',(#4597),#4601);
#4597 = LINE('',#4598,#4599);
#4598 = CARTESIAN_POINT('',(0.468389076111,4.978012823746));
#4599 = VECTOR('',#4600,1.);
#4600 = DIRECTION('',(-1.,9.481203394788E-16));
#4601 = ( GEOMETRIC_REPRESENTATION_CONTEXT(2) 
PARAMETRIC_REPRESENTATION_CONTEXT() REPRESENTATION_CONTEXT('2D SPACE',''
  ) );
#4602 = PCURVE('',#1898,#4603);
#4603 = DEFINITIONAL_REPRESENTATION('',(#4604),#4608);
#4604 = LINE('',#4605,#4606);
#4605 = CARTESIAN_POINT('',(0.,-8.));
#4606 = VECTOR('',#4607,1.);
#4607 = DIRECTION('',(1.,0.));
#4608 = ( GEOMETRIC_REPRESENTATION_CONTEXT(2) 
PARAMETRIC_REPRESENTATION_CONTEXT() REPRESENTATION_CONTEXT('2D SPACE',''
  ) );
#4609 = ORIENTED_EDGE('',*,*,#4610,.T.);
#4610 = EDGE_CURVE('',#4588,#4611,#4613,.T.);
#4611 = VERTEX_POINT('',#4612);
#4612 = CARTESIAN_POINT('',(-26.,-5.613362299982,-0.528170110173));
#4613 = SURFACE_CURVE('',#4614,(#4618,#4625),.PCURVE_S1.);
#4614 = LINE('',#4615,#4616);
#4615 = CARTESIAN_POINT('',(-26.,-4.978012823746,-0.468389076111));
#4616 = VECTOR('',#4617,1.);
#4617 = DIRECTION('',(0.,-0.995602564749,-9.36778152221E-02));
#4618 = PCURVE('',#72,#4619);
#4619 = DEFINITIONAL_REPRESENTATION('',(#4620),#4624);
#4620 = LINE('',#4621,#4622);
#4621 = CARTESIAN_POINT('',(-0.468389076111,4.978012823746));
#4622 = VECTOR('',#4623,1.);
#4623 = DIRECTION('',(-9.36778152221E-02,0.995602564749));
#4624 = ( GEOMETRIC_REPRESENTATION_CONTEXT(2) 
PARAMETRIC_REPRESENTATION_CONTEXT() REPRESENTATION_CONTEXT('2D SPACE',''
  ) );
#4625 = PCURVE('',#1926,#4626);
#4626 = DEFINITIONAL_REPRESENTATION('',(#4627),#4631);
#4627 = LINE('',#4628,#4629);
#4628 = CARTESIAN_POINT('',(0.,-8.));
#4629 = VECTOR('',#4630,1.);
#4630 = DIRECTION('',(1.,0.));
#4631 = ( GEOMETRIC_REPRESENTATION_CONTEXT(2) 
PARAMETRIC_REPRESENTATION_CONTEXT() REPRESENTATION_CONTEXT('2D SPACE',''
  ) );
#4632 = ORIENTED_EDGE('',*,*,#4633,.T.);
#4633 = EDGE_CURVE('',#4611,#4634,#4636,.T.);
#4634 = VERTEX_POINT('',#4635);
#4635 = CARTESIAN_POINT('',(-26.,-6.696343785698,-1.18278480872));
#4636 = SURFACE_CURVE('',#4637,(#4647,#4660),.PCURVE_S1.);
#4637 = B_SPLINE_CURVE_WITH_KNOTS('',3,(#4638,#4639,#4640,#4641,#4642,
    #4643,#4644,#4645,#4646),.UNSPECIFIED.,.F.,.F.,(4,1,1,1,1,1,4),(0.,
    0.196584002052,0.400094009028,0.610292631862,0.827157572637,
    1.05068162281,1.28086153844),.UNSPECIFIED.);
#4638 = CARTESIAN_POINT('',(-26.,-5.613362299982,-0.528170110173));
#4639 = CARTESIAN_POINT('',(-26.,-5.678259137881,-0.540047407385));
#4640 = CARTESIAN_POINT('',(-26.,-5.806659999581,-0.576667491645));
#4641 = CARTESIAN_POINT('',(-26.,-5.992308900331,-0.661479796611));
#4642 = CARTESIAN_POINT('',(-26.,-6.175028976383,-0.765686999169));
#4643 = CARTESIAN_POINT('',(-26.,-6.354127365558,-0.888405952483));
#4644 = CARTESIAN_POINT('',(-26.,-6.529175229152,-1.027638995662));
#4645 = CARTESIAN_POINT('',(-26.,-6.641143103946,-1.129525820881));
#4646 = CARTESIAN_POINT('',(-26.,-6.696343785698,-1.18278480872));
#4647 = PCURVE('',#72,#4648);
#4648 = DEFINITIONAL_REPRESENTATION('',(#4649),#4659);
#4649 = B_SPLINE_CURVE_WITH_KNOTS('',3,(#4650,#4651,#4652,#4653,#4654,
    #4655,#4656,#4657,#4658),.UNSPECIFIED.,.F.,.F.,(4,1,1,1,1,1,4),(0.,
    0.196584002052,0.400094009028,0.610292631862,0.827157572637,
    1.05068162281,1.28086153844),.UNSPECIFIED.);
#4650 = CARTESIAN_POINT('',(-0.528170110173,5.613362299982));
#4651 = CARTESIAN_POINT('',(-0.540047407385,5.678259137881));
#4652 = CARTESIAN_POINT('',(-0.576667491645,5.806659999581));
#4653 = CARTESIAN_POINT('',(-0.661479796611,5.992308900331));
#4654 = CARTESIAN_POINT('',(-0.765686999169,6.175028976383));
#4655 = CARTESIAN_POINT('',(-0.888405952483,6.354127365558));
#4656 = CARTESIAN_POINT('',(-1.027638995662,6.529175229152));
#4657 = CARTESIAN_POINT('',(-1.129525820881,6.641143103946));
#4658 = CARTESIAN_POINT('',(-1.18278480872,6.696343785698));
#4659 = ( GEOMETRIC_REPRESENTATION_CONTEXT(2) 
PARAMETRIC_REPRESENTATION_CONTEXT() REPRESENTATION_CONTEXT('2D SPACE',''
  ) );
#4660 = PCURVE('',#1966,#4661);
#4661 = DEFINITIONAL_REPRESENTATION('',(#4662),#4666);
#4662 = LINE('',#4663,#4664);
#4663 = CARTESIAN_POINT('',(0.,-8.));
#4664 = VECTOR('',#4665,1.);
#4665 = DIRECTION('',(1.,0.));
#4666 = ( GEOMETRIC_REPRESENTATION_CONTEXT(2) 
PARAMETRIC_REPRESENTATION_CONTEXT() REPRESENTATION_CONTEXT('2D SPACE',''
  ) );
#4667 = ORIENTED_EDGE('',*,*,#4668,.T.);
#4668 = EDGE_CURVE('',#4634,#4669,#4671,.T.);
#4669 = VERTEX_POINT('',#4670);
#4670 = CARTESIAN_POINT('',(-26.,-6.598496370818,-1.643120702902));
#4671 = SURFACE_CURVE('',#4672,(#4676,#4683),.PCURVE_S1.);
#4672 = LINE('',#4673,#4674);
#4673 = CARTESIAN_POINT('',(-26.,-6.696343785698,-1.18278480872));
#4674 = VECTOR('',#4675,1.);
#4675 = DIRECTION('',(0.,0.207911690818,-0.978147600734));
#4676 = PCURVE('',#72,#4677);
#4677 = DEFINITIONAL_REPRESENTATION('',(#4678),#4682);
#4678 = LINE('',#4679,#4680);
#4679 = CARTESIAN_POINT('',(-1.18278480872,6.696343785698));
#4680 = VECTOR('',#4681,1.);
#4681 = DIRECTION('',(-0.978147600734,-0.207911690818));
#4682 = ( GEOMETRIC_REPRESENTATION_CONTEXT(2) 
PARAMETRIC_REPRESENTATION_CONTEXT() REPRESENTATION_CONTEXT('2D SPACE',''
  ) );
#4683 = PCURVE('',#2002,#4684);
#4684 = DEFINITIONAL_REPRESENTATION('',(#4685),#4689);
#4685 = LINE('',#4686,#4687);
#4686 = CARTESIAN_POINT('',(0.,-8.));
#4687 = VECTOR('',#4688,1.);
#4688 = DIRECTION('',(1.,0.));
#4689 = ( GEOMETRIC_REPRESENTATION_CONTEXT(2) 
PARAMETRIC_REPRESENTATION_CONTEXT() REPRESENTATION_CONTEXT('2D SPACE',''
  ) );
#4690 = ORIENTED_EDGE('',*,*,#4691,.T.);
#4691 = EDGE_CURVE('',#4669,#4692,#4694,.T.);
#4692 = VERTEX_POINT('',#4693);
#4693 = CARTESIAN_POINT('',(-26.,-5.342887768836,-1.800652733252));
#4694 = SURFACE_CURVE('',#4695,(#4705,#4718),.PCURVE_S1.);
#4695 = B_SPLINE_CURVE_WITH_KNOTS('',3,(#4696,#4697,#4698,#4699,#4700,
    #4701,#4702,#4703,#4704),.UNSPECIFIED.,.F.,.F.,(4,1,1,1,1,1,4),(0.,
    0.230179915631,0.453703965803,0.670568906579,0.880767529413,
    1.084277536388,1.28086153844),.UNSPECIFIED.);
#4696 = CARTESIAN_POINT('',(-26.,-6.598496370818,-1.643120702902));
#4697 = CARTESIAN_POINT('',(-26.,-6.526405656817,-1.669323069329));
#4698 = CARTESIAN_POINT('',(-26.,-6.382676808134,-1.716859878176));
#4699 = CARTESIAN_POINT('',(-26.,-6.16613144689,-1.77285721191));
#4700 = CARTESIAN_POINT('',(-26.,-5.952602631875,-1.812120676683));
#4701 = CARTESIAN_POINT('',(-26.,-5.743294648625,-1.832999742877));
#4702 = CARTESIAN_POINT('',(-26.,-5.539199666415,-1.834969428149));
#4703 = CARTESIAN_POINT('',(-26.,-5.40700491231,-1.816198204328));
#4704 = CARTESIAN_POINT('',(-26.,-5.342887768836,-1.800652733252));
#4705 = PCURVE('',#72,#4706);
#4706 = DEFINITIONAL_REPRESENTATION('',(#4707),#4717);
#4707 = B_SPLINE_CURVE_WITH_KNOTS('',3,(#4708,#4709,#4710,#4711,#4712,
    #4713,#4714,#4715,#4716),.UNSPECIFIED.,.F.,.F.,(4,1,1,1,1,1,4),(0.,
    0.230179915631,0.453703965803,0.670568906579,0.880767529413,
    1.084277536388,1.28086153844),.UNSPECIFIED.);
#4708 = CARTESIAN_POINT('',(-1.643120702902,6.598496370818));
#4709 = CARTESIAN_POINT('',(-1.669323069329,6.526405656817));
#4710 = CARTESIAN_POINT('',(-1.716859878176,6.382676808134));
#4711 = CARTESIAN_POINT('',(-1.77285721191,6.16613144689));
#4712 = CARTESIAN_POINT('',(-1.812120676683,5.952602631875));
#4713 = CARTESIAN_POINT('',(-1.832999742877,5.743294648625));
#4714 = CARTESIAN_POINT('',(-1.834969428149,5.539199666415));
#4715 = CARTESIAN_POINT('',(-1.816198204328,5.40700491231));
#4716 = CARTESIAN_POINT('',(-1.800652733252,5.342887768836));
#4717 = ( GEOMETRIC_REPRESENTATION_CONTEXT(2) 
PARAMETRIC_REPRESENTATION_CONTEXT() REPRESENTATION_CONTEXT('2D SPACE',''
  ) );
#4718 = PCURVE('',#2042,#4719);
#4719 = DEFINITIONAL_REPRESENTATION('',(#4720),#4724);
#4720 = LINE('',#4721,#4722);
#4721 = CARTESIAN_POINT('',(0.,-8.));
#4722 = VECTOR('',#4723,1.);
#4723 = DIRECTION('',(1.,0.));
#4724 = ( GEOMETRIC_REPRESENTATION_CONTEXT(2) 
PARAMETRIC_REPRESENTATION_CONTEXT() REPRESENTATION_CONTEXT('2D SPACE',''
  ) );
#4725 = ORIENTED_EDGE('',*,*,#4726,.T.);
#4726 = EDGE_CURVE('',#4692,#4727,#4729,.T.);
#4727 = VERTEX_POINT('',#4728);
#4728 = CARTESIAN_POINT('',(-26.,-4.73815200369,-1.596845512229));
#4729 = SURFACE_CURVE('',#4730,(#4734,#4741),.PCURVE_S1.);
#4730 = LINE('',#4731,#4732);
#4731 = CARTESIAN_POINT('',(-26.,-5.342887768836,-1.800652733252));
#4732 = VECTOR('',#4733,1.);
#4733 = DIRECTION('',(0.,0.947630400738,0.319369102446));
#4734 = PCURVE('',#72,#4735);
#4735 = DEFINITIONAL_REPRESENTATION('',(#4736),#4740);
#4736 = LINE('',#4737,#4738);
#4737 = CARTESIAN_POINT('',(-1.800652733252,5.342887768836));
#4738 = VECTOR('',#4739,1.);
#4739 = DIRECTION('',(0.319369102446,-0.947630400738));
#4740 = ( GEOMETRIC_REPRESENTATION_CONTEXT(2) 
PARAMETRIC_REPRESENTATION_CONTEXT() REPRESENTATION_CONTEXT('2D SPACE',''
  ) );
#4741 = PCURVE('',#2078,#4742);
#4742 = DEFINITIONAL_REPRESENTATION('',(#4743),#4747);
#4743 = LINE('',#4744,#4745);
#4744 = CARTESIAN_POINT('',(0.,-8.));
#4745 = VECTOR('',#4746,1.);
#4746 = DIRECTION('',(1.,0.));
#4747 = ( GEOMETRIC_REPRESENTATION_CONTEXT(2) 
PARAMETRIC_REPRESENTATION_CONTEXT() REPRESENTATION_CONTEXT('2D SPACE',''
  ) );
#4748 = ORIENTED_EDGE('',*,*,#4749,.T.);
#4749 = EDGE_CURVE('',#4727,#4750,#4752,.T.);
#4750 = VERTEX_POINT('',#4751);
#4751 = CARTESIAN_POINT('',(-26.,-4.357130002749,-2.452634938009));
#4752 = SURFACE_CURVE('',#4753,(#4757,#4764),.PCURVE_S1.);
#4753 = LINE('',#4754,#4755);
#4754 = CARTESIAN_POINT('',(-26.,-4.73815200369,-1.596845512229));
#4755 = VECTOR('',#4756,1.);
#4756 = DIRECTION('',(0.,0.406736643076,-0.913545457643));
#4757 = PCURVE('',#72,#4758);
#4758 = DEFINITIONAL_REPRESENTATION('',(#4759),#4763);
#4759 = LINE('',#4760,#4761);
#4760 = CARTESIAN_POINT('',(-1.596845512229,4.73815200369));
#4761 = VECTOR('',#4762,1.);
#4762 = DIRECTION('',(-0.913545457643,-0.406736643076));
#4763 = ( GEOMETRIC_REPRESENTATION_CONTEXT(2) 
PARAMETRIC_REPRESENTATION_CONTEXT() REPRESENTATION_CONTEXT('2D SPACE',''
  ) );
#4764 = PCURVE('',#2106,#4765);
#4765 = DEFINITIONAL_REPRESENTATION('',(#4766),#4770);
#4766 = LINE('',#4767,#4768);
#4767 = CARTESIAN_POINT('',(0.,-8.));
#4768 = VECTOR('',#4769,1.);
#4769 = DIRECTION('',(1.,0.));
#4770 = ( GEOMETRIC_REPRESENTATION_CONTEXT(2) 
PARAMETRIC_REPRESENTATION_CONTEXT() REPRESENTATION_CONTEXT('2D SPACE',''
  ) );
#4771 = ORIENTED_EDGE('',*,*,#4772,.T.);
#4772 = EDGE_CURVE('',#4750,#4773,#4775,.T.);
#4773 = VERTEX_POINT('',#4774);
#4774 = CARTESIAN_POINT('',(-26.,-4.913235493666,-2.765667543274));
#4775 = SURFACE_CURVE('',#4776,(#4780,#4787),.PCURVE_S1.);
#4776 = LINE('',#4777,#4778);
#4777 = CARTESIAN_POINT('',(-26.,-4.357130002749,-2.452634938009));
#4778 = VECTOR('',#4779,1.);
#4779 = DIRECTION('',(0.,-0.87142600055,-0.490526987602));
#4780 = PCURVE('',#72,#4781);
#4781 = DEFINITIONAL_REPRESENTATION('',(#4782),#4786);
#4782 = LINE('',#4783,#4784);
#4783 = CARTESIAN_POINT('',(-2.452634938009,4.357130002749));
#4784 = VECTOR('',#4785,1.);
#4785 = DIRECTION('',(-0.490526987602,0.87142600055));
#4786 = ( GEOMETRIC_REPRESENTATION_CONTEXT(2) 
PARAMETRIC_REPRESENTATION_CONTEXT() REPRESENTATION_CONTEXT('2D SPACE',''
  ) );
#4787 = PCURVE('',#2134,#4788);
#4788 = DEFINITIONAL_REPRESENTATION('',(#4789),#4793);
#4789 = LINE('',#4790,#4791);
#4790 = CARTESIAN_POINT('',(0.,-8.));
#4791 = VECTOR('',#4792,1.);
#4792 = DIRECTION('',(1.,0.));
#4793 = ( GEOMETRIC_REPRESENTATION_CONTEXT(2) 
PARAMETRIC_REPRESENTATION_CONTEXT() REPRESENTATION_CONTEXT('2D SPACE',''
  ) );
#4794 = ORIENTED_EDGE('',*,*,#4795,.T.);
#4795 = EDGE_CURVE('',#4773,#4796,#4798,.T.);
#4796 = VERTEX_POINT('',#4797);
#4797 = CARTESIAN_POINT('',(-26.,-5.636332525658,-3.804176081651));
#4798 = SURFACE_CURVE('',#4799,(#4809,#4822),.PCURVE_S1.);
#4799 = B_SPLINE_CURVE_WITH_KNOTS('',3,(#4800,#4801,#4802,#4803,#4804,
    #4805,#4806,#4807,#4808),.UNSPECIFIED.,.F.,.F.,(4,1,1,1,1,1,4),(0.,
    0.196584002052,0.400094009028,0.610292631862,0.827157572637,
    1.05068162281,1.28086153844),.UNSPECIFIED.);
#4800 = CARTESIAN_POINT('',(-26.,-4.913235493666,-2.765667543274));
#4801 = CARTESIAN_POINT('',(-26.,-4.967690773148,-2.802913916184));
#4802 = CARTESIAN_POINT('',(-26.,-5.07009606697,-2.888593363275));
#4803 = CARTESIAN_POINT('',(-26.,-5.205198504752,-3.04158346991));
#4804 = CARTESIAN_POINT('',(-26.,-5.329736712497,-3.211100436816));
#4805 = CARTESIAN_POINT('',(-26.,-5.443436937287,-3.396055656776));
#4806 = CARTESIAN_POINT('',(-26.,-5.546719937355,-3.594449751342));
#4807 = CARTESIAN_POINT('',(-26.,-5.607566575512,-3.733069435241));
#4808 = CARTESIAN_POINT('',(-26.,-5.636332525658,-3.804176081651));
#4809 = PCURVE('',#72,#4810);
#4810 = DEFINITIONAL_REPRESENTATION('',(#4811),#4821);
#4811 = B_SPLINE_CURVE_WITH_KNOTS('',3,(#4812,#4813,#4814,#4815,#4816,
    #4817,#4818,#4819,#4820),.UNSPECIFIED.,.F.,.F.,(4,1,1,1,1,1,4),(0.,
    0.196584002052,0.400094009028,0.610292631862,0.827157572637,
    1.05068162281,1.28086153844),.UNSPECIFIED.);
#4812 = CARTESIAN_POINT('',(-2.765667543274,4.913235493666));
#4813 = CARTESIAN_POINT('',(-2.802913916184,4.967690773148));
#4814 = CARTESIAN_POINT('',(-2.888593363275,5.07009606697));
#4815 = CARTESIAN_POINT('',(-3.04158346991,5.205198504752));
#4816 = CARTESIAN_POINT('',(-3.211100436816,5.329736712497));
#4817 = CARTESIAN_POINT('',(-3.396055656776,5.443436937287));
#4818 = CARTESIAN_POINT('',(-3.594449751342,5.546719937355));
#4819 = CARTESIAN_POINT('',(-3.733069435241,5.607566575512));
#4820 = CARTESIAN_POINT('',(-3.804176081651,5.636332525658));
#4821 = ( GEOMETRIC_REPRESENTATION_CONTEXT(2) 
PARAMETRIC_REPRESENTATION_CONTEXT() REPRESENTATION_CONTEXT('2D SPACE',''
  ) );
#4822 = PCURVE('',#2174,#4823);
#4823 = DEFINITIONAL_REPRESENTATION('',(#4824),#4828);
#4824 = LINE('',#4825,#4826);
#4825 = CARTESIAN_POINT('',(0.,-8.));
#4826 = VECTOR('',#4827,1.);
#4827 = DIRECTION('',(1.,0.));
#4828 = ( GEOMETRIC_REPRESENTATION_CONTEXT(2) 
PARAMETRIC_REPRESENTATION_CONTEXT() REPRESENTATION_CONTEXT('2D SPACE',''
  ) );
#4829 = ORIENTED_EDGE('',*,*,#4830,.T.);
#4830 = EDGE_CURVE('',#4796,#4831,#4833,.T.);
#4831 = VERTEX_POINT('',#4832);
#4832 = CARTESIAN_POINT('',(-26.,-5.359708987965,-4.184915717709));
#4833 = SURFACE_CURVE('',#4834,(#4838,#4845),.PCURVE_S1.);
#4834 = LINE('',#4835,#4836);
#4835 = CARTESIAN_POINT('',(-26.,-5.636332525658,-3.804176081651));
#4836 = VECTOR('',#4837,1.);
#4837 = DIRECTION('',(0.,0.587785252292,-0.809016994375));
#4838 = PCURVE('',#72,#4839);
#4839 = DEFINITIONAL_REPRESENTATION('',(#4840),#4844);
#4840 = LINE('',#4841,#4842);
#4841 = CARTESIAN_POINT('',(-3.804176081651,5.636332525658));
#4842 = VECTOR('',#4843,1.);
#4843 = DIRECTION('',(-0.809016994375,-0.587785252292));
#4844 = ( GEOMETRIC_REPRESENTATION_CONTEXT(2) 
PARAMETRIC_REPRESENTATION_CONTEXT() REPRESENTATION_CONTEXT('2D SPACE',''
  ) );
#4845 = PCURVE('',#2210,#4846);
#4846 = DEFINITIONAL_REPRESENTATION('',(#4847),#4851);
#4847 = LINE('',#4848,#4849);
#4848 = CARTESIAN_POINT('',(0.,-8.));
#4849 = VECTOR('',#4850,1.);
#4850 = DIRECTION('',(1.,0.));
#4851 = ( GEOMETRIC_REPRESENTATION_CONTEXT(2) 
PARAMETRIC_REPRESENTATION_CONTEXT() REPRESENTATION_CONTEXT('2D SPACE',''
  ) );
#4852 = ORIENTED_EDGE('',*,*,#4853,.T.);
#4853 = EDGE_CURVE('',#4831,#4854,#4856,.T.);
#4854 = VERTEX_POINT('',#4855);
#4855 = CARTESIAN_POINT('',(-26.,-4.148579403846,-3.818126360681));
#4856 = SURFACE_CURVE('',#4857,(#4867,#4880),.PCURVE_S1.);
#4857 = B_SPLINE_CURVE_WITH_KNOTS('',3,(#4858,#4859,#4860,#4861,#4862,
    #4863,#4864,#4865,#4866),.UNSPECIFIED.,.F.,.F.,(4,1,1,1,1,1,4),(0.,
    0.230179915631,0.453703965803,0.670568906579,0.880767529413,
    1.084277536388,1.28086153844),.UNSPECIFIED.);
#4858 = CARTESIAN_POINT('',(-26.,-5.359708987965,-4.184915717709));
#4859 = CARTESIAN_POINT('',(-26.,-5.28319338109,-4.179530835529));
#4860 = CARTESIAN_POINT('',(-26.,-5.132555582191,-4.164498081894));
#4861 = CARTESIAN_POINT('',(-26.,-4.911955383508,-4.127577258462));
#4862 = CARTESIAN_POINT('',(-26.,-4.700917214618,-4.076596224937));
#4863 = CARTESIAN_POINT('',(-26.,-4.501212575977,-4.010536974542));
#4864 = CARTESIAN_POINT('',(-26.,-4.313961388877,-3.929323463643));
#4865 = CARTESIAN_POINT('',(-26.,-4.200830416304,-3.85840664687));
#4866 = CARTESIAN_POINT('',(-26.,-4.148579403846,-3.818126360681));
#4867 = PCURVE('',#72,#4868);
#4868 = DEFINITIONAL_REPRESENTATION('',(#4869),#4879);
#4869 = B_SPLINE_CURVE_WITH_KNOTS('',3,(#4870,#4871,#4872,#4873,#4874,
    #4875,#4876,#4877,#4878),.UNSPECIFIED.,.F.,.F.,(4,1,1,1,1,1,4),(0.,
    0.230179915631,0.453703965803,0.670568906579,0.880767529413,
    1.084277536388,1.28086153844),.UNSPECIFIED.);
#4870 = CARTESIAN_POINT('',(-4.184915717709,5.359708987965));
#4871 = CARTESIAN_POINT('',(-4.179530835529,5.28319338109));
#4872 = CARTESIAN_POINT('',(-4.164498081894,5.132555582191));
#4873 = CARTESIAN_POINT('',(-4.127577258462,4.911955383508));
#4874 = CARTESIAN_POINT('',(-4.076596224937,4.700917214618));
#4875 = CARTESIAN_POINT('',(-4.010536974542,4.501212575977));
#4876 = CARTESIAN_POINT('',(-3.929323463643,4.313961388877));
#4877 = CARTESIAN_POINT('',(-3.85840664687,4.200830416304));
#4878 = CARTESIAN_POINT('',(-3.818126360681,4.148579403846));
#4879 = ( GEOMETRIC_REPRESENTATION_CONTEXT(2) 
PARAMETRIC_REPRESENTATION_CONTEXT() REPRESENTATION_CONTEXT('2D SPACE',''
  ) );
#4880 = PCURVE('',#2250,#4881);
#4881 = DEFINITIONAL_REPRESENTATION('',(#4882),#4886);
#4882 = LINE('',#4883,#4884);
#4883 = CARTESIAN_POINT('',(0.,-8.));
#4884 = VECTOR('',#4885,1.);
#4885 = DIRECTION('',(1.,0.));
#4886 = ( GEOMETRIC_REPRESENTATION_CONTEXT(2) 
PARAMETRIC_REPRESENTATION_CONTEXT() REPRESENTATION_CONTEXT('2D SPACE',''
  ) );
#4887 = ORIENTED_EDGE('',*,*,#4888,.T.);
#4888 = EDGE_CURVE('',#4854,#4889,#4891,.T.);
#4889 = VERTEX_POINT('',#4890);
#4890 = CARTESIAN_POINT('',(-26.,-3.679021657437,-3.385971004617));
#4891 = SURFACE_CURVE('',#4892,(#4896,#4903),.PCURVE_S1.);
#4892 = LINE('',#4893,#4894);
#4893 = CARTESIAN_POINT('',(-26.,-4.148579403846,-3.818126360681));
#4894 = VECTOR('',#4895,1.);
#4895 = DIRECTION('',(0.,0.735804331487,0.677194200923));
#4896 = PCURVE('',#72,#4897);
#4897 = DEFINITIONAL_REPRESENTATION('',(#4898),#4902);
#4898 = LINE('',#4899,#4900);
#4899 = CARTESIAN_POINT('',(-3.818126360681,4.148579403846));
#4900 = VECTOR('',#4901,1.);
#4901 = DIRECTION('',(0.677194200923,-0.735804331487));
#4902 = ( GEOMETRIC_REPRESENTATION_CONTEXT(2) 
PARAMETRIC_REPRESENTATION_CONTEXT() REPRESENTATION_CONTEXT('2D SPACE',''
  ) );
#4903 = PCURVE('',#2286,#4904);
#4904 = DEFINITIONAL_REPRESENTATION('',(#4905),#4909);
#4905 = LINE('',#4906,#4907);
#4906 = CARTESIAN_POINT('',(0.,-8.));
#4907 = VECTOR('',#4908,1.);
#4908 = DIRECTION('',(1.,0.));
#4909 = ( GEOMETRIC_REPRESENTATION_CONTEXT(2) 
PARAMETRIC_REPRESENTATION_CONTEXT() REPRESENTATION_CONTEXT('2D SPACE',''
  ) );
#4910 = ORIENTED_EDGE('',*,*,#4911,.T.);
#4911 = EDGE_CURVE('',#4889,#4912,#4914,.T.);
#4912 = VERTEX_POINT('',#4913);
#4913 = CARTESIAN_POINT('',(-26.,-2.982859820994,-4.012797937637));
#4914 = SURFACE_CURVE('',#4915,(#4919,#4926),.PCURVE_S1.);
#4915 = LINE('',#4916,#4917);
#4916 = CARTESIAN_POINT('',(-26.,-3.679021657437,-3.385971004617));
#4917 = VECTOR('',#4918,1.);
#4918 = DIRECTION('',(0.,0.743144825477,-0.669130606359));
#4919 = PCURVE('',#72,#4920);
#4920 = DEFINITIONAL_REPRESENTATION('',(#4921),#4925);
#4921 = LINE('',#4922,#4923);
#4922 = CARTESIAN_POINT('',(-3.385971004617,3.679021657437));
#4923 = VECTOR('',#4924,1.);
#4924 = DIRECTION('',(-0.669130606359,-0.743144825477));
#4925 = ( GEOMETRIC_REPRESENTATION_CONTEXT(2) 
PARAMETRIC_REPRESENTATION_CONTEXT() REPRESENTATION_CONTEXT('2D SPACE',''
  ) );
#4926 = PCURVE('',#2314,#4927);
#4927 = DEFINITIONAL_REPRESENTATION('',(#4928),#4932);
#4928 = LINE('',#4929,#4930);
#4929 = CARTESIAN_POINT('',(0.,-8.));
#4930 = VECTOR('',#4931,1.);
#4931 = DIRECTION('',(1.,0.));
#4932 = ( GEOMETRIC_REPRESENTATION_CONTEXT(2) 
PARAMETRIC_REPRESENTATION_CONTEXT() REPRESENTATION_CONTEXT('2D SPACE',''
  ) );
#4933 = ORIENTED_EDGE('',*,*,#4934,.T.);
#4934 = EDGE_CURVE('',#4912,#4935,#4937,.T.);
#4935 = VERTEX_POINT('',#4936);
#4936 = CARTESIAN_POINT('',(-26.,-3.363565635152,-4.524955932843));
#4937 = SURFACE_CURVE('',#4938,(#4942,#4949),.PCURVE_S1.);
#4938 = LINE('',#4939,#4940);
#4939 = CARTESIAN_POINT('',(-26.,-2.982859820994,-4.012797937637));
#4940 = VECTOR('',#4941,1.);
#4941 = DIRECTION('',(0.,-0.596571964199,-0.802559587527));
#4942 = PCURVE('',#72,#4943);
#4943 = DEFINITIONAL_REPRESENTATION('',(#4944),#4948);
#4944 = LINE('',#4945,#4946);
#4945 = CARTESIAN_POINT('',(-4.012797937637,2.982859820994));
#4946 = VECTOR('',#4947,1.);
#4947 = DIRECTION('',(-0.802559587527,0.596571964199));
#4948 = ( GEOMETRIC_REPRESENTATION_CONTEXT(2) 
PARAMETRIC_REPRESENTATION_CONTEXT() REPRESENTATION_CONTEXT('2D SPACE',''
  ) );
#4949 = PCURVE('',#2342,#4950);
#4950 = DEFINITIONAL_REPRESENTATION('',(#4951),#4955);
#4951 = LINE('',#4952,#4953);
#4952 = CARTESIAN_POINT('',(0.,-8.));
#4953 = VECTOR('',#4954,1.);
#4954 = DIRECTION('',(1.,0.));
#4955 = ( GEOMETRIC_REPRESENTATION_CONTEXT(2) 
PARAMETRIC_REPRESENTATION_CONTEXT() REPRESENTATION_CONTEXT('2D SPACE',''
  ) );
#4956 = ORIENTED_EDGE('',*,*,#4957,.T.);
#4957 = EDGE_CURVE('',#4935,#4958,#4960,.T.);
#4958 = VERTEX_POINT('',#4959);
#4959 = CARTESIAN_POINT('',(-26.,-3.601748167458,-5.76779075021));
#4960 = SURFACE_CURVE('',#4961,(#4971,#4984),.PCURVE_S1.);
#4961 = B_SPLINE_CURVE_WITH_KNOTS('',3,(#4962,#4963,#4964,#4965,#4966,
    #4967,#4968,#4969,#4970),.UNSPECIFIED.,.F.,.F.,(4,1,1,1,1,1,4),(0.,
    0.196584002052,0.400094009028,0.610292631862,0.827157572637,
    1.05068162281,1.28086153844),.UNSPECIFIED.);
#4962 = CARTESIAN_POINT('',(-26.,-3.363565635152,-4.524955932843));
#4963 = CARTESIAN_POINT('',(-26.,-3.398163543683,-4.581131145202));
#4964 = CARTESIAN_POINT('',(-26.,-3.456866464002,-4.701055200347));
#4965 = CARTESIAN_POINT('',(-26.,-3.518061999959,-4.895769729344));
#4966 = CARTESIAN_POINT('',(-26.,-3.562884551883,-5.101285437007));
#4967 = CARTESIAN_POINT('',(-26.,-3.591526810487,-5.316496485817));
#4968 = CARTESIAN_POINT('',(-26.,-3.605186378021,-5.539747490465));
#4969 = CARTESIAN_POINT('',(-26.,-3.604390843029,-5.691131430377));
#4970 = CARTESIAN_POINT('',(-26.,-3.601748167458,-5.76779075021));
#4971 = PCURVE('',#72,#4972);
#4972 = DEFINITIONAL_REPRESENTATION('',(#4973),#4983);
#4973 = B_SPLINE_CURVE_WITH_KNOTS('',3,(#4974,#4975,#4976,#4977,#4978,
    #4979,#4980,#4981,#4982),.UNSPECIFIED.,.F.,.F.,(4,1,1,1,1,1,4),(0.,
    0.196584002052,0.400094009028,0.610292631862,0.827157572637,
    1.05068162281,1.28086153844),.UNSPECIFIED.);
#4974 = CARTESIAN_POINT('',(-4.524955932843,3.363565635152));
#4975 = CARTESIAN_POINT('',(-4.581131145202,3.398163543683));
#4976 = CARTESIAN_POINT('',(-4.701055200347,3.456866464002));
#4977 = CARTESIAN_POINT('',(-4.895769729344,3.518061999959));
#4978 = CARTESIAN_POINT('',(-5.101285437007,3.562884551883));
#4979 = CARTESIAN_POINT('',(-5.316496485817,3.591526810487));
#4980 = CARTESIAN_POINT('',(-5.539747490465,3.605186378021));
#4981 = CARTESIAN_POINT('',(-5.691131430377,3.604390843029));
#4982 = CARTESIAN_POINT('',(-5.76779075021,3.601748167458));
#4983 = ( GEOMETRIC_REPRESENTATION_CONTEXT(2) 
PARAMETRIC_REPRESENTATION_CONTEXT() REPRESENTATION_CONTEXT('2D SPACE',''
  ) );
#4984 = PCURVE('',#2382,#4985);
#4985 = DEFINITIONAL_REPRESENTATION('',(#4986),#4990);
#4986 = LINE('',#4987,#4988);
#4987 = CARTESIAN_POINT('',(0.,-8.));
#4988 = VECTOR('',#4989,1.);
#4989 = DIRECTION('',(1.,0.));
#4990 = ( GEOMETRIC_REPRESENTATION_CONTEXT(2) 
PARAMETRIC_REPRESENTATION_CONTEXT() REPRESENTATION_CONTEXT('2D SPACE',''
  ) );
#4991 = ORIENTED_EDGE('',*,*,#4992,.T.);
#4992 = EDGE_CURVE('',#4958,#4993,#4995,.T.);
#4993 = VERTEX_POINT('',#4994);
#4994 = CARTESIAN_POINT('',(-26.,-3.194179229666,-6.003100786158));
#4995 = SURFACE_CURVE('',#4996,(#5000,#5007),.PCURVE_S1.);
#4996 = LINE('',#4997,#4998);
#4997 = CARTESIAN_POINT('',(-26.,-3.601748167458,-5.76779075021));
#4998 = VECTOR('',#4999,1.);
#4999 = DIRECTION('',(0.,0.866025403784,-0.5));
#5000 = PCURVE('',#72,#5001);
#5001 = DEFINITIONAL_REPRESENTATION('',(#5002),#5006);
#5002 = LINE('',#5003,#5004);
#5003 = CARTESIAN_POINT('',(-5.76779075021,3.601748167458));
#5004 = VECTOR('',#5005,1.);
#5005 = DIRECTION('',(-0.5,-0.866025403784));
#5006 = ( GEOMETRIC_REPRESENTATION_CONTEXT(2) 
PARAMETRIC_REPRESENTATION_CONTEXT() REPRESENTATION_CONTEXT('2D SPACE',''
  ) );
#5007 = PCURVE('',#2418,#5008);
#5008 = DEFINITIONAL_REPRESENTATION('',(#5009),#5013);
#5009 = LINE('',#5010,#5011);
#5010 = CARTESIAN_POINT('',(0.,-8.));
#5011 = VECTOR('',#5012,1.);
#5012 = DIRECTION('',(1.,0.));
#5013 = ( GEOMETRIC_REPRESENTATION_CONTEXT(2) 
PARAMETRIC_REPRESENTATION_CONTEXT() REPRESENTATION_CONTEXT('2D SPACE',''
  ) );
#5014 = ORIENTED_EDGE('',*,*,#5015,.T.);
#5015 = EDGE_CURVE('',#4993,#5016,#5018,.T.);
#5016 = VERTEX_POINT('',#5017);
#5017 = CARTESIAN_POINT('',(-26.,-2.236943971271,-5.175411253759));
#5018 = SURFACE_CURVE('',#5019,(#5029,#5042),.PCURVE_S1.);
#5019 = B_SPLINE_CURVE_WITH_KNOTS('',3,(#5020,#5021,#5022,#5023,#5024,
    #5025,#5026,#5027,#5028),.UNSPECIFIED.,.F.,.F.,(4,1,1,1,1,1,4),(0.,
    0.230179915631,0.453703965803,0.670568906579,0.880767529413,
    1.084277536388,1.28086153844),.UNSPECIFIED.);
#5020 = CARTESIAN_POINT('',(-26.,-3.194179229666,-6.003100786158));
#5021 = CARTESIAN_POINT('',(-26.,-3.126468973468,-5.967059750419));
#5022 = CARTESIAN_POINT('',(-26.,-2.994968868283,-5.892056733976));
#5023 = CARTESIAN_POINT('',(-26.,-2.808457610604,-5.768601699163));
#5024 = CARTESIAN_POINT('',(-26.,-2.636400504462,-5.636191251185));
#5025 = CARTESIAN_POINT('',(-26.,-2.480829956711,-5.494615928725));
#5026 = CARTESIAN_POINT('',(-26.,-2.342799996093,-5.34426177549));
#5027 = CARTESIAN_POINT('',(-26.,-2.268294177972,-5.233461527644));
#5028 = CARTESIAN_POINT('',(-26.,-2.236943971271,-5.175411253759));
#5029 = PCURVE('',#72,#5030);
#5030 = DEFINITIONAL_REPRESENTATION('',(#5031),#5041);
#5031 = B_SPLINE_CURVE_WITH_KNOTS('',3,(#5032,#5033,#5034,#5035,#5036,
    #5037,#5038,#5039,#5040),.UNSPECIFIED.,.F.,.F.,(4,1,1,1,1,1,4),(0.,
    0.230179915631,0.453703965803,0.670568906579,0.880767529413,
    1.084277536388,1.28086153844),.UNSPECIFIED.);
#5032 = CARTESIAN_POINT('',(-6.003100786158,3.194179229666));
#5033 = CARTESIAN_POINT('',(-5.967059750419,3.126468973468));
#5034 = CARTESIAN_POINT('',(-5.892056733976,2.994968868283));
#5035 = CARTESIAN_POINT('',(-5.768601699163,2.808457610604));
#5036 = CARTESIAN_POINT('',(-5.636191251185,2.636400504462));
#5037 = CARTESIAN_POINT('',(-5.494615928725,2.480829956711));
#5038 = CARTESIAN_POINT('',(-5.34426177549,2.342799996093));
#5039 = CARTESIAN_POINT('',(-5.233461527644,2.268294177972));
#5040 = CARTESIAN_POINT('',(-5.175411253759,2.236943971271));
#5041 = ( GEOMETRIC_REPRESENTATION_CONTEXT(2) 
PARAMETRIC_REPRESENTATION_CONTEXT() REPRESENTATION_CONTEXT('2D SPACE',''
  ) );
#5042 = PCURVE('',#2458,#5043);
#5043 = DEFINITIONAL_REPRESENTATION('',(#5044),#5048);
#5044 = LINE('',#5045,#5046);
#5045 = CARTESIAN_POINT('',(0.,-8.));
#5046 = VECTOR('',#5047,1.);
#5047 = DIRECTION('',(1.,0.));
#5048 = ( GEOMETRIC_REPRESENTATION_CONTEXT(2) 
PARAMETRIC_REPRESENTATION_CONTEXT() REPRESENTATION_CONTEXT('2D SPACE',''
  ) );
#5049 = ORIENTED_EDGE('',*,*,#5050,.T.);
#5050 = EDGE_CURVE('',#5016,#5051,#5053,.T.);
#5051 = VERTEX_POINT('',#5052);
#5052 = CARTESIAN_POINT('',(-26.,-1.98375504375,-4.589631349727));
#5053 = SURFACE_CURVE('',#5054,(#5058,#5065),.PCURVE_S1.);
#5054 = LINE('',#5055,#5056);
#5055 = CARTESIAN_POINT('',(-26.,-2.236943971271,-5.175411253759));
#5056 = VECTOR('',#5057,1.);
#5057 = DIRECTION('',(0.,0.39675100875,0.917926269945));
#5058 = PCURVE('',#72,#5059);
#5059 = DEFINITIONAL_REPRESENTATION('',(#5060),#5064);
#5060 = LINE('',#5061,#5062);
#5061 = CARTESIAN_POINT('',(-5.175411253759,2.236943971271));
#5062 = VECTOR('',#5063,1.);
#5063 = DIRECTION('',(0.917926269945,-0.39675100875));
#5064 = ( GEOMETRIC_REPRESENTATION_CONTEXT(2) 
PARAMETRIC_REPRESENTATION_CONTEXT() REPRESENTATION_CONTEXT('2D SPACE',''
  ) );
#5065 = PCURVE('',#2494,#5066);
#5066 = DEFINITIONAL_REPRESENTATION('',(#5067),#5071);
#5067 = LINE('',#5068,#5069);
#5068 = CARTESIAN_POINT('',(0.,-8.));
#5069 = VECTOR('',#5070,1.);
#5070 = DIRECTION('',(1.,0.));
#5071 = ( GEOMETRIC_REPRESENTATION_CONTEXT(2) 
PARAMETRIC_REPRESENTATION_CONTEXT() REPRESENTATION_CONTEXT('2D SPACE',''
  ) );
#5072 = ORIENTED_EDGE('',*,*,#5073,.T.);
#5073 = EDGE_CURVE('',#5051,#5074,#5076,.T.);
#5074 = VERTEX_POINT('',#5075);
#5075 = CARTESIAN_POINT('',(-26.,-1.092826077758,-4.879111718722));
#5076 = SURFACE_CURVE('',#5077,(#5081,#5088),.PCURVE_S1.);
#5077 = LINE('',#5078,#5079);
#5078 = CARTESIAN_POINT('',(-26.,-1.98375504375,-4.589631349727));
#5079 = VECTOR('',#5080,1.);
#5080 = DIRECTION('',(0.,0.951056516295,-0.309016994375));
#5081 = PCURVE('',#72,#5082);
#5082 = DEFINITIONAL_REPRESENTATION('',(#5083),#5087);
#5083 = LINE('',#5084,#5085);
#5084 = CARTESIAN_POINT('',(-4.589631349727,1.98375504375));
#5085 = VECTOR('',#5086,1.);
#5086 = DIRECTION('',(-0.309016994375,-0.951056516295));
#5087 = ( GEOMETRIC_REPRESENTATION_CONTEXT(2) 
PARAMETRIC_REPRESENTATION_CONTEXT() REPRESENTATION_CONTEXT('2D SPACE',''
  ) );
#5088 = PCURVE('',#2522,#5089);
#5089 = DEFINITIONAL_REPRESENTATION('',(#5090),#5094);
#5090 = LINE('',#5091,#5092);
#5091 = CARTESIAN_POINT('',(0.,-8.));
#5092 = VECTOR('',#5093,1.);
#5093 = DIRECTION('',(1.,0.));
#5094 = ( GEOMETRIC_REPRESENTATION_CONTEXT(2) 
PARAMETRIC_REPRESENTATION_CONTEXT() REPRESENTATION_CONTEXT('2D SPACE',''
  ) );
#5095 = ORIENTED_EDGE('',*,*,#5096,.T.);
#5096 = EDGE_CURVE('',#5074,#5097,#5099,.T.);
#5097 = VERTEX_POINT('',#5098);
#5098 = CARTESIAN_POINT('',(-26.,-1.232304721285,-5.501838333688));
#5099 = SURFACE_CURVE('',#5100,(#5104,#5111),.PCURVE_S1.);
#5100 = LINE('',#5101,#5102);
#5101 = CARTESIAN_POINT('',(-26.,-1.092826077758,-4.879111718722));
#5102 = VECTOR('',#5103,1.);
#5103 = DIRECTION('',(0.,-0.218565215552,-0.975822343744));
#5104 = PCURVE('',#72,#5105);
#5105 = DEFINITIONAL_REPRESENTATION('',(#5106),#5110);
#5106 = LINE('',#5107,#5108);
#5107 = CARTESIAN_POINT('',(-4.879111718722,1.092826077758));
#5108 = VECTOR('',#5109,1.);
#5109 = DIRECTION('',(-0.975822343744,0.218565215552));
#5110 = ( GEOMETRIC_REPRESENTATION_CONTEXT(2) 
PARAMETRIC_REPRESENTATION_CONTEXT() REPRESENTATION_CONTEXT('2D SPACE',''
  ) );
#5111 = PCURVE('',#2550,#5112);
#5112 = DEFINITIONAL_REPRESENTATION('',(#5113),#5117);
#5113 = LINE('',#5114,#5115);
#5114 = CARTESIAN_POINT('',(0.,-8.));
#5115 = VECTOR('',#5116,1.);
#5116 = DIRECTION('',(1.,0.));
#5117 = ( GEOMETRIC_REPRESENTATION_CONTEXT(2) 
PARAMETRIC_REPRESENTATION_CONTEXT() REPRESENTATION_CONTEXT('2D SPACE',''
  ) );
#5118 = ORIENTED_EDGE('',*,*,#5119,.T.);
#5119 = EDGE_CURVE('',#5097,#5120,#5122,.T.);
#5120 = VERTEX_POINT('',#5121);
#5121 = CARTESIAN_POINT('',(-26.,-0.94438883025,-6.734101999324));
#5122 = SURFACE_CURVE('',#5123,(#5133,#5146),.PCURVE_S1.);
#5123 = B_SPLINE_CURVE_WITH_KNOTS('',3,(#5124,#5125,#5126,#5127,#5128,
    #5129,#5130,#5131,#5132),.UNSPECIFIED.,.F.,.F.,(4,1,1,1,1,1,4),(0.,
    0.196584002052,0.400094009028,0.610292631862,0.827157572637,
    1.05068162281,1.28086153844),.UNSPECIFIED.);
#5124 = CARTESIAN_POINT('',(-26.,-1.232304721285,-5.501838333688));
#5125 = CARTESIAN_POINT('',(-26.,-1.241062966169,-5.567229180944));
#5126 = CARTESIAN_POINT('',(-26.,-1.245913244763,-5.700661885534));
#5127 = CARTESIAN_POINT('',(-26.,-1.222620614782,-5.903432925902));
#5128 = CARTESIAN_POINT('',(-26.,-1.179977284458,-6.109411841415));
#5129 = CARTESIAN_POINT('',(-26.,-1.118609070156,-6.317666773605));
#5130 = CARTESIAN_POINT('',(-26.,-1.040283341837,-6.52717256146));
#5131 = CARTESIAN_POINT('',(-26.,-0.977983188923,-6.665145098894));
#5132 = CARTESIAN_POINT('',(-26.,-0.94438883025,-6.734101999324));
#5133 = PCURVE('',#72,#5134);
#5134 = DEFINITIONAL_REPRESENTATION('',(#5135),#5145);
#5135 = B_SPLINE_CURVE_WITH_KNOTS('',3,(#5136,#5137,#5138,#5139,#5140,
    #5141,#5142,#5143,#5144),.UNSPECIFIED.,.F.,.F.,(4,1,1,1,1,1,4),(0.,
    0.196584002052,0.400094009028,0.610292631862,0.827157572637,
    1.05068162281,1.28086153844),.UNSPECIFIED.);
#5136 = CARTESIAN_POINT('',(-5.501838333688,1.232304721285));
#5137 = CARTESIAN_POINT('',(-5.567229180944,1.241062966169));
#5138 = CARTESIAN_POINT('',(-5.700661885534,1.245913244763));
#5139 = CARTESIAN_POINT('',(-5.903432925902,1.222620614782));
#5140 = CARTESIAN_POINT('',(-6.109411841415,1.179977284458));
#5141 = CARTESIAN_POINT('',(-6.317666773605,1.118609070156));
#5142 = CARTESIAN_POINT('',(-6.52717256146,1.040283341837));
#5143 = CARTESIAN_POINT('',(-6.665145098894,0.977983188923));
#5144 = CARTESIAN_POINT('',(-6.734101999324,0.94438883025));
#5145 = ( GEOMETRIC_REPRESENTATION_CONTEXT(2) 
PARAMETRIC_REPRESENTATION_CONTEXT() REPRESENTATION_CONTEXT('2D SPACE',''
  ) );
#5146 = PCURVE('',#2590,#5147);
#5147 = DEFINITIONAL_REPRESENTATION('',(#5148),#5152);
#5148 = LINE('',#5149,#5150);
#5149 = CARTESIAN_POINT('',(0.,-8.));
#5150 = VECTOR('',#5151,1.);
#5151 = DIRECTION('',(1.,0.));
#5152 = ( GEOMETRIC_REPRESENTATION_CONTEXT(2) 
PARAMETRIC_REPRESENTATION_CONTEXT() REPRESENTATION_CONTEXT('2D SPACE',''
  ) );
#5153 = ORIENTED_EDGE('',*,*,#5154,.T.);
#5154 = EDGE_CURVE('',#5120,#5155,#5157,.T.);
#5155 = VERTEX_POINT('',#5156);
#5156 = CARTESIAN_POINT('',(-26.,-0.47634686435,-6.783295192222));
#5157 = SURFACE_CURVE('',#5158,(#5162,#5169),.PCURVE_S1.);
#5158 = LINE('',#5159,#5160);
#5159 = CARTESIAN_POINT('',(-26.,-0.94438883025,-6.734101999324));
#5160 = VECTOR('',#5161,1.);
#5161 = DIRECTION('',(0.,0.994521895368,-0.104528463268));
#5162 = PCURVE('',#72,#5163);
#5163 = DEFINITIONAL_REPRESENTATION('',(#5164),#5168);
#5164 = LINE('',#5165,#5166);
#5165 = CARTESIAN_POINT('',(-6.734101999324,0.94438883025));
#5166 = VECTOR('',#5167,1.);
#5167 = DIRECTION('',(-0.104528463268,-0.994521895368));
#5168 = ( GEOMETRIC_REPRESENTATION_CONTEXT(2) 
PARAMETRIC_REPRESENTATION_CONTEXT() REPRESENTATION_CONTEXT('2D SPACE',''
  ) );
#5169 = PCURVE('',#2626,#5170);
#5170 = DEFINITIONAL_REPRESENTATION('',(#5171),#5175);
#5171 = LINE('',#5172,#5173);
#5172 = CARTESIAN_POINT('',(0.,-8.));
#5173 = VECTOR('',#5174,1.);
#5174 = DIRECTION('',(1.,0.));
#5175 = ( GEOMETRIC_REPRESENTATION_CONTEXT(2) 
PARAMETRIC_REPRESENTATION_CONTEXT() REPRESENTATION_CONTEXT('2D SPACE',''
  ) );
#5176 = ORIENTED_EDGE('',*,*,#5177,.T.);
#5177 = EDGE_CURVE('',#5155,#5178,#5180,.T.);
#5178 = VERTEX_POINT('',#5179);
#5179 = CARTESIAN_POINT('',(-26.,6.147939593526E-02,-5.637820523927));
#5180 = SURFACE_CURVE('',#5181,(#5191,#5204),.PCURVE_S1.);
#5181 = B_SPLINE_CURVE_WITH_KNOTS('',3,(#5182,#5183,#5184,#5185,#5186,
    #5187,#5188,#5189,#5190),.UNSPECIFIED.,.F.,.F.,(4,1,1,1,1,1,4),(0.,
    0.230179915631,0.453703965803,0.670568906579,0.880767529413,
    1.084277536388,1.28086153844),.UNSPECIFIED.);
#5182 = CARTESIAN_POINT('',(-26.,-0.47634686435,-6.783295192222));
#5183 = CARTESIAN_POINT('',(-26.,-0.429149677254,-6.722829825426));
#5184 = CARTESIAN_POINT('',(-26.,-0.339524828612,-6.600825249098));
#5185 = CARTESIAN_POINT('',(-26.,-0.219352002791,-6.412182499977));
#5186 = CARTESIAN_POINT('',(-26.,-0.116026196138,-6.221237606913));
#5187 = CARTESIAN_POINT('',(-26.,-3.14893002969E-02,-6.028625871812));
#5188 = CARTESIAN_POINT('',(-26.,3.345279968555E-02,-5.835128675261));
#5189 = CARTESIAN_POINT('',(-26.,5.645073053727E-02,-5.703603365783));
#5190 = CARTESIAN_POINT('',(-26.,6.147939593526E-02,-5.637820523927));
#5191 = PCURVE('',#72,#5192);
#5192 = DEFINITIONAL_REPRESENTATION('',(#5193),#5203);
#5193 = B_SPLINE_CURVE_WITH_KNOTS('',3,(#5194,#5195,#5196,#5197,#5198,
    #5199,#5200,#5201,#5202),.UNSPECIFIED.,.F.,.F.,(4,1,1,1,1,1,4),(0.,
    0.230179915631,0.453703965803,0.670568906579,0.880767529413,
    1.084277536388,1.28086153844),.UNSPECIFIED.);
#5194 = CARTESIAN_POINT('',(-6.783295192222,0.47634686435));
#5195 = CARTESIAN_POINT('',(-6.722829825426,0.429149677254));
#5196 = CARTESIAN_POINT('',(-6.600825249098,0.339524828612));
#5197 = CARTESIAN_POINT('',(-6.412182499977,0.219352002791));
#5198 = CARTESIAN_POINT('',(-6.221237606913,0.116026196138));
#5199 = CARTESIAN_POINT('',(-6.028625871812,3.14893002969E-02));
#5200 = CARTESIAN_POINT('',(-5.835128675261,-3.345279968555E-02));
#5201 = CARTESIAN_POINT('',(-5.703603365783,-5.645073053727E-02));
#5202 = CARTESIAN_POINT('',(-5.637820523927,-6.147939593527E-02));
#5203 = ( GEOMETRIC_REPRESENTATION_CONTEXT(2) 
PARAMETRIC_REPRESENTATION_CONTEXT() REPRESENTATION_CONTEXT('2D SPACE',''
  ) );
#5204 = PCURVE('',#2666,#5205);
#5205 = DEFINITIONAL_REPRESENTATION('',(#5206),#5210);
#5206 = LINE('',#5207,#5208);
#5207 = CARTESIAN_POINT('',(0.,-8.));
#5208 = VECTOR('',#5209,1.);
#5209 = DIRECTION('',(1.,0.));
#5210 = ( GEOMETRIC_REPRESENTATION_CONTEXT(2) 
PARAMETRIC_REPRESENTATION_CONTEXT() REPRESENTATION_CONTEXT('2D SPACE',''
  ) );
#5211 = ORIENTED_EDGE('',*,*,#5212,.T.);
#5212 = EDGE_CURVE('',#5178,#5213,#5215,.T.);
#5213 = VERTEX_POINT('',#5214);
#5214 = CARTESIAN_POINT('',(-26.,5.452083884963E-02,-4.999702738977));
#5215 = SURFACE_CURVE('',#5216,(#5220,#5227),.PCURVE_S1.);
#5216 = LINE('',#5217,#5218);
#5217 = CARTESIAN_POINT('',(-26.,6.147939593526E-02,-5.637820523927));
#5218 = VECTOR('',#5219,1.);
#5219 = DIRECTION('',(0.,-1.090416776993E-02,0.999940547795));
#5220 = PCURVE('',#72,#5221);
#5221 = DEFINITIONAL_REPRESENTATION('',(#5222),#5226);
#5222 = LINE('',#5223,#5224);
#5223 = CARTESIAN_POINT('',(-5.637820523927,-6.147939593527E-02));
#5224 = VECTOR('',#5225,1.);
#5225 = DIRECTION('',(0.999940547795,1.090416776993E-02));
#5226 = ( GEOMETRIC_REPRESENTATION_CONTEXT(2) 
PARAMETRIC_REPRESENTATION_CONTEXT() REPRESENTATION_CONTEXT('2D SPACE',''
  ) );
#5227 = PCURVE('',#2702,#5228);
#5228 = DEFINITIONAL_REPRESENTATION('',(#5229),#5233);
#5229 = LINE('',#5230,#5231);
#5230 = CARTESIAN_POINT('',(0.,-8.));
#5231 = VECTOR('',#5232,1.);
#5232 = DIRECTION('',(1.,0.));
#5233 = ( GEOMETRIC_REPRESENTATION_CONTEXT(2) 
PARAMETRIC_REPRESENTATION_CONTEXT() REPRESENTATION_CONTEXT('2D SPACE',''
  ) );
#5234 = ORIENTED_EDGE('',*,*,#5235,.T.);
#5235 = EDGE_CURVE('',#5213,#5236,#5238,.T.);
#5236 = VERTEX_POINT('',#5237);
#5237 = CARTESIAN_POINT('',(-26.,0.986167222336,-4.901782758302));
#5238 = SURFACE_CURVE('',#5239,(#5243,#5250),.PCURVE_S1.);
#5239 = LINE('',#5240,#5241);
#5240 = CARTESIAN_POINT('',(-26.,5.452083884963E-02,-4.999702738977));
#5241 = VECTOR('',#5242,1.);
#5242 = DIRECTION('',(0.,0.994521895368,0.104528463268));
#5243 = PCURVE('',#72,#5244);
#5244 = DEFINITIONAL_REPRESENTATION('',(#5245),#5249);
#5245 = LINE('',#5246,#5247);
#5246 = CARTESIAN_POINT('',(-4.999702738977,-5.452083884963E-02));
#5247 = VECTOR('',#5248,1.);
#5248 = DIRECTION('',(0.104528463268,-0.994521895368));
#5249 = ( GEOMETRIC_REPRESENTATION_CONTEXT(2) 
PARAMETRIC_REPRESENTATION_CONTEXT() REPRESENTATION_CONTEXT('2D SPACE',''
  ) );
#5250 = PCURVE('',#2730,#5251);
#5251 = DEFINITIONAL_REPRESENTATION('',(#5252),#5256);
#5252 = LINE('',#5253,#5254);
#5253 = CARTESIAN_POINT('',(0.,-8.));
#5254 = VECTOR('',#5255,1.);
#5255 = DIRECTION('',(1.,0.));
#5256 = ( GEOMETRIC_REPRESENTATION_CONTEXT(2) 
PARAMETRIC_REPRESENTATION_CONTEXT() REPRESENTATION_CONTEXT('2D SPACE',''
  ) );
#5257 = ORIENTED_EDGE('',*,*,#5258,.T.);
#5258 = EDGE_CURVE('',#5236,#5259,#5261,.T.);
#5259 = VERTEX_POINT('',#5260);
#5260 = CARTESIAN_POINT('',(-26.,1.112032874028,-5.527402904007));
#5261 = SURFACE_CURVE('',#5262,(#5266,#5273),.PCURVE_S1.);
#5262 = LINE('',#5263,#5264);
#5263 = CARTESIAN_POINT('',(-26.,0.986167222336,-4.901782758302));
#5264 = VECTOR('',#5265,1.);
#5265 = DIRECTION('',(0.,0.197233444467,-0.98035655166));
#5266 = PCURVE('',#72,#5267);
#5267 = DEFINITIONAL_REPRESENTATION('',(#5268),#5272);
#5268 = LINE('',#5269,#5270);
#5269 = CARTESIAN_POINT('',(-4.901782758302,-0.986167222336));
#5270 = VECTOR('',#5271,1.);
#5271 = DIRECTION('',(-0.98035655166,-0.197233444467));
#5272 = ( GEOMETRIC_REPRESENTATION_CONTEXT(2) 
PARAMETRIC_REPRESENTATION_CONTEXT() REPRESENTATION_CONTEXT('2D SPACE',''
  ) );
#5273 = PCURVE('',#2758,#5274);
#5274 = DEFINITIONAL_REPRESENTATION('',(#5275),#5279);
#5275 = LINE('',#5276,#5277);
#5276 = CARTESIAN_POINT('',(0.,-8.));
#5277 = VECTOR('',#5278,1.);
#5278 = DIRECTION('',(1.,0.));
#5279 = ( GEOMETRIC_REPRESENTATION_CONTEXT(2) 
PARAMETRIC_REPRESENTATION_CONTEXT() REPRESENTATION_CONTEXT('2D SPACE',''
  ) );
#5280 = ORIENTED_EDGE('',*,*,#5281,.T.);
#5281 = EDGE_CURVE('',#5259,#5282,#5284,.T.);
#5282 = VERTEX_POINT('',#5283);
#5283 = CARTESIAN_POINT('',(-26.,1.876263915212,-6.536025835359));
#5284 = SURFACE_CURVE('',#5285,(#5295,#5308),.PCURVE_S1.);
#5285 = B_SPLINE_CURVE_WITH_KNOTS('',3,(#5286,#5287,#5288,#5289,#5290,
    #5291,#5292,#5293,#5294),.UNSPECIFIED.,.F.,.F.,(4,1,1,1,1,1,4),(0.,
    0.196584002052,0.400094009028,0.610292631862,0.827157572637,
    1.05068162281,1.28086153844),.UNSPECIFIED.);
#5286 = CARTESIAN_POINT('',(-26.,1.112032874028,-5.527402904007));
#5287 = CARTESIAN_POINT('',(-26.,1.130628672899,-5.590702714612));
#5288 = CARTESIAN_POINT('',(-26.,1.180469693262,-5.714572341825));
#5289 = CARTESIAN_POINT('',(-26.,1.28422298185,-5.890338938567));
#5290 = CARTESIAN_POINT('',(-26.,1.406958775207,-6.061165436179));
#5291 = CARTESIAN_POINT('',(-26.,1.547726340648,-6.226455082036));
#5292 = CARTESIAN_POINT('',(-26.,1.704494134829,-6.385990199077));
#5293 = CARTESIAN_POINT('',(-26.,1.817526643246,-6.486694628871));
#5294 = CARTESIAN_POINT('',(-26.,1.876263915212,-6.536025835359));
#5295 = PCURVE('',#72,#5296);
#5296 = DEFINITIONAL_REPRESENTATION('',(#5297),#5307);
#5297 = B_SPLINE_CURVE_WITH_KNOTS('',3,(#5298,#5299,#5300,#5301,#5302,
    #5303,#5304,#5305,#5306),.UNSPECIFIED.,.F.,.F.,(4,1,1,1,1,1,4),(0.,
    0.196584002052,0.400094009028,0.610292631862,0.827157572637,
    1.05068162281,1.28086153844),.UNSPECIFIED.);
#5298 = CARTESIAN_POINT('',(-5.527402904007,-1.112032874028));
#5299 = CARTESIAN_POINT('',(-5.590702714612,-1.130628672899));
#5300 = CARTESIAN_POINT('',(-5.714572341825,-1.180469693262));
#5301 = CARTESIAN_POINT('',(-5.890338938567,-1.28422298185));
#5302 = CARTESIAN_POINT('',(-6.061165436179,-1.406958775207));
#5303 = CARTESIAN_POINT('',(-6.226455082036,-1.547726340648));
#5304 = CARTESIAN_POINT('',(-6.385990199077,-1.704494134829));
#5305 = CARTESIAN_POINT('',(-6.486694628871,-1.817526643246));
#5306 = CARTESIAN_POINT('',(-6.536025835359,-1.876263915212));
#5307 = ( GEOMETRIC_REPRESENTATION_CONTEXT(2) 
PARAMETRIC_REPRESENTATION_CONTEXT() REPRESENTATION_CONTEXT('2D SPACE',''
  ) );
#5308 = PCURVE('',#2798,#5309);
#5309 = DEFINITIONAL_REPRESENTATION('',(#5310),#5314);
#5310 = LINE('',#5311,#5312);
#5311 = CARTESIAN_POINT('',(0.,-8.));
#5312 = VECTOR('',#5313,1.);
#5313 = DIRECTION('',(1.,0.));
#5314 = ( GEOMETRIC_REPRESENTATION_CONTEXT(2) 
PARAMETRIC_REPRESENTATION_CONTEXT() REPRESENTATION_CONTEXT('2D SPACE',''
  ) );
#5315 = ORIENTED_EDGE('',*,*,#5316,.T.);
#5316 = EDGE_CURVE('',#5282,#5317,#5319,.T.);
#5317 = VERTEX_POINT('',#5318);
#5318 = CARTESIAN_POINT('',(-26.,2.323850201288,-6.390596235249));
#5319 = SURFACE_CURVE('',#5320,(#5324,#5331),.PCURVE_S1.);
#5320 = LINE('',#5321,#5322);
#5321 = CARTESIAN_POINT('',(-26.,1.876263915212,-6.536025835359));
#5322 = VECTOR('',#5323,1.);
#5323 = DIRECTION('',(0.,0.951056516295,0.309016994375));
#5324 = PCURVE('',#72,#5325);
#5325 = DEFINITIONAL_REPRESENTATION('',(#5326),#5330);
#5326 = LINE('',#5327,#5328);
#5327 = CARTESIAN_POINT('',(-6.536025835359,-1.876263915212));
#5328 = VECTOR('',#5329,1.);
#5329 = DIRECTION('',(0.309016994375,-0.951056516295));
#5330 = ( GEOMETRIC_REPRESENTATION_CONTEXT(2) 
PARAMETRIC_REPRESENTATION_CONTEXT() REPRESENTATION_CONTEXT('2D SPACE',''
  ) );
#5331 = PCURVE('',#2834,#5332);
#5332 = DEFINITIONAL_REPRESENTATION('',(#5333),#5337);
#5333 = LINE('',#5334,#5335);
#5334 = CARTESIAN_POINT('',(0.,-8.));
#5335 = VECTOR('',#5336,1.);
#5336 = DIRECTION('',(1.,0.));
#5337 = ( GEOMETRIC_REPRESENTATION_CONTEXT(2) 
PARAMETRIC_REPRESENTATION_CONTEXT() REPRESENTATION_CONTEXT('2D SPACE',''
  ) );
#5338 = ORIENTED_EDGE('',*,*,#5339,.T.);
#5339 = EDGE_CURVE('',#5317,#5340,#5342,.T.);
#5340 = VERTEX_POINT('',#5341);
#5341 = CARTESIAN_POINT('',(-26.,2.349272417061,-5.125399407517));
#5342 = SURFACE_CURVE('',#5343,(#5353,#5366),.PCURVE_S1.);
#5343 = B_SPLINE_CURVE_WITH_KNOTS('',3,(#5344,#5345,#5346,#5347,#5348,
    #5349,#5350,#5351,#5352),.UNSPECIFIED.,.F.,.F.,(4,1,1,1,1,1,4),(0.,
    0.230179915631,0.453703965803,0.670568906579,0.880767529413,
    1.084277536388,1.28086153844),.UNSPECIFIED.);
#5344 = CARTESIAN_POINT('',(-26.,2.323850201288,-6.390596235249));
#5345 = CARTESIAN_POINT('',(-26.,2.34237349686,-6.316161548626));
#5346 = CARTESIAN_POINT('',(-26.,2.374626138413,-6.168251112037));
#5347 = CARTESIAN_POINT('',(-26.,2.407681559056,-5.947038693697));
#5348 = CARTESIAN_POINT('',(-26.,2.424410095564,-5.730575462237));
#5349 = CARTESIAN_POINT('',(-26.,2.42329614221,-5.520231633316));
#5350 = CARTESIAN_POINT('',(-26.,2.403921302489,-5.317048816599));
#5351 = CARTESIAN_POINT('',(-26.,2.371434794898,-5.187540366369));
#5352 = CARTESIAN_POINT('',(-26.,2.349272417061,-5.125399407517));
#5353 = PCURVE('',#72,#5354);
#5354 = DEFINITIONAL_REPRESENTATION('',(#5355),#5365);
#5355 = B_SPLINE_CURVE_WITH_KNOTS('',3,(#5356,#5357,#5358,#5359,#5360,
    #5361,#5362,#5363,#5364),.UNSPECIFIED.,.F.,.F.,(4,1,1,1,1,1,4),(0.,
    0.230179915631,0.453703965803,0.670568906579,0.880767529413,
    1.084277536388,1.28086153844),.UNSPECIFIED.);
#5356 = CARTESIAN_POINT('',(-6.390596235249,-2.323850201288));
#5357 = CARTESIAN_POINT('',(-6.316161548626,-2.34237349686));
#5358 = CARTESIAN_POINT('',(-6.168251112037,-2.374626138413));
#5359 = CARTESIAN_POINT('',(-5.947038693697,-2.407681559056));
#5360 = CARTESIAN_POINT('',(-5.730575462237,-2.424410095564));
#5361 = CARTESIAN_POINT('',(-5.520231633316,-2.42329614221));
#5362 = CARTESIAN_POINT('',(-5.317048816599,-2.403921302489));
#5363 = CARTESIAN_POINT('',(-5.187540366369,-2.371434794898));
#5364 = CARTESIAN_POINT('',(-5.125399407517,-2.349272417061));
#5365 = ( GEOMETRIC_REPRESENTATION_CONTEXT(2) 
PARAMETRIC_REPRESENTATION_CONTEXT() REPRESENTATION_CONTEXT('2D SPACE',''
  ) );
#5366 = PCURVE('',#2874,#5367);
#5367 = DEFINITIONAL_REPRESENTATION('',(#5368),#5372);
#5368 = LINE('',#5369,#5370);
#5369 = CARTESIAN_POINT('',(0.,-8.));
#5370 = VECTOR('',#5371,1.);
#5371 = DIRECTION('',(1.,0.));
#5372 = ( GEOMETRIC_REPRESENTATION_CONTEXT(2) 
PARAMETRIC_REPRESENTATION_CONTEXT() REPRESENTATION_CONTEXT('2D SPACE',''
  ) );
#5373 = ORIENTED_EDGE('',*,*,#5374,.T.);
#5374 = EDGE_CURVE('',#5340,#5375,#5377,.T.);
#5375 = VERTEX_POINT('',#5376);
#5376 = CARTESIAN_POINT('',(-26.,2.083369573106,-4.545280103784));
#5377 = SURFACE_CURVE('',#5378,(#5382,#5389),.PCURVE_S1.);
#5378 = LINE('',#5379,#5380);
#5379 = CARTESIAN_POINT('',(-26.,2.349272417061,-5.125399407517));
#5380 = VECTOR('',#5381,1.);
#5381 = DIRECTION('',(0.,-0.416673914621,0.909056020757));
#5382 = PCURVE('',#72,#5383);
#5383 = DEFINITIONAL_REPRESENTATION('',(#5384),#5388);
#5384 = LINE('',#5385,#5386);
#5385 = CARTESIAN_POINT('',(-5.125399407517,-2.349272417061));
#5386 = VECTOR('',#5387,1.);
#5387 = DIRECTION('',(0.909056020757,0.416673914621));
#5388 = ( GEOMETRIC_REPRESENTATION_CONTEXT(2) 
PARAMETRIC_REPRESENTATION_CONTEXT() REPRESENTATION_CONTEXT('2D SPACE',''
  ) );
#5389 = PCURVE('',#2910,#5390);
#5390 = DEFINITIONAL_REPRESENTATION('',(#5391),#5395);
#5391 = LINE('',#5392,#5393);
#5392 = CARTESIAN_POINT('',(0.,-8.));
#5393 = VECTOR('',#5394,1.);
#5394 = DIRECTION('',(1.,0.));
#5395 = ( GEOMETRIC_REPRESENTATION_CONTEXT(2) 
PARAMETRIC_REPRESENTATION_CONTEXT() REPRESENTATION_CONTEXT('2D SPACE',''
  ) );
#5396 = ORIENTED_EDGE('',*,*,#5397,.T.);
#5397 = EDGE_CURVE('',#5375,#5398,#5400,.T.);
#5398 = VERTEX_POINT('',#5399);
#5399 = CARTESIAN_POINT('',(-26.,2.89464325064,-4.076891027674));
#5400 = SURFACE_CURVE('',#5401,(#5405,#5412),.PCURVE_S1.);
#5401 = LINE('',#5402,#5403);
#5402 = CARTESIAN_POINT('',(-26.,2.083369573106,-4.545280103784));
#5403 = VECTOR('',#5404,1.);
#5404 = DIRECTION('',(0.,0.866025403784,0.5));
#5405 = PCURVE('',#72,#5406);
#5406 = DEFINITIONAL_REPRESENTATION('',(#5407),#5411);
#5407 = LINE('',#5408,#5409);
#5408 = CARTESIAN_POINT('',(-4.545280103784,-2.083369573106));
#5409 = VECTOR('',#5410,1.);
#5410 = DIRECTION('',(0.5,-0.866025403784));
#5411 = ( GEOMETRIC_REPRESENTATION_CONTEXT(2) 
PARAMETRIC_REPRESENTATION_CONTEXT() REPRESENTATION_CONTEXT('2D SPACE',''
  ) );
#5412 = PCURVE('',#2938,#5413);
#5413 = DEFINITIONAL_REPRESENTATION('',(#5414),#5418);
#5414 = LINE('',#5415,#5416);
#5415 = CARTESIAN_POINT('',(0.,-8.));
#5416 = VECTOR('',#5417,1.);
#5417 = DIRECTION('',(1.,0.));
#5418 = ( GEOMETRIC_REPRESENTATION_CONTEXT(2) 
PARAMETRIC_REPRESENTATION_CONTEXT() REPRESENTATION_CONTEXT('2D SPACE',''
  ) );
#5419 = ORIENTED_EDGE('',*,*,#5420,.T.);
#5420 = EDGE_CURVE('',#5398,#5421,#5423,.T.);
#5421 = VERTEX_POINT('',#5422);
#5422 = CARTESIAN_POINT('',(-26.,3.264089882921,-4.597229297344));
#5423 = SURFACE_CURVE('',#5424,(#5428,#5435),.PCURVE_S1.);
#5424 = LINE('',#5425,#5426);
#5425 = CARTESIAN_POINT('',(-26.,2.89464325064,-4.076891027674));
#5426 = VECTOR('',#5427,1.);
#5427 = DIRECTION('',(0.,0.578928650128,-0.815378205535));
#5428 = PCURVE('',#72,#5429);
#5429 = DEFINITIONAL_REPRESENTATION('',(#5430),#5434);
#5430 = LINE('',#5431,#5432);
#5431 = CARTESIAN_POINT('',(-4.076891027674,-2.89464325064));
#5432 = VECTOR('',#5433,1.);
#5433 = DIRECTION('',(-0.815378205535,-0.578928650128));
#5434 = ( GEOMETRIC_REPRESENTATION_CONTEXT(2) 
PARAMETRIC_REPRESENTATION_CONTEXT() REPRESENTATION_CONTEXT('2D SPACE',''
  ) );
#5435 = PCURVE('',#2966,#5436);
#5436 = DEFINITIONAL_REPRESENTATION('',(#5437),#5441);
#5437 = LINE('',#5438,#5439);
#5438 = CARTESIAN_POINT('',(0.,-8.));
#5439 = VECTOR('',#5440,1.);
#5440 = DIRECTION('',(1.,0.));
#5441 = ( GEOMETRIC_REPRESENTATION_CONTEXT(2) 
PARAMETRIC_REPRESENTATION_CONTEXT() REPRESENTATION_CONTEXT('2D SPACE',''
  ) );
#5442 = ORIENTED_EDGE('',*,*,#5443,.T.);
#5443 = EDGE_CURVE('',#5421,#5444,#5446,.T.);
#5444 = VERTEX_POINT('',#5445);
#5445 = CARTESIAN_POINT('',(-26.,4.372493584411,-5.207811426529));
#5446 = SURFACE_CURVE('',#5447,(#5457,#5470),.PCURVE_S1.);
#5447 = B_SPLINE_CURVE_WITH_KNOTS('',3,(#5448,#5449,#5450,#5451,#5452,
    #5453,#5454,#5455,#5456),.UNSPECIFIED.,.F.,.F.,(4,1,1,1,1,1,4),(0.,
    0.196584002052,0.400094009028,0.610292631862,0.827157572637,
    1.05068162281,1.28086153844),.UNSPECIFIED.);
#5448 = CARTESIAN_POINT('',(-26.,3.264089882921,-4.597229297344));
#5449 = CARTESIAN_POINT('',(-26.,3.306824342984,-4.647492958984));
#5450 = CARTESIAN_POINT('',(-26.,3.402738697092,-4.740381324954));
#5451 = CARTESIAN_POINT('',(-26.,3.569012758121,-4.858751836705));
#5452 = CARTESIAN_POINT('',(-26.,3.750618880819,-4.964888463068));
#5453 = CARTESIAN_POINT('',(-26.,3.946445806502,-5.058632741214));
#5454 = CARTESIAN_POINT('',(-26.,4.154549090739,-5.140612116375));
#5455 = CARTESIAN_POINT('',(-26.,4.298769607086,-5.186635727745));
#5456 = CARTESIAN_POINT('',(-26.,4.372493584411,-5.207811426529));
#5457 = PCURVE('',#72,#5458);
#5458 = DEFINITIONAL_REPRESENTATION('',(#5459),#5469);
#5459 = B_SPLINE_CURVE_WITH_KNOTS('',3,(#5460,#5461,#5462,#5463,#5464,
    #5465,#5466,#5467,#5468),.UNSPECIFIED.,.F.,.F.,(4,1,1,1,1,1,4),(0.,
    0.196584002052,0.400094009028,0.610292631862,0.827157572637,
    1.05068162281,1.28086153844),.UNSPECIFIED.);
#5460 = CARTESIAN_POINT('',(-4.597229297344,-3.264089882921));
#5461 = CARTESIAN_POINT('',(-4.647492958984,-3.306824342984));
#5462 = CARTESIAN_POINT('',(-4.740381324954,-3.402738697092));
#5463 = CARTESIAN_POINT('',(-4.858751836705,-3.569012758121));
#5464 = CARTESIAN_POINT('',(-4.964888463068,-3.750618880819));
#5465 = CARTESIAN_POINT('',(-5.058632741214,-3.946445806502));
#5466 = CARTESIAN_POINT('',(-5.140612116375,-4.154549090739));
#5467 = CARTESIAN_POINT('',(-5.186635727745,-4.298769607086));
#5468 = CARTESIAN_POINT('',(-5.207811426529,-4.372493584411));
#5469 = ( GEOMETRIC_REPRESENTATION_CONTEXT(2) 
PARAMETRIC_REPRESENTATION_CONTEXT() REPRESENTATION_CONTEXT('2D SPACE',''
  ) );
#5470 = PCURVE('',#3006,#5471);
#5471 = DEFINITIONAL_REPRESENTATION('',(#5472),#5476);
#5472 = LINE('',#5473,#5474);
#5473 = CARTESIAN_POINT('',(0.,-8.));
#5474 = VECTOR('',#5475,1.);
#5475 = DIRECTION('',(1.,0.));
#5476 = ( GEOMETRIC_REPRESENTATION_CONTEXT(2) 
PARAMETRIC_REPRESENTATION_CONTEXT() REPRESENTATION_CONTEXT('2D SPACE',''
  ) );
#5477 = ORIENTED_EDGE('',*,*,#5478,.T.);
#5478 = EDGE_CURVE('',#5444,#5479,#5481,.T.);
#5479 = VERTEX_POINT('',#5480);
#5480 = CARTESIAN_POINT('',(-26.,4.722232455606,-4.892905132457));
#5481 = SURFACE_CURVE('',#5482,(#5486,#5493),.PCURVE_S1.);
#5482 = LINE('',#5483,#5484);
#5483 = CARTESIAN_POINT('',(-26.,4.372493584411,-5.207811426529));
#5484 = VECTOR('',#5485,1.);
#5485 = DIRECTION('',(0.,0.743144825477,0.669130606359));
#5486 = PCURVE('',#72,#5487);
#5487 = DEFINITIONAL_REPRESENTATION('',(#5488),#5492);
#5488 = LINE('',#5489,#5490);
#5489 = CARTESIAN_POINT('',(-5.207811426529,-4.372493584411));
#5490 = VECTOR('',#5491,1.);
#5491 = DIRECTION('',(0.669130606359,-0.743144825477));
#5492 = ( GEOMETRIC_REPRESENTATION_CONTEXT(2) 
PARAMETRIC_REPRESENTATION_CONTEXT() REPRESENTATION_CONTEXT('2D SPACE',''
  ) );
#5493 = PCURVE('',#3042,#5494);
#5494 = DEFINITIONAL_REPRESENTATION('',(#5495),#5499);
#5495 = LINE('',#5496,#5497);
#5496 = CARTESIAN_POINT('',(0.,-8.));
#5497 = VECTOR('',#5498,1.);
#5498 = DIRECTION('',(1.,0.));
#5499 = ( GEOMETRIC_REPRESENTATION_CONTEXT(2) 
PARAMETRIC_REPRESENTATION_CONTEXT() REPRESENTATION_CONTEXT('2D SPACE',''
  ) );
#5500 = ORIENTED_EDGE('',*,*,#5501,.T.);
#5501 = EDGE_CURVE('',#5479,#5502,#5504,.T.);
#5502 = VERTEX_POINT('',#5503);
#5503 = CARTESIAN_POINT('',(-26.,4.230854894808,-3.726750170755));
#5504 = SURFACE_CURVE('',#5505,(#5515,#5528),.PCURVE_S1.);
#5505 = B_SPLINE_CURVE_WITH_KNOTS('',3,(#5506,#5507,#5508,#5509,#5510,
    #5511,#5512,#5513,#5514),.UNSPECIFIED.,.F.,.F.,(4,1,1,1,1,1,4),(0.,
    0.230179915631,0.453703965803,0.670568906579,0.880767529413,
    1.084277536388,1.28086153844),.UNSPECIFIED.);
#5506 = CARTESIAN_POINT('',(-26.,4.722232455606,-4.892905132457));
#5507 = CARTESIAN_POINT('',(-26.,4.708879013571,-4.817371559541));
#5508 = CARTESIAN_POINT('',(-26.,4.678182673305,-4.669130320902));
#5509 = CARTESIAN_POINT('',(-26.,4.618405106242,-4.453597870126));
#5510 = CARTESIAN_POINT('',(-26.,4.545643856668,-4.249044759496));
#5511 = CARTESIAN_POINT('',(-26.,4.459071666774,-4.057339195689));
#5512 = CARTESIAN_POINT('',(-26.,4.358729973153,-3.879602913675));
#5513 = CARTESIAN_POINT('',(-26.,4.276376239411,-3.774504510284));
#5514 = CARTESIAN_POINT('',(-26.,4.230854894808,-3.726750170755));
#5515 = PCURVE('',#72,#5516);
#5516 = DEFINITIONAL_REPRESENTATION('',(#5517),#5527);
#5517 = B_SPLINE_CURVE_WITH_KNOTS('',3,(#5518,#5519,#5520,#5521,#5522,
    #5523,#5524,#5525,#5526),.UNSPECIFIED.,.F.,.F.,(4,1,1,1,1,1,4),(0.,
    0.230179915631,0.453703965803,0.670568906579,0.880767529413,
    1.084277536388,1.28086153844),.UNSPECIFIED.);
#5518 = CARTESIAN_POINT('',(-4.892905132457,-4.722232455606));
#5519 = CARTESIAN_POINT('',(-4.817371559541,-4.708879013571));
#5520 = CARTESIAN_POINT('',(-4.669130320902,-4.678182673305));
#5521 = CARTESIAN_POINT('',(-4.453597870126,-4.618405106242));
#5522 = CARTESIAN_POINT('',(-4.249044759496,-4.545643856668));
#5523 = CARTESIAN_POINT('',(-4.057339195689,-4.459071666774));
#5524 = CARTESIAN_POINT('',(-3.879602913675,-4.358729973153));
#5525 = CARTESIAN_POINT('',(-3.774504510284,-4.276376239411));
#5526 = CARTESIAN_POINT('',(-3.726750170755,-4.230854894808));
#5527 = ( GEOMETRIC_REPRESENTATION_CONTEXT(2) 
PARAMETRIC_REPRESENTATION_CONTEXT() REPRESENTATION_CONTEXT('2D SPACE',''
  ) );
#5528 = PCURVE('',#3082,#5529);
#5529 = DEFINITIONAL_REPRESENTATION('',(#5530),#5534);
#5530 = LINE('',#5531,#5532);
#5531 = CARTESIAN_POINT('',(0.,-8.));
#5532 = VECTOR('',#5533,1.);
#5533 = DIRECTION('',(1.,0.));
#5534 = ( GEOMETRIC_REPRESENTATION_CONTEXT(2) 
PARAMETRIC_REPRESENTATION_CONTEXT() REPRESENTATION_CONTEXT('2D SPACE',''
  ) );
#5535 = ORIENTED_EDGE('',*,*,#5536,.T.);
#5536 = EDGE_CURVE('',#5502,#5537,#5539,.T.);
#5537 = VERTEX_POINT('',#5538);
#5538 = CARTESIAN_POINT('',(-26.,3.751984781354,-3.304937246074));
#5539 = SURFACE_CURVE('',#5540,(#5544,#5551),.PCURVE_S1.);
#5540 = LINE('',#5541,#5542);
#5541 = CARTESIAN_POINT('',(-26.,4.230854894808,-3.726750170755));
#5542 = VECTOR('',#5543,1.);
#5543 = DIRECTION('',(0.,-0.750396956271,0.660987449215));
#5544 = PCURVE('',#72,#5545);
#5545 = DEFINITIONAL_REPRESENTATION('',(#5546),#5550);
#5546 = LINE('',#5547,#5548);
#5547 = CARTESIAN_POINT('',(-3.726750170755,-4.230854894808));
#5548 = VECTOR('',#5549,1.);
#5549 = DIRECTION('',(0.660987449215,0.750396956271));
#5550 = ( GEOMETRIC_REPRESENTATION_CONTEXT(2) 
PARAMETRIC_REPRESENTATION_CONTEXT() REPRESENTATION_CONTEXT('2D SPACE',''
  ) );
#5551 = PCURVE('',#3118,#5552);
#5552 = DEFINITIONAL_REPRESENTATION('',(#5553),#5557);
#5553 = LINE('',#5554,#5555);
#5554 = CARTESIAN_POINT('',(0.,-8.));
#5555 = VECTOR('',#5556,1.);
#5556 = DIRECTION('',(1.,0.));
#5557 = ( GEOMETRIC_REPRESENTATION_CONTEXT(2) 
PARAMETRIC_REPRESENTATION_CONTEXT() REPRESENTATION_CONTEXT('2D SPACE',''
  ) );
#5558 = ORIENTED_EDGE('',*,*,#5559,.T.);
#5559 = EDGE_CURVE('',#5537,#5560,#5562,.T.);
#5560 = VERTEX_POINT('',#5561);
#5561 = CARTESIAN_POINT('',(-26.,4.3026091639,-2.547067800968));
#5562 = SURFACE_CURVE('',#5563,(#5567,#5574),.PCURVE_S1.);
#5563 = LINE('',#5564,#5565);
#5564 = CARTESIAN_POINT('',(-26.,3.751984781354,-3.304937246074));
#5565 = VECTOR('',#5566,1.);
#5566 = DIRECTION('',(0.,0.587785252292,0.809016994375));
#5567 = PCURVE('',#72,#5568);
#5568 = DEFINITIONAL_REPRESENTATION('',(#5569),#5573);
#5569 = LINE('',#5570,#5571);
#5570 = CARTESIAN_POINT('',(-3.304937246074,-3.751984781354));
#5571 = VECTOR('',#5572,1.);
#5572 = DIRECTION('',(0.809016994375,-0.587785252292));
#5573 = ( GEOMETRIC_REPRESENTATION_CONTEXT(2) 
PARAMETRIC_REPRESENTATION_CONTEXT() REPRESENTATION_CONTEXT('2D SPACE',''
  ) );
#5574 = PCURVE('',#3146,#5575);
#5575 = DEFINITIONAL_REPRESENTATION('',(#5576),#5580);
#5576 = LINE('',#5577,#5578);
#5577 = CARTESIAN_POINT('',(0.,-8.));
#5578 = VECTOR('',#5579,1.);
#5579 = DIRECTION('',(1.,0.));
#5580 = ( GEOMETRIC_REPRESENTATION_CONTEXT(2) 
PARAMETRIC_REPRESENTATION_CONTEXT() REPRESENTATION_CONTEXT('2D SPACE',''
  ) );
#5581 = ORIENTED_EDGE('',*,*,#5582,.T.);
#5582 = EDGE_CURVE('',#5560,#5583,#5585,.T.);
#5583 = VERTEX_POINT('',#5584);
#5584 = CARTESIAN_POINT('',(-26.,4.851756097731,-2.872152980653));
#5585 = SURFACE_CURVE('',#5586,(#5590,#5597),.PCURVE_S1.);
#5586 = LINE('',#5587,#5588);
#5587 = CARTESIAN_POINT('',(-26.,4.3026091639,-2.547067800968));
#5588 = VECTOR('',#5589,1.);
#5589 = DIRECTION('',(0.,0.86052183278,-0.509413560194));
#5590 = PCURVE('',#72,#5591);
#5591 = DEFINITIONAL_REPRESENTATION('',(#5592),#5596);
#5592 = LINE('',#5593,#5594);
#5593 = CARTESIAN_POINT('',(-2.547067800968,-4.3026091639));
#5594 = VECTOR('',#5595,1.);
#5595 = DIRECTION('',(-0.509413560194,-0.86052183278));
#5596 = ( GEOMETRIC_REPRESENTATION_CONTEXT(2) 
PARAMETRIC_REPRESENTATION_CONTEXT() REPRESENTATION_CONTEXT('2D SPACE',''
  ) );
#5597 = PCURVE('',#3174,#5598);
#5598 = DEFINITIONAL_REPRESENTATION('',(#5599),#5603);
#5599 = LINE('',#5600,#5601);
#5600 = CARTESIAN_POINT('',(0.,-8.));
#5601 = VECTOR('',#5602,1.);
#5602 = DIRECTION('',(1.,0.));
#5603 = ( GEOMETRIC_REPRESENTATION_CONTEXT(2) 
PARAMETRIC_REPRESENTATION_CONTEXT() REPRESENTATION_CONTEXT('2D SPACE',''
  ) );
#5604 = ORIENTED_EDGE('',*,*,#5605,.T.);
#5605 = EDGE_CURVE('',#5583,#5606,#5608,.T.);
#5606 = VERTEX_POINT('',#5607);
#5607 = CARTESIAN_POINT('',(-26.,6.112679390008,-2.979119110571));
#5608 = SURFACE_CURVE('',#5609,(#5619,#5632),.PCURVE_S1.);
#5609 = B_SPLINE_CURVE_WITH_KNOTS('',3,(#5610,#5611,#5612,#5613,#5614,
    #5615,#5616,#5617,#5618),.UNSPECIFIED.,.F.,.F.,(4,1,1,1,1,1,4),(0.,
    0.196584002052,0.400094009028,0.610292631862,0.827157572637,
    1.05068162281,1.28086153844),.UNSPECIFIED.);
#5610 = CARTESIAN_POINT('',(-26.,4.851756097731,-2.872152980653));
#5611 = CARTESIAN_POINT('',(-26.,4.91124004261,-2.900689449599));
#5612 = CARTESIAN_POINT('',(-26.,5.036643267284,-2.946535311986));
#5613 = CARTESIAN_POINT('',(-26.,5.236687805049,-2.987042401901));
#5614 = CARTESIAN_POINT('',(-26.,5.445762908635,-3.010137170097));
#5615 = CARTESIAN_POINT('',(-26.,5.662788940078,-3.016126843201));
#5616 = CARTESIAN_POINT('',(-26.,5.886244765967,-3.006375497756));
#5617 = CARTESIAN_POINT('',(-26.,6.036716252766,-2.989760390186));
#5618 = CARTESIAN_POINT('',(-26.,6.112679390008,-2.979119110571));
#5619 = PCURVE('',#72,#5620);
#5620 = DEFINITIONAL_REPRESENTATION('',(#5621),#5631);
#5621 = B_SPLINE_CURVE_WITH_KNOTS('',3,(#5622,#5623,#5624,#5625,#5626,
    #5627,#5628,#5629,#5630),.UNSPECIFIED.,.F.,.F.,(4,1,1,1,1,1,4),(0.,
    0.196584002052,0.400094009028,0.610292631862,0.827157572637,
    1.05068162281,1.28086153844),.UNSPECIFIED.);
#5622 = CARTESIAN_POINT('',(-2.872152980653,-4.851756097731));
#5623 = CARTESIAN_POINT('',(-2.900689449599,-4.91124004261));
#5624 = CARTESIAN_POINT('',(-2.946535311986,-5.036643267284));
#5625 = CARTESIAN_POINT('',(-2.987042401901,-5.236687805049));
#5626 = CARTESIAN_POINT('',(-3.010137170097,-5.445762908635));
#5627 = CARTESIAN_POINT('',(-3.016126843201,-5.662788940078));
#5628 = CARTESIAN_POINT('',(-3.006375497756,-5.886244765967));
#5629 = CARTESIAN_POINT('',(-2.989760390186,-6.036716252766));
#5630 = CARTESIAN_POINT('',(-2.979119110571,-6.112679390008));
#5631 = ( GEOMETRIC_REPRESENTATION_CONTEXT(2) 
PARAMETRIC_REPRESENTATION_CONTEXT() REPRESENTATION_CONTEXT('2D SPACE',''
  ) );
#5632 = PCURVE('',#3214,#5633);
#5633 = DEFINITIONAL_REPRESENTATION('',(#5634),#5638);
#5634 = LINE('',#5635,#5636);
#5635 = CARTESIAN_POINT('',(0.,-8.));
#5636 = VECTOR('',#5637,1.);
#5637 = DIRECTION('',(1.,0.));
#5638 = ( GEOMETRIC_REPRESENTATION_CONTEXT(2) 
PARAMETRIC_REPRESENTATION_CONTEXT() REPRESENTATION_CONTEXT('2D SPACE',''
  ) );
#5639 = ORIENTED_EDGE('',*,*,#5640,.T.);
#5640 = EDGE_CURVE('',#5606,#5641,#5643,.T.);
#5641 = VERTEX_POINT('',#5642);
#5642 = CARTESIAN_POINT('',(-26.,6.304097818215,-2.549186281615));
#5643 = SURFACE_CURVE('',#5644,(#5648,#5655),.PCURVE_S1.);
#5644 = LINE('',#5645,#5646);
#5645 = CARTESIAN_POINT('',(-26.,6.112679390008,-2.979119110571));
#5646 = VECTOR('',#5647,1.);
#5647 = DIRECTION('',(0.,0.406736643076,0.913545457643));
#5648 = PCURVE('',#72,#5649);
#5649 = DEFINITIONAL_REPRESENTATION('',(#5650),#5654);
#5650 = LINE('',#5651,#5652);
#5651 = CARTESIAN_POINT('',(-2.979119110571,-6.112679390008));
#5652 = VECTOR('',#5653,1.);
#5653 = DIRECTION('',(0.913545457643,-0.406736643076));
#5654 = ( GEOMETRIC_REPRESENTATION_CONTEXT(2) 
PARAMETRIC_REPRESENTATION_CONTEXT() REPRESENTATION_CONTEXT('2D SPACE',''
  ) );
#5655 = PCURVE('',#3250,#5656);
#5656 = DEFINITIONAL_REPRESENTATION('',(#5657),#5661);
#5657 = LINE('',#5658,#5659);
#5658 = CARTESIAN_POINT('',(0.,-8.));
#5659 = VECTOR('',#5660,1.);
#5660 = DIRECTION('',(1.,0.));
#5661 = ( GEOMETRIC_REPRESENTATION_CONTEXT(2) 
PARAMETRIC_REPRESENTATION_CONTEXT() REPRESENTATION_CONTEXT('2D SPACE',''
  ) );
#5662 = ORIENTED_EDGE('',*,*,#5663,.T.);
#5663 = EDGE_CURVE('',#5641,#5664,#5666,.T.);
#5664 = VERTEX_POINT('',#5665);
#5665 = CARTESIAN_POINT('',(-26.,5.380884125132,-1.683711973007));
#5666 = SURFACE_CURVE('',#5667,(#5677,#5690),.PCURVE_S1.);
#5667 = B_SPLINE_CURVE_WITH_KNOTS('',3,(#5668,#5669,#5670,#5671,#5672,
    #5673,#5674,#5675,#5676),.UNSPECIFIED.,.F.,.F.,(4,1,1,1,1,1,4),(0.,
    0.230179915631,0.453703965803,0.670568906579,0.880767529413,
    1.084277536388,1.28086153844),.UNSPECIFIED.);
#5668 = CARTESIAN_POINT('',(-26.,6.304097818215,-2.549186281615));
#5669 = CARTESIAN_POINT('',(-26.,6.261176570013,-2.485614263366));
#5670 = CARTESIAN_POINT('',(-26.,6.172838924027,-2.362674479566));
#5671 = CARTESIAN_POINT('',(-26.,6.030564453665,-2.190089515143));
#5672 = CARTESIAN_POINT('',(-26.,5.880894499076,-2.032815616479));
#5673 = CARTESIAN_POINT('',(-26.,5.723833190759,-1.892895951359));
#5674 = CARTESIAN_POINT('',(-26.,5.55987463364,-1.771338421891));
#5675 = CARTESIAN_POINT('',(-26.,5.441893382472,-1.708822534074));
#5676 = CARTESIAN_POINT('',(-26.,5.380884125132,-1.683711973007));
#5677 = PCURVE('',#72,#5678);
#5678 = DEFINITIONAL_REPRESENTATION('',(#5679),#5689);
#5679 = B_SPLINE_CURVE_WITH_KNOTS('',3,(#5680,#5681,#5682,#5683,#5684,
    #5685,#5686,#5687,#5688),.UNSPECIFIED.,.F.,.F.,(4,1,1,1,1,1,4),(0.,
    0.230179915631,0.453703965803,0.670568906579,0.880767529413,
    1.084277536388,1.28086153844),.UNSPECIFIED.);
#5680 = CARTESIAN_POINT('',(-2.549186281615,-6.304097818215));
#5681 = CARTESIAN_POINT('',(-2.485614263366,-6.261176570013));
#5682 = CARTESIAN_POINT('',(-2.362674479566,-6.172838924027));
#5683 = CARTESIAN_POINT('',(-2.190089515143,-6.030564453665));
#5684 = CARTESIAN_POINT('',(-2.032815616479,-5.880894499076));
#5685 = CARTESIAN_POINT('',(-1.892895951359,-5.723833190759));
#5686 = CARTESIAN_POINT('',(-1.771338421891,-5.55987463364));
#5687 = CARTESIAN_POINT('',(-1.708822534074,-5.441893382472));
#5688 = CARTESIAN_POINT('',(-1.683711973007,-5.380884125132));
#5689 = ( GEOMETRIC_REPRESENTATION_CONTEXT(2) 
PARAMETRIC_REPRESENTATION_CONTEXT() REPRESENTATION_CONTEXT('2D SPACE',''
  ) );
#5690 = PCURVE('',#3290,#5691);
#5691 = DEFINITIONAL_REPRESENTATION('',(#5692),#5696);
#5692 = LINE('',#5693,#5694);
#5693 = CARTESIAN_POINT('',(0.,-8.));
#5694 = VECTOR('',#5695,1.);
#5695 = DIRECTION('',(1.,0.));
#5696 = ( GEOMETRIC_REPRESENTATION_CONTEXT(2) 
PARAMETRIC_REPRESENTATION_CONTEXT() REPRESENTATION_CONTEXT('2D SPACE',''
  ) );
#5697 = ORIENTED_EDGE('',*,*,#5698,.T.);
#5698 = EDGE_CURVE('',#5664,#152,#5699,.T.);
#5699 = SURFACE_CURVE('',#5700,(#5704,#5711),.PCURVE_S1.);
#5700 = LINE('',#5701,#5702);
#5701 = CARTESIAN_POINT('',(-26.,5.380884125132,-1.683711973007));
#5702 = VECTOR('',#5703,1.);
#5703 = DIRECTION('',(0.,-0.954369547039,0.298628142821));
#5704 = PCURVE('',#72,#5705);
#5705 = DEFINITIONAL_REPRESENTATION('',(#5706),#5710);
#5706 = LINE('',#5707,#5708);
#5707 = CARTESIAN_POINT('',(-1.683711973007,-5.380884125132));
#5708 = VECTOR('',#5709,1.);
#5709 = DIRECTION('',(0.298628142821,0.954369547039));
#5710 = ( GEOMETRIC_REPRESENTATION_CONTEXT(2) 
PARAMETRIC_REPRESENTATION_CONTEXT() REPRESENTATION_CONTEXT('2D SPACE',''
  ) );
#5711 = PCURVE('',#167,#5712);
#5712 = DEFINITIONAL_REPRESENTATION('',(#5713),#5717);
#5713 = LINE('',#5714,#5715);
#5714 = CARTESIAN_POINT('',(0.,-8.));
#5715 = VECTOR('',#5716,1.);
#5716 = DIRECTION('',(1.,0.));
#5717 = ( GEOMETRIC_REPRESENTATION_CONTEXT(2) 
PARAMETRIC_REPRESENTATION_CONTEXT() REPRESENTATION_CONTEXT('2D SPACE',''
  ) );
#5718 = ORIENTED_EDGE('',*,*,#179,.T.);
#5719 = FACE_BOUND('',#5720,.T.);
#5720 = EDGE_LOOP('',(#5721));
#5721 = ORIENTED_EDGE('',*,*,#5722,.T.);
#5722 = EDGE_CURVE('',#5723,#5723,#5725,.T.);
#5723 = VERTEX_POINT('',#5724);
#5724 = CARTESIAN_POINT('',(-26.,2.5,0.));
#5725 = SURFACE_CURVE('',#5726,(#5731,#5742),.PCURVE_S1.);
#5726 = CIRCLE('',#5727,2.5);
#5727 = AXIS2_PLACEMENT_3D('',#5728,#5729,#5730);
#5728 = CARTESIAN_POINT('',(-26.,0.,0.));
#5729 = DIRECTION('',(-1.,0.,0.));
#5730 = DIRECTION('',(0.,1.,0.));
#5731 = PCURVE('',#72,#5732);
#5732 = DEFINITIONAL_REPRESENTATION('',(#5733),#5741);
#5733 = ( BOUNDED_CURVE() B_SPLINE_CURVE(2,(#5734,#5735,#5736,#5737,
#5738,#5739,#5740),.UNSPECIFIED.,.T.,.F.) B_SPLINE_CURVE_WITH_KNOTS((1,2
    ,2,2,2,1),(-2.094395102393,0.,2.094395102393,4.188790204786,
6.28318530718,8.377580409573),.UNSPECIFIED.) CURVE() 
GEOMETRIC_REPRESENTATION_ITEM() RATIONAL_B_SPLINE_CURVE((1.,0.5,1.,0.5,
1.,0.5,1.)) REPRESENTATION_ITEM('') );
#5734 = CARTESIAN_POINT('',(2.588752959116E-16,-2.5));
#5735 = CARTESIAN_POINT('',(-4.330127018922,-2.5));
#5736 = CARTESIAN_POINT('',(-2.165063509461,1.25));
#5737 = CARTESIAN_POINT('',(-3.53448103662E-16,5.));
#5738 = CARTESIAN_POINT('',(2.165063509461,1.25));
#5739 = CARTESIAN_POINT('',(4.330127018922,-2.5));
#5740 = CARTESIAN_POINT('',(2.588752959116E-16,-2.5));
#5741 = ( GEOMETRIC_REPRESENTATION_CONTEXT(2) 
PARAMETRIC_REPRESENTATION_CONTEXT() REPRESENTATION_CONTEXT('2D SPACE',''
  ) );
#5742 = PCURVE('',#3355,#5743);
#5743 = DEFINITIONAL_REPRESENTATION('',(#5744),#5748);
#5744 = LINE('',#5745,#5746);
#5745 = CARTESIAN_POINT('',(-6.28318530718,-10.));
#5746 = VECTOR('',#5747,1.);
#5747 = DIRECTION('',(1.,-0.));
#5748 = ( GEOMETRIC_REPRESENTATION_CONTEXT(2) 
PARAMETRIC_REPRESENTATION_CONTEXT() REPRESENTATION_CONTEXT('2D SPACE',''
  ) );
#5749 = ADVANCED_FACE('',(#5750),#167,.F.);
#5750 = FACE_BOUND('',#5751,.F.);
#5751 = EDGE_LOOP('',(#5752,#5773,#5774,#5775));
#5752 = ORIENTED_EDGE('',*,*,#5753,.T.);
#5753 = EDGE_CURVE('',#3263,#5664,#5754,.T.);
#5754 = SURFACE_CURVE('',#5755,(#5759,#5766),.PCURVE_S1.);
#5755 = LINE('',#5756,#5757);
#5756 = CARTESIAN_POINT('',(-34.,5.380884125132,-1.683711973007));
#5757 = VECTOR('',#5758,1.);
#5758 = DIRECTION('',(1.,0.,0.));
#5759 = PCURVE('',#167,#5760);
#5760 = DEFINITIONAL_REPRESENTATION('',(#5761),#5765);
#5761 = LINE('',#5762,#5763);
#5762 = CARTESIAN_POINT('',(0.,0.));
#5763 = VECTOR('',#5764,1.);
#5764 = DIRECTION('',(0.,-1.));
#5765 = ( GEOMETRIC_REPRESENTATION_CONTEXT(2) 
PARAMETRIC_REPRESENTATION_CONTEXT() REPRESENTATION_CONTEXT('2D SPACE',''
  ) );
#5766 = PCURVE('',#3290,#5767);
#5767 = DEFINITIONAL_REPRESENTATION('',(#5768),#5772);
#5768 = LINE('',#5769,#5770);
#5769 = CARTESIAN_POINT('',(1.28086153844,0.));
#5770 = VECTOR('',#5771,1.);
#5771 = DIRECTION('',(0.,-1.));
#5772 = ( GEOMETRIC_REPRESENTATION_CONTEXT(2) 
PARAMETRIC_REPRESENTATION_CONTEXT() REPRESENTATION_CONTEXT('2D SPACE',''
  ) );
#5773 = ORIENTED_EDGE('',*,*,#5698,.T.);
#5774 = ORIENTED_EDGE('',*,*,#149,.F.);
#5775 = ORIENTED_EDGE('',*,*,#3310,.F.);
#5776 = ADVANCED_FACE('',(#5777),#277,.F.);
#5777 = FACE_BOUND('',#5778,.F.);
#5778 = EDGE_LOOP('',(#5779,#5780,#5781,#5802));
#5779 = ORIENTED_EDGE('',*,*,#261,.T.);
#5780 = ORIENTED_EDGE('',*,*,#3372,.T.);
#5781 = ORIENTED_EDGE('',*,*,#5782,.F.);
#5782 = EDGE_CURVE('',#328,#3373,#5783,.T.);
#5783 = SURFACE_CURVE('',#5784,(#5788,#5795),.PCURVE_S1.);
#5784 = LINE('',#5785,#5786);
#5785 = CARTESIAN_POINT('',(-34.,6.795927397124,0.235310035948));
#5786 = VECTOR('',#5787,1.);
#5787 = DIRECTION('',(1.,0.,0.));
#5788 = PCURVE('',#277,#5789);
#5789 = DEFINITIONAL_REPRESENTATION('',(#5790),#5794);
#5790 = LINE('',#5791,#5792);
#5791 = CARTESIAN_POINT('',(0.470620071896,0.));
#5792 = VECTOR('',#5793,1.);
#5793 = DIRECTION('',(0.,-1.));
#5794 = ( GEOMETRIC_REPRESENTATION_CONTEXT(2) 
PARAMETRIC_REPRESENTATION_CONTEXT() REPRESENTATION_CONTEXT('2D SPACE',''
  ) );
#5795 = PCURVE('',#378,#5796);
#5796 = DEFINITIONAL_REPRESENTATION('',(#5797),#5801);
#5797 = LINE('',#5798,#5799);
#5798 = CARTESIAN_POINT('',(0.,0.));
#5799 = VECTOR('',#5800,1.);
#5800 = DIRECTION('',(0.,-1.));
#5801 = ( GEOMETRIC_REPRESENTATION_CONTEXT(2) 
PARAMETRIC_REPRESENTATION_CONTEXT() REPRESENTATION_CONTEXT('2D SPACE',''
  ) );
#5802 = ORIENTED_EDGE('',*,*,#327,.F.);
#5803 = ADVANCED_FACE('',(#5804),#3290,.F.);
#5804 = FACE_BOUND('',#5805,.F.);
#5805 = EDGE_LOOP('',(#5806,#5827,#5828,#5829));
#5806 = ORIENTED_EDGE('',*,*,#5807,.T.);
#5807 = EDGE_CURVE('',#3235,#5641,#5808,.T.);
#5808 = SURFACE_CURVE('',#5809,(#5813,#5820),.PCURVE_S1.);
#5809 = LINE('',#5810,#5811);
#5810 = CARTESIAN_POINT('',(-34.,6.304097818215,-2.549186281615));
#5811 = VECTOR('',#5812,1.);
#5812 = DIRECTION('',(1.,0.,0.));
#5813 = PCURVE('',#3290,#5814);
#5814 = DEFINITIONAL_REPRESENTATION('',(#5815),#5819);
#5815 = LINE('',#5816,#5817);
#5816 = CARTESIAN_POINT('',(0.,0.));
#5817 = VECTOR('',#5818,1.);
#5818 = DIRECTION('',(0.,-1.));
#5819 = ( GEOMETRIC_REPRESENTATION_CONTEXT(2) 
PARAMETRIC_REPRESENTATION_CONTEXT() REPRESENTATION_CONTEXT('2D SPACE',''
  ) );
#5820 = PCURVE('',#3250,#5821);
#5821 = DEFINITIONAL_REPRESENTATION('',(#5822),#5826);
#5822 = LINE('',#5823,#5824);
#5823 = CARTESIAN_POINT('',(0.470620071896,0.));
#5824 = VECTOR('',#5825,1.);
#5825 = DIRECTION('',(0.,-1.));
#5826 = ( GEOMETRIC_REPRESENTATION_CONTEXT(2) 
PARAMETRIC_REPRESENTATION_CONTEXT() REPRESENTATION_CONTEXT('2D SPACE',''
  ) );
#5827 = ORIENTED_EDGE('',*,*,#5663,.T.);
#5828 = ORIENTED_EDGE('',*,*,#5753,.F.);
#5829 = ORIENTED_EDGE('',*,*,#3262,.F.);
#5830 = ADVANCED_FACE('',(#5831),#378,.F.);
#5831 = FACE_BOUND('',#5832,.F.);
#5832 = EDGE_LOOP('',(#5833,#5834,#5835,#5856));
#5833 = ORIENTED_EDGE('',*,*,#5782,.T.);
#5834 = ORIENTED_EDGE('',*,*,#3395,.T.);
#5835 = ORIENTED_EDGE('',*,*,#5836,.F.);
#5836 = EDGE_CURVE('',#351,#3396,#5837,.T.);
#5837 = SURFACE_CURVE('',#5838,(#5842,#5849),.PCURVE_S1.);
#5838 = LINE('',#5839,#5840);
#5839 = CARTESIAN_POINT('',(-34.,5.600509606423,0.650455320917));
#5840 = VECTOR('',#5841,1.);
#5841 = DIRECTION('',(1.,0.,0.));
#5842 = PCURVE('',#378,#5843);
#5843 = DEFINITIONAL_REPRESENTATION('',(#5844),#5848);
#5844 = LINE('',#5845,#5846);
#5845 = CARTESIAN_POINT('',(1.28086153844,0.));
#5846 = VECTOR('',#5847,1.);
#5847 = DIRECTION('',(0.,-1.));
#5848 = ( GEOMETRIC_REPRESENTATION_CONTEXT(2) 
PARAMETRIC_REPRESENTATION_CONTEXT() REPRESENTATION_CONTEXT('2D SPACE',''
  ) );
#5849 = PCURVE('',#414,#5850);
#5850 = DEFINITIONAL_REPRESENTATION('',(#5851),#5855);
#5851 = LINE('',#5852,#5853);
#5852 = CARTESIAN_POINT('',(0.,0.));
#5853 = VECTOR('',#5854,1.);
#5854 = DIRECTION('',(0.,-1.));
#5855 = ( GEOMETRIC_REPRESENTATION_CONTEXT(2) 
PARAMETRIC_REPRESENTATION_CONTEXT() REPRESENTATION_CONTEXT('2D SPACE',''
  ) );
#5856 = ORIENTED_EDGE('',*,*,#350,.F.);
#5857 = ADVANCED_FACE('',(#5858),#3250,.F.);
#5858 = FACE_BOUND('',#5859,.F.);
#5859 = EDGE_LOOP('',(#5860,#5881,#5882,#5883));
#5860 = ORIENTED_EDGE('',*,*,#5861,.T.);
#5861 = EDGE_CURVE('',#3187,#5606,#5862,.T.);
#5862 = SURFACE_CURVE('',#5863,(#5867,#5874),.PCURVE_S1.);
#5863 = LINE('',#5864,#5865);
#5864 = CARTESIAN_POINT('',(-34.,6.112679390008,-2.979119110571));
#5865 = VECTOR('',#5866,1.);
#5866 = DIRECTION('',(1.,0.,0.));
#5867 = PCURVE('',#3250,#5868);
#5868 = DEFINITIONAL_REPRESENTATION('',(#5869),#5873);
#5869 = LINE('',#5870,#5871);
#5870 = CARTESIAN_POINT('',(0.,0.));
#5871 = VECTOR('',#5872,1.);
#5872 = DIRECTION('',(0.,-1.));
#5873 = ( GEOMETRIC_REPRESENTATION_CONTEXT(2) 
PARAMETRIC_REPRESENTATION_CONTEXT() REPRESENTATION_CONTEXT('2D SPACE',''
  ) );
#5874 = PCURVE('',#3214,#5875);
#5875 = DEFINITIONAL_REPRESENTATION('',(#5876),#5880);
#5876 = LINE('',#5877,#5878);
#5877 = CARTESIAN_POINT('',(1.28086153844,0.));
#5878 = VECTOR('',#5879,1.);
#5879 = DIRECTION('',(0.,-1.));
#5880 = ( GEOMETRIC_REPRESENTATION_CONTEXT(2) 
PARAMETRIC_REPRESENTATION_CONTEXT() REPRESENTATION_CONTEXT('2D SPACE',''
  ) );
#5881 = ORIENTED_EDGE('',*,*,#5640,.T.);
#5882 = ORIENTED_EDGE('',*,*,#5807,.F.);
#5883 = ORIENTED_EDGE('',*,*,#3234,.F.);
#5884 = ADVANCED_FACE('',(#5885),#414,.F.);
#5885 = FACE_BOUND('',#5886,.F.);
#5886 = EDGE_LOOP('',(#5887,#5888,#5889,#5910));
#5887 = ORIENTED_EDGE('',*,*,#5836,.T.);
#5888 = ORIENTED_EDGE('',*,*,#3430,.T.);
#5889 = ORIENTED_EDGE('',*,*,#5890,.F.);
#5890 = EDGE_CURVE('',#399,#3431,#5891,.T.);
#5891 = SURFACE_CURVE('',#5892,(#5896,#5903),.PCURVE_S1.);
#5892 = LINE('',#5893,#5894);
#5893 = CARTESIAN_POINT('',(-34.,4.966614864744,0.57683341209));
#5894 = VECTOR('',#5895,1.);
#5895 = DIRECTION('',(1.,0.,0.));
#5896 = PCURVE('',#414,#5897);
#5897 = DEFINITIONAL_REPRESENTATION('',(#5898),#5902);
#5898 = LINE('',#5899,#5900);
#5899 = CARTESIAN_POINT('',(0.638155724715,0.));
#5900 = VECTOR('',#5901,1.);
#5901 = DIRECTION('',(0.,-1.));
#5902 = ( GEOMETRIC_REPRESENTATION_CONTEXT(2) 
PARAMETRIC_REPRESENTATION_CONTEXT() REPRESENTATION_CONTEXT('2D SPACE',''
  ) );
#5903 = PCURVE('',#442,#5904);
#5904 = DEFINITIONAL_REPRESENTATION('',(#5905),#5909);
#5905 = LINE('',#5906,#5907);
#5906 = CARTESIAN_POINT('',(0.,0.));
#5907 = VECTOR('',#5908,1.);
#5908 = DIRECTION('',(0.,-1.));
#5909 = ( GEOMETRIC_REPRESENTATION_CONTEXT(2) 
PARAMETRIC_REPRESENTATION_CONTEXT() REPRESENTATION_CONTEXT('2D SPACE',''
  ) );
#5910 = ORIENTED_EDGE('',*,*,#398,.F.);
#5911 = ADVANCED_FACE('',(#5912),#3214,.F.);
#5912 = FACE_BOUND('',#5913,.F.);
#5913 = EDGE_LOOP('',(#5914,#5935,#5936,#5937));
#5914 = ORIENTED_EDGE('',*,*,#5915,.T.);
#5915 = EDGE_CURVE('',#3159,#5583,#5916,.T.);
#5916 = SURFACE_CURVE('',#5917,(#5921,#5928),.PCURVE_S1.);
#5917 = LINE('',#5918,#5919);
#5918 = CARTESIAN_POINT('',(-34.,4.851756097731,-2.872152980653));
#5919 = VECTOR('',#5920,1.);
#5920 = DIRECTION('',(1.,0.,0.));
#5921 = PCURVE('',#3214,#5922);
#5922 = DEFINITIONAL_REPRESENTATION('',(#5923),#5927);
#5923 = LINE('',#5924,#5925);
#5924 = CARTESIAN_POINT('',(0.,0.));
#5925 = VECTOR('',#5926,1.);
#5926 = DIRECTION('',(0.,-1.));
#5927 = ( GEOMETRIC_REPRESENTATION_CONTEXT(2) 
PARAMETRIC_REPRESENTATION_CONTEXT() REPRESENTATION_CONTEXT('2D SPACE',''
  ) );
#5928 = PCURVE('',#3174,#5929);
#5929 = DEFINITIONAL_REPRESENTATION('',(#5930),#5934);
#5930 = LINE('',#5931,#5932);
#5931 = CARTESIAN_POINT('',(0.638155724715,0.));
#5932 = VECTOR('',#5933,1.);
#5933 = DIRECTION('',(0.,-1.));
#5934 = ( GEOMETRIC_REPRESENTATION_CONTEXT(2) 
PARAMETRIC_REPRESENTATION_CONTEXT() REPRESENTATION_CONTEXT('2D SPACE',''
  ) );
#5935 = ORIENTED_EDGE('',*,*,#5605,.T.);
#5936 = ORIENTED_EDGE('',*,*,#5861,.F.);
#5937 = ORIENTED_EDGE('',*,*,#3186,.F.);
#5938 = ADVANCED_FACE('',(#5939),#442,.F.);
#5939 = FACE_BOUND('',#5940,.F.);
#5940 = EDGE_LOOP('',(#5941,#5942,#5943,#5964));
#5941 = ORIENTED_EDGE('',*,*,#5890,.T.);
#5942 = ORIENTED_EDGE('',*,*,#3453,.T.);
#5943 = ORIENTED_EDGE('',*,*,#5944,.F.);
#5944 = EDGE_CURVE('',#427,#3454,#5945,.T.);
#5945 = SURFACE_CURVE('',#5946,(#5950,#5957),.PCURVE_S1.);
#5946 = LINE('',#5947,#5948);
#5947 = CARTESIAN_POINT('',(-34.,4.771847735195,1.493140714105));
#5948 = VECTOR('',#5949,1.);
#5949 = DIRECTION('',(1.,0.,0.));
#5950 = PCURVE('',#442,#5951);
#5951 = DEFINITIONAL_REPRESENTATION('',(#5952),#5956);
#5952 = LINE('',#5953,#5954);
#5953 = CARTESIAN_POINT('',(0.936778152221,0.));
#5954 = VECTOR('',#5955,1.);
#5955 = DIRECTION('',(0.,-1.));
#5956 = ( GEOMETRIC_REPRESENTATION_CONTEXT(2) 
PARAMETRIC_REPRESENTATION_CONTEXT() REPRESENTATION_CONTEXT('2D SPACE',''
  ) );
#5957 = PCURVE('',#470,#5958);
#5958 = DEFINITIONAL_REPRESENTATION('',(#5959),#5963);
#5959 = LINE('',#5960,#5961);
#5960 = CARTESIAN_POINT('',(0.,0.));
#5961 = VECTOR('',#5962,1.);
#5962 = DIRECTION('',(0.,-1.));
#5963 = ( GEOMETRIC_REPRESENTATION_CONTEXT(2) 
PARAMETRIC_REPRESENTATION_CONTEXT() REPRESENTATION_CONTEXT('2D SPACE',''
  ) );
#5964 = ORIENTED_EDGE('',*,*,#426,.F.);
#5965 = ADVANCED_FACE('',(#5966),#3174,.F.);
#5966 = FACE_BOUND('',#5967,.F.);
#5967 = EDGE_LOOP('',(#5968,#5989,#5990,#5991));
#5968 = ORIENTED_EDGE('',*,*,#5969,.T.);
#5969 = EDGE_CURVE('',#3131,#5560,#5970,.T.);
#5970 = SURFACE_CURVE('',#5971,(#5975,#5982),.PCURVE_S1.);
#5971 = LINE('',#5972,#5973);
#5972 = CARTESIAN_POINT('',(-34.,4.3026091639,-2.547067800968));
#5973 = VECTOR('',#5974,1.);
#5974 = DIRECTION('',(1.,0.,0.));
#5975 = PCURVE('',#3174,#5976);
#5976 = DEFINITIONAL_REPRESENTATION('',(#5977),#5981);
#5977 = LINE('',#5978,#5979);
#5978 = CARTESIAN_POINT('',(0.,0.));
#5979 = VECTOR('',#5980,1.);
#5980 = DIRECTION('',(0.,-1.));
#5981 = ( GEOMETRIC_REPRESENTATION_CONTEXT(2) 
PARAMETRIC_REPRESENTATION_CONTEXT() REPRESENTATION_CONTEXT('2D SPACE',''
  ) );
#5982 = PCURVE('',#3146,#5983);
#5983 = DEFINITIONAL_REPRESENTATION('',(#5984),#5988);
#5984 = LINE('',#5985,#5986);
#5985 = CARTESIAN_POINT('',(0.936778152221,0.));
#5986 = VECTOR('',#5987,1.);
#5987 = DIRECTION('',(0.,-1.));
#5988 = ( GEOMETRIC_REPRESENTATION_CONTEXT(2) 
PARAMETRIC_REPRESENTATION_CONTEXT() REPRESENTATION_CONTEXT('2D SPACE',''
  ) );
#5989 = ORIENTED_EDGE('',*,*,#5582,.T.);
#5990 = ORIENTED_EDGE('',*,*,#5915,.F.);
#5991 = ORIENTED_EDGE('',*,*,#3158,.F.);
#5992 = ADVANCED_FACE('',(#5993),#470,.F.);
#5993 = FACE_BOUND('',#5994,.F.);
#5994 = EDGE_LOOP('',(#5995,#5996,#5997,#6018));
#5995 = ORIENTED_EDGE('',*,*,#5944,.T.);
#5996 = ORIENTED_EDGE('',*,*,#3476,.T.);
#5997 = ORIENTED_EDGE('',*,*,#5998,.F.);
#5998 = EDGE_CURVE('',#455,#3477,#5999,.T.);
#5999 = SURFACE_CURVE('',#6000,(#6004,#6011),.PCURVE_S1.);
#6000 = LINE('',#6001,#6002);
#6001 = CARTESIAN_POINT('',(-34.,5.380884125132,1.683711973007));
#6002 = VECTOR('',#6003,1.);
#6003 = DIRECTION('',(1.,0.,0.));
#6004 = PCURVE('',#470,#6005);
#6005 = DEFINITIONAL_REPRESENTATION('',(#6006),#6010);
#6006 = LINE('',#6007,#6008);
#6007 = CARTESIAN_POINT('',(0.638155724715,0.));
#6008 = VECTOR('',#6009,1.);
#6009 = DIRECTION('',(0.,-1.));
#6010 = ( GEOMETRIC_REPRESENTATION_CONTEXT(2) 
PARAMETRIC_REPRESENTATION_CONTEXT() REPRESENTATION_CONTEXT('2D SPACE',''
  ) );
#6011 = PCURVE('',#510,#6012);
#6012 = DEFINITIONAL_REPRESENTATION('',(#6013),#6017);
#6013 = LINE('',#6014,#6015);
#6014 = CARTESIAN_POINT('',(0.,0.));
#6015 = VECTOR('',#6016,1.);
#6016 = DIRECTION('',(0.,-1.));
#6017 = ( GEOMETRIC_REPRESENTATION_CONTEXT(2) 
PARAMETRIC_REPRESENTATION_CONTEXT() REPRESENTATION_CONTEXT('2D SPACE',''
  ) );
#6018 = ORIENTED_EDGE('',*,*,#454,.F.);
#6019 = ADVANCED_FACE('',(#6020),#3146,.F.);
#6020 = FACE_BOUND('',#6021,.F.);
#6021 = EDGE_LOOP('',(#6022,#6043,#6044,#6045));
#6022 = ORIENTED_EDGE('',*,*,#6023,.T.);
#6023 = EDGE_CURVE('',#3103,#5537,#6024,.T.);
#6024 = SURFACE_CURVE('',#6025,(#6029,#6036),.PCURVE_S1.);
#6025 = LINE('',#6026,#6027);
#6026 = CARTESIAN_POINT('',(-34.,3.751984781354,-3.304937246074));
#6027 = VECTOR('',#6028,1.);
#6028 = DIRECTION('',(1.,0.,0.));
#6029 = PCURVE('',#3146,#6030);
#6030 = DEFINITIONAL_REPRESENTATION('',(#6031),#6035);
#6031 = LINE('',#6032,#6033);
#6032 = CARTESIAN_POINT('',(0.,0.));
#6033 = VECTOR('',#6034,1.);
#6034 = DIRECTION('',(0.,-1.));
#6035 = ( GEOMETRIC_REPRESENTATION_CONTEXT(2) 
PARAMETRIC_REPRESENTATION_CONTEXT() REPRESENTATION_CONTEXT('2D SPACE',''
  ) );
#6036 = PCURVE('',#3118,#6037);
#6037 = DEFINITIONAL_REPRESENTATION('',(#6038),#6042);
#6038 = LINE('',#6039,#6040);
#6039 = CARTESIAN_POINT('',(0.638155724715,0.));
#6040 = VECTOR('',#6041,1.);
#6041 = DIRECTION('',(0.,-1.));
#6042 = ( GEOMETRIC_REPRESENTATION_CONTEXT(2) 
PARAMETRIC_REPRESENTATION_CONTEXT() REPRESENTATION_CONTEXT('2D SPACE',''
  ) );
#6043 = ORIENTED_EDGE('',*,*,#5559,.T.);
#6044 = ORIENTED_EDGE('',*,*,#5969,.F.);
#6045 = ORIENTED_EDGE('',*,*,#3130,.F.);
#6046 = ADVANCED_FACE('',(#6047),#510,.F.);
#6047 = FACE_BOUND('',#6048,.F.);
#6048 = EDGE_LOOP('',(#6049,#6050,#6051,#6072));
#6049 = ORIENTED_EDGE('',*,*,#5998,.T.);
#6050 = ORIENTED_EDGE('',*,*,#3499,.T.);
#6051 = ORIENTED_EDGE('',*,*,#6052,.F.);
#6052 = EDGE_CURVE('',#483,#3500,#6053,.T.);
#6053 = SURFACE_CURVE('',#6054,(#6058,#6065),.PCURVE_S1.);
#6054 = LINE('',#6055,#6056);
#6055 = CARTESIAN_POINT('',(-34.,6.304097818215,2.549186281615));
#6056 = VECTOR('',#6057,1.);
#6057 = DIRECTION('',(1.,0.,0.));
#6058 = PCURVE('',#510,#6059);
#6059 = DEFINITIONAL_REPRESENTATION('',(#6060),#6064);
#6060 = LINE('',#6061,#6062);
#6061 = CARTESIAN_POINT('',(1.28086153844,0.));
#6062 = VECTOR('',#6063,1.);
#6063 = DIRECTION('',(0.,-1.));
#6064 = ( GEOMETRIC_REPRESENTATION_CONTEXT(2) 
PARAMETRIC_REPRESENTATION_CONTEXT() REPRESENTATION_CONTEXT('2D SPACE',''
  ) );
#6065 = PCURVE('',#546,#6066);
#6066 = DEFINITIONAL_REPRESENTATION('',(#6067),#6071);
#6067 = LINE('',#6068,#6069);
#6068 = CARTESIAN_POINT('',(0.,0.));
#6069 = VECTOR('',#6070,1.);
#6070 = DIRECTION('',(0.,-1.));
#6071 = ( GEOMETRIC_REPRESENTATION_CONTEXT(2) 
PARAMETRIC_REPRESENTATION_CONTEXT() REPRESENTATION_CONTEXT('2D SPACE',''
  ) );
#6072 = ORIENTED_EDGE('',*,*,#482,.F.);
#6073 = ADVANCED_FACE('',(#6074),#3118,.F.);
#6074 = FACE_BOUND('',#6075,.F.);
#6075 = EDGE_LOOP('',(#6076,#6097,#6098,#6099));
#6076 = ORIENTED_EDGE('',*,*,#6077,.T.);
#6077 = EDGE_CURVE('',#3055,#5502,#6078,.T.);
#6078 = SURFACE_CURVE('',#6079,(#6083,#6090),.PCURVE_S1.);
#6079 = LINE('',#6080,#6081);
#6080 = CARTESIAN_POINT('',(-34.,4.230854894808,-3.726750170755));
#6081 = VECTOR('',#6082,1.);
#6082 = DIRECTION('',(1.,0.,0.));
#6083 = PCURVE('',#3118,#6084);
#6084 = DEFINITIONAL_REPRESENTATION('',(#6085),#6089);
#6085 = LINE('',#6086,#6087);
#6086 = CARTESIAN_POINT('',(0.,0.));
#6087 = VECTOR('',#6088,1.);
#6088 = DIRECTION('',(0.,-1.));
#6089 = ( GEOMETRIC_REPRESENTATION_CONTEXT(2) 
PARAMETRIC_REPRESENTATION_CONTEXT() REPRESENTATION_CONTEXT('2D SPACE',''
  ) );
#6090 = PCURVE('',#3082,#6091);
#6091 = DEFINITIONAL_REPRESENTATION('',(#6092),#6096);
#6092 = LINE('',#6093,#6094);
#6093 = CARTESIAN_POINT('',(1.28086153844,0.));
#6094 = VECTOR('',#6095,1.);
#6095 = DIRECTION('',(0.,-1.));
#6096 = ( GEOMETRIC_REPRESENTATION_CONTEXT(2) 
PARAMETRIC_REPRESENTATION_CONTEXT() REPRESENTATION_CONTEXT('2D SPACE',''
  ) );
#6097 = ORIENTED_EDGE('',*,*,#5536,.T.);
#6098 = ORIENTED_EDGE('',*,*,#6023,.F.);
#6099 = ORIENTED_EDGE('',*,*,#3102,.F.);
#6100 = ADVANCED_FACE('',(#6101),#546,.F.);
#6101 = FACE_BOUND('',#6102,.F.);
#6102 = EDGE_LOOP('',(#6103,#6104,#6105,#6126));
#6103 = ORIENTED_EDGE('',*,*,#6052,.T.);
#6104 = ORIENTED_EDGE('',*,*,#3534,.T.);
#6105 = ORIENTED_EDGE('',*,*,#6106,.F.);
#6106 = EDGE_CURVE('',#531,#3535,#6107,.T.);
#6107 = SURFACE_CURVE('',#6108,(#6112,#6119),.PCURVE_S1.);
#6108 = LINE('',#6109,#6110);
#6109 = CARTESIAN_POINT('',(-34.,6.112679390008,2.979119110571));
#6110 = VECTOR('',#6111,1.);
#6111 = DIRECTION('',(1.,0.,0.));
#6112 = PCURVE('',#546,#6113);
#6113 = DEFINITIONAL_REPRESENTATION('',(#6114),#6118);
#6114 = LINE('',#6115,#6116);
#6115 = CARTESIAN_POINT('',(0.470620071896,0.));
#6116 = VECTOR('',#6117,1.);
#6117 = DIRECTION('',(0.,-1.));
#6118 = ( GEOMETRIC_REPRESENTATION_CONTEXT(2) 
PARAMETRIC_REPRESENTATION_CONTEXT() REPRESENTATION_CONTEXT('2D SPACE',''
  ) );
#6119 = PCURVE('',#586,#6120);
#6120 = DEFINITIONAL_REPRESENTATION('',(#6121),#6125);
#6121 = LINE('',#6122,#6123);
#6122 = CARTESIAN_POINT('',(0.,0.));
#6123 = VECTOR('',#6124,1.);
#6124 = DIRECTION('',(0.,-1.));
#6125 = ( GEOMETRIC_REPRESENTATION_CONTEXT(2) 
PARAMETRIC_REPRESENTATION_CONTEXT() REPRESENTATION_CONTEXT('2D SPACE',''
  ) );
#6126 = ORIENTED_EDGE('',*,*,#530,.F.);
#6127 = ADVANCED_FACE('',(#6128),#3082,.F.);
#6128 = FACE_BOUND('',#6129,.F.);
#6129 = EDGE_LOOP('',(#6130,#6151,#6152,#6153));
#6130 = ORIENTED_EDGE('',*,*,#6131,.T.);
#6131 = EDGE_CURVE('',#3027,#5479,#6132,.T.);
#6132 = SURFACE_CURVE('',#6133,(#6137,#6144),.PCURVE_S1.);
#6133 = LINE('',#6134,#6135);
#6134 = CARTESIAN_POINT('',(-34.,4.722232455606,-4.892905132457));
#6135 = VECTOR('',#6136,1.);
#6136 = DIRECTION('',(1.,0.,0.));
#6137 = PCURVE('',#3082,#6138);
#6138 = DEFINITIONAL_REPRESENTATION('',(#6139),#6143);
#6139 = LINE('',#6140,#6141);
#6140 = CARTESIAN_POINT('',(0.,0.));
#6141 = VECTOR('',#6142,1.);
#6142 = DIRECTION('',(0.,-1.));
#6143 = ( GEOMETRIC_REPRESENTATION_CONTEXT(2) 
PARAMETRIC_REPRESENTATION_CONTEXT() REPRESENTATION_CONTEXT('2D SPACE',''
  ) );
#6144 = PCURVE('',#3042,#6145);
#6145 = DEFINITIONAL_REPRESENTATION('',(#6146),#6150);
#6146 = LINE('',#6147,#6148);
#6147 = CARTESIAN_POINT('',(0.470620071896,0.));
#6148 = VECTOR('',#6149,1.);
#6149 = DIRECTION('',(0.,-1.));
#6150 = ( GEOMETRIC_REPRESENTATION_CONTEXT(2) 
PARAMETRIC_REPRESENTATION_CONTEXT() REPRESENTATION_CONTEXT('2D SPACE',''
  ) );
#6151 = ORIENTED_EDGE('',*,*,#5501,.T.);
#6152 = ORIENTED_EDGE('',*,*,#6077,.F.);
#6153 = ORIENTED_EDGE('',*,*,#3054,.F.);
#6154 = ADVANCED_FACE('',(#6155),#586,.F.);
#6155 = FACE_BOUND('',#6156,.F.);
#6156 = EDGE_LOOP('',(#6157,#6158,#6159,#6180));
#6157 = ORIENTED_EDGE('',*,*,#6106,.T.);
#6158 = ORIENTED_EDGE('',*,*,#3557,.T.);
#6159 = ORIENTED_EDGE('',*,*,#6160,.F.);
#6160 = EDGE_CURVE('',#559,#3558,#6161,.T.);
#6161 = SURFACE_CURVE('',#6162,(#6166,#6173),.PCURVE_S1.);
#6162 = LINE('',#6163,#6164);
#6163 = CARTESIAN_POINT('',(-34.,4.851756097731,2.872152980653));
#6164 = VECTOR('',#6165,1.);
#6165 = DIRECTION('',(1.,0.,0.));
#6166 = PCURVE('',#586,#6167);
#6167 = DEFINITIONAL_REPRESENTATION('',(#6168),#6172);
#6168 = LINE('',#6169,#6170);
#6169 = CARTESIAN_POINT('',(1.28086153844,0.));
#6170 = VECTOR('',#6171,1.);
#6171 = DIRECTION('',(0.,-1.));
#6172 = ( GEOMETRIC_REPRESENTATION_CONTEXT(2) 
PARAMETRIC_REPRESENTATION_CONTEXT() REPRESENTATION_CONTEXT('2D SPACE',''
  ) );
#6173 = PCURVE('',#622,#6174);
#6174 = DEFINITIONAL_REPRESENTATION('',(#6175),#6179);
#6175 = LINE('',#6176,#6177);
#6176 = CARTESIAN_POINT('',(0.,0.));
#6177 = VECTOR('',#6178,1.);
#6178 = DIRECTION('',(0.,-1.));
#6179 = ( GEOMETRIC_REPRESENTATION_CONTEXT(2) 
PARAMETRIC_REPRESENTATION_CONTEXT() REPRESENTATION_CONTEXT('2D SPACE',''
  ) );
#6180 = ORIENTED_EDGE('',*,*,#558,.F.);
#6181 = ADVANCED_FACE('',(#6182),#3042,.F.);
#6182 = FACE_BOUND('',#6183,.F.);
#6183 = EDGE_LOOP('',(#6184,#6205,#6206,#6207));
#6184 = ORIENTED_EDGE('',*,*,#6185,.T.);
#6185 = EDGE_CURVE('',#2979,#5444,#6186,.T.);
#6186 = SURFACE_CURVE('',#6187,(#6191,#6198),.PCURVE_S1.);
#6187 = LINE('',#6188,#6189);
#6188 = CARTESIAN_POINT('',(-34.,4.372493584411,-5.207811426529));
#6189 = VECTOR('',#6190,1.);
#6190 = DIRECTION('',(1.,0.,0.));
#6191 = PCURVE('',#3042,#6192);
#6192 = DEFINITIONAL_REPRESENTATION('',(#6193),#6197);
#6193 = LINE('',#6194,#6195);
#6194 = CARTESIAN_POINT('',(0.,0.));
#6195 = VECTOR('',#6196,1.);
#6196 = DIRECTION('',(0.,-1.));
#6197 = ( GEOMETRIC_REPRESENTATION_CONTEXT(2) 
PARAMETRIC_REPRESENTATION_CONTEXT() REPRESENTATION_CONTEXT('2D SPACE',''
  ) );
#6198 = PCURVE('',#3006,#6199);
#6199 = DEFINITIONAL_REPRESENTATION('',(#6200),#6204);
#6200 = LINE('',#6201,#6202);
#6201 = CARTESIAN_POINT('',(1.28086153844,0.));
#6202 = VECTOR('',#6203,1.);
#6203 = DIRECTION('',(0.,-1.));
#6204 = ( GEOMETRIC_REPRESENTATION_CONTEXT(2) 
PARAMETRIC_REPRESENTATION_CONTEXT() REPRESENTATION_CONTEXT('2D SPACE',''
  ) );
#6205 = ORIENTED_EDGE('',*,*,#5478,.T.);
#6206 = ORIENTED_EDGE('',*,*,#6131,.F.);
#6207 = ORIENTED_EDGE('',*,*,#3026,.F.);
#6208 = ADVANCED_FACE('',(#6209),#622,.F.);
#6209 = FACE_BOUND('',#6210,.F.);
#6210 = EDGE_LOOP('',(#6211,#6212,#6213,#6234));
#6211 = ORIENTED_EDGE('',*,*,#6160,.T.);
#6212 = ORIENTED_EDGE('',*,*,#3592,.T.);
#6213 = ORIENTED_EDGE('',*,*,#6214,.F.);
#6214 = EDGE_CURVE('',#607,#3593,#6215,.T.);
#6215 = SURFACE_CURVE('',#6216,(#6220,#6227),.PCURVE_S1.);
#6216 = LINE('',#6217,#6218);
#6217 = CARTESIAN_POINT('',(-34.,4.3026091639,2.547067800968));
#6218 = VECTOR('',#6219,1.);
#6219 = DIRECTION('',(1.,0.,0.));
#6220 = PCURVE('',#622,#6221);
#6221 = DEFINITIONAL_REPRESENTATION('',(#6222),#6226);
#6222 = LINE('',#6223,#6224);
#6223 = CARTESIAN_POINT('',(0.638155724715,0.));
#6224 = VECTOR('',#6225,1.);
#6225 = DIRECTION('',(0.,-1.));
#6226 = ( GEOMETRIC_REPRESENTATION_CONTEXT(2) 
PARAMETRIC_REPRESENTATION_CONTEXT() REPRESENTATION_CONTEXT('2D SPACE',''
  ) );
#6227 = PCURVE('',#650,#6228);
#6228 = DEFINITIONAL_REPRESENTATION('',(#6229),#6233);
#6229 = LINE('',#6230,#6231);
#6230 = CARTESIAN_POINT('',(0.,0.));
#6231 = VECTOR('',#6232,1.);
#6232 = DIRECTION('',(0.,-1.));
#6233 = ( GEOMETRIC_REPRESENTATION_CONTEXT(2) 
PARAMETRIC_REPRESENTATION_CONTEXT() REPRESENTATION_CONTEXT('2D SPACE',''
  ) );
#6234 = ORIENTED_EDGE('',*,*,#606,.F.);
#6235 = ADVANCED_FACE('',(#6236),#3006,.F.);
#6236 = FACE_BOUND('',#6237,.F.);
#6237 = EDGE_LOOP('',(#6238,#6259,#6260,#6261));
#6238 = ORIENTED_EDGE('',*,*,#6239,.T.);
#6239 = EDGE_CURVE('',#2951,#5421,#6240,.T.);
#6240 = SURFACE_CURVE('',#6241,(#6245,#6252),.PCURVE_S1.);
#6241 = LINE('',#6242,#6243);
#6242 = CARTESIAN_POINT('',(-34.,3.264089882921,-4.597229297344));
#6243 = VECTOR('',#6244,1.);
#6244 = DIRECTION('',(1.,0.,0.));
#6245 = PCURVE('',#3006,#6246);
#6246 = DEFINITIONAL_REPRESENTATION('',(#6247),#6251);
#6247 = LINE('',#6248,#6249);
#6248 = CARTESIAN_POINT('',(0.,0.));
#6249 = VECTOR('',#6250,1.);
#6250 = DIRECTION('',(0.,-1.));
#6251 = ( GEOMETRIC_REPRESENTATION_CONTEXT(2) 
PARAMETRIC_REPRESENTATION_CONTEXT() REPRESENTATION_CONTEXT('2D SPACE',''
  ) );
#6252 = PCURVE('',#2966,#6253);
#6253 = DEFINITIONAL_REPRESENTATION('',(#6254),#6258);
#6254 = LINE('',#6255,#6256);
#6255 = CARTESIAN_POINT('',(0.638155724715,0.));
#6256 = VECTOR('',#6257,1.);
#6257 = DIRECTION('',(0.,-1.));
#6258 = ( GEOMETRIC_REPRESENTATION_CONTEXT(2) 
PARAMETRIC_REPRESENTATION_CONTEXT() REPRESENTATION_CONTEXT('2D SPACE',''
  ) );
#6259 = ORIENTED_EDGE('',*,*,#5443,.T.);
#6260 = ORIENTED_EDGE('',*,*,#6185,.F.);
#6261 = ORIENTED_EDGE('',*,*,#2978,.F.);
#6262 = ADVANCED_FACE('',(#6263),#650,.F.);
#6263 = FACE_BOUND('',#6264,.F.);
#6264 = EDGE_LOOP('',(#6265,#6266,#6267,#6288));
#6265 = ORIENTED_EDGE('',*,*,#6214,.T.);
#6266 = ORIENTED_EDGE('',*,*,#3615,.T.);
#6267 = ORIENTED_EDGE('',*,*,#6268,.F.);
#6268 = EDGE_CURVE('',#635,#3616,#6269,.T.);
#6269 = SURFACE_CURVE('',#6270,(#6274,#6281),.PCURVE_S1.);
#6270 = LINE('',#6271,#6272);
#6271 = CARTESIAN_POINT('',(-34.,3.751984781354,3.304937246074));
#6272 = VECTOR('',#6273,1.);
#6273 = DIRECTION('',(1.,0.,0.));
#6274 = PCURVE('',#650,#6275);
#6275 = DEFINITIONAL_REPRESENTATION('',(#6276),#6280);
#6276 = LINE('',#6277,#6278);
#6277 = CARTESIAN_POINT('',(0.936778152221,0.));
#6278 = VECTOR('',#6279,1.);
#6279 = DIRECTION('',(0.,-1.));
#6280 = ( GEOMETRIC_REPRESENTATION_CONTEXT(2) 
PARAMETRIC_REPRESENTATION_CONTEXT() REPRESENTATION_CONTEXT('2D SPACE',''
  ) );
#6281 = PCURVE('',#678,#6282);
#6282 = DEFINITIONAL_REPRESENTATION('',(#6283),#6287);
#6283 = LINE('',#6284,#6285);
#6284 = CARTESIAN_POINT('',(0.,0.));
#6285 = VECTOR('',#6286,1.);
#6286 = DIRECTION('',(0.,-1.));
#6287 = ( GEOMETRIC_REPRESENTATION_CONTEXT(2) 
PARAMETRIC_REPRESENTATION_CONTEXT() REPRESENTATION_CONTEXT('2D SPACE',''
  ) );
#6288 = ORIENTED_EDGE('',*,*,#634,.F.);
#6289 = ADVANCED_FACE('',(#6290),#2966,.F.);
#6290 = FACE_BOUND('',#6291,.F.);
#6291 = EDGE_LOOP('',(#6292,#6313,#6314,#6315));
#6292 = ORIENTED_EDGE('',*,*,#6293,.T.);
#6293 = EDGE_CURVE('',#2923,#5398,#6294,.T.);
#6294 = SURFACE_CURVE('',#6295,(#6299,#6306),.PCURVE_S1.);
#6295 = LINE('',#6296,#6297);
#6296 = CARTESIAN_POINT('',(-34.,2.89464325064,-4.076891027674));
#6297 = VECTOR('',#6298,1.);
#6298 = DIRECTION('',(1.,0.,0.));
#6299 = PCURVE('',#2966,#6300);
#6300 = DEFINITIONAL_REPRESENTATION('',(#6301),#6305);
#6301 = LINE('',#6302,#6303);
#6302 = CARTESIAN_POINT('',(0.,0.));
#6303 = VECTOR('',#6304,1.);
#6304 = DIRECTION('',(0.,-1.));
#6305 = ( GEOMETRIC_REPRESENTATION_CONTEXT(2) 
PARAMETRIC_REPRESENTATION_CONTEXT() REPRESENTATION_CONTEXT('2D SPACE',''
  ) );
#6306 = PCURVE('',#2938,#6307);
#6307 = DEFINITIONAL_REPRESENTATION('',(#6308),#6312);
#6308 = LINE('',#6309,#6310);
#6309 = CARTESIAN_POINT('',(0.936778152221,0.));
#6310 = VECTOR('',#6311,1.);
#6311 = DIRECTION('',(0.,-1.));
#6312 = ( GEOMETRIC_REPRESENTATION_CONTEXT(2) 
PARAMETRIC_REPRESENTATION_CONTEXT() REPRESENTATION_CONTEXT('2D SPACE',''
  ) );
#6313 = ORIENTED_EDGE('',*,*,#5420,.T.);
#6314 = ORIENTED_EDGE('',*,*,#6239,.F.);
#6315 = ORIENTED_EDGE('',*,*,#2950,.F.);
#6316 = ADVANCED_FACE('',(#6317),#678,.F.);
#6317 = FACE_BOUND('',#6318,.F.);
#6318 = EDGE_LOOP('',(#6319,#6320,#6321,#6342));
#6319 = ORIENTED_EDGE('',*,*,#6268,.T.);
#6320 = ORIENTED_EDGE('',*,*,#3638,.T.);
#6321 = ORIENTED_EDGE('',*,*,#6322,.F.);
#6322 = EDGE_CURVE('',#663,#3639,#6323,.T.);
#6323 = SURFACE_CURVE('',#6324,(#6328,#6335),.PCURVE_S1.);
#6324 = LINE('',#6325,#6326);
#6325 = CARTESIAN_POINT('',(-34.,4.230854894808,3.726750170755));
#6326 = VECTOR('',#6327,1.);
#6327 = DIRECTION('',(1.,0.,0.));
#6328 = PCURVE('',#678,#6329);
#6329 = DEFINITIONAL_REPRESENTATION('',(#6330),#6334);
#6330 = LINE('',#6331,#6332);
#6331 = CARTESIAN_POINT('',(0.638155724715,0.));
#6332 = VECTOR('',#6333,1.);
#6333 = DIRECTION('',(0.,-1.));
#6334 = ( GEOMETRIC_REPRESENTATION_CONTEXT(2) 
PARAMETRIC_REPRESENTATION_CONTEXT() REPRESENTATION_CONTEXT('2D SPACE',''
  ) );
#6335 = PCURVE('',#718,#6336);
#6336 = DEFINITIONAL_REPRESENTATION('',(#6337),#6341);
#6337 = LINE('',#6338,#6339);
#6338 = CARTESIAN_POINT('',(0.,0.));
#6339 = VECTOR('',#6340,1.);
#6340 = DIRECTION('',(0.,-1.));
#6341 = ( GEOMETRIC_REPRESENTATION_CONTEXT(2) 
PARAMETRIC_REPRESENTATION_CONTEXT() REPRESENTATION_CONTEXT('2D SPACE',''
  ) );
#6342 = ORIENTED_EDGE('',*,*,#662,.F.);
#6343 = ADVANCED_FACE('',(#6344),#2938,.F.);
#6344 = FACE_BOUND('',#6345,.F.);
#6345 = EDGE_LOOP('',(#6346,#6367,#6368,#6369));
#6346 = ORIENTED_EDGE('',*,*,#6347,.T.);
#6347 = EDGE_CURVE('',#2895,#5375,#6348,.T.);
#6348 = SURFACE_CURVE('',#6349,(#6353,#6360),.PCURVE_S1.);
#6349 = LINE('',#6350,#6351);
#6350 = CARTESIAN_POINT('',(-34.,2.083369573106,-4.545280103784));
#6351 = VECTOR('',#6352,1.);
#6352 = DIRECTION('',(1.,0.,0.));
#6353 = PCURVE('',#2938,#6354);
#6354 = DEFINITIONAL_REPRESENTATION('',(#6355),#6359);
#6355 = LINE('',#6356,#6357);
#6356 = CARTESIAN_POINT('',(0.,0.));
#6357 = VECTOR('',#6358,1.);
#6358 = DIRECTION('',(0.,-1.));
#6359 = ( GEOMETRIC_REPRESENTATION_CONTEXT(2) 
PARAMETRIC_REPRESENTATION_CONTEXT() REPRESENTATION_CONTEXT('2D SPACE',''
  ) );
#6360 = PCURVE('',#2910,#6361);
#6361 = DEFINITIONAL_REPRESENTATION('',(#6362),#6366);
#6362 = LINE('',#6363,#6364);
#6363 = CARTESIAN_POINT('',(0.638155724715,0.));
#6364 = VECTOR('',#6365,1.);
#6365 = DIRECTION('',(0.,-1.));
#6366 = ( GEOMETRIC_REPRESENTATION_CONTEXT(2) 
PARAMETRIC_REPRESENTATION_CONTEXT() REPRESENTATION_CONTEXT('2D SPACE',''
  ) );
#6367 = ORIENTED_EDGE('',*,*,#5397,.T.);
#6368 = ORIENTED_EDGE('',*,*,#6293,.F.);
#6369 = ORIENTED_EDGE('',*,*,#2922,.F.);
#6370 = ADVANCED_FACE('',(#6371),#718,.F.);
#6371 = FACE_BOUND('',#6372,.F.);
#6372 = EDGE_LOOP('',(#6373,#6374,#6375,#6396));
#6373 = ORIENTED_EDGE('',*,*,#6322,.T.);
#6374 = ORIENTED_EDGE('',*,*,#3661,.T.);
#6375 = ORIENTED_EDGE('',*,*,#6376,.F.);
#6376 = EDGE_CURVE('',#691,#3662,#6377,.T.);
#6377 = SURFACE_CURVE('',#6378,(#6382,#6389),.PCURVE_S1.);
#6378 = LINE('',#6379,#6380);
#6379 = CARTESIAN_POINT('',(-34.,4.722232455606,4.892905132457));
#6380 = VECTOR('',#6381,1.);
#6381 = DIRECTION('',(1.,0.,0.));
#6382 = PCURVE('',#718,#6383);
#6383 = DEFINITIONAL_REPRESENTATION('',(#6384),#6388);
#6384 = LINE('',#6385,#6386);
#6385 = CARTESIAN_POINT('',(1.28086153844,0.));
#6386 = VECTOR('',#6387,1.);
#6387 = DIRECTION('',(0.,-1.));
#6388 = ( GEOMETRIC_REPRESENTATION_CONTEXT(2) 
PARAMETRIC_REPRESENTATION_CONTEXT() REPRESENTATION_CONTEXT('2D SPACE',''
  ) );
#6389 = PCURVE('',#754,#6390);
#6390 = DEFINITIONAL_REPRESENTATION('',(#6391),#6395);
#6391 = LINE('',#6392,#6393);
#6392 = CARTESIAN_POINT('',(0.,0.));
#6393 = VECTOR('',#6394,1.);
#6394 = DIRECTION('',(0.,-1.));
#6395 = ( GEOMETRIC_REPRESENTATION_CONTEXT(2) 
PARAMETRIC_REPRESENTATION_CONTEXT() REPRESENTATION_CONTEXT('2D SPACE',''
  ) );
#6396 = ORIENTED_EDGE('',*,*,#690,.F.);
#6397 = ADVANCED_FACE('',(#6398),#2910,.F.);
#6398 = FACE_BOUND('',#6399,.F.);
#6399 = EDGE_LOOP('',(#6400,#6421,#6422,#6423));
#6400 = ORIENTED_EDGE('',*,*,#6401,.T.);
#6401 = EDGE_CURVE('',#2847,#5340,#6402,.T.);
#6402 = SURFACE_CURVE('',#6403,(#6407,#6414),.PCURVE_S1.);
#6403 = LINE('',#6404,#6405);
#6404 = CARTESIAN_POINT('',(-34.,2.349272417061,-5.125399407517));
#6405 = VECTOR('',#6406,1.);
#6406 = DIRECTION('',(1.,0.,0.));
#6407 = PCURVE('',#2910,#6408);
#6408 = DEFINITIONAL_REPRESENTATION('',(#6409),#6413);
#6409 = LINE('',#6410,#6411);
#6410 = CARTESIAN_POINT('',(0.,0.));
#6411 = VECTOR('',#6412,1.);
#6412 = DIRECTION('',(0.,-1.));
#6413 = ( GEOMETRIC_REPRESENTATION_CONTEXT(2) 
PARAMETRIC_REPRESENTATION_CONTEXT() REPRESENTATION_CONTEXT('2D SPACE',''
  ) );
#6414 = PCURVE('',#2874,#6415);
#6415 = DEFINITIONAL_REPRESENTATION('',(#6416),#6420);
#6416 = LINE('',#6417,#6418);
#6417 = CARTESIAN_POINT('',(1.28086153844,0.));
#6418 = VECTOR('',#6419,1.);
#6419 = DIRECTION('',(0.,-1.));
#6420 = ( GEOMETRIC_REPRESENTATION_CONTEXT(2) 
PARAMETRIC_REPRESENTATION_CONTEXT() REPRESENTATION_CONTEXT('2D SPACE',''
  ) );
#6421 = ORIENTED_EDGE('',*,*,#5374,.T.);
#6422 = ORIENTED_EDGE('',*,*,#6347,.F.);
#6423 = ORIENTED_EDGE('',*,*,#2894,.F.);
#6424 = ADVANCED_FACE('',(#6425),#754,.F.);
#6425 = FACE_BOUND('',#6426,.F.);
#6426 = EDGE_LOOP('',(#6427,#6428,#6429,#6450));
#6427 = ORIENTED_EDGE('',*,*,#6376,.T.);
#6428 = ORIENTED_EDGE('',*,*,#3696,.T.);
#6429 = ORIENTED_EDGE('',*,*,#6430,.F.);
#6430 = EDGE_CURVE('',#739,#3697,#6431,.T.);
#6431 = SURFACE_CURVE('',#6432,(#6436,#6443),.PCURVE_S1.);
#6432 = LINE('',#6433,#6434);
#6433 = CARTESIAN_POINT('',(-34.,4.372493584411,5.207811426529));
#6434 = VECTOR('',#6435,1.);
#6435 = DIRECTION('',(1.,0.,0.));
#6436 = PCURVE('',#754,#6437);
#6437 = DEFINITIONAL_REPRESENTATION('',(#6438),#6442);
#6438 = LINE('',#6439,#6440);
#6439 = CARTESIAN_POINT('',(0.470620071896,0.));
#6440 = VECTOR('',#6441,1.);
#6441 = DIRECTION('',(0.,-1.));
#6442 = ( GEOMETRIC_REPRESENTATION_CONTEXT(2) 
PARAMETRIC_REPRESENTATION_CONTEXT() REPRESENTATION_CONTEXT('2D SPACE',''
  ) );
#6443 = PCURVE('',#794,#6444);
#6444 = DEFINITIONAL_REPRESENTATION('',(#6445),#6449);
#6445 = LINE('',#6446,#6447);
#6446 = CARTESIAN_POINT('',(0.,0.));
#6447 = VECTOR('',#6448,1.);
#6448 = DIRECTION('',(0.,-1.));
#6449 = ( GEOMETRIC_REPRESENTATION_CONTEXT(2) 
PARAMETRIC_REPRESENTATION_CONTEXT() REPRESENTATION_CONTEXT('2D SPACE',''
  ) );
#6450 = ORIENTED_EDGE('',*,*,#738,.F.);
#6451 = ADVANCED_FACE('',(#6452),#2874,.F.);
#6452 = FACE_BOUND('',#6453,.F.);
#6453 = EDGE_LOOP('',(#6454,#6475,#6476,#6477));
#6454 = ORIENTED_EDGE('',*,*,#6455,.T.);
#6455 = EDGE_CURVE('',#2819,#5317,#6456,.T.);
#6456 = SURFACE_CURVE('',#6457,(#6461,#6468),.PCURVE_S1.);
#6457 = LINE('',#6458,#6459);
#6458 = CARTESIAN_POINT('',(-34.,2.323850201288,-6.390596235249));
#6459 = VECTOR('',#6460,1.);
#6460 = DIRECTION('',(1.,0.,0.));
#6461 = PCURVE('',#2874,#6462);
#6462 = DEFINITIONAL_REPRESENTATION('',(#6463),#6467);
#6463 = LINE('',#6464,#6465);
#6464 = CARTESIAN_POINT('',(0.,0.));
#6465 = VECTOR('',#6466,1.);
#6466 = DIRECTION('',(0.,-1.));
#6467 = ( GEOMETRIC_REPRESENTATION_CONTEXT(2) 
PARAMETRIC_REPRESENTATION_CONTEXT() REPRESENTATION_CONTEXT('2D SPACE',''
  ) );
#6468 = PCURVE('',#2834,#6469);
#6469 = DEFINITIONAL_REPRESENTATION('',(#6470),#6474);
#6470 = LINE('',#6471,#6472);
#6471 = CARTESIAN_POINT('',(0.470620071896,0.));
#6472 = VECTOR('',#6473,1.);
#6473 = DIRECTION('',(0.,-1.));
#6474 = ( GEOMETRIC_REPRESENTATION_CONTEXT(2) 
PARAMETRIC_REPRESENTATION_CONTEXT() REPRESENTATION_CONTEXT('2D SPACE',''
  ) );
#6475 = ORIENTED_EDGE('',*,*,#5339,.T.);
#6476 = ORIENTED_EDGE('',*,*,#6401,.F.);
#6477 = ORIENTED_EDGE('',*,*,#2846,.F.);
#6478 = ADVANCED_FACE('',(#6479),#794,.F.);
#6479 = FACE_BOUND('',#6480,.F.);
#6480 = EDGE_LOOP('',(#6481,#6482,#6483,#6504));
#6481 = ORIENTED_EDGE('',*,*,#6430,.T.);
#6482 = ORIENTED_EDGE('',*,*,#3719,.T.);
#6483 = ORIENTED_EDGE('',*,*,#6484,.F.);
#6484 = EDGE_CURVE('',#767,#3720,#6485,.T.);
#6485 = SURFACE_CURVE('',#6486,(#6490,#6497),.PCURVE_S1.);
#6486 = LINE('',#6487,#6488);
#6487 = CARTESIAN_POINT('',(-34.,3.264089882921,4.597229297344));
#6488 = VECTOR('',#6489,1.);
#6489 = DIRECTION('',(1.,0.,0.));
#6490 = PCURVE('',#794,#6491);
#6491 = DEFINITIONAL_REPRESENTATION('',(#6492),#6496);
#6492 = LINE('',#6493,#6494);
#6493 = CARTESIAN_POINT('',(1.28086153844,0.));
#6494 = VECTOR('',#6495,1.);
#6495 = DIRECTION('',(0.,-1.));
#6496 = ( GEOMETRIC_REPRESENTATION_CONTEXT(2) 
PARAMETRIC_REPRESENTATION_CONTEXT() REPRESENTATION_CONTEXT('2D SPACE',''
  ) );
#6497 = PCURVE('',#830,#6498);
#6498 = DEFINITIONAL_REPRESENTATION('',(#6499),#6503);
#6499 = LINE('',#6500,#6501);
#6500 = CARTESIAN_POINT('',(0.,0.));
#6501 = VECTOR('',#6502,1.);
#6502 = DIRECTION('',(0.,-1.));
#6503 = ( GEOMETRIC_REPRESENTATION_CONTEXT(2) 
PARAMETRIC_REPRESENTATION_CONTEXT() REPRESENTATION_CONTEXT('2D SPACE',''
  ) );
#6504 = ORIENTED_EDGE('',*,*,#766,.F.);
#6505 = ADVANCED_FACE('',(#6506),#2834,.F.);
#6506 = FACE_BOUND('',#6507,.F.);
#6507 = EDGE_LOOP('',(#6508,#6529,#6530,#6531));
#6508 = ORIENTED_EDGE('',*,*,#6509,.T.);
#6509 = EDGE_CURVE('',#2771,#5282,#6510,.T.);
#6510 = SURFACE_CURVE('',#6511,(#6515,#6522),.PCURVE_S1.);
#6511 = LINE('',#6512,#6513);
#6512 = CARTESIAN_POINT('',(-34.,1.876263915212,-6.536025835359));
#6513 = VECTOR('',#6514,1.);
#6514 = DIRECTION('',(1.,0.,0.));
#6515 = PCURVE('',#2834,#6516);
#6516 = DEFINITIONAL_REPRESENTATION('',(#6517),#6521);
#6517 = LINE('',#6518,#6519);
#6518 = CARTESIAN_POINT('',(0.,0.));
#6519 = VECTOR('',#6520,1.);
#6520 = DIRECTION('',(0.,-1.));
#6521 = ( GEOMETRIC_REPRESENTATION_CONTEXT(2) 
PARAMETRIC_REPRESENTATION_CONTEXT() REPRESENTATION_CONTEXT('2D SPACE',''
  ) );
#6522 = PCURVE('',#2798,#6523);
#6523 = DEFINITIONAL_REPRESENTATION('',(#6524),#6528);
#6524 = LINE('',#6525,#6526);
#6525 = CARTESIAN_POINT('',(1.28086153844,0.));
#6526 = VECTOR('',#6527,1.);
#6527 = DIRECTION('',(0.,-1.));
#6528 = ( GEOMETRIC_REPRESENTATION_CONTEXT(2) 
PARAMETRIC_REPRESENTATION_CONTEXT() REPRESENTATION_CONTEXT('2D SPACE',''
  ) );
#6529 = ORIENTED_EDGE('',*,*,#5316,.T.);
#6530 = ORIENTED_EDGE('',*,*,#6455,.F.);
#6531 = ORIENTED_EDGE('',*,*,#2818,.F.);
#6532 = ADVANCED_FACE('',(#6533),#830,.F.);
#6533 = FACE_BOUND('',#6534,.F.);
#6534 = EDGE_LOOP('',(#6535,#6536,#6537,#6558));
#6535 = ORIENTED_EDGE('',*,*,#6484,.T.);
#6536 = ORIENTED_EDGE('',*,*,#3754,.T.);
#6537 = ORIENTED_EDGE('',*,*,#6538,.F.);
#6538 = EDGE_CURVE('',#815,#3755,#6539,.T.);
#6539 = SURFACE_CURVE('',#6540,(#6544,#6551),.PCURVE_S1.);
#6540 = LINE('',#6541,#6542);
#6541 = CARTESIAN_POINT('',(-34.,2.89464325064,4.076891027674));
#6542 = VECTOR('',#6543,1.);
#6543 = DIRECTION('',(1.,0.,0.));
#6544 = PCURVE('',#830,#6545);
#6545 = DEFINITIONAL_REPRESENTATION('',(#6546),#6550);
#6546 = LINE('',#6547,#6548);
#6547 = CARTESIAN_POINT('',(0.638155724715,0.));
#6548 = VECTOR('',#6549,1.);
#6549 = DIRECTION('',(0.,-1.));
#6550 = ( GEOMETRIC_REPRESENTATION_CONTEXT(2) 
PARAMETRIC_REPRESENTATION_CONTEXT() REPRESENTATION_CONTEXT('2D SPACE',''
  ) );
#6551 = PCURVE('',#858,#6552);
#6552 = DEFINITIONAL_REPRESENTATION('',(#6553),#6557);
#6553 = LINE('',#6554,#6555);
#6554 = CARTESIAN_POINT('',(0.,0.));
#6555 = VECTOR('',#6556,1.);
#6556 = DIRECTION('',(0.,-1.));
#6557 = ( GEOMETRIC_REPRESENTATION_CONTEXT(2) 
PARAMETRIC_REPRESENTATION_CONTEXT() REPRESENTATION_CONTEXT('2D SPACE',''
  ) );
#6558 = ORIENTED_EDGE('',*,*,#814,.F.);
#6559 = ADVANCED_FACE('',(#6560),#2798,.F.);
#6560 = FACE_BOUND('',#6561,.F.);
#6561 = EDGE_LOOP('',(#6562,#6583,#6584,#6585));
#6562 = ORIENTED_EDGE('',*,*,#6563,.T.);
#6563 = EDGE_CURVE('',#2743,#5259,#6564,.T.);
#6564 = SURFACE_CURVE('',#6565,(#6569,#6576),.PCURVE_S1.);
#6565 = LINE('',#6566,#6567);
#6566 = CARTESIAN_POINT('',(-34.,1.112032874028,-5.527402904007));
#6567 = VECTOR('',#6568,1.);
#6568 = DIRECTION('',(1.,0.,0.));
#6569 = PCURVE('',#2798,#6570);
#6570 = DEFINITIONAL_REPRESENTATION('',(#6571),#6575);
#6571 = LINE('',#6572,#6573);
#6572 = CARTESIAN_POINT('',(0.,0.));
#6573 = VECTOR('',#6574,1.);
#6574 = DIRECTION('',(0.,-1.));
#6575 = ( GEOMETRIC_REPRESENTATION_CONTEXT(2) 
PARAMETRIC_REPRESENTATION_CONTEXT() REPRESENTATION_CONTEXT('2D SPACE',''
  ) );
#6576 = PCURVE('',#2758,#6577);
#6577 = DEFINITIONAL_REPRESENTATION('',(#6578),#6582);
#6578 = LINE('',#6579,#6580);
#6579 = CARTESIAN_POINT('',(0.638155724715,0.));
#6580 = VECTOR('',#6581,1.);
#6581 = DIRECTION('',(0.,-1.));
#6582 = ( GEOMETRIC_REPRESENTATION_CONTEXT(2) 
PARAMETRIC_REPRESENTATION_CONTEXT() REPRESENTATION_CONTEXT('2D SPACE',''
  ) );
#6583 = ORIENTED_EDGE('',*,*,#5281,.T.);
#6584 = ORIENTED_EDGE('',*,*,#6509,.F.);
#6585 = ORIENTED_EDGE('',*,*,#2770,.F.);
#6586 = ADVANCED_FACE('',(#6587),#858,.F.);
#6587 = FACE_BOUND('',#6588,.F.);
#6588 = EDGE_LOOP('',(#6589,#6590,#6591,#6612));
#6589 = ORIENTED_EDGE('',*,*,#6538,.T.);
#6590 = ORIENTED_EDGE('',*,*,#3777,.T.);
#6591 = ORIENTED_EDGE('',*,*,#6592,.F.);
#6592 = EDGE_CURVE('',#843,#3778,#6593,.T.);
#6593 = SURFACE_CURVE('',#6594,(#6598,#6605),.PCURVE_S1.);
#6594 = LINE('',#6595,#6596);
#6595 = CARTESIAN_POINT('',(-34.,2.083369573106,4.545280103784));
#6596 = VECTOR('',#6597,1.);
#6597 = DIRECTION('',(1.,0.,0.));
#6598 = PCURVE('',#858,#6599);
#6599 = DEFINITIONAL_REPRESENTATION('',(#6600),#6604);
#6600 = LINE('',#6601,#6602);
#6601 = CARTESIAN_POINT('',(0.936778152221,0.));
#6602 = VECTOR('',#6603,1.);
#6603 = DIRECTION('',(0.,-1.));
#6604 = ( GEOMETRIC_REPRESENTATION_CONTEXT(2) 
PARAMETRIC_REPRESENTATION_CONTEXT() REPRESENTATION_CONTEXT('2D SPACE',''
  ) );
#6605 = PCURVE('',#886,#6606);
#6606 = DEFINITIONAL_REPRESENTATION('',(#6607),#6611);
#6607 = LINE('',#6608,#6609);
#6608 = CARTESIAN_POINT('',(0.,0.));
#6609 = VECTOR('',#6610,1.);
#6610 = DIRECTION('',(0.,-1.));
#6611 = ( GEOMETRIC_REPRESENTATION_CONTEXT(2) 
PARAMETRIC_REPRESENTATION_CONTEXT() REPRESENTATION_CONTEXT('2D SPACE',''
  ) );
#6612 = ORIENTED_EDGE('',*,*,#842,.F.);
#6613 = ADVANCED_FACE('',(#6614),#2758,.F.);
#6614 = FACE_BOUND('',#6615,.F.);
#6615 = EDGE_LOOP('',(#6616,#6637,#6638,#6639));
#6616 = ORIENTED_EDGE('',*,*,#6617,.T.);
#6617 = EDGE_CURVE('',#2715,#5236,#6618,.T.);
#6618 = SURFACE_CURVE('',#6619,(#6623,#6630),.PCURVE_S1.);
#6619 = LINE('',#6620,#6621);
#6620 = CARTESIAN_POINT('',(-34.,0.986167222336,-4.901782758302));
#6621 = VECTOR('',#6622,1.);
#6622 = DIRECTION('',(1.,0.,0.));
#6623 = PCURVE('',#2758,#6624);
#6624 = DEFINITIONAL_REPRESENTATION('',(#6625),#6629);
#6625 = LINE('',#6626,#6627);
#6626 = CARTESIAN_POINT('',(0.,0.));
#6627 = VECTOR('',#6628,1.);
#6628 = DIRECTION('',(0.,-1.));
#6629 = ( GEOMETRIC_REPRESENTATION_CONTEXT(2) 
PARAMETRIC_REPRESENTATION_CONTEXT() REPRESENTATION_CONTEXT('2D SPACE',''
  ) );
#6630 = PCURVE('',#2730,#6631);
#6631 = DEFINITIONAL_REPRESENTATION('',(#6632),#6636);
#6632 = LINE('',#6633,#6634);
#6633 = CARTESIAN_POINT('',(0.936778152221,0.));
#6634 = VECTOR('',#6635,1.);
#6635 = DIRECTION('',(0.,-1.));
#6636 = ( GEOMETRIC_REPRESENTATION_CONTEXT(2) 
PARAMETRIC_REPRESENTATION_CONTEXT() REPRESENTATION_CONTEXT('2D SPACE',''
  ) );
#6637 = ORIENTED_EDGE('',*,*,#5258,.T.);
#6638 = ORIENTED_EDGE('',*,*,#6563,.F.);
#6639 = ORIENTED_EDGE('',*,*,#2742,.F.);
#6640 = ADVANCED_FACE('',(#6641),#886,.F.);
#6641 = FACE_BOUND('',#6642,.F.);
#6642 = EDGE_LOOP('',(#6643,#6644,#6645,#6666));
#6643 = ORIENTED_EDGE('',*,*,#6592,.T.);
#6644 = ORIENTED_EDGE('',*,*,#3800,.T.);
#6645 = ORIENTED_EDGE('',*,*,#6646,.F.);
#6646 = EDGE_CURVE('',#871,#3801,#6647,.T.);
#6647 = SURFACE_CURVE('',#6648,(#6652,#6659),.PCURVE_S1.);
#6648 = LINE('',#6649,#6650);
#6649 = CARTESIAN_POINT('',(-34.,2.349272417061,5.125399407517));
#6650 = VECTOR('',#6651,1.);
#6651 = DIRECTION('',(1.,0.,0.));
#6652 = PCURVE('',#886,#6653);
#6653 = DEFINITIONAL_REPRESENTATION('',(#6654),#6658);
#6654 = LINE('',#6655,#6656);
#6655 = CARTESIAN_POINT('',(0.638155724715,0.));
#6656 = VECTOR('',#6657,1.);
#6657 = DIRECTION('',(0.,-1.));
#6658 = ( GEOMETRIC_REPRESENTATION_CONTEXT(2) 
PARAMETRIC_REPRESENTATION_CONTEXT() REPRESENTATION_CONTEXT('2D SPACE',''
  ) );
#6659 = PCURVE('',#926,#6660);
#6660 = DEFINITIONAL_REPRESENTATION('',(#6661),#6665);
#6661 = LINE('',#6662,#6663);
#6662 = CARTESIAN_POINT('',(0.,0.));
#6663 = VECTOR('',#6664,1.);
#6664 = DIRECTION('',(0.,-1.));
#6665 = ( GEOMETRIC_REPRESENTATION_CONTEXT(2) 
PARAMETRIC_REPRESENTATION_CONTEXT() REPRESENTATION_CONTEXT('2D SPACE',''
  ) );
#6666 = ORIENTED_EDGE('',*,*,#870,.F.);
#6667 = ADVANCED_FACE('',(#6668),#2730,.F.);
#6668 = FACE_BOUND('',#6669,.F.);
#6669 = EDGE_LOOP('',(#6670,#6691,#6692,#6693));
#6670 = ORIENTED_EDGE('',*,*,#6671,.T.);
#6671 = EDGE_CURVE('',#2687,#5213,#6672,.T.);
#6672 = SURFACE_CURVE('',#6673,(#6677,#6684),.PCURVE_S1.);
#6673 = LINE('',#6674,#6675);
#6674 = CARTESIAN_POINT('',(-34.,5.452083884963E-02,-4.999702738977));
#6675 = VECTOR('',#6676,1.);
#6676 = DIRECTION('',(1.,0.,0.));
#6677 = PCURVE('',#2730,#6678);
#6678 = DEFINITIONAL_REPRESENTATION('',(#6679),#6683);
#6679 = LINE('',#6680,#6681);
#6680 = CARTESIAN_POINT('',(0.,0.));
#6681 = VECTOR('',#6682,1.);
#6682 = DIRECTION('',(0.,-1.));
#6683 = ( GEOMETRIC_REPRESENTATION_CONTEXT(2) 
PARAMETRIC_REPRESENTATION_CONTEXT() REPRESENTATION_CONTEXT('2D SPACE',''
  ) );
#6684 = PCURVE('',#2702,#6685);
#6685 = DEFINITIONAL_REPRESENTATION('',(#6686),#6690);
#6686 = LINE('',#6687,#6688);
#6687 = CARTESIAN_POINT('',(0.638155724715,0.));
#6688 = VECTOR('',#6689,1.);
#6689 = DIRECTION('',(0.,-1.));
#6690 = ( GEOMETRIC_REPRESENTATION_CONTEXT(2) 
PARAMETRIC_REPRESENTATION_CONTEXT() REPRESENTATION_CONTEXT('2D SPACE',''
  ) );
#6691 = ORIENTED_EDGE('',*,*,#5235,.T.);
#6692 = ORIENTED_EDGE('',*,*,#6617,.F.);
#6693 = ORIENTED_EDGE('',*,*,#2714,.F.);
#6694 = ADVANCED_FACE('',(#6695),#926,.F.);
#6695 = FACE_BOUND('',#6696,.F.);
#6696 = EDGE_LOOP('',(#6697,#6698,#6699,#6720));
#6697 = ORIENTED_EDGE('',*,*,#6646,.T.);
#6698 = ORIENTED_EDGE('',*,*,#3823,.T.);
#6699 = ORIENTED_EDGE('',*,*,#6700,.F.);
#6700 = EDGE_CURVE('',#899,#3824,#6701,.T.);
#6701 = SURFACE_CURVE('',#6702,(#6706,#6713),.PCURVE_S1.);
#6702 = LINE('',#6703,#6704);
#6703 = CARTESIAN_POINT('',(-34.,2.323850201288,6.390596235249));
#6704 = VECTOR('',#6705,1.);
#6705 = DIRECTION('',(1.,0.,0.));
#6706 = PCURVE('',#926,#6707);
#6707 = DEFINITIONAL_REPRESENTATION('',(#6708),#6712);
#6708 = LINE('',#6709,#6710);
#6709 = CARTESIAN_POINT('',(1.28086153844,0.));
#6710 = VECTOR('',#6711,1.);
#6711 = DIRECTION('',(0.,-1.));
#6712 = ( GEOMETRIC_REPRESENTATION_CONTEXT(2) 
PARAMETRIC_REPRESENTATION_CONTEXT() REPRESENTATION_CONTEXT('2D SPACE',''
  ) );
#6713 = PCURVE('',#962,#6714);
#6714 = DEFINITIONAL_REPRESENTATION('',(#6715),#6719);
#6715 = LINE('',#6716,#6717);
#6716 = CARTESIAN_POINT('',(0.,0.));
#6717 = VECTOR('',#6718,1.);
#6718 = DIRECTION('',(0.,-1.));
#6719 = ( GEOMETRIC_REPRESENTATION_CONTEXT(2) 
PARAMETRIC_REPRESENTATION_CONTEXT() REPRESENTATION_CONTEXT('2D SPACE',''
  ) );
#6720 = ORIENTED_EDGE('',*,*,#898,.F.);
#6721 = ADVANCED_FACE('',(#6722),#2702,.F.);
#6722 = FACE_BOUND('',#6723,.F.);
#6723 = EDGE_LOOP('',(#6724,#6745,#6746,#6747));
#6724 = ORIENTED_EDGE('',*,*,#6725,.T.);
#6725 = EDGE_CURVE('',#2639,#5178,#6726,.T.);
#6726 = SURFACE_CURVE('',#6727,(#6731,#6738),.PCURVE_S1.);
#6727 = LINE('',#6728,#6729);
#6728 = CARTESIAN_POINT('',(-34.,6.147939593526E-02,-5.637820523927));
#6729 = VECTOR('',#6730,1.);
#6730 = DIRECTION('',(1.,0.,0.));
#6731 = PCURVE('',#2702,#6732);
#6732 = DEFINITIONAL_REPRESENTATION('',(#6733),#6737);
#6733 = LINE('',#6734,#6735);
#6734 = CARTESIAN_POINT('',(0.,0.));
#6735 = VECTOR('',#6736,1.);
#6736 = DIRECTION('',(0.,-1.));
#6737 = ( GEOMETRIC_REPRESENTATION_CONTEXT(2) 
PARAMETRIC_REPRESENTATION_CONTEXT() REPRESENTATION_CONTEXT('2D SPACE',''
  ) );
#6738 = PCURVE('',#2666,#6739);
#6739 = DEFINITIONAL_REPRESENTATION('',(#6740),#6744);
#6740 = LINE('',#6741,#6742);
#6741 = CARTESIAN_POINT('',(1.28086153844,0.));
#6742 = VECTOR('',#6743,1.);
#6743 = DIRECTION('',(0.,-1.));
#6744 = ( GEOMETRIC_REPRESENTATION_CONTEXT(2) 
PARAMETRIC_REPRESENTATION_CONTEXT() REPRESENTATION_CONTEXT('2D SPACE',''
  ) );
#6745 = ORIENTED_EDGE('',*,*,#5212,.T.);
#6746 = ORIENTED_EDGE('',*,*,#6671,.F.);
#6747 = ORIENTED_EDGE('',*,*,#2686,.F.);
#6748 = ADVANCED_FACE('',(#6749),#962,.F.);
#6749 = FACE_BOUND('',#6750,.F.);
#6750 = EDGE_LOOP('',(#6751,#6752,#6753,#6774));
#6751 = ORIENTED_EDGE('',*,*,#6700,.T.);
#6752 = ORIENTED_EDGE('',*,*,#3858,.T.);
#6753 = ORIENTED_EDGE('',*,*,#6754,.F.);
#6754 = EDGE_CURVE('',#947,#3859,#6755,.T.);
#6755 = SURFACE_CURVE('',#6756,(#6760,#6767),.PCURVE_S1.);
#6756 = LINE('',#6757,#6758);
#6757 = CARTESIAN_POINT('',(-34.,1.876263915212,6.536025835359));
#6758 = VECTOR('',#6759,1.);
#6759 = DIRECTION('',(1.,0.,0.));
#6760 = PCURVE('',#962,#6761);
#6761 = DEFINITIONAL_REPRESENTATION('',(#6762),#6766);
#6762 = LINE('',#6763,#6764);
#6763 = CARTESIAN_POINT('',(0.470620071896,0.));
#6764 = VECTOR('',#6765,1.);
#6765 = DIRECTION('',(0.,-1.));
#6766 = ( GEOMETRIC_REPRESENTATION_CONTEXT(2) 
PARAMETRIC_REPRESENTATION_CONTEXT() REPRESENTATION_CONTEXT('2D SPACE',''
  ) );
#6767 = PCURVE('',#1002,#6768);
#6768 = DEFINITIONAL_REPRESENTATION('',(#6769),#6773);
#6769 = LINE('',#6770,#6771);
#6770 = CARTESIAN_POINT('',(0.,0.));
#6771 = VECTOR('',#6772,1.);
#6772 = DIRECTION('',(0.,-1.));
#6773 = ( GEOMETRIC_REPRESENTATION_CONTEXT(2) 
PARAMETRIC_REPRESENTATION_CONTEXT() REPRESENTATION_CONTEXT('2D SPACE',''
  ) );
#6774 = ORIENTED_EDGE('',*,*,#946,.F.);
#6775 = ADVANCED_FACE('',(#6776),#2666,.F.);
#6776 = FACE_BOUND('',#6777,.F.);
#6777 = EDGE_LOOP('',(#6778,#6799,#6800,#6801));
#6778 = ORIENTED_EDGE('',*,*,#6779,.T.);
#6779 = EDGE_CURVE('',#2611,#5155,#6780,.T.);
#6780 = SURFACE_CURVE('',#6781,(#6785,#6792),.PCURVE_S1.);
#6781 = LINE('',#6782,#6783);
#6782 = CARTESIAN_POINT('',(-34.,-0.47634686435,-6.783295192222));
#6783 = VECTOR('',#6784,1.);
#6784 = DIRECTION('',(1.,0.,0.));
#6785 = PCURVE('',#2666,#6786);
#6786 = DEFINITIONAL_REPRESENTATION('',(#6787),#6791);
#6787 = LINE('',#6788,#6789);
#6788 = CARTESIAN_POINT('',(0.,0.));
#6789 = VECTOR('',#6790,1.);
#6790 = DIRECTION('',(0.,-1.));
#6791 = ( GEOMETRIC_REPRESENTATION_CONTEXT(2) 
PARAMETRIC_REPRESENTATION_CONTEXT() REPRESENTATION_CONTEXT('2D SPACE',''
  ) );
#6792 = PCURVE('',#2626,#6793);
#6793 = DEFINITIONAL_REPRESENTATION('',(#6794),#6798);
#6794 = LINE('',#6795,#6796);
#6795 = CARTESIAN_POINT('',(0.470620071896,0.));
#6796 = VECTOR('',#6797,1.);
#6797 = DIRECTION('',(0.,-1.));
#6798 = ( GEOMETRIC_REPRESENTATION_CONTEXT(2) 
PARAMETRIC_REPRESENTATION_CONTEXT() REPRESENTATION_CONTEXT('2D SPACE',''
  ) );
#6799 = ORIENTED_EDGE('',*,*,#5177,.T.);
#6800 = ORIENTED_EDGE('',*,*,#6725,.F.);
#6801 = ORIENTED_EDGE('',*,*,#2638,.F.);
#6802 = ADVANCED_FACE('',(#6803),#1002,.F.);
#6803 = FACE_BOUND('',#6804,.F.);
#6804 = EDGE_LOOP('',(#6805,#6806,#6807,#6828));
#6805 = ORIENTED_EDGE('',*,*,#6754,.T.);
#6806 = ORIENTED_EDGE('',*,*,#3881,.T.);
#6807 = ORIENTED_EDGE('',*,*,#6808,.F.);
#6808 = EDGE_CURVE('',#975,#3882,#6809,.T.);
#6809 = SURFACE_CURVE('',#6810,(#6814,#6821),.PCURVE_S1.);
#6810 = LINE('',#6811,#6812);
#6811 = CARTESIAN_POINT('',(-34.,1.112032874028,5.527402904007));
#6812 = VECTOR('',#6813,1.);
#6813 = DIRECTION('',(1.,0.,0.));
#6814 = PCURVE('',#1002,#6815);
#6815 = DEFINITIONAL_REPRESENTATION('',(#6816),#6820);
#6816 = LINE('',#6817,#6818);
#6817 = CARTESIAN_POINT('',(1.28086153844,0.));
#6818 = VECTOR('',#6819,1.);
#6819 = DIRECTION('',(0.,-1.));
#6820 = ( GEOMETRIC_REPRESENTATION_CONTEXT(2) 
PARAMETRIC_REPRESENTATION_CONTEXT() REPRESENTATION_CONTEXT('2D SPACE',''
  ) );
#6821 = PCURVE('',#1038,#6822);
#6822 = DEFINITIONAL_REPRESENTATION('',(#6823),#6827);
#6823 = LINE('',#6824,#6825);
#6824 = CARTESIAN_POINT('',(0.,0.));
#6825 = VECTOR('',#6826,1.);
#6826 = DIRECTION('',(0.,-1.));
#6827 = ( GEOMETRIC_REPRESENTATION_CONTEXT(2) 
PARAMETRIC_REPRESENTATION_CONTEXT() REPRESENTATION_CONTEXT('2D SPACE',''
  ) );
#6828 = ORIENTED_EDGE('',*,*,#974,.F.);
#6829 = ADVANCED_FACE('',(#6830),#2626,.F.);
#6830 = FACE_BOUND('',#6831,.F.);
#6831 = EDGE_LOOP('',(#6832,#6853,#6854,#6855));
#6832 = ORIENTED_EDGE('',*,*,#6833,.T.);
#6833 = EDGE_CURVE('',#2563,#5120,#6834,.T.);
#6834 = SURFACE_CURVE('',#6835,(#6839,#6846),.PCURVE_S1.);
#6835 = LINE('',#6836,#6837);
#6836 = CARTESIAN_POINT('',(-34.,-0.94438883025,-6.734101999324));
#6837 = VECTOR('',#6838,1.);
#6838 = DIRECTION('',(1.,0.,0.));
#6839 = PCURVE('',#2626,#6840);
#6840 = DEFINITIONAL_REPRESENTATION('',(#6841),#6845);
#6841 = LINE('',#6842,#6843);
#6842 = CARTESIAN_POINT('',(0.,0.));
#6843 = VECTOR('',#6844,1.);
#6844 = DIRECTION('',(0.,-1.));
#6845 = ( GEOMETRIC_REPRESENTATION_CONTEXT(2) 
PARAMETRIC_REPRESENTATION_CONTEXT() REPRESENTATION_CONTEXT('2D SPACE',''
  ) );
#6846 = PCURVE('',#2590,#6847);
#6847 = DEFINITIONAL_REPRESENTATION('',(#6848),#6852);
#6848 = LINE('',#6849,#6850);
#6849 = CARTESIAN_POINT('',(1.28086153844,0.));
#6850 = VECTOR('',#6851,1.);
#6851 = DIRECTION('',(0.,-1.));
#6852 = ( GEOMETRIC_REPRESENTATION_CONTEXT(2) 
PARAMETRIC_REPRESENTATION_CONTEXT() REPRESENTATION_CONTEXT('2D SPACE',''
  ) );
#6853 = ORIENTED_EDGE('',*,*,#5154,.T.);
#6854 = ORIENTED_EDGE('',*,*,#6779,.F.);
#6855 = ORIENTED_EDGE('',*,*,#2610,.F.);
#6856 = ADVANCED_FACE('',(#6857),#1038,.F.);
#6857 = FACE_BOUND('',#6858,.F.);
#6858 = EDGE_LOOP('',(#6859,#6860,#6861,#6882));
#6859 = ORIENTED_EDGE('',*,*,#6808,.T.);
#6860 = ORIENTED_EDGE('',*,*,#3916,.T.);
#6861 = ORIENTED_EDGE('',*,*,#6862,.F.);
#6862 = EDGE_CURVE('',#1023,#3917,#6863,.T.);
#6863 = SURFACE_CURVE('',#6864,(#6868,#6875),.PCURVE_S1.);
#6864 = LINE('',#6865,#6866);
#6865 = CARTESIAN_POINT('',(-34.,0.986167222336,4.901782758302));
#6866 = VECTOR('',#6867,1.);
#6867 = DIRECTION('',(1.,0.,0.));
#6868 = PCURVE('',#1038,#6869);
#6869 = DEFINITIONAL_REPRESENTATION('',(#6870),#6874);
#6870 = LINE('',#6871,#6872);
#6871 = CARTESIAN_POINT('',(0.638155724715,0.));
#6872 = VECTOR('',#6873,1.);
#6873 = DIRECTION('',(0.,-1.));
#6874 = ( GEOMETRIC_REPRESENTATION_CONTEXT(2) 
PARAMETRIC_REPRESENTATION_CONTEXT() REPRESENTATION_CONTEXT('2D SPACE',''
  ) );
#6875 = PCURVE('',#1066,#6876);
#6876 = DEFINITIONAL_REPRESENTATION('',(#6877),#6881);
#6877 = LINE('',#6878,#6879);
#6878 = CARTESIAN_POINT('',(0.,0.));
#6879 = VECTOR('',#6880,1.);
#6880 = DIRECTION('',(0.,-1.));
#6881 = ( GEOMETRIC_REPRESENTATION_CONTEXT(2) 
PARAMETRIC_REPRESENTATION_CONTEXT() REPRESENTATION_CONTEXT('2D SPACE',''
  ) );
#6882 = ORIENTED_EDGE('',*,*,#1022,.F.);
#6883 = ADVANCED_FACE('',(#6884),#2590,.F.);
#6884 = FACE_BOUND('',#6885,.F.);
#6885 = EDGE_LOOP('',(#6886,#6907,#6908,#6909));
#6886 = ORIENTED_EDGE('',*,*,#6887,.T.);
#6887 = EDGE_CURVE('',#2535,#5097,#6888,.T.);
#6888 = SURFACE_CURVE('',#6889,(#6893,#6900),.PCURVE_S1.);
#6889 = LINE('',#6890,#6891);
#6890 = CARTESIAN_POINT('',(-34.,-1.232304721285,-5.501838333688));
#6891 = VECTOR('',#6892,1.);
#6892 = DIRECTION('',(1.,0.,0.));
#6893 = PCURVE('',#2590,#6894);
#6894 = DEFINITIONAL_REPRESENTATION('',(#6895),#6899);
#6895 = LINE('',#6896,#6897);
#6896 = CARTESIAN_POINT('',(0.,0.));
#6897 = VECTOR('',#6898,1.);
#6898 = DIRECTION('',(0.,-1.));
#6899 = ( GEOMETRIC_REPRESENTATION_CONTEXT(2) 
PARAMETRIC_REPRESENTATION_CONTEXT() REPRESENTATION_CONTEXT('2D SPACE',''
  ) );
#6900 = PCURVE('',#2550,#6901);
#6901 = DEFINITIONAL_REPRESENTATION('',(#6902),#6906);
#6902 = LINE('',#6903,#6904);
#6903 = CARTESIAN_POINT('',(0.638155724715,0.));
#6904 = VECTOR('',#6905,1.);
#6905 = DIRECTION('',(0.,-1.));
#6906 = ( GEOMETRIC_REPRESENTATION_CONTEXT(2) 
PARAMETRIC_REPRESENTATION_CONTEXT() REPRESENTATION_CONTEXT('2D SPACE',''
  ) );
#6907 = ORIENTED_EDGE('',*,*,#5119,.T.);
#6908 = ORIENTED_EDGE('',*,*,#6833,.F.);
#6909 = ORIENTED_EDGE('',*,*,#2562,.F.);
#6910 = ADVANCED_FACE('',(#6911),#1066,.F.);
#6911 = FACE_BOUND('',#6912,.F.);
#6912 = EDGE_LOOP('',(#6913,#6914,#6915,#6936));
#6913 = ORIENTED_EDGE('',*,*,#6862,.T.);
#6914 = ORIENTED_EDGE('',*,*,#3939,.T.);
#6915 = ORIENTED_EDGE('',*,*,#6916,.F.);
#6916 = EDGE_CURVE('',#1051,#3940,#6917,.T.);
#6917 = SURFACE_CURVE('',#6918,(#6922,#6929),.PCURVE_S1.);
#6918 = LINE('',#6919,#6920);
#6919 = CARTESIAN_POINT('',(-34.,5.452083884963E-02,4.999702738977));
#6920 = VECTOR('',#6921,1.);
#6921 = DIRECTION('',(1.,0.,0.));
#6922 = PCURVE('',#1066,#6923);
#6923 = DEFINITIONAL_REPRESENTATION('',(#6924),#6928);
#6924 = LINE('',#6925,#6926);
#6925 = CARTESIAN_POINT('',(0.936778152221,0.));
#6926 = VECTOR('',#6927,1.);
#6927 = DIRECTION('',(0.,-1.));
#6928 = ( GEOMETRIC_REPRESENTATION_CONTEXT(2) 
PARAMETRIC_REPRESENTATION_CONTEXT() REPRESENTATION_CONTEXT('2D SPACE',''
  ) );
#6929 = PCURVE('',#1094,#6930);
#6930 = DEFINITIONAL_REPRESENTATION('',(#6931),#6935);
#6931 = LINE('',#6932,#6933);
#6932 = CARTESIAN_POINT('',(0.,0.));
#6933 = VECTOR('',#6934,1.);
#6934 = DIRECTION('',(0.,-1.));
#6935 = ( GEOMETRIC_REPRESENTATION_CONTEXT(2) 
PARAMETRIC_REPRESENTATION_CONTEXT() REPRESENTATION_CONTEXT('2D SPACE',''
  ) );
#6936 = ORIENTED_EDGE('',*,*,#1050,.F.);
#6937 = ADVANCED_FACE('',(#6938),#2550,.F.);
#6938 = FACE_BOUND('',#6939,.F.);
#6939 = EDGE_LOOP('',(#6940,#6961,#6962,#6963));
#6940 = ORIENTED_EDGE('',*,*,#6941,.T.);
#6941 = EDGE_CURVE('',#2507,#5074,#6942,.T.);
#6942 = SURFACE_CURVE('',#6943,(#6947,#6954),.PCURVE_S1.);
#6943 = LINE('',#6944,#6945);
#6944 = CARTESIAN_POINT('',(-34.,-1.092826077758,-4.879111718722));
#6945 = VECTOR('',#6946,1.);
#6946 = DIRECTION('',(1.,0.,0.));
#6947 = PCURVE('',#2550,#6948);
#6948 = DEFINITIONAL_REPRESENTATION('',(#6949),#6953);
#6949 = LINE('',#6950,#6951);
#6950 = CARTESIAN_POINT('',(0.,0.));
#6951 = VECTOR('',#6952,1.);
#6952 = DIRECTION('',(0.,-1.));
#6953 = ( GEOMETRIC_REPRESENTATION_CONTEXT(2) 
PARAMETRIC_REPRESENTATION_CONTEXT() REPRESENTATION_CONTEXT('2D SPACE',''
  ) );
#6954 = PCURVE('',#2522,#6955);
#6955 = DEFINITIONAL_REPRESENTATION('',(#6956),#6960);
#6956 = LINE('',#6957,#6958);
#6957 = CARTESIAN_POINT('',(0.936778152221,0.));
#6958 = VECTOR('',#6959,1.);
#6959 = DIRECTION('',(0.,-1.));
#6960 = ( GEOMETRIC_REPRESENTATION_CONTEXT(2) 
PARAMETRIC_REPRESENTATION_CONTEXT() REPRESENTATION_CONTEXT('2D SPACE',''
  ) );
#6961 = ORIENTED_EDGE('',*,*,#5096,.T.);
#6962 = ORIENTED_EDGE('',*,*,#6887,.F.);
#6963 = ORIENTED_EDGE('',*,*,#2534,.F.);
#6964 = ADVANCED_FACE('',(#6965),#1094,.F.);
#6965 = FACE_BOUND('',#6966,.F.);
#6966 = EDGE_LOOP('',(#6967,#6968,#6969,#6990));
#6967 = ORIENTED_EDGE('',*,*,#6916,.T.);
#6968 = ORIENTED_EDGE('',*,*,#3962,.T.);
#6969 = ORIENTED_EDGE('',*,*,#6970,.F.);
#6970 = EDGE_CURVE('',#1079,#3963,#6971,.T.);
#6971 = SURFACE_CURVE('',#6972,(#6976,#6983),.PCURVE_S1.);
#6972 = LINE('',#6973,#6974);
#6973 = CARTESIAN_POINT('',(-34.,6.147939593527E-02,5.637820523927));
#6974 = VECTOR('',#6975,1.);
#6975 = DIRECTION('',(1.,0.,0.));
#6976 = PCURVE('',#1094,#6977);
#6977 = DEFINITIONAL_REPRESENTATION('',(#6978),#6982);
#6978 = LINE('',#6979,#6980);
#6979 = CARTESIAN_POINT('',(0.638155724715,0.));
#6980 = VECTOR('',#6981,1.);
#6981 = DIRECTION('',(0.,-1.));
#6982 = ( GEOMETRIC_REPRESENTATION_CONTEXT(2) 
PARAMETRIC_REPRESENTATION_CONTEXT() REPRESENTATION_CONTEXT('2D SPACE',''
  ) );
#6983 = PCURVE('',#1134,#6984);
#6984 = DEFINITIONAL_REPRESENTATION('',(#6985),#6989);
#6985 = LINE('',#6986,#6987);
#6986 = CARTESIAN_POINT('',(0.,0.));
#6987 = VECTOR('',#6988,1.);
#6988 = DIRECTION('',(0.,-1.));
#6989 = ( GEOMETRIC_REPRESENTATION_CONTEXT(2) 
PARAMETRIC_REPRESENTATION_CONTEXT() REPRESENTATION_CONTEXT('2D SPACE',''
  ) );
#6990 = ORIENTED_EDGE('',*,*,#1078,.F.);
#6991 = ADVANCED_FACE('',(#6992),#2522,.F.);
#6992 = FACE_BOUND('',#6993,.F.);
#6993 = EDGE_LOOP('',(#6994,#7015,#7016,#7017));
#6994 = ORIENTED_EDGE('',*,*,#6995,.T.);
#6995 = EDGE_CURVE('',#2479,#5051,#6996,.T.);
#6996 = SURFACE_CURVE('',#6997,(#7001,#7008),.PCURVE_S1.);
#6997 = LINE('',#6998,#6999);
#6998 = CARTESIAN_POINT('',(-34.,-1.98375504375,-4.589631349727));
#6999 = VECTOR('',#7000,1.);
#7000 = DIRECTION('',(1.,0.,0.));
#7001 = PCURVE('',#2522,#7002);
#7002 = DEFINITIONAL_REPRESENTATION('',(#7003),#7007);
#7003 = LINE('',#7004,#7005);
#7004 = CARTESIAN_POINT('',(0.,0.));
#7005 = VECTOR('',#7006,1.);
#7006 = DIRECTION('',(0.,-1.));
#7007 = ( GEOMETRIC_REPRESENTATION_CONTEXT(2) 
PARAMETRIC_REPRESENTATION_CONTEXT() REPRESENTATION_CONTEXT('2D SPACE',''
  ) );
#7008 = PCURVE('',#2494,#7009);
#7009 = DEFINITIONAL_REPRESENTATION('',(#7010),#7014);
#7010 = LINE('',#7011,#7012);
#7011 = CARTESIAN_POINT('',(0.638155724715,0.));
#7012 = VECTOR('',#7013,1.);
#7013 = DIRECTION('',(0.,-1.));
#7014 = ( GEOMETRIC_REPRESENTATION_CONTEXT(2) 
PARAMETRIC_REPRESENTATION_CONTEXT() REPRESENTATION_CONTEXT('2D SPACE',''
  ) );
#7015 = ORIENTED_EDGE('',*,*,#5073,.T.);
#7016 = ORIENTED_EDGE('',*,*,#6941,.F.);
#7017 = ORIENTED_EDGE('',*,*,#2506,.F.);
#7018 = ADVANCED_FACE('',(#7019),#1134,.F.);
#7019 = FACE_BOUND('',#7020,.F.);
#7020 = EDGE_LOOP('',(#7021,#7022,#7023,#7044));
#7021 = ORIENTED_EDGE('',*,*,#6970,.T.);
#7022 = ORIENTED_EDGE('',*,*,#3985,.T.);
#7023 = ORIENTED_EDGE('',*,*,#7024,.F.);
#7024 = EDGE_CURVE('',#1107,#3986,#7025,.T.);
#7025 = SURFACE_CURVE('',#7026,(#7030,#7037),.PCURVE_S1.);
#7026 = LINE('',#7027,#7028);
#7027 = CARTESIAN_POINT('',(-34.,-0.47634686435,6.783295192222));
#7028 = VECTOR('',#7029,1.);
#7029 = DIRECTION('',(1.,0.,0.));
#7030 = PCURVE('',#1134,#7031);
#7031 = DEFINITIONAL_REPRESENTATION('',(#7032),#7036);
#7032 = LINE('',#7033,#7034);
#7033 = CARTESIAN_POINT('',(1.28086153844,0.));
#7034 = VECTOR('',#7035,1.);
#7035 = DIRECTION('',(0.,-1.));
#7036 = ( GEOMETRIC_REPRESENTATION_CONTEXT(2) 
PARAMETRIC_REPRESENTATION_CONTEXT() REPRESENTATION_CONTEXT('2D SPACE',''
  ) );
#7037 = PCURVE('',#1170,#7038);
#7038 = DEFINITIONAL_REPRESENTATION('',(#7039),#7043);
#7039 = LINE('',#7040,#7041);
#7040 = CARTESIAN_POINT('',(0.,0.));
#7041 = VECTOR('',#7042,1.);
#7042 = DIRECTION('',(0.,-1.));
#7043 = ( GEOMETRIC_REPRESENTATION_CONTEXT(2) 
PARAMETRIC_REPRESENTATION_CONTEXT() REPRESENTATION_CONTEXT('2D SPACE',''
  ) );
#7044 = ORIENTED_EDGE('',*,*,#1106,.F.);
#7045 = ADVANCED_FACE('',(#7046),#2494,.F.);
#7046 = FACE_BOUND('',#7047,.F.);
#7047 = EDGE_LOOP('',(#7048,#7069,#7070,#7071));
#7048 = ORIENTED_EDGE('',*,*,#7049,.T.);
#7049 = EDGE_CURVE('',#2431,#5016,#7050,.T.);
#7050 = SURFACE_CURVE('',#7051,(#7055,#7062),.PCURVE_S1.);
#7051 = LINE('',#7052,#7053);
#7052 = CARTESIAN_POINT('',(-34.,-2.236943971271,-5.175411253759));
#7053 = VECTOR('',#7054,1.);
#7054 = DIRECTION('',(1.,0.,0.));
#7055 = PCURVE('',#2494,#7056);
#7056 = DEFINITIONAL_REPRESENTATION('',(#7057),#7061);
#7057 = LINE('',#7058,#7059);
#7058 = CARTESIAN_POINT('',(0.,0.));
#7059 = VECTOR('',#7060,1.);
#7060 = DIRECTION('',(0.,-1.));
#7061 = ( GEOMETRIC_REPRESENTATION_CONTEXT(2) 
PARAMETRIC_REPRESENTATION_CONTEXT() REPRESENTATION_CONTEXT('2D SPACE',''
  ) );
#7062 = PCURVE('',#2458,#7063);
#7063 = DEFINITIONAL_REPRESENTATION('',(#7064),#7068);
#7064 = LINE('',#7065,#7066);
#7065 = CARTESIAN_POINT('',(1.28086153844,0.));
#7066 = VECTOR('',#7067,1.);
#7067 = DIRECTION('',(0.,-1.));
#7068 = ( GEOMETRIC_REPRESENTATION_CONTEXT(2) 
PARAMETRIC_REPRESENTATION_CONTEXT() REPRESENTATION_CONTEXT('2D SPACE',''
  ) );
#7069 = ORIENTED_EDGE('',*,*,#5050,.T.);
#7070 = ORIENTED_EDGE('',*,*,#6995,.F.);
#7071 = ORIENTED_EDGE('',*,*,#2478,.F.);
#7072 = ADVANCED_FACE('',(#7073),#1170,.F.);
#7073 = FACE_BOUND('',#7074,.F.);
#7074 = EDGE_LOOP('',(#7075,#7076,#7077,#7098));
#7075 = ORIENTED_EDGE('',*,*,#7024,.T.);
#7076 = ORIENTED_EDGE('',*,*,#4020,.T.);
#7077 = ORIENTED_EDGE('',*,*,#7078,.F.);
#7078 = EDGE_CURVE('',#1155,#4021,#7079,.T.);
#7079 = SURFACE_CURVE('',#7080,(#7084,#7091),.PCURVE_S1.);
#7080 = LINE('',#7081,#7082);
#7081 = CARTESIAN_POINT('',(-34.,-0.94438883025,6.734101999324));
#7082 = VECTOR('',#7083,1.);
#7083 = DIRECTION('',(1.,0.,0.));
#7084 = PCURVE('',#1170,#7085);
#7085 = DEFINITIONAL_REPRESENTATION('',(#7086),#7090);
#7086 = LINE('',#7087,#7088);
#7087 = CARTESIAN_POINT('',(0.470620071896,0.));
#7088 = VECTOR('',#7089,1.);
#7089 = DIRECTION('',(0.,-1.));
#7090 = ( GEOMETRIC_REPRESENTATION_CONTEXT(2) 
PARAMETRIC_REPRESENTATION_CONTEXT() REPRESENTATION_CONTEXT('2D SPACE',''
  ) );
#7091 = PCURVE('',#1210,#7092);
#7092 = DEFINITIONAL_REPRESENTATION('',(#7093),#7097);
#7093 = LINE('',#7094,#7095);
#7094 = CARTESIAN_POINT('',(0.,0.));
#7095 = VECTOR('',#7096,1.);
#7096 = DIRECTION('',(0.,-1.));
#7097 = ( GEOMETRIC_REPRESENTATION_CONTEXT(2) 
PARAMETRIC_REPRESENTATION_CONTEXT() REPRESENTATION_CONTEXT('2D SPACE',''
  ) );
#7098 = ORIENTED_EDGE('',*,*,#1154,.F.);
#7099 = ADVANCED_FACE('',(#7100),#2458,.F.);
#7100 = FACE_BOUND('',#7101,.F.);
#7101 = EDGE_LOOP('',(#7102,#7123,#7124,#7125));
#7102 = ORIENTED_EDGE('',*,*,#7103,.T.);
#7103 = EDGE_CURVE('',#2403,#4993,#7104,.T.);
#7104 = SURFACE_CURVE('',#7105,(#7109,#7116),.PCURVE_S1.);
#7105 = LINE('',#7106,#7107);
#7106 = CARTESIAN_POINT('',(-34.,-3.194179229666,-6.003100786158));
#7107 = VECTOR('',#7108,1.);
#7108 = DIRECTION('',(1.,0.,0.));
#7109 = PCURVE('',#2458,#7110);
#7110 = DEFINITIONAL_REPRESENTATION('',(#7111),#7115);
#7111 = LINE('',#7112,#7113);
#7112 = CARTESIAN_POINT('',(0.,0.));
#7113 = VECTOR('',#7114,1.);
#7114 = DIRECTION('',(0.,-1.));
#7115 = ( GEOMETRIC_REPRESENTATION_CONTEXT(2) 
PARAMETRIC_REPRESENTATION_CONTEXT() REPRESENTATION_CONTEXT('2D SPACE',''
  ) );
#7116 = PCURVE('',#2418,#7117);
#7117 = DEFINITIONAL_REPRESENTATION('',(#7118),#7122);
#7118 = LINE('',#7119,#7120);
#7119 = CARTESIAN_POINT('',(0.470620071896,0.));
#7120 = VECTOR('',#7121,1.);
#7121 = DIRECTION('',(0.,-1.));
#7122 = ( GEOMETRIC_REPRESENTATION_CONTEXT(2) 
PARAMETRIC_REPRESENTATION_CONTEXT() REPRESENTATION_CONTEXT('2D SPACE',''
  ) );
#7123 = ORIENTED_EDGE('',*,*,#5015,.T.);
#7124 = ORIENTED_EDGE('',*,*,#7049,.F.);
#7125 = ORIENTED_EDGE('',*,*,#2430,.F.);
#7126 = ADVANCED_FACE('',(#7127),#1210,.F.);
#7127 = FACE_BOUND('',#7128,.F.);
#7128 = EDGE_LOOP('',(#7129,#7130,#7131,#7152));
#7129 = ORIENTED_EDGE('',*,*,#7078,.T.);
#7130 = ORIENTED_EDGE('',*,*,#4043,.T.);
#7131 = ORIENTED_EDGE('',*,*,#7132,.F.);
#7132 = EDGE_CURVE('',#1183,#4044,#7133,.T.);
#7133 = SURFACE_CURVE('',#7134,(#7138,#7145),.PCURVE_S1.);
#7134 = LINE('',#7135,#7136);
#7135 = CARTESIAN_POINT('',(-34.,-1.232304721285,5.501838333688));
#7136 = VECTOR('',#7137,1.);
#7137 = DIRECTION('',(1.,0.,0.));
#7138 = PCURVE('',#1210,#7139);
#7139 = DEFINITIONAL_REPRESENTATION('',(#7140),#7144);
#7140 = LINE('',#7141,#7142);
#7141 = CARTESIAN_POINT('',(1.28086153844,0.));
#7142 = VECTOR('',#7143,1.);
#7143 = DIRECTION('',(0.,-1.));
#7144 = ( GEOMETRIC_REPRESENTATION_CONTEXT(2) 
PARAMETRIC_REPRESENTATION_CONTEXT() REPRESENTATION_CONTEXT('2D SPACE',''
  ) );
#7145 = PCURVE('',#1246,#7146);
#7146 = DEFINITIONAL_REPRESENTATION('',(#7147),#7151);
#7147 = LINE('',#7148,#7149);
#7148 = CARTESIAN_POINT('',(0.,0.));
#7149 = VECTOR('',#7150,1.);
#7150 = DIRECTION('',(0.,-1.));
#7151 = ( GEOMETRIC_REPRESENTATION_CONTEXT(2) 
PARAMETRIC_REPRESENTATION_CONTEXT() REPRESENTATION_CONTEXT('2D SPACE',''
  ) );
#7152 = ORIENTED_EDGE('',*,*,#1182,.F.);
#7153 = ADVANCED_FACE('',(#7154),#2418,.F.);
#7154 = FACE_BOUND('',#7155,.F.);
#7155 = EDGE_LOOP('',(#7156,#7177,#7178,#7179));
#7156 = ORIENTED_EDGE('',*,*,#7157,.T.);
#7157 = EDGE_CURVE('',#2355,#4958,#7158,.T.);
#7158 = SURFACE_CURVE('',#7159,(#7163,#7170),.PCURVE_S1.);
#7159 = LINE('',#7160,#7161);
#7160 = CARTESIAN_POINT('',(-34.,-3.601748167458,-5.76779075021));
#7161 = VECTOR('',#7162,1.);
#7162 = DIRECTION('',(1.,0.,0.));
#7163 = PCURVE('',#2418,#7164);
#7164 = DEFINITIONAL_REPRESENTATION('',(#7165),#7169);
#7165 = LINE('',#7166,#7167);
#7166 = CARTESIAN_POINT('',(0.,0.));
#7167 = VECTOR('',#7168,1.);
#7168 = DIRECTION('',(0.,-1.));
#7169 = ( GEOMETRIC_REPRESENTATION_CONTEXT(2) 
PARAMETRIC_REPRESENTATION_CONTEXT() REPRESENTATION_CONTEXT('2D SPACE',''
  ) );
#7170 = PCURVE('',#2382,#7171);
#7171 = DEFINITIONAL_REPRESENTATION('',(#7172),#7176);
#7172 = LINE('',#7173,#7174);
#7173 = CARTESIAN_POINT('',(1.28086153844,0.));
#7174 = VECTOR('',#7175,1.);
#7175 = DIRECTION('',(0.,-1.));
#7176 = ( GEOMETRIC_REPRESENTATION_CONTEXT(2) 
PARAMETRIC_REPRESENTATION_CONTEXT() REPRESENTATION_CONTEXT('2D SPACE',''
  ) );
#7177 = ORIENTED_EDGE('',*,*,#4992,.T.);
#7178 = ORIENTED_EDGE('',*,*,#7103,.F.);
#7179 = ORIENTED_EDGE('',*,*,#2402,.F.);
#7180 = ADVANCED_FACE('',(#7181),#1246,.F.);
#7181 = FACE_BOUND('',#7182,.F.);
#7182 = EDGE_LOOP('',(#7183,#7184,#7185,#7206));
#7183 = ORIENTED_EDGE('',*,*,#7132,.T.);
#7184 = ORIENTED_EDGE('',*,*,#4078,.T.);
#7185 = ORIENTED_EDGE('',*,*,#7186,.F.);
#7186 = EDGE_CURVE('',#1231,#4079,#7187,.T.);
#7187 = SURFACE_CURVE('',#7188,(#7192,#7199),.PCURVE_S1.);
#7188 = LINE('',#7189,#7190);
#7189 = CARTESIAN_POINT('',(-34.,-1.092826077758,4.879111718722));
#7190 = VECTOR('',#7191,1.);
#7191 = DIRECTION('',(1.,0.,0.));
#7192 = PCURVE('',#1246,#7193);
#7193 = DEFINITIONAL_REPRESENTATION('',(#7194),#7198);
#7194 = LINE('',#7195,#7196);
#7195 = CARTESIAN_POINT('',(0.638155724715,0.));
#7196 = VECTOR('',#7197,1.);
#7197 = DIRECTION('',(0.,-1.));
#7198 = ( GEOMETRIC_REPRESENTATION_CONTEXT(2) 
PARAMETRIC_REPRESENTATION_CONTEXT() REPRESENTATION_CONTEXT('2D SPACE',''
  ) );
#7199 = PCURVE('',#1274,#7200);
#7200 = DEFINITIONAL_REPRESENTATION('',(#7201),#7205);
#7201 = LINE('',#7202,#7203);
#7202 = CARTESIAN_POINT('',(0.,0.));
#7203 = VECTOR('',#7204,1.);
#7204 = DIRECTION('',(0.,-1.));
#7205 = ( GEOMETRIC_REPRESENTATION_CONTEXT(2) 
PARAMETRIC_REPRESENTATION_CONTEXT() REPRESENTATION_CONTEXT('2D SPACE',''
  ) );
#7206 = ORIENTED_EDGE('',*,*,#1230,.F.);
#7207 = ADVANCED_FACE('',(#7208),#2382,.F.);
#7208 = FACE_BOUND('',#7209,.F.);
#7209 = EDGE_LOOP('',(#7210,#7231,#7232,#7233));
#7210 = ORIENTED_EDGE('',*,*,#7211,.T.);
#7211 = EDGE_CURVE('',#2327,#4935,#7212,.T.);
#7212 = SURFACE_CURVE('',#7213,(#7217,#7224),.PCURVE_S1.);
#7213 = LINE('',#7214,#7215);
#7214 = CARTESIAN_POINT('',(-34.,-3.363565635152,-4.524955932843));
#7215 = VECTOR('',#7216,1.);
#7216 = DIRECTION('',(1.,0.,0.));
#7217 = PCURVE('',#2382,#7218);
#7218 = DEFINITIONAL_REPRESENTATION('',(#7219),#7223);
#7219 = LINE('',#7220,#7221);
#7220 = CARTESIAN_POINT('',(0.,0.));
#7221 = VECTOR('',#7222,1.);
#7222 = DIRECTION('',(0.,-1.));
#7223 = ( GEOMETRIC_REPRESENTATION_CONTEXT(2) 
PARAMETRIC_REPRESENTATION_CONTEXT() REPRESENTATION_CONTEXT('2D SPACE',''
  ) );
#7224 = PCURVE('',#2342,#7225);
#7225 = DEFINITIONAL_REPRESENTATION('',(#7226),#7230);
#7226 = LINE('',#7227,#7228);
#7227 = CARTESIAN_POINT('',(0.638155724715,0.));
#7228 = VECTOR('',#7229,1.);
#7229 = DIRECTION('',(0.,-1.));
#7230 = ( GEOMETRIC_REPRESENTATION_CONTEXT(2) 
PARAMETRIC_REPRESENTATION_CONTEXT() REPRESENTATION_CONTEXT('2D SPACE',''
  ) );
#7231 = ORIENTED_EDGE('',*,*,#4957,.T.);
#7232 = ORIENTED_EDGE('',*,*,#7157,.F.);
#7233 = ORIENTED_EDGE('',*,*,#2354,.F.);
#7234 = ADVANCED_FACE('',(#7235),#1274,.F.);
#7235 = FACE_BOUND('',#7236,.F.);
#7236 = EDGE_LOOP('',(#7237,#7238,#7239,#7260));
#7237 = ORIENTED_EDGE('',*,*,#7186,.T.);
#7238 = ORIENTED_EDGE('',*,*,#4101,.T.);
#7239 = ORIENTED_EDGE('',*,*,#7240,.F.);
#7240 = EDGE_CURVE('',#1259,#4102,#7241,.T.);
#7241 = SURFACE_CURVE('',#7242,(#7246,#7253),.PCURVE_S1.);
#7242 = LINE('',#7243,#7244);
#7243 = CARTESIAN_POINT('',(-34.,-1.98375504375,4.589631349727));
#7244 = VECTOR('',#7245,1.);
#7245 = DIRECTION('',(1.,0.,0.));
#7246 = PCURVE('',#1274,#7247);
#7247 = DEFINITIONAL_REPRESENTATION('',(#7248),#7252);
#7248 = LINE('',#7249,#7250);
#7249 = CARTESIAN_POINT('',(0.936778152221,0.));
#7250 = VECTOR('',#7251,1.);
#7251 = DIRECTION('',(0.,-1.));
#7252 = ( GEOMETRIC_REPRESENTATION_CONTEXT(2) 
PARAMETRIC_REPRESENTATION_CONTEXT() REPRESENTATION_CONTEXT('2D SPACE',''
  ) );
#7253 = PCURVE('',#1302,#7254);
#7254 = DEFINITIONAL_REPRESENTATION('',(#7255),#7259);
#7255 = LINE('',#7256,#7257);
#7256 = CARTESIAN_POINT('',(0.,0.));
#7257 = VECTOR('',#7258,1.);
#7258 = DIRECTION('',(0.,-1.));
#7259 = ( GEOMETRIC_REPRESENTATION_CONTEXT(2) 
PARAMETRIC_REPRESENTATION_CONTEXT() REPRESENTATION_CONTEXT('2D SPACE',''
  ) );
#7260 = ORIENTED_EDGE('',*,*,#1258,.F.);
#7261 = ADVANCED_FACE('',(#7262),#2342,.F.);
#7262 = FACE_BOUND('',#7263,.F.);
#7263 = EDGE_LOOP('',(#7264,#7285,#7286,#7287));
#7264 = ORIENTED_EDGE('',*,*,#7265,.T.);
#7265 = EDGE_CURVE('',#2299,#4912,#7266,.T.);
#7266 = SURFACE_CURVE('',#7267,(#7271,#7278),.PCURVE_S1.);
#7267 = LINE('',#7268,#7269);
#7268 = CARTESIAN_POINT('',(-34.,-2.982859820994,-4.012797937637));
#7269 = VECTOR('',#7270,1.);
#7270 = DIRECTION('',(1.,0.,0.));
#7271 = PCURVE('',#2342,#7272);
#7272 = DEFINITIONAL_REPRESENTATION('',(#7273),#7277);
#7273 = LINE('',#7274,#7275);
#7274 = CARTESIAN_POINT('',(0.,0.));
#7275 = VECTOR('',#7276,1.);
#7276 = DIRECTION('',(0.,-1.));
#7277 = ( GEOMETRIC_REPRESENTATION_CONTEXT(2) 
PARAMETRIC_REPRESENTATION_CONTEXT() REPRESENTATION_CONTEXT('2D SPACE',''
  ) );
#7278 = PCURVE('',#2314,#7279);
#7279 = DEFINITIONAL_REPRESENTATION('',(#7280),#7284);
#7280 = LINE('',#7281,#7282);
#7281 = CARTESIAN_POINT('',(0.936778152221,0.));
#7282 = VECTOR('',#7283,1.);
#7283 = DIRECTION('',(0.,-1.));
#7284 = ( GEOMETRIC_REPRESENTATION_CONTEXT(2) 
PARAMETRIC_REPRESENTATION_CONTEXT() REPRESENTATION_CONTEXT('2D SPACE',''
  ) );
#7285 = ORIENTED_EDGE('',*,*,#4934,.T.);
#7286 = ORIENTED_EDGE('',*,*,#7211,.F.);
#7287 = ORIENTED_EDGE('',*,*,#2326,.F.);
#7288 = ADVANCED_FACE('',(#7289),#1302,.F.);
#7289 = FACE_BOUND('',#7290,.F.);
#7290 = EDGE_LOOP('',(#7291,#7292,#7293,#7314));
#7291 = ORIENTED_EDGE('',*,*,#7240,.T.);
#7292 = ORIENTED_EDGE('',*,*,#4124,.T.);
#7293 = ORIENTED_EDGE('',*,*,#7294,.F.);
#7294 = EDGE_CURVE('',#1287,#4125,#7295,.T.);
#7295 = SURFACE_CURVE('',#7296,(#7300,#7307),.PCURVE_S1.);
#7296 = LINE('',#7297,#7298);
#7297 = CARTESIAN_POINT('',(-34.,-2.236943971271,5.175411253759));
#7298 = VECTOR('',#7299,1.);
#7299 = DIRECTION('',(1.,0.,0.));
#7300 = PCURVE('',#1302,#7301);
#7301 = DEFINITIONAL_REPRESENTATION('',(#7302),#7306);
#7302 = LINE('',#7303,#7304);
#7303 = CARTESIAN_POINT('',(0.638155724715,0.));
#7304 = VECTOR('',#7305,1.);
#7305 = DIRECTION('',(0.,-1.));
#7306 = ( GEOMETRIC_REPRESENTATION_CONTEXT(2) 
PARAMETRIC_REPRESENTATION_CONTEXT() REPRESENTATION_CONTEXT('2D SPACE',''
  ) );
#7307 = PCURVE('',#1342,#7308);
#7308 = DEFINITIONAL_REPRESENTATION('',(#7309),#7313);
#7309 = LINE('',#7310,#7311);
#7310 = CARTESIAN_POINT('',(0.,0.));
#7311 = VECTOR('',#7312,1.);
#7312 = DIRECTION('',(0.,-1.));
#7313 = ( GEOMETRIC_REPRESENTATION_CONTEXT(2) 
PARAMETRIC_REPRESENTATION_CONTEXT() REPRESENTATION_CONTEXT('2D SPACE',''
  ) );
#7314 = ORIENTED_EDGE('',*,*,#1286,.F.);
#7315 = ADVANCED_FACE('',(#7316),#2314,.F.);
#7316 = FACE_BOUND('',#7317,.F.);
#7317 = EDGE_LOOP('',(#7318,#7339,#7340,#7341));
#7318 = ORIENTED_EDGE('',*,*,#7319,.T.);
#7319 = EDGE_CURVE('',#2271,#4889,#7320,.T.);
#7320 = SURFACE_CURVE('',#7321,(#7325,#7332),.PCURVE_S1.);
#7321 = LINE('',#7322,#7323);
#7322 = CARTESIAN_POINT('',(-34.,-3.679021657437,-3.385971004617));
#7323 = VECTOR('',#7324,1.);
#7324 = DIRECTION('',(1.,0.,0.));
#7325 = PCURVE('',#2314,#7326);
#7326 = DEFINITIONAL_REPRESENTATION('',(#7327),#7331);
#7327 = LINE('',#7328,#7329);
#7328 = CARTESIAN_POINT('',(0.,0.));
#7329 = VECTOR('',#7330,1.);
#7330 = DIRECTION('',(0.,-1.));
#7331 = ( GEOMETRIC_REPRESENTATION_CONTEXT(2) 
PARAMETRIC_REPRESENTATION_CONTEXT() REPRESENTATION_CONTEXT('2D SPACE',''
  ) );
#7332 = PCURVE('',#2286,#7333);
#7333 = DEFINITIONAL_REPRESENTATION('',(#7334),#7338);
#7334 = LINE('',#7335,#7336);
#7335 = CARTESIAN_POINT('',(0.638155724715,0.));
#7336 = VECTOR('',#7337,1.);
#7337 = DIRECTION('',(0.,-1.));
#7338 = ( GEOMETRIC_REPRESENTATION_CONTEXT(2) 
PARAMETRIC_REPRESENTATION_CONTEXT() REPRESENTATION_CONTEXT('2D SPACE',''
  ) );
#7339 = ORIENTED_EDGE('',*,*,#4911,.T.);
#7340 = ORIENTED_EDGE('',*,*,#7265,.F.);
#7341 = ORIENTED_EDGE('',*,*,#2298,.F.);
#7342 = ADVANCED_FACE('',(#7343),#1342,.F.);
#7343 = FACE_BOUND('',#7344,.F.);
#7344 = EDGE_LOOP('',(#7345,#7346,#7347,#7368));
#7345 = ORIENTED_EDGE('',*,*,#7294,.T.);
#7346 = ORIENTED_EDGE('',*,*,#4147,.T.);
#7347 = ORIENTED_EDGE('',*,*,#7348,.F.);
#7348 = EDGE_CURVE('',#1315,#4148,#7349,.T.);
#7349 = SURFACE_CURVE('',#7350,(#7354,#7361),.PCURVE_S1.);
#7350 = LINE('',#7351,#7352);
#7351 = CARTESIAN_POINT('',(-34.,-3.194179229666,6.003100786158));
#7352 = VECTOR('',#7353,1.);
#7353 = DIRECTION('',(1.,0.,0.));
#7354 = PCURVE('',#1342,#7355);
#7355 = DEFINITIONAL_REPRESENTATION('',(#7356),#7360);
#7356 = LINE('',#7357,#7358);
#7357 = CARTESIAN_POINT('',(1.28086153844,0.));
#7358 = VECTOR('',#7359,1.);
#7359 = DIRECTION('',(0.,-1.));
#7360 = ( GEOMETRIC_REPRESENTATION_CONTEXT(2) 
PARAMETRIC_REPRESENTATION_CONTEXT() REPRESENTATION_CONTEXT('2D SPACE',''
  ) );
#7361 = PCURVE('',#1378,#7362);
#7362 = DEFINITIONAL_REPRESENTATION('',(#7363),#7367);
#7363 = LINE('',#7364,#7365);
#7364 = CARTESIAN_POINT('',(0.,0.));
#7365 = VECTOR('',#7366,1.);
#7366 = DIRECTION('',(0.,-1.));
#7367 = ( GEOMETRIC_REPRESENTATION_CONTEXT(2) 
PARAMETRIC_REPRESENTATION_CONTEXT() REPRESENTATION_CONTEXT('2D SPACE',''
  ) );
#7368 = ORIENTED_EDGE('',*,*,#1314,.F.);
#7369 = ADVANCED_FACE('',(#7370),#2286,.F.);
#7370 = FACE_BOUND('',#7371,.F.);
#7371 = EDGE_LOOP('',(#7372,#7393,#7394,#7395));
#7372 = ORIENTED_EDGE('',*,*,#7373,.T.);
#7373 = EDGE_CURVE('',#2223,#4854,#7374,.T.);
#7374 = SURFACE_CURVE('',#7375,(#7379,#7386),.PCURVE_S1.);
#7375 = LINE('',#7376,#7377);
#7376 = CARTESIAN_POINT('',(-34.,-4.148579403846,-3.818126360681));
#7377 = VECTOR('',#7378,1.);
#7378 = DIRECTION('',(1.,0.,0.));
#7379 = PCURVE('',#2286,#7380);
#7380 = DEFINITIONAL_REPRESENTATION('',(#7381),#7385);
#7381 = LINE('',#7382,#7383);
#7382 = CARTESIAN_POINT('',(0.,0.));
#7383 = VECTOR('',#7384,1.);
#7384 = DIRECTION('',(0.,-1.));
#7385 = ( GEOMETRIC_REPRESENTATION_CONTEXT(2) 
PARAMETRIC_REPRESENTATION_CONTEXT() REPRESENTATION_CONTEXT('2D SPACE',''
  ) );
#7386 = PCURVE('',#2250,#7387);
#7387 = DEFINITIONAL_REPRESENTATION('',(#7388),#7392);
#7388 = LINE('',#7389,#7390);
#7389 = CARTESIAN_POINT('',(1.28086153844,0.));
#7390 = VECTOR('',#7391,1.);
#7391 = DIRECTION('',(0.,-1.));
#7392 = ( GEOMETRIC_REPRESENTATION_CONTEXT(2) 
PARAMETRIC_REPRESENTATION_CONTEXT() REPRESENTATION_CONTEXT('2D SPACE',''
  ) );
#7393 = ORIENTED_EDGE('',*,*,#4888,.T.);
#7394 = ORIENTED_EDGE('',*,*,#7319,.F.);
#7395 = ORIENTED_EDGE('',*,*,#2270,.F.);
#7396 = ADVANCED_FACE('',(#7397),#1378,.F.);
#7397 = FACE_BOUND('',#7398,.F.);
#7398 = EDGE_LOOP('',(#7399,#7400,#7401,#7422));
#7399 = ORIENTED_EDGE('',*,*,#7348,.T.);
#7400 = ORIENTED_EDGE('',*,*,#4182,.T.);
#7401 = ORIENTED_EDGE('',*,*,#7402,.F.);
#7402 = EDGE_CURVE('',#1363,#4183,#7403,.T.);
#7403 = SURFACE_CURVE('',#7404,(#7408,#7415),.PCURVE_S1.);
#7404 = LINE('',#7405,#7406);
#7405 = CARTESIAN_POINT('',(-34.,-3.601748167458,5.76779075021));
#7406 = VECTOR('',#7407,1.);
#7407 = DIRECTION('',(1.,0.,0.));
#7408 = PCURVE('',#1378,#7409);
#7409 = DEFINITIONAL_REPRESENTATION('',(#7410),#7414);
#7410 = LINE('',#7411,#7412);
#7411 = CARTESIAN_POINT('',(0.470620071896,0.));
#7412 = VECTOR('',#7413,1.);
#7413 = DIRECTION('',(0.,-1.));
#7414 = ( GEOMETRIC_REPRESENTATION_CONTEXT(2) 
PARAMETRIC_REPRESENTATION_CONTEXT() REPRESENTATION_CONTEXT('2D SPACE',''
  ) );
#7415 = PCURVE('',#1418,#7416);
#7416 = DEFINITIONAL_REPRESENTATION('',(#7417),#7421);
#7417 = LINE('',#7418,#7419);
#7418 = CARTESIAN_POINT('',(0.,0.));
#7419 = VECTOR('',#7420,1.);
#7420 = DIRECTION('',(0.,-1.));
#7421 = ( GEOMETRIC_REPRESENTATION_CONTEXT(2) 
PARAMETRIC_REPRESENTATION_CONTEXT() REPRESENTATION_CONTEXT('2D SPACE',''
  ) );
#7422 = ORIENTED_EDGE('',*,*,#1362,.F.);
#7423 = ADVANCED_FACE('',(#7424),#2250,.F.);
#7424 = FACE_BOUND('',#7425,.F.);
#7425 = EDGE_LOOP('',(#7426,#7447,#7448,#7449));
#7426 = ORIENTED_EDGE('',*,*,#7427,.T.);
#7427 = EDGE_CURVE('',#2195,#4831,#7428,.T.);
#7428 = SURFACE_CURVE('',#7429,(#7433,#7440),.PCURVE_S1.);
#7429 = LINE('',#7430,#7431);
#7430 = CARTESIAN_POINT('',(-34.,-5.359708987965,-4.184915717709));
#7431 = VECTOR('',#7432,1.);
#7432 = DIRECTION('',(1.,0.,0.));
#7433 = PCURVE('',#2250,#7434);
#7434 = DEFINITIONAL_REPRESENTATION('',(#7435),#7439);
#7435 = LINE('',#7436,#7437);
#7436 = CARTESIAN_POINT('',(0.,0.));
#7437 = VECTOR('',#7438,1.);
#7438 = DIRECTION('',(0.,-1.));
#7439 = ( GEOMETRIC_REPRESENTATION_CONTEXT(2) 
PARAMETRIC_REPRESENTATION_CONTEXT() REPRESENTATION_CONTEXT('2D SPACE',''
  ) );
#7440 = PCURVE('',#2210,#7441);
#7441 = DEFINITIONAL_REPRESENTATION('',(#7442),#7446);
#7442 = LINE('',#7443,#7444);
#7443 = CARTESIAN_POINT('',(0.470620071896,0.));
#7444 = VECTOR('',#7445,1.);
#7445 = DIRECTION('',(0.,-1.));
#7446 = ( GEOMETRIC_REPRESENTATION_CONTEXT(2) 
PARAMETRIC_REPRESENTATION_CONTEXT() REPRESENTATION_CONTEXT('2D SPACE',''
  ) );
#7447 = ORIENTED_EDGE('',*,*,#4853,.T.);
#7448 = ORIENTED_EDGE('',*,*,#7373,.F.);
#7449 = ORIENTED_EDGE('',*,*,#2222,.F.);
#7450 = ADVANCED_FACE('',(#7451),#1418,.F.);
#7451 = FACE_BOUND('',#7452,.F.);
#7452 = EDGE_LOOP('',(#7453,#7454,#7455,#7476));
#7453 = ORIENTED_EDGE('',*,*,#7402,.T.);
#7454 = ORIENTED_EDGE('',*,*,#4205,.T.);
#7455 = ORIENTED_EDGE('',*,*,#7456,.F.);
#7456 = EDGE_CURVE('',#1391,#4206,#7457,.T.);
#7457 = SURFACE_CURVE('',#7458,(#7462,#7469),.PCURVE_S1.);
#7458 = LINE('',#7459,#7460);
#7459 = CARTESIAN_POINT('',(-34.,-3.363565635152,4.524955932843));
#7460 = VECTOR('',#7461,1.);
#7461 = DIRECTION('',(1.,0.,0.));
#7462 = PCURVE('',#1418,#7463);
#7463 = DEFINITIONAL_REPRESENTATION('',(#7464),#7468);
#7464 = LINE('',#7465,#7466);
#7465 = CARTESIAN_POINT('',(1.28086153844,0.));
#7466 = VECTOR('',#7467,1.);
#7467 = DIRECTION('',(0.,-1.));
#7468 = ( GEOMETRIC_REPRESENTATION_CONTEXT(2) 
PARAMETRIC_REPRESENTATION_CONTEXT() REPRESENTATION_CONTEXT('2D SPACE',''
  ) );
#7469 = PCURVE('',#1454,#7470);
#7470 = DEFINITIONAL_REPRESENTATION('',(#7471),#7475);
#7471 = LINE('',#7472,#7473);
#7472 = CARTESIAN_POINT('',(0.,0.));
#7473 = VECTOR('',#7474,1.);
#7474 = DIRECTION('',(0.,-1.));
#7475 = ( GEOMETRIC_REPRESENTATION_CONTEXT(2) 
PARAMETRIC_REPRESENTATION_CONTEXT() REPRESENTATION_CONTEXT('2D SPACE',''
  ) );
#7476 = ORIENTED_EDGE('',*,*,#1390,.F.);
#7477 = ADVANCED_FACE('',(#7478),#2210,.F.);
#7478 = FACE_BOUND('',#7479,.F.);
#7479 = EDGE_LOOP('',(#7480,#7501,#7502,#7503));
#7480 = ORIENTED_EDGE('',*,*,#7481,.T.);
#7481 = EDGE_CURVE('',#2147,#4796,#7482,.T.);
#7482 = SURFACE_CURVE('',#7483,(#7487,#7494),.PCURVE_S1.);
#7483 = LINE('',#7484,#7485);
#7484 = CARTESIAN_POINT('',(-34.,-5.636332525658,-3.804176081651));
#7485 = VECTOR('',#7486,1.);
#7486 = DIRECTION('',(1.,0.,0.));
#7487 = PCURVE('',#2210,#7488);
#7488 = DEFINITIONAL_REPRESENTATION('',(#7489),#7493);
#7489 = LINE('',#7490,#7491);
#7490 = CARTESIAN_POINT('',(0.,0.));
#7491 = VECTOR('',#7492,1.);
#7492 = DIRECTION('',(0.,-1.));
#7493 = ( GEOMETRIC_REPRESENTATION_CONTEXT(2) 
PARAMETRIC_REPRESENTATION_CONTEXT() REPRESENTATION_CONTEXT('2D SPACE',''
  ) );
#7494 = PCURVE('',#2174,#7495);
#7495 = DEFINITIONAL_REPRESENTATION('',(#7496),#7500);
#7496 = LINE('',#7497,#7498);
#7497 = CARTESIAN_POINT('',(1.28086153844,0.));
#7498 = VECTOR('',#7499,1.);
#7499 = DIRECTION('',(0.,-1.));
#7500 = ( GEOMETRIC_REPRESENTATION_CONTEXT(2) 
PARAMETRIC_REPRESENTATION_CONTEXT() REPRESENTATION_CONTEXT('2D SPACE',''
  ) );
#7501 = ORIENTED_EDGE('',*,*,#4830,.T.);
#7502 = ORIENTED_EDGE('',*,*,#7427,.F.);
#7503 = ORIENTED_EDGE('',*,*,#2194,.F.);
#7504 = ADVANCED_FACE('',(#7505),#1454,.F.);
#7505 = FACE_BOUND('',#7506,.F.);
#7506 = EDGE_LOOP('',(#7507,#7508,#7509,#7530));
#7507 = ORIENTED_EDGE('',*,*,#7456,.T.);
#7508 = ORIENTED_EDGE('',*,*,#4240,.T.);
#7509 = ORIENTED_EDGE('',*,*,#7510,.F.);
#7510 = EDGE_CURVE('',#1439,#4241,#7511,.T.);
#7511 = SURFACE_CURVE('',#7512,(#7516,#7523),.PCURVE_S1.);
#7512 = LINE('',#7513,#7514);
#7513 = CARTESIAN_POINT('',(-34.,-2.982859820994,4.012797937637));
#7514 = VECTOR('',#7515,1.);
#7515 = DIRECTION('',(1.,0.,0.));
#7516 = PCURVE('',#1454,#7517);
#7517 = DEFINITIONAL_REPRESENTATION('',(#7518),#7522);
#7518 = LINE('',#7519,#7520);
#7519 = CARTESIAN_POINT('',(0.638155724715,0.));
#7520 = VECTOR('',#7521,1.);
#7521 = DIRECTION('',(0.,-1.));
#7522 = ( GEOMETRIC_REPRESENTATION_CONTEXT(2) 
PARAMETRIC_REPRESENTATION_CONTEXT() REPRESENTATION_CONTEXT('2D SPACE',''
  ) );
#7523 = PCURVE('',#1482,#7524);
#7524 = DEFINITIONAL_REPRESENTATION('',(#7525),#7529);
#7525 = LINE('',#7526,#7527);
#7526 = CARTESIAN_POINT('',(0.,0.));
#7527 = VECTOR('',#7528,1.);
#7528 = DIRECTION('',(0.,-1.));
#7529 = ( GEOMETRIC_REPRESENTATION_CONTEXT(2) 
PARAMETRIC_REPRESENTATION_CONTEXT() REPRESENTATION_CONTEXT('2D SPACE',''
  ) );
#7530 = ORIENTED_EDGE('',*,*,#1438,.F.);
#7531 = ADVANCED_FACE('',(#7532),#2174,.F.);
#7532 = FACE_BOUND('',#7533,.F.);
#7533 = EDGE_LOOP('',(#7534,#7555,#7556,#7557));
#7534 = ORIENTED_EDGE('',*,*,#7535,.T.);
#7535 = EDGE_CURVE('',#2119,#4773,#7536,.T.);
#7536 = SURFACE_CURVE('',#7537,(#7541,#7548),.PCURVE_S1.);
#7537 = LINE('',#7538,#7539);
#7538 = CARTESIAN_POINT('',(-34.,-4.913235493666,-2.765667543274));
#7539 = VECTOR('',#7540,1.);
#7540 = DIRECTION('',(1.,0.,0.));
#7541 = PCURVE('',#2174,#7542);
#7542 = DEFINITIONAL_REPRESENTATION('',(#7543),#7547);
#7543 = LINE('',#7544,#7545);
#7544 = CARTESIAN_POINT('',(0.,0.));
#7545 = VECTOR('',#7546,1.);
#7546 = DIRECTION('',(0.,-1.));
#7547 = ( GEOMETRIC_REPRESENTATION_CONTEXT(2) 
PARAMETRIC_REPRESENTATION_CONTEXT() REPRESENTATION_CONTEXT('2D SPACE',''
  ) );
#7548 = PCURVE('',#2134,#7549);
#7549 = DEFINITIONAL_REPRESENTATION('',(#7550),#7554);
#7550 = LINE('',#7551,#7552);
#7551 = CARTESIAN_POINT('',(0.638155724715,0.));
#7552 = VECTOR('',#7553,1.);
#7553 = DIRECTION('',(0.,-1.));
#7554 = ( GEOMETRIC_REPRESENTATION_CONTEXT(2) 
PARAMETRIC_REPRESENTATION_CONTEXT() REPRESENTATION_CONTEXT('2D SPACE',''
  ) );
#7555 = ORIENTED_EDGE('',*,*,#4795,.T.);
#7556 = ORIENTED_EDGE('',*,*,#7481,.F.);
#7557 = ORIENTED_EDGE('',*,*,#2146,.F.);
#7558 = ADVANCED_FACE('',(#7559),#1482,.F.);
#7559 = FACE_BOUND('',#7560,.F.);
#7560 = EDGE_LOOP('',(#7561,#7562,#7563,#7584));
#7561 = ORIENTED_EDGE('',*,*,#7510,.T.);
#7562 = ORIENTED_EDGE('',*,*,#4263,.T.);
#7563 = ORIENTED_EDGE('',*,*,#7564,.F.);
#7564 = EDGE_CURVE('',#1467,#4264,#7565,.T.);
#7565 = SURFACE_CURVE('',#7566,(#7570,#7577),.PCURVE_S1.);
#7566 = LINE('',#7567,#7568);
#7567 = CARTESIAN_POINT('',(-34.,-3.679021657437,3.385971004617));
#7568 = VECTOR('',#7569,1.);
#7569 = DIRECTION('',(1.,0.,0.));
#7570 = PCURVE('',#1482,#7571);
#7571 = DEFINITIONAL_REPRESENTATION('',(#7572),#7576);
#7572 = LINE('',#7573,#7574);
#7573 = CARTESIAN_POINT('',(0.936778152221,0.));
#7574 = VECTOR('',#7575,1.);
#7575 = DIRECTION('',(0.,-1.));
#7576 = ( GEOMETRIC_REPRESENTATION_CONTEXT(2) 
PARAMETRIC_REPRESENTATION_CONTEXT() REPRESENTATION_CONTEXT('2D SPACE',''
  ) );
#7577 = PCURVE('',#1510,#7578);
#7578 = DEFINITIONAL_REPRESENTATION('',(#7579),#7583);
#7579 = LINE('',#7580,#7581);
#7580 = CARTESIAN_POINT('',(0.,0.));
#7581 = VECTOR('',#7582,1.);
#7582 = DIRECTION('',(0.,-1.));
#7583 = ( GEOMETRIC_REPRESENTATION_CONTEXT(2) 
PARAMETRIC_REPRESENTATION_CONTEXT() REPRESENTATION_CONTEXT('2D SPACE',''
  ) );
#7584 = ORIENTED_EDGE('',*,*,#1466,.F.);
#7585 = ADVANCED_FACE('',(#7586),#2134,.F.);
#7586 = FACE_BOUND('',#7587,.F.);
#7587 = EDGE_LOOP('',(#7588,#7609,#7610,#7611));
#7588 = ORIENTED_EDGE('',*,*,#7589,.T.);
#7589 = EDGE_CURVE('',#2091,#4750,#7590,.T.);
#7590 = SURFACE_CURVE('',#7591,(#7595,#7602),.PCURVE_S1.);
#7591 = LINE('',#7592,#7593);
#7592 = CARTESIAN_POINT('',(-34.,-4.357130002749,-2.452634938009));
#7593 = VECTOR('',#7594,1.);
#7594 = DIRECTION('',(1.,0.,0.));
#7595 = PCURVE('',#2134,#7596);
#7596 = DEFINITIONAL_REPRESENTATION('',(#7597),#7601);
#7597 = LINE('',#7598,#7599);
#7598 = CARTESIAN_POINT('',(0.,0.));
#7599 = VECTOR('',#7600,1.);
#7600 = DIRECTION('',(0.,-1.));
#7601 = ( GEOMETRIC_REPRESENTATION_CONTEXT(2) 
PARAMETRIC_REPRESENTATION_CONTEXT() REPRESENTATION_CONTEXT('2D SPACE',''
  ) );
#7602 = PCURVE('',#2106,#7603);
#7603 = DEFINITIONAL_REPRESENTATION('',(#7604),#7608);
#7604 = LINE('',#7605,#7606);
#7605 = CARTESIAN_POINT('',(0.936778152221,0.));
#7606 = VECTOR('',#7607,1.);
#7607 = DIRECTION('',(0.,-1.));
#7608 = ( GEOMETRIC_REPRESENTATION_CONTEXT(2) 
PARAMETRIC_REPRESENTATION_CONTEXT() REPRESENTATION_CONTEXT('2D SPACE',''
  ) );
#7609 = ORIENTED_EDGE('',*,*,#4772,.T.);
#7610 = ORIENTED_EDGE('',*,*,#7535,.F.);
#7611 = ORIENTED_EDGE('',*,*,#2118,.F.);
#7612 = ADVANCED_FACE('',(#7613),#1510,.F.);
#7613 = FACE_BOUND('',#7614,.F.);
#7614 = EDGE_LOOP('',(#7615,#7616,#7617,#7638));
#7615 = ORIENTED_EDGE('',*,*,#7564,.T.);
#7616 = ORIENTED_EDGE('',*,*,#4286,.T.);
#7617 = ORIENTED_EDGE('',*,*,#7618,.F.);
#7618 = EDGE_CURVE('',#1495,#4287,#7619,.T.);
#7619 = SURFACE_CURVE('',#7620,(#7624,#7631),.PCURVE_S1.);
#7620 = LINE('',#7621,#7622);
#7621 = CARTESIAN_POINT('',(-34.,-4.148579403846,3.818126360681));
#7622 = VECTOR('',#7623,1.);
#7623 = DIRECTION('',(1.,0.,0.));
#7624 = PCURVE('',#1510,#7625);
#7625 = DEFINITIONAL_REPRESENTATION('',(#7626),#7630);
#7626 = LINE('',#7627,#7628);
#7627 = CARTESIAN_POINT('',(0.638155724715,0.));
#7628 = VECTOR('',#7629,1.);
#7629 = DIRECTION('',(0.,-1.));
#7630 = ( GEOMETRIC_REPRESENTATION_CONTEXT(2) 
PARAMETRIC_REPRESENTATION_CONTEXT() REPRESENTATION_CONTEXT('2D SPACE',''
  ) );
#7631 = PCURVE('',#1550,#7632);
#7632 = DEFINITIONAL_REPRESENTATION('',(#7633),#7637);
#7633 = LINE('',#7634,#7635);
#7634 = CARTESIAN_POINT('',(0.,0.));
#7635 = VECTOR('',#7636,1.);
#7636 = DIRECTION('',(0.,-1.));
#7637 = ( GEOMETRIC_REPRESENTATION_CONTEXT(2) 
PARAMETRIC_REPRESENTATION_CONTEXT() REPRESENTATION_CONTEXT('2D SPACE',''
  ) );
#7638 = ORIENTED_EDGE('',*,*,#1494,.F.);
#7639 = ADVANCED_FACE('',(#7640),#2106,.F.);
#7640 = FACE_BOUND('',#7641,.F.);
#7641 = EDGE_LOOP('',(#7642,#7663,#7664,#7665));
#7642 = ORIENTED_EDGE('',*,*,#7643,.T.);
#7643 = EDGE_CURVE('',#2063,#4727,#7644,.T.);
#7644 = SURFACE_CURVE('',#7645,(#7649,#7656),.PCURVE_S1.);
#7645 = LINE('',#7646,#7647);
#7646 = CARTESIAN_POINT('',(-34.,-4.73815200369,-1.596845512229));
#7647 = VECTOR('',#7648,1.);
#7648 = DIRECTION('',(1.,0.,0.));
#7649 = PCURVE('',#2106,#7650);
#7650 = DEFINITIONAL_REPRESENTATION('',(#7651),#7655);
#7651 = LINE('',#7652,#7653);
#7652 = CARTESIAN_POINT('',(0.,0.));
#7653 = VECTOR('',#7654,1.);
#7654 = DIRECTION('',(0.,-1.));
#7655 = ( GEOMETRIC_REPRESENTATION_CONTEXT(2) 
PARAMETRIC_REPRESENTATION_CONTEXT() REPRESENTATION_CONTEXT('2D SPACE',''
  ) );
#7656 = PCURVE('',#2078,#7657);
#7657 = DEFINITIONAL_REPRESENTATION('',(#7658),#7662);
#7658 = LINE('',#7659,#7660);
#7659 = CARTESIAN_POINT('',(0.638155724715,0.));
#7660 = VECTOR('',#7661,1.);
#7661 = DIRECTION('',(0.,-1.));
#7662 = ( GEOMETRIC_REPRESENTATION_CONTEXT(2) 
PARAMETRIC_REPRESENTATION_CONTEXT() REPRESENTATION_CONTEXT('2D SPACE',''
  ) );
#7663 = ORIENTED_EDGE('',*,*,#4749,.T.);
#7664 = ORIENTED_EDGE('',*,*,#7589,.F.);
#7665 = ORIENTED_EDGE('',*,*,#2090,.F.);
#7666 = ADVANCED_FACE('',(#7667),#1550,.F.);
#7667 = FACE_BOUND('',#7668,.F.);
#7668 = EDGE_LOOP('',(#7669,#7670,#7671,#7692));
#7669 = ORIENTED_EDGE('',*,*,#7618,.T.);
#7670 = ORIENTED_EDGE('',*,*,#4309,.T.);
#7671 = ORIENTED_EDGE('',*,*,#7672,.F.);
#7672 = EDGE_CURVE('',#1523,#4310,#7673,.T.);
#7673 = SURFACE_CURVE('',#7674,(#7678,#7685),.PCURVE_S1.);
#7674 = LINE('',#7675,#7676);
#7675 = CARTESIAN_POINT('',(-34.,-5.359708987965,4.184915717709));
#7676 = VECTOR('',#7677,1.);
#7677 = DIRECTION('',(1.,0.,0.));
#7678 = PCURVE('',#1550,#7679);
#7679 = DEFINITIONAL_REPRESENTATION('',(#7680),#7684);
#7680 = LINE('',#7681,#7682);
#7681 = CARTESIAN_POINT('',(1.28086153844,0.));
#7682 = VECTOR('',#7683,1.);
#7683 = DIRECTION('',(0.,-1.));
#7684 = ( GEOMETRIC_REPRESENTATION_CONTEXT(2) 
PARAMETRIC_REPRESENTATION_CONTEXT() REPRESENTATION_CONTEXT('2D SPACE',''
  ) );
#7685 = PCURVE('',#1586,#7686);
#7686 = DEFINITIONAL_REPRESENTATION('',(#7687),#7691);
#7687 = LINE('',#7688,#7689);
#7688 = CARTESIAN_POINT('',(0.,0.));
#7689 = VECTOR('',#7690,1.);
#7690 = DIRECTION('',(0.,-1.));
#7691 = ( GEOMETRIC_REPRESENTATION_CONTEXT(2) 
PARAMETRIC_REPRESENTATION_CONTEXT() REPRESENTATION_CONTEXT('2D SPACE',''
  ) );
#7692 = ORIENTED_EDGE('',*,*,#1522,.F.);
#7693 = ADVANCED_FACE('',(#7694),#2078,.F.);
#7694 = FACE_BOUND('',#7695,.F.);
#7695 = EDGE_LOOP('',(#7696,#7717,#7718,#7719));
#7696 = ORIENTED_EDGE('',*,*,#7697,.T.);
#7697 = EDGE_CURVE('',#2015,#4692,#7698,.T.);
#7698 = SURFACE_CURVE('',#7699,(#7703,#7710),.PCURVE_S1.);
#7699 = LINE('',#7700,#7701);
#7700 = CARTESIAN_POINT('',(-34.,-5.342887768836,-1.800652733252));
#7701 = VECTOR('',#7702,1.);
#7702 = DIRECTION('',(1.,0.,0.));
#7703 = PCURVE('',#2078,#7704);
#7704 = DEFINITIONAL_REPRESENTATION('',(#7705),#7709);
#7705 = LINE('',#7706,#7707);
#7706 = CARTESIAN_POINT('',(0.,0.));
#7707 = VECTOR('',#7708,1.);
#7708 = DIRECTION('',(0.,-1.));
#7709 = ( GEOMETRIC_REPRESENTATION_CONTEXT(2) 
PARAMETRIC_REPRESENTATION_CONTEXT() REPRESENTATION_CONTEXT('2D SPACE',''
  ) );
#7710 = PCURVE('',#2042,#7711);
#7711 = DEFINITIONAL_REPRESENTATION('',(#7712),#7716);
#7712 = LINE('',#7713,#7714);
#7713 = CARTESIAN_POINT('',(1.28086153844,0.));
#7714 = VECTOR('',#7715,1.);
#7715 = DIRECTION('',(0.,-1.));
#7716 = ( GEOMETRIC_REPRESENTATION_CONTEXT(2) 
PARAMETRIC_REPRESENTATION_CONTEXT() REPRESENTATION_CONTEXT('2D SPACE',''
  ) );
#7717 = ORIENTED_EDGE('',*,*,#4726,.T.);
#7718 = ORIENTED_EDGE('',*,*,#7643,.F.);
#7719 = ORIENTED_EDGE('',*,*,#2062,.F.);
#7720 = ADVANCED_FACE('',(#7721),#1586,.F.);
#7721 = FACE_BOUND('',#7722,.F.);
#7722 = EDGE_LOOP('',(#7723,#7724,#7725,#7746));
#7723 = ORIENTED_EDGE('',*,*,#7672,.T.);
#7724 = ORIENTED_EDGE('',*,*,#4344,.T.);
#7725 = ORIENTED_EDGE('',*,*,#7726,.F.);
#7726 = EDGE_CURVE('',#1571,#4345,#7727,.T.);
#7727 = SURFACE_CURVE('',#7728,(#7732,#7739),.PCURVE_S1.);
#7728 = LINE('',#7729,#7730);
#7729 = CARTESIAN_POINT('',(-34.,-5.636332525658,3.804176081651));
#7730 = VECTOR('',#7731,1.);
#7731 = DIRECTION('',(1.,0.,0.));
#7732 = PCURVE('',#1586,#7733);
#7733 = DEFINITIONAL_REPRESENTATION('',(#7734),#7738);
#7734 = LINE('',#7735,#7736);
#7735 = CARTESIAN_POINT('',(0.470620071896,0.));
#7736 = VECTOR('',#7737,1.);
#7737 = DIRECTION('',(0.,-1.));
#7738 = ( GEOMETRIC_REPRESENTATION_CONTEXT(2) 
PARAMETRIC_REPRESENTATION_CONTEXT() REPRESENTATION_CONTEXT('2D SPACE',''
  ) );
#7739 = PCURVE('',#1626,#7740);
#7740 = DEFINITIONAL_REPRESENTATION('',(#7741),#7745);
#7741 = LINE('',#7742,#7743);
#7742 = CARTESIAN_POINT('',(0.,0.));
#7743 = VECTOR('',#7744,1.);
#7744 = DIRECTION('',(0.,-1.));
#7745 = ( GEOMETRIC_REPRESENTATION_CONTEXT(2) 
PARAMETRIC_REPRESENTATION_CONTEXT() REPRESENTATION_CONTEXT('2D SPACE',''
  ) );
#7746 = ORIENTED_EDGE('',*,*,#1570,.F.);
#7747 = ADVANCED_FACE('',(#7748),#2042,.F.);
#7748 = FACE_BOUND('',#7749,.F.);
#7749 = EDGE_LOOP('',(#7750,#7771,#7772,#7773));
#7750 = ORIENTED_EDGE('',*,*,#7751,.T.);
#7751 = EDGE_CURVE('',#1987,#4669,#7752,.T.);
#7752 = SURFACE_CURVE('',#7753,(#7757,#7764),.PCURVE_S1.);
#7753 = LINE('',#7754,#7755);
#7754 = CARTESIAN_POINT('',(-34.,-6.598496370818,-1.643120702902));
#7755 = VECTOR('',#7756,1.);
#7756 = DIRECTION('',(1.,0.,0.));
#7757 = PCURVE('',#2042,#7758);
#7758 = DEFINITIONAL_REPRESENTATION('',(#7759),#7763);
#7759 = LINE('',#7760,#7761);
#7760 = CARTESIAN_POINT('',(0.,0.));
#7761 = VECTOR('',#7762,1.);
#7762 = DIRECTION('',(0.,-1.));
#7763 = ( GEOMETRIC_REPRESENTATION_CONTEXT(2) 
PARAMETRIC_REPRESENTATION_CONTEXT() REPRESENTATION_CONTEXT('2D SPACE',''
  ) );
#7764 = PCURVE('',#2002,#7765);
#7765 = DEFINITIONAL_REPRESENTATION('',(#7766),#7770);
#7766 = LINE('',#7767,#7768);
#7767 = CARTESIAN_POINT('',(0.470620071896,0.));
#7768 = VECTOR('',#7769,1.);
#7769 = DIRECTION('',(0.,-1.));
#7770 = ( GEOMETRIC_REPRESENTATION_CONTEXT(2) 
PARAMETRIC_REPRESENTATION_CONTEXT() REPRESENTATION_CONTEXT('2D SPACE',''
  ) );
#7771 = ORIENTED_EDGE('',*,*,#4691,.T.);
#7772 = ORIENTED_EDGE('',*,*,#7697,.F.);
#7773 = ORIENTED_EDGE('',*,*,#2014,.F.);
#7774 = ADVANCED_FACE('',(#7775),#1626,.F.);
#7775 = FACE_BOUND('',#7776,.F.);
#7776 = EDGE_LOOP('',(#7777,#7778,#7779,#7800));
#7777 = ORIENTED_EDGE('',*,*,#7726,.T.);
#7778 = ORIENTED_EDGE('',*,*,#4367,.T.);
#7779 = ORIENTED_EDGE('',*,*,#7780,.F.);
#7780 = EDGE_CURVE('',#1599,#4368,#7781,.T.);
#7781 = SURFACE_CURVE('',#7782,(#7786,#7793),.PCURVE_S1.);
#7782 = LINE('',#7783,#7784);
#7783 = CARTESIAN_POINT('',(-34.,-4.913235493666,2.765667543274));
#7784 = VECTOR('',#7785,1.);
#7785 = DIRECTION('',(1.,0.,0.));
#7786 = PCURVE('',#1626,#7787);
#7787 = DEFINITIONAL_REPRESENTATION('',(#7788),#7792);
#7788 = LINE('',#7789,#7790);
#7789 = CARTESIAN_POINT('',(1.28086153844,0.));
#7790 = VECTOR('',#7791,1.);
#7791 = DIRECTION('',(0.,-1.));
#7792 = ( GEOMETRIC_REPRESENTATION_CONTEXT(2) 
PARAMETRIC_REPRESENTATION_CONTEXT() REPRESENTATION_CONTEXT('2D SPACE',''
  ) );
#7793 = PCURVE('',#1662,#7794);
#7794 = DEFINITIONAL_REPRESENTATION('',(#7795),#7799);
#7795 = LINE('',#7796,#7797);
#7796 = CARTESIAN_POINT('',(0.,0.));
#7797 = VECTOR('',#7798,1.);
#7798 = DIRECTION('',(0.,-1.));
#7799 = ( GEOMETRIC_REPRESENTATION_CONTEXT(2) 
PARAMETRIC_REPRESENTATION_CONTEXT() REPRESENTATION_CONTEXT('2D SPACE',''
  ) );
#7800 = ORIENTED_EDGE('',*,*,#1598,.F.);
#7801 = ADVANCED_FACE('',(#7802),#2002,.F.);
#7802 = FACE_BOUND('',#7803,.F.);
#7803 = EDGE_LOOP('',(#7804,#7825,#7826,#7827));
#7804 = ORIENTED_EDGE('',*,*,#7805,.T.);
#7805 = EDGE_CURVE('',#1939,#4634,#7806,.T.);
#7806 = SURFACE_CURVE('',#7807,(#7811,#7818),.PCURVE_S1.);
#7807 = LINE('',#7808,#7809);
#7808 = CARTESIAN_POINT('',(-34.,-6.696343785698,-1.18278480872));
#7809 = VECTOR('',#7810,1.);
#7810 = DIRECTION('',(1.,0.,0.));
#7811 = PCURVE('',#2002,#7812);
#7812 = DEFINITIONAL_REPRESENTATION('',(#7813),#7817);
#7813 = LINE('',#7814,#7815);
#7814 = CARTESIAN_POINT('',(0.,0.));
#7815 = VECTOR('',#7816,1.);
#7816 = DIRECTION('',(0.,-1.));
#7817 = ( GEOMETRIC_REPRESENTATION_CONTEXT(2) 
PARAMETRIC_REPRESENTATION_CONTEXT() REPRESENTATION_CONTEXT('2D SPACE',''
  ) );
#7818 = PCURVE('',#1966,#7819);
#7819 = DEFINITIONAL_REPRESENTATION('',(#7820),#7824);
#7820 = LINE('',#7821,#7822);
#7821 = CARTESIAN_POINT('',(1.28086153844,0.));
#7822 = VECTOR('',#7823,1.);
#7823 = DIRECTION('',(0.,-1.));
#7824 = ( GEOMETRIC_REPRESENTATION_CONTEXT(2) 
PARAMETRIC_REPRESENTATION_CONTEXT() REPRESENTATION_CONTEXT('2D SPACE',''
  ) );
#7825 = ORIENTED_EDGE('',*,*,#4668,.T.);
#7826 = ORIENTED_EDGE('',*,*,#7751,.F.);
#7827 = ORIENTED_EDGE('',*,*,#1986,.F.);
#7828 = ADVANCED_FACE('',(#7829),#1662,.F.);
#7829 = FACE_BOUND('',#7830,.F.);
#7830 = EDGE_LOOP('',(#7831,#7832,#7833,#7854));
#7831 = ORIENTED_EDGE('',*,*,#7780,.T.);
#7832 = ORIENTED_EDGE('',*,*,#4402,.T.);
#7833 = ORIENTED_EDGE('',*,*,#7834,.F.);
#7834 = EDGE_CURVE('',#1647,#4403,#7835,.T.);
#7835 = SURFACE_CURVE('',#7836,(#7840,#7847),.PCURVE_S1.);
#7836 = LINE('',#7837,#7838);
#7837 = CARTESIAN_POINT('',(-34.,-4.357130002749,2.452634938009));
#7838 = VECTOR('',#7839,1.);
#7839 = DIRECTION('',(1.,0.,0.));
#7840 = PCURVE('',#1662,#7841);
#7841 = DEFINITIONAL_REPRESENTATION('',(#7842),#7846);
#7842 = LINE('',#7843,#7844);
#7843 = CARTESIAN_POINT('',(0.638155724715,0.));
#7844 = VECTOR('',#7845,1.);
#7845 = DIRECTION('',(0.,-1.));
#7846 = ( GEOMETRIC_REPRESENTATION_CONTEXT(2) 
PARAMETRIC_REPRESENTATION_CONTEXT() REPRESENTATION_CONTEXT('2D SPACE',''
  ) );
#7847 = PCURVE('',#1690,#7848);
#7848 = DEFINITIONAL_REPRESENTATION('',(#7849),#7853);
#7849 = LINE('',#7850,#7851);
#7850 = CARTESIAN_POINT('',(0.,0.));
#7851 = VECTOR('',#7852,1.);
#7852 = DIRECTION('',(0.,-1.));
#7853 = ( GEOMETRIC_REPRESENTATION_CONTEXT(2) 
PARAMETRIC_REPRESENTATION_CONTEXT() REPRESENTATION_CONTEXT('2D SPACE',''
  ) );
#7854 = ORIENTED_EDGE('',*,*,#1646,.F.);
#7855 = ADVANCED_FACE('',(#7856),#1966,.F.);
#7856 = FACE_BOUND('',#7857,.F.);
#7857 = EDGE_LOOP('',(#7858,#7879,#7880,#7881));
#7858 = ORIENTED_EDGE('',*,*,#7859,.T.);
#7859 = EDGE_CURVE('',#1911,#4611,#7860,.T.);
#7860 = SURFACE_CURVE('',#7861,(#7865,#7872),.PCURVE_S1.);
#7861 = LINE('',#7862,#7863);
#7862 = CARTESIAN_POINT('',(-34.,-5.613362299982,-0.528170110173));
#7863 = VECTOR('',#7864,1.);
#7864 = DIRECTION('',(1.,0.,0.));
#7865 = PCURVE('',#1966,#7866);
#7866 = DEFINITIONAL_REPRESENTATION('',(#7867),#7871);
#7867 = LINE('',#7868,#7869);
#7868 = CARTESIAN_POINT('',(0.,0.));
#7869 = VECTOR('',#7870,1.);
#7870 = DIRECTION('',(0.,-1.));
#7871 = ( GEOMETRIC_REPRESENTATION_CONTEXT(2) 
PARAMETRIC_REPRESENTATION_CONTEXT() REPRESENTATION_CONTEXT('2D SPACE',''
  ) );
#7872 = PCURVE('',#1926,#7873);
#7873 = DEFINITIONAL_REPRESENTATION('',(#7874),#7878);
#7874 = LINE('',#7875,#7876);
#7875 = CARTESIAN_POINT('',(0.638155724715,0.));
#7876 = VECTOR('',#7877,1.);
#7877 = DIRECTION('',(0.,-1.));
#7878 = ( GEOMETRIC_REPRESENTATION_CONTEXT(2) 
PARAMETRIC_REPRESENTATION_CONTEXT() REPRESENTATION_CONTEXT('2D SPACE',''
  ) );
#7879 = ORIENTED_EDGE('',*,*,#4633,.T.);
#7880 = ORIENTED_EDGE('',*,*,#7805,.F.);
#7881 = ORIENTED_EDGE('',*,*,#1938,.F.);
#7882 = ADVANCED_FACE('',(#7883),#1690,.F.);
#7883 = FACE_BOUND('',#7884,.F.);
#7884 = EDGE_LOOP('',(#7885,#7886,#7887,#7908));
#7885 = ORIENTED_EDGE('',*,*,#7834,.T.);
#7886 = ORIENTED_EDGE('',*,*,#4425,.T.);
#7887 = ORIENTED_EDGE('',*,*,#7888,.F.);
#7888 = EDGE_CURVE('',#1675,#4426,#7889,.T.);
#7889 = SURFACE_CURVE('',#7890,(#7894,#7901),.PCURVE_S1.);
#7890 = LINE('',#7891,#7892);
#7891 = CARTESIAN_POINT('',(-34.,-4.73815200369,1.596845512229));
#7892 = VECTOR('',#7893,1.);
#7893 = DIRECTION('',(1.,0.,0.));
#7894 = PCURVE('',#1690,#7895);
#7895 = DEFINITIONAL_REPRESENTATION('',(#7896),#7900);
#7896 = LINE('',#7897,#7898);
#7897 = CARTESIAN_POINT('',(0.936778152221,0.));
#7898 = VECTOR('',#7899,1.);
#7899 = DIRECTION('',(0.,-1.));
#7900 = ( GEOMETRIC_REPRESENTATION_CONTEXT(2) 
PARAMETRIC_REPRESENTATION_CONTEXT() REPRESENTATION_CONTEXT('2D SPACE',''
  ) );
#7901 = PCURVE('',#1718,#7902);
#7902 = DEFINITIONAL_REPRESENTATION('',(#7903),#7907);
#7903 = LINE('',#7904,#7905);
#7904 = CARTESIAN_POINT('',(0.,0.));
#7905 = VECTOR('',#7906,1.);
#7906 = DIRECTION('',(0.,-1.));
#7907 = ( GEOMETRIC_REPRESENTATION_CONTEXT(2) 
PARAMETRIC_REPRESENTATION_CONTEXT() REPRESENTATION_CONTEXT('2D SPACE',''
  ) );
#7908 = ORIENTED_EDGE('',*,*,#1674,.F.);
#7909 = ADVANCED_FACE('',(#7910),#1926,.F.);
#7910 = FACE_BOUND('',#7911,.F.);
#7911 = EDGE_LOOP('',(#7912,#7933,#7934,#7935));
#7912 = ORIENTED_EDGE('',*,*,#7913,.T.);
#7913 = EDGE_CURVE('',#1883,#4588,#7914,.T.);
#7914 = SURFACE_CURVE('',#7915,(#7919,#7926),.PCURVE_S1.);
#7915 = LINE('',#7916,#7917);
#7916 = CARTESIAN_POINT('',(-34.,-4.978012823746,-0.468389076111));
#7917 = VECTOR('',#7918,1.);
#7918 = DIRECTION('',(1.,0.,0.));
#7919 = PCURVE('',#1926,#7920);
#7920 = DEFINITIONAL_REPRESENTATION('',(#7921),#7925);
#7921 = LINE('',#7922,#7923);
#7922 = CARTESIAN_POINT('',(0.,0.));
#7923 = VECTOR('',#7924,1.);
#7924 = DIRECTION('',(0.,-1.));
#7925 = ( GEOMETRIC_REPRESENTATION_CONTEXT(2) 
PARAMETRIC_REPRESENTATION_CONTEXT() REPRESENTATION_CONTEXT('2D SPACE',''
  ) );
#7926 = PCURVE('',#1898,#7927);
#7927 = DEFINITIONAL_REPRESENTATION('',(#7928),#7932);
#7928 = LINE('',#7929,#7930);
#7929 = CARTESIAN_POINT('',(0.936778152221,0.));
#7930 = VECTOR('',#7931,1.);
#7931 = DIRECTION('',(0.,-1.));
#7932 = ( GEOMETRIC_REPRESENTATION_CONTEXT(2) 
PARAMETRIC_REPRESENTATION_CONTEXT() REPRESENTATION_CONTEXT('2D SPACE',''
  ) );
#7933 = ORIENTED_EDGE('',*,*,#4610,.T.);
#7934 = ORIENTED_EDGE('',*,*,#7859,.F.);
#7935 = ORIENTED_EDGE('',*,*,#1910,.F.);
#7936 = ADVANCED_FACE('',(#7937),#1718,.F.);
#7937 = FACE_BOUND('',#7938,.F.);
#7938 = EDGE_LOOP('',(#7939,#7940,#7941,#7962));
#7939 = ORIENTED_EDGE('',*,*,#7888,.T.);
#7940 = ORIENTED_EDGE('',*,*,#4448,.T.);
#7941 = ORIENTED_EDGE('',*,*,#7942,.F.);
#7942 = EDGE_CURVE('',#1703,#4449,#7943,.T.);
#7943 = SURFACE_CURVE('',#7944,(#7948,#7955),.PCURVE_S1.);
#7944 = LINE('',#7945,#7946);
#7945 = CARTESIAN_POINT('',(-34.,-5.342887768836,1.800652733252));
#7946 = VECTOR('',#7947,1.);
#7947 = DIRECTION('',(1.,0.,0.));
#7948 = PCURVE('',#1718,#7949);
#7949 = DEFINITIONAL_REPRESENTATION('',(#7950),#7954);
#7950 = LINE('',#7951,#7952);
#7951 = CARTESIAN_POINT('',(0.638155724715,0.));
#7952 = VECTOR('',#7953,1.);
#7953 = DIRECTION('',(0.,-1.));
#7954 = ( GEOMETRIC_REPRESENTATION_CONTEXT(2) 
PARAMETRIC_REPRESENTATION_CONTEXT() REPRESENTATION_CONTEXT('2D SPACE',''
  ) );
#7955 = PCURVE('',#1758,#7956);
#7956 = DEFINITIONAL_REPRESENTATION('',(#7957),#7961);
#7957 = LINE('',#7958,#7959);
#7958 = CARTESIAN_POINT('',(0.,0.));
#7959 = VECTOR('',#7960,1.);
#7960 = DIRECTION('',(0.,-1.));
#7961 = ( GEOMETRIC_REPRESENTATION_CONTEXT(2) 
PARAMETRIC_REPRESENTATION_CONTEXT() REPRESENTATION_CONTEXT('2D SPACE',''
  ) );
#7962 = ORIENTED_EDGE('',*,*,#1702,.F.);
#7963 = ADVANCED_FACE('',(#7964),#1898,.F.);
#7964 = FACE_BOUND('',#7965,.F.);
#7965 = EDGE_LOOP('',(#7966,#7987,#7988,#7989));
#7966 = ORIENTED_EDGE('',*,*,#7967,.T.);
#7967 = EDGE_CURVE('',#1855,#4565,#7968,.T.);
#7968 = SURFACE_CURVE('',#7969,(#7973,#7980),.PCURVE_S1.);
#7969 = LINE('',#7970,#7971);
#7970 = CARTESIAN_POINT('',(-34.,-4.978012823746,0.468389076111));
#7971 = VECTOR('',#7972,1.);
#7972 = DIRECTION('',(1.,0.,0.));
#7973 = PCURVE('',#1898,#7974);
#7974 = DEFINITIONAL_REPRESENTATION('',(#7975),#7979);
#7975 = LINE('',#7976,#7977);
#7976 = CARTESIAN_POINT('',(0.,0.));
#7977 = VECTOR('',#7978,1.);
#7978 = DIRECTION('',(0.,-1.));
#7979 = ( GEOMETRIC_REPRESENTATION_CONTEXT(2) 
PARAMETRIC_REPRESENTATION_CONTEXT() REPRESENTATION_CONTEXT('2D SPACE',''
  ) );
#7980 = PCURVE('',#1870,#7981);
#7981 = DEFINITIONAL_REPRESENTATION('',(#7982),#7986);
#7982 = LINE('',#7983,#7984);
#7983 = CARTESIAN_POINT('',(0.638155724715,0.));
#7984 = VECTOR('',#7985,1.);
#7985 = DIRECTION('',(0.,-1.));
#7986 = ( GEOMETRIC_REPRESENTATION_CONTEXT(2) 
PARAMETRIC_REPRESENTATION_CONTEXT() REPRESENTATION_CONTEXT('2D SPACE',''
  ) );
#7987 = ORIENTED_EDGE('',*,*,#4587,.T.);
#7988 = ORIENTED_EDGE('',*,*,#7913,.F.);
#7989 = ORIENTED_EDGE('',*,*,#1882,.F.);
#7990 = ADVANCED_FACE('',(#7991),#1758,.F.);
#7991 = FACE_BOUND('',#7992,.F.);
#7992 = EDGE_LOOP('',(#7993,#7994,#7995,#8016));
#7993 = ORIENTED_EDGE('',*,*,#7942,.T.);
#7994 = ORIENTED_EDGE('',*,*,#4471,.T.);
#7995 = ORIENTED_EDGE('',*,*,#7996,.F.);
#7996 = EDGE_CURVE('',#1731,#4472,#7997,.T.);
#7997 = SURFACE_CURVE('',#7998,(#8002,#8009),.PCURVE_S1.);
#7998 = LINE('',#7999,#8000);
#7999 = CARTESIAN_POINT('',(-34.,-6.598496370818,1.643120702902));
#8000 = VECTOR('',#8001,1.);
#8001 = DIRECTION('',(1.,0.,0.));
#8002 = PCURVE('',#1758,#8003);
#8003 = DEFINITIONAL_REPRESENTATION('',(#8004),#8008);
#8004 = LINE('',#8005,#8006);
#8005 = CARTESIAN_POINT('',(1.28086153844,0.));
#8006 = VECTOR('',#8007,1.);
#8007 = DIRECTION('',(0.,-1.));
#8008 = ( GEOMETRIC_REPRESENTATION_CONTEXT(2) 
PARAMETRIC_REPRESENTATION_CONTEXT() REPRESENTATION_CONTEXT('2D SPACE',''
  ) );
#8009 = PCURVE('',#1794,#8010);
#8010 = DEFINITIONAL_REPRESENTATION('',(#8011),#8015);
#8011 = LINE('',#8012,#8013);
#8012 = CARTESIAN_POINT('',(0.,0.));
#8013 = VECTOR('',#8014,1.);
#8014 = DIRECTION('',(0.,-1.));
#8015 = ( GEOMETRIC_REPRESENTATION_CONTEXT(2) 
PARAMETRIC_REPRESENTATION_CONTEXT() REPRESENTATION_CONTEXT('2D SPACE',''
  ) );
#8016 = ORIENTED_EDGE('',*,*,#1730,.F.);
#8017 = ADVANCED_FACE('',(#8018),#1870,.F.);
#8018 = FACE_BOUND('',#8019,.F.);
#8019 = EDGE_LOOP('',(#8020,#8041,#8042,#8043));
#8020 = ORIENTED_EDGE('',*,*,#8021,.T.);
#8021 = EDGE_CURVE('',#1807,#4530,#8022,.T.);
#8022 = SURFACE_CURVE('',#8023,(#8027,#8034),.PCURVE_S1.);
#8023 = LINE('',#8024,#8025);
#8024 = CARTESIAN_POINT('',(-34.,-5.613362299982,0.528170110173));
#8025 = VECTOR('',#8026,1.);
#8026 = DIRECTION('',(1.,0.,0.));
#8027 = PCURVE('',#1870,#8028);
#8028 = DEFINITIONAL_REPRESENTATION('',(#8029),#8033);
#8029 = LINE('',#8030,#8031);
#8030 = CARTESIAN_POINT('',(0.,0.));
#8031 = VECTOR('',#8032,1.);
#8032 = DIRECTION('',(0.,-1.));
#8033 = ( GEOMETRIC_REPRESENTATION_CONTEXT(2) 
PARAMETRIC_REPRESENTATION_CONTEXT() REPRESENTATION_CONTEXT('2D SPACE',''
  ) );
#8034 = PCURVE('',#1834,#8035);
#8035 = DEFINITIONAL_REPRESENTATION('',(#8036),#8040);
#8036 = LINE('',#8037,#8038);
#8037 = CARTESIAN_POINT('',(1.28086153844,0.));
#8038 = VECTOR('',#8039,1.);
#8039 = DIRECTION('',(0.,-1.));
#8040 = ( GEOMETRIC_REPRESENTATION_CONTEXT(2) 
PARAMETRIC_REPRESENTATION_CONTEXT() REPRESENTATION_CONTEXT('2D SPACE',''
  ) );
#8041 = ORIENTED_EDGE('',*,*,#4564,.T.);
#8042 = ORIENTED_EDGE('',*,*,#7967,.F.);
#8043 = ORIENTED_EDGE('',*,*,#1854,.F.);
#8044 = ADVANCED_FACE('',(#8045),#1794,.F.);
#8045 = FACE_BOUND('',#8046,.F.);
#8046 = EDGE_LOOP('',(#8047,#8048,#8049,#8070));
#8047 = ORIENTED_EDGE('',*,*,#7996,.T.);
#8048 = ORIENTED_EDGE('',*,*,#4506,.T.);
#8049 = ORIENTED_EDGE('',*,*,#8050,.F.);
#8050 = EDGE_CURVE('',#1779,#4507,#8051,.T.);
#8051 = SURFACE_CURVE('',#8052,(#8056,#8063),.PCURVE_S1.);
#8052 = LINE('',#8053,#8054);
#8053 = CARTESIAN_POINT('',(-34.,-6.696343785698,1.18278480872));
#8054 = VECTOR('',#8055,1.);
#8055 = DIRECTION('',(1.,0.,0.));
#8056 = PCURVE('',#1794,#8057);
#8057 = DEFINITIONAL_REPRESENTATION('',(#8058),#8062);
#8058 = LINE('',#8059,#8060);
#8059 = CARTESIAN_POINT('',(0.470620071896,0.));
#8060 = VECTOR('',#8061,1.);
#8061 = DIRECTION('',(0.,-1.));
#8062 = ( GEOMETRIC_REPRESENTATION_CONTEXT(2) 
PARAMETRIC_REPRESENTATION_CONTEXT() REPRESENTATION_CONTEXT('2D SPACE',''
  ) );
#8063 = PCURVE('',#1834,#8064);
#8064 = DEFINITIONAL_REPRESENTATION('',(#8065),#8069);
#8065 = LINE('',#8066,#8067);
#8066 = CARTESIAN_POINT('',(0.,0.));
#8067 = VECTOR('',#8068,1.);
#8068 = DIRECTION('',(0.,-1.));
#8069 = ( GEOMETRIC_REPRESENTATION_CONTEXT(2) 
PARAMETRIC_REPRESENTATION_CONTEXT() REPRESENTATION_CONTEXT('2D SPACE',''
  ) );
#8070 = ORIENTED_EDGE('',*,*,#1778,.F.);
#8071 = ADVANCED_FACE('',(#8072),#1834,.F.);
#8072 = FACE_BOUND('',#8073,.F.);
#8073 = EDGE_LOOP('',(#8074,#8075,#8076,#8077));
#8074 = ORIENTED_EDGE('',*,*,#8050,.T.);
#8075 = ORIENTED_EDGE('',*,*,#4529,.T.);
#8076 = ORIENTED_EDGE('',*,*,#8021,.F.);
#8077 = ORIENTED_EDGE('',*,*,#1806,.F.);
#8078 = ADVANCED_FACE('',(#8079),#3355,.F.);
#8079 = FACE_BOUND('',#8080,.T.);
#8080 = EDGE_LOOP('',(#8081,#8082,#8103,#8104));
#8081 = ORIENTED_EDGE('',*,*,#3334,.T.);
#8082 = ORIENTED_EDGE('',*,*,#8083,.T.);
#8083 = EDGE_CURVE('',#3335,#5723,#8084,.T.);
#8084 = SEAM_CURVE('',#8085,(#8089,#8096),.PCURVE_S1.);
#8085 = LINE('',#8086,#8087);
#8086 = CARTESIAN_POINT('',(-36.,2.5,0.));
#8087 = VECTOR('',#8088,1.);
#8088 = DIRECTION('',(1.,0.,0.));
#8089 = PCURVE('',#3355,#8090);
#8090 = DEFINITIONAL_REPRESENTATION('',(#8091),#8095);
#8091 = LINE('',#8092,#8093);
#8092 = CARTESIAN_POINT('',(-6.28318530718,0.));
#8093 = VECTOR('',#8094,1.);
#8094 = DIRECTION('',(-0.,-1.));
#8095 = ( GEOMETRIC_REPRESENTATION_CONTEXT(2) 
PARAMETRIC_REPRESENTATION_CONTEXT() REPRESENTATION_CONTEXT('2D SPACE',''
  ) );
#8096 = PCURVE('',#3355,#8097);
#8097 = DEFINITIONAL_REPRESENTATION('',(#8098),#8102);
#8098 = LINE('',#8099,#8100);
#8099 = CARTESIAN_POINT('',(-0.,0.));
#8100 = VECTOR('',#8101,1.);
#8101 = DIRECTION('',(-0.,-1.));
#8102 = ( GEOMETRIC_REPRESENTATION_CONTEXT(2) 
PARAMETRIC_REPRESENTATION_CONTEXT() REPRESENTATION_CONTEXT('2D SPACE',''
  ) );
#8103 = ORIENTED_EDGE('',*,*,#5722,.F.);
#8104 = ORIENTED_EDGE('',*,*,#8083,.F.);
#8105 = ( GEOMETRIC_REPRESENTATION_CONTEXT(3) 
GLOBAL_UNCERTAINTY_ASSIGNED_CONTEXT((#8109)) 
GLOBAL_UNIT_ASSIGNED_CONTEXT((#8106,#8107,#8108)) REPRESENTATION_CONTEXT
('Context #1','3D Context with UNIT and UNCERTAINTY') );
#8106 = ( LENGTH_UNIT() NAMED_UNIT(*) SI_UNIT(.MILLI.,.METRE.) );
#8107 = ( NAMED_UNIT(*) PLANE_ANGLE_UNIT() SI_UNIT($,.RADIAN.) );
#8108 = ( NAMED_UNIT(*) SI_UNIT($,.STERADIAN.) SOLID_ANGLE_UNIT() );
#8109 = UNCERTAINTY_MEASURE_WITH_UNIT(LENGTH_MEASURE(1.E-07),#8106,
  'distance_accuracy_value','confusion accuracy');
#8110 = PRODUCT_RELATED_PRODUCT_CATEGORY('part',$,(#7));
ENDSEC;
END-ISO-10303-21;
